<?xml version="1.0" encoding="UTF-8" standalone="no" ?>
<gpx xmlns="http://www.topografix.com/GPX/1/1"
		xmlns:gpxx="http://www.garmin.com/xmlschemas/GpxExtensions/v3"
		xmlns:gpxtpx="http://www.garmin.com/xmlschemas/TrackPointExtension/v1"
		xmlns:xsi="http://www.w3.org/2001/XMLSchema-instance"
		xsi:schemaLocation="http://www.topografix.com/GPX/1/1 http://www.topografix.com/GPX/1/1/gpx.xsd http://www.garmin.com/xmlschemas/GpxExtensions/v3 http://www.garmin.com/xmlschemas/GpxExtensionsv3.xsd http://www.garmin.com/xmlschemas/TrackPointExtension/v1 http://www.garmin.com/xmlschemas/TrackPointExtensionv1.xsd"
		creator="Gravelmap.com"
		version="1.1">

	<metadata>
		<name><![CDATA[Gravel Route: Kasselsteig]]></name>
		<desc><![CDATA[Gravel around Kassel]]></desc>
		<link href="http://www.gravelmap.com/route/152517">
			<text><![CDATA[Gravel Route: Kasselsteig]]></text>
		</link>
		<time>2026-04-13T08:28:26-04:00</time>
	</metadata>

	<trk>
		<name><![CDATA[Gravel Route: Kasselsteig]]></name>
		<desc><![CDATA[Gravel around Kassel]]></desc>
		<link href="http://www.gravelmap.com/route/152517">
			<text><![CDATA[Gravel Route: Kasselsteig]]></text>
		</link>
		<trkseg>
			<trkpt lat="51.3289" lon="9.47194">
				<ele>169.66</ele>
			</trkpt>
			<trkpt lat="51.32868" lon="9.47183">
				<ele>169.66</ele>
			</trkpt>
			<trkpt lat="51.32876" lon="9.47136">
				<ele>169.66</ele>
			</trkpt>
			<trkpt lat="51.32856" lon="9.47119">
				<ele>169.66</ele>
			</trkpt>
			<trkpt lat="51.32745" lon="9.47038">
				<ele>169.66</ele>
			</trkpt>
			<trkpt lat="51.32703" lon="9.47004">
				<ele>169.66</ele>
			</trkpt>
			<trkpt lat="51.32574" lon="9.4724">
				<ele>169.66</ele>
			</trkpt>
			<trkpt lat="51.32565" lon="9.47245">
				<ele>169.66</ele>
			</trkpt>
			<trkpt lat="51.32574" lon="9.47329">
				<ele>169.66</ele>
			</trkpt>
			<trkpt lat="51.32476" lon="9.47324">
				<ele>169.66</ele>
			</trkpt>
			<trkpt lat="51.32464" lon="9.47611">
				<ele>169.66</ele>
			</trkpt>
			<trkpt lat="51.32389" lon="9.476">
				<ele>174.46</ele>
			</trkpt>
			<trkpt lat="51.32258" lon="9.4757">
				<ele>174.46</ele>
			</trkpt>
			<trkpt lat="51.32221" lon="9.47566">
				<ele>174.46</ele>
			</trkpt>
			<trkpt lat="51.32186" lon="9.47584">
				<ele>174.46</ele>
			</trkpt>
			<trkpt lat="51.32169" lon="9.47573">
				<ele>174.46</ele>
			</trkpt>
			<trkpt lat="51.32164" lon="9.47559">
				<ele>174.46</ele>
			</trkpt>
			<trkpt lat="51.32151" lon="9.47511">
				<ele>174.46</ele>
			</trkpt>
			<trkpt lat="51.32141" lon="9.4746">
				<ele>174.46</ele>
			</trkpt>
			<trkpt lat="51.32127" lon="9.47344">
				<ele>174.46</ele>
			</trkpt>
			<trkpt lat="51.32119" lon="9.47084">
				<ele>174.46</ele>
			</trkpt>
			<trkpt lat="51.32116" lon="9.47059">
				<ele>181.75</ele>
			</trkpt>
			<trkpt lat="51.32109" lon="9.47048">
				<ele>181.75</ele>
			</trkpt>
			<trkpt lat="51.32099" lon="9.4704">
				<ele>181.75</ele>
			</trkpt>
			<trkpt lat="51.32024" lon="9.47039">
				<ele>181.75</ele>
			</trkpt>
			<trkpt lat="51.32016" lon="9.47031">
				<ele>181.75</ele>
			</trkpt>
			<trkpt lat="51.32021" lon="9.46983">
				<ele>181.75</ele>
			</trkpt>
			<trkpt lat="51.32024" lon="9.46917">
				<ele>181.75</ele>
			</trkpt>
			<trkpt lat="51.32027" lon="9.46647">
				<ele>181.75</ele>
			</trkpt>
			<trkpt lat="51.32032" lon="9.4654">
				<ele>181.75</ele>
			</trkpt>
			<trkpt lat="51.32031" lon="9.46388">
				<ele>181.75</ele>
			</trkpt>
			<trkpt lat="51.32035" lon="9.4626">
				<ele>181.75</ele>
			</trkpt>
			<trkpt lat="51.32031" lon="9.46143">
				<ele>193.36</ele>
			</trkpt>
			<trkpt lat="51.32039" lon="9.45895">
				<ele>193.36</ele>
			</trkpt>
			<trkpt lat="51.3203" lon="9.45872">
				<ele>193.36</ele>
			</trkpt>
			<trkpt lat="51.32008" lon="9.45689">
				<ele>193.36</ele>
			</trkpt>
			<trkpt lat="51.31991" lon="9.45437">
				<ele>193.36</ele>
			</trkpt>
			<trkpt lat="51.31991" lon="9.45414">
				<ele>193.36</ele>
			</trkpt>
			<trkpt lat="51.31989" lon="9.45393">
				<ele>193.36</ele>
			</trkpt>
			<trkpt lat="51.31972" lon="9.45384">
				<ele>193.36</ele>
			</trkpt>
			<trkpt lat="51.31956" lon="9.45347">
				<ele>193.36</ele>
			</trkpt>
			<trkpt lat="51.31901" lon="9.45195">
				<ele>193.36</ele>
			</trkpt>
			<trkpt lat="51.31889" lon="9.45167">
				<ele>193.65</ele>
			</trkpt>
			<trkpt lat="51.31865" lon="9.45119">
				<ele>193.65</ele>
			</trkpt>
			<trkpt lat="51.31817" lon="9.45049">
				<ele>193.65</ele>
			</trkpt>
			<trkpt lat="51.31842" lon="9.44951">
				<ele>193.65</ele>
			</trkpt>
			<trkpt lat="51.31864" lon="9.44853">
				<ele>193.65</ele>
			</trkpt>
			<trkpt lat="51.31871" lon="9.4481">
				<ele>193.65</ele>
			</trkpt>
			<trkpt lat="51.31855" lon="9.44786">
				<ele>193.65</ele>
			</trkpt>
			<trkpt lat="51.31825" lon="9.4475">
				<ele>193.65</ele>
			</trkpt>
			<trkpt lat="51.31766" lon="9.44694">
				<ele>193.65</ele>
			</trkpt>
			<trkpt lat="51.31765" lon="9.44674">
				<ele>193.65</ele>
			</trkpt>
			<trkpt lat="51.3177" lon="9.44655">
				<ele>193.65</ele>
			</trkpt>
			<trkpt lat="51.31784" lon="9.44574">
				<ele>193.11</ele>
			</trkpt>
			<trkpt lat="51.31792" lon="9.44546">
				<ele>193.11</ele>
			</trkpt>
			<trkpt lat="51.3183" lon="9.44437">
				<ele>193.11</ele>
			</trkpt>
			<trkpt lat="51.31833" lon="9.44415">
				<ele>193.11</ele>
			</trkpt>
			<trkpt lat="51.31835" lon="9.44365">
				<ele>193.11</ele>
			</trkpt>
			<trkpt lat="51.31823" lon="9.44327">
				<ele>193.11</ele>
			</trkpt>
			<trkpt lat="51.31809" lon="9.44303">
				<ele>193.11</ele>
			</trkpt>
			<trkpt lat="51.31827" lon="9.44275">
				<ele>193.11</ele>
			</trkpt>
			<trkpt lat="51.31837" lon="9.44251">
				<ele>193.11</ele>
			</trkpt>
			<trkpt lat="51.31864" lon="9.44129">
				<ele>193.11</ele>
			</trkpt>
			<trkpt lat="51.31881" lon="9.44061">
				<ele>209.34</ele>
			</trkpt>
			<trkpt lat="51.31889" lon="9.44017">
				<ele>209.34</ele>
			</trkpt>
			<trkpt lat="51.3189" lon="9.43998">
				<ele>209.34</ele>
			</trkpt>
			<trkpt lat="51.31889" lon="9.43892">
				<ele>209.34</ele>
			</trkpt>
			<trkpt lat="51.31882" lon="9.43815">
				<ele>209.34</ele>
			</trkpt>
			<trkpt lat="51.3188" lon="9.43744">
				<ele>209.34</ele>
			</trkpt>
			<trkpt lat="51.31878" lon="9.43729">
				<ele>209.34</ele>
			</trkpt>
			<trkpt lat="51.31888" lon="9.43642">
				<ele>209.34</ele>
			</trkpt>
			<trkpt lat="51.31886" lon="9.43628">
				<ele>209.34</ele>
			</trkpt>
			<trkpt lat="51.31892" lon="9.43617">
				<ele>209.34</ele>
			</trkpt>
			<trkpt lat="51.31917" lon="9.43589">
				<ele>209.34</ele>
			</trkpt>
			<trkpt lat="51.31958" lon="9.43551">
				<ele>220.22</ele>
			</trkpt>
			<trkpt lat="51.31975" lon="9.43527">
				<ele>220.22</ele>
			</trkpt>
			<trkpt lat="51.31984" lon="9.43518">
				<ele>220.22</ele>
			</trkpt>
			<trkpt lat="51.31997" lon="9.43498">
				<ele>220.22</ele>
			</trkpt>
			<trkpt lat="51.32007" lon="9.43491">
				<ele>220.22</ele>
			</trkpt>
			<trkpt lat="51.32017" lon="9.43492">
				<ele>220.22</ele>
			</trkpt>
			<trkpt lat="51.32013" lon="9.43354">
				<ele>220.22</ele>
			</trkpt>
			<trkpt lat="51.32015" lon="9.43271">
				<ele>220.22</ele>
			</trkpt>
			<trkpt lat="51.32026" lon="9.43032">
				<ele>220.22</ele>
			</trkpt>
			<trkpt lat="51.32026" lon="9.42975">
				<ele>220.22</ele>
			</trkpt>
			<trkpt lat="51.3202" lon="9.42902">
				<ele>233.94</ele>
			</trkpt>
			<trkpt lat="51.32007" lon="9.42825">
				<ele>233.94</ele>
			</trkpt>
			<trkpt lat="51.32007" lon="9.42807">
				<ele>233.94</ele>
			</trkpt>
			<trkpt lat="51.32024" lon="9.42726">
				<ele>233.94</ele>
			</trkpt>
			<trkpt lat="51.32031" lon="9.42708">
				<ele>233.94</ele>
			</trkpt>
			<trkpt lat="51.32001" lon="9.42692">
				<ele>233.94</ele>
			</trkpt>
			<trkpt lat="51.31985" lon="9.42679">
				<ele>233.94</ele>
			</trkpt>
			<trkpt lat="51.31973" lon="9.42662">
				<ele>233.94</ele>
			</trkpt>
			<trkpt lat="51.31945" lon="9.42603">
				<ele>233.94</ele>
			</trkpt>
			<trkpt lat="51.31927" lon="9.42572">
				<ele>233.94</ele>
			</trkpt>
			<trkpt lat="51.31908" lon="9.42548">
				<ele>233.94</ele>
			</trkpt>
			<trkpt lat="51.31707" lon="9.42677">
				<ele>252.33</ele>
			</trkpt>
			<trkpt lat="51.31704" lon="9.42573">
				<ele>252.33</ele>
			</trkpt>
			<trkpt lat="51.31695" lon="9.42544">
				<ele>252.33</ele>
			</trkpt>
			<trkpt lat="51.31663" lon="9.42477">
				<ele>252.33</ele>
			</trkpt>
			<trkpt lat="51.31654" lon="9.42453">
				<ele>252.33</ele>
			</trkpt>
			<trkpt lat="51.3165" lon="9.42404">
				<ele>252.33</ele>
			</trkpt>
			<trkpt lat="51.31653" lon="9.42341">
				<ele>252.33</ele>
			</trkpt>
			<trkpt lat="51.31649" lon="9.42321">
				<ele>252.33</ele>
			</trkpt>
			<trkpt lat="51.31666" lon="9.42321">
				<ele>252.33</ele>
			</trkpt>
			<trkpt lat="51.31659" lon="9.42289">
				<ele>252.33</ele>
			</trkpt>
			<trkpt lat="51.31658" lon="9.42252">
				<ele>300.64</ele>
			</trkpt>
			<trkpt lat="51.31626" lon="9.42282">
				<ele>300.64</ele>
			</trkpt>
			<trkpt lat="51.31599" lon="9.42301">
				<ele>300.64</ele>
			</trkpt>
			<trkpt lat="51.3158" lon="9.42307">
				<ele>300.64</ele>
			</trkpt>
			<trkpt lat="51.31572" lon="9.42313">
				<ele>300.64</ele>
			</trkpt>
			<trkpt lat="51.31547" lon="9.42316">
				<ele>300.64</ele>
			</trkpt>
			<trkpt lat="51.31512" lon="9.42333">
				<ele>300.64</ele>
			</trkpt>
			<trkpt lat="51.3149" lon="9.42353">
				<ele>300.64</ele>
			</trkpt>
			<trkpt lat="51.31476" lon="9.42374">
				<ele>300.64</ele>
			</trkpt>
			<trkpt lat="51.31459" lon="9.42415">
				<ele>300.64</ele>
			</trkpt>
			<trkpt lat="51.31434" lon="9.42388">
				<ele>300.64</ele>
			</trkpt>
			<trkpt lat="51.31421" lon="9.42378">
				<ele>388.06</ele>
			</trkpt>
			<trkpt lat="51.31407" lon="9.42344">
				<ele>388.06</ele>
			</trkpt>
			<trkpt lat="51.31358" lon="9.42279">
				<ele>388.06</ele>
			</trkpt>
			<trkpt lat="51.31346" lon="9.4227">
				<ele>388.06</ele>
			</trkpt>
			<trkpt lat="51.31321" lon="9.42261">
				<ele>388.06</ele>
			</trkpt>
			<trkpt lat="51.31303" lon="9.42248">
				<ele>388.06</ele>
			</trkpt>
			<trkpt lat="51.31283" lon="9.42225">
				<ele>388.06</ele>
			</trkpt>
			<trkpt lat="51.31272" lon="9.42202">
				<ele>388.06</ele>
			</trkpt>
			<trkpt lat="51.31258" lon="9.42191">
				<ele>388.06</ele>
			</trkpt>
			<trkpt lat="51.31235" lon="9.42194">
				<ele>388.06</ele>
			</trkpt>
			<trkpt lat="51.31222" lon="9.42188">
				<ele>460.37</ele>
			</trkpt>
			<trkpt lat="51.31218" lon="9.42171">
				<ele>460.37</ele>
			</trkpt>
			<trkpt lat="51.3123" lon="9.42136">
				<ele>460.37</ele>
			</trkpt>
			<trkpt lat="51.3126" lon="9.42085">
				<ele>460.37</ele>
			</trkpt>
			<trkpt lat="51.31271" lon="9.42053">
				<ele>460.37</ele>
			</trkpt>
			<trkpt lat="51.31282" lon="9.41993">
				<ele>460.37</ele>
			</trkpt>
			<trkpt lat="51.31282" lon="9.41976">
				<ele>460.37</ele>
			</trkpt>
			<trkpt lat="51.31279" lon="9.41956">
				<ele>460.37</ele>
			</trkpt>
			<trkpt lat="51.31268" lon="9.41921">
				<ele>460.37</ele>
			</trkpt>
			<trkpt lat="51.31249" lon="9.41878">
				<ele>460.37</ele>
			</trkpt>
			<trkpt lat="51.3124" lon="9.41843">
				<ele>468.36</ele>
			</trkpt>
			<trkpt lat="51.31227" lon="9.41809">
				<ele>468.36</ele>
			</trkpt>
			<trkpt lat="51.31214" lon="9.41795">
				<ele>468.36</ele>
			</trkpt>
			<trkpt lat="51.31162" lon="9.41746">
				<ele>468.36</ele>
			</trkpt>
			<trkpt lat="51.31117" lon="9.41693">
				<ele>468.36</ele>
			</trkpt>
			<trkpt lat="51.31101" lon="9.41665">
				<ele>468.36</ele>
			</trkpt>
			<trkpt lat="51.31076" lon="9.41607">
				<ele>468.36</ele>
			</trkpt>
			<trkpt lat="51.31059" lon="9.41544">
				<ele>468.36</ele>
			</trkpt>
			<trkpt lat="51.31045" lon="9.41464">
				<ele>468.36</ele>
			</trkpt>
			<trkpt lat="51.31039" lon="9.41415">
				<ele>468.36</ele>
			</trkpt>
			<trkpt lat="51.31031" lon="9.41406">
				<ele>468.36</ele>
			</trkpt>
			<trkpt lat="51.3098" lon="9.41375">
				<ele>502.56</ele>
			</trkpt>
			<trkpt lat="51.30881" lon="9.41323">
				<ele>502.56</ele>
			</trkpt>
			<trkpt lat="51.30873" lon="9.41317">
				<ele>502.56</ele>
			</trkpt>
			<trkpt lat="51.3087" lon="9.41296">
				<ele>502.56</ele>
			</trkpt>
			<trkpt lat="51.30924" lon="9.41255">
				<ele>502.56</ele>
			</trkpt>
			<trkpt lat="51.30953" lon="9.41222">
				<ele>502.56</ele>
			</trkpt>
			<trkpt lat="51.30982" lon="9.4118">
				<ele>502.56</ele>
			</trkpt>
			<trkpt lat="51.31002" lon="9.41135">
				<ele>502.56</ele>
			</trkpt>
			<trkpt lat="51.31023" lon="9.4103">
				<ele>502.56</ele>
			</trkpt>
			<trkpt lat="51.31039" lon="9.4102">
				<ele>502.56</ele>
			</trkpt>
			<trkpt lat="51.31062" lon="9.41037">
				<ele>524.88</ele>
			</trkpt>
			<trkpt lat="51.31076" lon="9.41028">
				<ele>524.88</ele>
			</trkpt>
			<trkpt lat="51.31092" lon="9.40936">
				<ele>524.88</ele>
			</trkpt>
			<trkpt lat="51.31066" lon="9.40962">
				<ele>524.88</ele>
			</trkpt>
			<trkpt lat="51.31053" lon="9.40992">
				<ele>524.88</ele>
			</trkpt>
			<trkpt lat="51.31024" lon="9.4097">
				<ele>524.88</ele>
			</trkpt>
			<trkpt lat="51.30999" lon="9.40931">
				<ele>524.88</ele>
			</trkpt>
			<trkpt lat="51.30988" lon="9.40925">
				<ele>524.88</ele>
			</trkpt>
			<trkpt lat="51.30975" lon="9.40923">
				<ele>524.88</ele>
			</trkpt>
			<trkpt lat="51.30954" lon="9.40932">
				<ele>524.88</ele>
			</trkpt>
			<trkpt lat="51.30932" lon="9.40967">
				<ele>524.88</ele>
			</trkpt>
			<trkpt lat="51.30907" lon="9.40994">
				<ele>526.51</ele>
			</trkpt>
			<trkpt lat="51.3082" lon="9.41064">
				<ele>526.51</ele>
			</trkpt>
			<trkpt lat="51.30778" lon="9.41073">
				<ele>526.51</ele>
			</trkpt>
			<trkpt lat="51.30759" lon="9.41085">
				<ele>526.51</ele>
			</trkpt>
			<trkpt lat="51.30706" lon="9.41097">
				<ele>526.51</ele>
			</trkpt>
			<trkpt lat="51.30665" lon="9.41095">
				<ele>526.51</ele>
			</trkpt>
			<trkpt lat="51.30633" lon="9.41041">
				<ele>526.51</ele>
			</trkpt>
			<trkpt lat="51.30624" lon="9.41007">
				<ele>526.51</ele>
			</trkpt>
			<trkpt lat="51.30599" lon="9.4096">
				<ele>526.51</ele>
			</trkpt>
			<trkpt lat="51.30581" lon="9.40938">
				<ele>526.51</ele>
			</trkpt>
			<trkpt lat="51.30575" lon="9.40913">
				<ele>544.54</ele>
			</trkpt>
			<trkpt lat="51.30574" lon="9.40891">
				<ele>544.54</ele>
			</trkpt>
			<trkpt lat="51.30589" lon="9.40825">
				<ele>544.54</ele>
			</trkpt>
			<trkpt lat="51.30611" lon="9.4075">
				<ele>544.54</ele>
			</trkpt>
			<trkpt lat="51.30624" lon="9.40718">
				<ele>544.54</ele>
			</trkpt>
			<trkpt lat="51.30629" lon="9.40692">
				<ele>544.54</ele>
			</trkpt>
			<trkpt lat="51.30645" lon="9.40668">
				<ele>544.54</ele>
			</trkpt>
			<trkpt lat="51.30661" lon="9.40662">
				<ele>544.54</ele>
			</trkpt>
			<trkpt lat="51.30685" lon="9.40672">
				<ele>544.54</ele>
			</trkpt>
			<trkpt lat="51.307" lon="9.40674">
				<ele>544.54</ele>
			</trkpt>
			<trkpt lat="51.30768" lon="9.4066">
				<ele>544.54</ele>
			</trkpt>
			<trkpt lat="51.30776" lon="9.40653">
				<ele>521.32</ele>
			</trkpt>
			<trkpt lat="51.30784" lon="9.40638">
				<ele>521.32</ele>
			</trkpt>
			<trkpt lat="51.30801" lon="9.40581">
				<ele>521.32</ele>
			</trkpt>
			<trkpt lat="51.30802" lon="9.40565">
				<ele>521.32</ele>
			</trkpt>
			<trkpt lat="51.30795" lon="9.40529">
				<ele>521.32</ele>
			</trkpt>
			<trkpt lat="51.30785" lon="9.40508">
				<ele>521.32</ele>
			</trkpt>
			<trkpt lat="51.3079" lon="9.4045">
				<ele>521.32</ele>
			</trkpt>
			<trkpt lat="51.30789" lon="9.40424">
				<ele>521.32</ele>
			</trkpt>
			<trkpt lat="51.30829" lon="9.4036">
				<ele>521.32</ele>
			</trkpt>
			<trkpt lat="51.30849" lon="9.40346">
				<ele>521.32</ele>
			</trkpt>
			<trkpt lat="51.30877" lon="9.40336">
				<ele>484.47</ele>
			</trkpt>
			<trkpt lat="51.30903" lon="9.40306">
				<ele>484.47</ele>
			</trkpt>
			<trkpt lat="51.30932" lon="9.40287">
				<ele>484.47</ele>
			</trkpt>
			<trkpt lat="51.30974" lon="9.40237">
				<ele>484.47</ele>
			</trkpt>
			<trkpt lat="51.31052" lon="9.40087">
				<ele>484.47</ele>
			</trkpt>
			<trkpt lat="51.31064" lon="9.40048">
				<ele>484.47</ele>
			</trkpt>
			<trkpt lat="51.31079" lon="9.40016">
				<ele>484.47</ele>
			</trkpt>
			<trkpt lat="51.31077" lon="9.40001">
				<ele>484.47</ele>
			</trkpt>
			<trkpt lat="51.31106" lon="9.39965">
				<ele>484.47</ele>
			</trkpt>
			<trkpt lat="51.31123" lon="9.39937">
				<ele>484.47</ele>
			</trkpt>
			<trkpt lat="51.31259" lon="9.39825">
				<ele>484.47</ele>
			</trkpt>
			<trkpt lat="51.31352" lon="9.39718">
				<ele>470.94</ele>
			</trkpt>
			<trkpt lat="51.3154" lon="9.39547">
				<ele>470.94</ele>
			</trkpt>
			<trkpt lat="51.31557" lon="9.39524">
				<ele>470.94</ele>
			</trkpt>
			<trkpt lat="51.3156" lon="9.3951">
				<ele>470.94</ele>
			</trkpt>
			<trkpt lat="51.31538" lon="9.39522">
				<ele>470.94</ele>
			</trkpt>
			<trkpt lat="51.31471" lon="9.39577">
				<ele>470.94</ele>
			</trkpt>
			<trkpt lat="51.31322" lon="9.39641">
				<ele>470.94</ele>
			</trkpt>
			<trkpt lat="51.31307" lon="9.39651">
				<ele>470.94</ele>
			</trkpt>
			<trkpt lat="51.31295" lon="9.3967">
				<ele>470.94</ele>
			</trkpt>
			<trkpt lat="51.31285" lon="9.39678">
				<ele>470.94</ele>
			</trkpt>
			<trkpt lat="51.31278" lon="9.39669">
				<ele>476.84</ele>
			</trkpt>
			<trkpt lat="51.31304" lon="9.39633">
				<ele>476.84</ele>
			</trkpt>
			<trkpt lat="51.31451" lon="9.39475">
				<ele>476.84</ele>
			</trkpt>
			<trkpt lat="51.31493" lon="9.3942">
				<ele>476.84</ele>
			</trkpt>
			<trkpt lat="51.31541" lon="9.39387">
				<ele>476.84</ele>
			</trkpt>
			<trkpt lat="51.31557" lon="9.39379">
				<ele>476.84</ele>
			</trkpt>
			<trkpt lat="51.31589" lon="9.39373">
				<ele>476.84</ele>
			</trkpt>
			<trkpt lat="51.31627" lon="9.39378">
				<ele>476.84</ele>
			</trkpt>
			<trkpt lat="51.31646" lon="9.3935">
				<ele>476.84</ele>
			</trkpt>
			<trkpt lat="51.31648" lon="9.39303">
				<ele>476.84</ele>
			</trkpt>
			<trkpt lat="51.31637" lon="9.39252">
				<ele>476.84</ele>
			</trkpt>
			<trkpt lat="51.31641" lon="9.39236">
				<ele>457.66</ele>
			</trkpt>
			<trkpt lat="51.3167" lon="9.39276">
				<ele>457.66</ele>
			</trkpt>
			<trkpt lat="51.31686" lon="9.39294">
				<ele>457.66</ele>
			</trkpt>
			<trkpt lat="51.317" lon="9.39298">
				<ele>457.66</ele>
			</trkpt>
			<trkpt lat="51.31732" lon="9.39276">
				<ele>457.66</ele>
			</trkpt>
			<trkpt lat="51.31752" lon="9.39277">
				<ele>457.66</ele>
			</trkpt>
			<trkpt lat="51.31766" lon="9.3929">
				<ele>457.66</ele>
			</trkpt>
			<trkpt lat="51.31769" lon="9.39274">
				<ele>457.66</ele>
			</trkpt>
			<trkpt lat="51.31777" lon="9.39232">
				<ele>457.66</ele>
			</trkpt>
			<trkpt lat="51.31812" lon="9.39196">
				<ele>457.66</ele>
			</trkpt>
			<trkpt lat="51.31831" lon="9.39164">
				<ele>417.9</ele>
			</trkpt>
			<trkpt lat="51.31846" lon="9.39102">
				<ele>417.9</ele>
			</trkpt>
			<trkpt lat="51.31874" lon="9.39043">
				<ele>417.9</ele>
			</trkpt>
			<trkpt lat="51.31922" lon="9.38991">
				<ele>417.9</ele>
			</trkpt>
			<trkpt lat="51.31934" lon="9.38974">
				<ele>417.9</ele>
			</trkpt>
			<trkpt lat="51.31941" lon="9.38958">
				<ele>417.9</ele>
			</trkpt>
			<trkpt lat="51.31988" lon="9.38881">
				<ele>417.9</ele>
			</trkpt>
			<trkpt lat="51.32007" lon="9.38841">
				<ele>417.9</ele>
			</trkpt>
			<trkpt lat="51.32049" lon="9.38721">
				<ele>417.9</ele>
			</trkpt>
			<trkpt lat="51.32052" lon="9.38705">
				<ele>417.9</ele>
			</trkpt>
			<trkpt lat="51.32057" lon="9.38611">
				<ele>377.61</ele>
			</trkpt>
			<trkpt lat="51.32068" lon="9.38563">
				<ele>377.61</ele>
			</trkpt>
			<trkpt lat="51.32086" lon="9.3851">
				<ele>377.61</ele>
			</trkpt>
			<trkpt lat="51.32099" lon="9.38488">
				<ele>377.61</ele>
			</trkpt>
			<trkpt lat="51.32135" lon="9.38455">
				<ele>377.61</ele>
			</trkpt>
			<trkpt lat="51.32155" lon="9.38444">
				<ele>377.61</ele>
			</trkpt>
			<trkpt lat="51.32189" lon="9.38435">
				<ele>377.61</ele>
			</trkpt>
			<trkpt lat="51.3226" lon="9.38428">
				<ele>377.61</ele>
			</trkpt>
			<trkpt lat="51.32289" lon="9.38431">
				<ele>377.61</ele>
			</trkpt>
			<trkpt lat="51.32366" lon="9.38451">
				<ele>377.61</ele>
			</trkpt>
			<trkpt lat="51.32513" lon="9.38457">
				<ele>377.61</ele>
			</trkpt>
			<trkpt lat="51.32557" lon="9.38437">
				<ele>370.78</ele>
			</trkpt>
			<trkpt lat="51.3259" lon="9.38415">
				<ele>370.78</ele>
			</trkpt>
			<trkpt lat="51.32614" lon="9.38406">
				<ele>370.78</ele>
			</trkpt>
			<trkpt lat="51.32634" lon="9.38404">
				<ele>370.78</ele>
			</trkpt>
			<trkpt lat="51.32654" lon="9.38408">
				<ele>370.78</ele>
			</trkpt>
			<trkpt lat="51.32732" lon="9.38445">
				<ele>370.78</ele>
			</trkpt>
			<trkpt lat="51.32783" lon="9.38483">
				<ele>370.78</ele>
			</trkpt>
			<trkpt lat="51.328" lon="9.38491">
				<ele>370.78</ele>
			</trkpt>
			<trkpt lat="51.32911" lon="9.38518">
				<ele>370.78</ele>
			</trkpt>
			<trkpt lat="51.33014" lon="9.38572">
				<ele>370.78</ele>
			</trkpt>
			<trkpt lat="51.33028" lon="9.38571">
				<ele>410.49</ele>
			</trkpt>
			<trkpt lat="51.33083" lon="9.38507">
				<ele>410.49</ele>
			</trkpt>
			<trkpt lat="51.33203" lon="9.38335">
				<ele>410.49</ele>
			</trkpt>
			<trkpt lat="51.33159" lon="9.38292">
				<ele>410.49</ele>
			</trkpt>
			<trkpt lat="51.33111" lon="9.38236">
				<ele>410.49</ele>
			</trkpt>
			<trkpt lat="51.33112" lon="9.38196">
				<ele>410.49</ele>
			</trkpt>
			<trkpt lat="51.33107" lon="9.38174">
				<ele>410.49</ele>
			</trkpt>
			<trkpt lat="51.33099" lon="9.38152">
				<ele>410.49</ele>
			</trkpt>
			<trkpt lat="51.33058" lon="9.38073">
				<ele>410.49</ele>
			</trkpt>
			<trkpt lat="51.33016" lon="9.38012">
				<ele>410.49</ele>
			</trkpt>
			<trkpt lat="51.33004" lon="9.38002">
				<ele>410.49</ele>
			</trkpt>
			<trkpt lat="51.32992" lon="9.37997">
				<ele>454.78</ele>
			</trkpt>
			<trkpt lat="51.32944" lon="9.38003">
				<ele>454.78</ele>
			</trkpt>
			<trkpt lat="51.32928" lon="9.38002">
				<ele>454.78</ele>
			</trkpt>
			<trkpt lat="51.32921" lon="9.37985">
				<ele>454.78</ele>
			</trkpt>
			<trkpt lat="51.32918" lon="9.37962">
				<ele>454.78</ele>
			</trkpt>
			<trkpt lat="51.32918" lon="9.37942">
				<ele>454.78</ele>
			</trkpt>
			<trkpt lat="51.32925" lon="9.37898">
				<ele>454.78</ele>
			</trkpt>
			<trkpt lat="51.32944" lon="9.37858">
				<ele>454.78</ele>
			</trkpt>
			<trkpt lat="51.3295" lon="9.37838">
				<ele>454.78</ele>
			</trkpt>
			<trkpt lat="51.32949" lon="9.37806">
				<ele>454.78</ele>
			</trkpt>
			<trkpt lat="51.32942" lon="9.3775">
				<ele>482.23</ele>
			</trkpt>
			<trkpt lat="51.32944" lon="9.37719">
				<ele>482.23</ele>
			</trkpt>
			<trkpt lat="51.32962" lon="9.37685">
				<ele>482.23</ele>
			</trkpt>
			<trkpt lat="51.32971" lon="9.37664">
				<ele>482.23</ele>
			</trkpt>
			<trkpt lat="51.32984" lon="9.37654">
				<ele>482.23</ele>
			</trkpt>
			<trkpt lat="51.32994" lon="9.37655">
				<ele>482.23</ele>
			</trkpt>
			<trkpt lat="51.33039" lon="9.37682">
				<ele>482.23</ele>
			</trkpt>
			<trkpt lat="51.3305" lon="9.37629">
				<ele>482.23</ele>
			</trkpt>
			<trkpt lat="51.33058" lon="9.37561">
				<ele>482.23</ele>
			</trkpt>
			<trkpt lat="51.33074" lon="9.37494">
				<ele>482.23</ele>
			</trkpt>
			<trkpt lat="51.33076" lon="9.37472">
				<ele>482.23</ele>
			</trkpt>
			<trkpt lat="51.33064" lon="9.37416">
				<ele>522.3</ele>
			</trkpt>
			<trkpt lat="51.33051" lon="9.37376">
				<ele>522.3</ele>
			</trkpt>
			<trkpt lat="51.33055" lon="9.37344">
				<ele>522.3</ele>
			</trkpt>
			<trkpt lat="51.33087" lon="9.37324">
				<ele>522.3</ele>
			</trkpt>
			<trkpt lat="51.33133" lon="9.37306">
				<ele>522.3</ele>
			</trkpt>
			<trkpt lat="51.33246" lon="9.37208">
				<ele>522.3</ele>
			</trkpt>
			<trkpt lat="51.33345" lon="9.37132">
				<ele>522.3</ele>
			</trkpt>
			<trkpt lat="51.33407" lon="9.37081">
				<ele>522.3</ele>
			</trkpt>
			<trkpt lat="51.33419" lon="9.37068">
				<ele>522.3</ele>
			</trkpt>
			<trkpt lat="51.33452" lon="9.37048">
				<ele>522.3</ele>
			</trkpt>
			<trkpt lat="51.33476" lon="9.37018">
				<ele>560.23</ele>
			</trkpt>
			<trkpt lat="51.33495" lon="9.3701">
				<ele>560.23</ele>
			</trkpt>
			<trkpt lat="51.33524" lon="9.36975">
				<ele>560.23</ele>
			</trkpt>
			<trkpt lat="51.3353" lon="9.36964">
				<ele>560.23</ele>
			</trkpt>
			<trkpt lat="51.33531" lon="9.3694">
				<ele>560.23</ele>
			</trkpt>
			<trkpt lat="51.33534" lon="9.36924">
				<ele>560.23</ele>
			</trkpt>
			<trkpt lat="51.33547" lon="9.36913">
				<ele>560.23</ele>
			</trkpt>
			<trkpt lat="51.33573" lon="9.36903">
				<ele>560.23</ele>
			</trkpt>
			<trkpt lat="51.33587" lon="9.36903">
				<ele>560.23</ele>
			</trkpt>
			<trkpt lat="51.33633" lon="9.36914">
				<ele>560.23</ele>
			</trkpt>
			<trkpt lat="51.33668" lon="9.36941">
				<ele>560.23</ele>
			</trkpt>
			<trkpt lat="51.33679" lon="9.36946">
				<ele>483.07</ele>
			</trkpt>
			<trkpt lat="51.33689" lon="9.36941">
				<ele>483.07</ele>
			</trkpt>
			<trkpt lat="51.33699" lon="9.36916">
				<ele>483.07</ele>
			</trkpt>
			<trkpt lat="51.33717" lon="9.36731">
				<ele>483.07</ele>
			</trkpt>
			<trkpt lat="51.33713" lon="9.36656">
				<ele>483.07</ele>
			</trkpt>
			<trkpt lat="51.33718" lon="9.36617">
				<ele>483.07</ele>
			</trkpt>
			<trkpt lat="51.33724" lon="9.36427">
				<ele>483.07</ele>
			</trkpt>
			<trkpt lat="51.3372" lon="9.36363">
				<ele>483.07</ele>
			</trkpt>
			<trkpt lat="51.33721" lon="9.36349">
				<ele>483.07</ele>
			</trkpt>
			<trkpt lat="51.33797" lon="9.3617">
				<ele>483.07</ele>
			</trkpt>
			<trkpt lat="51.33868" lon="9.36013">
				<ele>449.14</ele>
			</trkpt>
			<trkpt lat="51.33933" lon="9.36013">
				<ele>449.14</ele>
			</trkpt>
			<trkpt lat="51.33978" lon="9.36003">
				<ele>449.14</ele>
			</trkpt>
			<trkpt lat="51.34049" lon="9.35977">
				<ele>449.14</ele>
			</trkpt>
			<trkpt lat="51.34098" lon="9.35947">
				<ele>449.14</ele>
			</trkpt>
			<trkpt lat="51.34193" lon="9.35877">
				<ele>449.14</ele>
			</trkpt>
			<trkpt lat="51.3434" lon="9.35775">
				<ele>449.14</ele>
			</trkpt>
			<trkpt lat="51.34338" lon="9.35759">
				<ele>449.14</ele>
			</trkpt>
			<trkpt lat="51.34524" lon="9.35715">
				<ele>449.14</ele>
			</trkpt>
			<trkpt lat="51.34589" lon="9.35712">
				<ele>449.14</ele>
			</trkpt>
			<trkpt lat="51.34695" lon="9.35737">
				<ele>449.14</ele>
			</trkpt>
			<trkpt lat="51.34713" lon="9.35767">
				<ele>439.73</ele>
			</trkpt>
			<trkpt lat="51.34805" lon="9.35954">
				<ele>439.73</ele>
			</trkpt>
			<trkpt lat="51.34928" lon="9.35932">
				<ele>439.73</ele>
			</trkpt>
			<trkpt lat="51.34932" lon="9.35919">
				<ele>439.73</ele>
			</trkpt>
			<trkpt lat="51.34905" lon="9.35747">
				<ele>439.73</ele>
			</trkpt>
			<trkpt lat="51.34961" lon="9.35645">
				<ele>439.73</ele>
			</trkpt>
			<trkpt lat="51.34976" lon="9.35638">
				<ele>439.73</ele>
			</trkpt>
			<trkpt lat="51.35047" lon="9.35644">
				<ele>439.73</ele>
			</trkpt>
			<trkpt lat="51.3507" lon="9.35638">
				<ele>439.73</ele>
			</trkpt>
			<trkpt lat="51.35118" lon="9.35576">
				<ele>439.73</ele>
			</trkpt>
			<trkpt lat="51.35138" lon="9.35565">
				<ele>420.45</ele>
			</trkpt>
			<trkpt lat="51.35156" lon="9.35566">
				<ele>420.45</ele>
			</trkpt>
			<trkpt lat="51.35251" lon="9.35629">
				<ele>420.45</ele>
			</trkpt>
			<trkpt lat="51.35274" lon="9.35636">
				<ele>420.45</ele>
			</trkpt>
			<trkpt lat="51.35293" lon="9.35636">
				<ele>420.45</ele>
			</trkpt>
			<trkpt lat="51.35308" lon="9.3563">
				<ele>420.45</ele>
			</trkpt>
			<trkpt lat="51.35313" lon="9.3557">
				<ele>420.45</ele>
			</trkpt>
			<trkpt lat="51.35329" lon="9.3549">
				<ele>420.45</ele>
			</trkpt>
			<trkpt lat="51.35323" lon="9.35463">
				<ele>420.45</ele>
			</trkpt>
			<trkpt lat="51.35296" lon="9.35429">
				<ele>420.45</ele>
			</trkpt>
			<trkpt lat="51.35248" lon="9.35391">
				<ele>369.27</ele>
			</trkpt>
			<trkpt lat="51.35222" lon="9.35381">
				<ele>369.27</ele>
			</trkpt>
			<trkpt lat="51.35161" lon="9.35337">
				<ele>369.27</ele>
			</trkpt>
			<trkpt lat="51.35118" lon="9.35294">
				<ele>369.27</ele>
			</trkpt>
			<trkpt lat="51.35095" lon="9.35257">
				<ele>369.27</ele>
			</trkpt>
			<trkpt lat="51.35071" lon="9.35197">
				<ele>369.27</ele>
			</trkpt>
			<trkpt lat="51.35015" lon="9.35088">
				<ele>369.27</ele>
			</trkpt>
			<trkpt lat="51.34999" lon="9.35023">
				<ele>369.27</ele>
			</trkpt>
			<trkpt lat="51.34986" lon="9.34942">
				<ele>369.27</ele>
			</trkpt>
			<trkpt lat="51.34981" lon="9.34895">
				<ele>369.27</ele>
			</trkpt>
			<trkpt lat="51.3498" lon="9.34828">
				<ele>369.27</ele>
			</trkpt>
			<trkpt lat="51.3499" lon="9.34824">
				<ele>308.25</ele>
			</trkpt>
			<trkpt lat="51.34999" lon="9.34813">
				<ele>308.25</ele>
			</trkpt>
			<trkpt lat="51.35008" lon="9.34811">
				<ele>308.25</ele>
			</trkpt>
			<trkpt lat="51.35026" lon="9.34835">
				<ele>308.25</ele>
			</trkpt>
			<trkpt lat="51.35056" lon="9.3484">
				<ele>308.25</ele>
			</trkpt>
			<trkpt lat="51.35069" lon="9.34824">
				<ele>308.25</ele>
			</trkpt>
			<trkpt lat="51.35071" lon="9.34787">
				<ele>308.25</ele>
			</trkpt>
			<trkpt lat="51.35088" lon="9.34689">
				<ele>308.25</ele>
			</trkpt>
			<trkpt lat="51.35105" lon="9.34616">
				<ele>308.25</ele>
			</trkpt>
			<trkpt lat="51.35109" lon="9.34571">
				<ele>308.25</ele>
			</trkpt>
			<trkpt lat="51.35114" lon="9.34544">
				<ele>301.61</ele>
			</trkpt>
			<trkpt lat="51.35131" lon="9.34483">
				<ele>301.61</ele>
			</trkpt>
			<trkpt lat="51.35136" lon="9.34454">
				<ele>301.61</ele>
			</trkpt>
			<trkpt lat="51.35138" lon="9.34413">
				<ele>301.61</ele>
			</trkpt>
			<trkpt lat="51.3515" lon="9.34357">
				<ele>301.61</ele>
			</trkpt>
			<trkpt lat="51.35173" lon="9.34329">
				<ele>301.61</ele>
			</trkpt>
			<trkpt lat="51.35181" lon="9.34283">
				<ele>301.61</ele>
			</trkpt>
			<trkpt lat="51.35192" lon="9.34262">
				<ele>301.61</ele>
			</trkpt>
			<trkpt lat="51.35204" lon="9.34224">
				<ele>301.61</ele>
			</trkpt>
			<trkpt lat="51.35204" lon="9.34241">
				<ele>301.61</ele>
			</trkpt>
			<trkpt lat="51.35188" lon="9.34295">
				<ele>301.61</ele>
			</trkpt>
			<trkpt lat="51.35185" lon="9.34416">
				<ele>297.04</ele>
			</trkpt>
			<trkpt lat="51.35189" lon="9.34466">
				<ele>297.04</ele>
			</trkpt>
			<trkpt lat="51.3519" lon="9.345">
				<ele>297.04</ele>
			</trkpt>
			<trkpt lat="51.35202" lon="9.34584">
				<ele>297.04</ele>
			</trkpt>
			<trkpt lat="51.35205" lon="9.34613">
				<ele>297.04</ele>
			</trkpt>
			<trkpt lat="51.35203" lon="9.34637">
				<ele>297.04</ele>
			</trkpt>
			<trkpt lat="51.35205" lon="9.34668">
				<ele>297.04</ele>
			</trkpt>
			<trkpt lat="51.35214" lon="9.3473">
				<ele>297.04</ele>
			</trkpt>
			<trkpt lat="51.35238" lon="9.3484">
				<ele>297.04</ele>
			</trkpt>
			<trkpt lat="51.35254" lon="9.34865">
				<ele>297.04</ele>
			</trkpt>
			<trkpt lat="51.35264" lon="9.34869">
				<ele>307.66</ele>
			</trkpt>
			<trkpt lat="51.35276" lon="9.34868">
				<ele>307.66</ele>
			</trkpt>
			<trkpt lat="51.35326" lon="9.34808">
				<ele>307.66</ele>
			</trkpt>
			<trkpt lat="51.35355" lon="9.34789">
				<ele>307.66</ele>
			</trkpt>
			<trkpt lat="51.35395" lon="9.34781">
				<ele>307.66</ele>
			</trkpt>
			<trkpt lat="51.35456" lon="9.34779">
				<ele>307.66</ele>
			</trkpt>
			<trkpt lat="51.35465" lon="9.34781">
				<ele>307.66</ele>
			</trkpt>
			<trkpt lat="51.35491" lon="9.34814">
				<ele>307.66</ele>
			</trkpt>
			<trkpt lat="51.35509" lon="9.34828">
				<ele>307.66</ele>
			</trkpt>
			<trkpt lat="51.35518" lon="9.34842">
				<ele>307.66</ele>
			</trkpt>
			<trkpt lat="51.35543" lon="9.34868">
				<ele>307.66</ele>
			</trkpt>
			<trkpt lat="51.35563" lon="9.34882">
				<ele>287.92</ele>
			</trkpt>
			<trkpt lat="51.35577" lon="9.34899">
				<ele>287.92</ele>
			</trkpt>
			<trkpt lat="51.35585" lon="9.34802">
				<ele>287.92</ele>
			</trkpt>
			<trkpt lat="51.35584" lon="9.34781">
				<ele>287.92</ele>
			</trkpt>
			<trkpt lat="51.3562" lon="9.34793">
				<ele>287.92</ele>
			</trkpt>
			<trkpt lat="51.35646" lon="9.348">
				<ele>287.92</ele>
			</trkpt>
			<trkpt lat="51.35721" lon="9.34768">
				<ele>287.92</ele>
			</trkpt>
			<trkpt lat="51.35761" lon="9.3476">
				<ele>287.92</ele>
			</trkpt>
			<trkpt lat="51.35864" lon="9.34749">
				<ele>287.92</ele>
			</trkpt>
			<trkpt lat="51.3588" lon="9.34753">
				<ele>287.92</ele>
			</trkpt>
			<trkpt lat="51.35942" lon="9.3475">
				<ele>283.81</ele>
			</trkpt>
			<trkpt lat="51.35967" lon="9.34738">
				<ele>283.81</ele>
			</trkpt>
			<trkpt lat="51.35998" lon="9.34707">
				<ele>283.81</ele>
			</trkpt>
			<trkpt lat="51.36041" lon="9.34637">
				<ele>283.81</ele>
			</trkpt>
			<trkpt lat="51.36101" lon="9.34563">
				<ele>283.81</ele>
			</trkpt>
			<trkpt lat="51.36161" lon="9.34501">
				<ele>283.81</ele>
			</trkpt>
			<trkpt lat="51.3618" lon="9.34466">
				<ele>283.81</ele>
			</trkpt>
			<trkpt lat="51.36199" lon="9.34487">
				<ele>283.81</ele>
			</trkpt>
			<trkpt lat="51.3622" lon="9.34487">
				<ele>283.81</ele>
			</trkpt>
			<trkpt lat="51.36259" lon="9.34491">
				<ele>283.81</ele>
			</trkpt>
			<trkpt lat="51.36302" lon="9.34472">
				<ele>283.81</ele>
			</trkpt>
			<trkpt lat="51.36323" lon="9.34417">
				<ele>317.82</ele>
			</trkpt>
			<trkpt lat="51.36338" lon="9.34395">
				<ele>317.82</ele>
			</trkpt>
			<trkpt lat="51.36378" lon="9.34387">
				<ele>317.82</ele>
			</trkpt>
			<trkpt lat="51.36392" lon="9.34373">
				<ele>317.82</ele>
			</trkpt>
			<trkpt lat="51.36408" lon="9.34425">
				<ele>317.82</ele>
			</trkpt>
			<trkpt lat="51.36422" lon="9.34485">
				<ele>317.82</ele>
			</trkpt>
			<trkpt lat="51.36439" lon="9.34537">
				<ele>317.82</ele>
			</trkpt>
			<trkpt lat="51.36456" lon="9.34607">
				<ele>317.82</ele>
			</trkpt>
			<trkpt lat="51.3647" lon="9.34688">
				<ele>317.82</ele>
			</trkpt>
			<trkpt lat="51.36482" lon="9.348">
				<ele>317.82</ele>
			</trkpt>
			<trkpt lat="51.36496" lon="9.34982">
				<ele>311.32</ele>
			</trkpt>
			<trkpt lat="51.36517" lon="9.35132">
				<ele>311.32</ele>
			</trkpt>
			<trkpt lat="51.36518" lon="9.35149">
				<ele>311.32</ele>
			</trkpt>
			<trkpt lat="51.36516" lon="9.35166">
				<ele>311.32</ele>
			</trkpt>
			<trkpt lat="51.36501" lon="9.35196">
				<ele>311.32</ele>
			</trkpt>
			<trkpt lat="51.36496" lon="9.3528">
				<ele>311.32</ele>
			</trkpt>
			<trkpt lat="51.36494" lon="9.35369">
				<ele>311.32</ele>
			</trkpt>
			<trkpt lat="51.3647" lon="9.35394">
				<ele>311.32</ele>
			</trkpt>
			<trkpt lat="51.36437" lon="9.35397">
				<ele>311.32</ele>
			</trkpt>
			<trkpt lat="51.36395" lon="9.35392">
				<ele>311.32</ele>
			</trkpt>
			<trkpt lat="51.36371" lon="9.35395">
				<ele>311.32</ele>
			</trkpt>
			<trkpt lat="51.36342" lon="9.35394">
				<ele>289.39</ele>
			</trkpt>
			<trkpt lat="51.36291" lon="9.35404">
				<ele>289.39</ele>
			</trkpt>
			<trkpt lat="51.36266" lon="9.35404">
				<ele>289.39</ele>
			</trkpt>
			<trkpt lat="51.3624" lon="9.35399">
				<ele>289.39</ele>
			</trkpt>
			<trkpt lat="51.36214" lon="9.354">
				<ele>289.39</ele>
			</trkpt>
			<trkpt lat="51.36224" lon="9.35514">
				<ele>289.39</ele>
			</trkpt>
			<trkpt lat="51.3623" lon="9.35628">
				<ele>289.39</ele>
			</trkpt>
			<trkpt lat="51.36229" lon="9.3567">
				<ele>289.39</ele>
			</trkpt>
			<trkpt lat="51.36217" lon="9.35823">
				<ele>289.39</ele>
			</trkpt>
			<trkpt lat="51.3618" lon="9.36119">
				<ele>289.39</ele>
			</trkpt>
			<trkpt lat="51.36172" lon="9.36197">
				<ele>319.39</ele>
			</trkpt>
			<trkpt lat="51.36176" lon="9.36368">
				<ele>319.39</ele>
			</trkpt>
			<trkpt lat="51.36181" lon="9.36406">
				<ele>319.39</ele>
			</trkpt>
			<trkpt lat="51.36227" lon="9.36637">
				<ele>319.39</ele>
			</trkpt>
			<trkpt lat="51.36234" lon="9.36741">
				<ele>319.39</ele>
			</trkpt>
			<trkpt lat="51.36246" lon="9.36759">
				<ele>319.39</ele>
			</trkpt>
			<trkpt lat="51.36272" lon="9.36767">
				<ele>319.39</ele>
			</trkpt>
			<trkpt lat="51.36279" lon="9.36781">
				<ele>319.39</ele>
			</trkpt>
			<trkpt lat="51.3628" lon="9.36809">
				<ele>319.39</ele>
			</trkpt>
			<trkpt lat="51.36271" lon="9.36828">
				<ele>319.39</ele>
			</trkpt>
			<trkpt lat="51.3624" lon="9.36873">
				<ele>319.39</ele>
			</trkpt>
			<trkpt lat="51.36229" lon="9.369">
				<ele>313.93</ele>
			</trkpt>
			<trkpt lat="51.36209" lon="9.36869">
				<ele>313.93</ele>
			</trkpt>
			<trkpt lat="51.36188" lon="9.36827">
				<ele>313.93</ele>
			</trkpt>
			<trkpt lat="51.36173" lon="9.36784">
				<ele>313.93</ele>
			</trkpt>
			<trkpt lat="51.36162" lon="9.36793">
				<ele>313.93</ele>
			</trkpt>
			<trkpt lat="51.36128" lon="9.36855">
				<ele>313.93</ele>
			</trkpt>
			<trkpt lat="51.36004" lon="9.37054">
				<ele>313.93</ele>
			</trkpt>
			<trkpt lat="51.35642" lon="9.37645">
				<ele>313.93</ele>
			</trkpt>
			<trkpt lat="51.35625" lon="9.37677">
				<ele>313.93</ele>
			</trkpt>
			<trkpt lat="51.35489" lon="9.37903">
				<ele>313.93</ele>
			</trkpt>
			<trkpt lat="51.35485" lon="9.37917">
				<ele>303.61</ele>
			</trkpt>
			<trkpt lat="51.35545" lon="9.37997">
				<ele>303.61</ele>
			</trkpt>
			<trkpt lat="51.35406" lon="9.38212">
				<ele>303.61</ele>
			</trkpt>
			<trkpt lat="51.35403" lon="9.38251">
				<ele>303.61</ele>
			</trkpt>
			<trkpt lat="51.35407" lon="9.38319">
				<ele>303.61</ele>
			</trkpt>
			<trkpt lat="51.35469" lon="9.38375">
				<ele>303.61</ele>
			</trkpt>
			<trkpt lat="51.355" lon="9.38386">
				<ele>303.61</ele>
			</trkpt>
			<trkpt lat="51.35536" lon="9.38416">
				<ele>303.61</ele>
			</trkpt>
			<trkpt lat="51.35549" lon="9.38416">
				<ele>303.61</ele>
			</trkpt>
			<trkpt lat="51.35557" lon="9.38389">
				<ele>303.61</ele>
			</trkpt>
			<trkpt lat="51.35565" lon="9.38371">
				<ele>297.74</ele>
			</trkpt>
			<trkpt lat="51.35597" lon="9.38445">
				<ele>297.74</ele>
			</trkpt>
			<trkpt lat="51.35606" lon="9.38488">
				<ele>297.74</ele>
			</trkpt>
			<trkpt lat="51.35608" lon="9.38526">
				<ele>297.74</ele>
			</trkpt>
			<trkpt lat="51.35622" lon="9.38578">
				<ele>297.74</ele>
			</trkpt>
			<trkpt lat="51.35628" lon="9.38612">
				<ele>297.74</ele>
			</trkpt>
			<trkpt lat="51.35667" lon="9.38627">
				<ele>297.74</ele>
			</trkpt>
			<trkpt lat="51.35678" lon="9.38627">
				<ele>297.74</ele>
			</trkpt>
			<trkpt lat="51.35702" lon="9.38654">
				<ele>297.74</ele>
			</trkpt>
			<trkpt lat="51.35752" lon="9.3864">
				<ele>297.74</ele>
			</trkpt>
			<trkpt lat="51.35808" lon="9.38566">
				<ele>297.74</ele>
			</trkpt>
			<trkpt lat="51.35825" lon="9.38588">
				<ele>316.94</ele>
			</trkpt>
			<trkpt lat="51.35852" lon="9.38544">
				<ele>316.94</ele>
			</trkpt>
			<trkpt lat="51.35872" lon="9.38568">
				<ele>316.94</ele>
			</trkpt>
			<trkpt lat="51.35927" lon="9.38486">
				<ele>316.94</ele>
			</trkpt>
			<trkpt lat="51.3598" lon="9.38399">
				<ele>316.94</ele>
			</trkpt>
			<trkpt lat="51.36017" lon="9.38458">
				<ele>316.94</ele>
			</trkpt>
			<trkpt lat="51.36026" lon="9.38466">
				<ele>316.94</ele>
			</trkpt>
			<trkpt lat="51.36096" lon="9.38387">
				<ele>316.94</ele>
			</trkpt>
			<trkpt lat="51.36178" lon="9.38305">
				<ele>316.94</ele>
			</trkpt>
			<trkpt lat="51.36386" lon="9.38081">
				<ele>316.94</ele>
			</trkpt>
			<trkpt lat="51.36649" lon="9.37779">
				<ele>320.06</ele>
			</trkpt>
			<trkpt lat="51.36777" lon="9.37587">
				<ele>320.06</ele>
			</trkpt>
			<trkpt lat="51.36801" lon="9.37751">
				<ele>320.06</ele>
			</trkpt>
			<trkpt lat="51.36815" lon="9.37745">
				<ele>320.06</ele>
			</trkpt>
			<trkpt lat="51.36875" lon="9.37726">
				<ele>320.06</ele>
			</trkpt>
			<trkpt lat="51.36908" lon="9.37711">
				<ele>320.06</ele>
			</trkpt>
			<trkpt lat="51.3713" lon="9.37638">
				<ele>320.06</ele>
			</trkpt>
			<trkpt lat="51.37144" lon="9.37666">
				<ele>320.06</ele>
			</trkpt>
			<trkpt lat="51.37155" lon="9.377">
				<ele>320.06</ele>
			</trkpt>
			<trkpt lat="51.37191" lon="9.37897">
				<ele>320.06</ele>
			</trkpt>
			<trkpt lat="51.37207" lon="9.37854">
				<ele>320.06</ele>
			</trkpt>
			<trkpt lat="51.37224" lon="9.3782">
				<ele>327.22</ele>
			</trkpt>
			<trkpt lat="51.37258" lon="9.37773">
				<ele>327.22</ele>
			</trkpt>
			<trkpt lat="51.37344" lon="9.37594">
				<ele>327.22</ele>
			</trkpt>
			<trkpt lat="51.37382" lon="9.37527">
				<ele>327.22</ele>
			</trkpt>
			<trkpt lat="51.37434" lon="9.37449">
				<ele>327.22</ele>
			</trkpt>
			<trkpt lat="51.37546" lon="9.37642">
				<ele>327.22</ele>
			</trkpt>
			<trkpt lat="51.37555" lon="9.37666">
				<ele>327.22</ele>
			</trkpt>
			<trkpt lat="51.37605" lon="9.3785">
				<ele>327.22</ele>
			</trkpt>
			<trkpt lat="51.37608" lon="9.37885">
				<ele>327.22</ele>
			</trkpt>
			<trkpt lat="51.37609" lon="9.37902">
				<ele>327.22</ele>
			</trkpt>
			<trkpt lat="51.376" lon="9.37926">
				<ele>272.06</ele>
			</trkpt>
			<trkpt lat="51.37559" lon="9.37967">
				<ele>272.06</ele>
			</trkpt>
			<trkpt lat="51.3754" lon="9.37991">
				<ele>272.06</ele>
			</trkpt>
			<trkpt lat="51.37549" lon="9.3803">
				<ele>272.06</ele>
			</trkpt>
			<trkpt lat="51.37554" lon="9.38054">
				<ele>272.06</ele>
			</trkpt>
			<trkpt lat="51.3755" lon="9.38129">
				<ele>272.06</ele>
			</trkpt>
			<trkpt lat="51.3756" lon="9.38148">
				<ele>272.06</ele>
			</trkpt>
			<trkpt lat="51.3756" lon="9.38167">
				<ele>272.06</ele>
			</trkpt>
			<trkpt lat="51.37579" lon="9.38183">
				<ele>272.06</ele>
			</trkpt>
			<trkpt lat="51.37597" lon="9.38188">
				<ele>272.06</ele>
			</trkpt>
			<trkpt lat="51.37666" lon="9.38168">
				<ele>272.06</ele>
			</trkpt>
			<trkpt lat="51.37709" lon="9.38163">
				<ele>270.92</ele>
			</trkpt>
			<trkpt lat="51.37732" lon="9.38151">
				<ele>270.92</ele>
			</trkpt>
			<trkpt lat="51.37745" lon="9.3814">
				<ele>270.92</ele>
			</trkpt>
			<trkpt lat="51.37761" lon="9.38113">
				<ele>270.92</ele>
			</trkpt>
			<trkpt lat="51.37775" lon="9.38124">
				<ele>270.92</ele>
			</trkpt>
			<trkpt lat="51.37806" lon="9.38218">
				<ele>270.92</ele>
			</trkpt>
			<trkpt lat="51.37844" lon="9.38318">
				<ele>270.92</ele>
			</trkpt>
			<trkpt lat="51.37762" lon="9.38565">
				<ele>270.92</ele>
			</trkpt>
			<trkpt lat="51.37696" lon="9.38757">
				<ele>270.92</ele>
			</trkpt>
			<trkpt lat="51.37672" lon="9.38842">
				<ele>270.92</ele>
			</trkpt>
			<trkpt lat="51.37859" lon="9.38815">
				<ele>273.46</ele>
			</trkpt>
			<trkpt lat="51.37849" lon="9.38968">
				<ele>273.46</ele>
			</trkpt>
			<trkpt lat="51.37847" lon="9.39027">
				<ele>273.46</ele>
			</trkpt>
			<trkpt lat="51.37832" lon="9.39221">
				<ele>273.46</ele>
			</trkpt>
			<trkpt lat="51.37823" lon="9.39397">
				<ele>273.46</ele>
			</trkpt>
			<trkpt lat="51.37814" lon="9.39434">
				<ele>273.46</ele>
			</trkpt>
			<trkpt lat="51.37696" lon="9.39589">
				<ele>273.46</ele>
			</trkpt>
			<trkpt lat="51.37584" lon="9.39746">
				<ele>273.46</ele>
			</trkpt>
			<trkpt lat="51.37588" lon="9.39814">
				<ele>273.46</ele>
			</trkpt>
			<trkpt lat="51.37593" lon="9.40001">
				<ele>273.46</ele>
			</trkpt>
			<trkpt lat="51.37584" lon="9.40355">
				<ele>273.46</ele>
			</trkpt>
			<trkpt lat="51.3758" lon="9.40749">
				<ele>266.36</ele>
			</trkpt>
			<trkpt lat="51.37575" lon="9.41033">
				<ele>266.36</ele>
			</trkpt>
			<trkpt lat="51.37663" lon="9.41041">
				<ele>266.36</ele>
			</trkpt>
			<trkpt lat="51.3775" lon="9.41039">
				<ele>266.36</ele>
			</trkpt>
			<trkpt lat="51.37797" lon="9.41029">
				<ele>266.36</ele>
			</trkpt>
			<trkpt lat="51.37926" lon="9.41008">
				<ele>266.36</ele>
			</trkpt>
			<trkpt lat="51.3794" lon="9.41005">
				<ele>266.36</ele>
			</trkpt>
			<trkpt lat="51.37945" lon="9.41018">
				<ele>266.36</ele>
			</trkpt>
			<trkpt lat="51.37947" lon="9.41037">
				<ele>266.36</ele>
			</trkpt>
			<trkpt lat="51.37937" lon="9.41091">
				<ele>266.36</ele>
			</trkpt>
			<trkpt lat="51.37938" lon="9.41107">
				<ele>239.04</ele>
			</trkpt>
			<trkpt lat="51.37953" lon="9.41135">
				<ele>239.04</ele>
			</trkpt>
			<trkpt lat="51.37959" lon="9.41156">
				<ele>239.04</ele>
			</trkpt>
			<trkpt lat="51.37957" lon="9.41172">
				<ele>239.04</ele>
			</trkpt>
			<trkpt lat="51.37951" lon="9.41207">
				<ele>239.04</ele>
			</trkpt>
			<trkpt lat="51.37928" lon="9.41256">
				<ele>239.04</ele>
			</trkpt>
			<trkpt lat="51.379" lon="9.41328">
				<ele>239.04</ele>
			</trkpt>
			<trkpt lat="51.37896" lon="9.41347">
				<ele>239.04</ele>
			</trkpt>
			<trkpt lat="51.3788" lon="9.41354">
				<ele>239.04</ele>
			</trkpt>
			<trkpt lat="51.37855" lon="9.41418">
				<ele>239.04</ele>
			</trkpt>
			<trkpt lat="51.37852" lon="9.41441">
				<ele>239.04</ele>
			</trkpt>
			<trkpt lat="51.37847" lon="9.41458">
				<ele>224.23</ele>
			</trkpt>
			<trkpt lat="51.37847" lon="9.41504">
				<ele>224.23</ele>
			</trkpt>
			<trkpt lat="51.37851" lon="9.41558">
				<ele>224.23</ele>
			</trkpt>
			<trkpt lat="51.3785" lon="9.41589">
				<ele>224.23</ele>
			</trkpt>
			<trkpt lat="51.37848" lon="9.41624">
				<ele>224.23</ele>
			</trkpt>
			<trkpt lat="51.37845" lon="9.41638">
				<ele>224.23</ele>
			</trkpt>
			<trkpt lat="51.37838" lon="9.4165">
				<ele>224.23</ele>
			</trkpt>
			<trkpt lat="51.37842" lon="9.41667">
				<ele>224.23</ele>
			</trkpt>
			<trkpt lat="51.37843" lon="9.41694">
				<ele>224.23</ele>
			</trkpt>
			<trkpt lat="51.37875" lon="9.41801">
				<ele>224.23</ele>
			</trkpt>
			<trkpt lat="51.37893" lon="9.41838">
				<ele>240.27</ele>
			</trkpt>
			<trkpt lat="51.379" lon="9.41866">
				<ele>240.27</ele>
			</trkpt>
			<trkpt lat="51.37935" lon="9.41927">
				<ele>240.27</ele>
			</trkpt>
			<trkpt lat="51.37946" lon="9.41953">
				<ele>240.27</ele>
			</trkpt>
			<trkpt lat="51.37976" lon="9.42107">
				<ele>240.27</ele>
			</trkpt>
			<trkpt lat="51.37986" lon="9.42218">
				<ele>240.27</ele>
			</trkpt>
			<trkpt lat="51.37983" lon="9.42282">
				<ele>240.27</ele>
			</trkpt>
			<trkpt lat="51.37961" lon="9.42418">
				<ele>240.27</ele>
			</trkpt>
			<trkpt lat="51.37954" lon="9.42451">
				<ele>240.27</ele>
			</trkpt>
			<trkpt lat="51.37926" lon="9.42496">
				<ele>240.27</ele>
			</trkpt>
			<trkpt lat="51.37912" lon="9.4249">
				<ele>260.43</ele>
			</trkpt>
			<trkpt lat="51.37905" lon="9.42458">
				<ele>260.43</ele>
			</trkpt>
			<trkpt lat="51.37901" lon="9.42372">
				<ele>260.43</ele>
			</trkpt>
			<trkpt lat="51.37892" lon="9.42315">
				<ele>260.43</ele>
			</trkpt>
			<trkpt lat="51.37882" lon="9.42269">
				<ele>260.43</ele>
			</trkpt>
			<trkpt lat="51.37874" lon="9.42245">
				<ele>260.43</ele>
			</trkpt>
			<trkpt lat="51.37866" lon="9.42232">
				<ele>260.43</ele>
			</trkpt>
			<trkpt lat="51.37832" lon="9.42209">
				<ele>260.43</ele>
			</trkpt>
			<trkpt lat="51.37808" lon="9.42185">
				<ele>260.43</ele>
			</trkpt>
			<trkpt lat="51.37794" lon="9.42178">
				<ele>260.43</ele>
			</trkpt>
			<trkpt lat="51.37759" lon="9.42154">
				<ele>260.43</ele>
			</trkpt>
			<trkpt lat="51.37734" lon="9.42148">
				<ele>272.36</ele>
			</trkpt>
			<trkpt lat="51.37679" lon="9.42142">
				<ele>272.36</ele>
			</trkpt>
			<trkpt lat="51.37661" lon="9.42148">
				<ele>272.36</ele>
			</trkpt>
			<trkpt lat="51.37623" lon="9.42177">
				<ele>272.36</ele>
			</trkpt>
			<trkpt lat="51.37613" lon="9.42181">
				<ele>272.36</ele>
			</trkpt>
			<trkpt lat="51.37596" lon="9.42178">
				<ele>272.36</ele>
			</trkpt>
			<trkpt lat="51.37561" lon="9.42192">
				<ele>272.36</ele>
			</trkpt>
			<trkpt lat="51.37544" lon="9.42208">
				<ele>272.36</ele>
			</trkpt>
			<trkpt lat="51.37537" lon="9.42224">
				<ele>272.36</ele>
			</trkpt>
			<trkpt lat="51.37517" lon="9.42295">
				<ele>272.36</ele>
			</trkpt>
			<trkpt lat="51.37506" lon="9.42318">
				<ele>271.34</ele>
			</trkpt>
			<trkpt lat="51.37496" lon="9.42325">
				<ele>271.34</ele>
			</trkpt>
			<trkpt lat="51.37477" lon="9.42329">
				<ele>271.34</ele>
			</trkpt>
			<trkpt lat="51.37413" lon="9.42305">
				<ele>271.34</ele>
			</trkpt>
			<trkpt lat="51.37328" lon="9.42289">
				<ele>271.34</ele>
			</trkpt>
			<trkpt lat="51.37302" lon="9.42291">
				<ele>271.34</ele>
			</trkpt>
			<trkpt lat="51.37226" lon="9.42315">
				<ele>271.34</ele>
			</trkpt>
			<trkpt lat="51.3719" lon="9.42314">
				<ele>271.34</ele>
			</trkpt>
			<trkpt lat="51.37144" lon="9.42307">
				<ele>271.34</ele>
			</trkpt>
			<trkpt lat="51.37136" lon="9.42337">
				<ele>271.34</ele>
			</trkpt>
			<trkpt lat="51.37119" lon="9.42357">
				<ele>271.34</ele>
			</trkpt>
			<trkpt lat="51.37087" lon="9.42383">
				<ele>254.95</ele>
			</trkpt>
			<trkpt lat="51.37072" lon="9.42406">
				<ele>254.95</ele>
			</trkpt>
			<trkpt lat="51.37071" lon="9.42423">
				<ele>254.95</ele>
			</trkpt>
			<trkpt lat="51.37041" lon="9.42446">
				<ele>254.95</ele>
			</trkpt>
			<trkpt lat="51.36998" lon="9.42465">
				<ele>254.95</ele>
			</trkpt>
			<trkpt lat="51.36994" lon="9.42479">
				<ele>254.95</ele>
			</trkpt>
			<trkpt lat="51.36962" lon="9.42554">
				<ele>254.95</ele>
			</trkpt>
			<trkpt lat="51.36945" lon="9.42632">
				<ele>254.95</ele>
			</trkpt>
			<trkpt lat="51.36942" lon="9.42673">
				<ele>254.95</ele>
			</trkpt>
			<trkpt lat="51.36951" lon="9.42896">
				<ele>254.95</ele>
			</trkpt>
			<trkpt lat="51.36977" lon="9.4294">
				<ele>243.5</ele>
			</trkpt>
			<trkpt lat="51.37018" lon="9.42992">
				<ele>243.5</ele>
			</trkpt>
			<trkpt lat="51.37044" lon="9.43012">
				<ele>243.5</ele>
			</trkpt>
			<trkpt lat="51.37083" lon="9.4313">
				<ele>243.5</ele>
			</trkpt>
			<trkpt lat="51.37118" lon="9.43271">
				<ele>243.5</ele>
			</trkpt>
			<trkpt lat="51.37173" lon="9.43414">
				<ele>243.5</ele>
			</trkpt>
			<trkpt lat="51.37187" lon="9.43474">
				<ele>243.5</ele>
			</trkpt>
			<trkpt lat="51.37206" lon="9.43528">
				<ele>243.5</ele>
			</trkpt>
			<trkpt lat="51.37279" lon="9.43599">
				<ele>243.5</ele>
			</trkpt>
			<trkpt lat="51.37321" lon="9.43608">
				<ele>243.5</ele>
			</trkpt>
			<trkpt lat="51.37354" lon="9.43627">
				<ele>243.5</ele>
			</trkpt>
			<trkpt lat="51.37359" lon="9.43679">
				<ele>250</ele>
			</trkpt>
			<trkpt lat="51.37358" lon="9.43701">
				<ele>250</ele>
			</trkpt>
			<trkpt lat="51.3735" lon="9.43735">
				<ele>250</ele>
			</trkpt>
			<trkpt lat="51.37293" lon="9.43847">
				<ele>250</ele>
			</trkpt>
			<trkpt lat="51.37265" lon="9.4392">
				<ele>250</ele>
			</trkpt>
			<trkpt lat="51.37185" lon="9.44033">
				<ele>250</ele>
			</trkpt>
			<trkpt lat="51.37146" lon="9.44095">
				<ele>250</ele>
			</trkpt>
			<trkpt lat="51.37045" lon="9.44236">
				<ele>250</ele>
			</trkpt>
			<trkpt lat="51.36958" lon="9.44455">
				<ele>250</ele>
			</trkpt>
			<trkpt lat="51.37212" lon="9.44794">
				<ele>250</ele>
			</trkpt>
			<trkpt lat="51.37156" lon="9.4487">
				<ele>249.02</ele>
			</trkpt>
			<trkpt lat="51.37126" lon="9.44902">
				<ele>249.02</ele>
			</trkpt>
			<trkpt lat="51.3712" lon="9.44916">
				<ele>249.02</ele>
			</trkpt>
			<trkpt lat="51.37122" lon="9.4494">
				<ele>249.02</ele>
			</trkpt>
			<trkpt lat="51.37168" lon="9.45007">
				<ele>249.02</ele>
			</trkpt>
			<trkpt lat="51.37215" lon="9.44905">
				<ele>249.02</ele>
			</trkpt>
			<trkpt lat="51.37243" lon="9.44858">
				<ele>249.02</ele>
			</trkpt>
			<trkpt lat="51.3729" lon="9.44798">
				<ele>249.02</ele>
			</trkpt>
			<trkpt lat="51.37344" lon="9.44736">
				<ele>249.02</ele>
			</trkpt>
			<trkpt lat="51.37487" lon="9.4461">
				<ele>249.02</ele>
			</trkpt>
			<trkpt lat="51.37588" lon="9.44525">
				<ele>249.02</ele>
			</trkpt>
			<trkpt lat="51.37638" lon="9.44458">
				<ele>235.12</ele>
			</trkpt>
			<trkpt lat="51.37699" lon="9.44363">
				<ele>235.12</ele>
			</trkpt>
			<trkpt lat="51.37768" lon="9.44291">
				<ele>235.12</ele>
			</trkpt>
			<trkpt lat="51.37999" lon="9.44128">
				<ele>235.12</ele>
			</trkpt>
			<trkpt lat="51.38082" lon="9.4414">
				<ele>235.12</ele>
			</trkpt>
			<trkpt lat="51.38144" lon="9.44127">
				<ele>235.12</ele>
			</trkpt>
			<trkpt lat="51.38237" lon="9.44078">
				<ele>235.12</ele>
			</trkpt>
			<trkpt lat="51.38252" lon="9.44088">
				<ele>235.12</ele>
			</trkpt>
			<trkpt lat="51.38267" lon="9.44105">
				<ele>235.12</ele>
			</trkpt>
			<trkpt lat="51.38302" lon="9.44132">
				<ele>235.12</ele>
			</trkpt>
			<trkpt lat="51.38318" lon="9.44139">
				<ele>243.6</ele>
			</trkpt>
			<trkpt lat="51.3833" lon="9.44141">
				<ele>243.6</ele>
			</trkpt>
			<trkpt lat="51.38355" lon="9.44132">
				<ele>243.6</ele>
			</trkpt>
			<trkpt lat="51.3837" lon="9.44112">
				<ele>243.6</ele>
			</trkpt>
			<trkpt lat="51.38387" lon="9.44082">
				<ele>243.6</ele>
			</trkpt>
			<trkpt lat="51.38396" lon="9.44082">
				<ele>243.6</ele>
			</trkpt>
			<trkpt lat="51.38417" lon="9.441">
				<ele>243.6</ele>
			</trkpt>
			<trkpt lat="51.38414" lon="9.44114">
				<ele>243.6</ele>
			</trkpt>
			<trkpt lat="51.38424" lon="9.44127">
				<ele>243.6</ele>
			</trkpt>
			<trkpt lat="51.38434" lon="9.44121">
				<ele>243.6</ele>
			</trkpt>
			<trkpt lat="51.38454" lon="9.4411">
				<ele>243.6</ele>
			</trkpt>
			<trkpt lat="51.38444" lon="9.44066">
				<ele>231.96</ele>
			</trkpt>
			<trkpt lat="51.3843" lon="9.44005">
				<ele>231.96</ele>
			</trkpt>
			<trkpt lat="51.38442" lon="9.44004">
				<ele>231.96</ele>
			</trkpt>
			<trkpt lat="51.38553" lon="9.43938">
				<ele>231.96</ele>
			</trkpt>
			<trkpt lat="51.38697" lon="9.43841">
				<ele>231.96</ele>
			</trkpt>
			<trkpt lat="51.38702" lon="9.43854">
				<ele>231.96</ele>
			</trkpt>
			<trkpt lat="51.38732" lon="9.43867">
				<ele>231.96</ele>
			</trkpt>
			<trkpt lat="51.38742" lon="9.43869">
				<ele>231.96</ele>
			</trkpt>
			<trkpt lat="51.38766" lon="9.43862">
				<ele>231.96</ele>
			</trkpt>
			<trkpt lat="51.38801" lon="9.43861">
				<ele>231.96</ele>
			</trkpt>
			<trkpt lat="51.38839" lon="9.43868">
				<ele>234.12</ele>
			</trkpt>
			<trkpt lat="51.38859" lon="9.43864">
				<ele>234.12</ele>
			</trkpt>
			<trkpt lat="51.38895" lon="9.43841">
				<ele>234.12</ele>
			</trkpt>
			<trkpt lat="51.38903" lon="9.4383">
				<ele>234.12</ele>
			</trkpt>
			<trkpt lat="51.38931" lon="9.4382">
				<ele>234.12</ele>
			</trkpt>
			<trkpt lat="51.38945" lon="9.43817">
				<ele>234.12</ele>
			</trkpt>
			<trkpt lat="51.39008" lon="9.4381">
				<ele>234.12</ele>
			</trkpt>
			<trkpt lat="51.39011" lon="9.43847">
				<ele>234.12</ele>
			</trkpt>
			<trkpt lat="51.39018" lon="9.4387">
				<ele>234.12</ele>
			</trkpt>
			<trkpt lat="51.39026" lon="9.43912">
				<ele>234.12</ele>
			</trkpt>
			<trkpt lat="51.39027" lon="9.43949">
				<ele>224.12</ele>
			</trkpt>
			<trkpt lat="51.39031" lon="9.43964">
				<ele>224.12</ele>
			</trkpt>
			<trkpt lat="51.39052" lon="9.43986">
				<ele>224.12</ele>
			</trkpt>
			<trkpt lat="51.3908" lon="9.44004">
				<ele>224.12</ele>
			</trkpt>
			<trkpt lat="51.39087" lon="9.44029">
				<ele>224.12</ele>
			</trkpt>
			<trkpt lat="51.39087" lon="9.44075">
				<ele>224.12</ele>
			</trkpt>
			<trkpt lat="51.39094" lon="9.44101">
				<ele>224.12</ele>
			</trkpt>
			<trkpt lat="51.39102" lon="9.4411">
				<ele>224.12</ele>
			</trkpt>
			<trkpt lat="51.39124" lon="9.44115">
				<ele>224.12</ele>
			</trkpt>
			<trkpt lat="51.39141" lon="9.4411">
				<ele>224.12</ele>
			</trkpt>
			<trkpt lat="51.39172" lon="9.44094">
				<ele>224.12</ele>
			</trkpt>
			<trkpt lat="51.39183" lon="9.44096">
				<ele>218.93</ele>
			</trkpt>
			<trkpt lat="51.39205" lon="9.44175">
				<ele>218.93</ele>
			</trkpt>
			<trkpt lat="51.39243" lon="9.44384">
				<ele>218.93</ele>
			</trkpt>
			<trkpt lat="51.39294" lon="9.44697">
				<ele>218.93</ele>
			</trkpt>
			<trkpt lat="51.39183" lon="9.44858">
				<ele>218.93</ele>
			</trkpt>
			<trkpt lat="51.38878" lon="9.45214">
				<ele>218.93</ele>
			</trkpt>
			<trkpt lat="51.38853" lon="9.45262">
				<ele>218.93</ele>
			</trkpt>
			<trkpt lat="51.38819" lon="9.45173">
				<ele>218.93</ele>
			</trkpt>
			<trkpt lat="51.38797" lon="9.45127">
				<ele>218.93</ele>
			</trkpt>
			<trkpt lat="51.38752" lon="9.45074">
				<ele>218.93</ele>
			</trkpt>
			<trkpt lat="51.38729" lon="9.45054">
				<ele>209.21</ele>
			</trkpt>
			<trkpt lat="51.38716" lon="9.45053">
				<ele>209.21</ele>
			</trkpt>
			<trkpt lat="51.38683" lon="9.45071">
				<ele>209.21</ele>
			</trkpt>
			<trkpt lat="51.38668" lon="9.45094">
				<ele>209.21</ele>
			</trkpt>
			<trkpt lat="51.38644" lon="9.45123">
				<ele>209.21</ele>
			</trkpt>
			<trkpt lat="51.3862" lon="9.45156">
				<ele>209.21</ele>
			</trkpt>
			<trkpt lat="51.386" lon="9.4518">
				<ele>209.21</ele>
			</trkpt>
			<trkpt lat="51.38558" lon="9.45214">
				<ele>209.21</ele>
			</trkpt>
			<trkpt lat="51.38541" lon="9.45223">
				<ele>209.21</ele>
			</trkpt>
			<trkpt lat="51.38237" lon="9.45323">
				<ele>209.21</ele>
			</trkpt>
			<trkpt lat="51.37994" lon="9.45355">
				<ele>209.21</ele>
			</trkpt>
			<trkpt lat="51.37962" lon="9.45503">
				<ele>186.57</ele>
			</trkpt>
			<trkpt lat="51.37958" lon="9.45533">
				<ele>186.57</ele>
			</trkpt>
			<trkpt lat="51.37957" lon="9.45559">
				<ele>186.57</ele>
			</trkpt>
			<trkpt lat="51.37968" lon="9.45772">
				<ele>186.57</ele>
			</trkpt>
			<trkpt lat="51.37973" lon="9.458">
				<ele>186.57</ele>
			</trkpt>
			<trkpt lat="51.37977" lon="9.45896">
				<ele>186.57</ele>
			</trkpt>
			<trkpt lat="51.37987" lon="9.4603">
				<ele>186.57</ele>
			</trkpt>
			<trkpt lat="51.3799" lon="9.46053">
				<ele>186.57</ele>
			</trkpt>
			<trkpt lat="51.37995" lon="9.46067">
				<ele>186.57</ele>
			</trkpt>
			<trkpt lat="51.38152" lon="9.46147">
				<ele>186.57</ele>
			</trkpt>
			<trkpt lat="51.38171" lon="9.46151">
				<ele>176.3</ele>
			</trkpt>
			<trkpt lat="51.38219" lon="9.46134">
				<ele>176.3</ele>
			</trkpt>
			<trkpt lat="51.38226" lon="9.46144">
				<ele>176.3</ele>
			</trkpt>
			<trkpt lat="51.38207" lon="9.46171">
				<ele>176.3</ele>
			</trkpt>
			<trkpt lat="51.38158" lon="9.46232">
				<ele>176.3</ele>
			</trkpt>
			<trkpt lat="51.38191" lon="9.46288">
				<ele>176.3</ele>
			</trkpt>
			<trkpt lat="51.382" lon="9.46296">
				<ele>176.3</ele>
			</trkpt>
			<trkpt lat="51.38224" lon="9.46305">
				<ele>176.3</ele>
			</trkpt>
			<trkpt lat="51.383" lon="9.46293">
				<ele>176.3</ele>
			</trkpt>
			<trkpt lat="51.38249" lon="9.47107">
				<ele>176.3</ele>
			</trkpt>
			<trkpt lat="51.38412" lon="9.471">
				<ele>176.3</ele>
			</trkpt>
			<trkpt lat="51.38586" lon="9.47081">
				<ele>196.82</ele>
			</trkpt>
			<trkpt lat="51.38658" lon="9.47078">
				<ele>196.82</ele>
			</trkpt>
			<trkpt lat="51.38824" lon="9.47119">
				<ele>196.82</ele>
			</trkpt>
			<trkpt lat="51.38811" lon="9.47374">
				<ele>196.82</ele>
			</trkpt>
			<trkpt lat="51.38811" lon="9.47408">
				<ele>196.82</ele>
			</trkpt>
			<trkpt lat="51.38801" lon="9.4755">
				<ele>196.82</ele>
			</trkpt>
			<trkpt lat="51.38795" lon="9.47591">
				<ele>196.82</ele>
			</trkpt>
			<trkpt lat="51.38797" lon="9.47617">
				<ele>196.82</ele>
			</trkpt>
			<trkpt lat="51.38845" lon="9.4761">
				<ele>196.82</ele>
			</trkpt>
			<trkpt lat="51.38678" lon="9.48983">
				<ele>196.82</ele>
			</trkpt>
			<trkpt lat="51.38625" lon="9.49406">
				<ele>221.09</ele>
			</trkpt>
			<trkpt lat="51.38624" lon="9.49429">
				<ele>221.09</ele>
			</trkpt>
			<trkpt lat="51.38632" lon="9.49499">
				<ele>221.09</ele>
			</trkpt>
			<trkpt lat="51.38623" lon="9.4952">
				<ele>221.09</ele>
			</trkpt>
			<trkpt lat="51.38612" lon="9.4952">
				<ele>221.09</ele>
			</trkpt>
			<trkpt lat="51.38566" lon="9.49505">
				<ele>221.09</ele>
			</trkpt>
			<trkpt lat="51.38496" lon="9.49488">
				<ele>221.09</ele>
			</trkpt>
			<trkpt lat="51.3846" lon="9.49475">
				<ele>221.09</ele>
			</trkpt>
			<trkpt lat="51.38447" lon="9.49474">
				<ele>221.09</ele>
			</trkpt>
			<trkpt lat="51.3842" lon="9.49483">
				<ele>221.09</ele>
			</trkpt>
			<trkpt lat="51.3838" lon="9.49507">
				<ele>221.09</ele>
			</trkpt>
			<trkpt lat="51.38324" lon="9.49554">
				<ele>242.92</ele>
			</trkpt>
			<trkpt lat="51.38283" lon="9.49596">
				<ele>242.92</ele>
			</trkpt>
			<trkpt lat="51.38235" lon="9.49654">
				<ele>242.92</ele>
			</trkpt>
			<trkpt lat="51.38177" lon="9.4978">
				<ele>242.92</ele>
			</trkpt>
			<trkpt lat="51.38161" lon="9.49834">
				<ele>242.92</ele>
			</trkpt>
			<trkpt lat="51.38128" lon="9.5008">
				<ele>242.92</ele>
			</trkpt>
			<trkpt lat="51.3812" lon="9.50073">
				<ele>242.92</ele>
			</trkpt>
			<trkpt lat="51.38098" lon="9.50015">
				<ele>242.92</ele>
			</trkpt>
			<trkpt lat="51.38089" lon="9.50003">
				<ele>242.92</ele>
			</trkpt>
			<trkpt lat="51.38016" lon="9.49977">
				<ele>242.92</ele>
			</trkpt>
			<trkpt lat="51.37998" lon="9.49978">
				<ele>260.9</ele>
			</trkpt>
			<trkpt lat="51.37978" lon="9.49985">
				<ele>260.9</ele>
			</trkpt>
			<trkpt lat="51.37998" lon="9.49978">
				<ele>260.9</ele>
			</trkpt>
			<trkpt lat="51.38015" lon="9.49977">
				<ele>260.9</ele>
			</trkpt>
			<trkpt lat="51.38088" lon="9.50002">
				<ele>260.9</ele>
			</trkpt>
			<trkpt lat="51.38098" lon="9.50014">
				<ele>260.9</ele>
			</trkpt>
			<trkpt lat="51.3812" lon="9.50072">
				<ele>260.9</ele>
			</trkpt>
			<trkpt lat="51.38128" lon="9.50083">
				<ele>260.9</ele>
			</trkpt>
			<trkpt lat="51.3812" lon="9.50259">
				<ele>260.9</ele>
			</trkpt>
			<trkpt lat="51.38114" lon="9.50298">
				<ele>260.9</ele>
			</trkpt>
			<trkpt lat="51.38097" lon="9.50358">
				<ele>260.9</ele>
			</trkpt>
			<trkpt lat="51.38072" lon="9.50429">
				<ele>273.66</ele>
			</trkpt>
			<trkpt lat="51.38018" lon="9.50539">
				<ele>273.66</ele>
			</trkpt>
			<trkpt lat="51.37933" lon="9.50719">
				<ele>273.66</ele>
			</trkpt>
			<trkpt lat="51.37893" lon="9.50852">
				<ele>273.66</ele>
			</trkpt>
			<trkpt lat="51.37877" lon="9.50894">
				<ele>273.66</ele>
			</trkpt>
			<trkpt lat="51.37862" lon="9.50916">
				<ele>273.66</ele>
			</trkpt>
			<trkpt lat="51.37794" lon="9.50992">
				<ele>273.66</ele>
			</trkpt>
			<trkpt lat="51.37746" lon="9.51024">
				<ele>273.66</ele>
			</trkpt>
			<trkpt lat="51.37735" lon="9.51037">
				<ele>273.66</ele>
			</trkpt>
			<trkpt lat="51.37656" lon="9.51166">
				<ele>273.66</ele>
			</trkpt>
			<trkpt lat="51.37637" lon="9.51189">
				<ele>276.18</ele>
			</trkpt>
			<trkpt lat="51.37558" lon="9.51247">
				<ele>276.18</ele>
			</trkpt>
			<trkpt lat="51.37589" lon="9.51259">
				<ele>276.18</ele>
			</trkpt>
			<trkpt lat="51.37601" lon="9.51267">
				<ele>276.18</ele>
			</trkpt>
			<trkpt lat="51.37656" lon="9.5132">
				<ele>276.18</ele>
			</trkpt>
			<trkpt lat="51.37683" lon="9.51333">
				<ele>276.18</ele>
			</trkpt>
			<trkpt lat="51.37737" lon="9.51358">
				<ele>276.18</ele>
			</trkpt>
			<trkpt lat="51.37779" lon="9.5139">
				<ele>276.18</ele>
			</trkpt>
			<trkpt lat="51.37812" lon="9.51426">
				<ele>276.18</ele>
			</trkpt>
			<trkpt lat="51.37828" lon="9.51431">
				<ele>276.18</ele>
			</trkpt>
			<trkpt lat="51.37845" lon="9.51426">
				<ele>276.18</ele>
			</trkpt>
			<trkpt lat="51.37899" lon="9.51364">
				<ele>287.77</ele>
			</trkpt>
			<trkpt lat="51.37911" lon="9.51356">
				<ele>287.77</ele>
			</trkpt>
			<trkpt lat="51.37946" lon="9.51349">
				<ele>287.77</ele>
			</trkpt>
			<trkpt lat="51.38056" lon="9.51361">
				<ele>287.77</ele>
			</trkpt>
			<trkpt lat="51.38131" lon="9.51389">
				<ele>287.77</ele>
			</trkpt>
			<trkpt lat="51.38146" lon="9.51399">
				<ele>287.77</ele>
			</trkpt>
			<trkpt lat="51.38156" lon="9.5141">
				<ele>287.77</ele>
			</trkpt>
			<trkpt lat="51.38173" lon="9.51439">
				<ele>287.77</ele>
			</trkpt>
			<trkpt lat="51.38188" lon="9.51488">
				<ele>287.77</ele>
			</trkpt>
			<trkpt lat="51.38211" lon="9.51579">
				<ele>287.77</ele>
			</trkpt>
			<trkpt lat="51.38224" lon="9.5162">
				<ele>283.14</ele>
			</trkpt>
			<trkpt lat="51.38235" lon="9.51642">
				<ele>283.14</ele>
			</trkpt>
			<trkpt lat="51.38319" lon="9.51749">
				<ele>283.14</ele>
			</trkpt>
			<trkpt lat="51.38329" lon="9.5176">
				<ele>283.14</ele>
			</trkpt>
			<trkpt lat="51.38346" lon="9.5176">
				<ele>283.14</ele>
			</trkpt>
			<trkpt lat="51.38363" lon="9.51744">
				<ele>283.14</ele>
			</trkpt>
			<trkpt lat="51.38382" lon="9.51755">
				<ele>283.14</ele>
			</trkpt>
			<trkpt lat="51.3847" lon="9.51795">
				<ele>283.14</ele>
			</trkpt>
			<trkpt lat="51.3857" lon="9.51864">
				<ele>283.14</ele>
			</trkpt>
			<trkpt lat="51.38577" lon="9.51846">
				<ele>283.14</ele>
			</trkpt>
			<trkpt lat="51.38629" lon="9.51726">
				<ele>266.07</ele>
			</trkpt>
			<trkpt lat="51.38654" lon="9.51635">
				<ele>266.07</ele>
			</trkpt>
			<trkpt lat="51.38671" lon="9.51642">
				<ele>266.07</ele>
			</trkpt>
			<trkpt lat="51.38758" lon="9.51662">
				<ele>266.07</ele>
			</trkpt>
			<trkpt lat="51.38795" lon="9.51768">
				<ele>266.07</ele>
			</trkpt>
			<trkpt lat="51.38809" lon="9.51787">
				<ele>266.07</ele>
			</trkpt>
			<trkpt lat="51.38906" lon="9.51626">
				<ele>266.07</ele>
			</trkpt>
			<trkpt lat="51.38979" lon="9.51509">
				<ele>266.07</ele>
			</trkpt>
			<trkpt lat="51.39005" lon="9.5154">
				<ele>266.07</ele>
			</trkpt>
			<trkpt lat="51.391" lon="9.51758">
				<ele>266.07</ele>
			</trkpt>
			<trkpt lat="51.39097" lon="9.51779">
				<ele>266.07</ele>
			</trkpt>
			<trkpt lat="51.39045" lon="9.51811">
				<ele>268.89</ele>
			</trkpt>
			<trkpt lat="51.39048" lon="9.51844">
				<ele>268.89</ele>
			</trkpt>
			<trkpt lat="51.39067" lon="9.51882">
				<ele>268.89</ele>
			</trkpt>
			<trkpt lat="51.39095" lon="9.51988">
				<ele>268.89</ele>
			</trkpt>
			<trkpt lat="51.39095" lon="9.52008">
				<ele>268.89</ele>
			</trkpt>
			<trkpt lat="51.39147" lon="9.5207">
				<ele>268.89</ele>
			</trkpt>
			<trkpt lat="51.39148" lon="9.52101">
				<ele>268.89</ele>
			</trkpt>
			<trkpt lat="51.39143" lon="9.52121">
				<ele>268.89</ele>
			</trkpt>
			<trkpt lat="51.39086" lon="9.52183">
				<ele>268.89</ele>
			</trkpt>
			<trkpt lat="51.39071" lon="9.52209">
				<ele>268.89</ele>
			</trkpt>
			<trkpt lat="51.38997" lon="9.52357">
				<ele>269.12</ele>
			</trkpt>
			<trkpt lat="51.38966" lon="9.52887">
				<ele>269.12</ele>
			</trkpt>
			<trkpt lat="51.38734" lon="9.52861">
				<ele>269.12</ele>
			</trkpt>
			<trkpt lat="51.38506" lon="9.52636">
				<ele>269.12</ele>
			</trkpt>
			<trkpt lat="51.38457" lon="9.52585">
				<ele>269.12</ele>
			</trkpt>
			<trkpt lat="51.38432" lon="9.52651">
				<ele>269.12</ele>
			</trkpt>
			<trkpt lat="51.38436" lon="9.52859">
				<ele>269.12</ele>
			</trkpt>
			<trkpt lat="51.38441" lon="9.52901">
				<ele>269.12</ele>
			</trkpt>
			<trkpt lat="51.38451" lon="9.52978">
				<ele>269.12</ele>
			</trkpt>
			<trkpt lat="51.3849" lon="9.53181">
				<ele>269.12</ele>
			</trkpt>
			<trkpt lat="51.38508" lon="9.53249">
				<ele>269.12</ele>
			</trkpt>
			<trkpt lat="51.38517" lon="9.53264">
				<ele>257.9</ele>
			</trkpt>
			<trkpt lat="51.38522" lon="9.53279">
				<ele>257.9</ele>
			</trkpt>
			<trkpt lat="51.38533" lon="9.53441">
				<ele>257.9</ele>
			</trkpt>
			<trkpt lat="51.38533" lon="9.53463">
				<ele>257.9</ele>
			</trkpt>
			<trkpt lat="51.38529" lon="9.53492">
				<ele>257.9</ele>
			</trkpt>
			<trkpt lat="51.38456" lon="9.53814">
				<ele>257.9</ele>
			</trkpt>
			<trkpt lat="51.38446" lon="9.53847">
				<ele>257.9</ele>
			</trkpt>
			<trkpt lat="51.38437" lon="9.53853">
				<ele>257.9</ele>
			</trkpt>
			<trkpt lat="51.38386" lon="9.53952">
				<ele>257.9</ele>
			</trkpt>
			<trkpt lat="51.38387" lon="9.53973">
				<ele>257.9</ele>
			</trkpt>
			<trkpt lat="51.38367" lon="9.5401">
				<ele>203.84</ele>
			</trkpt>
			<trkpt lat="51.38366" lon="9.54075">
				<ele>203.84</ele>
			</trkpt>
			<trkpt lat="51.38363" lon="9.54315">
				<ele>203.84</ele>
			</trkpt>
			<trkpt lat="51.38361" lon="9.54573">
				<ele>203.84</ele>
			</trkpt>
			<trkpt lat="51.38366" lon="9.54681">
				<ele>203.84</ele>
			</trkpt>
			<trkpt lat="51.38382" lon="9.5475">
				<ele>203.84</ele>
			</trkpt>
			<trkpt lat="51.38404" lon="9.54798">
				<ele>203.84</ele>
			</trkpt>
			<trkpt lat="51.38389" lon="9.54819">
				<ele>203.84</ele>
			</trkpt>
			<trkpt lat="51.38371" lon="9.54851">
				<ele>203.84</ele>
			</trkpt>
			<trkpt lat="51.38332" lon="9.54941">
				<ele>203.84</ele>
			</trkpt>
			<trkpt lat="51.38301" lon="9.5502">
				<ele>203.84</ele>
			</trkpt>
			<trkpt lat="51.38193" lon="9.55277">
				<ele>134.99</ele>
			</trkpt>
			<trkpt lat="51.3818" lon="9.55271">
				<ele>134.99</ele>
			</trkpt>
			<trkpt lat="51.38062" lon="9.55141">
				<ele>134.99</ele>
			</trkpt>
			<trkpt lat="51.38019" lon="9.55084">
				<ele>134.99</ele>
			</trkpt>
			<trkpt lat="51.38001" lon="9.55055">
				<ele>134.99</ele>
			</trkpt>
			<trkpt lat="51.3798" lon="9.55011">
				<ele>134.99</ele>
			</trkpt>
			<trkpt lat="51.37931" lon="9.54889">
				<ele>134.99</ele>
			</trkpt>
			<trkpt lat="51.37925" lon="9.549">
				<ele>134.99</ele>
			</trkpt>
			<trkpt lat="51.37914" lon="9.54913">
				<ele>134.99</ele>
			</trkpt>
			<trkpt lat="51.37899" lon="9.54973">
				<ele>134.99</ele>
			</trkpt>
			<trkpt lat="51.37877" lon="9.55008">
				<ele>134.98</ele>
			</trkpt>
			<trkpt lat="51.37818" lon="9.55083">
				<ele>134.98</ele>
			</trkpt>
			<trkpt lat="51.37773" lon="9.55119">
				<ele>134.98</ele>
			</trkpt>
			<trkpt lat="51.37743" lon="9.55152">
				<ele>134.98</ele>
			</trkpt>
			<trkpt lat="51.37716" lon="9.55186">
				<ele>134.98</ele>
			</trkpt>
			<trkpt lat="51.37685" lon="9.55245">
				<ele>134.98</ele>
			</trkpt>
			<trkpt lat="51.37625" lon="9.55131">
				<ele>134.98</ele>
			</trkpt>
			<trkpt lat="51.37607" lon="9.55102">
				<ele>134.98</ele>
			</trkpt>
			<trkpt lat="51.37555" lon="9.55041">
				<ele>134.98</ele>
			</trkpt>
			<trkpt lat="51.37527" lon="9.55077">
				<ele>134.98</ele>
			</trkpt>
			<trkpt lat="51.37345" lon="9.55263">
				<ele>134.98</ele>
			</trkpt>
			<trkpt lat="51.3724" lon="9.55396">
				<ele>142.7</ele>
			</trkpt>
			<trkpt lat="51.37073" lon="9.55633">
				<ele>142.7</ele>
			</trkpt>
			<trkpt lat="51.36982" lon="9.55818">
				<ele>142.7</ele>
			</trkpt>
			<trkpt lat="51.36942" lon="9.55892">
				<ele>142.7</ele>
			</trkpt>
			<trkpt lat="51.36887" lon="9.55986">
				<ele>142.7</ele>
			</trkpt>
			<trkpt lat="51.36869" lon="9.56005">
				<ele>142.7</ele>
			</trkpt>
			<trkpt lat="51.36755" lon="9.5606">
				<ele>142.7</ele>
			</trkpt>
			<trkpt lat="51.36807" lon="9.56275">
				<ele>142.7</ele>
			</trkpt>
			<trkpt lat="51.36803" lon="9.56295">
				<ele>142.7</ele>
			</trkpt>
			<trkpt lat="51.3679" lon="9.56302">
				<ele>142.7</ele>
			</trkpt>
			<trkpt lat="51.36687" lon="9.56262">
				<ele>170.78</ele>
			</trkpt>
			<trkpt lat="51.36673" lon="9.56254">
				<ele>170.78</ele>
			</trkpt>
			<trkpt lat="51.36518" lon="9.55982">
				<ele>170.78</ele>
			</trkpt>
			<trkpt lat="51.36488" lon="9.55926">
				<ele>170.78</ele>
			</trkpt>
			<trkpt lat="51.36453" lon="9.5585">
				<ele>170.78</ele>
			</trkpt>
			<trkpt lat="51.36422" lon="9.55774">
				<ele>170.78</ele>
			</trkpt>
			<trkpt lat="51.36415" lon="9.55764">
				<ele>170.78</ele>
			</trkpt>
			<trkpt lat="51.36395" lon="9.55758">
				<ele>170.78</ele>
			</trkpt>
			<trkpt lat="51.36388" lon="9.55768">
				<ele>170.78</ele>
			</trkpt>
			<trkpt lat="51.36383" lon="9.55785">
				<ele>170.78</ele>
			</trkpt>
			<trkpt lat="51.36392" lon="9.55873">
				<ele>170.78</ele>
			</trkpt>
			<trkpt lat="51.36399" lon="9.561">
				<ele>214.84</ele>
			</trkpt>
			<trkpt lat="51.36394" lon="9.56145">
				<ele>214.84</ele>
			</trkpt>
			<trkpt lat="51.36391" lon="9.56162">
				<ele>214.84</ele>
			</trkpt>
			<trkpt lat="51.36399" lon="9.56229">
				<ele>214.84</ele>
			</trkpt>
			<trkpt lat="51.36399" lon="9.56301">
				<ele>214.84</ele>
			</trkpt>
			<trkpt lat="51.36409" lon="9.56378">
				<ele>214.84</ele>
			</trkpt>
			<trkpt lat="51.36431" lon="9.56478">
				<ele>214.84</ele>
			</trkpt>
			<trkpt lat="51.36434" lon="9.56507">
				<ele>214.84</ele>
			</trkpt>
			<trkpt lat="51.36437" lon="9.56561">
				<ele>214.84</ele>
			</trkpt>
			<trkpt lat="51.36435" lon="9.56585">
				<ele>214.84</ele>
			</trkpt>
			<trkpt lat="51.36428" lon="9.56595">
				<ele>196.36</ele>
			</trkpt>
			<trkpt lat="51.36327" lon="9.56651">
				<ele>196.36</ele>
			</trkpt>
			<trkpt lat="51.36302" lon="9.56564">
				<ele>196.36</ele>
			</trkpt>
			<trkpt lat="51.36293" lon="9.56541">
				<ele>196.36</ele>
			</trkpt>
			<trkpt lat="51.36275" lon="9.56475">
				<ele>196.36</ele>
			</trkpt>
			<trkpt lat="51.36266" lon="9.56445">
				<ele>196.36</ele>
			</trkpt>
			<trkpt lat="51.36246" lon="9.56375">
				<ele>196.36</ele>
			</trkpt>
			<trkpt lat="51.36237" lon="9.56364">
				<ele>196.36</ele>
			</trkpt>
			<trkpt lat="51.3621" lon="9.56359">
				<ele>196.36</ele>
			</trkpt>
			<trkpt lat="51.36201" lon="9.56342">
				<ele>196.36</ele>
			</trkpt>
			<trkpt lat="51.36208" lon="9.56299">
				<ele>190.34</ele>
			</trkpt>
			<trkpt lat="51.3621" lon="9.56277">
				<ele>190.34</ele>
			</trkpt>
			<trkpt lat="51.36209" lon="9.56247">
				<ele>190.34</ele>
			</trkpt>
			<trkpt lat="51.36203" lon="9.56189">
				<ele>190.34</ele>
			</trkpt>
			<trkpt lat="51.3617" lon="9.55956">
				<ele>190.34</ele>
			</trkpt>
			<trkpt lat="51.36162" lon="9.55809">
				<ele>190.34</ele>
			</trkpt>
			<trkpt lat="51.36164" lon="9.55722">
				<ele>190.34</ele>
			</trkpt>
			<trkpt lat="51.36173" lon="9.55609">
				<ele>190.34</ele>
			</trkpt>
			<trkpt lat="51.36191" lon="9.55493">
				<ele>190.34</ele>
			</trkpt>
			<trkpt lat="51.36214" lon="9.55387">
				<ele>190.34</ele>
			</trkpt>
			<trkpt lat="51.36303" lon="9.55008">
				<ele>190.34</ele>
			</trkpt>
			<trkpt lat="51.36351" lon="9.54812">
				<ele>244.74</ele>
			</trkpt>
			<trkpt lat="51.36364" lon="9.54765">
				<ele>244.74</ele>
			</trkpt>
			<trkpt lat="51.36266" lon="9.54686">
				<ele>244.74</ele>
			</trkpt>
			<trkpt lat="51.36256" lon="9.54691">
				<ele>244.74</ele>
			</trkpt>
			<trkpt lat="51.36253" lon="9.54748">
				<ele>244.74</ele>
			</trkpt>
			<trkpt lat="51.36226" lon="9.5485">
				<ele>244.74</ele>
			</trkpt>
			<trkpt lat="51.36212" lon="9.54872">
				<ele>244.74</ele>
			</trkpt>
			<trkpt lat="51.3621" lon="9.54853">
				<ele>244.74</ele>
			</trkpt>
			<trkpt lat="51.36182" lon="9.54896">
				<ele>244.74</ele>
			</trkpt>
			<trkpt lat="51.36128" lon="9.54978">
				<ele>244.74</ele>
			</trkpt>
			<trkpt lat="51.36051" lon="9.55085">
				<ele>248.27</ele>
			</trkpt>
			<trkpt lat="51.36021" lon="9.55124">
				<ele>248.27</ele>
			</trkpt>
			<trkpt lat="51.35997" lon="9.55125">
				<ele>248.27</ele>
			</trkpt>
			<trkpt lat="51.3598" lon="9.552">
				<ele>248.27</ele>
			</trkpt>
			<trkpt lat="51.35971" lon="9.55226">
				<ele>248.27</ele>
			</trkpt>
			<trkpt lat="51.35957" lon="9.55255">
				<ele>248.27</ele>
			</trkpt>
			<trkpt lat="51.35935" lon="9.55308">
				<ele>248.27</ele>
			</trkpt>
			<trkpt lat="51.35925" lon="9.55327">
				<ele>248.27</ele>
			</trkpt>
			<trkpt lat="51.35933" lon="9.55355">
				<ele>248.27</ele>
			</trkpt>
			<trkpt lat="51.35932" lon="9.55384">
				<ele>248.27</ele>
			</trkpt>
			<trkpt lat="51.35906" lon="9.55472">
				<ele>248.27</ele>
			</trkpt>
			<trkpt lat="51.35901" lon="9.55499">
				<ele>281.73</ele>
			</trkpt>
			<trkpt lat="51.35931" lon="9.55723">
				<ele>281.73</ele>
			</trkpt>
			<trkpt lat="51.3595" lon="9.55908">
				<ele>281.73</ele>
			</trkpt>
			<trkpt lat="51.3595" lon="9.55998">
				<ele>281.73</ele>
			</trkpt>
			<trkpt lat="51.35954" lon="9.56099">
				<ele>281.73</ele>
			</trkpt>
			<trkpt lat="51.35954" lon="9.56246">
				<ele>281.73</ele>
			</trkpt>
			<trkpt lat="51.35948" lon="9.56291">
				<ele>281.73</ele>
			</trkpt>
			<trkpt lat="51.35925" lon="9.56375">
				<ele>281.73</ele>
			</trkpt>
			<trkpt lat="51.35924" lon="9.564">
				<ele>281.73</ele>
			</trkpt>
			<trkpt lat="51.35936" lon="9.56436">
				<ele>281.73</ele>
			</trkpt>
			<trkpt lat="51.35978" lon="9.56525">
				<ele>284.05</ele>
			</trkpt>
			<trkpt lat="51.35998" lon="9.56597">
				<ele>284.05</ele>
			</trkpt>
			<trkpt lat="51.36003" lon="9.56637">
				<ele>284.05</ele>
			</trkpt>
			<trkpt lat="51.36004" lon="9.56698">
				<ele>284.05</ele>
			</trkpt>
			<trkpt lat="51.36014" lon="9.56781">
				<ele>284.05</ele>
			</trkpt>
			<trkpt lat="51.36029" lon="9.5687">
				<ele>284.05</ele>
			</trkpt>
			<trkpt lat="51.36044" lon="9.56905">
				<ele>284.05</ele>
			</trkpt>
			<trkpt lat="51.36097" lon="9.56965">
				<ele>284.05</ele>
			</trkpt>
			<trkpt lat="51.3618" lon="9.57033">
				<ele>284.05</ele>
			</trkpt>
			<trkpt lat="51.36196" lon="9.57057">
				<ele>284.05</ele>
			</trkpt>
			<trkpt lat="51.36231" lon="9.57133">
				<ele>284.05</ele>
			</trkpt>
			<trkpt lat="51.36236" lon="9.57156">
				<ele>276.32</ele>
			</trkpt>
			<trkpt lat="51.36236" lon="9.57176">
				<ele>276.32</ele>
			</trkpt>
			<trkpt lat="51.36232" lon="9.57191">
				<ele>276.32</ele>
			</trkpt>
			<trkpt lat="51.36206" lon="9.5722">
				<ele>276.32</ele>
			</trkpt>
			<trkpt lat="51.36189" lon="9.57221">
				<ele>276.32</ele>
			</trkpt>
			<trkpt lat="51.36171" lon="9.57216">
				<ele>276.32</ele>
			</trkpt>
			<trkpt lat="51.36156" lon="9.57207">
				<ele>276.32</ele>
			</trkpt>
			<trkpt lat="51.3613" lon="9.57184">
				<ele>276.32</ele>
			</trkpt>
			<trkpt lat="51.36113" lon="9.57183">
				<ele>276.32</ele>
			</trkpt>
			<trkpt lat="51.36096" lon="9.57193">
				<ele>276.32</ele>
			</trkpt>
			<trkpt lat="51.3608" lon="9.57213">
				<ele>286.87</ele>
			</trkpt>
			<trkpt lat="51.36063" lon="9.57225">
				<ele>286.87</ele>
			</trkpt>
			<trkpt lat="51.36034" lon="9.57232">
				<ele>286.87</ele>
			</trkpt>
			<trkpt lat="51.35922" lon="9.57275">
				<ele>286.87</ele>
			</trkpt>
			<trkpt lat="51.35872" lon="9.57307">
				<ele>286.87</ele>
			</trkpt>
			<trkpt lat="51.35946" lon="9.573">
				<ele>286.87</ele>
			</trkpt>
			<trkpt lat="51.35974" lon="9.5729">
				<ele>286.87</ele>
			</trkpt>
			<trkpt lat="51.36006" lon="9.57285">
				<ele>286.87</ele>
			</trkpt>
			<trkpt lat="51.36077" lon="9.57321">
				<ele>286.87</ele>
			</trkpt>
			<trkpt lat="51.36088" lon="9.5733">
				<ele>286.87</ele>
			</trkpt>
			<trkpt lat="51.36115" lon="9.57403">
				<ele>286.87</ele>
			</trkpt>
			<trkpt lat="51.36144" lon="9.57463">
				<ele>296.61</ele>
			</trkpt>
			<trkpt lat="51.3613" lon="9.57483">
				<ele>296.61</ele>
			</trkpt>
			<trkpt lat="51.36115" lon="9.57495">
				<ele>296.61</ele>
			</trkpt>
			<trkpt lat="51.36091" lon="9.57501">
				<ele>296.61</ele>
			</trkpt>
			<trkpt lat="51.36078" lon="9.575">
				<ele>296.61</ele>
			</trkpt>
			<trkpt lat="51.36039" lon="9.57484">
				<ele>296.61</ele>
			</trkpt>
			<trkpt lat="51.36021" lon="9.57491">
				<ele>296.61</ele>
			</trkpt>
			<trkpt lat="51.36" lon="9.57511">
				<ele>296.61</ele>
			</trkpt>
			<trkpt lat="51.35986" lon="9.5753">
				<ele>296.61</ele>
			</trkpt>
			<trkpt lat="51.35971" lon="9.57566">
				<ele>296.61</ele>
			</trkpt>
			<trkpt lat="51.35959" lon="9.57604">
				<ele>304.65</ele>
			</trkpt>
			<trkpt lat="51.35939" lon="9.57766">
				<ele>304.65</ele>
			</trkpt>
			<trkpt lat="51.35933" lon="9.57848">
				<ele>304.65</ele>
			</trkpt>
			<trkpt lat="51.35936" lon="9.57887">
				<ele>304.65</ele>
			</trkpt>
			<trkpt lat="51.35941" lon="9.57913">
				<ele>304.65</ele>
			</trkpt>
			<trkpt lat="51.35953" lon="9.57932">
				<ele>304.65</ele>
			</trkpt>
			<trkpt lat="51.35967" lon="9.57924">
				<ele>304.65</ele>
			</trkpt>
			<trkpt lat="51.36041" lon="9.57816">
				<ele>304.65</ele>
			</trkpt>
			<trkpt lat="51.3606" lon="9.57801">
				<ele>304.65</ele>
			</trkpt>
			<trkpt lat="51.3609" lon="9.57788">
				<ele>304.65</ele>
			</trkpt>
			<trkpt lat="51.3614" lon="9.57784">
				<ele>304.65</ele>
			</trkpt>
			<trkpt lat="51.36159" lon="9.57779">
				<ele>287.4</ele>
			</trkpt>
			<trkpt lat="51.36216" lon="9.57754">
				<ele>287.4</ele>
			</trkpt>
			<trkpt lat="51.36286" lon="9.5772">
				<ele>287.4</ele>
			</trkpt>
			<trkpt lat="51.36336" lon="9.57706">
				<ele>287.4</ele>
			</trkpt>
			<trkpt lat="51.36341" lon="9.57732">
				<ele>287.4</ele>
			</trkpt>
			<trkpt lat="51.36352" lon="9.57741">
				<ele>287.4</ele>
			</trkpt>
			<trkpt lat="51.36375" lon="9.57745">
				<ele>287.4</ele>
			</trkpt>
			<trkpt lat="51.36397" lon="9.57756">
				<ele>287.4</ele>
			</trkpt>
			<trkpt lat="51.3642" lon="9.57779">
				<ele>287.4</ele>
			</trkpt>
			<trkpt lat="51.36458" lon="9.57832">
				<ele>287.4</ele>
			</trkpt>
			<trkpt lat="51.3651" lon="9.57895">
				<ele>290.5</ele>
			</trkpt>
			<trkpt lat="51.36567" lon="9.57958">
				<ele>290.5</ele>
			</trkpt>
			<trkpt lat="51.36614" lon="9.58029">
				<ele>290.5</ele>
			</trkpt>
			<trkpt lat="51.36842" lon="9.58275">
				<ele>290.5</ele>
			</trkpt>
			<trkpt lat="51.36971" lon="9.58388">
				<ele>290.5</ele>
			</trkpt>
			<trkpt lat="51.37019" lon="9.5844">
				<ele>290.5</ele>
			</trkpt>
			<trkpt lat="51.36996" lon="9.58491">
				<ele>290.5</ele>
			</trkpt>
			<trkpt lat="51.36958" lon="9.58535">
				<ele>290.5</ele>
			</trkpt>
			<trkpt lat="51.36909" lon="9.586">
				<ele>290.5</ele>
			</trkpt>
			<trkpt lat="51.36885" lon="9.58645">
				<ele>290.5</ele>
			</trkpt>
			<trkpt lat="51.36877" lon="9.58653">
				<ele>277.81</ele>
			</trkpt>
			<trkpt lat="51.36831" lon="9.58656">
				<ele>277.81</ele>
			</trkpt>
			<trkpt lat="51.368" lon="9.58676">
				<ele>277.81</ele>
			</trkpt>
			<trkpt lat="51.36787" lon="9.58691">
				<ele>277.81</ele>
			</trkpt>
			<trkpt lat="51.36766" lon="9.58723">
				<ele>277.81</ele>
			</trkpt>
			<trkpt lat="51.36737" lon="9.58777">
				<ele>277.81</ele>
			</trkpt>
			<trkpt lat="51.36646" lon="9.59166">
				<ele>277.81</ele>
			</trkpt>
			<trkpt lat="51.3663" lon="9.59222">
				<ele>277.81</ele>
			</trkpt>
			<trkpt lat="51.36612" lon="9.59266">
				<ele>277.81</ele>
			</trkpt>
			<trkpt lat="51.36594" lon="9.59298">
				<ele>277.81</ele>
			</trkpt>
			<trkpt lat="51.36558" lon="9.59349">
				<ele>277.81</ele>
			</trkpt>
			<trkpt lat="51.36532" lon="9.59392">
				<ele>308.22</ele>
			</trkpt>
			<trkpt lat="51.36528" lon="9.59406">
				<ele>308.22</ele>
			</trkpt>
			<trkpt lat="51.36533" lon="9.59514">
				<ele>308.22</ele>
			</trkpt>
			<trkpt lat="51.36528" lon="9.59591">
				<ele>308.22</ele>
			</trkpt>
			<trkpt lat="51.36528" lon="9.59633">
				<ele>308.22</ele>
			</trkpt>
			<trkpt lat="51.36531" lon="9.59664">
				<ele>308.22</ele>
			</trkpt>
			<trkpt lat="51.3654" lon="9.59706">
				<ele>308.22</ele>
			</trkpt>
			<trkpt lat="51.36552" lon="9.59755">
				<ele>308.22</ele>
			</trkpt>
			<trkpt lat="51.36573" lon="9.59817">
				<ele>308.22</ele>
			</trkpt>
			<trkpt lat="51.36577" lon="9.59836">
				<ele>308.22</ele>
			</trkpt>
			<trkpt lat="51.36566" lon="9.59855">
				<ele>319.71</ele>
			</trkpt>
			<trkpt lat="51.36555" lon="9.59856">
				<ele>319.71</ele>
			</trkpt>
			<trkpt lat="51.36507" lon="9.59853">
				<ele>319.71</ele>
			</trkpt>
			<trkpt lat="51.36464" lon="9.59831">
				<ele>319.71</ele>
			</trkpt>
			<trkpt lat="51.36374" lon="9.59774">
				<ele>319.71</ele>
			</trkpt>
			<trkpt lat="51.3634" lon="9.59913">
				<ele>319.71</ele>
			</trkpt>
			<trkpt lat="51.3633" lon="9.59932">
				<ele>319.71</ele>
			</trkpt>
			<trkpt lat="51.36316" lon="9.59947">
				<ele>319.71</ele>
			</trkpt>
			<trkpt lat="51.36228" lon="9.59988">
				<ele>319.71</ele>
			</trkpt>
			<trkpt lat="51.36214" lon="9.59998">
				<ele>319.71</ele>
			</trkpt>
			<trkpt lat="51.36203" lon="9.6001">
				<ele>319.71</ele>
			</trkpt>
			<trkpt lat="51.36081" lon="9.60271">
				<ele>302.19</ele>
			</trkpt>
			<trkpt lat="51.36061" lon="9.60309">
				<ele>302.19</ele>
			</trkpt>
			<trkpt lat="51.35761" lon="9.60257">
				<ele>302.19</ele>
			</trkpt>
			<trkpt lat="51.35688" lon="9.60242">
				<ele>302.19</ele>
			</trkpt>
			<trkpt lat="51.35656" lon="9.60229">
				<ele>302.19</ele>
			</trkpt>
			<trkpt lat="51.35601" lon="9.60199">
				<ele>302.19</ele>
			</trkpt>
			<trkpt lat="51.35505" lon="9.60138">
				<ele>302.19</ele>
			</trkpt>
			<trkpt lat="51.35398" lon="9.6008">
				<ele>302.19</ele>
			</trkpt>
			<trkpt lat="51.35302" lon="9.60017">
				<ele>302.19</ele>
			</trkpt>
			<trkpt lat="51.35292" lon="9.60004">
				<ele>302.19</ele>
			</trkpt>
			<trkpt lat="51.35268" lon="9.59954">
				<ele>299.74</ele>
			</trkpt>
			<trkpt lat="51.35251" lon="9.59911">
				<ele>299.74</ele>
			</trkpt>
			<trkpt lat="51.35215" lon="9.59862">
				<ele>299.74</ele>
			</trkpt>
			<trkpt lat="51.35208" lon="9.59883">
				<ele>299.74</ele>
			</trkpt>
			<trkpt lat="51.35204" lon="9.5992">
				<ele>299.74</ele>
			</trkpt>
			<trkpt lat="51.35195" lon="9.59949">
				<ele>299.74</ele>
			</trkpt>
			<trkpt lat="51.35178" lon="9.5997">
				<ele>299.74</ele>
			</trkpt>
			<trkpt lat="51.35138" lon="9.59997">
				<ele>299.74</ele>
			</trkpt>
			<trkpt lat="51.35035" lon="9.60036">
				<ele>299.74</ele>
			</trkpt>
			<trkpt lat="51.34921" lon="9.60092">
				<ele>299.74</ele>
			</trkpt>
			<trkpt lat="51.34896" lon="9.601">
				<ele>299.74</ele>
			</trkpt>
			<trkpt lat="51.34847" lon="9.60102">
				<ele>289.41</ele>
			</trkpt>
			<trkpt lat="51.34757" lon="9.60074">
				<ele>289.41</ele>
			</trkpt>
			<trkpt lat="51.34739" lon="9.60077">
				<ele>289.41</ele>
			</trkpt>
			<trkpt lat="51.34704" lon="9.60093">
				<ele>289.41</ele>
			</trkpt>
			<trkpt lat="51.34607" lon="9.60147">
				<ele>289.41</ele>
			</trkpt>
			<trkpt lat="51.34562" lon="9.60174">
				<ele>289.41</ele>
			</trkpt>
			<trkpt lat="51.34437" lon="9.60243">
				<ele>289.41</ele>
			</trkpt>
			<trkpt lat="51.34361" lon="9.60304">
				<ele>289.41</ele>
			</trkpt>
			<trkpt lat="51.34234" lon="9.60412">
				<ele>289.41</ele>
			</trkpt>
			<trkpt lat="51.34193" lon="9.60452">
				<ele>289.41</ele>
			</trkpt>
			<trkpt lat="51.34159" lon="9.60493">
				<ele>267.05</ele>
			</trkpt>
			<trkpt lat="51.34149" lon="9.60501">
				<ele>267.05</ele>
			</trkpt>
			<trkpt lat="51.34115" lon="9.60516">
				<ele>267.05</ele>
			</trkpt>
			<trkpt lat="51.34058" lon="9.60618">
				<ele>267.05</ele>
			</trkpt>
			<trkpt lat="51.33917" lon="9.608">
				<ele>267.05</ele>
			</trkpt>
			<trkpt lat="51.33839" lon="9.60625">
				<ele>267.05</ele>
			</trkpt>
			<trkpt lat="51.33829" lon="9.60605">
				<ele>267.05</ele>
			</trkpt>
			<trkpt lat="51.33801" lon="9.60632">
				<ele>267.05</ele>
			</trkpt>
			<trkpt lat="51.33593" lon="9.60527">
				<ele>267.05</ele>
			</trkpt>
			<trkpt lat="51.33579" lon="9.60517">
				<ele>267.05</ele>
			</trkpt>
			<trkpt lat="51.33623" lon="9.60463">
				<ele>267.05</ele>
			</trkpt>
			<trkpt lat="51.33622" lon="9.60448">
				<ele>241.86</ele>
			</trkpt>
			<trkpt lat="51.33097" lon="9.59721">
				<ele>241.86</ele>
			</trkpt>
			<trkpt lat="51.3313" lon="9.59661">
				<ele>241.86</ele>
			</trkpt>
			<trkpt lat="51.3317" lon="9.59624">
				<ele>241.86</ele>
			</trkpt>
			<trkpt lat="51.3303" lon="9.59332">
				<ele>241.86</ele>
			</trkpt>
			<trkpt lat="51.33045" lon="9.59256">
				<ele>241.86</ele>
			</trkpt>
			<trkpt lat="51.33098" lon="9.59121">
				<ele>241.86</ele>
			</trkpt>
			<trkpt lat="51.33141" lon="9.59021">
				<ele>241.86</ele>
			</trkpt>
			<trkpt lat="51.33168" lon="9.58977">
				<ele>241.86</ele>
			</trkpt>
			<trkpt lat="51.33172" lon="9.58943">
				<ele>241.86</ele>
			</trkpt>
			<trkpt lat="51.33202" lon="9.58901">
				<ele>236.59</ele>
			</trkpt>
			<trkpt lat="51.33235" lon="9.58865">
				<ele>236.59</ele>
			</trkpt>
			<trkpt lat="51.33348" lon="9.58732">
				<ele>236.59</ele>
			</trkpt>
			<trkpt lat="51.33368" lon="9.58705">
				<ele>236.59</ele>
			</trkpt>
			<trkpt lat="51.33348" lon="9.58702">
				<ele>236.59</ele>
			</trkpt>
			<trkpt lat="51.3333" lon="9.58688">
				<ele>236.59</ele>
			</trkpt>
			<trkpt lat="51.33303" lon="9.58657">
				<ele>236.59</ele>
			</trkpt>
			<trkpt lat="51.33272" lon="9.58611">
				<ele>236.59</ele>
			</trkpt>
			<trkpt lat="51.3322" lon="9.58572">
				<ele>236.59</ele>
			</trkpt>
			<trkpt lat="51.33161" lon="9.58673">
				<ele>236.59</ele>
			</trkpt>
			<trkpt lat="51.33038" lon="9.58786">
				<ele>236.59</ele>
			</trkpt>
			<trkpt lat="51.32921" lon="9.58875">
				<ele>202.95</ele>
			</trkpt>
			<trkpt lat="51.32781" lon="9.59029">
				<ele>202.95</ele>
			</trkpt>
			<trkpt lat="51.32757" lon="9.59047">
				<ele>202.95</ele>
			</trkpt>
			<trkpt lat="51.32744" lon="9.59053">
				<ele>202.95</ele>
			</trkpt>
			<trkpt lat="51.32712" lon="9.59086">
				<ele>202.95</ele>
			</trkpt>
			<trkpt lat="51.32682" lon="9.59122">
				<ele>202.95</ele>
			</trkpt>
			<trkpt lat="51.32671" lon="9.59156">
				<ele>202.95</ele>
			</trkpt>
			<trkpt lat="51.32648" lon="9.59169">
				<ele>202.95</ele>
			</trkpt>
			<trkpt lat="51.32577" lon="9.58793">
				<ele>202.95</ele>
			</trkpt>
			<trkpt lat="51.32561" lon="9.58717">
				<ele>202.95</ele>
			</trkpt>
			<trkpt lat="51.3254" lon="9.58636">
				<ele>171.79</ele>
			</trkpt>
			<trkpt lat="51.32527" lon="9.58616">
				<ele>171.79</ele>
			</trkpt>
			<trkpt lat="51.32519" lon="9.58591">
				<ele>171.79</ele>
			</trkpt>
			<trkpt lat="51.32518" lon="9.58563">
				<ele>171.79</ele>
			</trkpt>
			<trkpt lat="51.32523" lon="9.58546">
				<ele>171.79</ele>
			</trkpt>
			<trkpt lat="51.3257" lon="9.58491">
				<ele>171.79</ele>
			</trkpt>
			<trkpt lat="51.32578" lon="9.58478">
				<ele>171.79</ele>
			</trkpt>
			<trkpt lat="51.32573" lon="9.58493">
				<ele>171.79</ele>
			</trkpt>
			<trkpt lat="51.32578" lon="9.58478">
				<ele>171.79</ele>
			</trkpt>
			<trkpt lat="51.32586" lon="9.58458">
				<ele>171.79</ele>
			</trkpt>
			<trkpt lat="51.32585" lon="9.58437">
				<ele>171.79</ele>
			</trkpt>
			<trkpt lat="51.32576" lon="9.58392">
				<ele>213.79</ele>
			</trkpt>
			<trkpt lat="51.32571" lon="9.58374">
				<ele>213.79</ele>
			</trkpt>
			<trkpt lat="51.32555" lon="9.58341">
				<ele>213.79</ele>
			</trkpt>
			<trkpt lat="51.32532" lon="9.58316">
				<ele>213.79</ele>
			</trkpt>
			<trkpt lat="51.32497" lon="9.58296">
				<ele>213.79</ele>
			</trkpt>
			<trkpt lat="51.32478" lon="9.58296">
				<ele>213.79</ele>
			</trkpt>
			<trkpt lat="51.32463" lon="9.58291">
				<ele>213.79</ele>
			</trkpt>
			<trkpt lat="51.32451" lon="9.58276">
				<ele>213.79</ele>
			</trkpt>
			<trkpt lat="51.32431" lon="9.58228">
				<ele>213.79</ele>
			</trkpt>
			<trkpt lat="51.32404" lon="9.58124">
				<ele>213.79</ele>
			</trkpt>
			<trkpt lat="51.32394" lon="9.58086">
				<ele>255.12</ele>
			</trkpt>
			<trkpt lat="51.32374" lon="9.57971">
				<ele>255.12</ele>
			</trkpt>
			<trkpt lat="51.32335" lon="9.57993">
				<ele>255.12</ele>
			</trkpt>
			<trkpt lat="51.32283" lon="9.58036">
				<ele>255.12</ele>
			</trkpt>
			<trkpt lat="51.32244" lon="9.58059">
				<ele>255.12</ele>
			</trkpt>
			<trkpt lat="51.32205" lon="9.58053">
				<ele>255.12</ele>
			</trkpt>
			<trkpt lat="51.32022" lon="9.58065">
				<ele>255.12</ele>
			</trkpt>
			<trkpt lat="51.31999" lon="9.58063">
				<ele>255.12</ele>
			</trkpt>
			<trkpt lat="51.31981" lon="9.58056">
				<ele>255.12</ele>
			</trkpt>
			<trkpt lat="51.31967" lon="9.58042">
				<ele>255.12</ele>
			</trkpt>
			<trkpt lat="51.31919" lon="9.57898">
				<ele>266.37</ele>
			</trkpt>
			<trkpt lat="51.31892" lon="9.57805">
				<ele>266.37</ele>
			</trkpt>
			<trkpt lat="51.31853" lon="9.57846">
				<ele>266.37</ele>
			</trkpt>
			<trkpt lat="51.31821" lon="9.57866">
				<ele>266.37</ele>
			</trkpt>
			<trkpt lat="51.31798" lon="9.57876">
				<ele>266.37</ele>
			</trkpt>
			<trkpt lat="51.3177" lon="9.57882">
				<ele>266.37</ele>
			</trkpt>
			<trkpt lat="51.31607" lon="9.57903">
				<ele>266.37</ele>
			</trkpt>
			<trkpt lat="51.31646" lon="9.58036">
				<ele>266.37</ele>
			</trkpt>
			<trkpt lat="51.31673" lon="9.58159">
				<ele>266.37</ele>
			</trkpt>
			<trkpt lat="51.31682" lon="9.58219">
				<ele>266.37</ele>
			</trkpt>
			<trkpt lat="51.31742" lon="9.58434">
				<ele>266.37</ele>
			</trkpt>
			<trkpt lat="51.31764" lon="9.58539">
				<ele>280.31</ele>
			</trkpt>
			<trkpt lat="51.31774" lon="9.5857">
				<ele>280.31</ele>
			</trkpt>
			<trkpt lat="51.31783" lon="9.58632">
				<ele>280.31</ele>
			</trkpt>
			<trkpt lat="51.31793" lon="9.58665">
				<ele>280.31</ele>
			</trkpt>
			<trkpt lat="51.31804" lon="9.58723">
				<ele>280.31</ele>
			</trkpt>
			<trkpt lat="51.31816" lon="9.58807">
				<ele>280.31</ele>
			</trkpt>
			<trkpt lat="51.31801" lon="9.58787">
				<ele>280.31</ele>
			</trkpt>
			<trkpt lat="51.31787" lon="9.58773">
				<ele>280.31</ele>
			</trkpt>
			<trkpt lat="51.31774" lon="9.58753">
				<ele>280.31</ele>
			</trkpt>
			<trkpt lat="51.31762" lon="9.58721">
				<ele>280.31</ele>
			</trkpt>
			<trkpt lat="51.31729" lon="9.5865">
				<ele>328.64</ele>
			</trkpt>
			<trkpt lat="51.31711" lon="9.58616">
				<ele>328.64</ele>
			</trkpt>
			<trkpt lat="51.31697" lon="9.58579">
				<ele>328.64</ele>
			</trkpt>
			<trkpt lat="51.31684" lon="9.58521">
				<ele>328.64</ele>
			</trkpt>
			<trkpt lat="51.31677" lon="9.58503">
				<ele>328.64</ele>
			</trkpt>
			<trkpt lat="51.31669" lon="9.58491">
				<ele>328.64</ele>
			</trkpt>
			<trkpt lat="51.31655" lon="9.58458">
				<ele>328.64</ele>
			</trkpt>
			<trkpt lat="51.31645" lon="9.58458">
				<ele>328.64</ele>
			</trkpt>
			<trkpt lat="51.31636" lon="9.58462">
				<ele>328.64</ele>
			</trkpt>
			<trkpt lat="51.3153" lon="9.58577">
				<ele>328.64</ele>
			</trkpt>
			<trkpt lat="51.31516" lon="9.58596">
				<ele>328.64</ele>
			</trkpt>
			<trkpt lat="51.31513" lon="9.58637">
				<ele>331.98</ele>
			</trkpt>
			<trkpt lat="51.31517" lon="9.5866">
				<ele>331.98</ele>
			</trkpt>
			<trkpt lat="51.31518" lon="9.58686">
				<ele>331.98</ele>
			</trkpt>
			<trkpt lat="51.31516" lon="9.58731">
				<ele>331.98</ele>
			</trkpt>
			<trkpt lat="51.31496" lon="9.58794">
				<ele>331.98</ele>
			</trkpt>
			<trkpt lat="51.31485" lon="9.58842">
				<ele>331.98</ele>
			</trkpt>
			<trkpt lat="51.31472" lon="9.58923">
				<ele>331.98</ele>
			</trkpt>
			<trkpt lat="51.31445" lon="9.59015">
				<ele>331.98</ele>
			</trkpt>
			<trkpt lat="51.31427" lon="9.59066">
				<ele>331.98</ele>
			</trkpt>
			<trkpt lat="51.31415" lon="9.59152">
				<ele>331.98</ele>
			</trkpt>
			<trkpt lat="51.31395" lon="9.59236">
				<ele>303.57</ele>
			</trkpt>
			<trkpt lat="51.31392" lon="9.59401">
				<ele>303.57</ele>
			</trkpt>
			<trkpt lat="51.31384" lon="9.59448">
				<ele>303.57</ele>
			</trkpt>
			<trkpt lat="51.31369" lon="9.59504">
				<ele>303.57</ele>
			</trkpt>
			<trkpt lat="51.31373" lon="9.59521">
				<ele>303.57</ele>
			</trkpt>
			<trkpt lat="51.31383" lon="9.59515">
				<ele>303.57</ele>
			</trkpt>
			<trkpt lat="51.31404" lon="9.59463">
				<ele>303.57</ele>
			</trkpt>
			<trkpt lat="51.31434" lon="9.59414">
				<ele>303.57</ele>
			</trkpt>
			<trkpt lat="51.31469" lon="9.59379">
				<ele>303.57</ele>
			</trkpt>
			<trkpt lat="51.31501" lon="9.59358">
				<ele>303.57</ele>
			</trkpt>
			<trkpt lat="51.31511" lon="9.59356">
				<ele>303.57</ele>
			</trkpt>
			<trkpt lat="51.31528" lon="9.59359">
				<ele>292.88</ele>
			</trkpt>
			<trkpt lat="51.31581" lon="9.59446">
				<ele>292.88</ele>
			</trkpt>
			<trkpt lat="51.31605" lon="9.59494">
				<ele>292.88</ele>
			</trkpt>
			<trkpt lat="51.31648" lon="9.59643">
				<ele>292.88</ele>
			</trkpt>
			<trkpt lat="51.317" lon="9.5975">
				<ele>292.88</ele>
			</trkpt>
			<trkpt lat="51.31794" lon="9.59895">
				<ele>292.88</ele>
			</trkpt>
			<trkpt lat="51.31809" lon="9.5993">
				<ele>292.88</ele>
			</trkpt>
			<trkpt lat="51.31912" lon="9.60046">
				<ele>292.88</ele>
			</trkpt>
			<trkpt lat="51.31941" lon="9.60085">
				<ele>292.88</ele>
			</trkpt>
			<trkpt lat="51.32093" lon="9.60211">
				<ele>292.88</ele>
			</trkpt>
			<trkpt lat="51.32125" lon="9.60251">
				<ele>315.77</ele>
			</trkpt>
			<trkpt lat="51.32135" lon="9.60272">
				<ele>315.77</ele>
			</trkpt>
			<trkpt lat="51.3214" lon="9.60291">
				<ele>315.77</ele>
			</trkpt>
			<trkpt lat="51.32141" lon="9.60324">
				<ele>315.77</ele>
			</trkpt>
			<trkpt lat="51.32123" lon="9.60426">
				<ele>315.77</ele>
			</trkpt>
			<trkpt lat="51.32094" lon="9.60527">
				<ele>315.77</ele>
			</trkpt>
			<trkpt lat="51.32058" lon="9.6069">
				<ele>315.77</ele>
			</trkpt>
			<trkpt lat="51.32059" lon="9.60776">
				<ele>315.77</ele>
			</trkpt>
			<trkpt lat="51.32076" lon="9.60927">
				<ele>315.77</ele>
			</trkpt>
			<trkpt lat="51.32077" lon="9.61042">
				<ele>315.77</ele>
			</trkpt>
			<trkpt lat="51.32082" lon="9.61061">
				<ele>315.77</ele>
			</trkpt>
			<trkpt lat="51.321" lon="9.61091">
				<ele>327.75</ele>
			</trkpt>
			<trkpt lat="51.32191" lon="9.61185">
				<ele>327.75</ele>
			</trkpt>
			<trkpt lat="51.323" lon="9.61331">
				<ele>327.75</ele>
			</trkpt>
			<trkpt lat="51.3239" lon="9.61427">
				<ele>327.75</ele>
			</trkpt>
			<trkpt lat="51.32395" lon="9.61447">
				<ele>327.75</ele>
			</trkpt>
			<trkpt lat="51.32396" lon="9.62175">
				<ele>327.75</ele>
			</trkpt>
			<trkpt lat="51.32366" lon="9.62356">
				<ele>327.75</ele>
			</trkpt>
			<trkpt lat="51.32357" lon="9.62421">
				<ele>327.75</ele>
			</trkpt>
			<trkpt lat="51.32303" lon="9.62596">
				<ele>327.75</ele>
			</trkpt>
			<trkpt lat="51.3226" lon="9.62696">
				<ele>327.75</ele>
			</trkpt>
			<trkpt lat="51.32229" lon="9.6275">
				<ele>310.55</ele>
			</trkpt>
			<trkpt lat="51.32148" lon="9.62824">
				<ele>310.55</ele>
			</trkpt>
			<trkpt lat="51.32077" lon="9.62879">
				<ele>310.55</ele>
			</trkpt>
			<trkpt lat="51.32069" lon="9.62897">
				<ele>310.55</ele>
			</trkpt>
			<trkpt lat="51.32081" lon="9.62948">
				<ele>310.55</ele>
			</trkpt>
			<trkpt lat="51.32083" lon="9.62973">
				<ele>310.55</ele>
			</trkpt>
			<trkpt lat="51.32082" lon="9.6303">
				<ele>310.55</ele>
			</trkpt>
			<trkpt lat="51.32077" lon="9.63051">
				<ele>310.55</ele>
			</trkpt>
			<trkpt lat="51.32052" lon="9.63116">
				<ele>310.55</ele>
			</trkpt>
			<trkpt lat="51.32033" lon="9.63153">
				<ele>310.55</ele>
			</trkpt>
			<trkpt lat="51.3201" lon="9.63184">
				<ele>310.55</ele>
			</trkpt>
			<trkpt lat="51.32005" lon="9.63198">
				<ele>290.39</ele>
			</trkpt>
			<trkpt lat="51.31984" lon="9.63215">
				<ele>290.39</ele>
			</trkpt>
			<trkpt lat="51.31964" lon="9.63246">
				<ele>290.39</ele>
			</trkpt>
			<trkpt lat="51.31913" lon="9.63304">
				<ele>290.39</ele>
			</trkpt>
			<trkpt lat="51.31894" lon="9.6332">
				<ele>290.39</ele>
			</trkpt>
			<trkpt lat="51.31853" lon="9.63391">
				<ele>290.39</ele>
			</trkpt>
			<trkpt lat="51.31811" lon="9.63428">
				<ele>290.39</ele>
			</trkpt>
			<trkpt lat="51.31801" lon="9.63428">
				<ele>290.39</ele>
			</trkpt>
			<trkpt lat="51.31789" lon="9.63439">
				<ele>290.39</ele>
			</trkpt>
			<trkpt lat="51.31768" lon="9.63462">
				<ele>290.39</ele>
			</trkpt>
			<trkpt lat="51.31741" lon="9.63501">
				<ele>280.35</ele>
			</trkpt>
			<trkpt lat="51.31725" lon="9.63542">
				<ele>280.35</ele>
			</trkpt>
			<trkpt lat="51.31726" lon="9.63581">
				<ele>280.35</ele>
			</trkpt>
			<trkpt lat="51.31721" lon="9.63615">
				<ele>280.35</ele>
			</trkpt>
			<trkpt lat="51.31673" lon="9.63757">
				<ele>280.35</ele>
			</trkpt>
			<trkpt lat="51.31614" lon="9.63843">
				<ele>280.35</ele>
			</trkpt>
			<trkpt lat="51.31571" lon="9.63889">
				<ele>280.35</ele>
			</trkpt>
			<trkpt lat="51.31548" lon="9.63906">
				<ele>280.35</ele>
			</trkpt>
			<trkpt lat="51.31537" lon="9.63896">
				<ele>280.35</ele>
			</trkpt>
			<trkpt lat="51.31512" lon="9.63881">
				<ele>280.35</ele>
			</trkpt>
			<trkpt lat="51.31407" lon="9.63779">
				<ele>297.85</ele>
			</trkpt>
			<trkpt lat="51.31367" lon="9.63755">
				<ele>297.85</ele>
			</trkpt>
			<trkpt lat="51.31327" lon="9.63717">
				<ele>297.85</ele>
			</trkpt>
			<trkpt lat="51.31307" lon="9.63705">
				<ele>297.85</ele>
			</trkpt>
			<trkpt lat="51.31241" lon="9.63704">
				<ele>297.85</ele>
			</trkpt>
			<trkpt lat="51.31228" lon="9.6372">
				<ele>297.85</ele>
			</trkpt>
			<trkpt lat="51.31188" lon="9.63699">
				<ele>297.85</ele>
			</trkpt>
			<trkpt lat="51.3114" lon="9.63654">
				<ele>297.85</ele>
			</trkpt>
			<trkpt lat="51.31118" lon="9.63623">
				<ele>297.85</ele>
			</trkpt>
			<trkpt lat="51.31106" lon="9.63623">
				<ele>297.85</ele>
			</trkpt>
			<trkpt lat="51.30808" lon="9.63538">
				<ele>297.85</ele>
			</trkpt>
			<trkpt lat="51.3057" lon="9.63454">
				<ele>290.76</ele>
			</trkpt>
			<trkpt lat="51.30575" lon="9.63368">
				<ele>290.76</ele>
			</trkpt>
			<trkpt lat="51.30604" lon="9.63159">
				<ele>290.76</ele>
			</trkpt>
			<trkpt lat="51.30628" lon="9.63047">
				<ele>290.76</ele>
			</trkpt>
			<trkpt lat="51.30685" lon="9.62824">
				<ele>290.76</ele>
			</trkpt>
			<trkpt lat="51.30692" lon="9.6279">
				<ele>290.76</ele>
			</trkpt>
			<trkpt lat="51.30713" lon="9.62671">
				<ele>290.76</ele>
			</trkpt>
			<trkpt lat="51.30765" lon="9.62303">
				<ele>290.76</ele>
			</trkpt>
			<trkpt lat="51.3078" lon="9.62293">
				<ele>290.76</ele>
			</trkpt>
			<trkpt lat="51.30781" lon="9.62196">
				<ele>290.76</ele>
			</trkpt>
			<trkpt lat="51.30763" lon="9.61982">
				<ele>263.97</ele>
			</trkpt>
			<trkpt lat="51.3075" lon="9.61796">
				<ele>263.97</ele>
			</trkpt>
			<trkpt lat="51.30735" lon="9.61735">
				<ele>263.97</ele>
			</trkpt>
			<trkpt lat="51.30708" lon="9.61689">
				<ele>263.97</ele>
			</trkpt>
			<trkpt lat="51.30676" lon="9.61625">
				<ele>263.97</ele>
			</trkpt>
			<trkpt lat="51.30666" lon="9.61597">
				<ele>263.97</ele>
			</trkpt>
			<trkpt lat="51.30653" lon="9.61534">
				<ele>263.97</ele>
			</trkpt>
			<trkpt lat="51.30637" lon="9.61405">
				<ele>263.97</ele>
			</trkpt>
			<trkpt lat="51.30624" lon="9.6132">
				<ele>263.97</ele>
			</trkpt>
			<trkpt lat="51.30621" lon="9.61298">
				<ele>263.97</ele>
			</trkpt>
			<trkpt lat="51.30632" lon="9.61286">
				<ele>263.97</ele>
			</trkpt>
			<trkpt lat="51.30653" lon="9.61269">
				<ele>244.94</ele>
			</trkpt>
			<trkpt lat="51.3067" lon="9.61278">
				<ele>244.94</ele>
			</trkpt>
			<trkpt lat="51.30688" lon="9.61264">
				<ele>244.94</ele>
			</trkpt>
			<trkpt lat="51.30698" lon="9.6126">
				<ele>244.94</ele>
			</trkpt>
			<trkpt lat="51.30707" lon="9.61266">
				<ele>244.94</ele>
			</trkpt>
			<trkpt lat="51.30713" lon="9.61277">
				<ele>244.94</ele>
			</trkpt>
			<trkpt lat="51.30722" lon="9.61279">
				<ele>244.94</ele>
			</trkpt>
			<trkpt lat="51.30739" lon="9.61296">
				<ele>244.94</ele>
			</trkpt>
			<trkpt lat="51.30753" lon="9.61297">
				<ele>244.94</ele>
			</trkpt>
			<trkpt lat="51.30772" lon="9.61287">
				<ele>244.94</ele>
			</trkpt>
			<trkpt lat="51.30783" lon="9.61291">
				<ele>241.18</ele>
			</trkpt>
			<trkpt lat="51.30804" lon="9.61314">
				<ele>241.18</ele>
			</trkpt>
			<trkpt lat="51.30814" lon="9.61332">
				<ele>241.18</ele>
			</trkpt>
			<trkpt lat="51.30831" lon="9.61342">
				<ele>241.18</ele>
			</trkpt>
			<trkpt lat="51.3085" lon="9.61333">
				<ele>241.18</ele>
			</trkpt>
			<trkpt lat="51.30862" lon="9.61316">
				<ele>241.18</ele>
			</trkpt>
			<trkpt lat="51.30888" lon="9.61334">
				<ele>241.18</ele>
			</trkpt>
			<trkpt lat="51.30908" lon="9.61332">
				<ele>241.18</ele>
			</trkpt>
			<trkpt lat="51.30918" lon="9.61336">
				<ele>241.18</ele>
			</trkpt>
			<trkpt lat="51.30927" lon="9.61335">
				<ele>241.18</ele>
			</trkpt>
			<trkpt lat="51.30941" lon="9.61322">
				<ele>241.18</ele>
			</trkpt>
			<trkpt lat="51.30965" lon="9.61314">
				<ele>232.2</ele>
			</trkpt>
			<trkpt lat="51.30992" lon="9.61331">
				<ele>232.2</ele>
			</trkpt>
			<trkpt lat="51.31111" lon="9.61429">
				<ele>232.2</ele>
			</trkpt>
			<trkpt lat="51.31135" lon="9.6144">
				<ele>232.2</ele>
			</trkpt>
			<trkpt lat="51.31149" lon="9.6145">
				<ele>232.2</ele>
			</trkpt>
			<trkpt lat="51.31158" lon="9.61418">
				<ele>232.2</ele>
			</trkpt>
			<trkpt lat="51.31169" lon="9.6138">
				<ele>232.2</ele>
			</trkpt>
			<trkpt lat="51.31192" lon="9.61248">
				<ele>232.2</ele>
			</trkpt>
			<trkpt lat="51.31204" lon="9.61215">
				<ele>232.2</ele>
			</trkpt>
			<trkpt lat="51.31346" lon="9.6094">
				<ele>232.2</ele>
			</trkpt>
			<trkpt lat="51.31349" lon="9.60915">
				<ele>191.65</ele>
			</trkpt>
			<trkpt lat="51.3134" lon="9.609">
				<ele>191.65</ele>
			</trkpt>
			<trkpt lat="51.31303" lon="9.60861">
				<ele>191.65</ele>
			</trkpt>
			<trkpt lat="51.31275" lon="9.60826">
				<ele>191.65</ele>
			</trkpt>
			<trkpt lat="51.31248" lon="9.60782">
				<ele>191.65</ele>
			</trkpt>
			<trkpt lat="51.31219" lon="9.60726">
				<ele>191.65</ele>
			</trkpt>
			<trkpt lat="51.31193" lon="9.60439">
				<ele>191.65</ele>
			</trkpt>
			<trkpt lat="51.31184" lon="9.60364">
				<ele>191.65</ele>
			</trkpt>
			<trkpt lat="51.31175" lon="9.60311">
				<ele>191.65</ele>
			</trkpt>
			<trkpt lat="51.31162" lon="9.60259">
				<ele>191.65</ele>
			</trkpt>
			<trkpt lat="51.31153" lon="9.60186">
				<ele>191.65</ele>
			</trkpt>
			<trkpt lat="51.31152" lon="9.60129">
				<ele>215.86</ele>
			</trkpt>
			<trkpt lat="51.31148" lon="9.60093">
				<ele>215.86</ele>
			</trkpt>
			<trkpt lat="51.31148" lon="9.60061">
				<ele>215.86</ele>
			</trkpt>
			<trkpt lat="51.30904" lon="9.59912">
				<ele>215.86</ele>
			</trkpt>
			<trkpt lat="51.30887" lon="9.59898">
				<ele>215.86</ele>
			</trkpt>
			<trkpt lat="51.3086" lon="9.59855">
				<ele>215.86</ele>
			</trkpt>
			<trkpt lat="51.3064" lon="9.59457">
				<ele>215.86</ele>
			</trkpt>
			<trkpt lat="51.3063" lon="9.59472">
				<ele>215.86</ele>
			</trkpt>
			<trkpt lat="51.30622" lon="9.59509">
				<ele>215.86</ele>
			</trkpt>
			<trkpt lat="51.30617" lon="9.59554">
				<ele>215.86</ele>
			</trkpt>
			<trkpt lat="51.30604" lon="9.59557">
				<ele>247.09</ele>
			</trkpt>
			<trkpt lat="51.30582" lon="9.59531">
				<ele>247.09</ele>
			</trkpt>
			<trkpt lat="51.30475" lon="9.59378">
				<ele>247.09</ele>
			</trkpt>
			<trkpt lat="51.30397" lon="9.59269">
				<ele>247.09</ele>
			</trkpt>
			<trkpt lat="51.30289" lon="9.59096">
				<ele>247.09</ele>
			</trkpt>
			<trkpt lat="51.30198" lon="9.58997">
				<ele>247.09</ele>
			</trkpt>
			<trkpt lat="51.30162" lon="9.58975">
				<ele>247.09</ele>
			</trkpt>
			<trkpt lat="51.30116" lon="9.58959">
				<ele>247.09</ele>
			</trkpt>
			<trkpt lat="51.30037" lon="9.58902">
				<ele>247.09</ele>
			</trkpt>
			<trkpt lat="51.30034" lon="9.58888">
				<ele>247.09</ele>
			</trkpt>
			<trkpt lat="51.30048" lon="9.58852">
				<ele>247.09</ele>
			</trkpt>
			<trkpt lat="51.30013" lon="9.58818">
				<ele>182.65</ele>
			</trkpt>
			<trkpt lat="51.29995" lon="9.58798">
				<ele>182.65</ele>
			</trkpt>
			<trkpt lat="51.29971" lon="9.58757">
				<ele>182.65</ele>
			</trkpt>
			<trkpt lat="51.2996" lon="9.58727">
				<ele>182.65</ele>
			</trkpt>
			<trkpt lat="51.29961" lon="9.58677">
				<ele>182.65</ele>
			</trkpt>
			<trkpt lat="51.29944" lon="9.58714">
				<ele>182.65</ele>
			</trkpt>
			<trkpt lat="51.29929" lon="9.58724">
				<ele>182.65</ele>
			</trkpt>
			<trkpt lat="51.29921" lon="9.58742">
				<ele>182.65</ele>
			</trkpt>
			<trkpt lat="51.29908" lon="9.58826">
				<ele>182.65</ele>
			</trkpt>
			<trkpt lat="51.29901" lon="9.58858">
				<ele>182.65</ele>
			</trkpt>
			<trkpt lat="51.2989" lon="9.58888">
				<ele>185.97</ele>
			</trkpt>
			<trkpt lat="51.29859" lon="9.58957">
				<ele>185.97</ele>
			</trkpt>
			<trkpt lat="51.29837" lon="9.58996">
				<ele>185.97</ele>
			</trkpt>
			<trkpt lat="51.29798" lon="9.59048">
				<ele>185.97</ele>
			</trkpt>
			<trkpt lat="51.29746" lon="9.59089">
				<ele>185.97</ele>
			</trkpt>
			<trkpt lat="51.29731" lon="9.59106">
				<ele>185.97</ele>
			</trkpt>
			<trkpt lat="51.29689" lon="9.59088">
				<ele>185.97</ele>
			</trkpt>
			<trkpt lat="51.29674" lon="9.59086">
				<ele>185.97</ele>
			</trkpt>
			<trkpt lat="51.29549" lon="9.59301">
				<ele>185.97</ele>
			</trkpt>
			<trkpt lat="51.29458" lon="9.59415">
				<ele>185.97</ele>
			</trkpt>
			<trkpt lat="51.2929" lon="9.59659">
				<ele>193.05</ele>
			</trkpt>
			<trkpt lat="51.29256" lon="9.59717">
				<ele>193.05</ele>
			</trkpt>
			<trkpt lat="51.29248" lon="9.59741">
				<ele>193.05</ele>
			</trkpt>
			<trkpt lat="51.29235" lon="9.59799">
				<ele>193.05</ele>
			</trkpt>
			<trkpt lat="51.29182" lon="9.59801">
				<ele>193.05</ele>
			</trkpt>
			<trkpt lat="51.28954" lon="9.59772">
				<ele>193.05</ele>
			</trkpt>
			<trkpt lat="51.28941" lon="9.59777">
				<ele>193.05</ele>
			</trkpt>
			<trkpt lat="51.28923" lon="9.59797">
				<ele>193.05</ele>
			</trkpt>
			<trkpt lat="51.28938" lon="9.596">
				<ele>193.05</ele>
			</trkpt>
			<trkpt lat="51.28947" lon="9.59536">
				<ele>193.05</ele>
			</trkpt>
			<trkpt lat="51.28952" lon="9.59517">
				<ele>193.05</ele>
			</trkpt>
			<trkpt lat="51.28979" lon="9.59466">
				<ele>200.23</ele>
			</trkpt>
			<trkpt lat="51.28991" lon="9.59396">
				<ele>200.23</ele>
			</trkpt>
			<trkpt lat="51.29001" lon="9.59365">
				<ele>200.23</ele>
			</trkpt>
			<trkpt lat="51.2899" lon="9.59352">
				<ele>200.23</ele>
			</trkpt>
			<trkpt lat="51.28937" lon="9.59367">
				<ele>200.23</ele>
			</trkpt>
			<trkpt lat="51.28926" lon="9.59389">
				<ele>200.23</ele>
			</trkpt>
			<trkpt lat="51.28898" lon="9.59425">
				<ele>200.23</ele>
			</trkpt>
			<trkpt lat="51.28875" lon="9.59463">
				<ele>200.23</ele>
			</trkpt>
			<trkpt lat="51.28851" lon="9.59496">
				<ele>200.23</ele>
			</trkpt>
			<trkpt lat="51.28845" lon="9.59516">
				<ele>200.23</ele>
			</trkpt>
			<trkpt lat="51.28782" lon="9.59615">
				<ele>200.91</ele>
			</trkpt>
			<trkpt lat="51.28759" lon="9.59659">
				<ele>200.91</ele>
			</trkpt>
			<trkpt lat="51.28751" lon="9.59681">
				<ele>200.91</ele>
			</trkpt>
			<trkpt lat="51.28756" lon="9.59847">
				<ele>200.91</ele>
			</trkpt>
			<trkpt lat="51.28754" lon="9.59873">
				<ele>200.91</ele>
			</trkpt>
			<trkpt lat="51.28745" lon="9.59916">
				<ele>200.91</ele>
			</trkpt>
			<trkpt lat="51.28733" lon="9.59943">
				<ele>200.91</ele>
			</trkpt>
			<trkpt lat="51.28717" lon="9.59966">
				<ele>200.91</ele>
			</trkpt>
			<trkpt lat="51.28692" lon="9.59993">
				<ele>200.91</ele>
			</trkpt>
			<trkpt lat="51.28657" lon="9.60026">
				<ele>200.91</ele>
			</trkpt>
			<trkpt lat="51.28633" lon="9.60031">
				<ele>200.91</ele>
			</trkpt>
			<trkpt lat="51.2866" lon="9.60116">
				<ele>202.83</ele>
			</trkpt>
			<trkpt lat="51.2866" lon="9.60131">
				<ele>202.83</ele>
			</trkpt>
			<trkpt lat="51.28636" lon="9.60192">
				<ele>202.83</ele>
			</trkpt>
			<trkpt lat="51.28625" lon="9.60238">
				<ele>202.83</ele>
			</trkpt>
			<trkpt lat="51.28646" lon="9.60249">
				<ele>202.83</ele>
			</trkpt>
			<trkpt lat="51.28661" lon="9.60252">
				<ele>202.83</ele>
			</trkpt>
			<trkpt lat="51.28655" lon="9.60277">
				<ele>202.83</ele>
			</trkpt>
			<trkpt lat="51.28651" lon="9.60363">
				<ele>202.83</ele>
			</trkpt>
			<trkpt lat="51.28643" lon="9.60431">
				<ele>202.83</ele>
			</trkpt>
			<trkpt lat="51.28649" lon="9.60467">
				<ele>202.83</ele>
			</trkpt>
			<trkpt lat="51.28655" lon="9.60494">
				<ele>204.86</ele>
			</trkpt>
			<trkpt lat="51.28664" lon="9.60521">
				<ele>204.86</ele>
			</trkpt>
			<trkpt lat="51.28716" lon="9.60634">
				<ele>204.86</ele>
			</trkpt>
			<trkpt lat="51.28746" lon="9.60718">
				<ele>204.86</ele>
			</trkpt>
			<trkpt lat="51.28777" lon="9.60791">
				<ele>204.86</ele>
			</trkpt>
			<trkpt lat="51.28785" lon="9.60815">
				<ele>204.86</ele>
			</trkpt>
			<trkpt lat="51.28795" lon="9.60916">
				<ele>204.86</ele>
			</trkpt>
			<trkpt lat="51.28844" lon="9.61097">
				<ele>204.86</ele>
			</trkpt>
			<trkpt lat="51.28843" lon="9.61141">
				<ele>204.86</ele>
			</trkpt>
			<trkpt lat="51.28863" lon="9.61142">
				<ele>204.86</ele>
			</trkpt>
			<trkpt lat="51.2888" lon="9.61153">
				<ele>204.86</ele>
			</trkpt>
			<trkpt lat="51.28907" lon="9.61202">
				<ele>229.17</ele>
			</trkpt>
			<trkpt lat="51.28937" lon="9.6124">
				<ele>229.17</ele>
			</trkpt>
			<trkpt lat="51.28972" lon="9.61254">
				<ele>229.17</ele>
			</trkpt>
			<trkpt lat="51.2902" lon="9.6126">
				<ele>229.17</ele>
			</trkpt>
			<trkpt lat="51.29039" lon="9.6128">
				<ele>229.17</ele>
			</trkpt>
			<trkpt lat="51.29049" lon="9.61327">
				<ele>229.17</ele>
			</trkpt>
			<trkpt lat="51.29057" lon="9.61412">
				<ele>229.17</ele>
			</trkpt>
			<trkpt lat="51.29061" lon="9.61432">
				<ele>229.17</ele>
			</trkpt>
			<trkpt lat="51.29082" lon="9.61482">
				<ele>229.17</ele>
			</trkpt>
			<trkpt lat="51.29099" lon="9.61559">
				<ele>229.17</ele>
			</trkpt>
			<trkpt lat="51.29112" lon="9.61679">
				<ele>268.62</ele>
			</trkpt>
			<trkpt lat="51.29097" lon="9.61758">
				<ele>268.62</ele>
			</trkpt>
			<trkpt lat="51.29085" lon="9.61838">
				<ele>268.62</ele>
			</trkpt>
			<trkpt lat="51.29088" lon="9.61917">
				<ele>268.62</ele>
			</trkpt>
			<trkpt lat="51.29085" lon="9.61957">
				<ele>268.62</ele>
			</trkpt>
			<trkpt lat="51.29075" lon="9.62018">
				<ele>268.62</ele>
			</trkpt>
			<trkpt lat="51.29075" lon="9.62075">
				<ele>268.62</ele>
			</trkpt>
			<trkpt lat="51.29071" lon="9.6213">
				<ele>268.62</ele>
			</trkpt>
			<trkpt lat="51.29056" lon="9.62191">
				<ele>268.62</ele>
			</trkpt>
			<trkpt lat="51.29034" lon="9.62258">
				<ele>268.62</ele>
			</trkpt>
			<trkpt lat="51.28997" lon="9.62328">
				<ele>268.62</ele>
			</trkpt>
			<trkpt lat="51.28928" lon="9.62439">
				<ele>280.49</ele>
			</trkpt>
			<trkpt lat="51.28897" lon="9.62502">
				<ele>280.49</ele>
			</trkpt>
			<trkpt lat="51.28889" lon="9.62537">
				<ele>280.49</ele>
			</trkpt>
			<trkpt lat="51.28907" lon="9.62636">
				<ele>280.49</ele>
			</trkpt>
			<trkpt lat="51.28912" lon="9.62678">
				<ele>280.49</ele>
			</trkpt>
			<trkpt lat="51.28914" lon="9.6272">
				<ele>280.49</ele>
			</trkpt>
			<trkpt lat="51.28911" lon="9.6296">
				<ele>280.49</ele>
			</trkpt>
			<trkpt lat="51.28915" lon="9.62994">
				<ele>280.49</ele>
			</trkpt>
			<trkpt lat="51.2891" lon="9.6301">
				<ele>280.49</ele>
			</trkpt>
			<trkpt lat="51.28891" lon="9.6303">
				<ele>280.49</ele>
			</trkpt>
			<trkpt lat="51.28883" lon="9.63069">
				<ele>282.37</ele>
			</trkpt>
			<trkpt lat="51.2885" lon="9.63091">
				<ele>282.37</ele>
			</trkpt>
			<trkpt lat="51.2883" lon="9.63115">
				<ele>282.37</ele>
			</trkpt>
			<trkpt lat="51.28559" lon="9.63495">
				<ele>282.37</ele>
			</trkpt>
			<trkpt lat="51.2847" lon="9.63616">
				<ele>282.37</ele>
			</trkpt>
			<trkpt lat="51.28457" lon="9.63599">
				<ele>282.37</ele>
			</trkpt>
			<trkpt lat="51.28402" lon="9.63556">
				<ele>282.37</ele>
			</trkpt>
			<trkpt lat="51.28391" lon="9.63542">
				<ele>282.37</ele>
			</trkpt>
			<trkpt lat="51.28352" lon="9.6348">
				<ele>282.37</ele>
			</trkpt>
			<trkpt lat="51.28355" lon="9.63394">
				<ele>282.37</ele>
			</trkpt>
			<trkpt lat="51.28367" lon="9.63331">
				<ele>282.37</ele>
			</trkpt>
			<trkpt lat="51.28365" lon="9.633">
				<ele>266.11</ele>
			</trkpt>
			<trkpt lat="51.28344" lon="9.63268">
				<ele>266.11</ele>
			</trkpt>
			<trkpt lat="51.28337" lon="9.63257">
				<ele>266.11</ele>
			</trkpt>
			<trkpt lat="51.28328" lon="9.63249">
				<ele>266.11</ele>
			</trkpt>
			<trkpt lat="51.28284" lon="9.63252">
				<ele>266.11</ele>
			</trkpt>
			<trkpt lat="51.28243" lon="9.63262">
				<ele>266.11</ele>
			</trkpt>
			<trkpt lat="51.28198" lon="9.6327">
				<ele>266.11</ele>
			</trkpt>
			<trkpt lat="51.28179" lon="9.63202">
				<ele>266.11</ele>
			</trkpt>
			<trkpt lat="51.28163" lon="9.63181">
				<ele>266.11</ele>
			</trkpt>
			<trkpt lat="51.28136" lon="9.63214">
				<ele>266.11</ele>
			</trkpt>
			<trkpt lat="51.28113" lon="9.63233">
				<ele>246.35</ele>
			</trkpt>
			<trkpt lat="51.28088" lon="9.63246">
				<ele>246.35</ele>
			</trkpt>
			<trkpt lat="51.28072" lon="9.63241">
				<ele>246.35</ele>
			</trkpt>
			<trkpt lat="51.28069" lon="9.6326">
				<ele>246.35</ele>
			</trkpt>
			<trkpt lat="51.28049" lon="9.63277">
				<ele>246.35</ele>
			</trkpt>
			<trkpt lat="51.28039" lon="9.63292">
				<ele>246.35</ele>
			</trkpt>
			<trkpt lat="51.28023" lon="9.63325">
				<ele>246.35</ele>
			</trkpt>
			<trkpt lat="51.27991" lon="9.63337">
				<ele>246.35</ele>
			</trkpt>
			<trkpt lat="51.2796" lon="9.6334">
				<ele>246.35</ele>
			</trkpt>
			<trkpt lat="51.27925" lon="9.63387">
				<ele>246.35</ele>
			</trkpt>
			<trkpt lat="51.27908" lon="9.63428">
				<ele>246.35</ele>
			</trkpt>
			<trkpt lat="51.27896" lon="9.63477">
				<ele>249.86</ele>
			</trkpt>
			<trkpt lat="51.27867" lon="9.63468">
				<ele>249.86</ele>
			</trkpt>
			<trkpt lat="51.27828" lon="9.63425">
				<ele>249.86</ele>
			</trkpt>
			<trkpt lat="51.27814" lon="9.63417">
				<ele>249.86</ele>
			</trkpt>
			<trkpt lat="51.27785" lon="9.63392">
				<ele>249.86</ele>
			</trkpt>
			<trkpt lat="51.27743" lon="9.63398">
				<ele>249.86</ele>
			</trkpt>
			<trkpt lat="51.27691" lon="9.634">
				<ele>249.86</ele>
			</trkpt>
			<trkpt lat="51.27665" lon="9.63414">
				<ele>249.86</ele>
			</trkpt>
			<trkpt lat="51.27595" lon="9.63483">
				<ele>249.86</ele>
			</trkpt>
			<trkpt lat="51.27477" lon="9.6354">
				<ele>249.86</ele>
			</trkpt>
			<trkpt lat="51.27465" lon="9.63542">
				<ele>278.96</ele>
			</trkpt>
			<trkpt lat="51.27453" lon="9.63521">
				<ele>278.96</ele>
			</trkpt>
			<trkpt lat="51.27455" lon="9.63363">
				<ele>278.96</ele>
			</trkpt>
			<trkpt lat="51.2746" lon="9.6335">
				<ele>278.96</ele>
			</trkpt>
			<trkpt lat="51.27467" lon="9.63339">
				<ele>278.96</ele>
			</trkpt>
			<trkpt lat="51.27488" lon="9.63328">
				<ele>278.96</ele>
			</trkpt>
			<trkpt lat="51.27461" lon="9.6332">
				<ele>278.96</ele>
			</trkpt>
			<trkpt lat="51.27448" lon="9.63326">
				<ele>278.96</ele>
			</trkpt>
			<trkpt lat="51.27417" lon="9.63321">
				<ele>278.96</ele>
			</trkpt>
			<trkpt lat="51.27389" lon="9.63307">
				<ele>278.96</ele>
			</trkpt>
			<trkpt lat="51.27382" lon="9.63286">
				<ele>299.38</ele>
			</trkpt>
			<trkpt lat="51.27381" lon="9.63113">
				<ele>299.38</ele>
			</trkpt>
			<trkpt lat="51.27373" lon="9.6309">
				<ele>299.38</ele>
			</trkpt>
			<trkpt lat="51.273" lon="9.63061">
				<ele>299.38</ele>
			</trkpt>
			<trkpt lat="51.27281" lon="9.63047">
				<ele>299.38</ele>
			</trkpt>
			<trkpt lat="51.27235" lon="9.62758">
				<ele>299.38</ele>
			</trkpt>
			<trkpt lat="51.27107" lon="9.61911">
				<ele>299.38</ele>
			</trkpt>
			<trkpt lat="51.27249" lon="9.61727">
				<ele>299.38</ele>
			</trkpt>
			<trkpt lat="51.27272" lon="9.61687">
				<ele>299.38</ele>
			</trkpt>
			<trkpt lat="51.2729" lon="9.61631">
				<ele>299.38</ele>
			</trkpt>
			<trkpt lat="51.27294" lon="9.61598">
				<ele>299.38</ele>
			</trkpt>
			<trkpt lat="51.27298" lon="9.61439">
				<ele>300.06</ele>
			</trkpt>
			<trkpt lat="51.273" lon="9.61406">
				<ele>300.06</ele>
			</trkpt>
			<trkpt lat="51.27305" lon="9.6138">
				<ele>300.06</ele>
			</trkpt>
			<trkpt lat="51.27316" lon="9.61349">
				<ele>300.06</ele>
			</trkpt>
			<trkpt lat="51.27362" lon="9.6125">
				<ele>300.06</ele>
			</trkpt>
			<trkpt lat="51.27395" lon="9.61172">
				<ele>300.06</ele>
			</trkpt>
			<trkpt lat="51.27422" lon="9.61116">
				<ele>300.06</ele>
			</trkpt>
			<trkpt lat="51.27443" lon="9.6108">
				<ele>300.06</ele>
			</trkpt>
			<trkpt lat="51.27519" lon="9.60991">
				<ele>300.06</ele>
			</trkpt>
			<trkpt lat="51.27563" lon="9.60934">
				<ele>300.06</ele>
			</trkpt>
			<trkpt lat="51.27577" lon="9.60809">
				<ele>299.9</ele>
			</trkpt>
			<trkpt lat="51.27604" lon="9.60517">
				<ele>299.9</ele>
			</trkpt>
			<trkpt lat="51.27577" lon="9.60525">
				<ele>299.9</ele>
			</trkpt>
			<trkpt lat="51.27506" lon="9.6054">
				<ele>299.9</ele>
			</trkpt>
			<trkpt lat="51.27445" lon="9.60558">
				<ele>299.9</ele>
			</trkpt>
			<trkpt lat="51.27428" lon="9.60567">
				<ele>299.9</ele>
			</trkpt>
			<trkpt lat="51.27288" lon="9.6068">
				<ele>299.9</ele>
			</trkpt>
			<trkpt lat="51.2714" lon="9.6087">
				<ele>299.9</ele>
			</trkpt>
			<trkpt lat="51.26968" lon="9.61083">
				<ele>299.9</ele>
			</trkpt>
			<trkpt lat="51.26908" lon="9.61166">
				<ele>299.9</ele>
			</trkpt>
			<trkpt lat="51.26845" lon="9.61281">
				<ele>299.9</ele>
			</trkpt>
			<trkpt lat="51.26832" lon="9.61286">
				<ele>277.03</ele>
			</trkpt>
			<trkpt lat="51.26821" lon="9.61277">
				<ele>277.03</ele>
			</trkpt>
			<trkpt lat="51.26801" lon="9.61231">
				<ele>277.03</ele>
			</trkpt>
			<trkpt lat="51.26786" lon="9.61204">
				<ele>277.03</ele>
			</trkpt>
			<trkpt lat="51.26771" lon="9.61191">
				<ele>277.03</ele>
			</trkpt>
			<trkpt lat="51.26716" lon="9.61166">
				<ele>277.03</ele>
			</trkpt>
			<trkpt lat="51.26705" lon="9.61154">
				<ele>277.03</ele>
			</trkpt>
			<trkpt lat="51.2667" lon="9.61084">
				<ele>277.03</ele>
			</trkpt>
			<trkpt lat="51.26654" lon="9.61045">
				<ele>277.03</ele>
			</trkpt>
			<trkpt lat="51.26652" lon="9.61029">
				<ele>277.03</ele>
			</trkpt>
			<trkpt lat="51.2665" lon="9.60971">
				<ele>251.86</ele>
			</trkpt>
			<trkpt lat="51.26648" lon="9.60826">
				<ele>251.86</ele>
			</trkpt>
			<trkpt lat="51.26416" lon="9.60848">
				<ele>251.86</ele>
			</trkpt>
			<trkpt lat="51.26367" lon="9.60858">
				<ele>251.86</ele>
			</trkpt>
			<trkpt lat="51.26219" lon="9.60903">
				<ele>251.86</ele>
			</trkpt>
			<trkpt lat="51.26197" lon="9.60677">
				<ele>251.86</ele>
			</trkpt>
			<trkpt lat="51.26179" lon="9.60573">
				<ele>251.86</ele>
			</trkpt>
			<trkpt lat="51.26171" lon="9.60511">
				<ele>251.86</ele>
			</trkpt>
			<trkpt lat="51.2617" lon="9.60473">
				<ele>251.86</ele>
			</trkpt>
			<trkpt lat="51.26172" lon="9.60414">
				<ele>251.86</ele>
			</trkpt>
			<trkpt lat="51.26172" lon="9.60368">
				<ele>251.86</ele>
			</trkpt>
			<trkpt lat="51.26161" lon="9.6031">
				<ele>261.27</ele>
			</trkpt>
			<trkpt lat="51.2616" lon="9.60246">
				<ele>261.27</ele>
			</trkpt>
			<trkpt lat="51.26143" lon="9.60173">
				<ele>261.27</ele>
			</trkpt>
			<trkpt lat="51.26135" lon="9.60051">
				<ele>261.27</ele>
			</trkpt>
			<trkpt lat="51.26117" lon="9.5998">
				<ele>261.27</ele>
			</trkpt>
			<trkpt lat="51.26117" lon="9.59956">
				<ele>261.27</ele>
			</trkpt>
			<trkpt lat="51.26124" lon="9.59837">
				<ele>261.27</ele>
			</trkpt>
			<trkpt lat="51.26124" lon="9.59725">
				<ele>261.27</ele>
			</trkpt>
			<trkpt lat="51.26112" lon="9.59641">
				<ele>261.27</ele>
			</trkpt>
			<trkpt lat="51.26108" lon="9.596">
				<ele>261.27</ele>
			</trkpt>
			<trkpt lat="51.2611" lon="9.59578">
				<ele>280.74</ele>
			</trkpt>
			<trkpt lat="51.26119" lon="9.59541">
				<ele>280.74</ele>
			</trkpt>
			<trkpt lat="51.26129" lon="9.59484">
				<ele>280.74</ele>
			</trkpt>
			<trkpt lat="51.26133" lon="9.59443">
				<ele>280.74</ele>
			</trkpt>
			<trkpt lat="51.26136" lon="9.59358">
				<ele>280.74</ele>
			</trkpt>
			<trkpt lat="51.26136" lon="9.59276">
				<ele>280.74</ele>
			</trkpt>
			<trkpt lat="51.26132" lon="9.59239">
				<ele>280.74</ele>
			</trkpt>
			<trkpt lat="51.26117" lon="9.59161">
				<ele>280.74</ele>
			</trkpt>
			<trkpt lat="51.26111" lon="9.59108">
				<ele>280.74</ele>
			</trkpt>
			<trkpt lat="51.26105" lon="9.59093">
				<ele>280.74</ele>
			</trkpt>
			<trkpt lat="51.26095" lon="9.59077">
				<ele>280.74</ele>
			</trkpt>
			<trkpt lat="51.26047" lon="9.59006">
				<ele>306.43</ele>
			</trkpt>
			<trkpt lat="51.26024" lon="9.58959">
				<ele>306.43</ele>
			</trkpt>
			<trkpt lat="51.25997" lon="9.58862">
				<ele>306.43</ele>
			</trkpt>
			<trkpt lat="51.25974" lon="9.58798">
				<ele>306.43</ele>
			</trkpt>
			<trkpt lat="51.2597" lon="9.58708">
				<ele>306.43</ele>
			</trkpt>
			<trkpt lat="51.25971" lon="9.58598">
				<ele>306.43</ele>
			</trkpt>
			<trkpt lat="51.25964" lon="9.58512">
				<ele>306.43</ele>
			</trkpt>
			<trkpt lat="51.25969" lon="9.5849">
				<ele>306.43</ele>
			</trkpt>
			<trkpt lat="51.25982" lon="9.58465">
				<ele>306.43</ele>
			</trkpt>
			<trkpt lat="51.25987" lon="9.58445">
				<ele>306.43</ele>
			</trkpt>
			<trkpt lat="51.25988" lon="9.58428">
				<ele>323.58</ele>
			</trkpt>
			<trkpt lat="51.25982" lon="9.58294">
				<ele>323.58</ele>
			</trkpt>
			<trkpt lat="51.25962" lon="9.58224">
				<ele>323.58</ele>
			</trkpt>
			<trkpt lat="51.25958" lon="9.58197">
				<ele>323.58</ele>
			</trkpt>
			<trkpt lat="51.25957" lon="9.58154">
				<ele>323.58</ele>
			</trkpt>
			<trkpt lat="51.25945" lon="9.58041">
				<ele>323.58</ele>
			</trkpt>
			<trkpt lat="51.25929" lon="9.57951">
				<ele>323.58</ele>
			</trkpt>
			<trkpt lat="51.25924" lon="9.579">
				<ele>323.58</ele>
			</trkpt>
			<trkpt lat="51.25925" lon="9.57849">
				<ele>323.58</ele>
			</trkpt>
			<trkpt lat="51.25949" lon="9.57659">
				<ele>323.58</ele>
			</trkpt>
			<trkpt lat="51.2596" lon="9.57592">
				<ele>323.58</ele>
			</trkpt>
			<trkpt lat="51.25963" lon="9.5756">
				<ele>310.1</ele>
			</trkpt>
			<trkpt lat="51.25957" lon="9.57546">
				<ele>310.1</ele>
			</trkpt>
			<trkpt lat="51.25939" lon="9.57544">
				<ele>310.1</ele>
			</trkpt>
			<trkpt lat="51.25914" lon="9.57564">
				<ele>310.1</ele>
			</trkpt>
			<trkpt lat="51.25894" lon="9.57593">
				<ele>310.1</ele>
			</trkpt>
			<trkpt lat="51.25879" lon="9.576">
				<ele>310.1</ele>
			</trkpt>
			<trkpt lat="51.25867" lon="9.57591">
				<ele>310.1</ele>
			</trkpt>
			<trkpt lat="51.2585" lon="9.57542">
				<ele>310.1</ele>
			</trkpt>
			<trkpt lat="51.25813" lon="9.57526">
				<ele>310.1</ele>
			</trkpt>
			<trkpt lat="51.25802" lon="9.57511">
				<ele>310.1</ele>
			</trkpt>
			<trkpt lat="51.25806" lon="9.57478">
				<ele>298.53</ele>
			</trkpt>
			<trkpt lat="51.25852" lon="9.57318">
				<ele>298.53</ele>
			</trkpt>
			<trkpt lat="51.25842" lon="9.57322">
				<ele>298.53</ele>
			</trkpt>
			<trkpt lat="51.25829" lon="9.57319">
				<ele>298.53</ele>
			</trkpt>
			<trkpt lat="51.25792" lon="9.57301">
				<ele>298.53</ele>
			</trkpt>
			<trkpt lat="51.25769" lon="9.5728">
				<ele>298.53</ele>
			</trkpt>
			<trkpt lat="51.25747" lon="9.57233">
				<ele>298.53</ele>
			</trkpt>
			<trkpt lat="51.25736" lon="9.57224">
				<ele>298.53</ele>
			</trkpt>
			<trkpt lat="51.25675" lon="9.57218">
				<ele>298.53</ele>
			</trkpt>
			<trkpt lat="51.25659" lon="9.57207">
				<ele>298.53</ele>
			</trkpt>
			<trkpt lat="51.2561" lon="9.57139">
				<ele>323</ele>
			</trkpt>
			<trkpt lat="51.25578" lon="9.57079">
				<ele>323</ele>
			</trkpt>
			<trkpt lat="51.25553" lon="9.57022">
				<ele>323</ele>
			</trkpt>
			<trkpt lat="51.25221" lon="9.56783">
				<ele>323</ele>
			</trkpt>
			<trkpt lat="51.25105" lon="9.56691">
				<ele>323</ele>
			</trkpt>
			<trkpt lat="51.2495" lon="9.56641">
				<ele>323</ele>
			</trkpt>
			<trkpt lat="51.24933" lon="9.56672">
				<ele>323</ele>
			</trkpt>
			<trkpt lat="51.24922" lon="9.56684">
				<ele>323</ele>
			</trkpt>
			<trkpt lat="51.24909" lon="9.56687">
				<ele>323</ele>
			</trkpt>
			<trkpt lat="51.2489" lon="9.56683">
				<ele>323</ele>
			</trkpt>
			<trkpt lat="51.24784" lon="9.56647">
				<ele>323</ele>
			</trkpt>
			<trkpt lat="51.24761" lon="9.56647">
				<ele>318.82</ele>
			</trkpt>
			<trkpt lat="51.24745" lon="9.56662">
				<ele>318.82</ele>
			</trkpt>
			<trkpt lat="51.24726" lon="9.56707">
				<ele>318.82</ele>
			</trkpt>
			<trkpt lat="51.24687" lon="9.5679">
				<ele>318.82</ele>
			</trkpt>
			<trkpt lat="51.24598" lon="9.56996">
				<ele>318.82</ele>
			</trkpt>
			<trkpt lat="51.24578" lon="9.57028">
				<ele>318.82</ele>
			</trkpt>
			<trkpt lat="51.24469" lon="9.57254">
				<ele>318.82</ele>
			</trkpt>
			<trkpt lat="51.24445" lon="9.57297">
				<ele>318.82</ele>
			</trkpt>
			<trkpt lat="51.24399" lon="9.57399">
				<ele>318.82</ele>
			</trkpt>
			<trkpt lat="51.24376" lon="9.57426">
				<ele>318.82</ele>
			</trkpt>
			<trkpt lat="51.24303" lon="9.57501">
				<ele>313.87</ele>
			</trkpt>
			<trkpt lat="51.24274" lon="9.57541">
				<ele>313.87</ele>
			</trkpt>
			<trkpt lat="51.24129" lon="9.57827">
				<ele>313.87</ele>
			</trkpt>
			<trkpt lat="51.2409" lon="9.57913">
				<ele>313.87</ele>
			</trkpt>
			<trkpt lat="51.24076" lon="9.57939">
				<ele>313.87</ele>
			</trkpt>
			<trkpt lat="51.24056" lon="9.57955">
				<ele>313.87</ele>
			</trkpt>
			<trkpt lat="51.24028" lon="9.57966">
				<ele>313.87</ele>
			</trkpt>
			<trkpt lat="51.24004" lon="9.57983">
				<ele>313.87</ele>
			</trkpt>
			<trkpt lat="51.23983" lon="9.58003">
				<ele>313.87</ele>
			</trkpt>
			<trkpt lat="51.23974" lon="9.58016">
				<ele>313.87</ele>
			</trkpt>
			<trkpt lat="51.23947" lon="9.58009">
				<ele>313.87</ele>
			</trkpt>
			<trkpt lat="51.23933" lon="9.58002">
				<ele>327.73</ele>
			</trkpt>
			<trkpt lat="51.23886" lon="9.57941">
				<ele>327.73</ele>
			</trkpt>
			<trkpt lat="51.23869" lon="9.57922">
				<ele>327.73</ele>
			</trkpt>
			<trkpt lat="51.23837" lon="9.57871">
				<ele>327.73</ele>
			</trkpt>
			<trkpt lat="51.23831" lon="9.57839">
				<ele>327.73</ele>
			</trkpt>
			<trkpt lat="51.23832" lon="9.57822">
				<ele>327.73</ele>
			</trkpt>
			<trkpt lat="51.23836" lon="9.57806">
				<ele>327.73</ele>
			</trkpt>
			<trkpt lat="51.23825" lon="9.57779">
				<ele>327.73</ele>
			</trkpt>
			<trkpt lat="51.23819" lon="9.57801">
				<ele>327.73</ele>
			</trkpt>
			<trkpt lat="51.23789" lon="9.57871">
				<ele>327.73</ele>
			</trkpt>
			<trkpt lat="51.23746" lon="9.57911">
				<ele>366.37</ele>
			</trkpt>
			<trkpt lat="51.23731" lon="9.57914">
				<ele>366.37</ele>
			</trkpt>
			<trkpt lat="51.23702" lon="9.57888">
				<ele>366.37</ele>
			</trkpt>
			<trkpt lat="51.23617" lon="9.57712">
				<ele>366.37</ele>
			</trkpt>
			<trkpt lat="51.23514" lon="9.57911">
				<ele>366.37</ele>
			</trkpt>
			<trkpt lat="51.23406" lon="9.58075">
				<ele>366.37</ele>
			</trkpt>
			<trkpt lat="51.23283" lon="9.5781">
				<ele>366.37</ele>
			</trkpt>
			<trkpt lat="51.23246" lon="9.57826">
				<ele>366.37</ele>
			</trkpt>
			<trkpt lat="51.23216" lon="9.57834">
				<ele>366.37</ele>
			</trkpt>
			<trkpt lat="51.23206" lon="9.57705">
				<ele>366.37</ele>
			</trkpt>
			<trkpt lat="51.23206" lon="9.57686">
				<ele>366.37</ele>
			</trkpt>
			<trkpt lat="51.23211" lon="9.57652">
				<ele>365.09</ele>
			</trkpt>
			<trkpt lat="51.23209" lon="9.57609">
				<ele>365.09</ele>
			</trkpt>
			<trkpt lat="51.23202" lon="9.57549">
				<ele>365.09</ele>
			</trkpt>
			<trkpt lat="51.2319" lon="9.57487">
				<ele>365.09</ele>
			</trkpt>
			<trkpt lat="51.23204" lon="9.57435">
				<ele>365.09</ele>
			</trkpt>
			<trkpt lat="51.23198" lon="9.57402">
				<ele>365.09</ele>
			</trkpt>
			<trkpt lat="51.23177" lon="9.57316">
				<ele>365.09</ele>
			</trkpt>
			<trkpt lat="51.23164" lon="9.57268">
				<ele>365.09</ele>
			</trkpt>
			<trkpt lat="51.23143" lon="9.57165">
				<ele>365.09</ele>
			</trkpt>
			<trkpt lat="51.23135" lon="9.57152">
				<ele>365.09</ele>
			</trkpt>
			<trkpt lat="51.23107" lon="9.5704">
				<ele>348.77</ele>
			</trkpt>
			<trkpt lat="51.23098" lon="9.56996">
				<ele>348.77</ele>
			</trkpt>
			<trkpt lat="51.23091" lon="9.56919">
				<ele>348.77</ele>
			</trkpt>
			<trkpt lat="51.23092" lon="9.56858">
				<ele>348.77</ele>
			</trkpt>
			<trkpt lat="51.23094" lon="9.56824">
				<ele>348.77</ele>
			</trkpt>
			<trkpt lat="51.23098" lon="9.56797">
				<ele>348.77</ele>
			</trkpt>
			<trkpt lat="51.23109" lon="9.56751">
				<ele>348.77</ele>
			</trkpt>
			<trkpt lat="51.23141" lon="9.56646">
				<ele>348.77</ele>
			</trkpt>
			<trkpt lat="51.23187" lon="9.56544">
				<ele>348.77</ele>
			</trkpt>
			<trkpt lat="51.23215" lon="9.56494">
				<ele>348.77</ele>
			</trkpt>
			<trkpt lat="51.23244" lon="9.56454">
				<ele>348.77</ele>
			</trkpt>
			<trkpt lat="51.23312" lon="9.56396">
				<ele>345.52</ele>
			</trkpt>
			<trkpt lat="51.23491" lon="9.56256">
				<ele>345.52</ele>
			</trkpt>
			<trkpt lat="51.23405" lon="9.56063">
				<ele>345.52</ele>
			</trkpt>
			<trkpt lat="51.23406" lon="9.56001">
				<ele>345.52</ele>
			</trkpt>
			<trkpt lat="51.234" lon="9.55986">
				<ele>345.52</ele>
			</trkpt>
			<trkpt lat="51.23287" lon="9.55845">
				<ele>345.52</ele>
			</trkpt>
			<trkpt lat="51.23227" lon="9.55756">
				<ele>345.52</ele>
			</trkpt>
			<trkpt lat="51.23191" lon="9.55709">
				<ele>345.52</ele>
			</trkpt>
			<trkpt lat="51.23162" lon="9.55643">
				<ele>345.52</ele>
			</trkpt>
			<trkpt lat="51.23121" lon="9.55575">
				<ele>345.52</ele>
			</trkpt>
			<trkpt lat="51.23118" lon="9.55561">
				<ele>337.2</ele>
			</trkpt>
			<trkpt lat="51.23131" lon="9.55527">
				<ele>337.2</ele>
			</trkpt>
			<trkpt lat="51.23157" lon="9.55497">
				<ele>337.2</ele>
			</trkpt>
			<trkpt lat="51.23258" lon="9.55405">
				<ele>337.2</ele>
			</trkpt>
			<trkpt lat="51.23266" lon="9.55393">
				<ele>337.2</ele>
			</trkpt>
			<trkpt lat="51.23279" lon="9.55354">
				<ele>337.2</ele>
			</trkpt>
			<trkpt lat="51.23286" lon="9.55298">
				<ele>337.2</ele>
			</trkpt>
			<trkpt lat="51.23282" lon="9.55269">
				<ele>337.2</ele>
			</trkpt>
			<trkpt lat="51.23274" lon="9.55252">
				<ele>337.2</ele>
			</trkpt>
			<trkpt lat="51.23272" lon="9.55235">
				<ele>337.2</ele>
			</trkpt>
			<trkpt lat="51.23286" lon="9.5521">
				<ele>337.2</ele>
			</trkpt>
			<trkpt lat="51.23292" lon="9.55195">
				<ele>297.26</ele>
			</trkpt>
			<trkpt lat="51.23282" lon="9.55168">
				<ele>297.26</ele>
			</trkpt>
			<trkpt lat="51.23155" lon="9.55066">
				<ele>297.26</ele>
			</trkpt>
			<trkpt lat="51.23141" lon="9.55049">
				<ele>297.26</ele>
			</trkpt>
			<trkpt lat="51.2313" lon="9.55026">
				<ele>297.26</ele>
			</trkpt>
			<trkpt lat="51.23115" lon="9.55006">
				<ele>297.26</ele>
			</trkpt>
			<trkpt lat="51.23096" lon="9.5499">
				<ele>297.26</ele>
			</trkpt>
			<trkpt lat="51.23081" lon="9.54969">
				<ele>297.26</ele>
			</trkpt>
			<trkpt lat="51.23061" lon="9.54907">
				<ele>297.26</ele>
			</trkpt>
			<trkpt lat="51.23081" lon="9.54862">
				<ele>297.26</ele>
			</trkpt>
			<trkpt lat="51.23101" lon="9.54834">
				<ele>288.02</ele>
			</trkpt>
			<trkpt lat="51.23115" lon="9.54825">
				<ele>288.02</ele>
			</trkpt>
			<trkpt lat="51.2316" lon="9.54818">
				<ele>288.02</ele>
			</trkpt>
			<trkpt lat="51.23214" lon="9.54804">
				<ele>288.02</ele>
			</trkpt>
			<trkpt lat="51.23283" lon="9.54776">
				<ele>288.02</ele>
			</trkpt>
			<trkpt lat="51.23342" lon="9.54774">
				<ele>288.02</ele>
			</trkpt>
			<trkpt lat="51.23388" lon="9.54779">
				<ele>288.02</ele>
			</trkpt>
			<trkpt lat="51.23497" lon="9.54757">
				<ele>288.02</ele>
			</trkpt>
			<trkpt lat="51.23528" lon="9.54749">
				<ele>288.02</ele>
			</trkpt>
			<trkpt lat="51.2357" lon="9.54732">
				<ele>288.02</ele>
			</trkpt>
			<trkpt lat="51.23752" lon="9.54688">
				<ele>303.41</ele>
			</trkpt>
			<trkpt lat="51.23823" lon="9.54658">
				<ele>303.41</ele>
			</trkpt>
			<trkpt lat="51.23848" lon="9.54622">
				<ele>303.41</ele>
			</trkpt>
			<trkpt lat="51.23894" lon="9.5459">
				<ele>303.41</ele>
			</trkpt>
			<trkpt lat="51.23929" lon="9.54557">
				<ele>303.41</ele>
			</trkpt>
			<trkpt lat="51.23944" lon="9.54532">
				<ele>303.41</ele>
			</trkpt>
			<trkpt lat="51.23975" lon="9.54509">
				<ele>303.41</ele>
			</trkpt>
			<trkpt lat="51.23991" lon="9.54491">
				<ele>303.41</ele>
			</trkpt>
			<trkpt lat="51.24035" lon="9.54467">
				<ele>303.41</ele>
			</trkpt>
			<trkpt lat="51.24071" lon="9.54442">
				<ele>303.41</ele>
			</trkpt>
			<trkpt lat="51.24108" lon="9.54432">
				<ele>303.41</ele>
			</trkpt>
			<trkpt lat="51.2413" lon="9.54415">
				<ele>261.27</ele>
			</trkpt>
			<trkpt lat="51.24148" lon="9.54398">
				<ele>261.27</ele>
			</trkpt>
			<trkpt lat="51.24172" lon="9.54397">
				<ele>261.27</ele>
			</trkpt>
			<trkpt lat="51.24182" lon="9.544">
				<ele>261.27</ele>
			</trkpt>
			<trkpt lat="51.24228" lon="9.54384">
				<ele>261.27</ele>
			</trkpt>
			<trkpt lat="51.24297" lon="9.54367">
				<ele>261.27</ele>
			</trkpt>
			<trkpt lat="51.24323" lon="9.54358">
				<ele>261.27</ele>
			</trkpt>
			<trkpt lat="51.24343" lon="9.54347">
				<ele>261.27</ele>
			</trkpt>
			<trkpt lat="51.24367" lon="9.54326">
				<ele>261.27</ele>
			</trkpt>
			<trkpt lat="51.24381" lon="9.54334">
				<ele>261.27</ele>
			</trkpt>
			<trkpt lat="51.24416" lon="9.54326">
				<ele>277.33</ele>
			</trkpt>
			<trkpt lat="51.24457" lon="9.54324">
				<ele>277.33</ele>
			</trkpt>
			<trkpt lat="51.24543" lon="9.54298">
				<ele>277.33</ele>
			</trkpt>
			<trkpt lat="51.24635" lon="9.54286">
				<ele>277.33</ele>
			</trkpt>
			<trkpt lat="51.24657" lon="9.54285">
				<ele>277.33</ele>
			</trkpt>
			<trkpt lat="51.24671" lon="9.5429">
				<ele>277.33</ele>
			</trkpt>
			<trkpt lat="51.24778" lon="9.54292">
				<ele>277.33</ele>
			</trkpt>
			<trkpt lat="51.24803" lon="9.54288">
				<ele>277.33</ele>
			</trkpt>
			<trkpt lat="51.24917" lon="9.54279">
				<ele>277.33</ele>
			</trkpt>
			<trkpt lat="51.2508" lon="9.54187">
				<ele>277.33</ele>
			</trkpt>
			<trkpt lat="51.25176" lon="9.5414">
				<ele>277.33</ele>
			</trkpt>
			<trkpt lat="51.25321" lon="9.54059">
				<ele>300.8</ele>
			</trkpt>
			<trkpt lat="51.25364" lon="9.54038">
				<ele>300.8</ele>
			</trkpt>
			<trkpt lat="51.25385" lon="9.5403">
				<ele>300.8</ele>
			</trkpt>
			<trkpt lat="51.25398" lon="9.54028">
				<ele>300.8</ele>
			</trkpt>
			<trkpt lat="51.25418" lon="9.54032">
				<ele>300.8</ele>
			</trkpt>
			<trkpt lat="51.2546" lon="9.54057">
				<ele>300.8</ele>
			</trkpt>
			<trkpt lat="51.25479" lon="9.54064">
				<ele>300.8</ele>
			</trkpt>
			<trkpt lat="51.25507" lon="9.54083">
				<ele>300.8</ele>
			</trkpt>
			<trkpt lat="51.25555" lon="9.54105">
				<ele>300.8</ele>
			</trkpt>
			<trkpt lat="51.25636" lon="9.54181">
				<ele>300.8</ele>
			</trkpt>
			<trkpt lat="51.25661" lon="9.542">
				<ele>327.08</ele>
			</trkpt>
			<trkpt lat="51.25671" lon="9.542">
				<ele>327.08</ele>
			</trkpt>
			<trkpt lat="51.25685" lon="9.54075">
				<ele>327.08</ele>
			</trkpt>
			<trkpt lat="51.25701" lon="9.53882">
				<ele>327.08</ele>
			</trkpt>
			<trkpt lat="51.2571" lon="9.53688">
				<ele>327.08</ele>
			</trkpt>
			<trkpt lat="51.25717" lon="9.53592">
				<ele>327.08</ele>
			</trkpt>
			<trkpt lat="51.25763" lon="9.52911">
				<ele>327.08</ele>
			</trkpt>
			<trkpt lat="51.25807" lon="9.52217">
				<ele>327.08</ele>
			</trkpt>
			<trkpt lat="51.25801" lon="9.52183">
				<ele>327.08</ele>
			</trkpt>
			<trkpt lat="51.2576" lon="9.52073">
				<ele>327.08</ele>
			</trkpt>
			<trkpt lat="51.25748" lon="9.52044">
				<ele>327.08</ele>
			</trkpt>
			<trkpt lat="51.25724" lon="9.52014">
				<ele>338.22</ele>
			</trkpt>
			<trkpt lat="51.25705" lon="9.52">
				<ele>338.22</ele>
			</trkpt>
			<trkpt lat="51.25683" lon="9.51989">
				<ele>338.22</ele>
			</trkpt>
			<trkpt lat="51.25577" lon="9.51954">
				<ele>338.22</ele>
			</trkpt>
			<trkpt lat="51.25478" lon="9.51911">
				<ele>338.22</ele>
			</trkpt>
			<trkpt lat="51.25453" lon="9.51904">
				<ele>338.22</ele>
			</trkpt>
			<trkpt lat="51.2543" lon="9.51901">
				<ele>338.22</ele>
			</trkpt>
			<trkpt lat="51.25364" lon="9.51917">
				<ele>338.22</ele>
			</trkpt>
			<trkpt lat="51.2534" lon="9.51919">
				<ele>338.22</ele>
			</trkpt>
			<trkpt lat="51.25317" lon="9.51915">
				<ele>338.22</ele>
			</trkpt>
			<trkpt lat="51.25291" lon="9.51905">
				<ele>350.24</ele>
			</trkpt>
			<trkpt lat="51.25214" lon="9.51868">
				<ele>350.24</ele>
			</trkpt>
			<trkpt lat="51.25198" lon="9.51862">
				<ele>350.24</ele>
			</trkpt>
			<trkpt lat="51.2513" lon="9.51852">
				<ele>350.24</ele>
			</trkpt>
			<trkpt lat="51.24915" lon="9.51852">
				<ele>350.24</ele>
			</trkpt>
			<trkpt lat="51.24846" lon="9.51843">
				<ele>350.24</ele>
			</trkpt>
			<trkpt lat="51.24822" lon="9.51828">
				<ele>350.24</ele>
			</trkpt>
			<trkpt lat="51.24809" lon="9.5181">
				<ele>350.24</ele>
			</trkpt>
			<trkpt lat="51.24782" lon="9.5182">
				<ele>350.24</ele>
			</trkpt>
			<trkpt lat="51.24769" lon="9.51837">
				<ele>350.24</ele>
			</trkpt>
			<trkpt lat="51.24737" lon="9.51814">
				<ele>350.24</ele>
			</trkpt>
			<trkpt lat="51.2468" lon="9.51761">
				<ele>325.32</ele>
			</trkpt>
			<trkpt lat="51.24606" lon="9.51714">
				<ele>325.32</ele>
			</trkpt>
			<trkpt lat="51.24597" lon="9.51672">
				<ele>325.32</ele>
			</trkpt>
			<trkpt lat="51.24586" lon="9.51674">
				<ele>325.32</ele>
			</trkpt>
			<trkpt lat="51.24576" lon="9.51701">
				<ele>325.32</ele>
			</trkpt>
			<trkpt lat="51.24441" lon="9.51896">
				<ele>325.32</ele>
			</trkpt>
			<trkpt lat="51.24403" lon="9.5196">
				<ele>325.32</ele>
			</trkpt>
			<trkpt lat="51.24393" lon="9.51972">
				<ele>325.32</ele>
			</trkpt>
			<trkpt lat="51.24236" lon="9.51627">
				<ele>325.32</ele>
			</trkpt>
			<trkpt lat="51.24222" lon="9.51587">
				<ele>325.32</ele>
			</trkpt>
			<trkpt lat="51.242" lon="9.51607">
				<ele>294.62</ele>
			</trkpt>
			<trkpt lat="51.24126" lon="9.5166">
				<ele>294.62</ele>
			</trkpt>
			<trkpt lat="51.24107" lon="9.51678">
				<ele>294.62</ele>
			</trkpt>
			<trkpt lat="51.24072" lon="9.51736">
				<ele>294.62</ele>
			</trkpt>
			<trkpt lat="51.24011" lon="9.51811">
				<ele>294.62</ele>
			</trkpt>
			<trkpt lat="51.23984" lon="9.5183">
				<ele>294.62</ele>
			</trkpt>
			<trkpt lat="51.23824" lon="9.51905">
				<ele>294.62</ele>
			</trkpt>
			<trkpt lat="51.23763" lon="9.51922">
				<ele>294.62</ele>
			</trkpt>
			<trkpt lat="51.23667" lon="9.51935">
				<ele>294.62</ele>
			</trkpt>
			<trkpt lat="51.23623" lon="9.51935">
				<ele>294.62</ele>
			</trkpt>
			<trkpt lat="51.23609" lon="9.51922">
				<ele>294.62</ele>
			</trkpt>
			<trkpt lat="51.23605" lon="9.51895">
				<ele>256.69</ele>
			</trkpt>
			<trkpt lat="51.2361" lon="9.51806">
				<ele>256.69</ele>
			</trkpt>
			<trkpt lat="51.23601" lon="9.51782">
				<ele>256.69</ele>
			</trkpt>
			<trkpt lat="51.2358" lon="9.51771">
				<ele>256.69</ele>
			</trkpt>
			<trkpt lat="51.23536" lon="9.5176">
				<ele>256.69</ele>
			</trkpt>
			<trkpt lat="51.23521" lon="9.51726">
				<ele>256.69</ele>
			</trkpt>
			<trkpt lat="51.23505" lon="9.51709">
				<ele>256.69</ele>
			</trkpt>
			<trkpt lat="51.23539" lon="9.51426">
				<ele>256.69</ele>
			</trkpt>
			<trkpt lat="51.23579" lon="9.51026">
				<ele>256.69</ele>
			</trkpt>
			<trkpt lat="51.23595" lon="9.50892">
				<ele>256.69</ele>
			</trkpt>
			<trkpt lat="51.23638" lon="9.5047">
				<ele>223.12</ele>
			</trkpt>
			<trkpt lat="51.23736" lon="9.50395">
				<ele>223.12</ele>
			</trkpt>
			<trkpt lat="51.23767" lon="9.50365">
				<ele>223.12</ele>
			</trkpt>
			<trkpt lat="51.2379" lon="9.50349">
				<ele>223.12</ele>
			</trkpt>
			<trkpt lat="51.23842" lon="9.5032">
				<ele>223.12</ele>
			</trkpt>
			<trkpt lat="51.23886" lon="9.50304">
				<ele>223.12</ele>
			</trkpt>
			<trkpt lat="51.23917" lon="9.50286">
				<ele>223.12</ele>
			</trkpt>
			<trkpt lat="51.23931" lon="9.50261">
				<ele>223.12</ele>
			</trkpt>
			<trkpt lat="51.23941" lon="9.50232">
				<ele>223.12</ele>
			</trkpt>
			<trkpt lat="51.23948" lon="9.50222">
				<ele>223.12</ele>
			</trkpt>
			<trkpt lat="51.23989" lon="9.50236">
				<ele>223.12</ele>
			</trkpt>
			<trkpt lat="51.24" lon="9.50235">
				<ele>191.52</ele>
			</trkpt>
			<trkpt lat="51.24014" lon="9.50212">
				<ele>191.52</ele>
			</trkpt>
			<trkpt lat="51.24046" lon="9.50161">
				<ele>191.52</ele>
			</trkpt>
			<trkpt lat="51.24052" lon="9.50145">
				<ele>191.52</ele>
			</trkpt>
			<trkpt lat="51.24051" lon="9.50125">
				<ele>191.52</ele>
			</trkpt>
			<trkpt lat="51.24054" lon="9.50077">
				<ele>191.52</ele>
			</trkpt>
			<trkpt lat="51.24067" lon="9.50065">
				<ele>191.52</ele>
			</trkpt>
			<trkpt lat="51.24149" lon="9.5004">
				<ele>191.52</ele>
			</trkpt>
			<trkpt lat="51.24256" lon="9.49383">
				<ele>191.52</ele>
			</trkpt>
			<trkpt lat="51.24292" lon="9.49158">
				<ele>191.52</ele>
			</trkpt>
			<trkpt lat="51.24299" lon="9.48917">
				<ele>186.36</ele>
			</trkpt>
			<trkpt lat="51.24296" lon="9.48689">
				<ele>186.36</ele>
			</trkpt>
			<trkpt lat="51.2416" lon="9.48324">
				<ele>186.36</ele>
			</trkpt>
			<trkpt lat="51.2425" lon="9.48227">
				<ele>186.36</ele>
			</trkpt>
			<trkpt lat="51.24226" lon="9.4817">
				<ele>186.36</ele>
			</trkpt>
			<trkpt lat="51.24216" lon="9.48138">
				<ele>186.36</ele>
			</trkpt>
			<trkpt lat="51.24201" lon="9.48054">
				<ele>186.36</ele>
			</trkpt>
			<trkpt lat="51.24184" lon="9.47983">
				<ele>186.36</ele>
			</trkpt>
			<trkpt lat="51.24094" lon="9.47725">
				<ele>186.36</ele>
			</trkpt>
			<trkpt lat="51.24073" lon="9.47643">
				<ele>186.36</ele>
			</trkpt>
			<trkpt lat="51.24063" lon="9.47636">
				<ele>191.52</ele>
			</trkpt>
			<trkpt lat="51.24045" lon="9.47579">
				<ele>191.52</ele>
			</trkpt>
			<trkpt lat="51.24004" lon="9.47494">
				<ele>191.52</ele>
			</trkpt>
			<trkpt lat="51.23975" lon="9.47413">
				<ele>191.52</ele>
			</trkpt>
			<trkpt lat="51.23903" lon="9.47113">
				<ele>191.52</ele>
			</trkpt>
			<trkpt lat="51.24121" lon="9.4693">
				<ele>191.52</ele>
			</trkpt>
			<trkpt lat="51.24103" lon="9.46834">
				<ele>191.52</ele>
			</trkpt>
			<trkpt lat="51.24083" lon="9.4685">
				<ele>191.52</ele>
			</trkpt>
			<trkpt lat="51.23941" lon="9.46922">
				<ele>191.52</ele>
			</trkpt>
			<trkpt lat="51.23921" lon="9.46922">
				<ele>191.52</ele>
			</trkpt>
			<trkpt lat="51.23898" lon="9.4693">
				<ele>191.52</ele>
			</trkpt>
			<trkpt lat="51.23879" lon="9.46949">
				<ele>167.94</ele>
			</trkpt>
			<trkpt lat="51.23863" lon="9.46979">
				<ele>167.94</ele>
			</trkpt>
			<trkpt lat="51.23725" lon="9.47105">
				<ele>167.94</ele>
			</trkpt>
			<trkpt lat="51.23713" lon="9.47124">
				<ele>167.94</ele>
			</trkpt>
			<trkpt lat="51.23675" lon="9.47158">
				<ele>167.94</ele>
			</trkpt>
			<trkpt lat="51.23595" lon="9.4724">
				<ele>167.94</ele>
			</trkpt>
			<trkpt lat="51.23418" lon="9.47406">
				<ele>167.94</ele>
			</trkpt>
			<trkpt lat="51.23297" lon="9.47492">
				<ele>167.94</ele>
			</trkpt>
			<trkpt lat="51.23178" lon="9.47583">
				<ele>167.94</ele>
			</trkpt>
			<trkpt lat="51.2314" lon="9.47621">
				<ele>167.94</ele>
			</trkpt>
			<trkpt lat="51.23099" lon="9.4763">
				<ele>172.84</ele>
			</trkpt>
			<trkpt lat="51.23067" lon="9.47655">
				<ele>172.84</ele>
			</trkpt>
			<trkpt lat="51.23039" lon="9.47669">
				<ele>172.84</ele>
			</trkpt>
			<trkpt lat="51.22954" lon="9.47696">
				<ele>172.84</ele>
			</trkpt>
			<trkpt lat="51.22914" lon="9.47729">
				<ele>172.84</ele>
			</trkpt>
			<trkpt lat="51.22896" lon="9.47751">
				<ele>172.84</ele>
			</trkpt>
			<trkpt lat="51.22878" lon="9.4776">
				<ele>172.84</ele>
			</trkpt>
			<trkpt lat="51.22864" lon="9.47758">
				<ele>172.84</ele>
			</trkpt>
			<trkpt lat="51.22824" lon="9.47687">
				<ele>172.84</ele>
			</trkpt>
			<trkpt lat="51.22767" lon="9.47651">
				<ele>172.84</ele>
			</trkpt>
			<trkpt lat="51.2267" lon="9.47579">
				<ele>172.84</ele>
			</trkpt>
			<trkpt lat="51.22583" lon="9.47487">
				<ele>207.73</ele>
			</trkpt>
			<trkpt lat="51.22522" lon="9.47416">
				<ele>207.73</ele>
			</trkpt>
			<trkpt lat="51.22479" lon="9.47383">
				<ele>207.73</ele>
			</trkpt>
			<trkpt lat="51.22418" lon="9.47373">
				<ele>207.73</ele>
			</trkpt>
			<trkpt lat="51.22386" lon="9.47362">
				<ele>207.73</ele>
			</trkpt>
			<trkpt lat="51.22363" lon="9.47348">
				<ele>207.73</ele>
			</trkpt>
			<trkpt lat="51.22344" lon="9.47346">
				<ele>207.73</ele>
			</trkpt>
			<trkpt lat="51.22338" lon="9.47335">
				<ele>207.73</ele>
			</trkpt>
			<trkpt lat="51.22327" lon="9.47328">
				<ele>207.73</ele>
			</trkpt>
			<trkpt lat="51.22244" lon="9.47295">
				<ele>207.73</ele>
			</trkpt>
			<trkpt lat="51.22192" lon="9.47265">
				<ele>191.57</ele>
			</trkpt>
			<trkpt lat="51.22091" lon="9.47167">
				<ele>191.57</ele>
			</trkpt>
			<trkpt lat="51.22035" lon="9.47092">
				<ele>191.57</ele>
			</trkpt>
			<trkpt lat="51.21955" lon="9.47004">
				<ele>191.57</ele>
			</trkpt>
			<trkpt lat="51.21942" lon="9.46982">
				<ele>191.57</ele>
			</trkpt>
			<trkpt lat="51.21952" lon="9.46946">
				<ele>191.57</ele>
			</trkpt>
			<trkpt lat="51.21981" lon="9.46958">
				<ele>191.57</ele>
			</trkpt>
			<trkpt lat="51.22029" lon="9.46992">
				<ele>191.57</ele>
			</trkpt>
			<trkpt lat="51.2216" lon="9.47012">
				<ele>191.57</ele>
			</trkpt>
			<trkpt lat="51.22217" lon="9.4701">
				<ele>191.57</ele>
			</trkpt>
			<trkpt lat="51.22259" lon="9.47013">
				<ele>191.57</ele>
			</trkpt>
			<trkpt lat="51.22272" lon="9.47008">
				<ele>171.79</ele>
			</trkpt>
			<trkpt lat="51.22286" lon="9.46993">
				<ele>171.79</ele>
			</trkpt>
			<trkpt lat="51.22296" lon="9.46959">
				<ele>171.79</ele>
			</trkpt>
			<trkpt lat="51.22297" lon="9.4694">
				<ele>171.79</ele>
			</trkpt>
			<trkpt lat="51.22287" lon="9.46866">
				<ele>171.79</ele>
			</trkpt>
			<trkpt lat="51.22289" lon="9.46838">
				<ele>171.79</ele>
			</trkpt>
			<trkpt lat="51.22301" lon="9.46811">
				<ele>171.79</ele>
			</trkpt>
			<trkpt lat="51.22326" lon="9.46787">
				<ele>171.79</ele>
			</trkpt>
			<trkpt lat="51.22349" lon="9.46775">
				<ele>171.79</ele>
			</trkpt>
			<trkpt lat="51.22443" lon="9.467">
				<ele>171.79</ele>
			</trkpt>
			<trkpt lat="51.22531" lon="9.46909">
				<ele>153.66</ele>
			</trkpt>
			<trkpt lat="51.22636" lon="9.47186">
				<ele>153.66</ele>
			</trkpt>
			<trkpt lat="51.22653" lon="9.47237">
				<ele>153.66</ele>
			</trkpt>
			<trkpt lat="51.22675" lon="9.47317">
				<ele>153.66</ele>
			</trkpt>
			<trkpt lat="51.2269" lon="9.47322">
				<ele>153.66</ele>
			</trkpt>
			<trkpt lat="51.22782" lon="9.47203">
				<ele>153.66</ele>
			</trkpt>
			<trkpt lat="51.22798" lon="9.47176">
				<ele>153.66</ele>
			</trkpt>
			<trkpt lat="51.22816" lon="9.47121">
				<ele>153.66</ele>
			</trkpt>
			<trkpt lat="51.22834" lon="9.47079">
				<ele>153.66</ele>
			</trkpt>
			<trkpt lat="51.23142" lon="9.46914">
				<ele>153.66</ele>
			</trkpt>
			<trkpt lat="51.23215" lon="9.46884">
				<ele>153.66</ele>
			</trkpt>
			<trkpt lat="51.23262" lon="9.46861">
				<ele>143.21</ele>
			</trkpt>
			<trkpt lat="51.23276" lon="9.46851">
				<ele>143.21</ele>
			</trkpt>
			<trkpt lat="51.2331" lon="9.4681">
				<ele>143.21</ele>
			</trkpt>
			<trkpt lat="51.23326" lon="9.46761">
				<ele>143.21</ele>
			</trkpt>
			<trkpt lat="51.23353" lon="9.46724">
				<ele>143.21</ele>
			</trkpt>
			<trkpt lat="51.23388" lon="9.4677">
				<ele>143.21</ele>
			</trkpt>
			<trkpt lat="51.23412" lon="9.46767">
				<ele>143.21</ele>
			</trkpt>
			<trkpt lat="51.23422" lon="9.46771">
				<ele>143.21</ele>
			</trkpt>
			<trkpt lat="51.23438" lon="9.46816">
				<ele>143.21</ele>
			</trkpt>
			<trkpt lat="51.23475" lon="9.46827">
				<ele>143.21</ele>
			</trkpt>
			<trkpt lat="51.23442" lon="9.46822">
				<ele>157.92</ele>
			</trkpt>
			<trkpt lat="51.23422" lon="9.46771">
				<ele>157.92</ele>
			</trkpt>
			<trkpt lat="51.23412" lon="9.46767">
				<ele>157.92</ele>
			</trkpt>
			<trkpt lat="51.23393" lon="9.46773">
				<ele>157.92</ele>
			</trkpt>
			<trkpt lat="51.23353" lon="9.46724">
				<ele>157.92</ele>
			</trkpt>
			<trkpt lat="51.23355" lon="9.46693">
				<ele>157.92</ele>
			</trkpt>
			<trkpt lat="51.23351" lon="9.4668">
				<ele>157.92</ele>
			</trkpt>
			<trkpt lat="51.23339" lon="9.46648">
				<ele>157.92</ele>
			</trkpt>
			<trkpt lat="51.23313" lon="9.46609">
				<ele>157.92</ele>
			</trkpt>
			<trkpt lat="51.23297" lon="9.46607">
				<ele>157.92</ele>
			</trkpt>
			<trkpt lat="51.23275" lon="9.4662">
				<ele>157.92</ele>
			</trkpt>
			<trkpt lat="51.23257" lon="9.46613">
				<ele>151.3</ele>
			</trkpt>
			<trkpt lat="51.23247" lon="9.46594">
				<ele>151.3</ele>
			</trkpt>
			<trkpt lat="51.23243" lon="9.46581">
				<ele>151.3</ele>
			</trkpt>
			<trkpt lat="51.23241" lon="9.46565">
				<ele>151.3</ele>
			</trkpt>
			<trkpt lat="51.23244" lon="9.46538">
				<ele>151.3</ele>
			</trkpt>
			<trkpt lat="51.23239" lon="9.46513">
				<ele>151.3</ele>
			</trkpt>
			<trkpt lat="51.23233" lon="9.46526">
				<ele>151.3</ele>
			</trkpt>
			<trkpt lat="51.23208" lon="9.46534">
				<ele>151.3</ele>
			</trkpt>
			<trkpt lat="51.23203" lon="9.46516">
				<ele>151.3</ele>
			</trkpt>
			<trkpt lat="51.23188" lon="9.46498">
				<ele>151.3</ele>
			</trkpt>
			<trkpt lat="51.23178" lon="9.4647">
				<ele>167.76</ele>
			</trkpt>
			<trkpt lat="51.23162" lon="9.46306">
				<ele>167.76</ele>
			</trkpt>
			<trkpt lat="51.23166" lon="9.46223">
				<ele>167.76</ele>
			</trkpt>
			<trkpt lat="51.23178" lon="9.46126">
				<ele>167.76</ele>
			</trkpt>
			<trkpt lat="51.23187" lon="9.46067">
				<ele>167.76</ele>
			</trkpt>
			<trkpt lat="51.23197" lon="9.45974">
				<ele>167.76</ele>
			</trkpt>
			<trkpt lat="51.23214" lon="9.45895">
				<ele>167.76</ele>
			</trkpt>
			<trkpt lat="51.23221" lon="9.45819">
				<ele>167.76</ele>
			</trkpt>
			<trkpt lat="51.23218" lon="9.45786">
				<ele>167.76</ele>
			</trkpt>
			<trkpt lat="51.23211" lon="9.45765">
				<ele>167.76</ele>
			</trkpt>
			<trkpt lat="51.23204" lon="9.45755">
				<ele>182.28</ele>
			</trkpt>
			<trkpt lat="51.23183" lon="9.45742">
				<ele>182.28</ele>
			</trkpt>
			<trkpt lat="51.23171" lon="9.45751">
				<ele>182.28</ele>
			</trkpt>
			<trkpt lat="51.23148" lon="9.45785">
				<ele>182.28</ele>
			</trkpt>
			<trkpt lat="51.2312" lon="9.45813">
				<ele>182.28</ele>
			</trkpt>
			<trkpt lat="51.23057" lon="9.45858">
				<ele>182.28</ele>
			</trkpt>
			<trkpt lat="51.23028" lon="9.45782">
				<ele>182.28</ele>
			</trkpt>
			<trkpt lat="51.23025" lon="9.45767">
				<ele>182.28</ele>
			</trkpt>
			<trkpt lat="51.23017" lon="9.45744">
				<ele>182.28</ele>
			</trkpt>
			<trkpt lat="51.22972" lon="9.45695">
				<ele>182.28</ele>
			</trkpt>
			<trkpt lat="51.22954" lon="9.45646">
				<ele>182.28</ele>
			</trkpt>
			<trkpt lat="51.22958" lon="9.4559">
				<ele>179.19</ele>
			</trkpt>
			<trkpt lat="51.22931" lon="9.45478">
				<ele>179.19</ele>
			</trkpt>
			<trkpt lat="51.22923" lon="9.454">
				<ele>179.19</ele>
			</trkpt>
			<trkpt lat="51.22916" lon="9.4537">
				<ele>179.19</ele>
			</trkpt>
			<trkpt lat="51.22911" lon="9.45323">
				<ele>179.19</ele>
			</trkpt>
			<trkpt lat="51.22908" lon="9.45188">
				<ele>179.19</ele>
			</trkpt>
			<trkpt lat="51.22904" lon="9.45088">
				<ele>179.19</ele>
			</trkpt>
			<trkpt lat="51.22906" lon="9.45042">
				<ele>179.19</ele>
			</trkpt>
			<trkpt lat="51.22906" lon="9.45002">
				<ele>179.19</ele>
			</trkpt>
			<trkpt lat="51.229" lon="9.44947">
				<ele>179.19</ele>
			</trkpt>
			<trkpt lat="51.22902" lon="9.44928">
				<ele>169.22</ele>
			</trkpt>
			<trkpt lat="51.22912" lon="9.44911">
				<ele>169.22</ele>
			</trkpt>
			<trkpt lat="51.22916" lon="9.44885">
				<ele>169.22</ele>
			</trkpt>
			<trkpt lat="51.2291" lon="9.44832">
				<ele>169.22</ele>
			</trkpt>
			<trkpt lat="51.22914" lon="9.44799">
				<ele>169.22</ele>
			</trkpt>
			<trkpt lat="51.22923" lon="9.44757">
				<ele>169.22</ele>
			</trkpt>
			<trkpt lat="51.22954" lon="9.44673">
				<ele>169.22</ele>
			</trkpt>
			<trkpt lat="51.22973" lon="9.44639">
				<ele>169.22</ele>
			</trkpt>
			<trkpt lat="51.23013" lon="9.44589">
				<ele>169.22</ele>
			</trkpt>
			<trkpt lat="51.23015" lon="9.44551">
				<ele>169.22</ele>
			</trkpt>
			<trkpt lat="51.23025" lon="9.44471">
				<ele>169.22</ele>
			</trkpt>
			<trkpt lat="51.23049" lon="9.44389">
				<ele>198.22</ele>
			</trkpt>
			<trkpt lat="51.23049" lon="9.44361">
				<ele>198.22</ele>
			</trkpt>
			<trkpt lat="51.23045" lon="9.44313">
				<ele>198.22</ele>
			</trkpt>
			<trkpt lat="51.23045" lon="9.44276">
				<ele>198.22</ele>
			</trkpt>
			<trkpt lat="51.2304" lon="9.44231">
				<ele>198.22</ele>
			</trkpt>
			<trkpt lat="51.2304" lon="9.4408">
				<ele>198.22</ele>
			</trkpt>
			<trkpt lat="51.23037" lon="9.44047">
				<ele>198.22</ele>
			</trkpt>
			<trkpt lat="51.23025" lon="9.43992">
				<ele>198.22</ele>
			</trkpt>
			<trkpt lat="51.2301" lon="9.4394">
				<ele>198.22</ele>
			</trkpt>
			<trkpt lat="51.22961" lon="9.43853">
				<ele>198.22</ele>
			</trkpt>
			<trkpt lat="51.22945" lon="9.43797">
				<ele>213.48</ele>
			</trkpt>
			<trkpt lat="51.22949" lon="9.43765">
				<ele>213.48</ele>
			</trkpt>
			<trkpt lat="51.22959" lon="9.43739">
				<ele>213.48</ele>
			</trkpt>
			<trkpt lat="51.22972" lon="9.43734">
				<ele>213.48</ele>
			</trkpt>
			<trkpt lat="51.22955" lon="9.43728">
				<ele>213.48</ele>
			</trkpt>
			<trkpt lat="51.22943" lon="9.43734">
				<ele>213.48</ele>
			</trkpt>
			<trkpt lat="51.22923" lon="9.43755">
				<ele>213.48</ele>
			</trkpt>
			<trkpt lat="51.22913" lon="9.43758">
				<ele>213.48</ele>
			</trkpt>
			<trkpt lat="51.2291" lon="9.43742">
				<ele>213.48</ele>
			</trkpt>
			<trkpt lat="51.22913" lon="9.43709">
				<ele>213.48</ele>
			</trkpt>
			<trkpt lat="51.22954" lon="9.43664">
				<ele>213.48</ele>
			</trkpt>
			<trkpt lat="51.22959" lon="9.43645">
				<ele>247.88</ele>
			</trkpt>
			<trkpt lat="51.2297" lon="9.43612">
				<ele>247.88</ele>
			</trkpt>
			<trkpt lat="51.22973" lon="9.43593">
				<ele>247.88</ele>
			</trkpt>
			<trkpt lat="51.23012" lon="9.43508">
				<ele>247.88</ele>
			</trkpt>
			<trkpt lat="51.23022" lon="9.4347">
				<ele>247.88</ele>
			</trkpt>
			<trkpt lat="51.23051" lon="9.43419">
				<ele>247.88</ele>
			</trkpt>
			<trkpt lat="51.23125" lon="9.43385">
				<ele>247.88</ele>
			</trkpt>
			<trkpt lat="51.23162" lon="9.43361">
				<ele>247.88</ele>
			</trkpt>
			<trkpt lat="51.232" lon="9.43324">
				<ele>247.88</ele>
			</trkpt>
			<trkpt lat="51.23265" lon="9.43278">
				<ele>247.88</ele>
			</trkpt>
			<trkpt lat="51.23333" lon="9.43225">
				<ele>240.11</ele>
			</trkpt>
			<trkpt lat="51.23351" lon="9.43205">
				<ele>240.11</ele>
			</trkpt>
			<trkpt lat="51.23407" lon="9.43121">
				<ele>240.11</ele>
			</trkpt>
			<trkpt lat="51.23488" lon="9.43011">
				<ele>240.11</ele>
			</trkpt>
			<trkpt lat="51.23518" lon="9.4296">
				<ele>240.11</ele>
			</trkpt>
			<trkpt lat="51.23558" lon="9.42915">
				<ele>240.11</ele>
			</trkpt>
			<trkpt lat="51.23586" lon="9.42893">
				<ele>240.11</ele>
			</trkpt>
			<trkpt lat="51.23626" lon="9.42873">
				<ele>240.11</ele>
			</trkpt>
			<trkpt lat="51.23654" lon="9.42872">
				<ele>240.11</ele>
			</trkpt>
			<trkpt lat="51.23676" lon="9.42864">
				<ele>240.11</ele>
			</trkpt>
			<trkpt lat="51.23753" lon="9.42822">
				<ele>240.11</ele>
			</trkpt>
			<trkpt lat="51.23711" lon="9.42735">
				<ele>241.21</ele>
			</trkpt>
			<trkpt lat="51.23684" lon="9.42713">
				<ele>241.21</ele>
			</trkpt>
			<trkpt lat="51.23662" lon="9.42705">
				<ele>241.21</ele>
			</trkpt>
			<trkpt lat="51.23647" lon="9.4271">
				<ele>241.21</ele>
			</trkpt>
			<trkpt lat="51.23494" lon="9.42803">
				<ele>241.21</ele>
			</trkpt>
			<trkpt lat="51.23475" lon="9.42821">
				<ele>241.21</ele>
			</trkpt>
			<trkpt lat="51.23442" lon="9.42814">
				<ele>241.21</ele>
			</trkpt>
			<trkpt lat="51.23408" lon="9.42795">
				<ele>241.21</ele>
			</trkpt>
			<trkpt lat="51.23372" lon="9.42771">
				<ele>241.21</ele>
			</trkpt>
			<trkpt lat="51.23312" lon="9.42719">
				<ele>241.21</ele>
			</trkpt>
			<trkpt lat="51.23272" lon="9.42833">
				<ele>231.78</ele>
			</trkpt>
			<trkpt lat="51.23203" lon="9.42785">
				<ele>231.78</ele>
			</trkpt>
			<trkpt lat="51.23163" lon="9.42769">
				<ele>231.78</ele>
			</trkpt>
			<trkpt lat="51.23165" lon="9.42682">
				<ele>231.78</ele>
			</trkpt>
			<trkpt lat="51.23166" lon="9.42576">
				<ele>231.78</ele>
			</trkpt>
			<trkpt lat="51.23179" lon="9.42536">
				<ele>231.78</ele>
			</trkpt>
			<trkpt lat="51.23207" lon="9.42488">
				<ele>231.78</ele>
			</trkpt>
			<trkpt lat="51.23326" lon="9.4236">
				<ele>231.78</ele>
			</trkpt>
			<trkpt lat="51.23453" lon="9.42229">
				<ele>231.78</ele>
			</trkpt>
			<trkpt lat="51.23449" lon="9.42212">
				<ele>231.78</ele>
			</trkpt>
			<trkpt lat="51.23437" lon="9.42168">
				<ele>231.78</ele>
			</trkpt>
			<trkpt lat="51.23438" lon="9.42154">
				<ele>222.32</ele>
			</trkpt>
			<trkpt lat="51.23458" lon="9.42127">
				<ele>222.32</ele>
			</trkpt>
			<trkpt lat="51.23496" lon="9.42088">
				<ele>222.32</ele>
			</trkpt>
			<trkpt lat="51.23501" lon="9.42069">
				<ele>222.32</ele>
			</trkpt>
			<trkpt lat="51.2345" lon="9.41858">
				<ele>222.32</ele>
			</trkpt>
			<trkpt lat="51.23447" lon="9.41824">
				<ele>222.32</ele>
			</trkpt>
			<trkpt lat="51.23421" lon="9.41717">
				<ele>222.32</ele>
			</trkpt>
			<trkpt lat="51.2334" lon="9.4171">
				<ele>222.32</ele>
			</trkpt>
			<trkpt lat="51.23325" lon="9.41721">
				<ele>222.32</ele>
			</trkpt>
			<trkpt lat="51.23312" lon="9.41661">
				<ele>222.32</ele>
			</trkpt>
			<trkpt lat="51.23287" lon="9.41527">
				<ele>226.32</ele>
			</trkpt>
			<trkpt lat="51.232" lon="9.41119">
				<ele>226.32</ele>
			</trkpt>
			<trkpt lat="51.23164" lon="9.41041">
				<ele>226.32</ele>
			</trkpt>
			<trkpt lat="51.23148" lon="9.41001">
				<ele>226.32</ele>
			</trkpt>
			<trkpt lat="51.231" lon="9.40876">
				<ele>226.32</ele>
			</trkpt>
			<trkpt lat="51.23086" lon="9.40832">
				<ele>226.32</ele>
			</trkpt>
			<trkpt lat="51.23072" lon="9.40805">
				<ele>226.32</ele>
			</trkpt>
			<trkpt lat="51.23062" lon="9.40756">
				<ele>226.32</ele>
			</trkpt>
			<trkpt lat="51.23051" lon="9.4072">
				<ele>226.32</ele>
			</trkpt>
			<trkpt lat="51.23049" lon="9.40704">
				<ele>226.32</ele>
			</trkpt>
			<trkpt lat="51.23052" lon="9.4068">
				<ele>229.99</ele>
			</trkpt>
			<trkpt lat="51.23075" lon="9.40624">
				<ele>229.99</ele>
			</trkpt>
			<trkpt lat="51.23087" lon="9.40602">
				<ele>229.99</ele>
			</trkpt>
			<trkpt lat="51.23276" lon="9.40181">
				<ele>229.99</ele>
			</trkpt>
			<trkpt lat="51.23352" lon="9.39932">
				<ele>229.99</ele>
			</trkpt>
			<trkpt lat="51.23381" lon="9.39737">
				<ele>229.99</ele>
			</trkpt>
			<trkpt lat="51.23498" lon="9.39775">
				<ele>229.99</ele>
			</trkpt>
			<trkpt lat="51.23509" lon="9.39765">
				<ele>229.99</ele>
			</trkpt>
			<trkpt lat="51.23506" lon="9.39706">
				<ele>229.99</ele>
			</trkpt>
			<trkpt lat="51.23516" lon="9.3969">
				<ele>229.99</ele>
			</trkpt>
			<trkpt lat="51.23596" lon="9.39697">
				<ele>229.99</ele>
			</trkpt>
			<trkpt lat="51.23608" lon="9.3948">
				<ele>235.08</ele>
			</trkpt>
			<trkpt lat="51.23611" lon="9.39448">
				<ele>235.08</ele>
			</trkpt>
			<trkpt lat="51.23687" lon="9.39071">
				<ele>235.08</ele>
			</trkpt>
			<trkpt lat="51.23691" lon="9.39044">
				<ele>235.08</ele>
			</trkpt>
			<trkpt lat="51.23695" lon="9.38941">
				<ele>235.08</ele>
			</trkpt>
			<trkpt lat="51.23731" lon="9.38089">
				<ele>235.08</ele>
			</trkpt>
			<trkpt lat="51.23645" lon="9.3806">
				<ele>235.08</ele>
			</trkpt>
			<trkpt lat="51.23387" lon="9.38007">
				<ele>235.08</ele>
			</trkpt>
			<trkpt lat="51.23399" lon="9.37935">
				<ele>235.08</ele>
			</trkpt>
			<trkpt lat="51.23436" lon="9.37736">
				<ele>235.08</ele>
			</trkpt>
			<trkpt lat="51.23443" lon="9.37707">
				<ele>246.48</ele>
			</trkpt>
			<trkpt lat="51.23526" lon="9.37263">
				<ele>246.48</ele>
			</trkpt>
			<trkpt lat="51.23511" lon="9.37017">
				<ele>246.48</ele>
			</trkpt>
			<trkpt lat="51.23512" lon="9.37">
				<ele>246.48</ele>
			</trkpt>
			<trkpt lat="51.23603" lon="9.37019">
				<ele>246.48</ele>
			</trkpt>
			<trkpt lat="51.23755" lon="9.37041">
				<ele>246.48</ele>
			</trkpt>
			<trkpt lat="51.23759" lon="9.37057">
				<ele>246.48</ele>
			</trkpt>
			<trkpt lat="51.23853" lon="9.37031">
				<ele>246.48</ele>
			</trkpt>
			<trkpt lat="51.23903" lon="9.37021">
				<ele>246.48</ele>
			</trkpt>
			<trkpt lat="51.24257" lon="9.36931">
				<ele>246.48</ele>
			</trkpt>
			<trkpt lat="51.24417" lon="9.3688">
				<ele>246.48</ele>
			</trkpt>
			<trkpt lat="51.24429" lon="9.36885">
				<ele>267.26</ele>
			</trkpt>
			<trkpt lat="51.24457" lon="9.36864">
				<ele>267.26</ele>
			</trkpt>
			<trkpt lat="51.24471" lon="9.36865">
				<ele>267.26</ele>
			</trkpt>
			<trkpt lat="51.24483" lon="9.36887">
				<ele>267.26</ele>
			</trkpt>
			<trkpt lat="51.24503" lon="9.36904">
				<ele>267.26</ele>
			</trkpt>
			<trkpt lat="51.24613" lon="9.36918">
				<ele>267.26</ele>
			</trkpt>
			<trkpt lat="51.24697" lon="9.3692">
				<ele>267.26</ele>
			</trkpt>
			<trkpt lat="51.24715" lon="9.36946">
				<ele>267.26</ele>
			</trkpt>
			<trkpt lat="51.24725" lon="9.36979">
				<ele>267.26</ele>
			</trkpt>
			<trkpt lat="51.24749" lon="9.37026">
				<ele>267.26</ele>
			</trkpt>
			<trkpt lat="51.24879" lon="9.37149">
				<ele>272.24</ele>
			</trkpt>
			<trkpt lat="51.24913" lon="9.37175">
				<ele>272.24</ele>
			</trkpt>
			<trkpt lat="51.24936" lon="9.37192">
				<ele>272.24</ele>
			</trkpt>
			<trkpt lat="51.24985" lon="9.37202">
				<ele>272.24</ele>
			</trkpt>
			<trkpt lat="51.25319" lon="9.36908">
				<ele>272.24</ele>
			</trkpt>
			<trkpt lat="51.25371" lon="9.3687">
				<ele>272.24</ele>
			</trkpt>
			<trkpt lat="51.25453" lon="9.36792">
				<ele>272.24</ele>
			</trkpt>
			<trkpt lat="51.25509" lon="9.36726">
				<ele>272.24</ele>
			</trkpt>
			<trkpt lat="51.2554" lon="9.36672">
				<ele>272.24</ele>
			</trkpt>
			<trkpt lat="51.25577" lon="9.36596">
				<ele>272.24</ele>
			</trkpt>
			<trkpt lat="51.25609" lon="9.36514">
				<ele>272.24</ele>
			</trkpt>
			<trkpt lat="51.25644" lon="9.36391">
				<ele>269.87</ele>
			</trkpt>
			<trkpt lat="51.25657" lon="9.36312">
				<ele>269.87</ele>
			</trkpt>
			<trkpt lat="51.25661" lon="9.36268">
				<ele>269.87</ele>
			</trkpt>
			<trkpt lat="51.25658" lon="9.36234">
				<ele>269.87</ele>
			</trkpt>
			<trkpt lat="51.25648" lon="9.36183">
				<ele>269.87</ele>
			</trkpt>
			<trkpt lat="51.25642" lon="9.36126">
				<ele>269.87</ele>
			</trkpt>
			<trkpt lat="51.25649" lon="9.36026">
				<ele>269.87</ele>
			</trkpt>
			<trkpt lat="51.2565" lon="9.35931">
				<ele>269.87</ele>
			</trkpt>
			<trkpt lat="51.25672" lon="9.35868">
				<ele>269.87</ele>
			</trkpt>
			<trkpt lat="51.25684" lon="9.35811">
				<ele>269.87</ele>
			</trkpt>
			<trkpt lat="51.25696" lon="9.35798">
				<ele>287.05</ele>
			</trkpt>
			<trkpt lat="51.25719" lon="9.35803">
				<ele>287.05</ele>
			</trkpt>
			<trkpt lat="51.25749" lon="9.35818">
				<ele>287.05</ele>
			</trkpt>
			<trkpt lat="51.25785" lon="9.3583">
				<ele>287.05</ele>
			</trkpt>
			<trkpt lat="51.25803" lon="9.3583">
				<ele>287.05</ele>
			</trkpt>
			<trkpt lat="51.25823" lon="9.3582">
				<ele>287.05</ele>
			</trkpt>
			<trkpt lat="51.25851" lon="9.3579">
				<ele>287.05</ele>
			</trkpt>
			<trkpt lat="51.25862" lon="9.35763">
				<ele>287.05</ele>
			</trkpt>
			<trkpt lat="51.25861" lon="9.35729">
				<ele>287.05</ele>
			</trkpt>
			<trkpt lat="51.2587" lon="9.35675">
				<ele>287.05</ele>
			</trkpt>
			<trkpt lat="51.2588" lon="9.35659">
				<ele>287.05</ele>
			</trkpt>
			<trkpt lat="51.25895" lon="9.35652">
				<ele>287.75</ele>
			</trkpt>
			<trkpt lat="51.25925" lon="9.35649">
				<ele>287.75</ele>
			</trkpt>
			<trkpt lat="51.26008" lon="9.35606">
				<ele>287.75</ele>
			</trkpt>
			<trkpt lat="51.26097" lon="9.35573">
				<ele>287.75</ele>
			</trkpt>
			<trkpt lat="51.26125" lon="9.35555">
				<ele>287.75</ele>
			</trkpt>
			<trkpt lat="51.26185" lon="9.35477">
				<ele>287.75</ele>
			</trkpt>
			<trkpt lat="51.26211" lon="9.35466">
				<ele>287.75</ele>
			</trkpt>
			<trkpt lat="51.26244" lon="9.35467">
				<ele>287.75</ele>
			</trkpt>
			<trkpt lat="51.26328" lon="9.35491">
				<ele>287.75</ele>
			</trkpt>
			<trkpt lat="51.26373" lon="9.35496">
				<ele>287.75</ele>
			</trkpt>
			<trkpt lat="51.26429" lon="9.35486">
				<ele>304.41</ele>
			</trkpt>
			<trkpt lat="51.26446" lon="9.35475">
				<ele>304.41</ele>
			</trkpt>
			<trkpt lat="51.2646" lon="9.35461">
				<ele>304.41</ele>
			</trkpt>
			<trkpt lat="51.2647" lon="9.35439">
				<ele>304.41</ele>
			</trkpt>
			<trkpt lat="51.26474" lon="9.35413">
				<ele>304.41</ele>
			</trkpt>
			<trkpt lat="51.26472" lon="9.35375">
				<ele>304.41</ele>
			</trkpt>
			<trkpt lat="51.26448" lon="9.35294">
				<ele>304.41</ele>
			</trkpt>
			<trkpt lat="51.26452" lon="9.35275">
				<ele>304.41</ele>
			</trkpt>
			<trkpt lat="51.26498" lon="9.35269">
				<ele>304.41</ele>
			</trkpt>
			<trkpt lat="51.26528" lon="9.35257">
				<ele>304.41</ele>
			</trkpt>
			<trkpt lat="51.26552" lon="9.35234">
				<ele>304.41</ele>
			</trkpt>
			<trkpt lat="51.26574" lon="9.35205">
				<ele>307.07</ele>
			</trkpt>
			<trkpt lat="51.26614" lon="9.35117">
				<ele>307.07</ele>
			</trkpt>
			<trkpt lat="51.26668" lon="9.35036">
				<ele>307.07</ele>
			</trkpt>
			<trkpt lat="51.26706" lon="9.34983">
				<ele>307.07</ele>
			</trkpt>
			<trkpt lat="51.26751" lon="9.34982">
				<ele>307.07</ele>
			</trkpt>
			<trkpt lat="51.26768" lon="9.34976">
				<ele>307.07</ele>
			</trkpt>
			<trkpt lat="51.26831" lon="9.34917">
				<ele>307.07</ele>
			</trkpt>
			<trkpt lat="51.26861" lon="9.34867">
				<ele>307.07</ele>
			</trkpt>
			<trkpt lat="51.26873" lon="9.34856">
				<ele>307.07</ele>
			</trkpt>
			<trkpt lat="51.26921" lon="9.34848">
				<ele>307.07</ele>
			</trkpt>
			<trkpt lat="51.26945" lon="9.34827">
				<ele>332.2</ele>
			</trkpt>
			<trkpt lat="51.26953" lon="9.34809">
				<ele>332.2</ele>
			</trkpt>
			<trkpt lat="51.26964" lon="9.34744">
				<ele>332.2</ele>
			</trkpt>
			<trkpt lat="51.26978" lon="9.34683">
				<ele>332.2</ele>
			</trkpt>
			<trkpt lat="51.26984" lon="9.34618">
				<ele>332.2</ele>
			</trkpt>
			<trkpt lat="51.26984" lon="9.34524">
				<ele>332.2</ele>
			</trkpt>
			<trkpt lat="51.26977" lon="9.34494">
				<ele>332.2</ele>
			</trkpt>
			<trkpt lat="51.2696" lon="9.34381">
				<ele>332.2</ele>
			</trkpt>
			<trkpt lat="51.26955" lon="9.3436">
				<ele>332.2</ele>
			</trkpt>
			<trkpt lat="51.26956" lon="9.34322">
				<ele>332.2</ele>
			</trkpt>
			<trkpt lat="51.2696" lon="9.34287">
				<ele>332.2</ele>
			</trkpt>
			<trkpt lat="51.26971" lon="9.3426">
				<ele>329.87</ele>
			</trkpt>
			<trkpt lat="51.2699" lon="9.34174">
				<ele>329.87</ele>
			</trkpt>
			<trkpt lat="51.2699" lon="9.34139">
				<ele>329.87</ele>
			</trkpt>
			<trkpt lat="51.26994" lon="9.34113">
				<ele>329.87</ele>
			</trkpt>
			<trkpt lat="51.26994" lon="9.34058">
				<ele>329.87</ele>
			</trkpt>
			<trkpt lat="51.27008" lon="9.33955">
				<ele>329.87</ele>
			</trkpt>
			<trkpt lat="51.27007" lon="9.33929">
				<ele>329.87</ele>
			</trkpt>
			<trkpt lat="51.27015" lon="9.33879">
				<ele>329.87</ele>
			</trkpt>
			<trkpt lat="51.27031" lon="9.33807">
				<ele>329.87</ele>
			</trkpt>
			<trkpt lat="51.27045" lon="9.33776">
				<ele>329.87</ele>
			</trkpt>
			<trkpt lat="51.27064" lon="9.33744">
				<ele>346.14</ele>
			</trkpt>
			<trkpt lat="51.27083" lon="9.33704">
				<ele>346.14</ele>
			</trkpt>
			<trkpt lat="51.27095" lon="9.33685">
				<ele>346.14</ele>
			</trkpt>
			<trkpt lat="51.27131" lon="9.33655">
				<ele>346.14</ele>
			</trkpt>
			<trkpt lat="51.2715" lon="9.33619">
				<ele>346.14</ele>
			</trkpt>
			<trkpt lat="51.27156" lon="9.33565">
				<ele>346.14</ele>
			</trkpt>
			<trkpt lat="51.27171" lon="9.33512">
				<ele>346.14</ele>
			</trkpt>
			<trkpt lat="51.27176" lon="9.33478">
				<ele>346.14</ele>
			</trkpt>
			<trkpt lat="51.2719" lon="9.33478">
				<ele>346.14</ele>
			</trkpt>
			<trkpt lat="51.27242" lon="9.33465">
				<ele>346.14</ele>
			</trkpt>
			<trkpt lat="51.27318" lon="9.33436">
				<ele>381.27</ele>
			</trkpt>
			<trkpt lat="51.27526" lon="9.33375">
				<ele>381.27</ele>
			</trkpt>
			<trkpt lat="51.27541" lon="9.33377">
				<ele>381.27</ele>
			</trkpt>
			<trkpt lat="51.27581" lon="9.33408">
				<ele>381.27</ele>
			</trkpt>
			<trkpt lat="51.2762" lon="9.33428">
				<ele>381.27</ele>
			</trkpt>
			<trkpt lat="51.27651" lon="9.33432">
				<ele>381.27</ele>
			</trkpt>
			<trkpt lat="51.27666" lon="9.33422">
				<ele>381.27</ele>
			</trkpt>
			<trkpt lat="51.27699" lon="9.33294">
				<ele>381.27</ele>
			</trkpt>
			<trkpt lat="51.27744" lon="9.33306">
				<ele>381.27</ele>
			</trkpt>
			<trkpt lat="51.27782" lon="9.33328">
				<ele>381.27</ele>
			</trkpt>
			<trkpt lat="51.27812" lon="9.33353">
				<ele>381.27</ele>
			</trkpt>
			<trkpt lat="51.27845" lon="9.3337">
				<ele>418.54</ele>
			</trkpt>
			<trkpt lat="51.27857" lon="9.3338">
				<ele>418.54</ele>
			</trkpt>
			<trkpt lat="51.27863" lon="9.33392">
				<ele>418.54</ele>
			</trkpt>
			<trkpt lat="51.27897" lon="9.33548">
				<ele>418.54</ele>
			</trkpt>
			<trkpt lat="51.27909" lon="9.33591">
				<ele>418.54</ele>
			</trkpt>
			<trkpt lat="51.27981" lon="9.33732">
				<ele>418.54</ele>
			</trkpt>
			<trkpt lat="51.28007" lon="9.33748">
				<ele>418.54</ele>
			</trkpt>
			<trkpt lat="51.28023" lon="9.33754">
				<ele>418.54</ele>
			</trkpt>
			<trkpt lat="51.28038" lon="9.33753">
				<ele>418.54</ele>
			</trkpt>
			<trkpt lat="51.28056" lon="9.33746">
				<ele>418.54</ele>
			</trkpt>
			<trkpt lat="51.2808" lon="9.33726">
				<ele>428.22</ele>
			</trkpt>
			<trkpt lat="51.28104" lon="9.33685">
				<ele>428.22</ele>
			</trkpt>
			<trkpt lat="51.28153" lon="9.33724">
				<ele>428.22</ele>
			</trkpt>
			<trkpt lat="51.282" lon="9.33791">
				<ele>428.22</ele>
			</trkpt>
			<trkpt lat="51.28291" lon="9.3386">
				<ele>428.22</ele>
			</trkpt>
			<trkpt lat="51.28302" lon="9.33875">
				<ele>428.22</ele>
			</trkpt>
			<trkpt lat="51.2831" lon="9.33898">
				<ele>428.22</ele>
			</trkpt>
			<trkpt lat="51.28314" lon="9.33922">
				<ele>428.22</ele>
			</trkpt>
			<trkpt lat="51.28319" lon="9.33986">
				<ele>428.22</ele>
			</trkpt>
			<trkpt lat="51.28414" lon="9.3393">
				<ele>428.22</ele>
			</trkpt>
			<trkpt lat="51.28478" lon="9.33909">
				<ele>428.22</ele>
			</trkpt>
			<trkpt lat="51.28557" lon="9.33865">
				<ele>393.16</ele>
			</trkpt>
			<trkpt lat="51.286" lon="9.33872">
				<ele>393.16</ele>
			</trkpt>
			<trkpt lat="51.28606" lon="9.33906">
				<ele>393.16</ele>
			</trkpt>
			<trkpt lat="51.28604" lon="9.34006">
				<ele>393.16</ele>
			</trkpt>
			<trkpt lat="51.28598" lon="9.34082">
				<ele>393.16</ele>
			</trkpt>
			<trkpt lat="51.28579" lon="9.34192">
				<ele>393.16</ele>
			</trkpt>
			<trkpt lat="51.28567" lon="9.34204">
				<ele>393.16</ele>
			</trkpt>
			<trkpt lat="51.28601" lon="9.34227">
				<ele>393.16</ele>
			</trkpt>
			<trkpt lat="51.2864" lon="9.34236">
				<ele>393.16</ele>
			</trkpt>
			<trkpt lat="51.2871" lon="9.34242">
				<ele>393.16</ele>
			</trkpt>
			<trkpt lat="51.28752" lon="9.34261">
				<ele>395.83</ele>
			</trkpt>
			<trkpt lat="51.28779" lon="9.34282">
				<ele>395.83</ele>
			</trkpt>
			<trkpt lat="51.28787" lon="9.34295">
				<ele>395.83</ele>
			</trkpt>
			<trkpt lat="51.28793" lon="9.3431">
				<ele>395.83</ele>
			</trkpt>
			<trkpt lat="51.28825" lon="9.34321">
				<ele>395.83</ele>
			</trkpt>
			<trkpt lat="51.28821" lon="9.34394">
				<ele>395.83</ele>
			</trkpt>
			<trkpt lat="51.28823" lon="9.34418">
				<ele>395.83</ele>
			</trkpt>
			<trkpt lat="51.28831" lon="9.34448">
				<ele>395.83</ele>
			</trkpt>
			<trkpt lat="51.28846" lon="9.3448">
				<ele>395.83</ele>
			</trkpt>
			<trkpt lat="51.28886" lon="9.34534">
				<ele>395.83</ele>
			</trkpt>
			<trkpt lat="51.28926" lon="9.34602">
				<ele>395.83</ele>
			</trkpt>
			<trkpt lat="51.29007" lon="9.34774">
				<ele>358.71</ele>
			</trkpt>
			<trkpt lat="51.29045" lon="9.34847">
				<ele>358.71</ele>
			</trkpt>
			<trkpt lat="51.29098" lon="9.34904">
				<ele>358.71</ele>
			</trkpt>
			<trkpt lat="51.29102" lon="9.34918">
				<ele>358.71</ele>
			</trkpt>
			<trkpt lat="51.29101" lon="9.35003">
				<ele>358.71</ele>
			</trkpt>
			<trkpt lat="51.29104" lon="9.35059">
				<ele>358.71</ele>
			</trkpt>
			<trkpt lat="51.29129" lon="9.35088">
				<ele>358.71</ele>
			</trkpt>
			<trkpt lat="51.29179" lon="9.35133">
				<ele>358.71</ele>
			</trkpt>
			<trkpt lat="51.29243" lon="9.35173">
				<ele>358.71</ele>
			</trkpt>
			<trkpt lat="51.29326" lon="9.35214">
				<ele>358.71</ele>
			</trkpt>
			<trkpt lat="51.29347" lon="9.35228">
				<ele>361.72</ele>
			</trkpt>
			<trkpt lat="51.2938" lon="9.35242">
				<ele>361.72</ele>
			</trkpt>
			<trkpt lat="51.29475" lon="9.35296">
				<ele>361.72</ele>
			</trkpt>
			<trkpt lat="51.29502" lon="9.35318">
				<ele>361.72</ele>
			</trkpt>
			<trkpt lat="51.29557" lon="9.35382">
				<ele>361.72</ele>
			</trkpt>
			<trkpt lat="51.29573" lon="9.35412">
				<ele>361.72</ele>
			</trkpt>
			<trkpt lat="51.29585" lon="9.3545">
				<ele>361.72</ele>
			</trkpt>
			<trkpt lat="51.29597" lon="9.35448">
				<ele>361.72</ele>
			</trkpt>
			<trkpt lat="51.29623" lon="9.35409">
				<ele>361.72</ele>
			</trkpt>
			<trkpt lat="51.29645" lon="9.35369">
				<ele>361.72</ele>
			</trkpt>
			<trkpt lat="51.29657" lon="9.35358">
				<ele>361.72</ele>
			</trkpt>
			<trkpt lat="51.29667" lon="9.35358">
				<ele>411.16</ele>
			</trkpt>
			<trkpt lat="51.29675" lon="9.35375">
				<ele>411.16</ele>
			</trkpt>
			<trkpt lat="51.29685" lon="9.3541">
				<ele>411.16</ele>
			</trkpt>
			<trkpt lat="51.29678" lon="9.35455">
				<ele>411.16</ele>
			</trkpt>
			<trkpt lat="51.29676" lon="9.35497">
				<ele>411.16</ele>
			</trkpt>
			<trkpt lat="51.29678" lon="9.35603">
				<ele>411.16</ele>
			</trkpt>
			<trkpt lat="51.29688" lon="9.35684">
				<ele>411.16</ele>
			</trkpt>
			<trkpt lat="51.29685" lon="9.35755">
				<ele>411.16</ele>
			</trkpt>
			<trkpt lat="51.2969" lon="9.3578">
				<ele>411.16</ele>
			</trkpt>
			<trkpt lat="51.2968" lon="9.35824">
				<ele>411.16</ele>
			</trkpt>
			<trkpt lat="51.29667" lon="9.35868">
				<ele>455.95</ele>
			</trkpt>
			<trkpt lat="51.29652" lon="9.35936">
				<ele>455.95</ele>
			</trkpt>
			<trkpt lat="51.29617" lon="9.3607">
				<ele>455.95</ele>
			</trkpt>
			<trkpt lat="51.29616" lon="9.36113">
				<ele>455.95</ele>
			</trkpt>
			<trkpt lat="51.29608" lon="9.36168">
				<ele>455.95</ele>
			</trkpt>
			<trkpt lat="51.29587" lon="9.36289">
				<ele>455.95</ele>
			</trkpt>
			<trkpt lat="51.29572" lon="9.36319">
				<ele>455.95</ele>
			</trkpt>
			<trkpt lat="51.29515" lon="9.36381">
				<ele>455.95</ele>
			</trkpt>
			<trkpt lat="51.29512" lon="9.36399">
				<ele>455.95</ele>
			</trkpt>
			<trkpt lat="51.29523" lon="9.36454">
				<ele>455.95</ele>
			</trkpt>
			<trkpt lat="51.29553" lon="9.36582">
				<ele>455.95</ele>
			</trkpt>
			<trkpt lat="51.29559" lon="9.36655">
				<ele>455.96</ele>
			</trkpt>
			<trkpt lat="51.29561" lon="9.36696">
				<ele>455.96</ele>
			</trkpt>
			<trkpt lat="51.29557" lon="9.36765">
				<ele>455.96</ele>
			</trkpt>
			<trkpt lat="51.2955" lon="9.36792">
				<ele>455.96</ele>
			</trkpt>
			<trkpt lat="51.29526" lon="9.36826">
				<ele>455.96</ele>
			</trkpt>
			<trkpt lat="51.29526" lon="9.36842">
				<ele>455.96</ele>
			</trkpt>
			<trkpt lat="51.29551" lon="9.36869">
				<ele>455.96</ele>
			</trkpt>
			<trkpt lat="51.29607" lon="9.36991">
				<ele>455.96</ele>
			</trkpt>
			<trkpt lat="51.29624" lon="9.37081">
				<ele>455.96</ele>
			</trkpt>
			<trkpt lat="51.29634" lon="9.37108">
				<ele>455.96</ele>
			</trkpt>
			<trkpt lat="51.29644" lon="9.37123">
				<ele>466.79</ele>
			</trkpt>
			<trkpt lat="51.29661" lon="9.37125">
				<ele>466.79</ele>
			</trkpt>
			<trkpt lat="51.29733" lon="9.37058">
				<ele>466.79</ele>
			</trkpt>
			<trkpt lat="51.29753" lon="9.37048">
				<ele>466.79</ele>
			</trkpt>
			<trkpt lat="51.29799" lon="9.37047">
				<ele>466.79</ele>
			</trkpt>
			<trkpt lat="51.29834" lon="9.37036">
				<ele>466.79</ele>
			</trkpt>
			<trkpt lat="51.29874" lon="9.36989">
				<ele>466.79</ele>
			</trkpt>
			<trkpt lat="51.29923" lon="9.36895">
				<ele>466.79</ele>
			</trkpt>
			<trkpt lat="51.30008" lon="9.36894">
				<ele>466.79</ele>
			</trkpt>
			<trkpt lat="51.30068" lon="9.36811">
				<ele>466.79</ele>
			</trkpt>
			<trkpt lat="51.30074" lon="9.36833">
				<ele>463.99</ele>
			</trkpt>
			<trkpt lat="51.30033" lon="9.36898">
				<ele>463.99</ele>
			</trkpt>
			<trkpt lat="51.30017" lon="9.36926">
				<ele>463.99</ele>
			</trkpt>
			<trkpt lat="51.29991" lon="9.36948">
				<ele>463.99</ele>
			</trkpt>
			<trkpt lat="51.29944" lon="9.37007">
				<ele>463.99</ele>
			</trkpt>
			<trkpt lat="51.29897" lon="9.37103">
				<ele>463.99</ele>
			</trkpt>
			<trkpt lat="51.29877" lon="9.37131">
				<ele>463.99</ele>
			</trkpt>
			<trkpt lat="51.29851" lon="9.37154">
				<ele>463.99</ele>
			</trkpt>
			<trkpt lat="51.29809" lon="9.37176">
				<ele>463.99</ele>
			</trkpt>
			<trkpt lat="51.29786" lon="9.37194">
				<ele>463.99</ele>
			</trkpt>
			<trkpt lat="51.29741" lon="9.37222">
				<ele>463.99</ele>
			</trkpt>
			<trkpt lat="51.29723" lon="9.3725">
				<ele>476.54</ele>
			</trkpt>
			<trkpt lat="51.29706" lon="9.37287">
				<ele>476.54</ele>
			</trkpt>
			<trkpt lat="51.29696" lon="9.37328">
				<ele>476.54</ele>
			</trkpt>
			<trkpt lat="51.29691" lon="9.37374">
				<ele>476.54</ele>
			</trkpt>
			<trkpt lat="51.29669" lon="9.37407">
				<ele>476.54</ele>
			</trkpt>
			<trkpt lat="51.29651" lon="9.37409">
				<ele>476.54</ele>
			</trkpt>
			<trkpt lat="51.29584" lon="9.37387">
				<ele>476.54</ele>
			</trkpt>
			<trkpt lat="51.29532" lon="9.37376">
				<ele>476.54</ele>
			</trkpt>
			<trkpt lat="51.2951" lon="9.37382">
				<ele>476.54</ele>
			</trkpt>
			<trkpt lat="51.295" lon="9.37404">
				<ele>476.54</ele>
			</trkpt>
			<trkpt lat="51.29409" lon="9.37544">
				<ele>468.16</ele>
			</trkpt>
			<trkpt lat="51.2938" lon="9.37575">
				<ele>468.16</ele>
			</trkpt>
			<trkpt lat="51.2933" lon="9.37615">
				<ele>468.16</ele>
			</trkpt>
			<trkpt lat="51.2929" lon="9.37664">
				<ele>468.16</ele>
			</trkpt>
			<trkpt lat="51.29209" lon="9.37738">
				<ele>468.16</ele>
			</trkpt>
			<trkpt lat="51.29133" lon="9.37818">
				<ele>468.16</ele>
			</trkpt>
			<trkpt lat="51.29084" lon="9.37875">
				<ele>468.16</ele>
			</trkpt>
			<trkpt lat="51.29057" lon="9.37899">
				<ele>468.16</ele>
			</trkpt>
			<trkpt lat="51.28985" lon="9.37942">
				<ele>468.16</ele>
			</trkpt>
			<trkpt lat="51.28972" lon="9.37966">
				<ele>468.16</ele>
			</trkpt>
			<trkpt lat="51.28961" lon="9.38009">
				<ele>468.16</ele>
			</trkpt>
			<trkpt lat="51.28959" lon="9.38043">
				<ele>425.47</ele>
			</trkpt>
			<trkpt lat="51.28959" lon="9.38232">
				<ele>425.47</ele>
			</trkpt>
			<trkpt lat="51.28966" lon="9.38265">
				<ele>425.47</ele>
			</trkpt>
			<trkpt lat="51.29001" lon="9.38274">
				<ele>425.47</ele>
			</trkpt>
			<trkpt lat="51.29006" lon="9.383">
				<ele>425.47</ele>
			</trkpt>
			<trkpt lat="51.28997" lon="9.38317">
				<ele>425.47</ele>
			</trkpt>
			<trkpt lat="51.28953" lon="9.38374">
				<ele>425.47</ele>
			</trkpt>
			<trkpt lat="51.28947" lon="9.38395">
				<ele>425.47</ele>
			</trkpt>
			<trkpt lat="51.28945" lon="9.38438">
				<ele>425.47</ele>
			</trkpt>
			<trkpt lat="51.28946" lon="9.38481">
				<ele>425.47</ele>
			</trkpt>
			<trkpt lat="51.28943" lon="9.38508">
				<ele>418.34</ele>
			</trkpt>
			<trkpt lat="51.28934" lon="9.38504">
				<ele>418.34</ele>
			</trkpt>
			<trkpt lat="51.28922" lon="9.38509">
				<ele>418.34</ele>
			</trkpt>
			<trkpt lat="51.28913" lon="9.38526">
				<ele>418.34</ele>
			</trkpt>
			<trkpt lat="51.28894" lon="9.38585">
				<ele>418.34</ele>
			</trkpt>
			<trkpt lat="51.28885" lon="9.38636">
				<ele>418.34</ele>
			</trkpt>
			<trkpt lat="51.28843" lon="9.39288">
				<ele>418.34</ele>
			</trkpt>
			<trkpt lat="51.28836" lon="9.39339">
				<ele>418.34</ele>
			</trkpt>
			<trkpt lat="51.28847" lon="9.39396">
				<ele>418.34</ele>
			</trkpt>
			<trkpt lat="51.28877" lon="9.39495">
				<ele>418.34</ele>
			</trkpt>
			<trkpt lat="51.28968" lon="9.39748">
				<ele>418.34</ele>
			</trkpt>
			<trkpt lat="51.28978" lon="9.39781">
				<ele>456.6</ele>
			</trkpt>
			<trkpt lat="51.2898" lon="9.39828">
				<ele>456.6</ele>
			</trkpt>
			<trkpt lat="51.28984" lon="9.39862">
				<ele>456.6</ele>
			</trkpt>
			<trkpt lat="51.28993" lon="9.3989">
				<ele>456.6</ele>
			</trkpt>
			<trkpt lat="51.28998" lon="9.39918">
				<ele>456.6</ele>
			</trkpt>
			<trkpt lat="51.29012" lon="9.40015">
				<ele>456.6</ele>
			</trkpt>
			<trkpt lat="51.29033" lon="9.40064">
				<ele>456.6</ele>
			</trkpt>
			<trkpt lat="51.29067" lon="9.40182">
				<ele>456.6</ele>
			</trkpt>
			<trkpt lat="51.2909" lon="9.40235">
				<ele>456.6</ele>
			</trkpt>
			<trkpt lat="51.29104" lon="9.40261">
				<ele>456.6</ele>
			</trkpt>
			<trkpt lat="51.29109" lon="9.40282">
				<ele>394.34</ele>
			</trkpt>
			<trkpt lat="51.29116" lon="9.40301">
				<ele>394.34</ele>
			</trkpt>
			<trkpt lat="51.29128" lon="9.40294">
				<ele>394.34</ele>
			</trkpt>
			<trkpt lat="51.29176" lon="9.40274">
				<ele>394.34</ele>
			</trkpt>
			<trkpt lat="51.29243" lon="9.40255">
				<ele>394.34</ele>
			</trkpt>
			<trkpt lat="51.29333" lon="9.40183">
				<ele>394.34</ele>
			</trkpt>
			<trkpt lat="51.29358" lon="9.40158">
				<ele>394.34</ele>
			</trkpt>
			<trkpt lat="51.29382" lon="9.40122">
				<ele>394.34</ele>
			</trkpt>
			<trkpt lat="51.29404" lon="9.40069">
				<ele>394.34</ele>
			</trkpt>
			<trkpt lat="51.29423" lon="9.40037">
				<ele>394.34</ele>
			</trkpt>
			<trkpt lat="51.2944" lon="9.40018">
				<ele>394.34</ele>
			</trkpt>
			<trkpt lat="51.29473" lon="9.40006">
				<ele>411.59</ele>
			</trkpt>
			<trkpt lat="51.29494" lon="9.39982">
				<ele>411.59</ele>
			</trkpt>
			<trkpt lat="51.29535" lon="9.39894">
				<ele>411.59</ele>
			</trkpt>
			<trkpt lat="51.29561" lon="9.39806">
				<ele>411.59</ele>
			</trkpt>
			<trkpt lat="51.29585" lon="9.39785">
				<ele>411.59</ele>
			</trkpt>
			<trkpt lat="51.29599" lon="9.39816">
				<ele>411.59</ele>
			</trkpt>
			<trkpt lat="51.29611" lon="9.39861">
				<ele>411.59</ele>
			</trkpt>
			<trkpt lat="51.29616" lon="9.39901">
				<ele>411.59</ele>
			</trkpt>
			<trkpt lat="51.29607" lon="9.40007">
				<ele>411.59</ele>
			</trkpt>
			<trkpt lat="51.29587" lon="9.40083">
				<ele>411.59</ele>
			</trkpt>
			<trkpt lat="51.29524" lon="9.40359">
				<ele>332.57</ele>
			</trkpt>
			<trkpt lat="51.29499" lon="9.40511">
				<ele>332.57</ele>
			</trkpt>
			<trkpt lat="51.29498" lon="9.40588">
				<ele>332.57</ele>
			</trkpt>
			<trkpt lat="51.2951" lon="9.40683">
				<ele>332.57</ele>
			</trkpt>
			<trkpt lat="51.29526" lon="9.40758">
				<ele>332.57</ele>
			</trkpt>
			<trkpt lat="51.29536" lon="9.40767">
				<ele>332.57</ele>
			</trkpt>
			<trkpt lat="51.29573" lon="9.40839">
				<ele>332.57</ele>
			</trkpt>
			<trkpt lat="51.29601" lon="9.40869">
				<ele>332.57</ele>
			</trkpt>
			<trkpt lat="51.29624" lon="9.40908">
				<ele>332.57</ele>
			</trkpt>
			<trkpt lat="51.29698" lon="9.41048">
				<ele>332.57</ele>
			</trkpt>
			<trkpt lat="51.29791" lon="9.41204">
				<ele>332.57</ele>
			</trkpt>
			<trkpt lat="51.29903" lon="9.41326">
				<ele>315.09</ele>
			</trkpt>
			<trkpt lat="51.29917" lon="9.41403">
				<ele>315.09</ele>
			</trkpt>
			<trkpt lat="51.29913" lon="9.41445">
				<ele>315.09</ele>
			</trkpt>
			<trkpt lat="51.29914" lon="9.41462">
				<ele>315.09</ele>
			</trkpt>
			<trkpt lat="51.29943" lon="9.41535">
				<ele>315.09</ele>
			</trkpt>
			<trkpt lat="51.29971" lon="9.41572">
				<ele>315.09</ele>
			</trkpt>
			<trkpt lat="51.29979" lon="9.41597">
				<ele>315.09</ele>
			</trkpt>
			<trkpt lat="51.30011" lon="9.41624">
				<ele>315.09</ele>
			</trkpt>
			<trkpt lat="51.30033" lon="9.41649">
				<ele>315.09</ele>
			</trkpt>
			<trkpt lat="51.30023" lon="9.41672">
				<ele>315.09</ele>
			</trkpt>
			<trkpt lat="51.30029" lon="9.41835">
				<ele>280.18</ele>
			</trkpt>
			<trkpt lat="51.3004" lon="9.42338">
				<ele>280.18</ele>
			</trkpt>
			<trkpt lat="51.30042" lon="9.42406">
				<ele>280.18</ele>
			</trkpt>
			<trkpt lat="51.30048" lon="9.4246">
				<ele>280.18</ele>
			</trkpt>
			<trkpt lat="51.3005" lon="9.4253">
				<ele>280.18</ele>
			</trkpt>
			<trkpt lat="51.30045" lon="9.42581">
				<ele>280.18</ele>
			</trkpt>
			<trkpt lat="51.30047" lon="9.42646">
				<ele>280.18</ele>
			</trkpt>
			<trkpt lat="51.30055" lon="9.42673">
				<ele>280.18</ele>
			</trkpt>
			<trkpt lat="51.30068" lon="9.42974">
				<ele>280.18</ele>
			</trkpt>
			<trkpt lat="51.30071" lon="9.42992">
				<ele>280.18</ele>
			</trkpt>
			<trkpt lat="51.30077" lon="9.43008">
				<ele>240.76</ele>
			</trkpt>
			<trkpt lat="51.30084" lon="9.42996">
				<ele>240.76</ele>
			</trkpt>
			<trkpt lat="51.30108" lon="9.4302">
				<ele>240.76</ele>
			</trkpt>
			<trkpt lat="51.30113" lon="9.43035">
				<ele>240.76</ele>
			</trkpt>
			<trkpt lat="51.30133" lon="9.43059">
				<ele>240.76</ele>
			</trkpt>
			<trkpt lat="51.30173" lon="9.43079">
				<ele>240.76</ele>
			</trkpt>
			<trkpt lat="51.30176" lon="9.43094">
				<ele>240.76</ele>
			</trkpt>
			<trkpt lat="51.30175" lon="9.43129">
				<ele>240.76</ele>
			</trkpt>
			<trkpt lat="51.30182" lon="9.43142">
				<ele>240.76</ele>
			</trkpt>
			<trkpt lat="51.30197" lon="9.43224">
				<ele>240.76</ele>
			</trkpt>
			<trkpt lat="51.30199" lon="9.43259">
				<ele>240.76</ele>
			</trkpt>
			<trkpt lat="51.30194" lon="9.43283">
				<ele>232.72</ele>
			</trkpt>
			<trkpt lat="51.30202" lon="9.43332">
				<ele>232.72</ele>
			</trkpt>
			<trkpt lat="51.30204" lon="9.43365">
				<ele>232.72</ele>
			</trkpt>
			<trkpt lat="51.30221" lon="9.43405">
				<ele>232.72</ele>
			</trkpt>
			<trkpt lat="51.30229" lon="9.43435">
				<ele>232.72</ele>
			</trkpt>
			<trkpt lat="51.30227" lon="9.4346">
				<ele>232.72</ele>
			</trkpt>
			<trkpt lat="51.30224" lon="9.43479">
				<ele>232.72</ele>
			</trkpt>
			<trkpt lat="51.30241" lon="9.43484">
				<ele>232.72</ele>
			</trkpt>
			<trkpt lat="51.30256" lon="9.43484">
				<ele>232.72</ele>
			</trkpt>
			<trkpt lat="51.30275" lon="9.43503">
				<ele>232.72</ele>
			</trkpt>
			<trkpt lat="51.30279" lon="9.43517">
				<ele>212.8</ele>
			</trkpt>
			<trkpt lat="51.30296" lon="9.43527">
				<ele>212.8</ele>
			</trkpt>
			<trkpt lat="51.30332" lon="9.43561">
				<ele>212.8</ele>
			</trkpt>
			<trkpt lat="51.30347" lon="9.43562">
				<ele>212.8</ele>
			</trkpt>
			<trkpt lat="51.30384" lon="9.43555">
				<ele>212.8</ele>
			</trkpt>
			<trkpt lat="51.30478" lon="9.43536">
				<ele>212.8</ele>
			</trkpt>
			<trkpt lat="51.30485" lon="9.43524">
				<ele>212.8</ele>
			</trkpt>
			<trkpt lat="51.30493" lon="9.43516">
				<ele>212.8</ele>
			</trkpt>
			<trkpt lat="51.30559" lon="9.43464">
				<ele>212.8</ele>
			</trkpt>
			<trkpt lat="51.30553" lon="9.43442">
				<ele>212.8</ele>
			</trkpt>
			<trkpt lat="51.30563" lon="9.43438">
				<ele>212.8</ele>
			</trkpt>
			<trkpt lat="51.30573" lon="9.43469">
				<ele>202.13</ele>
			</trkpt>
			<trkpt lat="51.30595" lon="9.43468">
				<ele>202.13</ele>
			</trkpt>
			<trkpt lat="51.30732" lon="9.43309">
				<ele>202.13</ele>
			</trkpt>
			<trkpt lat="51.30768" lon="9.43434">
				<ele>202.13</ele>
			</trkpt>
			<trkpt lat="51.30805" lon="9.43581">
				<ele>202.13</ele>
			</trkpt>
			<trkpt lat="51.30845" lon="9.43562">
				<ele>202.13</ele>
			</trkpt>
			<trkpt lat="51.30856" lon="9.43562">
				<ele>202.13</ele>
			</trkpt>
			<trkpt lat="51.30969" lon="9.436">
				<ele>202.13</ele>
			</trkpt>
			<trkpt lat="51.30965" lon="9.43771">
				<ele>202.13</ele>
			</trkpt>
			<trkpt lat="51.30959" lon="9.43789">
				<ele>202.13</ele>
			</trkpt>
			<trkpt lat="51.3095" lon="9.43999">
				<ele>189.2</ele>
			</trkpt>
			<trkpt lat="51.31119" lon="9.44017">
				<ele>189.2</ele>
			</trkpt>
			<trkpt lat="51.31143" lon="9.44019">
				<ele>189.2</ele>
			</trkpt>
			<trkpt lat="51.31161" lon="9.44025">
				<ele>189.2</ele>
			</trkpt>
			<trkpt lat="51.31204" lon="9.44022">
				<ele>189.2</ele>
			</trkpt>
			<trkpt lat="51.31265" lon="9.44009">
				<ele>189.2</ele>
			</trkpt>
			<trkpt lat="51.3133" lon="9.4399">
				<ele>189.2</ele>
			</trkpt>
			<trkpt lat="51.31374" lon="9.43987">
				<ele>189.2</ele>
			</trkpt>
			<trkpt lat="51.31507" lon="9.44001">
				<ele>189.2</ele>
			</trkpt>
			<trkpt lat="51.31666" lon="9.44064">
				<ele>189.2</ele>
			</trkpt>
			<trkpt lat="51.31682" lon="9.44074">
				<ele>189.2</ele>
			</trkpt>
			<trkpt lat="51.31701" lon="9.44124">
				<ele>192.08</ele>
			</trkpt>
			<trkpt lat="51.31743" lon="9.44206">
				<ele>192.08</ele>
			</trkpt>
			<trkpt lat="51.31775" lon="9.44261">
				<ele>192.08</ele>
			</trkpt>
			<trkpt lat="51.31809" lon="9.44302">
				<ele>192.08</ele>
			</trkpt>
			<trkpt lat="51.31823" lon="9.44327">
				<ele>192.08</ele>
			</trkpt>
			<trkpt lat="51.31835" lon="9.44364">
				<ele>192.08</ele>
			</trkpt>
			<trkpt lat="51.31834" lon="9.44415">
				<ele>192.08</ele>
			</trkpt>
			<trkpt lat="51.3183" lon="9.44435">
				<ele>192.08</ele>
			</trkpt>
			<trkpt lat="51.31792" lon="9.44544">
				<ele>192.08</ele>
			</trkpt>
			<trkpt lat="51.31784" lon="9.44573">
				<ele>192.08</ele>
			</trkpt>
			<trkpt lat="51.3177" lon="9.44654">
				<ele>191.79</ele>
			</trkpt>
			<trkpt lat="51.31765" lon="9.44674">
				<ele>191.79</ele>
			</trkpt>
			<trkpt lat="51.31766" lon="9.44694">
				<ele>191.79</ele>
			</trkpt>
			<trkpt lat="51.31824" lon="9.44749">
				<ele>191.79</ele>
			</trkpt>
			<trkpt lat="51.31855" lon="9.44786">
				<ele>191.79</ele>
			</trkpt>
			<trkpt lat="51.31871" lon="9.4481">
				<ele>191.79</ele>
			</trkpt>
			<trkpt lat="51.31864" lon="9.44852">
				<ele>191.79</ele>
			</trkpt>
			<trkpt lat="51.31843" lon="9.44949">
				<ele>191.79</ele>
			</trkpt>
			<trkpt lat="51.31817" lon="9.45048">
				<ele>191.79</ele>
			</trkpt>
			<trkpt lat="51.31864" lon="9.45118">
				<ele>191.79</ele>
			</trkpt>
			<trkpt lat="51.31889" lon="9.45166">
				<ele>191.79</ele>
			</trkpt>
			<trkpt lat="51.31901" lon="9.45193">
				<ele>195.07</ele>
			</trkpt>
			<trkpt lat="51.31955" lon="9.45345">
				<ele>195.07</ele>
			</trkpt>
			<trkpt lat="51.31972" lon="9.45384">
				<ele>195.07</ele>
			</trkpt>
			<trkpt lat="51.31981" lon="9.45387">
				<ele>195.07</ele>
			</trkpt>
			<trkpt lat="51.31991" lon="9.45414">
				<ele>195.07</ele>
			</trkpt>
			<trkpt lat="51.31991" lon="9.45434">
				<ele>195.07</ele>
			</trkpt>
			<trkpt lat="51.32007" lon="9.45685">
				<ele>195.07</ele>
			</trkpt>
			<trkpt lat="51.32022" lon="9.45867">
				<ele>195.07</ele>
			</trkpt>
			<trkpt lat="51.32039" lon="9.45892">
				<ele>195.07</ele>
			</trkpt>
			<trkpt lat="51.32031" lon="9.4614">
				<ele>195.07</ele>
			</trkpt>
			<trkpt lat="51.32035" lon="9.46257">
				<ele>182.3</ele>
			</trkpt>
			<trkpt lat="51.32031" lon="9.46385">
				<ele>182.3</ele>
			</trkpt>
			<trkpt lat="51.32032" lon="9.46537">
				<ele>182.3</ele>
			</trkpt>
			<trkpt lat="51.32028" lon="9.46644">
				<ele>182.3</ele>
			</trkpt>
			<trkpt lat="51.32024" lon="9.46914">
				<ele>182.3</ele>
			</trkpt>
			<trkpt lat="51.32021" lon="9.46982">
				<ele>182.3</ele>
			</trkpt>
			<trkpt lat="51.32015" lon="9.47026">
				<ele>182.3</ele>
			</trkpt>
			<trkpt lat="51.32023" lon="9.47039">
				<ele>182.3</ele>
			</trkpt>
			<trkpt lat="51.32098" lon="9.4704">
				<ele>182.3</ele>
			</trkpt>
			<trkpt lat="51.32109" lon="9.47047">
				<ele>182.3</ele>
			</trkpt>
			<trkpt lat="51.32116" lon="9.47059">
				<ele>182.3</ele>
			</trkpt>
			<trkpt lat="51.32119" lon="9.47081">
				<ele>173.54</ele>
			</trkpt>
			<trkpt lat="51.32126" lon="9.4734">
				<ele>173.54</ele>
			</trkpt>
			<trkpt lat="51.32141" lon="9.47459">
				<ele>173.54</ele>
			</trkpt>
			<trkpt lat="51.32151" lon="9.4751">
				<ele>173.54</ele>
			</trkpt>
			<trkpt lat="51.32164" lon="9.47559">
				<ele>173.54</ele>
			</trkpt>
			<trkpt lat="51.32169" lon="9.47573">
				<ele>173.54</ele>
			</trkpt>
			<trkpt lat="51.32178" lon="9.47583">
				<ele>173.54</ele>
			</trkpt>
			<trkpt lat="51.32221" lon="9.47566">
				<ele>173.54</ele>
			</trkpt>
			<trkpt lat="51.32256" lon="9.47569">
				<ele>173.54</ele>
			</trkpt>
			<trkpt lat="51.32387" lon="9.476">
				<ele>173.54</ele>
			</trkpt>
			<trkpt lat="51.32463" lon="9.47614">
				<ele>177.84</ele>
			</trkpt>
			<trkpt lat="51.32475" lon="9.47327">
				<ele>177.84</ele>
			</trkpt>
			<trkpt lat="51.32573" lon="9.4733">
				<ele>177.84</ele>
			</trkpt>
			<trkpt lat="51.32565" lon="9.47246">
				<ele>177.84</ele>
			</trkpt>
			<trkpt lat="51.32695" lon="9.47">
				<ele>177.84</ele>
			</trkpt>
			<trkpt lat="51.32743" lon="9.47036">
				<ele>177.84</ele>
			</trkpt>
			<trkpt lat="51.32855" lon="9.47118">
				<ele>177.84</ele>
			</trkpt>
			<trkpt lat="51.32876" lon="9.47136">
				<ele>177.84</ele>
			</trkpt>
			<trkpt lat="51.32865" lon="9.47174">
				<ele>177.84</ele>
			</trkpt>
			<trkpt lat="51.32894" lon="9.47196">
				<ele>177.84</ele>
			</trkpt>
		</trkseg>
	</trk>
</gpx>