<?xml version='1.0' encoding='UTF-8'?>
<gpx version="1.1" creator="https://www.komoot.de" xmlns="http://www.topografix.com/GPX/1/1" xmlns:xsi="http://www.w3.org/2001/XMLSchema-instance" xsi:schemaLocation="http://www.topografix.com/GPX/1/1 http://www.topografix.com/GPX/1/1/gpx.xsd">
  <metadata>
    <name>Gravelrit naar Castell de Guadelest</name>
    <author>
      <link href="https://www.komoot.de">
        <text>komoot</text>
        <type>text/html</type>
      </link>
    </author>
  </metadata>
  <trk>
    <name>Gravelrit naar Castell de Guadelest</name>
    <trkseg>
      <trkpt lat="38.579317" lon="-0.094686">
        <ele>74.004989</ele>
        <time>2025-12-22T16:27:40.829Z</time>
      </trkpt>
      <trkpt lat="38.579203" lon="-0.095359">
        <ele>74.004989</ele>
        <time>2025-12-22T16:27:57.471Z</time>
      </trkpt>
      <trkpt lat="38.579013" lon="-0.095943">
        <ele>74.344495</ele>
        <time>2025-12-22T16:28:14.472Z</time>
      </trkpt>
      <trkpt lat="38.578884" lon="-0.096310">
        <ele>75.144471</ele>
        <time>2025-12-22T16:28:26.110Z</time>
      </trkpt>
      <trkpt lat="38.578855" lon="-0.096546">
        <ele>75.619413</ele>
        <time>2025-12-22T16:28:33.070Z</time>
      </trkpt>
      <trkpt lat="38.578860" lon="-0.097090">
        <ele>76.700990</ele>
        <time>2025-12-22T16:28:48.866Z</time>
      </trkpt>
      <trkpt lat="38.578855" lon="-0.097697">
        <ele>77.907807</ele>
        <time>2025-12-22T16:29:05.545Z</time>
      </trkpt>
      <trkpt lat="38.578845" lon="-0.098028">
        <ele>78.566345</ele>
        <time>2025-12-22T16:29:14.137Z</time>
      </trkpt>
      <trkpt lat="38.578881" lon="-0.098214">
        <ele>78.835138</ele>
        <time>2025-12-22T16:29:18.961Z</time>
      </trkpt>
      <trkpt lat="38.578915" lon="-0.098354">
        <ele>79.037814</ele>
        <time>2025-12-22T16:29:22.500Z</time>
      </trkpt>
      <trkpt lat="38.578968" lon="-0.098587">
        <ele>79.373298</ele>
        <time>2025-12-22T16:29:28.302Z</time>
      </trkpt>
      <trkpt lat="38.578986" lon="-0.098687">
        <ele>79.515167</ele>
        <time>2025-12-22T16:29:30.653Z</time>
      </trkpt>
      <trkpt lat="38.579000" lon="-0.098721">
        <ele>79.568294</ele>
        <time>2025-12-22T16:29:31.506Z</time>
      </trkpt>
      <trkpt lat="38.579244" lon="-0.099023">
        <ele>80.168728</ele>
        <time>2025-12-22T16:29:41.531Z</time>
      </trkpt>
      <trkpt lat="38.579344" lon="-0.099140">
        <ele>80.408393</ele>
        <time>2025-12-22T16:29:45.557Z</time>
      </trkpt>
      <trkpt lat="38.579548" lon="-0.099387">
        <ele>80.905145</ele>
        <time>2025-12-22T16:29:53.738Z</time>
      </trkpt>
      <trkpt lat="38.579567" lon="-0.099407">
        <ele>80.948660</ele>
        <time>2025-12-22T16:29:54.471Z</time>
      </trkpt>
      <trkpt lat="38.579783" lon="-0.099628">
        <ele>81.437810</ele>
        <time>2025-12-22T16:30:02.438Z</time>
      </trkpt>
      <trkpt lat="38.579995" lon="-0.099887">
        <ele>82.002268</ele>
        <time>2025-12-22T16:30:12.126Z</time>
      </trkpt>
      <trkpt lat="38.580165" lon="-0.100081">
        <ele>82.499618</ele>
        <time>2025-12-22T16:30:20.396Z</time>
      </trkpt>
      <trkpt lat="38.580228" lon="-0.100137">
        <ele>82.667100</ele>
        <time>2025-12-22T16:30:23.069Z</time>
      </trkpt>
      <trkpt lat="38.580383" lon="-0.100332">
        <ele>83.141711</ele>
        <time>2025-12-22T16:30:30.542Z</time>
      </trkpt>
      <trkpt lat="38.580530" lon="-0.100612">
        <ele>83.717327</ele>
        <time>2025-12-22T16:30:39.011Z</time>
      </trkpt>
      <trkpt lat="38.580736" lon="-0.101043">
        <ele>84.579470</ele>
        <time>2025-12-22T16:30:52.615Z</time>
      </trkpt>
      <trkpt lat="38.580877" lon="-0.101325">
        <ele>85.150759</ele>
        <time>2025-12-22T16:31:01.392Z</time>
      </trkpt>
      <trkpt lat="38.581140" lon="-0.101505">
        <ele>85.809315</ele>
        <time>2025-12-22T16:31:11.126Z</time>
      </trkpt>
      <trkpt lat="38.581173" lon="-0.101531">
        <ele>85.899344</ele>
        <time>2025-12-22T16:31:12.414Z</time>
      </trkpt>
      <trkpt lat="38.581398" lon="-0.101577">
        <ele>86.428627</ele>
        <time>2025-12-22T16:31:19.942Z</time>
      </trkpt>
      <trkpt lat="38.581541" lon="-0.101607">
        <ele>86.765238</ele>
        <time>2025-12-22T16:31:24.502Z</time>
      </trkpt>
      <trkpt lat="38.581872" lon="-0.101727">
        <ele>87.564397</ele>
        <time>2025-12-22T16:31:34.418Z</time>
      </trkpt>
      <trkpt lat="38.581972" lon="-0.101768">
        <ele>87.808325</ele>
        <time>2025-12-22T16:31:37.548Z</time>
      </trkpt>
      <trkpt lat="38.582437" lon="-0.101855">
        <ele>88.899962</ele>
        <time>2025-12-22T16:31:54.111Z</time>
      </trkpt>
      <trkpt lat="38.582655" lon="-0.101888">
        <ele>89.409886</ele>
        <time>2025-12-22T16:32:02.328Z</time>
      </trkpt>
      <trkpt lat="38.582904" lon="-0.101927">
        <ele>90.086307</ele>
        <time>2025-12-22T16:32:11.516Z</time>
      </trkpt>
      <trkpt lat="38.583357" lon="-0.102005">
        <ele>91.925773</ele>
        <time>2025-12-22T16:32:29.208Z</time>
      </trkpt>
      <trkpt lat="38.583433" lon="-0.102019">
        <ele>92.234778</ele>
        <time>2025-12-22T16:32:32.355Z</time>
      </trkpt>
      <trkpt lat="38.584278" lon="-0.102174">
        <ele>95.670128</ele>
        <time>2025-12-22T16:33:09.002Z</time>
      </trkpt>
      <trkpt lat="38.585029" lon="-0.102313">
        <ele>98.954683</ele>
        <time>2025-12-22T16:33:44.514Z</time>
      </trkpt>
      <trkpt lat="38.585397" lon="-0.102423">
        <ele>100.692099</ele>
        <time>2025-12-22T16:34:02.701Z</time>
      </trkpt>
      <trkpt lat="38.585568" lon="-0.102481">
        <ele>101.505417</ele>
        <time>2025-12-22T16:34:11.326Z</time>
      </trkpt>
      <trkpt lat="38.585757" lon="-0.102556">
        <ele>102.415169</ele>
        <time>2025-12-22T16:34:20.857Z</time>
      </trkpt>
      <trkpt lat="38.585928" lon="-0.102652">
        <ele>103.273693</ele>
        <time>2025-12-22T16:34:29.565Z</time>
      </trkpt>
      <trkpt lat="38.586111" lon="-0.102803">
        <ele>104.274838</ele>
        <time>2025-12-22T16:34:39.313Z</time>
      </trkpt>
      <trkpt lat="38.586170" lon="-0.102883">
        <ele>104.670093</ele>
        <time>2025-12-22T16:34:43.007Z</time>
      </trkpt>
      <trkpt lat="38.586271" lon="-0.103017">
        <ele>105.339048</ele>
        <time>2025-12-22T16:34:49.085Z</time>
      </trkpt>
      <trkpt lat="38.586552" lon="-0.103339">
        <ele>106.257873</ele>
        <time>2025-12-22T16:35:03.602Z</time>
      </trkpt>
      <trkpt lat="38.587701" lon="-0.104059">
        <ele>109.320303</ele>
        <time>2025-12-22T16:35:46.106Z</time>
      </trkpt>
      <trkpt lat="38.587717" lon="-0.104301">
        <ele>109.773292</ele>
        <time>2025-12-22T16:35:54.424Z</time>
      </trkpt>
      <trkpt lat="38.587625" lon="-0.104581">
        <ele>110.333385</ele>
        <time>2025-12-22T16:36:04.841Z</time>
      </trkpt>
      <trkpt lat="38.588104" lon="-0.104805">
        <ele>111.536545</ele>
        <time>2025-12-22T16:36:21.452Z</time>
      </trkpt>
      <trkpt lat="38.588479" lon="-0.104834">
        <ele>112.422840</ele>
        <time>2025-12-22T16:36:35.035Z</time>
      </trkpt>
      <trkpt lat="38.588654" lon="-0.104837">
        <ele>112.835728</ele>
        <time>2025-12-22T16:36:41.438Z</time>
      </trkpt>
      <trkpt lat="38.589240" lon="-0.104842">
        <ele>114.245441</ele>
        <time>2025-12-22T16:37:03.034Z</time>
      </trkpt>
      <trkpt lat="38.589593" lon="-0.104943">
        <ele>115.176844</ele>
        <time>2025-12-22T16:37:16.955Z</time>
      </trkpt>
      <trkpt lat="38.589878" lon="-0.105024">
        <ele>115.928588</ele>
        <time>2025-12-22T16:37:28.805Z</time>
      </trkpt>
      <trkpt lat="38.590344" lon="-0.105024">
        <ele>117.128505</ele>
        <time>2025-12-22T16:37:46.491Z</time>
      </trkpt>
      <trkpt lat="38.590817" lon="-0.105024">
        <ele>118.346446</ele>
        <time>2025-12-22T16:38:02.389Z</time>
      </trkpt>
      <trkpt lat="38.591233" lon="-0.104921">
        <ele>118.780054</ele>
        <time>2025-12-22T16:38:14.968Z</time>
      </trkpt>
      <trkpt lat="38.591563" lon="-0.104756">
        <ele>119.015024</ele>
        <time>2025-12-22T16:38:24.324Z</time>
      </trkpt>
      <trkpt lat="38.591957" lon="-0.104509">
        <ele>119.306000</ele>
        <time>2025-12-22T16:38:34.617Z</time>
      </trkpt>
      <trkpt lat="38.592972" lon="-0.103748">
        <ele>120.666174</ele>
        <time>2025-12-22T16:39:03.489Z</time>
      </trkpt>
      <trkpt lat="38.593173" lon="-0.103705">
        <ele>121.030938</ele>
        <time>2025-12-22T16:39:10.001Z</time>
      </trkpt>
      <trkpt lat="38.593391" lon="-0.103801">
        <ele>121.443602</ele>
        <time>2025-12-22T16:39:17.851Z</time>
      </trkpt>
      <trkpt lat="38.593609" lon="-0.103995">
        <ele>121.918904</ele>
        <time>2025-12-22T16:39:27.515Z</time>
      </trkpt>
      <trkpt lat="38.593936" lon="-0.104091">
        <ele>122.519412</ele>
        <time>2025-12-22T16:39:39.912Z</time>
      </trkpt>
      <trkpt lat="38.594087" lon="-0.104284">
        <ele>122.901443</ele>
        <time>2025-12-22T16:39:47.561Z</time>
      </trkpt>
      <trkpt lat="38.594221" lon="-0.104402">
        <ele>123.332317</ele>
        <time>2025-12-22T16:39:53.399Z</time>
      </trkpt>
      <trkpt lat="38.594397" lon="-0.104467">
        <ele>123.860764</ele>
        <time>2025-12-22T16:40:00.135Z</time>
      </trkpt>
      <trkpt lat="38.594632" lon="-0.104424">
        <ele>124.545581</ele>
        <time>2025-12-22T16:40:09.274Z</time>
      </trkpt>
      <trkpt lat="38.594859" lon="-0.104327">
        <ele>125.235978</ele>
        <time>2025-12-22T16:40:18.458Z</time>
      </trkpt>
      <trkpt lat="38.595010" lon="-0.104188">
        <ele>125.772602</ele>
        <time>2025-12-22T16:40:25.657Z</time>
      </trkpt>
      <trkpt lat="38.595110" lon="-0.103866">
        <ele>126.553815</ele>
        <time>2025-12-22T16:40:35.546Z</time>
      </trkpt>
      <trkpt lat="38.595110" lon="-0.103737">
        <ele>126.844666</ele>
        <time>2025-12-22T16:40:39.193Z</time>
      </trkpt>
      <trkpt lat="38.595177" lon="-0.103651">
        <ele>127.118443</ele>
        <time>2025-12-22T16:40:42.655Z</time>
      </trkpt>
      <trkpt lat="38.595278" lon="-0.103608">
        <ele>127.425511</ele>
        <time>2025-12-22T16:40:46.460Z</time>
      </trkpt>
      <trkpt lat="38.595387" lon="-0.103716">
        <ele>127.823211</ele>
        <time>2025-12-22T16:40:51.329Z</time>
      </trkpt>
      <trkpt lat="38.595563" lon="-0.104070">
        <ele>128.948192</ele>
        <time>2025-12-22T16:41:03.452Z</time>
      </trkpt>
      <trkpt lat="38.596075" lon="-0.104724">
        <ele>131.641543</ele>
        <time>2025-12-22T16:41:33.809Z</time>
      </trkpt>
      <trkpt lat="38.596198" lon="-0.104750">
        <ele>132.105656</ele>
        <time>2025-12-22T16:41:39.123Z</time>
      </trkpt>
      <trkpt lat="38.596221" lon="-0.104846">
        <ele>132.397807</ele>
        <time>2025-12-22T16:41:42.446Z</time>
      </trkpt>
      <trkpt lat="38.596812" lon="-0.105269">
        <ele>134.945298</ele>
        <time>2025-12-22T16:42:11.482Z</time>
      </trkpt>
      <trkpt lat="38.597162" lon="-0.105699">
        <ele>137.435162</ele>
        <time>2025-12-22T16:42:34.177Z</time>
      </trkpt>
      <trkpt lat="38.597577" lon="-0.106210">
        <ele>140.390598</ele>
        <time>2025-12-22T16:43:02.825Z</time>
      </trkpt>
      <trkpt lat="38.597988" lon="-0.106811">
        <ele>143.593281</ele>
        <time>2025-12-22T16:43:34.427Z</time>
      </trkpt>
      <trkpt lat="38.598282" lon="-0.107175">
        <ele>145.824369</ele>
        <time>2025-12-22T16:43:55.331Z</time>
      </trkpt>
      <trkpt lat="38.598649" lon="-0.107505">
        <ele>148.314075</ele>
        <time>2025-12-22T16:44:18.497Z</time>
      </trkpt>
      <trkpt lat="38.598847" lon="-0.107626">
        <ele>149.531975</ele>
        <time>2025-12-22T16:44:29.791Z</time>
      </trkpt>
      <trkpt lat="38.599229" lon="-0.108062">
        <ele>152.373204</ele>
        <time>2025-12-22T16:44:55.687Z</time>
      </trkpt>
      <trkpt lat="38.599510" lon="-0.108285">
        <ele>154.212067</ele>
        <time>2025-12-22T16:45:12.228Z</time>
      </trkpt>
      <trkpt lat="38.599711" lon="-0.108324">
        <ele>155.367827</ele>
        <time>2025-12-22T16:45:22.396Z</time>
      </trkpt>
      <trkpt lat="38.599969" lon="-0.108318">
        <ele>156.834815</ele>
        <time>2025-12-22T16:45:35.475Z</time>
      </trkpt>
      <trkpt lat="38.600175" lon="-0.108533">
        <ele>158.346111</ele>
        <time>2025-12-22T16:45:49.233Z</time>
      </trkpt>
      <trkpt lat="38.600770" lon="-0.108908">
        <ele>162.116785</ele>
        <time>2025-12-22T16:46:24.876Z</time>
      </trkpt>
      <trkpt lat="38.601474" lon="-0.109354">
        <ele>165.303197</ele>
        <time>2025-12-22T16:47:05.547Z</time>
      </trkpt>
      <trkpt lat="38.601812" lon="-0.109501">
        <ele>166.201508</ele>
        <time>2025-12-22T16:47:21.207Z</time>
      </trkpt>
      <trkpt lat="38.602138" lon="-0.108795">
        <ele>167.814117</ele>
        <time>2025-12-22T16:47:42.032Z</time>
      </trkpt>
      <trkpt lat="38.602761" lon="-0.107456">
        <ele>169.473590</ele>
        <time>2025-12-22T16:48:07.419Z</time>
      </trkpt>
      <trkpt lat="38.602790" lon="-0.107399">
        <ele>169.516360</ele>
        <time>2025-12-22T16:48:08.750Z</time>
      </trkpt>
      <trkpt lat="38.603020" lon="-0.106946">
        <ele>169.856060</ele>
        <time>2025-12-22T16:48:20.619Z</time>
      </trkpt>
      <trkpt lat="38.603092" lon="-0.107020">
        <ele>169.930369</ele>
        <time>2025-12-22T16:48:23.815Z</time>
      </trkpt>
      <trkpt lat="38.603199" lon="-0.107071">
        <ele>170.022246</ele>
        <time>2025-12-22T16:48:27.700Z</time>
      </trkpt>
      <trkpt lat="38.603382" lon="-0.107065">
        <ele>170.169547</ele>
        <time>2025-12-22T16:48:34.418Z</time>
      </trkpt>
      <trkpt lat="38.603518" lon="-0.106937">
        <ele>170.312591</ele>
        <time>2025-12-22T16:48:41.006Z</time>
      </trkpt>
      <trkpt lat="38.603702" lon="-0.106818">
        <ele>170.505015</ele>
        <time>2025-12-22T16:48:49.511Z</time>
      </trkpt>
      <trkpt lat="38.604430" lon="-0.106598">
        <ele>171.203183</ele>
        <time>2025-12-22T16:49:20.059Z</time>
      </trkpt>
      <trkpt lat="38.605165" lon="-0.106623">
        <ele>171.889435</ele>
        <time>2025-12-22T16:49:35.236Z</time>
      </trkpt>
      <trkpt lat="38.605259" lon="-0.106578">
        <ele>171.698131</ele>
        <time>2025-12-22T16:49:37.103Z</time>
      </trkpt>
      <trkpt lat="38.605359" lon="-0.106426">
        <ele>170.903689</ele>
        <time>2025-12-22T16:49:39.864Z</time>
      </trkpt>
      <trkpt lat="38.605344" lon="-0.106366">
        <ele>170.651812</ele>
        <time>2025-12-22T16:49:40.700Z</time>
      </trkpt>
      <trkpt lat="38.605375" lon="-0.106276">
        <ele>170.258558</ele>
        <time>2025-12-22T16:49:42.052Z</time>
      </trkpt>
      <trkpt lat="38.605423" lon="-0.106250">
        <ele>169.991871</ele>
        <time>2025-12-22T16:49:42.908Z</time>
      </trkpt>
      <trkpt lat="38.605470" lon="-0.106260">
        <ele>169.748096</ele>
        <time>2025-12-22T16:49:43.717Z</time>
      </trkpt>
      <trkpt lat="38.605480" lon="-0.106270">
        <ele>169.683162</ele>
        <time>2025-12-22T16:49:43.942Z</time>
      </trkpt>
      <trkpt lat="38.605532" lon="-0.105973">
        <ele>168.466222</ele>
        <time>2025-12-22T16:49:47.624Z</time>
      </trkpt>
      <trkpt lat="38.605341" lon="-0.105395">
        <ele>165.957065</ele>
        <time>2025-12-22T16:49:54.908Z</time>
      </trkpt>
      <trkpt lat="38.605381" lon="-0.105360">
        <ele>165.709136</ele>
        <time>2025-12-22T16:49:55.635Z</time>
      </trkpt>
      <trkpt lat="38.605393" lon="-0.105285">
        <ele>165.403040</ele>
        <time>2025-12-22T16:49:56.530Z</time>
      </trkpt>
      <trkpt lat="38.605381" lon="-0.105110">
        <ele>164.700645</ele>
        <time>2025-12-22T16:49:58.646Z</time>
      </trkpt>
      <trkpt lat="38.605349" lon="-0.105009">
        <ele>164.264886</ele>
        <time>2025-12-22T16:50:00.008Z</time>
      </trkpt>
      <trkpt lat="38.605195" lon="-0.104602">
        <ele>162.589134</ele>
        <time>2025-12-22T16:50:05.649Z</time>
      </trkpt>
      <trkpt lat="38.605188" lon="-0.104502">
        <ele>162.377636</ele>
        <time>2025-12-22T16:50:06.919Z</time>
      </trkpt>
      <trkpt lat="38.605184" lon="-0.104437">
        <ele>162.240287</ele>
        <time>2025-12-22T16:50:07.750Z</time>
      </trkpt>
      <trkpt lat="38.605132" lon="-0.104216">
        <ele>161.754096</ele>
        <time>2025-12-22T16:50:10.708Z</time>
      </trkpt>
      <trkpt lat="38.605077" lon="-0.104104">
        <ele>161.475446</ele>
        <time>2025-12-22T16:50:12.387Z</time>
      </trkpt>
      <trkpt lat="38.605083" lon="-0.104059">
        <ele>161.379281</ele>
        <time>2025-12-22T16:50:12.961Z</time>
      </trkpt>
      <trkpt lat="38.605326" lon="-0.103973">
        <ele>160.699651</ele>
        <time>2025-12-22T16:50:17.053Z</time>
      </trkpt>
      <trkpt lat="38.605643" lon="-0.103997">
        <ele>159.843639</ele>
        <time>2025-12-22T16:50:22.477Z</time>
      </trkpt>
      <trkpt lat="38.605861" lon="-0.103936">
        <ele>159.242105</ele>
        <time>2025-12-22T16:50:26.595Z</time>
      </trkpt>
      <trkpt lat="38.606041" lon="-0.103863">
        <ele>158.733105</ele>
        <time>2025-12-22T16:50:30.381Z</time>
      </trkpt>
      <trkpt lat="38.606064" lon="-0.103834">
        <ele>158.646066</ele>
        <time>2025-12-22T16:50:31.044Z</time>
      </trkpt>
      <trkpt lat="38.606161" lon="-0.103713">
        <ele>158.280911</ele>
        <time>2025-12-22T16:50:33.901Z</time>
      </trkpt>
      <trkpt lat="38.606711" lon="-0.103444">
        <ele>159.936403</ele>
        <time>2025-12-22T16:50:48.021Z</time>
      </trkpt>
      <trkpt lat="38.606822" lon="-0.103431">
        <ele>160.451788</ele>
        <time>2025-12-22T16:50:51.410Z</time>
      </trkpt>
      <trkpt lat="38.606856" lon="-0.103533">
        <ele>160.852467</ele>
        <time>2025-12-22T16:50:54.155Z</time>
      </trkpt>
      <trkpt lat="38.607088" lon="-0.103789">
        <ele>162.268914</ele>
        <time>2025-12-22T16:51:06.265Z</time>
      </trkpt>
      <trkpt lat="38.607312" lon="-0.104247">
        <ele>164.221161</ele>
        <time>2025-12-22T16:51:29.842Z</time>
      </trkpt>
      <trkpt lat="38.607444" lon="-0.104446">
        <ele>165.164302</ele>
        <time>2025-12-22T16:51:43.565Z</time>
      </trkpt>
      <trkpt lat="38.607583" lon="-0.104524">
        <ele>165.866084</ele>
        <time>2025-12-22T16:51:54.594Z</time>
      </trkpt>
      <trkpt lat="38.607656" lon="-0.104628">
        <ele>166.528983</ele>
        <time>2025-12-22T16:52:02.697Z</time>
      </trkpt>
      <trkpt lat="38.607709" lon="-0.105031">
        <ele>169.403140</ele>
        <time>2025-12-22T16:52:26.675Z</time>
      </trkpt>
      <trkpt lat="38.607954" lon="-0.105779">
        <ele>175.107243</ele>
        <time>2025-12-22T16:53:14.356Z</time>
      </trkpt>
      <trkpt lat="38.608122" lon="-0.106615">
        <ele>181.178106</ele>
        <time>2025-12-22T16:54:03.476Z</time>
      </trkpt>
      <trkpt lat="38.608092" lon="-0.107095">
        <ele>183.171578</ele>
        <time>2025-12-22T16:54:21.390Z</time>
      </trkpt>
      <trkpt lat="38.608106" lon="-0.107202">
        <ele>183.445251</ele>
        <time>2025-12-22T16:54:24.481Z</time>
      </trkpt>
      <trkpt lat="38.608026" lon="-0.107242">
        <ele>183.722516</ele>
        <time>2025-12-22T16:54:29.437Z</time>
      </trkpt>
      <trkpt lat="38.607833" lon="-0.107596">
        <ele>184.811374</ele>
        <time>2025-12-22T16:54:46.690Z</time>
      </trkpt>
      <trkpt lat="38.607875" lon="-0.107870">
        <ele>185.515736</ele>
        <time>2025-12-22T16:54:56.929Z</time>
      </trkpt>
      <trkpt lat="38.607866" lon="-0.108068">
        <ele>186.016053</ele>
        <time>2025-12-22T16:55:04.063Z</time>
      </trkpt>
      <trkpt lat="38.607846" lon="-0.108194">
        <ele>186.340390</ele>
        <time>2025-12-22T16:55:08.745Z</time>
      </trkpt>
      <trkpt lat="38.607833" lon="-0.108398">
        <ele>186.856707</ele>
        <time>2025-12-22T16:55:15.787Z</time>
      </trkpt>
      <trkpt lat="38.607750" lon="-0.108818">
        <ele>187.949550</ele>
        <time>2025-12-22T16:55:29.756Z</time>
      </trkpt>
      <trkpt lat="38.607738" lon="-0.109179">
        <ele>189.669008</ele>
        <time>2025-12-22T16:55:41.766Z</time>
      </trkpt>
      <trkpt lat="38.607653" lon="-0.109472">
        <ele>191.419224</ele>
        <time>2025-12-22T16:55:55.788Z</time>
      </trkpt>
      <trkpt lat="38.607604" lon="-0.109758">
        <ele>193.058864</ele>
        <time>2025-12-22T16:56:12.387Z</time>
      </trkpt>
      <trkpt lat="38.607604" lon="-0.109784">
        <ele>193.204464</ele>
        <time>2025-12-22T16:56:13.801Z</time>
      </trkpt>
      <trkpt lat="38.607617" lon="-0.109997">
        <ele>194.400895</ele>
        <time>2025-12-22T16:56:26.391Z</time>
      </trkpt>
      <trkpt lat="38.607659" lon="-0.110165">
        <ele>195.388667</ele>
        <time>2025-12-22T16:56:37.243Z</time>
      </trkpt>
      <trkpt lat="38.607799" lon="-0.110499">
        <ele>197.511152</ele>
        <time>2025-12-22T16:57:01.716Z</time>
      </trkpt>
      <trkpt lat="38.607965" lon="-0.110800">
        <ele>199.574250</ele>
        <time>2025-12-22T16:57:27.260Z</time>
      </trkpt>
      <trkpt lat="38.608078" lon="-0.110930">
        <ele>200.663164</ele>
        <time>2025-12-22T16:57:41.064Z</time>
      </trkpt>
      <trkpt lat="38.608734" lon="-0.111507">
        <ele>206.876555</ele>
        <time>2025-12-22T16:58:54.248Z</time>
      </trkpt>
      <trkpt lat="38.608708" lon="-0.111558">
        <ele>207.250429</ele>
        <time>2025-12-22T16:58:58.179Z</time>
      </trkpt>
      <trkpt lat="38.608604" lon="-0.111759">
        <ele>208.730537</ele>
        <time>2025-12-22T16:59:13.704Z</time>
      </trkpt>
      <trkpt lat="38.608353" lon="-0.111904">
        <ele>210.894315</ele>
        <time>2025-12-22T16:59:34.823Z</time>
      </trkpt>
      <trkpt lat="38.608294" lon="-0.111979">
        <ele>211.547726</ele>
        <time>2025-12-22T16:59:40.833Z</time>
      </trkpt>
      <trkpt lat="38.608290" lon="-0.112290">
        <ele>213.457467</ele>
        <time>2025-12-22T16:59:56.365Z</time>
      </trkpt>
      <trkpt lat="38.608219" lon="-0.112494">
        <ele>214.828605</ele>
        <time>2025-12-22T17:00:06.122Z</time>
      </trkpt>
      <trkpt lat="38.608005" lon="-0.112816">
        <ele>215.350916</ele>
        <time>2025-12-22T17:00:22.090Z</time>
      </trkpt>
      <trkpt lat="38.607866" lon="-0.112896">
        <ele>215.421798</ele>
        <time>2025-12-22T17:00:28.764Z</time>
      </trkpt>
      <trkpt lat="38.607812" lon="-0.112966">
        <ele>215.457545</ele>
        <time>2025-12-22T17:00:31.935Z</time>
      </trkpt>
      <trkpt lat="38.607791" lon="-0.113100">
        <ele>215.507214</ele>
        <time>2025-12-22T17:00:36.310Z</time>
      </trkpt>
      <trkpt lat="38.607882" lon="-0.113512">
        <ele>215.662810</ele>
        <time>2025-12-22T17:00:48.847Z</time>
      </trkpt>
      <trkpt lat="38.607737" lon="-0.113781">
        <ele>215.781574</ele>
        <time>2025-12-22T17:00:57.942Z</time>
      </trkpt>
      <trkpt lat="38.607581" lon="-0.114184">
        <ele>215.945018</ele>
        <time>2025-12-22T17:01:09.856Z</time>
      </trkpt>
      <trkpt lat="38.607575" lon="-0.114298">
        <ele>215.986543</ele>
        <time>2025-12-22T17:01:12.798Z</time>
      </trkpt>
      <trkpt lat="38.607563" lon="-0.114625">
        <ele>216.054610</ele>
        <time>2025-12-22T17:01:21.207Z</time>
      </trkpt>
      <trkpt lat="38.607611" lon="-0.114854">
        <ele>216.050387</ele>
        <time>2025-12-22T17:01:27.482Z</time>
      </trkpt>
      <trkpt lat="38.607647" lon="-0.114907">
        <ele>216.049136</ele>
        <time>2025-12-22T17:01:29.369Z</time>
      </trkpt>
      <trkpt lat="38.607841" lon="-0.115194">
        <ele>216.042377</ele>
        <time>2025-12-22T17:01:39.622Z</time>
      </trkpt>
      <trkpt lat="38.608660" lon="-0.116110">
        <ele>216.017583</ele>
        <time>2025-12-22T17:02:22.472Z</time>
      </trkpt>
      <trkpt lat="38.608679" lon="-0.116234">
        <ele>216.111492</ele>
        <time>2025-12-22T17:02:26.409Z</time>
      </trkpt>
      <trkpt lat="38.608656" lon="-0.116324">
        <ele>216.356555</ele>
        <time>2025-12-22T17:02:29.461Z</time>
      </trkpt>
      <trkpt lat="38.608636" lon="-0.116486">
        <ele>216.781017</ele>
        <time>2025-12-22T17:02:34.774Z</time>
      </trkpt>
      <trkpt lat="38.608660" lon="-0.116598">
        <ele>217.081578</ele>
        <time>2025-12-22T17:02:38.704Z</time>
      </trkpt>
      <trkpt lat="38.608788" lon="-0.116833">
        <ele>217.822934</ele>
        <time>2025-12-22T17:02:49.243Z</time>
      </trkpt>
      <trkpt lat="38.609305" lon="-0.117631">
        <ele>220.505676</ele>
        <time>2025-12-22T17:03:34.667Z</time>
      </trkpt>
      <trkpt lat="38.609304" lon="-0.117698">
        <ele>220.679105</ele>
        <time>2025-12-22T17:03:37.824Z</time>
      </trkpt>
      <trkpt lat="38.609272" lon="-0.117750">
        <ele>220.850403</ele>
        <time>2025-12-22T17:03:40.923Z</time>
      </trkpt>
      <trkpt lat="38.609056" lon="-0.117902">
        <ele>221.666806</ele>
        <time>2025-12-22T17:03:56.009Z</time>
      </trkpt>
      <trkpt lat="38.608811" lon="-0.118056">
        <ele>223.129562</ele>
        <time>2025-12-22T17:04:13.173Z</time>
      </trkpt>
      <trkpt lat="38.608659" lon="-0.118187">
        <ele>224.303727</ele>
        <time>2025-12-22T17:04:25.112Z</time>
      </trkpt>
      <trkpt lat="38.608265" lon="-0.118507">
        <ele>227.293675</ele>
        <time>2025-12-22T17:04:56.538Z</time>
      </trkpt>
      <trkpt lat="38.608146" lon="-0.118636">
        <ele>228.292926</ele>
        <time>2025-12-22T17:05:07.215Z</time>
      </trkpt>
      <trkpt lat="38.608137" lon="-0.118787">
        <ele>229.051150</ele>
        <time>2025-12-22T17:05:15.403Z</time>
      </trkpt>
      <trkpt lat="38.608181" lon="-0.119304">
        <ele>231.654977</ele>
        <time>2025-12-22T17:05:45.241Z</time>
      </trkpt>
      <trkpt lat="38.608152" lon="-0.119385">
        <ele>232.101068</ele>
        <time>2025-12-22T17:05:50.451Z</time>
      </trkpt>
      <trkpt lat="38.607757" lon="-0.119551">
        <ele>234.706089</ele>
        <time>2025-12-22T17:06:21.998Z</time>
      </trkpt>
      <trkpt lat="38.607424" lon="-0.119756">
        <ele>236.963894</ele>
        <time>2025-12-22T17:06:50.522Z</time>
      </trkpt>
      <trkpt lat="38.607133" lon="-0.119945">
        <ele>238.957783</ele>
        <time>2025-12-22T17:07:15.231Z</time>
      </trkpt>
      <trkpt lat="38.606877" lon="-0.120294">
        <ele>241.243222</ele>
        <time>2025-12-22T17:07:41.787Z</time>
      </trkpt>
      <trkpt lat="38.606638" lon="-0.120476">
        <ele>242.942499</ele>
        <time>2025-12-22T17:07:59.651Z</time>
      </trkpt>
      <trkpt lat="38.606454" lon="-0.120576">
        <ele>244.163920</ele>
        <time>2025-12-22T17:08:10.818Z</time>
      </trkpt>
      <trkpt lat="38.606435" lon="-0.120721">
        <ele>244.417586</ele>
        <time>2025-12-22T17:08:16.686Z</time>
      </trkpt>
      <trkpt lat="38.606516" lon="-0.121163">
        <ele>244.020900</ele>
        <time>2025-12-22T17:08:32.023Z</time>
      </trkpt>
      <trkpt lat="38.606477" lon="-0.121514">
        <ele>243.711121</ele>
        <time>2025-12-22T17:08:41.787Z</time>
      </trkpt>
      <trkpt lat="38.606498" lon="-0.122182">
        <ele>243.126968</ele>
        <time>2025-12-22T17:08:58.304Z</time>
      </trkpt>
      <trkpt lat="38.606493" lon="-0.122947">
        <ele>242.481900</ele>
        <time>2025-12-22T17:09:16.316Z</time>
      </trkpt>
      <trkpt lat="38.606469" lon="-0.123325">
        <ele>242.598913</ele>
        <time>2025-12-22T17:09:25.427Z</time>
      </trkpt>
      <trkpt lat="38.606510" lon="-0.123472">
        <ele>242.647071</ele>
        <time>2025-12-22T17:09:29.280Z</time>
      </trkpt>
      <trkpt lat="38.606560" lon="-0.123886">
        <ele>242.776324</ele>
        <time>2025-12-22T17:09:40.246Z</time>
      </trkpt>
      <trkpt lat="38.606603" lon="-0.124217">
        <ele>242.879854</ele>
        <time>2025-12-22T17:09:50.087Z</time>
      </trkpt>
      <trkpt lat="38.606600" lon="-0.124458">
        <ele>242.954222</ele>
        <time>2025-12-22T17:09:58.409Z</time>
      </trkpt>
      <trkpt lat="38.606634" lon="-0.124913">
        <ele>243.095249</ele>
        <time>2025-12-22T17:10:16.879Z</time>
      </trkpt>
      <trkpt lat="38.606694" lon="-0.125228">
        <ele>243.261562</ele>
        <time>2025-12-22T17:10:31.783Z</time>
      </trkpt>
      <trkpt lat="38.606603" lon="-0.125532">
        <ele>244.075908</ele>
        <time>2025-12-22T17:10:47.487Z</time>
      </trkpt>
      <trkpt lat="38.606589" lon="-0.125686">
        <ele>244.463740</ele>
        <time>2025-12-22T17:10:55.326Z</time>
      </trkpt>
      <trkpt lat="38.606599" lon="-0.126339">
        <ele>246.097545</ele>
        <time>2025-12-22T17:11:26.884Z</time>
      </trkpt>
      <trkpt lat="38.606602" lon="-0.126465">
        <ele>246.412883</ele>
        <time>2025-12-22T17:11:31.182Z</time>
      </trkpt>
      <trkpt lat="38.606705" lon="-0.127169">
        <ele>248.204551</ele>
        <time>2025-12-22T17:11:51.921Z</time>
      </trkpt>
      <trkpt lat="38.606815" lon="-0.127708">
        <ele>248.906289</ele>
        <time>2025-12-22T17:12:03.242Z</time>
      </trkpt>
      <trkpt lat="38.606875" lon="-0.128003">
        <ele>248.862756</ele>
        <time>2025-12-22T17:12:08.228Z</time>
      </trkpt>
      <trkpt lat="38.606901" lon="-0.128121">
        <ele>248.845247</ele>
        <time>2025-12-22T17:12:10.177Z</time>
      </trkpt>
      <trkpt lat="38.606920" lon="-0.128245">
        <ele>248.827201</ele>
        <time>2025-12-22T17:12:12.151Z</time>
      </trkpt>
      <trkpt lat="38.607099" lon="-0.128754">
        <ele>248.747488</ele>
        <time>2025-12-22T17:12:20.608Z</time>
      </trkpt>
      <trkpt lat="38.607730" lon="-0.128335">
        <ele>248.617570</ele>
        <time>2025-12-22T17:12:36.141Z</time>
      </trkpt>
      <trkpt lat="38.608013" lon="-0.128148">
        <ele>248.849941</ele>
        <time>2025-12-22T17:12:45.765Z</time>
      </trkpt>
      <trkpt lat="38.608243" lon="-0.128961">
        <ele>249.372028</ele>
        <time>2025-12-22T17:13:06.891Z</time>
      </trkpt>
      <trkpt lat="38.608439" lon="-0.129111">
        <ele>249.548496</ele>
        <time>2025-12-22T17:13:14.192Z</time>
      </trkpt>
      <trkpt lat="38.609016" lon="-0.128722">
        <ele>249.930495</ele>
        <time>2025-12-22T17:13:31.304Z</time>
      </trkpt>
      <trkpt lat="38.608998" lon="-0.128662">
        <ele>249.870018</ele>
        <time>2025-12-22T17:13:32.336Z</time>
      </trkpt>
      <trkpt lat="38.609026" lon="-0.128608">
        <ele>249.809035</ele>
        <time>2025-12-22T17:13:33.359Z</time>
      </trkpt>
      <trkpt lat="38.609092" lon="-0.128620">
        <ele>249.728760</ele>
        <time>2025-12-22T17:13:34.657Z</time>
      </trkpt>
      <trkpt lat="38.609107" lon="-0.128687">
        <ele>249.663178</ele>
        <time>2025-12-22T17:13:35.719Z</time>
      </trkpt>
      <trkpt lat="38.609099" lon="-0.128709">
        <ele>249.640345</ele>
        <time>2025-12-22T17:13:36.087Z</time>
      </trkpt>
      <trkpt lat="38.609613" lon="-0.128411">
        <ele>248.960832</ele>
        <time>2025-12-22T17:13:46.598Z</time>
      </trkpt>
      <trkpt lat="38.609804" lon="-0.128334">
        <ele>248.719688</ele>
        <time>2025-12-22T17:13:50.438Z</time>
      </trkpt>
      <trkpt lat="38.610179" lon="-0.128215">
        <ele>248.254439</ele>
        <time>2025-12-22T17:13:58.140Z</time>
      </trkpt>
      <trkpt lat="38.610433" lon="-0.128141">
        <ele>247.940748</ele>
        <time>2025-12-22T17:14:03.268Z</time>
      </trkpt>
      <trkpt lat="38.611159" lon="-0.127892">
        <ele>247.228563</ele>
        <time>2025-12-22T17:14:21.342Z</time>
      </trkpt>
      <trkpt lat="38.612185" lon="-0.127585">
        <ele>246.264482</ele>
        <time>2025-12-22T17:14:42.623Z</time>
      </trkpt>
      <trkpt lat="38.613108" lon="-0.127301">
        <ele>243.882869</ele>
        <time>2025-12-22T17:14:58.783Z</time>
      </trkpt>
      <trkpt lat="38.613601" lon="-0.127175">
        <ele>242.549910</ele>
        <time>2025-12-22T17:15:07.333Z</time>
      </trkpt>
      <trkpt lat="38.614071" lon="-0.127042">
        <ele>241.355473</ele>
        <time>2025-12-22T17:15:16.065Z</time>
      </trkpt>
      <trkpt lat="38.614422" lon="-0.126886">
        <ele>240.905782</ele>
        <time>2025-12-22T17:15:23.136Z</time>
      </trkpt>
      <trkpt lat="38.614584" lon="-0.126769">
        <ele>240.680655</ele>
        <time>2025-12-22T17:15:26.730Z</time>
      </trkpt>
      <trkpt lat="38.614702" lon="-0.126584">
        <ele>240.454820</ele>
        <time>2025-12-22T17:15:30.378Z</time>
      </trkpt>
      <trkpt lat="38.614893" lon="-0.126197">
        <ele>240.021959</ele>
        <time>2025-12-22T17:15:37.446Z</time>
      </trkpt>
      <trkpt lat="38.615155" lon="-0.125780">
        <ele>239.515948</ele>
        <time>2025-12-22T17:15:45.947Z</time>
      </trkpt>
      <trkpt lat="38.615225" lon="-0.125703">
        <ele>239.404237</ele>
        <time>2025-12-22T17:15:47.813Z</time>
      </trkpt>
      <trkpt lat="38.615548" lon="-0.125550">
        <ele>239.102131</ele>
        <time>2025-12-22T17:15:54.732Z</time>
      </trkpt>
      <trkpt lat="38.615725" lon="-0.125556">
        <ele>238.982415</ele>
        <time>2025-12-22T17:15:58.405Z</time>
      </trkpt>
      <trkpt lat="38.615954" lon="-0.125614">
        <ele>238.824580</ele>
        <time>2025-12-22T17:16:03.446Z</time>
      </trkpt>
      <trkpt lat="38.617007" lon="-0.125839">
        <ele>238.102768</ele>
        <time>2025-12-22T17:16:28.700Z</time>
      </trkpt>
      <trkpt lat="38.617620" lon="-0.125939">
        <ele>236.051377</ele>
        <time>2025-12-22T17:16:39.175Z</time>
      </trkpt>
      <trkpt lat="38.617879" lon="-0.125982">
        <ele>235.041801</ele>
        <time>2025-12-22T17:16:43.332Z</time>
      </trkpt>
      <trkpt lat="38.618172" lon="-0.126110">
        <ele>233.845023</ele>
        <time>2025-12-22T17:16:48.232Z</time>
      </trkpt>
      <trkpt lat="38.618642" lon="-0.126523">
        <ele>231.641211</ele>
        <time>2025-12-22T17:16:57.337Z</time>
      </trkpt>
      <trkpt lat="38.618794" lon="-0.126802">
        <ele>230.737290</ele>
        <time>2025-12-22T17:17:01.635Z</time>
      </trkpt>
      <trkpt lat="38.618830" lon="-0.127003">
        <ele>230.279873</ele>
        <time>2025-12-22T17:17:04.296Z</time>
      </trkpt>
      <trkpt lat="38.618856" lon="-0.127377">
        <ele>229.446999</ele>
        <time>2025-12-22T17:17:09.420Z</time>
      </trkpt>
      <trkpt lat="38.618881" lon="-0.128031">
        <ele>227.994581</ele>
        <time>2025-12-22T17:17:18.867Z</time>
      </trkpt>
      <trkpt lat="38.618870" lon="-0.128367">
        <ele>227.248622</ele>
        <time>2025-12-22T17:17:23.673Z</time>
      </trkpt>
      <trkpt lat="38.618736" lon="-0.129067">
        <ele>225.662457</ele>
        <time>2025-12-22T17:17:33.706Z</time>
      </trkpt>
      <trkpt lat="38.618613" lon="-0.129389">
        <ele>224.898218</ele>
        <time>2025-12-22T17:17:38.481Z</time>
      </trkpt>
      <trkpt lat="38.618439" lon="-0.129575">
        <ele>224.279536</ele>
        <time>2025-12-22T17:17:42.196Z</time>
      </trkpt>
      <trkpt lat="38.617872" lon="-0.129868">
        <ele>222.610823</ele>
        <time>2025-12-22T17:17:52.355Z</time>
      </trkpt>
      <trkpt lat="38.617820" lon="-0.129894">
        <ele>222.458470</ele>
        <time>2025-12-22T17:17:53.327Z</time>
      </trkpt>
      <trkpt lat="38.617634" lon="-0.130125">
        <ele>221.751179</ele>
        <time>2025-12-22T17:17:57.977Z</time>
      </trkpt>
      <trkpt lat="38.617565" lon="-0.130270">
        <ele>221.389173</ele>
        <time>2025-12-22T17:18:00.491Z</time>
      </trkpt>
      <trkpt lat="38.617510" lon="-0.130495">
        <ele>221.139844</ele>
        <time>2025-12-22T17:18:04.216Z</time>
      </trkpt>
      <trkpt lat="38.617512" lon="-0.130755">
        <ele>221.378841</ele>
        <time>2025-12-22T17:18:08.468Z</time>
      </trkpt>
      <trkpt lat="38.617607" lon="-0.131056">
        <ele>221.677233</ele>
        <time>2025-12-22T17:18:14.030Z</time>
      </trkpt>
      <trkpt lat="38.617681" lon="-0.131183">
        <ele>221.822855</ele>
        <time>2025-12-22T17:18:16.899Z</time>
      </trkpt>
      <trkpt lat="38.617859" lon="-0.131398">
        <ele>222.110786</ele>
        <time>2025-12-22T17:18:23.260Z</time>
      </trkpt>
      <trkpt lat="38.618815" lon="-0.132193">
        <ele>223.578303</ele>
        <time>2025-12-22T17:19:04.493Z</time>
      </trkpt>
      <trkpt lat="38.619010" lon="-0.132393">
        <ele>224.008534</ele>
        <time>2025-12-22T17:19:13.707Z</time>
      </trkpt>
      <trkpt lat="38.620253" lon="-0.133847">
        <ele>226.080190</ele>
        <time>2025-12-22T17:20:02.635Z</time>
      </trkpt>
      <trkpt lat="38.620644" lon="-0.134292">
        <ele>225.800541</ele>
        <time>2025-12-22T17:20:14.147Z</time>
      </trkpt>
      <trkpt lat="38.620857" lon="-0.134537">
        <ele>225.647481</ele>
        <time>2025-12-22T17:20:19.619Z</time>
      </trkpt>
      <trkpt lat="38.620992" lon="-0.134651">
        <ele>225.561038</ele>
        <time>2025-12-22T17:20:22.642Z</time>
      </trkpt>
      <trkpt lat="38.621111" lon="-0.134707">
        <ele>225.493273</ele>
        <time>2025-12-22T17:20:24.993Z</time>
      </trkpt>
      <trkpt lat="38.621233" lon="-0.134722">
        <ele>225.427767</ele>
        <time>2025-12-22T17:20:27.262Z</time>
      </trkpt>
      <trkpt lat="38.621473" lon="-0.134679">
        <ele>225.311134</ele>
        <time>2025-12-22T17:20:31.762Z</time>
      </trkpt>
      <trkpt lat="38.621595" lon="-0.134599">
        <ele>225.294559</ele>
        <time>2025-12-22T17:20:34.325Z</time>
      </trkpt>
      <trkpt lat="38.621865" lon="-0.134428">
        <ele>225.258133</ele>
        <time>2025-12-22T17:20:39.998Z</time>
      </trkpt>
      <trkpt lat="38.621961" lon="-0.134367">
        <ele>225.245173</ele>
        <time>2025-12-22T17:20:42.037Z</time>
      </trkpt>
      <trkpt lat="38.622112" lon="-0.134609">
        <ele>225.215915</ele>
        <time>2025-12-22T17:20:46.913Z</time>
      </trkpt>
      <trkpt lat="38.622945" lon="-0.135043">
        <ele>225.107167</ele>
        <time>2025-12-22T17:21:08.950Z</time>
      </trkpt>
      <trkpt lat="38.623014" lon="-0.135038">
        <ele>225.098810</ele>
        <time>2025-12-22T17:21:11.462Z</time>
      </trkpt>
      <trkpt lat="38.623042" lon="-0.134968">
        <ele>225.257367</ele>
        <time>2025-12-22T17:21:13.766Z</time>
      </trkpt>
      <trkpt lat="38.623129" lon="-0.134935">
        <ele>225.548116</ele>
        <time>2025-12-22T17:21:17.274Z</time>
      </trkpt>
      <trkpt lat="38.623184" lon="-0.134975">
        <ele>225.750809</ele>
        <time>2025-12-22T17:21:19.769Z</time>
      </trkpt>
      <trkpt lat="38.623206" lon="-0.135090">
        <ele>226.047198</ele>
        <time>2025-12-22T17:21:23.502Z</time>
      </trkpt>
      <trkpt lat="38.623218" lon="-0.135129">
        <ele>226.152127</ele>
        <time>2025-12-22T17:21:24.844Z</time>
      </trkpt>
      <trkpt lat="38.623309" lon="-0.135406">
        <ele>226.904363</ele>
        <time>2025-12-22T17:21:34.599Z</time>
      </trkpt>
      <trkpt lat="38.623357" lon="-0.135484">
        <ele>227.152923</ele>
        <time>2025-12-22T17:21:37.934Z</time>
      </trkpt>
      <trkpt lat="38.623518" lon="-0.135788">
        <ele>228.072309</ele>
        <time>2025-12-22T17:21:50.471Z</time>
      </trkpt>
      <trkpt lat="38.623642" lon="-0.136064">
        <ele>228.869324</ele>
        <time>2025-12-22T17:22:01.401Z</time>
      </trkpt>
      <trkpt lat="38.623627" lon="-0.136274">
        <ele>229.397216</ele>
        <time>2025-12-22T17:22:10.729Z</time>
      </trkpt>
      <trkpt lat="38.623819" lon="-0.136807">
        <ele>230.863133</ele>
        <time>2025-12-22T17:22:36.069Z</time>
      </trkpt>
      <trkpt lat="38.624110" lon="-0.136770">
        <ele>231.262416</ele>
        <time>2025-12-22T17:22:46.867Z</time>
      </trkpt>
      <trkpt lat="38.625324" lon="-0.136830">
        <ele>232.921234</ele>
        <time>2025-12-22T17:23:20.402Z</time>
      </trkpt>
      <trkpt lat="38.625751" lon="-0.136735">
        <ele>233.433638</ele>
        <time>2025-12-22T17:23:30.000Z</time>
      </trkpt>
      <trkpt lat="38.625884" lon="-0.136633">
        <ele>233.559843</ele>
        <time>2025-12-22T17:23:33.569Z</time>
      </trkpt>
      <trkpt lat="38.625662" lon="-0.136159">
        <ele>233.911285</ele>
        <time>2025-12-22T17:23:43.786Z</time>
      </trkpt>
      <trkpt lat="38.625596" lon="-0.136006">
        <ele>234.022427</ele>
        <time>2025-12-22T17:23:47.283Z</time>
      </trkpt>
      <trkpt lat="38.625465" lon="-0.135852">
        <ele>234.167207</ele>
        <time>2025-12-22T17:23:51.883Z</time>
      </trkpt>
      <trkpt lat="38.625515" lon="-0.135792">
        <ele>234.222995</ele>
        <time>2025-12-22T17:23:53.766Z</time>
      </trkpt>
      <trkpt lat="38.625548" lon="-0.135783">
        <ele>234.250459</ele>
        <time>2025-12-22T17:23:54.697Z</time>
      </trkpt>
      <trkpt lat="38.625726" lon="-0.135829">
        <ele>234.398272</ele>
        <time>2025-12-22T17:23:59.651Z</time>
      </trkpt>
      <trkpt lat="38.625905" lon="-0.135921">
        <ele>234.555283</ele>
        <time>2025-12-22T17:24:05.031Z</time>
      </trkpt>
      <trkpt lat="38.626717" lon="-0.136315">
        <ele>235.275318</ele>
        <time>2025-12-22T17:24:31.808Z</time>
      </trkpt>
      <trkpt lat="38.627137" lon="-0.136483">
        <ele>235.643301</ele>
        <time>2025-12-22T17:24:44.950Z</time>
      </trkpt>
      <trkpt lat="38.628660" lon="-0.136657">
        <ele>235.593288</ele>
        <time>2025-12-22T17:25:18.403Z</time>
      </trkpt>
      <trkpt lat="38.629092" lon="-0.136674">
        <ele>235.201148</ele>
        <time>2025-12-22T17:25:26.597Z</time>
      </trkpt>
      <trkpt lat="38.629595" lon="-0.136648">
        <ele>234.744402</ele>
        <time>2025-12-22T17:25:36.210Z</time>
      </trkpt>
      <trkpt lat="38.629905" lon="-0.136695">
        <ele>234.222250</ele>
        <time>2025-12-22T17:25:42.147Z</time>
      </trkpt>
      <trkpt lat="38.630519" lon="-0.136848">
        <ele>232.947084</ele>
        <time>2025-12-22T17:25:53.961Z</time>
      </trkpt>
      <trkpt lat="38.630741" lon="-0.136928">
        <ele>232.476935</ele>
        <time>2025-12-22T17:25:58.455Z</time>
      </trkpt>
      <trkpt lat="38.631744" lon="-0.137566">
        <ele>229.542928</ele>
        <time>2025-12-22T17:26:18.206Z</time>
      </trkpt>
      <trkpt lat="38.632437" lon="-0.137999">
        <ele>226.679792</ele>
        <time>2025-12-22T17:26:30.558Z</time>
      </trkpt>
      <trkpt lat="38.632627" lon="-0.138051">
        <ele>225.958409</ele>
        <time>2025-12-22T17:26:33.942Z</time>
      </trkpt>
      <trkpt lat="38.632893" lon="-0.138037">
        <ele>224.969956</ele>
        <time>2025-12-22T17:26:38.627Z</time>
      </trkpt>
      <trkpt lat="38.633015" lon="-0.138059">
        <ele>224.512516</ele>
        <time>2025-12-22T17:26:40.708Z</time>
      </trkpt>
      <trkpt lat="38.633136" lon="-0.138204">
        <ele>223.820699</ele>
        <time>2025-12-22T17:26:43.483Z</time>
      </trkpt>
      <trkpt lat="38.633180" lon="-0.138454">
        <ele>222.939186</ele>
        <time>2025-12-22T17:26:46.756Z</time>
      </trkpt>
      <trkpt lat="38.633148" lon="-0.138810">
        <ele>221.706527</ele>
        <time>2025-12-22T17:26:51.218Z</time>
      </trkpt>
      <trkpt lat="38.633162" lon="-0.138970">
        <ele>221.152713</ele>
        <time>2025-12-22T17:26:53.196Z</time>
      </trkpt>
      <trkpt lat="38.633187" lon="-0.139012">
        <ele>220.971077</ele>
        <time>2025-12-22T17:26:53.863Z</time>
      </trkpt>
      <trkpt lat="38.633260" lon="-0.139034">
        <ele>220.640835</ele>
        <time>2025-12-22T17:26:55.034Z</time>
      </trkpt>
      <trkpt lat="38.633471" lon="-0.138936">
        <ele>219.652437</ele>
        <time>2025-12-22T17:26:58.619Z</time>
      </trkpt>
      <trkpt lat="38.633880" lon="-0.138745">
        <ele>217.735317</ele>
        <time>2025-12-22T17:27:05.767Z</time>
      </trkpt>
      <trkpt lat="38.633957" lon="-0.138643">
        <ele>217.247393</ele>
        <time>2025-12-22T17:27:07.530Z</time>
      </trkpt>
      <trkpt lat="38.634031" lon="-0.138478">
        <ele>216.592937</ele>
        <time>2025-12-22T17:27:09.895Z</time>
      </trkpt>
      <trkpt lat="38.634189" lon="-0.138147">
        <ele>216.370552</ele>
        <time>2025-12-22T17:27:14.686Z</time>
      </trkpt>
      <trkpt lat="38.634228" lon="-0.137963">
        <ele>216.360553</ele>
        <time>2025-12-22T17:27:17.115Z</time>
      </trkpt>
      <trkpt lat="38.634168" lon="-0.137614">
        <ele>216.341811</ele>
        <time>2025-12-22T17:27:21.912Z</time>
      </trkpt>
      <trkpt lat="38.634059" lon="-0.137337">
        <ele>216.325545</ele>
        <time>2025-12-22T17:27:26.204Z</time>
      </trkpt>
      <trkpt lat="38.633947" lon="-0.137179">
        <ele>216.314355</ele>
        <time>2025-12-22T17:27:29.514Z</time>
      </trkpt>
      <trkpt lat="38.633470" lon="-0.136633">
        <ele>216.271395</ele>
        <time>2025-12-22T17:27:54.729Z</time>
      </trkpt>
      <trkpt lat="38.633425" lon="-0.136480">
        <ele>216.765546</ele>
        <time>2025-12-22T17:28:01.512Z</time>
      </trkpt>
      <trkpt lat="38.633442" lon="-0.136352">
        <ele>217.576108</ele>
        <time>2025-12-22T17:28:07.358Z</time>
      </trkpt>
      <trkpt lat="38.633467" lon="-0.136256">
        <ele>218.207856</ele>
        <time>2025-12-22T17:28:11.684Z</time>
      </trkpt>
      <trkpt lat="38.633871" lon="-0.136174">
        <ele>221.476917</ele>
        <time>2025-12-22T17:28:39.369Z</time>
      </trkpt>
      <trkpt lat="38.633898" lon="-0.136158">
        <ele>221.714697</ele>
        <time>2025-12-22T17:28:41.236Z</time>
      </trkpt>
      <trkpt lat="38.633917" lon="-0.136139">
        <ele>221.907380</ele>
        <time>2025-12-22T17:28:42.813Z</time>
      </trkpt>
      <trkpt lat="38.633914" lon="-0.136086">
        <ele>222.239120</ele>
        <time>2025-12-22T17:28:45.923Z</time>
      </trkpt>
      <trkpt lat="38.633960" lon="-0.136028">
        <ele>222.755122</ele>
        <time>2025-12-22T17:28:50.855Z</time>
      </trkpt>
      <trkpt lat="38.633969" lon="-0.136057">
        <ele>222.949930</ele>
        <time>2025-12-22T17:28:52.430Z</time>
      </trkpt>
      <trkpt lat="38.634069" lon="-0.135863">
        <ele>224.400969</ele>
        <time>2025-12-22T17:29:05.369Z</time>
      </trkpt>
      <trkpt lat="38.634308" lon="-0.135894">
        <ele>226.320815</ele>
        <time>2025-12-22T17:29:23.039Z</time>
      </trkpt>
      <trkpt lat="38.634317" lon="-0.135981">
        <ele>226.868685</ele>
        <time>2025-12-22T17:29:27.607Z</time>
      </trkpt>
      <trkpt lat="38.634397" lon="-0.136034">
        <ele>227.588579</ele>
        <time>2025-12-22T17:29:34.777Z</time>
      </trkpt>
      <trkpt lat="38.634531" lon="-0.136254">
        <ele>229.330175</ele>
        <time>2025-12-22T17:29:49.995Z</time>
      </trkpt>
      <trkpt lat="38.634665" lon="-0.136581">
        <ele>231.013023</ele>
        <time>2025-12-22T17:30:07.607Z</time>
      </trkpt>
      <trkpt lat="38.634734" lon="-0.136843">
        <ele>231.658107</ele>
        <time>2025-12-22T17:30:19.639Z</time>
      </trkpt>
      <trkpt lat="38.634825" lon="-0.137176">
        <ele>232.481206</ele>
        <time>2025-12-22T17:30:31.979Z</time>
      </trkpt>
      <trkpt lat="38.634864" lon="-0.137272">
        <ele>232.733665</ele>
        <time>2025-12-22T17:30:35.430Z</time>
      </trkpt>
      <trkpt lat="38.634868" lon="-0.137282">
        <ele>232.759877</ele>
        <time>2025-12-22T17:30:35.767Z</time>
      </trkpt>
      <trkpt lat="38.634937" lon="-0.137412">
        <ele>233.126574</ele>
        <time>2025-12-22T17:30:40.179Z</time>
      </trkpt>
      <trkpt lat="38.635152" lon="-0.137692">
        <ele>234.042618</ele>
        <time>2025-12-22T17:30:49.866Z</time>
      </trkpt>
      <trkpt lat="38.635198" lon="-0.137792">
        <ele>234.313377</ele>
        <time>2025-12-22T17:30:52.036Z</time>
      </trkpt>
      <trkpt lat="38.635218" lon="-0.137912">
        <ele>234.599651</ele>
        <time>2025-12-22T17:30:54.052Z</time>
      </trkpt>
      <trkpt lat="38.635231" lon="-0.138340">
        <ele>235.598974</ele>
        <time>2025-12-22T17:31:01.160Z</time>
      </trkpt>
      <trkpt lat="38.635369" lon="-0.138951">
        <ele>236.753481</ele>
        <time>2025-12-22T17:31:13.910Z</time>
      </trkpt>
      <trkpt lat="38.635177" lon="-0.139251">
        <ele>237.379533</ele>
        <time>2025-12-22T17:31:22.553Z</time>
      </trkpt>
      <trkpt lat="38.635168" lon="-0.139476">
        <ele>237.743210</ele>
        <time>2025-12-22T17:31:28.175Z</time>
      </trkpt>
      <trkpt lat="38.635168" lon="-0.139564">
        <ele>237.885262</ele>
        <time>2025-12-22T17:31:30.452Z</time>
      </trkpt>
      <trkpt lat="38.635120" lon="-0.139944">
        <ele>238.506637</ele>
        <time>2025-12-22T17:31:41.079Z</time>
      </trkpt>
      <trkpt lat="38.635252" lon="-0.140410">
        <ele>239.306797</ele>
        <time>2025-12-22T17:31:54.339Z</time>
      </trkpt>
      <trkpt lat="38.635237" lon="-0.140620">
        <ele>239.647199</ele>
        <time>2025-12-22T17:32:01.128Z</time>
      </trkpt>
      <trkpt lat="38.635178" lon="-0.140854">
        <ele>240.297409</ele>
        <time>2025-12-22T17:32:10.196Z</time>
      </trkpt>
      <trkpt lat="38.635298" lon="-0.141323">
        <ele>241.737896</ele>
        <time>2025-12-22T17:32:28.649Z</time>
      </trkpt>
      <trkpt lat="38.635317" lon="-0.142409">
        <ele>244.908513</ele>
        <time>2025-12-22T17:33:05.267Z</time>
      </trkpt>
      <trkpt lat="38.635484" lon="-0.142820">
        <ele>246.260734</ele>
        <time>2025-12-22T17:33:18.787Z</time>
      </trkpt>
      <trkpt lat="38.635489" lon="-0.142887">
        <ele>246.453676</ele>
        <time>2025-12-22T17:33:20.662Z</time>
      </trkpt>
      <trkpt lat="38.635312" lon="-0.143890">
        <ele>247.586525</ele>
        <time>2025-12-22T17:33:45.254Z</time>
      </trkpt>
      <trkpt lat="38.635155" lon="-0.144461">
        <ele>248.253428</ele>
        <time>2025-12-22T17:33:56.747Z</time>
      </trkpt>
      <trkpt lat="38.635166" lon="-0.144597">
        <ele>248.404061</ele>
        <time>2025-12-22T17:33:59.141Z</time>
      </trkpt>
      <trkpt lat="38.635497" lon="-0.145274">
        <ele>249.520527</ele>
        <time>2025-12-22T17:34:15.722Z</time>
      </trkpt>
      <trkpt lat="38.635371" lon="-0.146140">
        <ele>251.267550</ele>
        <time>2025-12-22T17:34:39.587Z</time>
      </trkpt>
      <trkpt lat="38.635371" lon="-0.146213">
        <ele>251.412326</ele>
        <time>2025-12-22T17:34:41.765Z</time>
      </trkpt>
      <trkpt lat="38.635474" lon="-0.146604">
        <ele>252.230680</ele>
        <time>2025-12-22T17:34:53.502Z</time>
      </trkpt>
      <trkpt lat="38.635537" lon="-0.147092">
        <ele>253.211628</ele>
        <time>2025-12-22T17:35:08.032Z</time>
      </trkpt>
      <trkpt lat="38.635493" lon="-0.147326">
        <ele>253.777349</ele>
        <time>2025-12-22T17:35:15.916Z</time>
      </trkpt>
      <trkpt lat="38.635323" lon="-0.147640">
        <ele>255.034696</ele>
        <time>2025-12-22T17:35:29.046Z</time>
      </trkpt>
      <trkpt lat="38.635296" lon="-0.147782">
        <ele>255.515676</ele>
        <time>2025-12-22T17:35:33.898Z</time>
      </trkpt>
      <trkpt lat="38.635323" lon="-0.147931">
        <ele>256.019069</ele>
        <time>2025-12-22T17:35:38.407Z</time>
      </trkpt>
      <trkpt lat="38.635392" lon="-0.148058">
        <ele>256.528195</ele>
        <time>2025-12-22T17:35:42.408Z</time>
      </trkpt>
      <trkpt lat="38.635644" lon="-0.148313">
        <ele>257.881547</ele>
        <time>2025-12-22T17:35:53.618Z</time>
      </trkpt>
      <trkpt lat="38.635669" lon="-0.148433">
        <ele>258.290281</ele>
        <time>2025-12-22T17:35:57.477Z</time>
      </trkpt>
      <trkpt lat="38.635669" lon="-0.148668">
        <ele>259.063682</ele>
        <time>2025-12-22T17:36:05.846Z</time>
      </trkpt>
      <trkpt lat="38.635690" lon="-0.148932">
        <ele>259.937017</ele>
        <time>2025-12-22T17:36:16.913Z</time>
      </trkpt>
      <trkpt lat="38.635849" lon="-0.149010">
        <ele>260.654416</ele>
        <time>2025-12-22T17:36:28.853Z</time>
      </trkpt>
      <trkpt lat="38.636014" lon="-0.148986">
        <ele>261.384025</ele>
        <time>2025-12-22T17:36:40.495Z</time>
      </trkpt>
      <trkpt lat="38.636207" lon="-0.149000">
        <ele>262.308837</ele>
        <time>2025-12-22T17:36:53.529Z</time>
      </trkpt>
      <trkpt lat="38.636760" lon="-0.149166">
        <ele>265.026198</ele>
        <time>2025-12-22T17:37:29.646Z</time>
      </trkpt>
      <trkpt lat="38.636926" lon="-0.149240">
        <ele>265.867127</ele>
        <time>2025-12-22T17:37:39.933Z</time>
      </trkpt>
      <trkpt lat="38.637703" lon="-0.149898">
        <ele>270.334261</ele>
        <time>2025-12-22T17:38:34.534Z</time>
      </trkpt>
      <trkpt lat="38.637760" lon="-0.149989">
        <ele>270.777752</ele>
        <time>2025-12-22T17:38:38.912Z</time>
      </trkpt>
      <trkpt lat="38.637798" lon="-0.150187">
        <ele>271.552949</ele>
        <time>2025-12-22T17:38:46.798Z</time>
      </trkpt>
      <trkpt lat="38.637869" lon="-0.150257">
        <ele>271.989145</ele>
        <time>2025-12-22T17:38:51.415Z</time>
      </trkpt>
      <trkpt lat="38.638061" lon="-0.150370">
        <ele>273.017730</ele>
        <time>2025-12-22T17:39:02.808Z</time>
      </trkpt>
      <trkpt lat="38.638252" lon="-0.150719">
        <ele>274.637921</ele>
        <time>2025-12-22T17:39:22.325Z</time>
      </trkpt>
      <trkpt lat="38.638827" lon="-0.151502">
        <ele>278.793784</ele>
        <time>2025-12-22T17:40:19.046Z</time>
      </trkpt>
      <trkpt lat="38.639228" lon="-0.151946">
        <ele>282.153685</ele>
        <time>2025-12-22T17:40:57.099Z</time>
      </trkpt>
      <trkpt lat="38.639610" lon="-0.152368">
        <ele>285.351266</ele>
        <time>2025-12-22T17:41:32.683Z</time>
      </trkpt>
      <trkpt lat="38.639845" lon="-0.152680">
        <ele>287.496795</ele>
        <time>2025-12-22T17:41:55.848Z</time>
      </trkpt>
      <trkpt lat="38.640081" lon="-0.152796">
        <ele>289.098873</ele>
        <time>2025-12-22T17:42:12.753Z</time>
      </trkpt>
      <trkpt lat="38.640377" lon="-0.153030">
        <ele>290.934644</ele>
        <time>2025-12-22T17:42:35.768Z</time>
      </trkpt>
      <trkpt lat="38.640955" lon="-0.153565">
        <ele>294.273737</ele>
        <time>2025-12-22T17:43:20.895Z</time>
      </trkpt>
      <trkpt lat="38.641343" lon="-0.153654">
        <ele>296.119127</ele>
        <time>2025-12-22T17:43:44.008Z</time>
      </trkpt>
      <trkpt lat="38.641700" lon="-0.153604">
        <ele>297.800434</ele>
        <time>2025-12-22T17:44:03.587Z</time>
      </trkpt>
      <trkpt lat="38.641943" lon="-0.153633">
        <ele>298.911620</ele>
        <time>2025-12-22T17:44:16.729Z</time>
      </trkpt>
      <trkpt lat="38.642094" lon="-0.153725">
        <ele>299.655567</ele>
        <time>2025-12-22T17:44:25.814Z</time>
      </trkpt>
      <trkpt lat="38.642125" lon="-0.153925">
        <ele>300.364070</ele>
        <time>2025-12-22T17:44:34.497Z</time>
      </trkpt>
      <trkpt lat="38.642027" lon="-0.154295">
        <ele>301.721641</ele>
        <time>2025-12-22T17:44:51.498Z</time>
      </trkpt>
      <trkpt lat="38.642344" lon="-0.154674">
        <ele>303.651181</ele>
        <time>2025-12-22T17:45:16.995Z</time>
      </trkpt>
      <trkpt lat="38.642461" lon="-0.154698">
        <ele>304.178324</ele>
        <time>2025-12-22T17:45:24.210Z</time>
      </trkpt>
      <trkpt lat="38.642603" lon="-0.154863">
        <ele>305.031426</ele>
        <time>2025-12-22T17:45:36.025Z</time>
      </trkpt>
      <trkpt lat="38.642809" lon="-0.155189">
        <ele>306.573903</ele>
        <time>2025-12-22T17:45:56.995Z</time>
      </trkpt>
      <trkpt lat="38.642834" lon="-0.155231">
        <ele>306.847152</ele>
        <time>2025-12-22T17:45:59.837Z</time>
      </trkpt>
      <trkpt lat="38.643154" lon="-0.154992">
        <ele>309.301533</ele>
        <time>2025-12-22T17:46:25.597Z</time>
      </trkpt>
      <trkpt lat="38.643422" lon="-0.154627">
        <ele>311.893766</ele>
        <time>2025-12-22T17:46:53.973Z</time>
      </trkpt>
      <trkpt lat="38.643493" lon="-0.154223">
        <ele>314.036533</ele>
        <time>2025-12-22T17:47:17.606Z</time>
      </trkpt>
      <trkpt lat="38.643546" lon="-0.152737">
        <ele>319.678690</ele>
        <time>2025-12-22T17:48:41.093Z</time>
      </trkpt>
      <trkpt lat="38.643612" lon="-0.152136">
        <ele>320.977108</ele>
        <time>2025-12-22T17:49:07.563Z</time>
      </trkpt>
      <trkpt lat="38.643605" lon="-0.152008">
        <ele>321.251620</ele>
        <time>2025-12-22T17:49:12.400Z</time>
      </trkpt>
      <trkpt lat="38.643633" lon="-0.151881">
        <ele>321.533939</ele>
        <time>2025-12-22T17:49:17.077Z</time>
      </trkpt>
      <trkpt lat="38.643981" lon="-0.151195">
        <ele>323.093312</ele>
        <time>2025-12-22T17:49:39.319Z</time>
      </trkpt>
      <trkpt lat="38.644009" lon="-0.151035">
        <ele>322.918294</ele>
        <time>2025-12-22T17:49:43.335Z</time>
      </trkpt>
      <trkpt lat="38.644106" lon="-0.150733">
        <ele>322.569748</ele>
        <time>2025-12-22T17:49:51.153Z</time>
      </trkpt>
      <trkpt lat="38.644263" lon="-0.150563">
        <ele>322.288745</ele>
        <time>2025-12-22T17:49:57.334Z</time>
      </trkpt>
      <trkpt lat="38.644474" lon="-0.150335">
        <ele>321.911416</ele>
        <time>2025-12-22T17:50:05.910Z</time>
      </trkpt>
      <trkpt lat="38.644623" lon="-0.150294">
        <ele>321.703138</ele>
        <time>2025-12-22T17:50:10.833Z</time>
      </trkpt>
      <trkpt lat="38.644822" lon="-0.150234">
        <ele>321.423740</ele>
        <time>2025-12-22T17:50:17.655Z</time>
      </trkpt>
      <trkpt lat="38.645063" lon="-0.150269">
        <ele>321.092270</ele>
        <time>2025-12-22T17:50:26.142Z</time>
      </trkpt>
      <trkpt lat="38.645241" lon="-0.150298">
        <ele>320.847048</ele>
        <time>2025-12-22T17:50:32.734Z</time>
      </trkpt>
      <trkpt lat="38.645660" lon="-0.150651">
        <ele>321.454953</ele>
        <time>2025-12-22T17:50:55.574Z</time>
      </trkpt>
      <trkpt lat="38.645855" lon="-0.150892">
        <ele>321.976485</ele>
        <time>2025-12-22T17:51:09.201Z</time>
      </trkpt>
      <trkpt lat="38.646163" lon="-0.151503">
        <ele>323.069426</ele>
        <time>2025-12-22T17:51:36.885Z</time>
      </trkpt>
      <trkpt lat="38.646169" lon="-0.151586">
        <ele>323.194701</ele>
        <time>2025-12-22T17:51:40.066Z</time>
      </trkpt>
      <trkpt lat="38.646396" lon="-0.151794">
        <ele>323.731852</ele>
        <time>2025-12-22T17:51:53.526Z</time>
      </trkpt>
      <trkpt lat="38.646823" lon="-0.152019">
        <ele>324.433484</ele>
        <time>2025-12-22T17:52:16.356Z</time>
      </trkpt>
      <trkpt lat="38.646961" lon="-0.152001">
        <ele>324.592089</ele>
        <time>2025-12-22T17:52:22.927Z</time>
      </trkpt>
      <trkpt lat="38.647126" lon="-0.151836">
        <ele>324.831469</ele>
        <time>2025-12-22T17:52:32.380Z</time>
      </trkpt>
      <trkpt lat="38.647335" lon="-0.151827">
        <ele>325.070573</ele>
        <time>2025-12-22T17:52:40.988Z</time>
      </trkpt>
      <trkpt lat="38.647437" lon="-0.151765">
        <ele>325.199674</ele>
        <time>2025-12-22T17:52:45.407Z</time>
      </trkpt>
      <trkpt lat="38.647506" lon="-0.151650">
        <ele>325.329175</ele>
        <time>2025-12-22T17:52:49.738Z</time>
      </trkpt>
      <trkpt lat="38.647570" lon="-0.151275">
        <ele>325.671949</ele>
        <time>2025-12-22T17:53:00.875Z</time>
      </trkpt>
      <trkpt lat="38.647438" lon="-0.150408">
        <ele>326.934846</ele>
        <time>2025-12-22T17:53:28.724Z</time>
      </trkpt>
      <trkpt lat="38.647379" lon="-0.150016">
        <ele>327.982961</ele>
        <time>2025-12-22T17:53:42.684Z</time>
      </trkpt>
      <trkpt lat="38.647278" lon="-0.149668">
        <ele>328.957666</ele>
        <time>2025-12-22T17:53:56.821Z</time>
      </trkpt>
      <trkpt lat="38.647218" lon="-0.149321">
        <ele>329.890761</ele>
        <time>2025-12-22T17:54:11.604Z</time>
      </trkpt>
      <trkpt lat="38.647266" lon="-0.149049">
        <ele>330.622889</ele>
        <time>2025-12-22T17:54:24.260Z</time>
      </trkpt>
      <trkpt lat="38.647483" lon="-0.148739">
        <ele>331.715846</ele>
        <time>2025-12-22T17:54:45.539Z</time>
      </trkpt>
      <trkpt lat="38.647579" lon="-0.148518">
        <ele>332.456192</ele>
        <time>2025-12-22T17:54:59.417Z</time>
      </trkpt>
      <trkpt lat="38.647754" lon="-0.148236">
        <ele>334.019363</ele>
        <time>2025-12-22T17:55:19.408Z</time>
      </trkpt>
      <trkpt lat="38.647988" lon="-0.148039">
        <ele>335.575567</ele>
        <time>2025-12-22T17:55:38.556Z</time>
      </trkpt>
      <trkpt lat="38.648134" lon="-0.147937">
        <ele>336.499782</ele>
        <time>2025-12-22T17:55:49.788Z</time>
      </trkpt>
      <trkpt lat="38.648277" lon="-0.147878">
        <ele>337.334652</ele>
        <time>2025-12-22T17:55:59.541Z</time>
      </trkpt>
      <trkpt lat="38.648744" lon="-0.147670">
        <ele>340.082237</ele>
        <time>2025-12-22T17:56:30.337Z</time>
      </trkpt>
      <trkpt lat="38.648969" lon="-0.147573">
        <ele>341.401502</ele>
        <time>2025-12-22T17:56:45.149Z</time>
      </trkpt>
      <trkpt lat="38.649035" lon="-0.147567">
        <ele>341.769179</ele>
        <time>2025-12-22T17:56:49.377Z</time>
      </trkpt>
      <trkpt lat="38.649082" lon="-0.147625">
        <ele>342.131905</ele>
        <time>2025-12-22T17:56:53.408Z</time>
      </trkpt>
      <trkpt lat="38.649084" lon="-0.147628">
        <ele>342.149023</ele>
        <time>2025-12-22T17:56:53.584Z</time>
      </trkpt>
      <trkpt lat="38.649196" lon="-0.148101">
        <ele>343.771462</ele>
        <time>2025-12-22T17:57:17.483Z</time>
      </trkpt>
      <trkpt lat="38.649382" lon="-0.148712">
        <ele>345.887099</ele>
        <time>2025-12-22T17:57:48.823Z</time>
      </trkpt>
      <trkpt lat="38.649533" lon="-0.149070">
        <ele>347.199738</ele>
        <time>2025-12-22T17:58:08.299Z</time>
      </trkpt>
      <trkpt lat="38.649683" lon="-0.149605">
        <ele>349.033581</ele>
        <time>2025-12-22T17:58:33.312Z</time>
      </trkpt>
      <trkpt lat="38.649796" lon="-0.149778">
        <ele>349.699515</ele>
        <time>2025-12-22T17:58:42.243Z</time>
      </trkpt>
      <trkpt lat="38.649815" lon="-0.149800">
        <ele>349.716626</ele>
        <time>2025-12-22T17:58:43.502Z</time>
      </trkpt>
      <trkpt lat="38.650185" lon="-0.150259">
        <ele>350.060744</ele>
        <time>2025-12-22T17:59:05.547Z</time>
      </trkpt>
      <trkpt lat="38.650433" lon="-0.150682">
        <ele>350.336670</ele>
        <time>2025-12-22T17:59:20.061Z</time>
      </trkpt>
      <trkpt lat="38.651055" lon="-0.150792">
        <ele>350.756091</ele>
        <time>2025-12-22T17:59:42.956Z</time>
      </trkpt>
      <trkpt lat="38.651383" lon="-0.150939">
        <ele>351.065836</ele>
        <time>2025-12-22T17:59:57.180Z</time>
      </trkpt>
      <trkpt lat="38.651545" lon="-0.151121">
        <ele>351.322480</ele>
        <time>2025-12-22T18:00:06.593Z</time>
      </trkpt>
      <trkpt lat="38.651751" lon="-0.151381">
        <ele>351.666931</ele>
        <time>2025-12-22T18:00:18.977Z</time>
      </trkpt>
      <trkpt lat="38.652068" lon="-0.151616">
        <ele>352.103130</ele>
        <time>2025-12-22T18:00:34.702Z</time>
      </trkpt>
      <trkpt lat="38.652445" lon="-0.152071">
        <ele>352.720066</ele>
        <time>2025-12-22T18:00:58.559Z</time>
      </trkpt>
      <trkpt lat="38.652569" lon="-0.152236">
        <ele>352.933024</ele>
        <time>2025-12-22T18:01:06.482Z</time>
      </trkpt>
      <trkpt lat="38.652728" lon="-0.152792">
        <ele>353.736761</ele>
        <time>2025-12-22T18:01:26.466Z</time>
      </trkpt>
      <trkpt lat="38.652755" lon="-0.153791">
        <ele>355.186078</ele>
        <time>2025-12-22T18:01:59.549Z</time>
      </trkpt>
      <trkpt lat="38.652899" lon="-0.153951">
        <ele>355.540044</ele>
        <time>2025-12-22T18:02:09.111Z</time>
      </trkpt>
      <trkpt lat="38.653379" lon="-0.154107">
        <ele>356.517853</ele>
        <time>2025-12-22T18:02:35.128Z</time>
      </trkpt>
      <trkpt lat="38.653563" lon="-0.154204">
        <ele>357.129260</ele>
        <time>2025-12-22T18:02:45.808Z</time>
      </trkpt>
      <trkpt lat="38.653943" lon="-0.154459">
        <ele>358.447487</ele>
        <time>2025-12-22T18:03:08.755Z</time>
      </trkpt>
      <trkpt lat="38.654072" lon="-0.154546">
        <ele>358.895474</ele>
        <time>2025-12-22T18:03:16.340Z</time>
      </trkpt>
      <trkpt lat="38.654276" lon="-0.154572">
        <ele>359.525395</ele>
        <time>2025-12-22T18:03:27.093Z</time>
      </trkpt>
      <trkpt lat="38.654446" lon="-0.154747">
        <ele>360.195606</ele>
        <time>2025-12-22T18:03:38.990Z</time>
      </trkpt>
      <trkpt lat="38.654790" lon="-0.155337">
        <ele>361.983709</ele>
        <time>2025-12-22T18:04:08.908Z</time>
      </trkpt>
      <trkpt lat="38.655099" lon="-0.155593">
        <ele>363.483111</ele>
        <time>2025-12-22T18:04:27.398Z</time>
      </trkpt>
      <trkpt lat="38.655508" lon="-0.155850">
        <ele>365.339225</ele>
        <time>2025-12-22T18:04:50.114Z</time>
      </trkpt>
      <trkpt lat="38.655800" lon="-0.156192">
        <ele>366.951419</ele>
        <time>2025-12-22T18:05:11.074Z</time>
      </trkpt>
      <trkpt lat="38.656610" lon="-0.155829">
        <ele>370.861651</ele>
        <time>2025-12-22T18:06:10.616Z</time>
      </trkpt>
      <trkpt lat="38.657109" lon="-0.156442">
        <ele>374.632462</ele>
        <time>2025-12-22T18:07:01.168Z</time>
      </trkpt>
      <trkpt lat="38.657167" lon="-0.156636">
        <ele>375.517071</ele>
        <time>2025-12-22T18:07:12.111Z</time>
      </trkpt>
      <trkpt lat="38.657229" lon="-0.156700">
        <ele>375.951340</ele>
        <time>2025-12-22T18:07:17.185Z</time>
      </trkpt>
      <trkpt lat="38.657402" lon="-0.156796">
        <ele>376.979515</ele>
        <time>2025-12-22T18:07:29.135Z</time>
      </trkpt>
      <trkpt lat="38.657493" lon="-0.156896">
        <ele>377.633424</ele>
        <time>2025-12-22T18:07:36.247Z</time>
      </trkpt>
      <trkpt lat="38.657844" lon="-0.157525">
        <ele>379.033740</ele>
        <time>2025-12-22T18:08:06.383Z</time>
      </trkpt>
      <trkpt lat="38.657936" lon="-0.157807">
        <ele>379.034086</ele>
        <time>2025-12-22T18:08:15.488Z</time>
      </trkpt>
      <trkpt lat="38.657934" lon="-0.157900">
        <ele>379.034191</ele>
        <time>2025-12-22T18:08:18.086Z</time>
      </trkpt>
      <trkpt lat="38.657899" lon="-0.157953">
        <ele>379.034270</ele>
        <time>2025-12-22T18:08:20.172Z</time>
      </trkpt>
      <trkpt lat="38.657937" lon="-0.158065">
        <ele>379.034408</ele>
        <time>2025-12-22T18:08:22.233Z</time>
      </trkpt>
      <trkpt lat="38.657967" lon="-0.158376">
        <ele>379.034763</ele>
        <time>2025-12-22T18:08:27.688Z</time>
      </trkpt>
      <trkpt lat="38.658298" lon="-0.159608">
        <ele>377.631639</ele>
        <time>2025-12-22T18:08:48.305Z</time>
      </trkpt>
      <trkpt lat="38.658327" lon="-0.160144">
        <ele>375.460389</ele>
        <time>2025-12-22T18:08:55.598Z</time>
      </trkpt>
      <trkpt lat="38.658486" lon="-0.161007">
        <ele>371.877126</ele>
        <time>2025-12-22T18:09:06.764Z</time>
      </trkpt>
      <trkpt lat="38.658522" lon="-0.161177">
        <ele>371.165319</ele>
        <time>2025-12-22T18:09:08.902Z</time>
      </trkpt>
      <trkpt lat="38.658954" lon="-0.161874">
        <ele>366.479101</ele>
        <time>2025-12-22T18:09:19.590Z</time>
      </trkpt>
      <trkpt lat="38.659095" lon="-0.162374">
        <ele>363.245811</ele>
        <time>2025-12-22T18:09:25.867Z</time>
      </trkpt>
      <trkpt lat="38.659253" lon="-0.162707">
        <ele>360.875900</ele>
        <time>2025-12-22T18:09:30.477Z</time>
      </trkpt>
      <trkpt lat="38.659296" lon="-0.162786">
        <ele>360.290205</ele>
        <time>2025-12-22T18:09:31.634Z</time>
      </trkpt>
      <trkpt lat="38.659365" lon="-0.162837">
        <ele>359.669684</ele>
        <time>2025-12-22T18:09:32.846Z</time>
      </trkpt>
      <trkpt lat="38.659745" lon="-0.162945">
        <ele>356.637913</ele>
        <time>2025-12-22T18:09:38.944Z</time>
      </trkpt>
      <trkpt lat="38.659814" lon="-0.163060">
        <ele>355.755845</ele>
        <time>2025-12-22T18:09:40.782Z</time>
      </trkpt>
      <trkpt lat="38.659992" lon="-0.163556">
        <ele>354.351160</ele>
        <time>2025-12-22T18:09:47.773Z</time>
      </trkpt>
      <trkpt lat="38.660046" lon="-0.163639">
        <ele>354.077488</ele>
        <time>2025-12-22T18:09:49.125Z</time>
      </trkpt>
      <trkpt lat="38.660119" lon="-0.163631">
        <ele>353.839802</ele>
        <time>2025-12-22T18:09:50.289Z</time>
      </trkpt>
      <trkpt lat="38.660226" lon="-0.163675">
        <ele>353.475227</ele>
        <time>2025-12-22T18:09:52.111Z</time>
      </trkpt>
      <trkpt lat="38.660261" lon="-0.163714">
        <ele>353.324719</ele>
        <time>2025-12-22T18:09:52.878Z</time>
      </trkpt>
      <trkpt lat="38.660271" lon="-0.163769">
        <ele>353.181665</ele>
        <time>2025-12-22T18:09:53.613Z</time>
      </trkpt>
      <trkpt lat="38.660240" lon="-0.163885">
        <ele>352.871081</ele>
        <time>2025-12-22T18:09:55.239Z</time>
      </trkpt>
      <trkpt lat="38.660061" lon="-0.164125">
        <ele>352.030346</ele>
        <time>2025-12-22T18:09:59.975Z</time>
      </trkpt>
      <trkpt lat="38.659929" lon="-0.164292">
        <ele>351.428396</ele>
        <time>2025-12-22T18:10:03.630Z</time>
      </trkpt>
      <trkpt lat="38.659885" lon="-0.164519">
        <ele>350.835904</ele>
        <time>2025-12-22T18:10:07.560Z</time>
      </trkpt>
      <trkpt lat="38.659831" lon="-0.164716">
        <ele>350.307005</ele>
        <time>2025-12-22T18:10:11.520Z</time>
      </trkpt>
      <trkpt lat="38.659684" lon="-0.164848">
        <ele>350.020850</ele>
        <time>2025-12-22T18:10:16.317Z</time>
      </trkpt>
      <trkpt lat="38.659467" lon="-0.164947">
        <ele>350.667773</ele>
        <time>2025-12-22T18:10:23.200Z</time>
      </trkpt>
      <trkpt lat="38.659226" lon="-0.165003">
        <ele>351.355631</ele>
        <time>2025-12-22T18:10:30.351Z</time>
      </trkpt>
      <trkpt lat="38.659152" lon="-0.165060">
        <ele>351.598143</ele>
        <time>2025-12-22T18:10:32.996Z</time>
      </trkpt>
      <trkpt lat="38.659117" lon="-0.165580">
        <ele>352.742708</ele>
        <time>2025-12-22T18:10:48.348Z</time>
      </trkpt>
      <trkpt lat="38.658960" lon="-0.165872">
        <ele>353.520165</ele>
        <time>2025-12-22T18:11:02.819Z</time>
      </trkpt>
      <trkpt lat="38.658974" lon="-0.165961">
        <ele>353.719259</ele>
        <time>2025-12-22T18:11:06.600Z</time>
      </trkpt>
      <trkpt lat="38.659207" lon="-0.165958">
        <ele>354.373632</ele>
        <time>2025-12-22T18:11:18.941Z</time>
      </trkpt>
      <trkpt lat="38.659406" lon="-0.166041">
        <ele>354.914534</ele>
        <time>2025-12-22T18:11:28.799Z</time>
      </trkpt>
      <trkpt lat="38.659515" lon="-0.166178">
        <ele>354.594500</ele>
        <time>2025-12-22T18:11:34.857Z</time>
      </trkpt>
      <trkpt lat="38.659636" lon="-0.166529">
        <ele>353.966686</ele>
        <time>2025-12-22T18:11:43.881Z</time>
      </trkpt>
      <trkpt lat="38.659737" lon="-0.166639">
        <ele>353.688857</ele>
        <time>2025-12-22T18:11:46.808Z</time>
      </trkpt>
      <trkpt lat="38.659896" lon="-0.166728">
        <ele>353.325242</ele>
        <time>2025-12-22T18:11:50.233Z</time>
      </trkpt>
      <trkpt lat="38.660061" lon="-0.166776">
        <ele>352.970682</ele>
        <time>2025-12-22T18:11:53.286Z</time>
      </trkpt>
      <trkpt lat="38.660174" lon="-0.166763">
        <ele>352.732941</ele>
        <time>2025-12-22T18:11:55.263Z</time>
      </trkpt>
      <trkpt lat="38.660296" lon="-0.166717">
        <ele>352.466445</ele>
        <time>2025-12-22T18:11:57.423Z</time>
      </trkpt>
      <trkpt lat="38.660995" lon="-0.166165">
        <ele>350.123090</ele>
        <time>2025-12-22T18:12:10.749Z</time>
      </trkpt>
      <trkpt lat="38.661096" lon="-0.166100">
        <ele>349.535096</ele>
        <time>2025-12-22T18:12:12.526Z</time>
      </trkpt>
      <trkpt lat="38.661213" lon="-0.166084">
        <ele>348.923021</ele>
        <time>2025-12-22T18:12:14.398Z</time>
      </trkpt>
      <trkpt lat="38.661318" lon="-0.166154">
        <ele>348.307254</ele>
        <time>2025-12-22T18:12:16.278Z</time>
      </trkpt>
      <trkpt lat="38.661674" lon="-0.166704">
        <ele>345.405496</ele>
        <time>2025-12-22T18:12:25.285Z</time>
      </trkpt>
      <trkpt lat="38.661779" lon="-0.166782">
        <ele>344.774066</ele>
        <time>2025-12-22T18:12:27.290Z</time>
      </trkpt>
      <trkpt lat="38.661890" lon="-0.166771">
        <ele>344.194936</ele>
        <time>2025-12-22T18:12:29.164Z</time>
      </trkpt>
      <trkpt lat="38.662122" lon="-0.166677">
        <ele>342.929153</ele>
        <time>2025-12-22T18:12:33.400Z</time>
      </trkpt>
      <trkpt lat="38.662304" lon="-0.166698">
        <ele>341.978585</ele>
        <time>2025-12-22T18:12:36.632Z</time>
      </trkpt>
      <trkpt lat="38.662357" lon="-0.166669">
        <ele>341.754717</ele>
        <time>2025-12-22T18:12:37.640Z</time>
      </trkpt>
      <trkpt lat="38.662650" lon="-0.166331">
        <ele>340.896674</ele>
        <time>2025-12-22T18:12:44.690Z</time>
      </trkpt>
      <trkpt lat="38.662751" lon="-0.166275">
        <ele>340.657197</ele>
        <time>2025-12-22T18:12:46.680Z</time>
      </trkpt>
      <trkpt lat="38.662853" lon="-0.166293">
        <ele>340.433159</ele>
        <time>2025-12-22T18:12:48.543Z</time>
      </trkpt>
      <trkpt lat="38.663381" lon="-0.166508">
        <ele>339.227614</ele>
        <time>2025-12-22T18:12:59.108Z</time>
      </trkpt>
      <trkpt lat="38.663572" lon="-0.166656">
        <ele>338.741870</ele>
        <time>2025-12-22T18:13:04.028Z</time>
      </trkpt>
      <trkpt lat="38.663718" lon="-0.166814">
        <ele>338.325960</ele>
        <time>2025-12-22T18:13:08.465Z</time>
      </trkpt>
      <trkpt lat="38.664248" lon="-0.167565">
        <ele>335.210529</ele>
        <time>2025-12-22T18:13:24.596Z</time>
      </trkpt>
      <trkpt lat="38.664441" lon="-0.168010">
        <ele>333.409757</ele>
        <time>2025-12-22T18:13:31.271Z</time>
      </trkpt>
      <trkpt lat="38.664533" lon="-0.168151">
        <ele>332.759729</ele>
        <time>2025-12-22T18:13:33.605Z</time>
      </trkpt>
      <trkpt lat="38.664826" lon="-0.168371">
        <ele>331.220939</ele>
        <time>2025-12-22T18:13:39.021Z</time>
      </trkpt>
      <trkpt lat="38.665224" lon="-0.168602">
        <ele>329.273877</ele>
        <time>2025-12-22T18:13:45.909Z</time>
      </trkpt>
      <trkpt lat="38.665419" lon="-0.168811">
        <ele>328.196258</ele>
        <time>2025-12-22T18:13:49.732Z</time>
      </trkpt>
      <trkpt lat="38.665488" lon="-0.168959">
        <ele>327.625856</ele>
        <time>2025-12-22T18:13:51.721Z</time>
      </trkpt>
      <trkpt lat="38.665529" lon="-0.169169">
        <ele>326.909558</ele>
        <time>2025-12-22T18:13:54.227Z</time>
      </trkpt>
      <trkpt lat="38.665532" lon="-0.169657">
        <ele>325.294684</ele>
        <time>2025-12-22T18:14:00.262Z</time>
      </trkpt>
      <trkpt lat="38.665611" lon="-0.169738">
        <ele>324.865807</ele>
        <time>2025-12-22T18:14:02.013Z</time>
      </trkpt>
      <trkpt lat="38.665729" lon="-0.169715">
        <ele>324.359964</ele>
        <time>2025-12-22T18:14:04.210Z</time>
      </trkpt>
      <trkpt lat="38.665832" lon="-0.169947">
        <ele>323.476839</ele>
        <time>2025-12-22T18:14:08.540Z</time>
      </trkpt>
      <trkpt lat="38.665888" lon="-0.170146">
        <ele>322.776876</ele>
        <time>2025-12-22T18:14:13.270Z</time>
      </trkpt>
      <trkpt lat="38.665896" lon="-0.170312">
        <ele>322.226529</ele>
        <time>2025-12-22T18:14:17.881Z</time>
      </trkpt>
      <trkpt lat="38.665861" lon="-0.170475">
        <ele>322.997066</ele>
        <time>2025-12-22T18:14:23.284Z</time>
      </trkpt>
      <trkpt lat="38.665828" lon="-0.170537">
        <ele>323.471471</ele>
        <time>2025-12-22T18:14:25.706Z</time>
      </trkpt>
      <trkpt lat="38.665674" lon="-0.170693">
        <ele>325.061373</ele>
        <time>2025-12-22T18:14:33.945Z</time>
      </trkpt>
      <trkpt lat="38.665433" lon="-0.170790">
        <ele>327.106935</ele>
        <time>2025-12-22T18:14:45.929Z</time>
      </trkpt>
      <trkpt lat="38.665359" lon="-0.170862">
        <ele>327.859444</ele>
        <time>2025-12-22T18:14:51.678Z</time>
      </trkpt>
      <trkpt lat="38.665200" lon="-0.171345">
        <ele>331.173519</ele>
        <time>2025-12-22T18:15:22.942Z</time>
      </trkpt>
      <trkpt lat="38.665142" lon="-0.171452">
        <ele>331.997067</ele>
        <time>2025-12-22T18:15:31.668Z</time>
      </trkpt>
      <trkpt lat="38.664831" lon="-0.171800">
        <ele>335.341132</ele>
        <time>2025-12-22T18:16:05.858Z</time>
      </trkpt>
      <trkpt lat="38.664715" lon="-0.172117">
        <ele>337.504068</ele>
        <time>2025-12-22T18:16:27.678Z</time>
      </trkpt>
      <trkpt lat="38.664634" lon="-0.172243">
        <ele>338.475820</ele>
        <time>2025-12-22T18:16:37.172Z</time>
      </trkpt>
      <trkpt lat="38.664613" lon="-0.172276">
        <ele>338.729291</ele>
        <time>2025-12-22T18:16:39.474Z</time>
      </trkpt>
      <trkpt lat="38.664492" lon="-0.172367">
        <ele>339.799282</ele>
        <time>2025-12-22T18:16:48.999Z</time>
      </trkpt>
      <trkpt lat="38.664415" lon="-0.172386">
        <ele>340.397233</ele>
        <time>2025-12-22T18:16:54.012Z</time>
      </trkpt>
      <trkpt lat="38.664128" lon="-0.172337">
        <ele>342.605071</ele>
        <time>2025-12-22T18:17:11.650Z</time>
      </trkpt>
      <trkpt lat="38.663990" lon="-0.172350">
        <ele>343.660213</ele>
        <time>2025-12-22T18:17:19.904Z</time>
      </trkpt>
      <trkpt lat="38.663912" lon="-0.172406">
        <ele>344.342074</ele>
        <time>2025-12-22T18:17:25.222Z</time>
      </trkpt>
      <trkpt lat="38.663888" lon="-0.172452">
        <ele>344.671477</ele>
        <time>2025-12-22T18:17:27.746Z</time>
      </trkpt>
      <trkpt lat="38.663873" lon="-0.172546">
        <ele>345.242727</ele>
        <time>2025-12-22T18:17:32.051Z</time>
      </trkpt>
      <trkpt lat="38.663898" lon="-0.172646">
        <ele>345.867907</ele>
        <time>2025-12-22T18:17:36.840Z</time>
      </trkpt>
      <trkpt lat="38.664309" lon="-0.173203">
        <ele>350.414135</ele>
        <time>2025-12-22T18:18:10.043Z</time>
      </trkpt>
      <trkpt lat="38.664406" lon="-0.173385">
        <ele>350.920585</ele>
        <time>2025-12-22T18:18:17.045Z</time>
      </trkpt>
      <trkpt lat="38.664426" lon="-0.173467">
        <ele>351.118028</ele>
        <time>2025-12-22T18:18:19.479Z</time>
      </trkpt>
      <trkpt lat="38.664427" lon="-0.173675">
        <ele>351.596089</ele>
        <time>2025-12-22T18:18:24.760Z</time>
      </trkpt>
      <trkpt lat="38.664256" lon="-0.174235">
        <ele>352.978073</ele>
        <time>2025-12-22T18:18:39.144Z</time>
      </trkpt>
      <trkpt lat="38.664212" lon="-0.174527">
        <ele>353.661569</ele>
        <time>2025-12-22T18:18:47.597Z</time>
      </trkpt>
      <trkpt lat="38.664238" lon="-0.174861">
        <ele>354.433017</ele>
        <time>2025-12-22T18:18:59.064Z</time>
      </trkpt>
      <trkpt lat="38.664309" lon="-0.175022">
        <ele>354.857987</ele>
        <time>2025-12-22T18:19:05.384Z</time>
      </trkpt>
      <trkpt lat="38.664410" lon="-0.175168">
        <ele>355.306295</ele>
        <time>2025-12-22T18:19:11.759Z</time>
      </trkpt>
      <trkpt lat="38.664435" lon="-0.175263">
        <ele>355.536703</ele>
        <time>2025-12-22T18:19:14.521Z</time>
      </trkpt>
      <trkpt lat="38.664423" lon="-0.175449">
        <ele>355.406781</ele>
        <time>2025-12-22T18:19:18.958Z</time>
      </trkpt>
      <trkpt lat="38.664329" lon="-0.175964">
        <ele>354.085237</ele>
        <time>2025-12-22T18:19:27.620Z</time>
      </trkpt>
      <trkpt lat="38.664337" lon="-0.176059">
        <ele>353.846479</ele>
        <time>2025-12-22T18:19:29.015Z</time>
      </trkpt>
      <trkpt lat="38.664380" lon="-0.176142">
        <ele>353.597584</ele>
        <time>2025-12-22T18:19:30.470Z</time>
      </trkpt>
      <trkpt lat="38.664546" lon="-0.176296">
        <ele>352.941629</ele>
        <time>2025-12-22T18:19:34.123Z</time>
      </trkpt>
      <trkpt lat="38.664642" lon="-0.176330">
        <ele>352.622884</ele>
        <time>2025-12-22T18:19:35.841Z</time>
      </trkpt>
      <trkpt lat="38.665105" lon="-0.176113">
        <ele>351.045112</ele>
        <time>2025-12-22T18:19:43.647Z</time>
      </trkpt>
      <trkpt lat="38.665224" lon="-0.176016">
        <ele>350.593705</ele>
        <time>2025-12-22T18:19:45.751Z</time>
      </trkpt>
      <trkpt lat="38.665321" lon="-0.175863">
        <ele>350.101249</ele>
        <time>2025-12-22T18:19:48.008Z</time>
      </trkpt>
      <trkpt lat="38.665467" lon="-0.175486">
        <ele>349.618010</ele>
        <time>2025-12-22T18:19:52.705Z</time>
      </trkpt>
      <trkpt lat="38.665737" lon="-0.175055">
        <ele>349.116713</ele>
        <time>2025-12-22T18:19:59.132Z</time>
      </trkpt>
      <trkpt lat="38.665883" lon="-0.174708">
        <ele>348.759117</ele>
        <time>2025-12-22T18:20:04.654Z</time>
      </trkpt>
      <trkpt lat="38.666067" lon="-0.174502">
        <ele>348.475162</ele>
        <time>2025-12-22T18:20:11.455Z</time>
      </trkpt>
      <trkpt lat="38.666197" lon="-0.174302">
        <ele>348.239080</ele>
        <time>2025-12-22T18:20:19.431Z</time>
      </trkpt>
      <trkpt lat="38.666304" lon="-0.174206">
        <ele>348.087288</ele>
        <time>2025-12-22T18:20:25.704Z</time>
      </trkpt>
      <trkpt lat="38.666389" lon="-0.174191">
        <ele>347.987595</ele>
        <time>2025-12-22T18:20:30.349Z</time>
      </trkpt>
      <trkpt lat="38.666572" lon="-0.174290">
        <ele>348.593861</ele>
        <time>2025-12-22T18:20:42.246Z</time>
      </trkpt>
      <trkpt lat="38.667579" lon="-0.175865">
        <ele>362.959465</ele>
        <time>2025-12-22T18:22:37.404Z</time>
      </trkpt>
      <trkpt lat="38.667848" lon="-0.176300">
        <ele>366.813033</ele>
        <time>2025-12-22T18:23:05.268Z</time>
      </trkpt>
      <trkpt lat="38.667885" lon="-0.176474">
        <ele>368.056975</ele>
        <time>2025-12-22T18:23:14.394Z</time>
      </trkpt>
      <trkpt lat="38.667872" lon="-0.176608">
        <ele>368.988395</ele>
        <time>2025-12-22T18:23:21.307Z</time>
      </trkpt>
      <trkpt lat="38.667769" lon="-0.176843">
        <ele>370.847333</ele>
        <time>2025-12-22T18:23:34.948Z</time>
      </trkpt>
      <trkpt lat="38.667419" lon="-0.177177">
        <ele>374.703362</ele>
        <time>2025-12-22T18:24:03.769Z</time>
      </trkpt>
      <trkpt lat="38.667234" lon="-0.177434">
        <ele>377.114569</ele>
        <time>2025-12-22T18:24:23.048Z</time>
      </trkpt>
      <trkpt lat="38.667199" lon="-0.177550">
        <ele>377.972393</ele>
        <time>2025-12-22T18:24:29.898Z</time>
      </trkpt>
      <trkpt lat="38.667196" lon="-0.177674">
        <ele>378.828145</ele>
        <time>2025-12-22T18:24:36.633Z</time>
      </trkpt>
      <trkpt lat="38.667234" lon="-0.177819">
        <ele>379.883180</ele>
        <time>2025-12-22T18:24:44.759Z</time>
      </trkpt>
      <trkpt lat="38.667345" lon="-0.178022">
        <ele>381.312782</ele>
        <time>2025-12-22T18:24:57.291Z</time>
      </trkpt>
      <trkpt lat="38.667385" lon="-0.178173">
        <ele>382.219530</ele>
        <time>2025-12-22T18:25:05.026Z</time>
      </trkpt>
      <trkpt lat="38.667360" lon="-0.178719">
        <ele>385.329738</ele>
        <time>2025-12-22T18:25:29.674Z</time>
      </trkpt>
      <trkpt lat="38.667381" lon="-0.178835">
        <ele>386.006880</ele>
        <time>2025-12-22T18:25:34.876Z</time>
      </trkpt>
      <trkpt lat="38.667490" lon="-0.178967">
        <ele>387.099428</ele>
        <time>2025-12-22T18:25:43.359Z</time>
      </trkpt>
      <trkpt lat="38.667742" lon="-0.179041">
        <ele>388.982404</ele>
        <time>2025-12-22T18:25:58.180Z</time>
      </trkpt>
      <trkpt lat="38.667841" lon="-0.179101">
        <ele>389.780087</ele>
        <time>2025-12-22T18:26:04.384Z</time>
      </trkpt>
      <trkpt lat="38.667894" lon="-0.179190">
        <ele>390.416594</ele>
        <time>2025-12-22T18:26:09.213Z</time>
      </trkpt>
      <trkpt lat="38.667902" lon="-0.179294">
        <ele>391.010857</ele>
        <time>2025-12-22T18:26:13.652Z</time>
      </trkpt>
      <trkpt lat="38.667782" lon="-0.179685">
        <ele>393.399444</ele>
        <time>2025-12-22T18:26:31.615Z</time>
      </trkpt>
      <trkpt lat="38.667622" lon="-0.179972">
        <ele>395.401790</ele>
        <time>2025-12-22T18:26:46.812Z</time>
      </trkpt>
      <trkpt lat="38.667521" lon="-0.180080">
        <ele>396.358618</ele>
        <time>2025-12-22T18:26:54.057Z</time>
      </trkpt>
      <trkpt lat="38.667290" lon="-0.180174">
        <ele>398.121243</ele>
        <time>2025-12-22T18:27:07.444Z</time>
      </trkpt>
      <trkpt lat="38.667235" lon="-0.180241">
        <ele>398.673241</ele>
        <time>2025-12-22T18:27:11.759Z</time>
      </trkpt>
      <trkpt lat="38.667239" lon="-0.180393">
        <ele>399.536792</ele>
        <time>2025-12-22T18:27:18.903Z</time>
      </trkpt>
      <trkpt lat="38.667468" lon="-0.180754">
        <ele>402.177788</ele>
        <time>2025-12-22T18:27:41.231Z</time>
      </trkpt>
      <trkpt lat="38.667493" lon="-0.180875">
        <ele>402.888475</ele>
        <time>2025-12-22T18:27:47.211Z</time>
      </trkpt>
      <trkpt lat="38.667478" lon="-0.180994">
        <ele>403.572906</ele>
        <time>2025-12-22T18:27:52.831Z</time>
      </trkpt>
      <trkpt lat="38.667348" lon="-0.181278">
        <ele>405.442155</ele>
        <time>2025-12-22T18:28:07.926Z</time>
      </trkpt>
      <trkpt lat="38.667055" lon="-0.181522">
        <ele>408.118330</ele>
        <time>2025-12-22T18:28:29.262Z</time>
      </trkpt>
      <trkpt lat="38.666940" lon="-0.181656">
        <ele>409.333266</ele>
        <time>2025-12-22T18:28:39.250Z</time>
      </trkpt>
      <trkpt lat="38.666681" lon="-0.182039">
        <ele>412.424765</ele>
        <time>2025-12-22T18:29:05.343Z</time>
      </trkpt>
      <trkpt lat="38.666523" lon="-0.182181">
        <ele>413.933119</ele>
        <time>2025-12-22T18:29:20.207Z</time>
      </trkpt>
      <trkpt lat="38.666350" lon="-0.182244">
        <ele>415.338613</ele>
        <time>2025-12-22T18:29:34.019Z</time>
      </trkpt>
      <trkpt lat="38.665894" lon="-0.182292">
        <ele>418.914037</ele>
        <time>2025-12-22T18:30:03.640Z</time>
      </trkpt>
      <trkpt lat="38.665852" lon="-0.182349">
        <ele>419.392241</ele>
        <time>2025-12-22T18:30:06.856Z</time>
      </trkpt>
      <trkpt lat="38.665843" lon="-0.182407">
        <ele>419.753054</ele>
        <time>2025-12-22T18:30:08.827Z</time>
      </trkpt>
      <trkpt lat="38.665846" lon="-0.182685">
        <ele>420.213597</ele>
        <time>2025-12-22T18:30:18.742Z</time>
      </trkpt>
      <trkpt lat="38.665906" lon="-0.182803">
        <ele>420.199116</ele>
        <time>2025-12-22T18:30:22.588Z</time>
      </trkpt>
      <trkpt lat="38.666266" lon="-0.182991">
        <ele>420.147910</ele>
        <time>2025-12-22T18:30:31.669Z</time>
      </trkpt>
      <trkpt lat="38.666559" lon="-0.183209">
        <ele>420.103280</ele>
        <time>2025-12-22T18:30:37.593Z</time>
      </trkpt>
      <trkpt lat="38.666689" lon="-0.183196">
        <ele>420.086106</ele>
        <time>2025-12-22T18:30:39.847Z</time>
      </trkpt>
      <trkpt lat="38.666858" lon="-0.183068">
        <ele>420.060246</ele>
        <time>2025-12-22T18:30:43.119Z</time>
      </trkpt>
      <trkpt lat="38.667148" lon="-0.182938">
        <ele>420.019778</ele>
        <time>2025-12-22T18:30:48.132Z</time>
      </trkpt>
      <trkpt lat="38.667366" lon="-0.182917">
        <ele>420.275448</ele>
        <time>2025-12-22T18:30:52.045Z</time>
      </trkpt>
      <trkpt lat="38.667535" lon="-0.182995">
        <ele>421.337513</ele>
        <time>2025-12-22T18:30:55.959Z</time>
      </trkpt>
      <trkpt lat="38.667744" lon="-0.183194">
        <ele>422.877225</ele>
        <time>2025-12-22T18:31:04.749Z</time>
      </trkpt>
      <trkpt lat="38.668061" lon="-0.183274">
        <ele>424.787441</ele>
        <time>2025-12-22T18:31:21.128Z</time>
      </trkpt>
      <trkpt lat="38.668162" lon="-0.183381">
        <ele>425.562384</ele>
        <time>2025-12-22T18:31:29.242Z</time>
      </trkpt>
      <trkpt lat="38.668241" lon="-0.183786">
        <ele>427.489382</ele>
        <time>2025-12-22T18:31:51.550Z</time>
      </trkpt>
      <trkpt lat="38.668240" lon="-0.183926">
        <ele>428.135668</ele>
        <time>2025-12-22T18:31:59.584Z</time>
      </trkpt>
      <trkpt lat="38.668193" lon="-0.184069">
        <ele>428.851878</ele>
        <time>2025-12-22T18:32:08.556Z</time>
      </trkpt>
      <trkpt lat="38.667947" lon="-0.184359">
        <ele>430.907944</ele>
        <time>2025-12-22T18:32:33.919Z</time>
      </trkpt>
      <trkpt lat="38.667847" lon="-0.184558">
        <ele>432.439535</ele>
        <time>2025-12-22T18:32:47.773Z</time>
      </trkpt>
      <trkpt lat="38.667666" lon="-0.185191">
        <ele>436.802326</ele>
        <time>2025-12-22T18:33:23.695Z</time>
      </trkpt>
      <trkpt lat="38.667310" lon="-0.185991">
        <ele>442.761736</ele>
        <time>2025-12-22T18:34:07.044Z</time>
      </trkpt>
      <trkpt lat="38.667163" lon="-0.186233">
        <ele>444.746102</ele>
        <time>2025-12-22T18:34:21.091Z</time>
      </trkpt>
      <trkpt lat="38.666720" lon="-0.186623">
        <ele>448.108014</ele>
        <time>2025-12-22T18:34:50.726Z</time>
      </trkpt>
      <trkpt lat="38.666616" lon="-0.186759">
        <ele>448.971978</ele>
        <time>2025-12-22T18:34:58.421Z</time>
      </trkpt>
      <trkpt lat="38.666358" lon="-0.187236">
        <ele>451.605564</ele>
        <time>2025-12-22T18:35:21.754Z</time>
      </trkpt>
      <trkpt lat="38.666178" lon="-0.187856">
        <ele>454.607695</ele>
        <time>2025-12-22T18:35:48.947Z</time>
      </trkpt>
      <trkpt lat="38.666069" lon="-0.188087">
        <ele>455.832682</ele>
        <time>2025-12-22T18:35:59.632Z</time>
      </trkpt>
      <trkpt lat="38.665953" lon="-0.188221">
        <ele>455.908387</ele>
        <time>2025-12-22T18:36:06.790Z</time>
      </trkpt>
      <trkpt lat="38.665875" lon="-0.188263">
        <ele>455.851169</ele>
        <time>2025-12-22T18:36:10.332Z</time>
      </trkpt>
      <trkpt lat="38.665561" lon="-0.188318">
        <ele>455.636853</ele>
        <time>2025-12-22T18:36:21.059Z</time>
      </trkpt>
      <trkpt lat="38.665468" lon="-0.188390">
        <ele>455.563365</ele>
        <time>2025-12-22T18:36:24.187Z</time>
      </trkpt>
      <trkpt lat="38.665422" lon="-0.188468">
        <ele>455.511753</ele>
        <time>2025-12-22T18:36:26.173Z</time>
      </trkpt>
      <trkpt lat="38.665411" lon="-0.188600">
        <ele>455.441660</ele>
        <time>2025-12-22T18:36:28.785Z</time>
      </trkpt>
      <trkpt lat="38.665474" lon="-0.188992">
        <ele>455.230340</ele>
        <time>2025-12-22T18:36:35.195Z</time>
      </trkpt>
      <trkpt lat="38.665473" lon="-0.189147">
        <ele>455.148496</ele>
        <time>2025-12-22T18:36:37.381Z</time>
      </trkpt>
      <trkpt lat="38.665370" lon="-0.190275">
        <ele>452.954647</ele>
        <time>2025-12-22T18:36:51.277Z</time>
      </trkpt>
      <trkpt lat="38.665423" lon="-0.190628">
        <ele>451.449137</ele>
        <time>2025-12-22T18:36:55.390Z</time>
      </trkpt>
      <trkpt lat="38.665488" lon="-0.190695">
        <ele>451.001588</ele>
        <time>2025-12-22T18:36:56.614Z</time>
      </trkpt>
      <trkpt lat="38.665613" lon="-0.190729">
        <ele>450.316146</ele>
        <time>2025-12-22T18:36:58.500Z</time>
      </trkpt>
      <trkpt lat="38.665938" lon="-0.190681">
        <ele>448.561325</ele>
        <time>2025-12-22T18:37:03.378Z</time>
      </trkpt>
      <trkpt lat="38.666124" lon="-0.190814">
        <ele>447.418674</ele>
        <time>2025-12-22T18:37:06.676Z</time>
      </trkpt>
      <trkpt lat="38.666229" lon="-0.190847">
        <ele>446.838755</ele>
        <time>2025-12-22T18:37:08.396Z</time>
      </trkpt>
      <trkpt lat="38.666346" lon="-0.190764">
        <ele>446.121337</ele>
        <time>2025-12-22T18:37:10.621Z</time>
      </trkpt>
      <trkpt lat="38.666489" lon="-0.190330">
        <ele>445.534599</ele>
        <time>2025-12-22T18:37:17.255Z</time>
      </trkpt>
      <trkpt lat="38.666548" lon="-0.190235">
        <ele>445.743380</ele>
        <time>2025-12-22T18:37:19.246Z</time>
      </trkpt>
      <trkpt lat="38.666697" lon="-0.190095">
        <ele>446.150455</ele>
        <time>2025-12-22T18:37:23.653Z</time>
      </trkpt>
      <trkpt lat="38.666894" lon="-0.189973">
        <ele>446.632479</ele>
        <time>2025-12-22T18:37:30.645Z</time>
      </trkpt>
      <trkpt lat="38.667158" lon="-0.189875">
        <ele>447.237958</ele>
        <time>2025-12-22T18:37:41.264Z</time>
      </trkpt>
      <trkpt lat="38.667486" lon="-0.189902">
        <ele>447.961974</ele>
        <time>2025-12-22T18:37:55.014Z</time>
      </trkpt>
      <trkpt lat="38.667927" lon="-0.190041">
        <ele>448.962403</ele>
        <time>2025-12-22T18:38:15.234Z</time>
      </trkpt>
      <trkpt lat="38.668157" lon="-0.190165">
        <ele>450.062660</ele>
        <time>2025-12-22T18:38:27.974Z</time>
      </trkpt>
      <trkpt lat="38.668250" lon="-0.190184">
        <ele>450.542731</ele>
        <time>2025-12-22T18:38:32.431Z</time>
      </trkpt>
      <trkpt lat="38.668970" lon="-0.190082">
        <ele>454.235393</ele>
        <time>2025-12-22T18:39:08.742Z</time>
      </trkpt>
      <trkpt lat="38.669009" lon="-0.190086">
        <ele>454.434836</ele>
        <time>2025-12-22T18:39:10.512Z</time>
      </trkpt>
      <trkpt lat="38.669194" lon="-0.190167">
        <ele>455.431475</ele>
        <time>2025-12-22T18:39:19.657Z</time>
      </trkpt>
      <trkpt lat="38.669289" lon="-0.190099">
        <ele>455.986243</ele>
        <time>2025-12-22T18:39:24.459Z</time>
      </trkpt>
      <trkpt lat="38.669331" lon="-0.190104">
        <ele>456.201265</ele>
        <time>2025-12-22T18:39:26.674Z</time>
      </trkpt>
      <trkpt lat="38.669554" lon="-0.190217">
        <ele>457.423766</ele>
        <time>2025-12-22T18:39:38.358Z</time>
      </trkpt>
      <trkpt lat="38.669657" lon="-0.190372">
        <ele>458.233859</ele>
        <time>2025-12-22T18:39:46.791Z</time>
      </trkpt>
      <trkpt lat="38.670144" lon="-0.191715">
        <ele>459.917511</ele>
        <time>2025-12-22T18:40:37.815Z</time>
      </trkpt>
      <trkpt lat="38.670325" lon="-0.192070">
        <ele>460.393817</ele>
        <time>2025-12-22T18:40:44.637Z</time>
      </trkpt>
      <trkpt lat="38.670453" lon="-0.192176">
        <ele>460.613132</ele>
        <time>2025-12-22T18:40:47.405Z</time>
      </trkpt>
      <trkpt lat="38.670713" lon="-0.192252">
        <ele>460.338984</ele>
        <time>2025-12-22T18:40:51.942Z</time>
      </trkpt>
      <trkpt lat="38.670916" lon="-0.192294">
        <ele>459.310219</ele>
        <time>2025-12-22T18:40:55.239Z</time>
      </trkpt>
      <trkpt lat="38.670977" lon="-0.192304">
        <ele>459.002549</ele>
        <time>2025-12-22T18:40:56.203Z</time>
      </trkpt>
      <trkpt lat="38.671275" lon="-0.192379">
        <ele>457.483158</ele>
        <time>2025-12-22T18:41:00.922Z</time>
      </trkpt>
      <trkpt lat="38.671420" lon="-0.192386">
        <ele>456.757213</ele>
        <time>2025-12-22T18:41:03.146Z</time>
      </trkpt>
      <trkpt lat="38.672026" lon="-0.192325">
        <ele>453.716072</ele>
        <time>2025-12-22T18:41:12.832Z</time>
      </trkpt>
      <trkpt lat="38.672179" lon="-0.192414">
        <ele>452.875378</ele>
        <time>2025-12-22T18:41:15.760Z</time>
      </trkpt>
      <trkpt lat="38.672410" lon="-0.192718">
        <ele>451.508038</ele>
        <time>2025-12-22T18:41:22.073Z</time>
      </trkpt>
      <trkpt lat="38.672526" lon="-0.192977">
        <ele>450.875423</ele>
        <time>2025-12-22T18:41:27.277Z</time>
      </trkpt>
      <trkpt lat="38.672846" lon="-0.194135">
        <ele>448.272866</ele>
        <time>2025-12-22T18:41:48.326Z</time>
      </trkpt>
      <trkpt lat="38.672898" lon="-0.194211">
        <ele>448.058764</ele>
        <time>2025-12-22T18:41:49.757Z</time>
      </trkpt>
      <trkpt lat="38.673046" lon="-0.194324">
        <ele>447.591196</ele>
        <time>2025-12-22T18:41:52.784Z</time>
      </trkpt>
      <trkpt lat="38.673331" lon="-0.194462">
        <ele>446.160994</ele>
        <time>2025-12-22T18:41:57.759Z</time>
      </trkpt>
      <trkpt lat="38.673647" lon="-0.194498">
        <ele>442.778741</ele>
        <time>2025-12-22T18:42:02.583Z</time>
      </trkpt>
      <trkpt lat="38.673772" lon="-0.194512">
        <ele>441.441001</ele>
        <time>2025-12-22T18:42:04.422Z</time>
      </trkpt>
      <trkpt lat="38.674246" lon="-0.194442">
        <ele>436.354093</ele>
        <time>2025-12-22T18:42:11.280Z</time>
      </trkpt>
      <trkpt lat="38.674312" lon="-0.194373">
        <ele>435.445828</ele>
        <time>2025-12-22T18:42:12.493Z</time>
      </trkpt>
      <trkpt lat="38.674349" lon="-0.194274">
        <ele>434.532265</ele>
        <time>2025-12-22T18:42:13.727Z</time>
      </trkpt>
      <trkpt lat="38.674514" lon="-0.193618">
        <ele>428.795783</ele>
        <time>2025-12-22T18:42:21.440Z</time>
      </trkpt>
      <trkpt lat="38.674828" lon="-0.192371">
        <ele>418.871533</ele>
        <time>2025-12-22T18:42:36.645Z</time>
      </trkpt>
      <trkpt lat="38.674846" lon="-0.192292">
        <ele>418.254435</ele>
        <time>2025-12-22T18:42:37.623Z</time>
      </trkpt>
      <trkpt lat="38.674935" lon="-0.191922">
        <ele>415.351271</ele>
        <time>2025-12-22T18:42:42.291Z</time>
      </trkpt>
      <trkpt lat="38.674987" lon="-0.191716">
        <ele>413.727835</ele>
        <time>2025-12-22T18:42:44.878Z</time>
      </trkpt>
      <trkpt lat="38.675177" lon="-0.191225">
        <ele>409.795185</ele>
        <time>2025-12-22T18:42:51.422Z</time>
      </trkpt>
      <trkpt lat="38.675622" lon="-0.190176">
        <ele>402.598803</ele>
        <time>2025-12-22T18:43:05.322Z</time>
      </trkpt>
      <trkpt lat="38.675715" lon="-0.189537">
        <ele>398.680679</ele>
        <time>2025-12-22T18:43:13.161Z</time>
      </trkpt>
      <trkpt lat="38.675742" lon="-0.189423">
        <ele>397.962584</ele>
        <time>2025-12-22T18:43:14.684Z</time>
      </trkpt>
      <trkpt lat="38.675798" lon="-0.189328">
        <ele>397.245041</ele>
        <time>2025-12-22T18:43:16.236Z</time>
      </trkpt>
      <trkpt lat="38.675876" lon="-0.189242">
        <ele>396.608913</ele>
        <time>2025-12-22T18:43:18.018Z</time>
      </trkpt>
      <trkpt lat="38.675968" lon="-0.189199">
        <ele>396.514576</ele>
        <time>2025-12-22T18:43:19.744Z</time>
      </trkpt>
      <trkpt lat="38.676118" lon="-0.189181">
        <ele>396.369452</ele>
        <time>2025-12-22T18:43:22.525Z</time>
      </trkpt>
      <trkpt lat="38.676299" lon="-0.189214">
        <ele>396.193342</ele>
        <time>2025-12-22T18:43:26.184Z</time>
      </trkpt>
      <trkpt lat="38.676480" lon="-0.189288">
        <ele>396.010323</ele>
        <time>2025-12-22T18:43:30.545Z</time>
      </trkpt>
      <trkpt lat="38.676600" lon="-0.189399">
        <ele>395.867741</ele>
        <time>2025-12-22T18:43:34.880Z</time>
      </trkpt>
      <trkpt lat="38.676753" lon="-0.189684">
        <ele>395.607633</ele>
        <time>2025-12-22T18:43:44.908Z</time>
      </trkpt>
      <trkpt lat="38.677090" lon="-0.190942">
        <ele>393.570223</ele>
        <time>2025-12-22T18:44:09.363Z</time>
      </trkpt>
      <trkpt lat="38.677228" lon="-0.191260">
        <ele>392.322939</ele>
        <time>2025-12-22T18:44:14.026Z</time>
      </trkpt>
      <trkpt lat="38.677383" lon="-0.191369">
        <ele>391.546456</ele>
        <time>2025-12-22T18:44:16.874Z</time>
      </trkpt>
      <trkpt lat="38.677886" lon="-0.191557">
        <ele>389.245512</ele>
        <time>2025-12-22T18:44:25.507Z</time>
      </trkpt>
      <trkpt lat="38.678038" lon="-0.191639">
        <ele>388.521251</ele>
        <time>2025-12-22T18:44:28.280Z</time>
      </trkpt>
      <trkpt lat="38.678169" lon="-0.191749">
        <ele>387.833405</ele>
        <time>2025-12-22T18:44:30.787Z</time>
      </trkpt>
      <trkpt lat="38.678245" lon="-0.191865">
        <ele>387.314249</ele>
        <time>2025-12-22T18:44:32.616Z</time>
      </trkpt>
      <trkpt lat="38.678356" lon="-0.192187">
        <ele>386.381265</ele>
        <time>2025-12-22T18:44:36.873Z</time>
      </trkpt>
      <trkpt lat="38.678443" lon="-0.192467">
        <ele>385.664830</ele>
        <time>2025-12-22T18:44:41.965Z</time>
      </trkpt>
      <trkpt lat="38.678431" lon="-0.192540">
        <ele>385.487481</ele>
        <time>2025-12-22T18:44:43.240Z</time>
      </trkpt>
      <trkpt lat="38.678343" lon="-0.192579">
        <ele>385.203914</ele>
        <time>2025-12-22T18:44:45.408Z</time>
      </trkpt>
      <trkpt lat="38.678368" lon="-0.192640">
        <ele>385.040129</ele>
        <time>2025-12-22T18:44:47.036Z</time>
      </trkpt>
      <trkpt lat="38.678473" lon="-0.192722">
        <ele>384.665640</ele>
        <time>2025-12-22T18:44:51.012Z</time>
      </trkpt>
      <trkpt lat="38.678634" lon="-0.192741">
        <ele>384.173280</ele>
        <time>2025-12-22T18:44:56.467Z</time>
      </trkpt>
      <trkpt lat="38.678827" lon="-0.192766">
        <ele>383.582551</ele>
        <time>2025-12-22T18:45:03.378Z</time>
      </trkpt>
      <trkpt lat="38.678936" lon="-0.192833">
        <ele>383.214383</ele>
        <time>2025-12-22T18:45:07.663Z</time>
      </trkpt>
      <trkpt lat="38.679043" lon="-0.192991">
        <ele>382.717133</ele>
        <time>2025-12-22T18:45:13.213Z</time>
      </trkpt>
      <trkpt lat="38.679106" lon="-0.193174">
        <ele>382.241665</ele>
        <time>2025-12-22T18:45:18.366Z</time>
      </trkpt>
      <trkpt lat="38.679253" lon="-0.193795">
        <ele>381.467789</ele>
        <time>2025-12-22T18:45:33.931Z</time>
      </trkpt>
      <trkpt lat="38.679342" lon="-0.193929">
        <ele>381.439676</ele>
        <time>2025-12-22T18:45:38.796Z</time>
      </trkpt>
      <trkpt lat="38.679497" lon="-0.194005">
        <ele>381.405706</ele>
        <time>2025-12-22T18:45:45.770Z</time>
      </trkpt>
      <trkpt lat="38.679729" lon="-0.193976">
        <ele>381.357993</ele>
        <time>2025-12-22T18:45:55.547Z</time>
      </trkpt>
      <trkpt lat="38.679822" lon="-0.194040">
        <ele>381.336385</ele>
        <time>2025-12-22T18:45:59.627Z</time>
      </trkpt>
      <trkpt lat="38.679910" lon="-0.194156">
        <ele>381.310539</ele>
        <time>2025-12-22T18:46:04.427Z</time>
      </trkpt>
      <trkpt lat="38.679983" lon="-0.194354">
        <ele>381.275551</ele>
        <time>2025-12-22T18:46:10.720Z</time>
      </trkpt>
      <trkpt lat="38.680307" lon="-0.194997">
        <ele>381.166116</ele>
        <time>2025-12-22T18:46:32.885Z</time>
      </trkpt>
      <trkpt lat="38.680595" lon="-0.195386">
        <ele>381.702699</ele>
        <time>2025-12-22T18:46:50.410Z</time>
      </trkpt>
      <trkpt lat="38.680859" lon="-0.195804">
        <ele>382.240831</ele>
        <time>2025-12-22T18:47:09.654Z</time>
      </trkpt>
      <trkpt lat="38.680908" lon="-0.195995">
        <ele>382.442052</ele>
        <time>2025-12-22T18:47:16.811Z</time>
      </trkpt>
      <trkpt lat="38.680916" lon="-0.196148">
        <ele>382.595526</ele>
        <time>2025-12-22T18:47:22.239Z</time>
      </trkpt>
      <trkpt lat="38.680834" lon="-0.196473">
        <ele>382.937370</ele>
        <time>2025-12-22T18:47:34.272Z</time>
      </trkpt>
      <trkpt lat="38.680824" lon="-0.196596">
        <ele>383.061141</ele>
        <time>2025-12-22T18:47:38.574Z</time>
      </trkpt>
      <trkpt lat="38.680858" lon="-0.196681">
        <ele>383.156731</ele>
        <time>2025-12-22T18:47:41.889Z</time>
      </trkpt>
      <trkpt lat="38.680931" lon="-0.196727">
        <ele>383.261035</ele>
        <time>2025-12-22T18:47:45.490Z</time>
      </trkpt>
      <trkpt lat="38.681176" lon="-0.196698">
        <ele>383.556866</ele>
        <time>2025-12-22T18:47:56.373Z</time>
      </trkpt>
      <trkpt lat="38.681266" lon="-0.196757">
        <ele>383.664452</ele>
        <time>2025-12-22T18:48:00.878Z</time>
      </trkpt>
      <trkpt lat="38.681295" lon="-0.196819">
        <ele>383.724495</ele>
        <time>2025-12-22T18:48:03.378Z</time>
      </trkpt>
      <trkpt lat="38.681721" lon="-0.197894">
        <ele>384.725990</ele>
        <time>2025-12-22T18:48:43.669Z</time>
      </trkpt>
      <trkpt lat="38.681796" lon="-0.198192">
        <ele>384.986090</ele>
        <time>2025-12-22T18:48:53.440Z</time>
      </trkpt>
      <trkpt lat="38.681888" lon="-0.198788">
        <ele>385.423479</ele>
        <time>2025-12-22T18:49:12.488Z</time>
      </trkpt>
      <trkpt lat="38.681922" lon="-0.198919">
        <ele>385.471437</ele>
        <time>2025-12-22T18:49:17.007Z</time>
      </trkpt>
      <trkpt lat="38.682046" lon="-0.199190">
        <ele>385.580563</ele>
        <time>2025-12-22T18:49:27.406Z</time>
      </trkpt>
      <trkpt lat="38.682057" lon="-0.199342">
        <ele>385.633593</ele>
        <time>2025-12-22T18:49:32.584Z</time>
      </trkpt>
      <trkpt lat="38.682073" lon="-0.199382">
        <ele>385.649207</ele>
        <time>2025-12-22T18:49:34.071Z</time>
      </trkpt>
      <trkpt lat="38.682319" lon="-0.199622">
        <ele>385.786817</ele>
        <time>2025-12-22T18:49:47.122Z</time>
      </trkpt>
      <trkpt lat="38.682361" lon="-0.199733">
        <ele>385.829669</ele>
        <time>2025-12-22T18:49:51.064Z</time>
      </trkpt>
      <trkpt lat="38.682440" lon="-0.200205">
        <ele>385.997366</ele>
        <time>2025-12-22T18:50:05.883Z</time>
      </trkpt>
      <trkpt lat="38.682528" lon="-0.200512">
        <ele>386.110979</ele>
        <time>2025-12-22T18:50:15.316Z</time>
      </trkpt>
      <trkpt lat="38.682585" lon="-0.200840">
        <ele>386.015604</ele>
        <time>2025-12-22T18:50:24.679Z</time>
      </trkpt>
      <trkpt lat="38.682609" lon="-0.200933">
        <ele>385.911293</ele>
        <time>2025-12-22T18:50:27.383Z</time>
      </trkpt>
      <trkpt lat="38.682713" lon="-0.201137">
        <ele>385.651821</ele>
        <time>2025-12-22T18:50:33.916Z</time>
      </trkpt>
      <trkpt lat="38.682774" lon="-0.201506">
        <ele>385.250145</ele>
        <time>2025-12-22T18:50:43.687Z</time>
      </trkpt>
      <trkpt lat="38.682907" lon="-0.201986">
        <ele>384.707730</ele>
        <time>2025-12-22T18:50:56.635Z</time>
      </trkpt>
      <trkpt lat="38.682972" lon="-0.202180">
        <ele>384.482907</ele>
        <time>2025-12-22T18:51:01.996Z</time>
      </trkpt>
      <trkpt lat="38.683113" lon="-0.202604">
        <ele>383.992111</ele>
        <time>2025-12-22T18:51:13.811Z</time>
      </trkpt>
      <trkpt lat="38.683281" lon="-0.202999">
        <ele>383.599467</ele>
        <time>2025-12-22T18:51:25.590Z</time>
      </trkpt>
      <trkpt lat="38.683344" lon="-0.203248">
        <ele>383.436091</ele>
        <time>2025-12-22T18:51:32.654Z</time>
      </trkpt>
      <trkpt lat="38.683422" lon="-0.203385">
        <ele>383.330254</ele>
        <time>2025-12-22T18:51:37.341Z</time>
      </trkpt>
      <trkpt lat="38.683489" lon="-0.203618">
        <ele>383.175272</ele>
        <time>2025-12-22T18:51:44.359Z</time>
      </trkpt>
      <trkpt lat="38.683670" lon="-0.204022">
        <ele>382.884532</ele>
        <time>2025-12-22T18:51:58.339Z</time>
      </trkpt>
      <trkpt lat="38.683814" lon="-0.204624">
        <ele>382.491545</ele>
        <time>2025-12-22T18:52:15.935Z</time>
      </trkpt>
      <trkpt lat="38.684063" lon="-0.205445">
        <ele>381.982943</ele>
        <time>2025-12-22T18:52:38.541Z</time>
      </trkpt>
      <trkpt lat="38.684118" lon="-0.205886">
        <ele>381.737752</ele>
        <time>2025-12-22T18:52:50.381Z</time>
      </trkpt>
      <trkpt lat="38.684181" lon="-0.206059">
        <ele>381.632943</ele>
        <time>2025-12-22T18:52:55.636Z</time>
      </trkpt>
      <trkpt lat="38.684317" lon="-0.206144">
        <ele>381.526512</ele>
        <time>2025-12-22T18:53:01.062Z</time>
      </trkpt>
      <trkpt lat="38.684375" lon="-0.206233">
        <ele>381.462859</ele>
        <time>2025-12-22T18:53:04.350Z</time>
      </trkpt>
      <trkpt lat="38.684436" lon="-0.206406">
        <ele>381.358638</ele>
        <time>2025-12-22T18:53:09.748Z</time>
      </trkpt>
      <trkpt lat="38.684422" lon="-0.206527">
        <ele>381.291480</ele>
        <time>2025-12-22T18:53:13.235Z</time>
      </trkpt>
      <trkpt lat="38.684310" lon="-0.206630">
        <ele>381.194510</ele>
        <time>2025-12-22T18:53:18.261Z</time>
      </trkpt>
      <trkpt lat="38.684111" lon="-0.206688">
        <ele>381.050970</ele>
        <time>2025-12-22T18:53:25.701Z</time>
      </trkpt>
      <trkpt lat="38.683800" lon="-0.206834">
        <ele>380.782223</ele>
        <time>2025-12-22T18:53:38.324Z</time>
      </trkpt>
      <trkpt lat="38.683693" lon="-0.206935">
        <ele>380.672067</ele>
        <time>2025-12-22T18:53:43.495Z</time>
      </trkpt>
      <trkpt lat="38.683686" lon="-0.207037">
        <ele>380.605821</ele>
        <time>2025-12-22T18:53:46.697Z</time>
      </trkpt>
      <trkpt lat="38.683708" lon="-0.207116">
        <ele>380.551554</ele>
        <time>2025-12-22T18:53:49.288Z</time>
      </trkpt>
      <trkpt lat="38.683879" lon="-0.207284">
        <ele>380.372948</ele>
        <time>2025-12-22T18:53:57.639Z</time>
      </trkpt>
      <trkpt lat="38.683936" lon="-0.207455">
        <ele>380.252651</ele>
        <time>2025-12-22T18:54:02.989Z</time>
      </trkpt>
      <trkpt lat="38.684015" lon="-0.207498">
        <ele>380.181510</ele>
        <time>2025-12-22T18:54:06.139Z</time>
      </trkpt>
      <trkpt lat="38.684486" lon="-0.207298">
        <ele>379.770255</ele>
        <time>2025-12-22T18:54:24.653Z</time>
      </trkpt>
      <trkpt lat="38.684541" lon="-0.207293">
        <ele>379.724556</ele>
        <time>2025-12-22T18:54:26.415Z</time>
      </trkpt>
      <trkpt lat="38.684582" lon="-0.207320">
        <ele>379.686347</ele>
        <time>2025-12-22T18:54:27.852Z</time>
      </trkpt>
      <trkpt lat="38.684625" lon="-0.207391">
        <ele>379.628209</ele>
        <time>2025-12-22T18:54:29.904Z</time>
      </trkpt>
      <trkpt lat="38.684722" lon="-0.207714">
        <ele>378.936169</ele>
        <time>2025-12-22T18:54:37.804Z</time>
      </trkpt>
      <trkpt lat="38.684826" lon="-0.207899">
        <ele>378.229817</ele>
        <time>2025-12-22T18:54:43.050Z</time>
      </trkpt>
      <trkpt lat="38.684842" lon="-0.208242">
        <ele>377.165212</ele>
        <time>2025-12-22T18:54:50.947Z</time>
      </trkpt>
      <trkpt lat="38.684873" lon="-0.208386">
        <ele>376.702404</ele>
        <time>2025-12-22T18:54:54.355Z</time>
      </trkpt>
      <trkpt lat="38.685120" lon="-0.208641">
        <ele>375.443307</ele>
        <time>2025-12-22T18:55:03.666Z</time>
      </trkpt>
      <trkpt lat="38.685217" lon="-0.209051">
        <ele>374.115956</ele>
        <time>2025-12-22T18:55:13.487Z</time>
      </trkpt>
      <trkpt lat="38.685258" lon="-0.209086">
        <ele>373.920402</ele>
        <time>2025-12-22T18:55:14.903Z</time>
      </trkpt>
      <trkpt lat="38.685516" lon="-0.209106">
        <ele>372.894496</ele>
        <time>2025-12-22T18:55:22.329Z</time>
      </trkpt>
      <trkpt lat="38.685603" lon="-0.209149">
        <ele>372.524374</ele>
        <time>2025-12-22T18:55:24.932Z</time>
      </trkpt>
      <trkpt lat="38.685814" lon="-0.209456">
        <ele>372.687198</ele>
        <time>2025-12-22T18:55:34.368Z</time>
      </trkpt>
      <trkpt lat="38.685925" lon="-0.209672">
        <ele>372.898424</ele>
        <time>2025-12-22T18:55:41.905Z</time>
      </trkpt>
      <trkpt lat="38.686025" lon="-0.209981">
        <ele>373.171641</ele>
        <time>2025-12-22T18:55:52.418Z</time>
      </trkpt>
      <trkpt lat="38.686051" lon="-0.210240">
        <ele>373.384930</ele>
        <time>2025-12-22T18:56:01.559Z</time>
      </trkpt>
      <trkpt lat="38.686012" lon="-0.210401">
        <ele>373.522619</ele>
        <time>2025-12-22T18:56:08.066Z</time>
      </trkpt>
      <trkpt lat="38.685896" lon="-0.210532">
        <ele>373.684427</ele>
        <time>2025-12-22T18:56:16.214Z</time>
      </trkpt>
      <trkpt lat="38.685624" lon="-0.210632">
        <ele>373.980530</ele>
        <time>2025-12-22T18:56:32.861Z</time>
      </trkpt>
      <trkpt lat="38.685321" lon="-0.210798">
        <ele>374.383901</ele>
        <time>2025-12-22T18:56:53.110Z</time>
      </trkpt>
      <trkpt lat="38.684996" lon="-0.210912">
        <ele>375.115463</ele>
        <time>2025-12-22T18:57:12.469Z</time>
      </trkpt>
      <trkpt lat="38.684846" lon="-0.211008">
        <ele>375.479498</ele>
        <time>2025-12-22T18:57:21.705Z</time>
      </trkpt>
      <trkpt lat="38.684649" lon="-0.211351">
        <ele>376.201176</ele>
        <time>2025-12-22T18:57:37.786Z</time>
      </trkpt>
      <trkpt lat="38.684639" lon="-0.211427">
        <ele>376.331791</ele>
        <time>2025-12-22T18:57:40.423Z</time>
      </trkpt>
      <trkpt lat="38.684660" lon="-0.211469">
        <ele>376.416319</ele>
        <time>2025-12-22T18:57:41.990Z</time>
      </trkpt>
      <trkpt lat="38.684699" lon="-0.211484">
        <ele>376.504724</ele>
        <time>2025-12-22T18:57:43.739Z</time>
      </trkpt>
      <trkpt lat="38.684816" lon="-0.211431">
        <ele>376.774149</ele>
        <time>2025-12-22T18:57:48.871Z</time>
      </trkpt>
      <trkpt lat="38.684927" lon="-0.211789">
        <ele>377.426964</ele>
        <time>2025-12-22T18:58:00.920Z</time>
      </trkpt>
      <trkpt lat="38.684971" lon="-0.211804">
        <ele>377.525814</ele>
        <time>2025-12-22T18:58:02.733Z</time>
      </trkpt>
      <trkpt lat="38.685263" lon="-0.211639">
        <ele>378.299887</ele>
        <time>2025-12-22T18:58:15.097Z</time>
      </trkpt>
      <trkpt lat="38.685327" lon="-0.211637">
        <ele>378.702169</ele>
        <time>2025-12-22T18:58:17.514Z</time>
      </trkpt>
      <trkpt lat="38.685533" lon="-0.211775">
        <ele>380.162929</ele>
        <time>2025-12-22T18:58:26.464Z</time>
      </trkpt>
      <trkpt lat="38.685802" lon="-0.212053">
        <ele>382.334715</ele>
        <time>2025-12-22T18:58:44.156Z</time>
      </trkpt>
      <trkpt lat="38.685839" lon="-0.212107">
        <ele>382.687154</ele>
        <time>2025-12-22T18:58:47.308Z</time>
      </trkpt>
      <trkpt lat="38.685837" lon="-0.212210">
        <ele>383.192529</ele>
        <time>2025-12-22T18:58:51.971Z</time>
      </trkpt>
      <trkpt lat="38.685738" lon="-0.212286">
        <ele>383.917766</ele>
        <time>2025-12-22T18:58:58.729Z</time>
      </trkpt>
      <trkpt lat="38.685310" lon="-0.212261">
        <ele>386.610022</ele>
        <time>2025-12-22T18:59:29.094Z</time>
      </trkpt>
      <trkpt lat="38.685071" lon="-0.212389">
        <ele>388.237804</ele>
        <time>2025-12-22T18:59:52.611Z</time>
      </trkpt>
      <trkpt lat="38.684939" lon="-0.212473">
        <ele>389.163964</ele>
        <time>2025-12-22T19:00:07.441Z</time>
      </trkpt>
      <trkpt lat="38.684665" lon="-0.212467">
        <ele>392.530563</ele>
        <time>2025-12-22T19:00:37.698Z</time>
      </trkpt>
      <trkpt lat="38.684611" lon="-0.212496">
        <ele>393.328303</ele>
        <time>2025-12-22T19:00:44.394Z</time>
      </trkpt>
      <trkpt lat="38.684583" lon="-0.212547">
        <ele>393.991410</ele>
        <time>2025-12-22T19:00:50.338Z</time>
      </trkpt>
      <trkpt lat="38.684586" lon="-0.212698">
        <ele>395.597825</ele>
        <time>2025-12-22T19:01:04.698Z</time>
      </trkpt>
      <trkpt lat="38.684431" lon="-0.213030">
        <ele>399.711995</ele>
        <time>2025-12-22T19:01:41.839Z</time>
      </trkpt>
      <trkpt lat="38.684379" lon="-0.213227">
        <ele>401.923650</ele>
        <time>2025-12-22T19:02:01.537Z</time>
      </trkpt>
      <trkpt lat="38.684355" lon="-0.213624">
        <ele>406.158427</ele>
        <time>2025-12-22T19:02:37.010Z</time>
      </trkpt>
      <trkpt lat="38.684393" lon="-0.213760">
        <ele>407.694666</ele>
        <time>2025-12-22T19:02:49.248Z</time>
      </trkpt>
      <trkpt lat="38.684279" lon="-0.213875">
        <ele>409.671567</ele>
        <time>2025-12-22T19:03:04.201Z</time>
      </trkpt>
      <trkpt lat="38.684405" lon="-0.213897">
        <ele>411.404094</ele>
        <time>2025-12-22T19:03:16.509Z</time>
      </trkpt>
      <trkpt lat="38.684681" lon="-0.214056">
        <ele>414.538882</ele>
        <time>2025-12-22T19:03:43.828Z</time>
      </trkpt>
      <trkpt lat="38.684846" lon="-0.214103">
        <ele>415.367665</ele>
        <time>2025-12-22T19:03:57.699Z</time>
      </trkpt>
      <trkpt lat="38.684975" lon="-0.214230">
        <ele>416.165377</ele>
        <time>2025-12-22T19:04:09.001Z</time>
      </trkpt>
      <trkpt lat="38.685255" lon="-0.214282">
        <ele>417.552620</ele>
        <time>2025-12-22T19:04:26.816Z</time>
      </trkpt>
      <trkpt lat="38.685321" lon="-0.214340">
        <ele>417.945051</ele>
        <time>2025-12-22T19:04:31.356Z</time>
      </trkpt>
      <trkpt lat="38.685430" lon="-0.214443">
        <ele>418.609162</ele>
        <time>2025-12-22T19:04:38.516Z</time>
      </trkpt>
      <trkpt lat="38.685874" lon="-0.214571">
        <ele>420.840617</ele>
        <time>2025-12-22T19:04:56.584Z</time>
      </trkpt>
      <trkpt lat="38.685984" lon="-0.214535">
        <ele>421.397289</ele>
        <time>2025-12-22T19:04:59.212Z</time>
      </trkpt>
      <trkpt lat="38.686080" lon="-0.214595">
        <ele>421.921024</ele>
        <time>2025-12-22T19:05:02.411Z</time>
      </trkpt>
      <trkpt lat="38.686252" lon="-0.214968">
        <ele>424.004515</ele>
        <time>2025-12-22T19:05:17.165Z</time>
      </trkpt>
      <trkpt lat="38.686080" lon="-0.214595">
        <ele>426.570681</ele>
        <time>2025-12-22T19:05:34.279Z</time>
      </trkpt>
      <trkpt lat="38.685984" lon="-0.214535">
        <ele>427.381246</ele>
        <time>2025-12-22T19:05:39.493Z</time>
      </trkpt>
      <trkpt lat="38.685874" lon="-0.214571">
        <ele>428.242786</ele>
        <time>2025-12-22T19:05:45.487Z</time>
      </trkpt>
      <trkpt lat="38.685685" lon="-0.214636">
        <ele>429.727791</ele>
        <time>2025-12-22T19:05:56.131Z</time>
      </trkpt>
      <trkpt lat="38.685480" lon="-0.214633">
        <ele>431.283530</ele>
        <time>2025-12-22T19:06:07.145Z</time>
      </trkpt>
      <trkpt lat="38.685169" lon="-0.214679">
        <ele>433.659225</ele>
        <time>2025-12-22T19:06:26.459Z</time>
      </trkpt>
      <trkpt lat="38.685034" lon="-0.214644">
        <ele>434.704437</ele>
        <time>2025-12-22T19:06:37.007Z</time>
      </trkpt>
      <trkpt lat="38.684800" lon="-0.214682">
        <ele>436.524739</ele>
        <time>2025-12-22T19:06:59.008Z</time>
      </trkpt>
      <trkpt lat="38.684524" lon="-0.214672">
        <ele>440.099834</ele>
        <time>2025-12-22T19:07:26.832Z</time>
      </trkpt>
      <trkpt lat="38.684425" lon="-0.214708">
        <ele>441.432334</ele>
        <time>2025-12-22T19:07:37.802Z</time>
      </trkpt>
      <trkpt lat="38.684298" lon="-0.214875">
        <ele>443.788840</ele>
        <time>2025-12-22T19:07:57.947Z</time>
      </trkpt>
      <trkpt lat="38.684139" lon="-0.215261">
        <ele>448.200129</ele>
        <time>2025-12-22T19:08:35.938Z</time>
      </trkpt>
      <trkpt lat="38.683902" lon="-0.215674">
        <ele>453.381041</ele>
        <time>2025-12-22T19:09:17.584Z</time>
      </trkpt>
      <trkpt lat="38.683753" lon="-0.216001">
        <ele>457.208018</ele>
        <time>2025-12-22T19:09:43.227Z</time>
      </trkpt>
      <trkpt lat="38.683680" lon="-0.216121">
        <ele>458.745714</ele>
        <time>2025-12-22T19:09:52.107Z</time>
      </trkpt>
      <trkpt lat="38.683613" lon="-0.216184">
        <ele>459.779408</ele>
        <time>2025-12-22T19:09:57.800Z</time>
      </trkpt>
      <trkpt lat="38.683607" lon="-0.216165">
        <ele>459.878789</ele>
        <time>2025-12-22T19:09:58.722Z</time>
      </trkpt>
      <trkpt lat="38.683417" lon="-0.216278">
        <ele>461.179983</ele>
        <time>2025-12-22T19:10:12.451Z</time>
      </trkpt>
      <trkpt lat="38.683370" lon="-0.216178">
        <ele>461.745975</ele>
        <time>2025-12-22T19:10:17.597Z</time>
      </trkpt>
      <trkpt lat="38.683121" lon="-0.216306">
        <ele>463.412549</ele>
        <time>2025-12-22T19:10:32.283Z</time>
      </trkpt>
      <trkpt lat="38.683036" lon="-0.216199">
        <ele>464.152789</ele>
        <time>2025-12-22T19:10:38.296Z</time>
      </trkpt>
      <trkpt lat="38.682957" lon="-0.216129">
        <ele>464.749456</ele>
        <time>2025-12-22T19:10:42.320Z</time>
      </trkpt>
      <trkpt lat="38.682834" lon="-0.216226">
        <ele>465.646653</ele>
        <time>2025-12-22T19:10:48.934Z</time>
      </trkpt>
      <trkpt lat="38.682710" lon="-0.216348">
        <ele>466.617848</ele>
        <time>2025-12-22T19:10:55.806Z</time>
      </trkpt>
      <trkpt lat="38.682200" lon="-0.216760">
        <ele>470.363082</ele>
        <time>2025-12-22T19:11:24.582Z</time>
      </trkpt>
      <trkpt lat="38.682171" lon="-0.216787">
        <ele>470.585769</ele>
        <time>2025-12-22T19:11:26.673Z</time>
      </trkpt>
      <trkpt lat="38.682035" lon="-0.216913">
        <ele>471.768527</ele>
        <time>2025-12-22T19:11:36.183Z</time>
      </trkpt>
      <trkpt lat="38.681935" lon="-0.217036">
        <ele>472.798382</ele>
        <time>2025-12-22T19:11:44.671Z</time>
      </trkpt>
      <trkpt lat="38.681815" lon="-0.217268">
        <ele>474.412276</ele>
        <time>2025-12-22T19:11:59.010Z</time>
      </trkpt>
      <trkpt lat="38.681600" lon="-0.217582">
        <ele>476.834363</ele>
        <time>2025-12-22T19:12:20.844Z</time>
      </trkpt>
      <trkpt lat="38.681406" lon="-0.217738">
        <ele>478.535920</ele>
        <time>2025-12-22T19:12:36.237Z</time>
      </trkpt>
      <trkpt lat="38.681126" lon="-0.217766">
        <ele>480.622258</ele>
        <time>2025-12-22T19:12:53.589Z</time>
      </trkpt>
      <trkpt lat="38.681024" lon="-0.217823">
        <ele>481.448936</ele>
        <time>2025-12-22T19:12:59.919Z</time>
      </trkpt>
      <trkpt lat="38.680272" lon="-0.218839">
        <ele>489.466231</ele>
        <time>2025-12-22T19:13:57.997Z</time>
      </trkpt>
      <trkpt lat="38.680155" lon="-0.218935">
        <ele>490.478526</ele>
        <time>2025-12-22T19:14:05.895Z</time>
      </trkpt>
      <trkpt lat="38.680052" lon="-0.218933">
        <ele>491.229034</ele>
        <time>2025-12-22T19:14:12.033Z</time>
      </trkpt>
      <trkpt lat="38.679938" lon="-0.218860">
        <ele>492.157592</ele>
        <time>2025-12-22T19:14:19.938Z</time>
      </trkpt>
      <trkpt lat="38.679734" lon="-0.218464">
        <ele>494.856058</ele>
        <time>2025-12-22T19:14:43.225Z</time>
      </trkpt>
      <trkpt lat="38.679578" lon="-0.218254">
        <ele>496.504795</ele>
        <time>2025-12-22T19:14:57.549Z</time>
      </trkpt>
      <trkpt lat="38.679431" lon="-0.218181">
        <ele>497.721530</ele>
        <time>2025-12-22T19:15:07.509Z</time>
      </trkpt>
      <trkpt lat="38.679303" lon="-0.218182">
        <ele>498.884995</ele>
        <time>2025-12-22T19:15:15.537Z</time>
      </trkpt>
      <trkpt lat="38.679149" lon="-0.218260">
        <ele>500.390210</ele>
        <time>2025-12-22T19:15:25.998Z</time>
      </trkpt>
      <trkpt lat="38.679083" lon="-0.218258">
        <ele>500.990279</ele>
        <time>2025-12-22T19:15:30.421Z</time>
      </trkpt>
      <trkpt lat="38.679015" lon="-0.218203">
        <ele>501.721257</ele>
        <time>2025-12-22T19:15:35.369Z</time>
      </trkpt>
      <trkpt lat="38.678915" lon="-0.217987">
        <ele>503.503186</ele>
        <time>2025-12-22T19:15:48.060Z</time>
      </trkpt>
      <trkpt lat="38.678837" lon="-0.217962">
        <ele>504.234016</ele>
        <time>2025-12-22T19:15:53.205Z</time>
      </trkpt>
      <trkpt lat="38.678776" lon="-0.218005">
        <ele>504.866878</ele>
        <time>2025-12-22T19:15:57.610Z</time>
      </trkpt>
      <trkpt lat="38.678745" lon="-0.218220">
        <ele>506.418268</ele>
        <time>2025-12-22T19:16:09.133Z</time>
      </trkpt>
      <trkpt lat="38.678771" lon="-0.218553">
        <ele>508.792942</ele>
        <time>2025-12-22T19:16:28.341Z</time>
      </trkpt>
      <trkpt lat="38.678852" lon="-0.218680">
        <ele>509.956617</ele>
        <time>2025-12-22T19:16:37.950Z</time>
      </trkpt>
      <trkpt lat="38.679052" lon="-0.218805">
        <ele>511.979337</ele>
        <time>2025-12-22T19:16:53.835Z</time>
      </trkpt>
      <trkpt lat="38.679109" lon="-0.218871">
        <ele>512.677725</ele>
        <time>2025-12-22T19:16:59.439Z</time>
      </trkpt>
      <trkpt lat="38.679138" lon="-0.218940">
        <ele>513.233776</ele>
        <time>2025-12-22T19:17:03.827Z</time>
      </trkpt>
      <trkpt lat="38.679138" lon="-0.219065">
        <ele>514.124223</ele>
        <time>2025-12-22T19:17:10.789Z</time>
      </trkpt>
      <trkpt lat="38.679095" lon="-0.219169">
        <ele>514.966678</ele>
        <time>2025-12-22T19:17:17.152Z</time>
      </trkpt>
      <trkpt lat="38.678588" lon="-0.219963">
        <ele>522.309728</ele>
        <time>2025-12-22T19:18:13.306Z</time>
      </trkpt>
      <trkpt lat="38.678490" lon="-0.220060">
        <ele>523.445387</ele>
        <time>2025-12-22T19:18:21.984Z</time>
      </trkpt>
      <trkpt lat="38.678391" lon="-0.220087">
        <ele>524.373546</ele>
        <time>2025-12-22T19:18:29.102Z</time>
      </trkpt>
      <trkpt lat="38.678302" lon="-0.220043">
        <ele>525.248332</ele>
        <time>2025-12-22T19:18:35.757Z</time>
      </trkpt>
      <trkpt lat="38.678268" lon="-0.219985">
        <ele>525.767555</ele>
        <time>2025-12-22T19:18:39.745Z</time>
      </trkpt>
      <trkpt lat="38.678247" lon="-0.219895">
        <ele>526.439989</ele>
        <time>2025-12-22T19:18:44.879Z</time>
      </trkpt>
      <trkpt lat="38.678264" lon="-0.219604">
        <ele>528.528959</ele>
        <time>2025-12-22T19:19:00.434Z</time>
      </trkpt>
      <trkpt lat="38.678249" lon="-0.219535">
        <ele>529.041695</ele>
        <time>2025-12-22T19:19:04.123Z</time>
      </trkpt>
      <trkpt lat="38.678084" lon="-0.219322">
        <ele>530.829371</ele>
        <time>2025-12-22T19:19:18.961Z</time>
      </trkpt>
      <trkpt lat="38.678010" lon="-0.219268">
        <ele>531.320020</ele>
        <time>2025-12-22T19:19:24.019Z</time>
      </trkpt>
      <trkpt lat="38.677796" lon="-0.219199">
        <ele>532.591358</ele>
        <time>2025-12-22T19:19:36.314Z</time>
      </trkpt>
      <trkpt lat="38.677329" lon="-0.219118">
        <ele>535.306356</ele>
        <time>2025-12-22T19:19:59.152Z</time>
      </trkpt>
      <trkpt lat="38.677170" lon="-0.219049">
        <ele>536.273515</ele>
        <time>2025-12-22T19:20:06.523Z</time>
      </trkpt>
      <trkpt lat="38.676860" lon="-0.218806">
        <ele>538.367335</ele>
        <time>2025-12-22T19:20:21.957Z</time>
      </trkpt>
      <trkpt lat="38.676563" lon="-0.218367">
        <ele>541.189216</ele>
        <time>2025-12-22T19:20:42.723Z</time>
      </trkpt>
      <trkpt lat="38.676483" lon="-0.218303">
        <ele>542.018533</ele>
        <time>2025-12-22T19:20:47.493Z</time>
      </trkpt>
      <trkpt lat="38.676431" lon="-0.218295">
        <ele>542.479030</ele>
        <time>2025-12-22T19:20:50.106Z</time>
      </trkpt>
      <trkpt lat="38.676312" lon="-0.218398">
        <ele>543.741819</ele>
        <time>2025-12-22T19:20:57.682Z</time>
      </trkpt>
      <trkpt lat="38.676200" lon="-0.218563">
        <ele>545.242664</ele>
        <time>2025-12-22T19:21:07.350Z</time>
      </trkpt>
      <trkpt lat="38.675937" lon="-0.218802">
        <ele>548.077936</ele>
        <time>2025-12-22T19:21:27.927Z</time>
      </trkpt>
      <trkpt lat="38.675734" lon="-0.219163">
        <ele>551.131835</ele>
        <time>2025-12-22T19:21:53.294Z</time>
      </trkpt>
      <trkpt lat="38.675614" lon="-0.219491">
        <ele>553.618284</ele>
        <time>2025-12-22T19:22:15.545Z</time>
      </trkpt>
      <trkpt lat="38.675533" lon="-0.219567">
        <ele>554.501108</ele>
        <time>2025-12-22T19:22:23.670Z</time>
      </trkpt>
      <trkpt lat="38.675219" lon="-0.219715">
        <ele>557.445919</ele>
        <time>2025-12-22T19:22:50.950Z</time>
      </trkpt>
      <trkpt lat="38.675081" lon="-0.219715">
        <ele>558.662740</ele>
        <time>2025-12-22T19:23:02.158Z</time>
      </trkpt>
      <trkpt lat="38.674952" lon="-0.219535">
        <ele>560.344759</ele>
        <time>2025-12-22T19:23:17.239Z</time>
      </trkpt>
      <trkpt lat="38.674467" lon="-0.218511">
        <ele>568.589677</ele>
        <time>2025-12-22T19:24:20.997Z</time>
      </trkpt>
      <trkpt lat="38.674414" lon="-0.218451">
        <ele>569.213373</ele>
        <time>2025-12-22T19:24:25.190Z</time>
      </trkpt>
      <trkpt lat="38.674312" lon="-0.218407">
        <ele>570.162396</ele>
        <time>2025-12-22T19:24:31.179Z</time>
      </trkpt>
      <trkpt lat="38.673995" lon="-0.218413">
        <ele>572.264225</ele>
        <time>2025-12-22T19:24:48.207Z</time>
      </trkpt>
      <trkpt lat="38.673900" lon="-0.218331">
        <ele>572.275061</ele>
        <time>2025-12-22T19:24:53.550Z</time>
      </trkpt>
      <trkpt lat="38.673783" lon="-0.218075">
        <ele>572.296967</ele>
        <time>2025-12-22T19:25:03.487Z</time>
      </trkpt>
      <trkpt lat="38.673730" lon="-0.218015">
        <ele>572.303658</ele>
        <time>2025-12-22T19:25:05.878Z</time>
      </trkpt>
      <trkpt lat="38.673699" lon="-0.218002">
        <ele>572.306744</ele>
        <time>2025-12-22T19:25:06.976Z</time>
      </trkpt>
      <trkpt lat="38.673638" lon="-0.218030">
        <ele>572.312873</ele>
        <time>2025-12-22T19:25:09.290Z</time>
      </trkpt>
      <trkpt lat="38.673484" lon="-0.217882">
        <ele>572.331084</ele>
        <time>2025-12-22T19:25:13.966Z</time>
      </trkpt>
      <trkpt lat="38.673410" lon="-0.217775">
        <ele>572.341640</ele>
        <time>2025-12-22T19:25:16.334Z</time>
      </trkpt>
      <trkpt lat="38.673380" lon="-0.217465">
        <ele>572.364709</ele>
        <time>2025-12-22T19:25:20.851Z</time>
      </trkpt>
      <trkpt lat="38.673402" lon="-0.217270">
        <ele>572.379259</ele>
        <time>2025-12-22T19:25:23.600Z</time>
      </trkpt>
      <trkpt lat="38.673508" lon="-0.217109">
        <ele>572.394812</ele>
        <time>2025-12-22T19:25:26.428Z</time>
      </trkpt>
      <trkpt lat="38.673611" lon="-0.217013">
        <ele>572.406861</ele>
        <time>2025-12-22T19:25:28.574Z</time>
      </trkpt>
      <trkpt lat="38.674014" lon="-0.216734">
        <ele>571.329749</ele>
        <time>2025-12-22T19:25:36.050Z</time>
      </trkpt>
      <trkpt lat="38.674147" lon="-0.216621">
        <ele>570.620596</ele>
        <time>2025-12-22T19:25:38.502Z</time>
      </trkpt>
      <trkpt lat="38.674563" lon="-0.216100">
        <ele>568.035420</ele>
        <time>2025-12-22T19:25:47.535Z</time>
      </trkpt>
      <trkpt lat="38.674627" lon="-0.215926">
        <ele>567.368188</ele>
        <time>2025-12-22T19:25:49.911Z</time>
      </trkpt>
      <trkpt lat="38.674676" lon="-0.215524">
        <ele>565.956777</ele>
        <time>2025-12-22T19:25:55.064Z</time>
      </trkpt>
      <trkpt lat="38.674752" lon="-0.215413">
        <ele>565.444621</ele>
        <time>2025-12-22T19:25:56.972Z</time>
      </trkpt>
      <trkpt lat="38.674846" lon="-0.215372">
        <ele>565.003396</ele>
        <time>2025-12-22T19:25:58.628Z</time>
      </trkpt>
      <trkpt lat="38.675102" lon="-0.215361">
        <ele>564.429601</ele>
        <time>2025-12-22T19:26:03.032Z</time>
      </trkpt>
      <trkpt lat="38.675478" lon="-0.215003">
        <ele>564.410416</ele>
        <time>2025-12-22T19:26:11.430Z</time>
      </trkpt>
      <trkpt lat="38.675634" lon="-0.214955">
        <ele>564.403846</ele>
        <time>2025-12-22T19:26:14.639Z</time>
      </trkpt>
      <trkpt lat="38.676021" lon="-0.214941">
        <ele>564.387992</ele>
        <time>2025-12-22T19:26:23.632Z</time>
      </trkpt>
      <trkpt lat="38.676148" lon="-0.214880">
        <ele>564.382438</ele>
        <time>2025-12-22T19:26:27.527Z</time>
      </trkpt>
      <trkpt lat="38.676257" lon="-0.214762">
        <ele>564.376594</ele>
        <time>2025-12-22T19:26:32.463Z</time>
      </trkpt>
      <trkpt lat="38.676546" lon="-0.214298">
        <ele>564.458911</ele>
        <time>2025-12-22T19:26:51.306Z</time>
      </trkpt>
      <trkpt lat="38.676596" lon="-0.214143">
        <ele>564.605319</ele>
        <time>2025-12-22T19:26:56.531Z</time>
      </trkpt>
      <trkpt lat="38.676595" lon="-0.214045">
        <ele>564.690878</ele>
        <time>2025-12-22T19:26:59.413Z</time>
      </trkpt>
      <trkpt lat="38.676553" lon="-0.213892">
        <ele>564.832460</ele>
        <time>2025-12-22T19:27:03.697Z</time>
      </trkpt>
      <trkpt lat="38.676335" lon="-0.213528">
        <ele>565.232957</ele>
        <time>2025-12-22T19:27:15.049Z</time>
      </trkpt>
      <trkpt lat="38.676072" lon="-0.213097">
        <ele>565.710510</ele>
        <time>2025-12-22T19:27:26.484Z</time>
      </trkpt>
      <trkpt lat="38.675992" lon="-0.212860">
        <ele>565.935919</ele>
        <time>2025-12-22T19:27:31.429Z</time>
      </trkpt>
      <trkpt lat="38.675986" lon="-0.212764">
        <ele>566.019993</ele>
        <time>2025-12-22T19:27:33.127Z</time>
      </trkpt>
      <trkpt lat="38.676020" lon="-0.212577">
        <ele>566.187610</ele>
        <time>2025-12-22T19:27:36.658Z</time>
      </trkpt>
      <trkpt lat="38.676183" lon="-0.212125">
        <ele>565.552036</ele>
        <time>2025-12-22T19:27:44.132Z</time>
      </trkpt>
      <trkpt lat="38.676227" lon="-0.211921">
        <ele>564.945201</ele>
        <time>2025-12-22T19:27:47.185Z</time>
      </trkpt>
      <trkpt lat="38.676130" lon="-0.211384">
        <ele>563.364799</ele>
        <time>2025-12-22T19:27:55.238Z</time>
      </trkpt>
      <trkpt lat="38.675983" lon="-0.210680">
        <ele>561.275283</ele>
        <time>2025-12-22T19:28:04.474Z</time>
      </trkpt>
      <trkpt lat="38.675891" lon="-0.210181">
        <ele>559.805153</ele>
        <time>2025-12-22T19:28:10.533Z</time>
      </trkpt>
      <trkpt lat="38.675879" lon="-0.210124">
        <ele>559.603803</ele>
        <time>2025-12-22T19:28:11.230Z</time>
      </trkpt>
      <trkpt lat="38.675897" lon="-0.210028">
        <ele>559.251211</ele>
        <time>2025-12-22T19:28:12.807Z</time>
      </trkpt>
      <trkpt lat="38.675881" lon="-0.209866">
        <ele>558.668054</ele>
        <time>2025-12-22T19:28:15.407Z</time>
      </trkpt>
      <trkpt lat="38.675938" lon="-0.209776">
        <ele>558.254175</ele>
        <time>2025-12-22T19:28:17.270Z</time>
      </trkpt>
      <trkpt lat="38.675953" lon="-0.209610">
        <ele>557.657386</ele>
        <time>2025-12-22T19:28:19.920Z</time>
      </trkpt>
      <trkpt lat="38.676009" lon="-0.209567">
        <ele>557.358712</ele>
        <time>2025-12-22T19:28:21.237Z</time>
      </trkpt>
      <trkpt lat="38.676086" lon="-0.209367">
        <ele>556.562328</ele>
        <time>2025-12-22T19:28:24.758Z</time>
      </trkpt>
      <trkpt lat="38.676094" lon="-0.209348">
        <ele>556.485234</ele>
        <time>2025-12-22T19:28:25.108Z</time>
      </trkpt>
      <trkpt lat="38.675988" lon="-0.209269">
        <ele>555.924234</ele>
        <time>2025-12-22T19:28:27.632Z</time>
      </trkpt>
      <trkpt lat="38.675944" lon="-0.209269">
        <ele>555.722956</ele>
        <time>2025-12-22T19:28:28.564Z</time>
      </trkpt>
      <trkpt lat="38.675186" lon="-0.208769">
        <ele>551.822721</ele>
        <time>2025-12-22T19:28:47.549Z</time>
      </trkpt>
      <trkpt lat="38.674976" lon="-0.208623">
        <ele>552.438714</ele>
        <time>2025-12-22T19:28:57.110Z</time>
      </trkpt>
      <trkpt lat="38.674883" lon="-0.208493">
        <ele>553.139352</ele>
        <time>2025-12-22T19:29:03.753Z</time>
      </trkpt>
      <trkpt lat="38.674887" lon="-0.208380">
        <ele>553.588827</ele>
        <time>2025-12-22T19:29:08.322Z</time>
      </trkpt>
      <trkpt lat="38.674998" lon="-0.208050">
        <ele>555.016633</ele>
        <time>2025-12-22T19:29:25.259Z</time>
      </trkpt>
      <trkpt lat="38.674983" lon="-0.207863">
        <ele>555.763602</ele>
        <time>2025-12-22T19:29:34.795Z</time>
      </trkpt>
      <trkpt lat="38.674914" lon="-0.207648">
        <ele>556.687286</ele>
        <time>2025-12-22T19:29:47.465Z</time>
      </trkpt>
      <trkpt lat="38.674650" lon="-0.207229">
        <ele>558.826793</ele>
        <time>2025-12-22T19:30:16.402Z</time>
      </trkpt>
      <trkpt lat="38.674565" lon="-0.207153">
        <ele>559.354396</ele>
        <time>2025-12-22T19:30:23.005Z</time>
      </trkpt>
      <trkpt lat="38.674378" lon="-0.207128">
        <ele>560.311345</ele>
        <time>2025-12-22T19:30:34.481Z</time>
      </trkpt>
      <trkpt lat="38.674375" lon="-0.207180">
        <ele>560.518536</ele>
        <time>2025-12-22T19:30:36.464Z</time>
      </trkpt>
      <trkpt lat="38.674344" lon="-0.207251">
        <ele>560.745258</ele>
        <time>2025-12-22T19:30:40.009Z</time>
      </trkpt>
      <trkpt lat="38.674289" lon="-0.207292">
        <ele>560.858665</ele>
        <time>2025-12-22T19:30:43.337Z</time>
      </trkpt>
      <trkpt lat="38.674196" lon="-0.207273">
        <ele>561.026495</ele>
        <time>2025-12-22T19:30:48.489Z</time>
      </trkpt>
      <trkpt lat="38.674145" lon="-0.207182">
        <ele>561.182348</ele>
        <time>2025-12-22T19:30:52.986Z</time>
      </trkpt>
      <trkpt lat="38.674153" lon="-0.207079">
        <ele>561.326360</ele>
        <time>2025-12-22T19:30:57.462Z</time>
      </trkpt>
      <trkpt lat="38.674211" lon="-0.207006">
        <ele>561.471271</ele>
        <time>2025-12-22T19:31:01.324Z</time>
      </trkpt>
      <trkpt lat="38.674225" lon="-0.206999">
        <ele>561.498054</ele>
        <time>2025-12-22T19:31:01.992Z</time>
      </trkpt>
      <trkpt lat="38.674325" lon="-0.206750">
        <ele>561.887638</ele>
        <time>2025-12-22T19:31:11.480Z</time>
      </trkpt>
      <trkpt lat="38.674402" lon="-0.206324">
        <ele>562.496010</ele>
        <time>2025-12-22T19:31:21.472Z</time>
      </trkpt>
      <trkpt lat="38.674366" lon="-0.206148">
        <ele>562.749144</ele>
        <time>2025-12-22T19:31:24.628Z</time>
      </trkpt>
      <trkpt lat="38.674223" lon="-0.205797">
        <ele>563.299986</ele>
        <time>2025-12-22T19:31:30.900Z</time>
      </trkpt>
      <trkpt lat="38.674222" lon="-0.205577">
        <ele>563.606079</ele>
        <time>2025-12-22T19:31:34.115Z</time>
      </trkpt>
      <trkpt lat="38.674288" lon="-0.205387">
        <ele>563.895412</ele>
        <time>2025-12-22T19:31:37.031Z</time>
      </trkpt>
      <trkpt lat="38.674408" lon="-0.205290">
        <ele>563.721387</ele>
        <time>2025-12-22T19:31:39.505Z</time>
      </trkpt>
      <trkpt lat="38.674540" lon="-0.205286">
        <ele>563.554366</ele>
        <time>2025-12-22T19:31:41.808Z</time>
      </trkpt>
      <trkpt lat="38.674911" lon="-0.205601">
        <ele>562.991325</ele>
        <time>2025-12-22T19:31:49.587Z</time>
      </trkpt>
      <trkpt lat="38.674982" lon="-0.205642">
        <ele>562.892807</ele>
        <time>2025-12-22T19:31:50.942Z</time>
      </trkpt>
      <trkpt lat="38.675095" lon="-0.205662">
        <ele>562.748509</ele>
        <time>2025-12-22T19:31:52.954Z</time>
      </trkpt>
      <trkpt lat="38.675213" lon="-0.205634">
        <ele>562.596704</ele>
        <time>2025-12-22T19:31:55.127Z</time>
      </trkpt>
      <trkpt lat="38.675428" lon="-0.205477">
        <ele>562.283646</ele>
        <time>2025-12-22T19:31:59.940Z</time>
      </trkpt>
      <trkpt lat="38.675517" lon="-0.205446">
        <ele>562.166976</ele>
        <time>2025-12-22T19:32:01.899Z</time>
      </trkpt>
      <trkpt lat="38.675609" lon="-0.205453">
        <ele>562.050395</ele>
        <time>2025-12-22T19:32:04.188Z</time>
      </trkpt>
      <trkpt lat="38.675807" lon="-0.205530">
        <ele>561.788644</ele>
        <time>2025-12-22T19:32:09.762Z</time>
      </trkpt>
      <trkpt lat="38.675879" lon="-0.205531">
        <ele>561.697561</ele>
        <time>2025-12-22T19:32:11.677Z</time>
      </trkpt>
      <trkpt lat="38.675958" lon="-0.205495">
        <ele>561.636907</ele>
        <time>2025-12-22T19:32:14.074Z</time>
      </trkpt>
      <trkpt lat="38.676018" lon="-0.205414">
        <ele>561.683594</ele>
        <time>2025-12-22T19:32:16.498Z</time>
      </trkpt>
      <trkpt lat="38.676059" lon="-0.205304">
        <ele>561.734561</ele>
        <time>2025-12-22T19:32:19.296Z</time>
      </trkpt>
      <trkpt lat="38.676097" lon="-0.204713">
        <ele>561.982510</ele>
        <time>2025-12-22T19:32:32.022Z</time>
      </trkpt>
      <trkpt lat="38.676139" lon="-0.204556">
        <ele>562.051903</ele>
        <time>2025-12-22T19:32:35.849Z</time>
      </trkpt>
      <trkpt lat="38.676281" lon="-0.204220">
        <ele>562.211657</ele>
        <time>2025-12-22T19:32:44.565Z</time>
      </trkpt>
      <trkpt lat="38.676369" lon="-0.204024">
        <ele>562.306196</ele>
        <time>2025-12-22T19:32:49.596Z</time>
      </trkpt>
      <trkpt lat="38.676566" lon="-0.203591">
        <ele>562.515745</ele>
        <time>2025-12-22T19:32:59.213Z</time>
      </trkpt>
      <trkpt lat="38.676690" lon="-0.203279">
        <ele>562.307336</ele>
        <time>2025-12-22T19:33:04.573Z</time>
      </trkpt>
      <trkpt lat="38.676699" lon="-0.203158">
        <ele>562.119040</ele>
        <time>2025-12-22T19:33:06.291Z</time>
      </trkpt>
      <trkpt lat="38.676681" lon="-0.203053">
        <ele>561.952504</ele>
        <time>2025-12-22T19:33:07.755Z</time>
      </trkpt>
      <trkpt lat="38.676077" lon="-0.201752">
        <ele>559.607607</ele>
        <time>2025-12-22T19:33:29.251Z</time>
      </trkpt>
      <trkpt lat="38.676030" lon="-0.201583">
        <ele>559.329684</ele>
        <time>2025-12-22T19:33:31.810Z</time>
      </trkpt>
      <trkpt lat="38.675920" lon="-0.200848">
        <ele>557.018674</ele>
        <time>2025-12-22T19:33:41.974Z</time>
      </trkpt>
      <trkpt lat="38.675911" lon="-0.200602">
        <ele>556.118601</ele>
        <time>2025-12-22T19:33:45.191Z</time>
      </trkpt>
      <trkpt lat="38.675918" lon="-0.200478">
        <ele>555.664220</ele>
        <time>2025-12-22T19:33:46.818Z</time>
      </trkpt>
      <trkpt lat="38.676083" lon="-0.199311">
        <ele>551.329666</ele>
        <time>2025-12-22T19:34:00.961Z</time>
      </trkpt>
      <trkpt lat="38.676080" lon="-0.199141">
        <ele>550.708189</ele>
        <time>2025-12-22T19:34:02.940Z</time>
      </trkpt>
      <trkpt lat="38.676043" lon="-0.199034">
        <ele>550.748297</ele>
        <time>2025-12-22T19:34:04.361Z</time>
      </trkpt>
      <trkpt lat="38.675974" lon="-0.198942">
        <ele>550.970661</ele>
        <time>2025-12-22T19:34:05.910Z</time>
      </trkpt>
      <trkpt lat="38.675709" lon="-0.198763">
        <ele>551.639532</ele>
        <time>2025-12-22T19:34:10.815Z</time>
      </trkpt>
      <trkpt lat="38.675533" lon="-0.198681">
        <ele>552.057662</ele>
        <time>2025-12-22T19:34:14.370Z</time>
      </trkpt>
      <trkpt lat="38.675449" lon="-0.198642">
        <ele>552.257143</ele>
        <time>2025-12-22T19:34:16.285Z</time>
      </trkpt>
      <trkpt lat="38.675393" lon="-0.198718">
        <ele>552.439296</ele>
        <time>2025-12-22T19:34:18.925Z</time>
      </trkpt>
      <trkpt lat="38.675115" lon="-0.199200">
        <ele>553.483834</ele>
        <time>2025-12-22T19:34:39.118Z</time>
      </trkpt>
      <trkpt lat="38.675044" lon="-0.199337">
        <ele>553.770452</ele>
        <time>2025-12-22T19:34:45.958Z</time>
      </trkpt>
      <trkpt lat="38.674957" lon="-0.199586">
        <ele>554.245947</ele>
        <time>2025-12-22T19:34:58.977Z</time>
      </trkpt>
      <trkpt lat="38.674997" lon="-0.199841">
        <ele>554.999356</ele>
        <time>2025-12-22T19:35:14.164Z</time>
      </trkpt>
      <trkpt lat="38.675145" lon="-0.200352">
        <ele>559.250159</ele>
        <time>2025-12-22T19:35:50.300Z</time>
      </trkpt>
      <trkpt lat="38.674955" lon="-0.201088">
        <ele>565.296047</ele>
        <time>2025-12-22T19:36:39.124Z</time>
      </trkpt>
      <trkpt lat="38.674484" lon="-0.201963">
        <ele>573.324039</ele>
        <time>2025-12-22T19:37:34.863Z</time>
      </trkpt>
      <trkpt lat="38.674272" lon="-0.202634">
        <ele>577.500658</ele>
        <time>2025-12-22T19:38:08.615Z</time>
      </trkpt>
      <trkpt lat="38.674191" lon="-0.202823">
        <ele>578.744677</ele>
        <time>2025-12-22T19:38:18.268Z</time>
      </trkpt>
      <trkpt lat="38.674078" lon="-0.202970">
        <ele>579.934994</ele>
        <time>2025-12-22T19:38:27.571Z</time>
      </trkpt>
      <trkpt lat="38.673593" lon="-0.203438">
        <ele>584.422746</ele>
        <time>2025-12-22T19:39:03.157Z</time>
      </trkpt>
      <trkpt lat="38.673415" lon="-0.203689">
        <ele>586.264621</ele>
        <time>2025-12-22T19:39:17.915Z</time>
      </trkpt>
      <trkpt lat="38.673386" lon="-0.203738">
        <ele>586.538838</ele>
        <time>2025-12-22T19:39:20.588Z</time>
      </trkpt>
      <trkpt lat="38.673238" lon="-0.204167">
        <ele>588.630507</ele>
        <time>2025-12-22T19:39:40.292Z</time>
      </trkpt>
      <trkpt lat="38.673223" lon="-0.204285">
        <ele>589.163681</ele>
        <time>2025-12-22T19:39:45.243Z</time>
      </trkpt>
      <trkpt lat="38.673212" lon="-0.204365">
        <ele>589.525948</ele>
        <time>2025-12-22T19:39:48.611Z</time>
      </trkpt>
      <trkpt lat="38.673190" lon="-0.204411">
        <ele>589.766525</ele>
        <time>2025-12-22T19:39:50.860Z</time>
      </trkpt>
      <trkpt lat="38.673076" lon="-0.204475">
        <ele>590.477527</ele>
        <time>2025-12-22T19:39:57.434Z</time>
      </trkpt>
      <trkpt lat="38.673038" lon="-0.204471">
        <ele>590.695325</ele>
        <time>2025-12-22T19:39:59.437Z</time>
      </trkpt>
      <trkpt lat="38.672917" lon="-0.204489">
        <ele>591.391155</ele>
        <time>2025-12-22T19:40:05.861Z</time>
      </trkpt>
      <trkpt lat="38.672615" lon="-0.204597">
        <ele>593.182236</ele>
        <time>2025-12-22T19:40:22.427Z</time>
      </trkpt>
      <trkpt lat="38.671948" lon="-0.205033">
        <ele>597.281610</ele>
        <time>2025-12-22T19:40:55.578Z</time>
      </trkpt>
      <trkpt lat="38.671746" lon="-0.205096">
        <ele>598.307798</ele>
        <time>2025-12-22T19:41:04.333Z</time>
      </trkpt>
      <trkpt lat="38.671611" lon="-0.205107">
        <ele>598.975494</ele>
        <time>2025-12-22T19:41:09.921Z</time>
      </trkpt>
      <trkpt lat="38.671377" lon="-0.205111">
        <ele>600.130602</ele>
        <time>2025-12-22T19:41:19.608Z</time>
      </trkpt>
      <trkpt lat="38.671177" lon="-0.205066">
        <ele>601.132902</ele>
        <time>2025-12-22T19:41:28.316Z</time>
      </trkpt>
      <trkpt lat="38.670955" lon="-0.204980">
        <ele>602.277699</ele>
        <time>2025-12-22T19:41:39.070Z</time>
      </trkpt>
      <trkpt lat="38.670198" lon="-0.204499">
        <ele>606.538119</ele>
        <time>2025-12-22T19:42:23.915Z</time>
      </trkpt>
      <trkpt lat="38.669767" lon="-0.204353">
        <ele>608.876995</ele>
        <time>2025-12-22T19:42:48.994Z</time>
      </trkpt>
      <trkpt lat="38.669458" lon="-0.204208">
        <ele>610.603460</ele>
        <time>2025-12-22T19:43:05.624Z</time>
      </trkpt>
      <trkpt lat="38.669298" lon="-0.204054">
        <ele>611.653457</ele>
        <time>2025-12-22T19:43:14.982Z</time>
      </trkpt>
      <trkpt lat="38.669143" lon="-0.203853">
        <ele>612.810646</ele>
        <time>2025-12-22T19:43:24.829Z</time>
      </trkpt>
      <trkpt lat="38.669056" lon="-0.203668">
        <ele>613.695264</ele>
        <time>2025-12-22T19:43:32.005Z</time>
      </trkpt>
      <trkpt lat="38.668830" lon="-0.203021">
        <ele>616.071849</ele>
        <time>2025-12-22T19:43:52.931Z</time>
      </trkpt>
      <trkpt lat="38.668732" lon="-0.202822">
        <ele>616.797904</ele>
        <time>2025-12-22T19:43:59.386Z</time>
      </trkpt>
      <trkpt lat="38.668615" lon="-0.202676">
        <ele>617.443538</ele>
        <time>2025-12-22T19:44:05.213Z</time>
      </trkpt>
      <trkpt lat="38.668498" lon="-0.202592">
        <ele>617.973672</ele>
        <time>2025-12-22T19:44:10.069Z</time>
      </trkpt>
      <trkpt lat="38.667820" lon="-0.202314">
        <ele>620.787406</ele>
        <time>2025-12-22T19:44:39.153Z</time>
      </trkpt>
      <trkpt lat="38.667231" lon="-0.201821">
        <ele>625.285752</ele>
        <time>2025-12-22T19:45:16.636Z</time>
      </trkpt>
      <trkpt lat="38.667109" lon="-0.201762">
        <ele>626.244492</ele>
        <time>2025-12-22T19:45:24.733Z</time>
      </trkpt>
      <trkpt lat="38.666876" lon="-0.201702">
        <ele>627.991760</ele>
        <time>2025-12-22T19:45:39.994Z</time>
      </trkpt>
      <trkpt lat="38.666239" lon="-0.202000">
        <ele>632.977543</ele>
        <time>2025-12-22T19:46:29.201Z</time>
      </trkpt>
      <trkpt lat="38.666085" lon="-0.202051">
        <ele>634.146969</ele>
        <time>2025-12-22T19:46:39.664Z</time>
      </trkpt>
      <trkpt lat="38.665923" lon="-0.202048">
        <ele>635.414194</ele>
        <time>2025-12-22T19:46:49.835Z</time>
      </trkpt>
      <trkpt lat="38.665795" lon="-0.201935">
        <ele>636.717335</ele>
        <time>2025-12-22T19:46:59.895Z</time>
      </trkpt>
      <trkpt lat="38.665697" lon="-0.201793">
        <ele>637.957724</ele>
        <time>2025-12-22T19:47:09.886Z</time>
      </trkpt>
      <trkpt lat="38.665615" lon="-0.201549">
        <ele>639.696337</ele>
        <time>2025-12-22T19:47:24.021Z</time>
      </trkpt>
      <trkpt lat="38.665439" lon="-0.200807">
        <ele>644.771853</ele>
        <time>2025-12-22T19:48:06.248Z</time>
      </trkpt>
      <trkpt lat="38.665138" lon="-0.200805">
        <ele>647.294970</ele>
        <time>2025-12-22T19:48:25.320Z</time>
      </trkpt>
      <trkpt lat="38.664632" lon="-0.200949">
        <ele>651.710396</ele>
        <time>2025-12-22T19:49:01.508Z</time>
      </trkpt>
      <trkpt lat="38.664502" lon="-0.200955">
        <ele>652.844299</ele>
        <time>2025-12-22T19:49:11.664Z</time>
      </trkpt>
      <trkpt lat="38.664320" lon="-0.200908">
        <ele>654.462663</ele>
        <time>2025-12-22T19:49:26.945Z</time>
      </trkpt>
      <trkpt lat="38.663726" lon="-0.200608">
        <ele>660.028430</ele>
        <time>2025-12-22T19:50:14.790Z</time>
      </trkpt>
      <trkpt lat="38.663485" lon="-0.200436">
        <ele>662.433317</ele>
        <time>2025-12-22T19:50:31.486Z</time>
      </trkpt>
      <trkpt lat="38.663346" lon="-0.200305">
        <ele>663.937643</ele>
        <time>2025-12-22T19:50:41.010Z</time>
      </trkpt>
      <trkpt lat="38.663255" lon="-0.200167">
        <ele>665.167035</ele>
        <time>2025-12-22T19:50:48.261Z</time>
      </trkpt>
      <trkpt lat="38.662959" lon="-0.199515">
        <ele>667.486483</ele>
        <time>2025-12-22T19:51:13.781Z</time>
      </trkpt>
      <trkpt lat="38.662834" lon="-0.199360">
        <ele>668.104713</ele>
        <time>2025-12-22T19:51:20.088Z</time>
      </trkpt>
      <trkpt lat="38.662719" lon="-0.199268">
        <ele>668.586505</ele>
        <time>2025-12-22T19:51:24.727Z</time>
      </trkpt>
      <trkpt lat="38.662608" lon="-0.199219">
        <ele>669.003684</ele>
        <time>2025-12-22T19:51:28.646Z</time>
      </trkpt>
      <trkpt lat="38.662408" lon="-0.199195">
        <ele>669.717440</ele>
        <time>2025-12-22T19:51:35.219Z</time>
      </trkpt>
      <trkpt lat="38.661646" lon="-0.199271">
        <ele>672.311715</ele>
        <time>2025-12-22T19:52:03.461Z</time>
      </trkpt>
      <trkpt lat="38.661190" lon="-0.199209">
        <ele>673.538841</ele>
        <time>2025-12-22T19:52:22.077Z</time>
      </trkpt>
      <trkpt lat="38.660852" lon="-0.199044">
        <ele>674.506823</ele>
        <time>2025-12-22T19:52:36.526Z</time>
      </trkpt>
      <trkpt lat="38.660542" lon="-0.198795">
        <ele>675.486060</ele>
        <time>2025-12-22T19:52:50.115Z</time>
      </trkpt>
      <trkpt lat="38.660315" lon="-0.198571">
        <ele>676.252934</ele>
        <time>2025-12-22T19:52:59.542Z</time>
      </trkpt>
      <trkpt lat="38.660164" lon="-0.198348">
        <ele>676.755850</ele>
        <time>2025-12-22T19:53:06.271Z</time>
      </trkpt>
      <trkpt lat="38.659998" lon="-0.198022">
        <ele>676.766338</ele>
        <time>2025-12-22T19:53:13.924Z</time>
      </trkpt>
      <trkpt lat="38.659635" lon="-0.196894">
        <ele>676.799217</ele>
        <time>2025-12-22T19:53:33.821Z</time>
      </trkpt>
      <trkpt lat="38.659568" lon="-0.196686">
        <ele>676.805281</ele>
        <time>2025-12-22T19:53:37.357Z</time>
      </trkpt>
      <trkpt lat="38.659420" lon="-0.196125">
        <ele>676.839147</ele>
        <time>2025-12-22T19:53:47.016Z</time>
      </trkpt>
      <trkpt lat="38.659382" lon="-0.195380">
        <ele>676.934295</ele>
        <time>2025-12-22T19:54:02.634Z</time>
      </trkpt>
      <trkpt lat="38.659348" lon="-0.195206">
        <ele>676.957155</ele>
        <time>2025-12-22T19:54:07.142Z</time>
      </trkpt>
      <trkpt lat="38.659288" lon="-0.195048">
        <ele>676.979546</ele>
        <time>2025-12-22T19:54:11.617Z</time>
      </trkpt>
      <trkpt lat="38.659221" lon="-0.194946">
        <ele>676.996533</ele>
        <time>2025-12-22T19:54:15.047Z</time>
      </trkpt>
      <trkpt lat="38.659065" lon="-0.194830">
        <ele>677.025974</ele>
        <time>2025-12-22T19:54:20.807Z</time>
      </trkpt>
      <trkpt lat="38.658592" lon="-0.194717">
        <ele>677.104503</ele>
        <time>2025-12-22T19:54:31.706Z</time>
      </trkpt>
      <trkpt lat="38.658436" lon="-0.194652">
        <ele>676.095206</ele>
        <time>2025-12-22T19:54:34.689Z</time>
      </trkpt>
      <trkpt lat="38.658216" lon="-0.194446">
        <ele>673.974833</ele>
        <time>2025-12-22T19:54:39.201Z</time>
      </trkpt>
      <trkpt lat="38.658111" lon="-0.194273">
        <ele>672.643654</ele>
        <time>2025-12-22T19:54:41.844Z</time>
      </trkpt>
      <trkpt lat="38.658041" lon="-0.194056">
        <ele>671.217234</ele>
        <time>2025-12-22T19:54:44.567Z</time>
      </trkpt>
      <trkpt lat="38.658010" lon="-0.193803">
        <ele>669.661351</ele>
        <time>2025-12-22T19:54:47.433Z</time>
      </trkpt>
      <trkpt lat="38.658023" lon="-0.193642">
        <ele>668.677996</ele>
        <time>2025-12-22T19:54:49.217Z</time>
      </trkpt>
      <trkpt lat="38.658137" lon="-0.193058">
        <ele>665.020787</ele>
        <time>2025-12-22T19:54:55.735Z</time>
      </trkpt>
      <trkpt lat="38.658139" lon="-0.192929">
        <ele>664.236907</ele>
        <time>2025-12-22T19:54:57.114Z</time>
      </trkpt>
      <trkpt lat="38.658107" lon="-0.192759">
        <ele>663.174507</ele>
        <time>2025-12-22T19:54:58.988Z</time>
      </trkpt>
      <trkpt lat="38.657945" lon="-0.192368">
        <ele>661.284205</ele>
        <time>2025-12-22T19:55:03.804Z</time>
      </trkpt>
      <trkpt lat="38.657536" lon="-0.191690">
        <ele>657.659535</ele>
        <time>2025-12-22T19:55:13.785Z</time>
      </trkpt>
      <trkpt lat="38.657377" lon="-0.191255">
        <ele>655.627518</ele>
        <time>2025-12-22T19:55:20.318Z</time>
      </trkpt>
      <trkpt lat="38.657314" lon="-0.191014">
        <ele>654.552287</ele>
        <time>2025-12-22T19:55:24.304Z</time>
      </trkpt>
      <trkpt lat="38.656832" lon="-0.187984">
        <ele>656.012790</ele>
        <time>2025-12-22T19:56:35.633Z</time>
      </trkpt>
      <trkpt lat="38.656741" lon="-0.187640">
        <ele>656.348938</ele>
        <time>2025-12-22T19:56:44.115Z</time>
      </trkpt>
      <trkpt lat="38.656632" lon="-0.187419">
        <ele>656.590857</ele>
        <time>2025-12-22T19:56:50.193Z</time>
      </trkpt>
      <trkpt lat="38.656494" lon="-0.187216">
        <ele>656.839953</ele>
        <time>2025-12-22T19:56:55.867Z</time>
      </trkpt>
      <trkpt lat="38.656014" lon="-0.186545">
        <ele>657.674410</ele>
        <time>2025-12-22T19:57:14.157Z</time>
      </trkpt>
      <trkpt lat="38.655940" lon="-0.186408">
        <ele>657.703061</ele>
        <time>2025-12-22T19:57:17.410Z</time>
      </trkpt>
      <trkpt lat="38.655842" lon="-0.186086">
        <ele>657.762500</ele>
        <time>2025-12-22T19:57:24.675Z</time>
      </trkpt>
      <trkpt lat="38.655761" lon="-0.185382">
        <ele>657.884892</ele>
        <time>2025-12-22T19:57:42.097Z</time>
      </trkpt>
      <trkpt lat="38.655715" lon="-0.185194">
        <ele>657.918777</ele>
        <time>2025-12-22T19:57:46.531Z</time>
      </trkpt>
      <trkpt lat="38.655423" lon="-0.184495">
        <ele>658.055122</ele>
        <time>2025-12-22T19:57:59.818Z</time>
      </trkpt>
      <trkpt lat="38.655362" lon="-0.184210">
        <ele>657.200374</ele>
        <time>2025-12-22T19:58:03.975Z</time>
      </trkpt>
      <trkpt lat="38.655355" lon="-0.183997">
        <ele>656.343431</ele>
        <time>2025-12-22T19:58:06.812Z</time>
      </trkpt>
      <trkpt lat="38.655370" lon="-0.183780">
        <ele>655.467756</ele>
        <time>2025-12-22T19:58:09.596Z</time>
      </trkpt>
      <trkpt lat="38.655523" lon="-0.182736">
        <ele>651.197986</ele>
        <time>2025-12-22T19:58:22.278Z</time>
      </trkpt>
      <trkpt lat="38.655514" lon="-0.182301">
        <ele>649.448827</ele>
        <time>2025-12-22T19:58:27.361Z</time>
      </trkpt>
      <trkpt lat="38.655456" lon="-0.182007">
        <ele>647.826443</ele>
        <time>2025-12-22T19:58:30.944Z</time>
      </trkpt>
      <trkpt lat="38.655299" lon="-0.181589">
        <ele>644.666361</ele>
        <time>2025-12-22T19:58:36.486Z</time>
      </trkpt>
      <trkpt lat="38.655225" lon="-0.181466">
        <ele>643.608520</ele>
        <time>2025-12-22T19:58:38.318Z</time>
      </trkpt>
      <trkpt lat="38.654838" lon="-0.180832">
        <ele>638.126111</ele>
        <time>2025-12-22T19:58:47.658Z</time>
      </trkpt>
      <trkpt lat="38.654729" lon="-0.180577">
        <ele>636.145566</ele>
        <time>2025-12-22T19:58:50.903Z</time>
      </trkpt>
      <trkpt lat="38.654544" lon="-0.179884">
        <ele>629.750477</ele>
        <time>2025-12-22T19:58:58.779Z</time>
      </trkpt>
      <trkpt lat="38.654409" lon="-0.179313">
        <ele>622.775439</ele>
        <time>2025-12-22T19:59:05.036Z</time>
      </trkpt>
      <trkpt lat="38.654195" lon="-0.178477">
        <ele>612.489696</ele>
        <time>2025-12-22T19:59:14.192Z</time>
      </trkpt>
      <trkpt lat="38.654149" lon="-0.178388">
        <ele>611.241899</ele>
        <time>2025-12-22T19:59:15.297Z</time>
      </trkpt>
      <trkpt lat="38.653920" lon="-0.178035">
        <ele>605.915943</ele>
        <time>2025-12-22T19:59:20.097Z</time>
      </trkpt>
      <trkpt lat="38.653621" lon="-0.177767">
        <ele>601.136625</ele>
        <time>2025-12-22T19:59:25.009Z</time>
      </trkpt>
      <trkpt lat="38.653461" lon="-0.177669">
        <ele>598.814062</ele>
        <time>2025-12-22T19:59:27.421Z</time>
      </trkpt>
      <trkpt lat="38.652777" lon="-0.177433">
        <ele>589.537575</ele>
        <time>2025-12-22T19:59:37.152Z</time>
      </trkpt>
      <trkpt lat="38.652130" lon="-0.177135">
        <ele>581.126934</ele>
        <time>2025-12-22T19:59:46.705Z</time>
      </trkpt>
      <trkpt lat="38.651948" lon="-0.177008">
        <ele>579.178149</ele>
        <time>2025-12-22T19:59:49.607Z</time>
      </trkpt>
      <trkpt lat="38.651835" lon="-0.176915">
        <ele>577.915179</ele>
        <time>2025-12-22T19:59:51.490Z</time>
      </trkpt>
      <trkpt lat="38.651585" lon="-0.176639">
        <ele>574.811625</ele>
        <time>2025-12-22T19:59:56.145Z</time>
      </trkpt>
      <trkpt lat="38.651449" lon="-0.176430">
        <ele>572.814095</ele>
        <time>2025-12-22T19:59:59.150Z</time>
      </trkpt>
      <trkpt lat="38.651190" lon="-0.175904">
        <ele>568.248231</ele>
        <time>2025-12-22T20:00:06.168Z</time>
      </trkpt>
      <trkpt lat="38.651046" lon="-0.175353">
        <ele>564.780820</ele>
        <time>2025-12-22T20:00:13.050Z</time>
      </trkpt>
      <trkpt lat="38.651031" lon="-0.175292">
        <ele>564.526301</ele>
        <time>2025-12-22T20:00:13.816Z</time>
      </trkpt>
      <trkpt lat="38.650830" lon="-0.174538">
        <ele>561.355506</ele>
        <time>2025-12-22T20:00:23.973Z</time>
      </trkpt>
      <trkpt lat="38.650651" lon="-0.174082">
        <ele>559.324346</ele>
        <time>2025-12-22T20:00:30.616Z</time>
      </trkpt>
      <trkpt lat="38.650324" lon="-0.173523">
        <ele>556.538279</ele>
        <time>2025-12-22T20:00:39.513Z</time>
      </trkpt>
      <trkpt lat="38.649895" lon="-0.172668">
        <ele>550.834703</ele>
        <time>2025-12-22T20:00:51.375Z</time>
      </trkpt>
      <trkpt lat="38.649676" lon="-0.172450">
        <ele>548.841255</ele>
        <time>2025-12-22T20:00:55.460Z</time>
      </trkpt>
      <trkpt lat="38.649384" lon="-0.172371">
        <ele>546.696511</ele>
        <time>2025-12-22T20:00:59.840Z</time>
      </trkpt>
      <trkpt lat="38.649097" lon="-0.172455">
        <ele>544.580832</ele>
        <time>2025-12-22T20:01:04.196Z</time>
      </trkpt>
      <trkpt lat="38.648677" lon="-0.172851">
        <ele>540.447882</ele>
        <time>2025-12-22T20:01:11.871Z</time>
      </trkpt>
      <trkpt lat="38.648437" lon="-0.173045">
        <ele>538.128225</ele>
        <time>2025-12-22T20:01:16.013Z</time>
      </trkpt>
      <trkpt lat="38.648303" lon="-0.173096">
        <ele>536.985703</ele>
        <time>2025-12-22T20:01:18.052Z</time>
      </trkpt>
      <trkpt lat="38.648138" lon="-0.173116">
        <ele>535.631150</ele>
        <time>2025-12-22T20:01:20.471Z</time>
      </trkpt>
      <trkpt lat="38.647612" lon="-0.172978">
        <ele>531.242903</ele>
        <time>2025-12-22T20:01:28.266Z</time>
      </trkpt>
      <trkpt lat="38.647293" lon="-0.172970">
        <ele>528.790020</ele>
        <time>2025-12-22T20:01:32.873Z</time>
      </trkpt>
      <trkpt lat="38.647132" lon="-0.173023">
        <ele>528.133739</ele>
        <time>2025-12-22T20:01:35.301Z</time>
      </trkpt>
      <trkpt lat="38.646560" lon="-0.173458">
        <ele>525.507262</ele>
        <time>2025-12-22T20:01:45.475Z</time>
      </trkpt>
      <trkpt lat="38.646378" lon="-0.173524">
        <ele>524.760484</ele>
        <time>2025-12-22T20:01:48.784Z</time>
      </trkpt>
      <trkpt lat="38.646218" lon="-0.173536">
        <ele>524.127739</ele>
        <time>2025-12-22T20:01:51.874Z</time>
      </trkpt>
      <trkpt lat="38.646079" lon="-0.173514">
        <ele>523.574806</ele>
        <time>2025-12-22T20:01:54.804Z</time>
      </trkpt>
      <trkpt lat="38.645835" lon="-0.173418">
        <ele>522.567068</ele>
        <time>2025-12-22T20:02:01.272Z</time>
      </trkpt>
      <trkpt lat="38.645522" lon="-0.173264">
        <ele>521.075520</ele>
        <time>2025-12-22T20:02:08.808Z</time>
      </trkpt>
      <trkpt lat="38.645319" lon="-0.173219">
        <ele>520.031102</ele>
        <time>2025-12-22T20:02:12.965Z</time>
      </trkpt>
      <trkpt lat="38.645171" lon="-0.173151">
        <ele>519.233971</ele>
        <time>2025-12-22T20:02:15.930Z</time>
      </trkpt>
      <trkpt lat="38.645041" lon="-0.173053">
        <ele>518.469191</ele>
        <time>2025-12-22T20:02:18.634Z</time>
      </trkpt>
      <trkpt lat="38.644908" lon="-0.172875">
        <ele>517.493837</ele>
        <time>2025-12-22T20:02:21.948Z</time>
      </trkpt>
      <trkpt lat="38.644644" lon="-0.172244">
        <ele>514.659545</ele>
        <time>2025-12-22T20:02:30.526Z</time>
      </trkpt>
      <trkpt lat="38.644384" lon="-0.171532">
        <ele>509.823814</ele>
        <time>2025-12-22T20:02:39.177Z</time>
      </trkpt>
      <trkpt lat="38.644358" lon="-0.171329">
        <ele>507.807374</ele>
        <time>2025-12-22T20:02:41.398Z</time>
      </trkpt>
      <trkpt lat="38.644365" lon="-0.171109">
        <ele>505.649084</ele>
        <time>2025-12-22T20:02:43.773Z</time>
      </trkpt>
      <trkpt lat="38.644401" lon="-0.170947">
        <ele>503.998091</ele>
        <time>2025-12-22T20:02:45.595Z</time>
      </trkpt>
      <trkpt lat="38.644656" lon="-0.170318">
        <ele>497.051364</ele>
        <time>2025-12-22T20:02:53.233Z</time>
      </trkpt>
      <trkpt lat="38.644732" lon="-0.169998">
        <ele>493.772833</ele>
        <time>2025-12-22T20:02:56.790Z</time>
      </trkpt>
      <trkpt lat="38.644698" lon="-0.169486">
        <ele>488.242605</ele>
        <time>2025-12-22T20:03:02.212Z</time>
      </trkpt>
      <trkpt lat="38.644480" lon="-0.168109">
        <ele>469.637694</ele>
        <time>2025-12-22T20:03:16.794Z</time>
      </trkpt>
      <trkpt lat="38.644446" lon="-0.167892">
        <ele>466.706948</ele>
        <time>2025-12-22T20:03:19.066Z</time>
      </trkpt>
      <trkpt lat="38.644300" lon="-0.167400">
        <ele>459.737523</ele>
        <time>2025-12-22T20:03:24.475Z</time>
      </trkpt>
      <trkpt lat="38.644116" lon="-0.167073">
        <ele>455.275492</ele>
        <time>2025-12-22T20:03:28.617Z</time>
      </trkpt>
      <trkpt lat="38.644003" lon="-0.166916">
        <ele>452.919756</ele>
        <time>2025-12-22T20:03:30.818Z</time>
      </trkpt>
      <trkpt lat="38.643338" lon="-0.166293">
        <ele>441.278632</ele>
        <time>2025-12-22T20:03:41.973Z</time>
      </trkpt>
      <trkpt lat="38.643294" lon="-0.166137">
        <ele>439.448505</ele>
        <time>2025-12-22T20:03:43.785Z</time>
      </trkpt>
      <trkpt lat="38.643287" lon="-0.165991">
        <ele>437.834484</ele>
        <time>2025-12-22T20:03:45.401Z</time>
      </trkpt>
      <trkpt lat="38.643312" lon="-0.165841">
        <ele>436.142095</ele>
        <time>2025-12-22T20:03:47.102Z</time>
      </trkpt>
      <trkpt lat="38.643365" lon="-0.165731">
        <ele>434.715969</ele>
        <time>2025-12-22T20:03:48.542Z</time>
      </trkpt>
      <trkpt lat="38.643453" lon="-0.165632">
        <ele>433.396259</ele>
        <time>2025-12-22T20:03:50.216Z</time>
      </trkpt>
      <trkpt lat="38.643544" lon="-0.165585">
        <ele>432.405134</ele>
        <time>2025-12-22T20:03:51.625Z</time>
      </trkpt>
      <trkpt lat="38.643674" lon="-0.165577">
        <ele>431.090539</ele>
        <time>2025-12-22T20:03:53.509Z</time>
      </trkpt>
      <trkpt lat="38.643931" lon="-0.165608">
        <ele>428.483187</ele>
        <time>2025-12-22T20:03:57.259Z</time>
      </trkpt>
      <trkpt lat="38.644091" lon="-0.165550">
        <ele>426.803564</ele>
        <time>2025-12-22T20:03:59.686Z</time>
      </trkpt>
      <trkpt lat="38.644193" lon="-0.165433">
        <ele>425.420311</ele>
        <time>2025-12-22T20:04:01.699Z</time>
      </trkpt>
      <trkpt lat="38.644245" lon="-0.165287">
        <ele>424.154417</ele>
        <time>2025-12-22T20:04:03.527Z</time>
      </trkpt>
      <trkpt lat="38.644261" lon="-0.165143">
        <ele>423.006968</ele>
        <time>2025-12-22T20:04:05.155Z</time>
      </trkpt>
      <trkpt lat="38.644235" lon="-0.164988">
        <ele>421.756296</ele>
        <time>2025-12-22T20:04:06.934Z</time>
      </trkpt>
      <trkpt lat="38.644187" lon="-0.164852">
        <ele>420.578937</ele>
        <time>2025-12-22T20:04:08.591Z</time>
      </trkpt>
      <trkpt lat="38.644050" lon="-0.164728">
        <ele>418.884299</ele>
        <time>2025-12-22T20:04:10.947Z</time>
      </trkpt>
      <trkpt lat="38.643105" lon="-0.164330">
        <ele>406.015942</ele>
        <time>2025-12-22T20:04:24.574Z</time>
      </trkpt>
      <trkpt lat="38.643001" lon="-0.164242">
        <ele>404.265911</ele>
        <time>2025-12-22T20:04:26.261Z</time>
      </trkpt>
      <trkpt lat="38.642917" lon="-0.164112">
        <ele>402.415942</ele>
        <time>2025-12-22T20:04:28.052Z</time>
      </trkpt>
      <trkpt lat="38.642751" lon="-0.163642">
        <ele>396.760099</ele>
        <time>2025-12-22T20:04:33.476Z</time>
      </trkpt>
      <trkpt lat="38.642618" lon="-0.163394">
        <ele>393.461539</ele>
        <time>2025-12-22T20:04:36.622Z</time>
      </trkpt>
      <trkpt lat="38.642203" lon="-0.162883">
        <ele>385.610849</ele>
        <time>2025-12-22T20:04:44.329Z</time>
      </trkpt>
      <trkpt lat="38.641860" lon="-0.162473">
        <ele>379.304557</ele>
        <time>2025-12-22T20:04:50.625Z</time>
      </trkpt>
      <trkpt lat="38.641662" lon="-0.162186">
        <ele>375.285112</ele>
        <time>2025-12-22T20:04:54.674Z</time>
      </trkpt>
      <trkpt lat="38.641079" lon="-0.161241">
        <ele>364.069102</ele>
        <time>2025-12-22T20:05:07.873Z</time>
      </trkpt>
      <trkpt lat="38.641016" lon="-0.161114">
        <ele>363.051815</ele>
        <time>2025-12-22T20:05:09.593Z</time>
      </trkpt>
      <trkpt lat="38.640570" lon="-0.160065">
        <ele>354.976009</ele>
        <time>2025-12-22T20:05:23.415Z</time>
      </trkpt>
      <trkpt lat="38.640376" lon="-0.159736">
        <ele>352.188633</ele>
        <time>2025-12-22T20:05:28.173Z</time>
      </trkpt>
      <trkpt lat="38.640207" lon="-0.159534">
        <ele>350.001140</ele>
        <time>2025-12-22T20:05:31.529Z</time>
      </trkpt>
      <trkpt lat="38.639896" lon="-0.159272">
        <ele>346.104722</ele>
        <time>2025-12-22T20:05:36.876Z</time>
      </trkpt>
      <trkpt lat="38.637539" lon="-0.157560">
        <ele>316.644508</ele>
        <time>2025-12-22T20:06:14.717Z</time>
      </trkpt>
      <trkpt lat="38.637395" lon="-0.157427">
        <ele>314.645488</ele>
        <time>2025-12-22T20:06:17.175Z</time>
      </trkpt>
      <trkpt lat="38.637281" lon="-0.157236">
        <ele>312.531653</ele>
        <time>2025-12-22T20:06:19.773Z</time>
      </trkpt>
      <trkpt lat="38.637205" lon="-0.157126">
        <ele>311.451645</ele>
        <time>2025-12-22T20:06:21.974Z</time>
      </trkpt>
      <trkpt lat="38.637181" lon="-0.157091">
        <ele>311.155597</ele>
        <time>2025-12-22T20:06:22.658Z</time>
      </trkpt>
      <trkpt lat="38.637113" lon="-0.156706">
        <ele>308.646500</ele>
        <time>2025-12-22T20:06:28.546Z</time>
      </trkpt>
      <trkpt lat="38.637044" lon="-0.156629">
        <ele>307.901601</ele>
        <time>2025-12-22T20:06:30.319Z</time>
      </trkpt>
      <trkpt lat="38.636993" lon="-0.156623">
        <ele>307.484819</ele>
        <time>2025-12-22T20:06:31.312Z</time>
      </trkpt>
      <trkpt lat="38.636873" lon="-0.156155">
        <ele>304.353714</ele>
        <time>2025-12-22T20:06:41.491Z</time>
      </trkpt>
      <trkpt lat="38.636820" lon="-0.155778">
        <ele>301.918741</ele>
        <time>2025-12-22T20:06:49.663Z</time>
      </trkpt>
      <trkpt lat="38.636855" lon="-0.155570">
        <ele>300.566220</ele>
        <time>2025-12-22T20:06:54.276Z</time>
      </trkpt>
      <trkpt lat="38.636593" lon="-0.155467">
        <ele>298.335821</ele>
        <time>2025-12-22T20:06:58.746Z</time>
      </trkpt>
      <trkpt lat="38.636335" lon="-0.155252">
        <ele>296.514239</ele>
        <time>2025-12-22T20:07:03.923Z</time>
      </trkpt>
      <trkpt lat="38.634791" lon="-0.152971">
        <ele>287.330311</ele>
        <time>2025-12-22T20:07:44.149Z</time>
      </trkpt>
      <trkpt lat="38.634594" lon="-0.152714">
        <ele>286.609489</ele>
        <time>2025-12-22T20:07:49.350Z</time>
      </trkpt>
      <trkpt lat="38.634361" lon="-0.152464">
        <ele>285.830367</ele>
        <time>2025-12-22T20:07:55.238Z</time>
      </trkpt>
      <trkpt lat="38.633918" lon="-0.152096">
        <ele>284.693152</ele>
        <time>2025-12-22T20:08:06.437Z</time>
      </trkpt>
      <trkpt lat="38.633250" lon="-0.151593">
        <ele>285.391019</ele>
        <time>2025-12-22T20:08:25.806Z</time>
      </trkpt>
      <trkpt lat="38.632842" lon="-0.151201">
        <ele>285.850382</ele>
        <time>2025-12-22T20:08:40.898Z</time>
      </trkpt>
      <trkpt lat="38.632433" lon="-0.150721">
        <ele>286.511193</ele>
        <time>2025-12-22T20:08:59.299Z</time>
      </trkpt>
      <trkpt lat="38.631042" lon="-0.148880">
        <ele>290.743385</ele>
        <time>2025-12-22T20:10:12.307Z</time>
      </trkpt>
      <trkpt lat="38.630649" lon="-0.148371">
        <ele>290.877541</ele>
        <time>2025-12-22T20:10:29.134Z</time>
      </trkpt>
      <trkpt lat="38.630461" lon="-0.148191">
        <ele>290.933878</ele>
        <time>2025-12-22T20:10:34.516Z</time>
      </trkpt>
      <trkpt lat="38.630384" lon="-0.148192">
        <ele>290.952356</ele>
        <time>2025-12-22T20:10:36.209Z</time>
      </trkpt>
      <trkpt lat="38.630188" lon="-0.148120">
        <ele>291.001288</ele>
        <time>2025-12-22T20:10:40.475Z</time>
      </trkpt>
      <trkpt lat="38.630175" lon="-0.148039">
        <ele>291.016790</ele>
        <time>2025-12-22T20:10:41.761Z</time>
      </trkpt>
      <trkpt lat="38.630142" lon="-0.147964">
        <ele>291.032926</ele>
        <time>2025-12-22T20:10:43.114Z</time>
      </trkpt>
      <trkpt lat="38.630021" lon="-0.147683">
        <ele>291.093075</ele>
        <time>2025-12-22T20:10:48.019Z</time>
      </trkpt>
      <trkpt lat="38.630048" lon="-0.147644">
        <ele>291.084950</ele>
        <time>2025-12-22T20:10:48.799Z</time>
      </trkpt>
      <trkpt lat="38.630105" lon="-0.147559">
        <ele>290.805414</ele>
        <time>2025-12-22T20:10:50.469Z</time>
      </trkpt>
      <trkpt lat="38.630119" lon="-0.147515">
        <ele>290.686859</ele>
        <time>2025-12-22T20:10:51.183Z</time>
      </trkpt>
      <trkpt lat="38.627413" lon="-0.144535">
        <ele>278.286662</ele>
        <time>2025-12-22T20:11:54.239Z</time>
      </trkpt>
      <trkpt lat="38.626764" lon="-0.143958">
        <ele>274.281526</ele>
        <time>2025-12-22T20:12:07.438Z</time>
      </trkpt>
      <trkpt lat="38.625806" lon="-0.143274">
        <ele>269.101911</ele>
        <time>2025-12-22T20:12:25.227Z</time>
      </trkpt>
      <trkpt lat="38.625502" lon="-0.142901">
        <ele>267.807794</ele>
        <time>2025-12-22T20:12:32.312Z</time>
      </trkpt>
      <trkpt lat="38.625407" lon="-0.142653">
        <ele>267.144657</ele>
        <time>2025-12-22T20:12:36.057Z</time>
      </trkpt>
      <trkpt lat="38.625296" lon="-0.142550">
        <ele>266.723334</ele>
        <time>2025-12-22T20:12:38.489Z</time>
      </trkpt>
      <trkpt lat="38.625201" lon="-0.142536">
        <ele>266.429458</ele>
        <time>2025-12-22T20:12:40.209Z</time>
      </trkpt>
      <trkpt lat="38.625098" lon="-0.142565">
        <ele>266.105359</ele>
        <time>2025-12-22T20:12:42.158Z</time>
      </trkpt>
      <trkpt lat="38.624908" lon="-0.142748">
        <ele>265.374627</ele>
        <time>2025-12-22T20:12:46.614Z</time>
      </trkpt>
      <trkpt lat="38.624750" lon="-0.142768">
        <ele>264.886704</ele>
        <time>2025-12-22T20:12:49.802Z</time>
      </trkpt>
      <trkpt lat="38.623823" lon="-0.142642">
        <ele>265.047009</ele>
        <time>2025-12-22T20:13:13.269Z</time>
      </trkpt>
      <trkpt lat="38.623773" lon="-0.142660">
        <ele>265.113195</ele>
        <time>2025-12-22T20:13:14.820Z</time>
      </trkpt>
      <trkpt lat="38.623532" lon="-0.142642">
        <ele>265.420819</ele>
        <time>2025-12-22T20:13:21.891Z</time>
      </trkpt>
      <trkpt lat="38.623427" lon="-0.142607">
        <ele>265.559081</ele>
        <time>2025-12-22T20:13:25.090Z</time>
      </trkpt>
      <trkpt lat="38.622643" lon="-0.142552">
        <ele>266.744922</ele>
        <time>2025-12-22T20:13:51.297Z</time>
      </trkpt>
      <trkpt lat="38.622054" lon="-0.142445">
        <ele>268.811807</ele>
        <time>2025-12-22T20:14:14.383Z</time>
      </trkpt>
      <trkpt lat="38.621442" lon="-0.142294">
        <ele>270.977239</ele>
        <time>2025-12-22T20:14:40.860Z</time>
      </trkpt>
      <trkpt lat="38.620528" lon="-0.141908">
        <ele>273.350501</ele>
        <time>2025-12-22T20:15:20.658Z</time>
      </trkpt>
      <trkpt lat="38.620015" lon="-0.141607">
        <ele>274.136254</ele>
        <time>2025-12-22T20:15:38.951Z</time>
      </trkpt>
      <trkpt lat="38.619154" lon="-0.141025">
        <ele>274.776356</ele>
        <time>2025-12-22T20:15:59.813Z</time>
      </trkpt>
      <trkpt lat="38.618233" lon="-0.140459">
        <ele>272.643042</ele>
        <time>2025-12-22T20:16:18.278Z</time>
      </trkpt>
      <trkpt lat="38.617562" lon="-0.140105">
        <ele>271.118253</ele>
        <time>2025-12-22T20:16:30.834Z</time>
      </trkpt>
      <trkpt lat="38.616930" lon="-0.139822">
        <ele>269.679702</ele>
        <time>2025-12-22T20:16:42.436Z</time>
      </trkpt>
      <trkpt lat="38.616836" lon="-0.139812">
        <ele>269.477048</ele>
        <time>2025-12-22T20:16:44.127Z</time>
      </trkpt>
      <trkpt lat="38.616728" lon="-0.139742">
        <ele>269.216954</ele>
        <time>2025-12-22T20:16:46.339Z</time>
      </trkpt>
      <trkpt lat="38.616669" lon="-0.139694">
        <ele>269.066751</ele>
        <time>2025-12-22T20:16:47.641Z</time>
      </trkpt>
      <trkpt lat="38.616553" lon="-0.139468">
        <ele>268.612828</ele>
        <time>2025-12-22T20:16:51.543Z</time>
      </trkpt>
      <trkpt lat="38.616506" lon="-0.139450">
        <ele>268.507425</ele>
        <time>2025-12-22T20:16:52.468Z</time>
      </trkpt>
      <trkpt lat="38.616449" lon="-0.139433">
        <ele>268.381680</ele>
        <time>2025-12-22T20:16:53.596Z</time>
      </trkpt>
      <trkpt lat="38.616416" lon="-0.139410">
        <ele>268.300948</ele>
        <time>2025-12-22T20:16:54.322Z</time>
      </trkpt>
      <trkpt lat="38.616370" lon="-0.139396">
        <ele>268.199362</ele>
        <time>2025-12-22T20:16:55.247Z</time>
      </trkpt>
      <trkpt lat="38.616153" lon="-0.139505">
        <ele>267.698519</ele>
        <time>2025-12-22T20:16:59.963Z</time>
      </trkpt>
      <trkpt lat="38.615851" lon="-0.139441">
        <ele>267.525408</ele>
        <time>2025-12-22T20:17:06.342Z</time>
      </trkpt>
      <trkpt lat="38.615748" lon="-0.139378">
        <ele>267.498291</ele>
        <time>2025-12-22T20:17:08.764Z</time>
      </trkpt>
      <trkpt lat="38.615276" lon="-0.139231">
        <ele>267.382902</ele>
        <time>2025-12-22T20:17:20.595Z</time>
      </trkpt>
      <trkpt lat="38.614609" lon="-0.139067">
        <ele>267.221567</ele>
        <time>2025-12-22T20:17:37.511Z</time>
      </trkpt>
      <trkpt lat="38.613625" lon="-0.138872">
        <ele>265.414206</ele>
        <time>2025-12-22T20:17:59.257Z</time>
      </trkpt>
      <trkpt lat="38.609829" lon="-0.138362">
        <ele>255.211595</ele>
        <time>2025-12-22T20:19:08.690Z</time>
      </trkpt>
      <trkpt lat="38.608852" lon="-0.138266">
        <ele>251.732990</ele>
        <time>2025-12-22T20:19:25.525Z</time>
      </trkpt>
      <trkpt lat="38.608657" lon="-0.138210">
        <ele>250.994781</ele>
        <time>2025-12-22T20:19:28.915Z</time>
      </trkpt>
      <trkpt lat="38.608401" lon="-0.138079">
        <ele>249.976365</ele>
        <time>2025-12-22T20:19:33.612Z</time>
      </trkpt>
      <trkpt lat="38.608303" lon="-0.137969">
        <ele>249.494855</ele>
        <time>2025-12-22T20:19:35.840Z</time>
      </trkpt>
      <trkpt lat="38.608286" lon="-0.137822">
        <ele>249.065924</ele>
        <time>2025-12-22T20:19:37.840Z</time>
      </trkpt>
      <trkpt lat="38.608232" lon="-0.137776">
        <ele>248.826306</ele>
        <time>2025-12-22T20:19:38.962Z</time>
      </trkpt>
      <trkpt lat="38.608095" lon="-0.137691">
        <ele>248.263913</ele>
        <time>2025-12-22T20:19:41.613Z</time>
      </trkpt>
      <trkpt lat="38.608049" lon="-0.137687">
        <ele>248.093605</ele>
        <time>2025-12-22T20:19:42.404Z</time>
      </trkpt>
      <trkpt lat="38.607971" lon="-0.137886">
        <ele>247.450989</ele>
        <time>2025-12-22T20:19:45.462Z</time>
      </trkpt>
      <trkpt lat="38.607893" lon="-0.137986">
        <ele>247.043154</ele>
        <time>2025-12-22T20:19:47.410Z</time>
      </trkpt>
      <trkpt lat="38.607845" lon="-0.138010">
        <ele>246.852798</ele>
        <time>2025-12-22T20:19:48.326Z</time>
      </trkpt>
      <trkpt lat="38.607746" lon="-0.137994">
        <ele>246.484205</ele>
        <time>2025-12-22T20:19:50.109Z</time>
      </trkpt>
      <trkpt lat="38.607168" lon="-0.137667">
        <ele>245.049093</ele>
        <time>2025-12-22T20:20:01.802Z</time>
      </trkpt>
      <trkpt lat="38.606476" lon="-0.137182">
        <ele>243.978137</ele>
        <time>2025-12-22T20:20:17.770Z</time>
      </trkpt>
      <trkpt lat="38.606212" lon="-0.136964">
        <ele>243.551660</ele>
        <time>2025-12-22T20:20:24.493Z</time>
      </trkpt>
      <trkpt lat="38.605974" lon="-0.136749">
        <ele>243.156218</ele>
        <time>2025-12-22T20:20:30.920Z</time>
      </trkpt>
      <trkpt lat="38.605545" lon="-0.136292">
        <ele>243.565010</ele>
        <time>2025-12-22T20:20:43.743Z</time>
      </trkpt>
      <trkpt lat="38.605124" lon="-0.135746">
        <ele>244.048731</ele>
        <time>2025-12-22T20:20:59.036Z</time>
      </trkpt>
      <trkpt lat="38.604822" lon="-0.135288">
        <ele>244.426645</ele>
        <time>2025-12-22T20:21:13.197Z</time>
      </trkpt>
      <trkpt lat="38.604473" lon="-0.134688">
        <ele>245.365447</ele>
        <time>2025-12-22T20:21:34.114Z</time>
      </trkpt>
      <trkpt lat="38.604373" lon="-0.134398">
        <ele>245.860125</ele>
        <time>2025-12-22T20:21:43.576Z</time>
      </trkpt>
      <trkpt lat="38.604351" lon="-0.134182">
        <ele>246.200067</ele>
        <time>2025-12-22T20:21:50.097Z</time>
      </trkpt>
      <trkpt lat="38.604429" lon="-0.134016">
        <ele>246.502352</ele>
        <time>2025-12-22T20:21:55.820Z</time>
      </trkpt>
      <trkpt lat="38.604425" lon="-0.133957">
        <ele>246.594773</ele>
        <time>2025-12-22T20:21:57.525Z</time>
      </trkpt>
      <trkpt lat="38.604418" lon="-0.133811">
        <ele>246.823051</ele>
        <time>2025-12-22T20:22:01.745Z</time>
      </trkpt>
      <trkpt lat="38.604414" lon="-0.133744">
        <ele>246.927916</ele>
        <time>2025-12-22T20:22:03.637Z</time>
      </trkpt>
      <trkpt lat="38.604286" lon="-0.133587">
        <ele>247.281996</ele>
        <time>2025-12-22T20:22:09.873Z</time>
      </trkpt>
      <trkpt lat="38.604085" lon="-0.133449">
        <ele>247.737522</ele>
        <time>2025-12-22T20:22:17.484Z</time>
      </trkpt>
      <trkpt lat="38.603893" lon="-0.132998">
        <ele>247.861932</ele>
        <time>2025-12-22T20:22:29.167Z</time>
      </trkpt>
      <trkpt lat="38.603247" lon="-0.130987">
        <ele>244.774434</ele>
        <time>2025-12-22T20:23:01.460Z</time>
      </trkpt>
      <trkpt lat="38.603010" lon="-0.130117">
        <ele>241.865008</ele>
        <time>2025-12-22T20:23:13.781Z</time>
      </trkpt>
      <trkpt lat="38.602936" lon="-0.129739">
        <ele>240.634470</ele>
        <time>2025-12-22T20:23:18.871Z</time>
      </trkpt>
      <trkpt lat="38.602892" lon="-0.129756">
        <ele>240.448748</ele>
        <time>2025-12-22T20:23:19.649Z</time>
      </trkpt>
      <trkpt lat="38.602711" lon="-0.129845">
        <ele>239.665227</ele>
        <time>2025-12-22T20:23:22.873Z</time>
      </trkpt>
      <trkpt lat="38.602525" lon="-0.129596">
        <ele>238.577501</ele>
        <time>2025-12-22T20:23:27.188Z</time>
      </trkpt>
      <trkpt lat="38.602488" lon="-0.129589">
        <ele>238.426367</ele>
        <time>2025-12-22T20:23:27.807Z</time>
      </trkpt>
      <trkpt lat="38.602338" lon="-0.129501">
        <ele>237.784302</ele>
        <time>2025-12-22T20:23:30.509Z</time>
      </trkpt>
      <trkpt lat="38.602278" lon="-0.129428">
        <ele>237.547569</ele>
        <time>2025-12-22T20:23:31.881Z</time>
      </trkpt>
      <trkpt lat="38.602241" lon="-0.129361">
        <ele>237.364245</ele>
        <time>2025-12-22T20:23:32.952Z</time>
      </trkpt>
      <trkpt lat="38.602152" lon="-0.129273">
        <ele>237.042640</ele>
        <time>2025-12-22T20:23:34.940Z</time>
      </trkpt>
      <trkpt lat="38.601991" lon="-0.129206">
        <ele>236.558550</ele>
        <time>2025-12-22T20:23:38.003Z</time>
      </trkpt>
      <trkpt lat="38.601610" lon="-0.129128">
        <ele>235.455281</ele>
        <time>2025-12-22T20:23:45.005Z</time>
      </trkpt>
      <trkpt lat="38.600798" lon="-0.129120">
        <ele>233.133416</ele>
        <time>2025-12-22T20:24:00.293Z</time>
      </trkpt>
      <trkpt lat="38.600228" lon="-0.129180">
        <ele>231.524087</ele>
        <time>2025-12-22T20:24:11.352Z</time>
      </trkpt>
      <trkpt lat="38.598028" lon="-0.129523">
        <ele>223.817713</ele>
        <time>2025-12-22T20:24:51.333Z</time>
      </trkpt>
      <trkpt lat="38.597129" lon="-0.129712">
        <ele>219.632175</ele>
        <time>2025-12-22T20:25:06.092Z</time>
      </trkpt>
      <trkpt lat="38.596632" lon="-0.129720">
        <ele>217.564165</ele>
        <time>2025-12-22T20:25:14.044Z</time>
      </trkpt>
      <trkpt lat="38.596364" lon="-0.129635">
        <ele>216.428513</ele>
        <time>2025-12-22T20:25:18.624Z</time>
      </trkpt>
      <trkpt lat="38.596163" lon="-0.129506">
        <ele>215.503622</ele>
        <time>2025-12-22T20:25:22.532Z</time>
      </trkpt>
      <trkpt lat="38.595901" lon="-0.129230">
        <ele>214.107763</ele>
        <time>2025-12-22T20:25:28.508Z</time>
      </trkpt>
      <trkpt lat="38.595684" lon="-0.128918">
        <ele>212.765182</ele>
        <time>2025-12-22T20:25:34.506Z</time>
      </trkpt>
      <trkpt lat="38.595423" lon="-0.129211">
        <ele>211.563701</ele>
        <time>2025-12-22T20:25:40.936Z</time>
      </trkpt>
      <trkpt lat="38.595572" lon="-0.129220">
        <ele>211.157347</ele>
        <time>2025-12-22T20:25:43.822Z</time>
      </trkpt>
      <trkpt lat="38.595707" lon="-0.129067">
        <ele>210.666056</ele>
        <time>2025-12-22T20:25:47.302Z</time>
      </trkpt>
      <trkpt lat="38.595870" lon="-0.128924">
        <ele>210.127661</ele>
        <time>2025-12-22T20:25:51.080Z</time>
      </trkpt>
      <trkpt lat="38.596045" lon="-0.128694">
        <ele>209.444233</ele>
        <time>2025-12-22T20:25:55.828Z</time>
      </trkpt>
      <trkpt lat="38.596039" lon="-0.128643">
        <ele>209.334425</ele>
        <time>2025-12-22T20:25:56.571Z</time>
      </trkpt>
      <trkpt lat="38.595941" lon="-0.128575">
        <ele>209.030725</ele>
        <time>2025-12-22T20:25:58.628Z</time>
      </trkpt>
      <trkpt lat="38.595990" lon="-0.128421">
        <ele>208.676711</ele>
        <time>2025-12-22T20:26:00.938Z</time>
      </trkpt>
      <trkpt lat="38.596068" lon="-0.127281">
        <ele>206.415002</ele>
        <time>2025-12-22T20:26:16.686Z</time>
      </trkpt>
      <trkpt lat="38.596131" lon="-0.126850">
        <ele>205.669363</ele>
        <time>2025-12-22T20:26:22.770Z</time>
      </trkpt>
      <trkpt lat="38.596179" lon="-0.126689">
        <ele>205.376333</ele>
        <time>2025-12-22T20:26:25.224Z</time>
      </trkpt>
      <trkpt lat="38.596076" lon="-0.126717">
        <ele>205.147222</ele>
        <time>2025-12-22T20:26:28.566Z</time>
      </trkpt>
      <trkpt lat="38.596012" lon="-0.126590">
        <ele>204.890252</ele>
        <time>2025-12-22T20:26:32.381Z</time>
      </trkpt>
      <trkpt lat="38.595980" lon="-0.126358">
        <ele>204.489631</ele>
        <time>2025-12-22T20:26:38.463Z</time>
      </trkpt>
      <trkpt lat="38.595815" lon="-0.126142">
        <ele>203.976007</ele>
        <time>2025-12-22T20:26:46.545Z</time>
      </trkpt>
      <trkpt lat="38.595541" lon="-0.126110">
        <ele>203.377355</ele>
        <time>2025-12-22T20:26:56.353Z</time>
      </trkpt>
      <trkpt lat="38.595039" lon="-0.125891">
        <ele>202.513731</ele>
        <time>2025-12-22T20:27:15.589Z</time>
      </trkpt>
      <trkpt lat="38.594591" lon="-0.125809">
        <ele>201.823342</ele>
        <time>2025-12-22T20:27:30.880Z</time>
      </trkpt>
      <trkpt lat="38.594535" lon="-0.125830">
        <ele>201.734319</ele>
        <time>2025-12-22T20:27:32.813Z</time>
      </trkpt>
      <trkpt lat="38.594446" lon="-0.125798">
        <ele>201.593289</ele>
        <time>2025-12-22T20:27:35.817Z</time>
      </trkpt>
      <trkpt lat="38.594403" lon="-0.125737">
        <ele>201.495346</ele>
        <time>2025-12-22T20:27:37.903Z</time>
      </trkpt>
      <trkpt lat="38.594360" lon="-0.125721">
        <ele>201.427031</ele>
        <time>2025-12-22T20:27:39.347Z</time>
      </trkpt>
      <trkpt lat="38.594247" lon="-0.125764">
        <ele>201.247185</ele>
        <time>2025-12-22T20:27:43.148Z</time>
      </trkpt>
      <trkpt lat="38.594190" lon="-0.125759">
        <ele>201.160026</ele>
        <time>2025-12-22T20:27:44.975Z</time>
      </trkpt>
      <trkpt lat="38.594079" lon="-0.125678">
        <ele>200.965089</ele>
        <time>2025-12-22T20:27:49.034Z</time>
      </trkpt>
      <trkpt lat="38.593929" lon="-0.125696">
        <ele>200.735257</ele>
        <time>2025-12-22T20:27:53.851Z</time>
      </trkpt>
      <trkpt lat="38.593874" lon="-0.125238">
        <ele>200.163261</ele>
        <time>2025-12-22T20:28:00.661Z</time>
      </trkpt>
      <trkpt lat="38.593782" lon="-0.124820">
        <ele>199.607846</ele>
        <time>2025-12-22T20:28:07.167Z</time>
      </trkpt>
      <trkpt lat="38.593661" lon="-0.124476">
        <ele>199.125367</ele>
        <time>2025-12-22T20:28:12.956Z</time>
      </trkpt>
      <trkpt lat="38.593487" lon="-0.123276">
        <ele>197.564374</ele>
        <time>2025-12-22T20:28:32.607Z</time>
      </trkpt>
      <trkpt lat="38.593472" lon="-0.123178">
        <ele>197.434553</ele>
        <time>2025-12-22T20:28:34.185Z</time>
      </trkpt>
      <trkpt lat="38.593345" lon="-0.122856">
        <ele>196.959632</ele>
        <time>2025-12-22T20:28:39.786Z</time>
      </trkpt>
      <trkpt lat="38.593145" lon="-0.121676">
        <ele>195.369745</ele>
        <time>2025-12-22T20:28:57.490Z</time>
      </trkpt>
      <trkpt lat="38.593060" lon="-0.120876">
        <ele>194.379302</ele>
        <time>2025-12-22T20:29:10.257Z</time>
      </trkpt>
      <trkpt lat="38.593163" lon="-0.119743">
        <ele>193.515833</ele>
        <time>2025-12-22T20:29:30.472Z</time>
      </trkpt>
      <trkpt lat="38.593177" lon="-0.118956">
        <ele>192.919916</ele>
        <time>2025-12-22T20:29:43.145Z</time>
      </trkpt>
      <trkpt lat="38.593215" lon="-0.118716">
        <ele>192.731203</ele>
        <time>2025-12-22T20:29:46.727Z</time>
      </trkpt>
      <trkpt lat="38.593250" lon="-0.118490">
        <ele>191.949098</ele>
        <time>2025-12-22T20:29:49.958Z</time>
      </trkpt>
      <trkpt lat="38.593300" lon="-0.117497">
        <ele>188.571227</ele>
        <time>2025-12-22T20:30:02.861Z</time>
      </trkpt>
      <trkpt lat="38.593286" lon="-0.116944">
        <ele>186.693004</ele>
        <time>2025-12-22T20:30:09.661Z</time>
      </trkpt>
      <trkpt lat="38.593328" lon="-0.116521">
        <ele>185.245530</ele>
        <time>2025-12-22T20:30:14.812Z</time>
      </trkpt>
      <trkpt lat="38.593290" lon="-0.116183">
        <ele>183.566152</ele>
        <time>2025-12-22T20:30:18.880Z</time>
      </trkpt>
      <trkpt lat="38.592865" lon="-0.115453">
        <ele>178.556300</ele>
        <time>2025-12-22T20:30:29.575Z</time>
      </trkpt>
      <trkpt lat="38.592457" lon="-0.114482">
        <ele>172.488811</ele>
        <time>2025-12-22T20:30:42.362Z</time>
      </trkpt>
      <trkpt lat="38.592200" lon="-0.114031">
        <ele>169.531213</ele>
        <time>2025-12-22T20:30:48.813Z</time>
      </trkpt>
      <trkpt lat="38.591860" lon="-0.113168">
        <ele>164.426081</ele>
        <time>2025-12-22T20:31:00.060Z</time>
      </trkpt>
      <trkpt lat="38.591755" lon="-0.112685">
        <ele>161.777806</ele>
        <time>2025-12-22T20:31:06.052Z</time>
      </trkpt>
      <trkpt lat="38.591748" lon="-0.112226">
        <ele>159.724729</ele>
        <time>2025-12-22T20:31:11.667Z</time>
      </trkpt>
      <trkpt lat="38.591741" lon="-0.111845">
        <ele>158.711011</ele>
        <time>2025-12-22T20:31:16.409Z</time>
      </trkpt>
      <trkpt lat="38.591781" lon="-0.111381">
        <ele>157.469314</ele>
        <time>2025-12-22T20:31:22.379Z</time>
      </trkpt>
      <trkpt lat="38.591880" lon="-0.111029">
        <ele>156.474243</ele>
        <time>2025-12-22T20:31:27.418Z</time>
      </trkpt>
      <trkpt lat="38.591917" lon="-0.110536">
        <ele>155.156862</ele>
        <time>2025-12-22T20:31:34.516Z</time>
      </trkpt>
      <trkpt lat="38.591999" lon="-0.110109">
        <ele>153.987291</ele>
        <time>2025-12-22T20:31:41.012Z</time>
      </trkpt>
      <trkpt lat="38.592041" lon="-0.110051">
        <ele>153.752446</ele>
        <time>2025-12-22T20:31:42.196Z</time>
      </trkpt>
      <trkpt lat="38.592187" lon="-0.109529">
        <ele>152.100411</ele>
        <time>2025-12-22T20:31:50.167Z</time>
      </trkpt>
      <trkpt lat="38.592262" lon="-0.109055">
        <ele>150.659347</ele>
        <time>2025-12-22T20:31:56.757Z</time>
      </trkpt>
      <trkpt lat="38.592326" lon="-0.108845">
        <ele>149.987709</ele>
        <time>2025-12-22T20:31:59.716Z</time>
      </trkpt>
      <trkpt lat="38.592413" lon="-0.108288">
        <ele>148.295162</ele>
        <time>2025-12-22T20:32:06.931Z</time>
      </trkpt>
      <trkpt lat="38.592611" lon="-0.107664">
        <ele>145.361413</ele>
        <time>2025-12-22T20:32:14.976Z</time>
      </trkpt>
      <trkpt lat="38.592772" lon="-0.106849">
        <ele>140.077350</ele>
        <time>2025-12-22T20:32:24.603Z</time>
      </trkpt>
      <trkpt lat="38.592306" lon="-0.106607">
        <ele>136.032690</ele>
        <time>2025-12-22T20:32:31.864Z</time>
      </trkpt>
      <trkpt lat="38.592013" lon="-0.106302">
        <ele>132.994891</ele>
        <time>2025-12-22T20:32:37.298Z</time>
      </trkpt>
      <trkpt lat="38.591447" lon="-0.105218">
        <ele>125.675353</ele>
        <time>2025-12-22T20:32:52.097Z</time>
      </trkpt>
      <trkpt lat="38.591233" lon="-0.104921">
        <ele>123.418893</ele>
        <time>2025-12-22T20:32:56.882Z</time>
      </trkpt>
      <trkpt lat="38.590817" lon="-0.105024">
        <ele>120.390651</ele>
        <time>2025-12-22T20:33:03.845Z</time>
      </trkpt>
      <trkpt lat="38.590344" lon="-0.105024">
        <ele>118.428426</ele>
        <time>2025-12-22T20:33:11.945Z</time>
      </trkpt>
      <trkpt lat="38.589878" lon="-0.105024">
        <ele>116.788570</ele>
        <time>2025-12-22T20:33:20.301Z</time>
      </trkpt>
      <trkpt lat="38.589240" lon="-0.104842">
        <ele>114.488312</ele>
        <time>2025-12-22T20:33:31.976Z</time>
      </trkpt>
      <trkpt lat="38.588654" lon="-0.104837">
        <ele>112.805154</ele>
        <time>2025-12-22T20:33:42.738Z</time>
      </trkpt>
      <trkpt lat="38.588479" lon="-0.104834">
        <ele>112.411898</ele>
        <time>2025-12-22T20:33:45.971Z</time>
      </trkpt>
      <trkpt lat="38.588104" lon="-0.104805">
        <ele>111.567746</ele>
        <time>2025-12-22T20:33:53.036Z</time>
      </trkpt>
      <trkpt lat="38.587625" lon="-0.104581">
        <ele>110.421797</ele>
        <time>2025-12-22T20:34:02.453Z</time>
      </trkpt>
      <trkpt lat="38.587389" lon="-0.104343">
        <ele>109.746565</ele>
        <time>2025-12-22T20:34:08.257Z</time>
      </trkpt>
      <trkpt lat="38.586552" lon="-0.103339">
        <ele>106.267211</ele>
        <time>2025-12-22T20:34:28.845Z</time>
      </trkpt>
      <trkpt lat="38.586271" lon="-0.103017">
        <ele>105.082234</ele>
        <time>2025-12-22T20:34:35.166Z</time>
      </trkpt>
      <trkpt lat="38.586170" lon="-0.102883">
        <ele>104.625176</ele>
        <time>2025-12-22T20:34:37.548Z</time>
      </trkpt>
      <trkpt lat="38.586111" lon="-0.102803">
        <ele>104.355120</ele>
        <time>2025-12-22T20:34:38.944Z</time>
      </trkpt>
      <trkpt lat="38.585928" lon="-0.102652">
        <ele>103.611930</ele>
        <time>2025-12-22T20:34:42.434Z</time>
      </trkpt>
      <trkpt lat="38.585757" lon="-0.102556">
        <ele>102.716261</ele>
        <time>2025-12-22T20:34:45.406Z</time>
      </trkpt>
      <trkpt lat="38.585568" lon="-0.102481">
        <ele>101.767146</ele>
        <time>2025-12-22T20:34:48.521Z</time>
      </trkpt>
      <trkpt lat="38.585397" lon="-0.102423">
        <ele>100.918637</ele>
        <time>2025-12-22T20:34:51.319Z</time>
      </trkpt>
      <trkpt lat="38.585029" lon="-0.102313">
        <ele>99.106049</ele>
        <time>2025-12-22T20:34:57.278Z</time>
      </trkpt>
      <trkpt lat="38.584278" lon="-0.102174">
        <ele>95.466505</ele>
        <time>2025-12-22T20:35:09.353Z</time>
      </trkpt>
      <trkpt lat="38.583433" lon="-0.102019">
        <ele>92.395901</ele>
        <time>2025-12-22T20:35:23.348Z</time>
      </trkpt>
      <trkpt lat="38.583357" lon="-0.102005">
        <ele>92.127248</ele>
        <time>2025-12-22T20:35:24.628Z</time>
      </trkpt>
      <trkpt lat="38.582904" lon="-0.101927">
        <ele>90.527990</ele>
        <time>2025-12-22T20:35:32.413Z</time>
      </trkpt>
      <trkpt lat="38.582655" lon="-0.101888">
        <ele>89.650279</ele>
        <time>2025-12-22T20:35:36.768Z</time>
      </trkpt>
      <trkpt lat="38.582437" lon="-0.101855">
        <ele>88.882215</ele>
        <time>2025-12-22T20:35:40.593Z</time>
      </trkpt>
      <trkpt lat="38.581972" lon="-0.101768">
        <ele>88.021924</ele>
        <time>2025-12-22T20:35:49.350Z</time>
      </trkpt>
      <trkpt lat="38.581872" lon="-0.101727">
        <ele>87.831722</ele>
        <time>2025-12-22T20:35:51.406Z</time>
      </trkpt>
      <trkpt lat="38.581541" lon="-0.101607">
        <ele>87.208580</ele>
        <time>2025-12-22T20:35:58.112Z</time>
      </trkpt>
      <trkpt lat="38.581209" lon="-0.101671">
        <ele>86.600448</ele>
        <time>2025-12-22T20:36:04.558Z</time>
      </trkpt>
      <trkpt lat="38.581164" lon="-0.101757">
        <ele>86.453918</ele>
        <time>2025-12-22T20:36:06.114Z</time>
      </trkpt>
      <trkpt lat="38.581106" lon="-0.101783">
        <ele>86.342601</ele>
        <time>2025-12-22T20:36:07.194Z</time>
      </trkpt>
      <trkpt lat="38.581055" lon="-0.101771">
        <ele>86.248677</ele>
        <time>2025-12-22T20:36:08.172Z</time>
      </trkpt>
      <trkpt lat="38.580994" lon="-0.101690">
        <ele>86.089425</ele>
        <time>2025-12-22T20:36:09.777Z</time>
      </trkpt>
      <trkpt lat="38.580993" lon="-0.101593">
        <ele>85.952069</ele>
        <time>2025-12-22T20:36:11.185Z</time>
      </trkpt>
      <trkpt lat="38.580877" lon="-0.101325">
        <ele>85.499517</ele>
        <time>2025-12-22T20:36:15.582Z</time>
      </trkpt>
      <trkpt lat="38.580736" lon="-0.101043">
        <ele>84.923376</ele>
        <time>2025-12-22T20:36:20.376Z</time>
      </trkpt>
      <trkpt lat="38.580530" lon="-0.100612">
        <ele>84.053910</ele>
        <time>2025-12-22T20:36:27.375Z</time>
      </trkpt>
      <trkpt lat="38.580383" lon="-0.100332">
        <ele>83.473404</ele>
        <time>2025-12-22T20:36:31.889Z</time>
      </trkpt>
      <trkpt lat="38.580228" lon="-0.100137">
        <ele>82.994762</ele>
        <time>2025-12-22T20:36:35.705Z</time>
      </trkpt>
      <trkpt lat="38.580165" lon="-0.100081">
        <ele>82.825857</ele>
        <time>2025-12-22T20:36:37.062Z</time>
      </trkpt>
      <trkpt lat="38.579995" lon="-0.099887">
        <ele>82.324282</ele>
        <time>2025-12-22T20:36:41.035Z</time>
      </trkpt>
      <trkpt lat="38.579783" lon="-0.099628">
        <ele>81.678856</ele>
        <time>2025-12-22T20:36:46.534Z</time>
      </trkpt>
      <trkpt lat="38.579567" lon="-0.099407">
        <ele>81.298611</ele>
        <time>2025-12-22T20:36:52.399Z</time>
      </trkpt>
      <trkpt lat="38.579548" lon="-0.099387">
        <ele>81.265963</ele>
        <time>2025-12-22T20:36:52.934Z</time>
      </trkpt>
      <trkpt lat="38.579344" lon="-0.099140">
        <ele>80.893261</ele>
        <time>2025-12-22T20:36:58.712Z</time>
      </trkpt>
      <trkpt lat="38.579244" lon="-0.099023">
        <ele>80.713446</ele>
        <time>2025-12-22T20:37:01.427Z</time>
      </trkpt>
      <trkpt lat="38.579116" lon="-0.098975">
        <ele>80.536462</ele>
        <time>2025-12-22T20:37:04.074Z</time>
      </trkpt>
      <trkpt lat="38.578886" lon="-0.098992">
        <ele>80.230777</ele>
        <time>2025-12-22T20:37:08.719Z</time>
      </trkpt>
      <trkpt lat="38.578880" lon="-0.098946">
        <ele>80.182403</ele>
        <time>2025-12-22T20:37:09.415Z</time>
      </trkpt>
      <trkpt lat="38.578808" lon="-0.098924">
        <ele>80.084182</ele>
        <time>2025-12-22T20:37:10.929Z</time>
      </trkpt>
      <trkpt lat="38.578750" lon="-0.098816">
        <ele>79.948270</ele>
        <time>2025-12-22T20:37:12.893Z</time>
      </trkpt>
      <trkpt lat="38.578750" lon="-0.098753">
        <ele>79.882922</ele>
        <time>2025-12-22T20:37:13.885Z</time>
      </trkpt>
      <trkpt lat="38.578792" lon="-0.098661">
        <ele>79.772413</ele>
        <time>2025-12-22T20:37:15.461Z</time>
      </trkpt>
      <trkpt lat="38.578816" lon="-0.098498">
        <ele>79.600366</ele>
        <time>2025-12-22T20:37:17.956Z</time>
      </trkpt>
      <trkpt lat="38.578818" lon="-0.098438">
        <ele>79.538073</ele>
        <time>2025-12-22T20:37:18.835Z</time>
      </trkpt>
      <trkpt lat="38.578840" lon="-0.098071">
        <ele>79.044710</ele>
        <time>2025-12-22T20:37:24.199Z</time>
      </trkpt>
      <trkpt lat="38.578845" lon="-0.098028">
        <ele>78.950633</ele>
        <time>2025-12-22T20:37:24.834Z</time>
      </trkpt>
      <trkpt lat="38.578855" lon="-0.097697">
        <ele>78.233801</ele>
        <time>2025-12-22T20:37:29.477Z</time>
      </trkpt>
      <trkpt lat="38.578860" lon="-0.097090">
        <ele>76.920156</ele>
        <time>2025-12-22T20:37:37.484Z</time>
      </trkpt>
      <trkpt lat="38.578855" lon="-0.096546">
        <ele>75.742837</ele>
        <time>2025-12-22T20:37:44.744Z</time>
      </trkpt>
      <trkpt lat="38.578884" lon="-0.096310">
        <ele>75.225853</ele>
        <time>2025-12-22T20:37:47.968Z</time>
      </trkpt>
      <trkpt lat="38.579013" lon="-0.095943">
        <ele>74.355063</ele>
        <time>2025-12-22T20:37:53.418Z</time>
      </trkpt>
      <trkpt lat="38.579203" lon="-0.095359">
        <ele>74.279986</ele>
        <time>2025-12-22T20:38:02.228Z</time>
      </trkpt>
      <trkpt lat="38.579317" lon="-0.094686">
        <ele>74.279986</ele>
        <time>2025-12-22T20:38:12.298Z</time>
      </trkpt>
    </trkseg>
  </trk>
</gpx>