<?xml version='1.0' encoding='UTF-8'?>
<gpx version="1.1" creator="https://www.komoot.de" xmlns="http://www.topografix.com/GPX/1/1" xmlns:xsi="http://www.w3.org/2001/XMLSchema-instance" xsi:schemaLocation="http://www.topografix.com/GPX/1/1 http://www.topografix.com/GPX/1/1/gpx.xsd">
  <metadata>
    <name>Geneve - Saleve - Croisette</name>
    <author>
      <link href="https://www.komoot.de">
        <text>komoot</text>
        <type>text/html</type>
      </link>
    </author>
  </metadata>
  <trk>
    <name>Geneve - Saleve - Croisette</name>
    <trkseg>
      <trkpt lat="46.194138" lon="6.142106">
        <ele>381.229100</ele>
        <time>2025-12-18T09:13:20.928Z</time>
      </trkpt>
      <trkpt lat="46.194403" lon="6.142029">
        <ele>381.229100</ele>
        <time>2025-12-18T09:13:24.232Z</time>
      </trkpt>
      <trkpt lat="46.194516" lon="6.141992">
        <ele>381.229100</ele>
        <time>2025-12-18T09:13:25.773Z</time>
      </trkpt>
      <trkpt lat="46.194578" lon="6.141973">
        <ele>381.229100</ele>
        <time>2025-12-18T09:13:26.658Z</time>
      </trkpt>
      <trkpt lat="46.194697" lon="6.141932">
        <ele>381.229100</ele>
        <time>2025-12-18T09:13:28.427Z</time>
      </trkpt>
      <trkpt lat="46.194769" lon="6.141833">
        <ele>381.229100</ele>
        <time>2025-12-18T09:13:29.864Z</time>
      </trkpt>
      <trkpt lat="46.194820" lon="6.141692">
        <ele>381.229100</ele>
        <time>2025-12-18T09:13:31.630Z</time>
      </trkpt>
      <trkpt lat="46.194842" lon="6.141621">
        <ele>381.229100</ele>
        <time>2025-12-18T09:13:32.445Z</time>
      </trkpt>
      <trkpt lat="46.194899" lon="6.141439">
        <ele>381.096385</ele>
        <time>2025-12-18T09:13:34.600Z</time>
      </trkpt>
      <trkpt lat="46.194826" lon="6.141370">
        <ele>380.940382</ele>
        <time>2025-12-18T09:13:35.847Z</time>
      </trkpt>
      <trkpt lat="46.194806" lon="6.141347">
        <ele>380.894668</ele>
        <time>2025-12-18T09:13:36.198Z</time>
      </trkpt>
      <trkpt lat="46.194550" lon="6.141085">
        <ele>380.333631</ele>
        <time>2025-12-18T09:13:40.114Z</time>
      </trkpt>
      <trkpt lat="46.194358" lon="6.140867">
        <ele>379.896927</ele>
        <time>2025-12-18T09:13:42.807Z</time>
      </trkpt>
      <trkpt lat="46.194279" lon="6.140765">
        <ele>379.707452</ele>
        <time>2025-12-18T09:13:44.374Z</time>
      </trkpt>
      <trkpt lat="46.194198" lon="6.140664">
        <ele>379.516107</ele>
        <time>2025-12-18T09:13:46.006Z</time>
      </trkpt>
      <trkpt lat="46.194057" lon="6.140445">
        <ele>379.145877</ele>
        <time>2025-12-18T09:13:48.306Z</time>
      </trkpt>
      <trkpt lat="46.193807" lon="6.140131">
        <ele>378.553464</ele>
        <time>2025-12-18T09:13:52.009Z</time>
      </trkpt>
      <trkpt lat="46.193653" lon="6.139964">
        <ele>378.209112</ele>
        <time>2025-12-18T09:13:54.052Z</time>
      </trkpt>
      <trkpt lat="46.193611" lon="6.139917">
        <ele>378.114106</ele>
        <time>2025-12-18T09:13:54.592Z</time>
      </trkpt>
      <trkpt lat="46.193552" lon="6.139844">
        <ele>377.980232</ele>
        <time>2025-12-18T09:13:55.421Z</time>
      </trkpt>
      <trkpt lat="46.193519" lon="6.139800">
        <ele>377.910742</ele>
        <time>2025-12-18T09:13:55.868Z</time>
      </trkpt>
      <trkpt lat="46.193484" lon="6.139750">
        <ele>377.834574</ele>
        <time>2025-12-18T09:13:56.347Z</time>
      </trkpt>
      <trkpt lat="46.193469" lon="6.139726">
        <ele>377.799938</ele>
        <time>2025-12-18T09:13:56.578Z</time>
      </trkpt>
      <trkpt lat="46.193243" lon="6.139311">
        <ele>377.234338</ele>
        <time>2025-12-18T09:14:00.187Z</time>
      </trkpt>
      <trkpt lat="46.193132" lon="6.139106">
        <ele>376.955554</ele>
        <time>2025-12-18T09:14:01.976Z</time>
      </trkpt>
      <trkpt lat="46.193031" lon="6.138891">
        <ele>376.677232</ele>
        <time>2025-12-18T09:14:03.834Z</time>
      </trkpt>
      <trkpt lat="46.192995" lon="6.138810">
        <ele>376.574124</ele>
        <time>2025-12-18T09:14:04.587Z</time>
      </trkpt>
      <trkpt lat="46.192865" lon="6.138932">
        <ele>376.334241</ele>
        <time>2025-12-18T09:14:06.321Z</time>
      </trkpt>
      <trkpt lat="46.192775" lon="6.139034">
        <ele>376.157232</ele>
        <time>2025-12-18T09:14:07.652Z</time>
      </trkpt>
      <trkpt lat="46.192746" lon="6.139062">
        <ele>376.103257</ele>
        <time>2025-12-18T09:14:08.202Z</time>
      </trkpt>
      <trkpt lat="46.192500" lon="6.139213">
        <ele>375.689658</ele>
        <time>2025-12-18T09:14:12.053Z</time>
      </trkpt>
      <trkpt lat="46.191206" lon="6.139774">
        <ele>376.873334</ele>
        <time>2025-12-18T09:14:38.436Z</time>
      </trkpt>
      <trkpt lat="46.190877" lon="6.139907">
        <ele>377.406400</ele>
        <time>2025-12-18T09:14:47.576Z</time>
      </trkpt>
      <trkpt lat="46.190789" lon="6.139881">
        <ele>377.546550</ele>
        <time>2025-12-18T09:14:49.817Z</time>
      </trkpt>
      <trkpt lat="46.190697" lon="6.139818">
        <ele>377.705412</ele>
        <time>2025-12-18T09:14:52.274Z</time>
      </trkpt>
      <trkpt lat="46.189993" lon="6.139750">
        <ele>378.583646</ele>
        <time>2025-12-18T09:15:07.511Z</time>
      </trkpt>
      <trkpt lat="46.189892" lon="6.139739">
        <ele>378.696009</ele>
        <time>2025-12-18T09:15:09.739Z</time>
      </trkpt>
      <trkpt lat="46.189704" lon="6.139725">
        <ele>378.904844</ele>
        <time>2025-12-18T09:15:13.925Z</time>
      </trkpt>
      <trkpt lat="46.189329" lon="6.139693">
        <ele>379.321577</ele>
        <time>2025-12-18T09:15:21.258Z</time>
      </trkpt>
      <trkpt lat="46.189273" lon="6.139688">
        <ele>379.383819</ele>
        <time>2025-12-18T09:15:22.262Z</time>
      </trkpt>
      <trkpt lat="46.188694" lon="6.139630">
        <ele>380.027677</ele>
        <time>2025-12-18T09:15:30.876Z</time>
      </trkpt>
      <trkpt lat="46.188617" lon="6.139624">
        <ele>380.092324</ele>
        <time>2025-12-18T09:15:31.901Z</time>
      </trkpt>
      <trkpt lat="46.188233" lon="6.139605">
        <ele>380.409982</ele>
        <time>2025-12-18T09:15:37.652Z</time>
      </trkpt>
      <trkpt lat="46.188111" lon="6.139599">
        <ele>380.510904</ele>
        <time>2025-12-18T09:15:39.903Z</time>
      </trkpt>
      <trkpt lat="46.187707" lon="6.139626">
        <ele>380.845269</ele>
        <time>2025-12-18T09:15:47.683Z</time>
      </trkpt>
      <trkpt lat="46.187647" lon="6.139641">
        <ele>380.895611</ele>
        <time>2025-12-18T09:15:48.967Z</time>
      </trkpt>
      <trkpt lat="46.187552" lon="6.139676">
        <ele>380.976667</ele>
        <time>2025-12-18T09:15:50.866Z</time>
      </trkpt>
      <trkpt lat="46.187377" lon="6.139698">
        <ele>381.121895</ele>
        <time>2025-12-18T09:15:54.357Z</time>
      </trkpt>
      <trkpt lat="46.187332" lon="6.139712">
        <ele>381.159952</ele>
        <time>2025-12-18T09:15:55.305Z</time>
      </trkpt>
      <trkpt lat="46.187295" lon="6.139724">
        <ele>381.191304</ele>
        <time>2025-12-18T09:15:56.048Z</time>
      </trkpt>
      <trkpt lat="46.186994" lon="6.139818">
        <ele>381.445905</ele>
        <time>2025-12-18T09:16:02.044Z</time>
      </trkpt>
      <trkpt lat="46.186939" lon="6.139836">
        <ele>381.492529</ele>
        <time>2025-12-18T09:16:03.111Z</time>
      </trkpt>
      <trkpt lat="46.186860" lon="6.139823">
        <ele>381.563409</ele>
        <time>2025-12-18T09:16:04.646Z</time>
      </trkpt>
      <trkpt lat="46.186698" lon="6.139859">
        <ele>381.716325</ele>
        <time>2025-12-18T09:16:07.738Z</time>
      </trkpt>
      <trkpt lat="46.186565" lon="6.139912">
        <ele>381.845043</ele>
        <time>2025-12-18T09:16:10.254Z</time>
      </trkpt>
      <trkpt lat="46.186497" lon="6.139923">
        <ele>381.908881</ele>
        <time>2025-12-18T09:16:11.468Z</time>
      </trkpt>
      <trkpt lat="46.185813" lon="6.140094">
        <ele>382.556507</ele>
        <time>2025-12-18T09:16:25.252Z</time>
      </trkpt>
      <trkpt lat="46.185733" lon="6.140112">
        <ele>382.632043</ele>
        <time>2025-12-18T09:16:26.726Z</time>
      </trkpt>
      <trkpt lat="46.185681" lon="6.140124">
        <ele>382.681172</ele>
        <time>2025-12-18T09:16:27.655Z</time>
      </trkpt>
      <trkpt lat="46.185224" lon="6.140228">
        <ele>383.112790</ele>
        <time>2025-12-18T09:16:35.078Z</time>
      </trkpt>
      <trkpt lat="46.185159" lon="6.140243">
        <ele>383.174201</ele>
        <time>2025-12-18T09:16:36.218Z</time>
      </trkpt>
      <trkpt lat="46.184994" lon="6.140281">
        <ele>383.332824</ele>
        <time>2025-12-18T09:16:39.201Z</time>
      </trkpt>
      <trkpt lat="46.184945" lon="6.140292">
        <ele>383.380035</ele>
        <time>2025-12-18T09:16:40.084Z</time>
      </trkpt>
      <trkpt lat="46.184284" lon="6.140443">
        <ele>384.017171</ele>
        <time>2025-12-18T09:16:52.271Z</time>
      </trkpt>
      <trkpt lat="46.184211" lon="6.140470">
        <ele>384.088914</ele>
        <time>2025-12-18T09:16:53.683Z</time>
      </trkpt>
      <trkpt lat="46.183992" lon="6.140655">
        <ele>384.330457</ele>
        <time>2025-12-18T09:16:58.371Z</time>
      </trkpt>
      <trkpt lat="46.183922" lon="6.140722">
        <ele>384.410407</ele>
        <time>2025-12-18T09:16:59.920Z</time>
      </trkpt>
      <trkpt lat="46.183383" lon="6.141249">
        <ele>385.094653</ele>
        <time>2025-12-18T09:17:12.762Z</time>
      </trkpt>
      <trkpt lat="46.183316" lon="6.141314">
        <ele>385.212361</ele>
        <time>2025-12-18T09:17:14.514Z</time>
      </trkpt>
      <trkpt lat="46.183223" lon="6.141393">
        <ele>385.369709</ele>
        <time>2025-12-18T09:17:16.854Z</time>
      </trkpt>
      <trkpt lat="46.183121" lon="6.141414">
        <ele>385.519968</ele>
        <time>2025-12-18T09:17:19.016Z</time>
      </trkpt>
      <trkpt lat="46.182192" lon="6.141110">
        <ele>386.909148</ele>
        <time>2025-12-18T09:17:38.548Z</time>
      </trkpt>
      <trkpt lat="46.182142" lon="6.141096">
        <ele>386.983425</ele>
        <time>2025-12-18T09:17:39.712Z</time>
      </trkpt>
      <trkpt lat="46.181511" lon="6.140920">
        <ele>387.753783</ele>
        <time>2025-12-18T09:17:53.789Z</time>
      </trkpt>
      <trkpt lat="46.181221" lon="6.140833">
        <ele>388.000359</ele>
        <time>2025-12-18T09:17:59.634Z</time>
      </trkpt>
      <trkpt lat="46.181017" lon="6.140694">
        <ele>388.188138</ele>
        <time>2025-12-18T09:18:03.579Z</time>
      </trkpt>
      <trkpt lat="46.180876" lon="6.140541">
        <ele>388.334958</ele>
        <time>2025-12-18T09:18:06.550Z</time>
      </trkpt>
      <trkpt lat="46.180788" lon="6.140445">
        <ele>388.426767</ele>
        <time>2025-12-18T09:18:08.361Z</time>
      </trkpt>
      <trkpt lat="46.180699" lon="6.140351">
        <ele>388.518556</ele>
        <time>2025-12-18T09:18:10.093Z</time>
      </trkpt>
      <trkpt lat="46.180510" lon="6.140126">
        <ele>388.722459</ele>
        <time>2025-12-18T09:18:13.463Z</time>
      </trkpt>
      <trkpt lat="46.180376" lon="6.139898">
        <ele>388.894842</ele>
        <time>2025-12-18T09:18:16.426Z</time>
      </trkpt>
      <trkpt lat="46.180301" lon="6.139714">
        <ele>389.017916</ele>
        <time>2025-12-18T09:18:18.883Z</time>
      </trkpt>
      <trkpt lat="46.180150" lon="6.139320">
        <ele>390.121610</ele>
        <time>2025-12-18T09:18:24.790Z</time>
      </trkpt>
      <trkpt lat="46.180107" lon="6.139097">
        <ele>390.708610</ele>
        <time>2025-12-18T09:18:28.065Z</time>
      </trkpt>
      <trkpt lat="46.180052" lon="6.138867">
        <ele>391.325646</ele>
        <time>2025-12-18T09:18:32.075Z</time>
      </trkpt>
      <trkpt lat="46.180013" lon="6.138728">
        <ele>391.705961</ele>
        <time>2025-12-18T09:18:34.846Z</time>
      </trkpt>
      <trkpt lat="46.179970" lon="6.138781">
        <ele>391.912994</ele>
        <time>2025-12-18T09:18:36.464Z</time>
      </trkpt>
      <trkpt lat="46.179933" lon="6.138824">
        <ele>392.086925</ele>
        <time>2025-12-18T09:18:37.836Z</time>
      </trkpt>
      <trkpt lat="46.179897" lon="6.138866">
        <ele>392.256412</ele>
        <time>2025-12-18T09:18:39.224Z</time>
      </trkpt>
      <trkpt lat="46.179821" lon="6.138956">
        <ele>392.616353</ele>
        <time>2025-12-18T09:18:42.339Z</time>
      </trkpt>
      <trkpt lat="46.179677" lon="6.139043">
        <ele>393.188017</ele>
        <time>2025-12-18T09:18:47.429Z</time>
      </trkpt>
      <trkpt lat="46.179631" lon="6.139055">
        <ele>393.359211</ele>
        <time>2025-12-18T09:18:48.992Z</time>
      </trkpt>
      <trkpt lat="46.179425" lon="6.139088">
        <ele>394.118282</ele>
        <time>2025-12-18T09:18:56.348Z</time>
      </trkpt>
      <trkpt lat="46.179345" lon="6.139100">
        <ele>394.412846</ele>
        <time>2025-12-18T09:18:59.245Z</time>
      </trkpt>
      <trkpt lat="46.179173" lon="6.139103">
        <ele>395.042816</ele>
        <time>2025-12-18T09:19:05.900Z</time>
      </trkpt>
      <trkpt lat="46.179114" lon="6.139083">
        <ele>395.264767</ele>
        <time>2025-12-18T09:19:08.410Z</time>
      </trkpt>
      <trkpt lat="46.178998" lon="6.139017">
        <ele>395.769865</ele>
        <time>2025-12-18T09:19:14.466Z</time>
      </trkpt>
      <trkpt lat="46.178807" lon="6.138901">
        <ele>396.879289</ele>
        <time>2025-12-18T09:19:23.695Z</time>
      </trkpt>
      <trkpt lat="46.178604" lon="6.138809">
        <ele>398.018479</ele>
        <time>2025-12-18T09:19:32.631Z</time>
      </trkpt>
      <trkpt lat="46.177855" lon="6.138624">
        <ele>402.087106</ele>
        <time>2025-12-18T09:20:02.027Z</time>
      </trkpt>
      <trkpt lat="46.177426" lon="6.138465">
        <ele>404.458552</ele>
        <time>2025-12-18T09:20:16.084Z</time>
      </trkpt>
      <trkpt lat="46.176818" lon="6.138155">
        <ele>406.352857</ele>
        <time>2025-12-18T09:20:34.323Z</time>
      </trkpt>
      <trkpt lat="46.176573" lon="6.138115">
        <ele>406.900899</ele>
        <time>2025-12-18T09:20:40.492Z</time>
      </trkpt>
      <trkpt lat="46.175595" lon="6.138205">
        <ele>409.079155</ele>
        <time>2025-12-18T09:21:01.750Z</time>
      </trkpt>
      <trkpt lat="46.175345" lon="6.138222">
        <ele>409.458188</ele>
        <time>2025-12-18T09:21:05.844Z</time>
      </trkpt>
      <trkpt lat="46.175233" lon="6.138241">
        <ele>409.595076</ele>
        <time>2025-12-18T09:21:07.716Z</time>
      </trkpt>
      <trkpt lat="46.175179" lon="6.138224">
        <ele>409.662164</ele>
        <time>2025-12-18T09:21:08.618Z</time>
      </trkpt>
      <trkpt lat="46.175152" lon="6.138229">
        <ele>409.695206</ele>
        <time>2025-12-18T09:21:09.110Z</time>
      </trkpt>
      <trkpt lat="46.175103" lon="6.138265">
        <ele>409.761940</ele>
        <time>2025-12-18T09:21:10.059Z</time>
      </trkpt>
      <trkpt lat="46.175021" lon="6.138256">
        <ele>409.861764</ele>
        <time>2025-12-18T09:21:11.451Z</time>
      </trkpt>
      <trkpt lat="46.174828" lon="6.138285">
        <ele>410.097304</ele>
        <time>2025-12-18T09:21:14.929Z</time>
      </trkpt>
      <trkpt lat="46.174337" lon="6.138329">
        <ele>410.694456</ele>
        <time>2025-12-18T09:21:23.838Z</time>
      </trkpt>
      <trkpt lat="46.174182" lon="6.138341">
        <ele>410.882875</ele>
        <time>2025-12-18T09:21:26.831Z</time>
      </trkpt>
      <trkpt lat="46.173787" lon="6.138405">
        <ele>411.365359</ele>
        <time>2025-12-18T09:21:34.746Z</time>
      </trkpt>
      <trkpt lat="46.173429" lon="6.138501">
        <ele>412.425978</ele>
        <time>2025-12-18T09:21:43.630Z</time>
      </trkpt>
      <trkpt lat="46.172744" lon="6.138772">
        <ele>414.694813</ele>
        <time>2025-12-18T09:22:04.881Z</time>
      </trkpt>
      <trkpt lat="46.172466" lon="6.138916">
        <ele>415.638275</ele>
        <time>2025-12-18T09:22:13.493Z</time>
      </trkpt>
      <trkpt lat="46.172319" lon="6.139005">
        <ele>416.147462</ele>
        <time>2025-12-18T09:22:18.166Z</time>
      </trkpt>
      <trkpt lat="46.172272" lon="6.139033">
        <ele>416.309876</ele>
        <time>2025-12-18T09:22:19.686Z</time>
      </trkpt>
      <trkpt lat="46.172128" lon="6.139127">
        <ele>416.814694</ele>
        <time>2025-12-18T09:22:24.333Z</time>
      </trkpt>
      <trkpt lat="46.171808" lon="6.139336">
        <ele>417.522345</ele>
        <time>2025-12-18T09:22:34.558Z</time>
      </trkpt>
      <trkpt lat="46.171373" lon="6.139571">
        <ele>418.200153</ele>
        <time>2025-12-18T09:22:47.066Z</time>
      </trkpt>
      <trkpt lat="46.170830" lon="6.139820">
        <ele>419.031602</ele>
        <time>2025-12-18T09:22:59.471Z</time>
      </trkpt>
      <trkpt lat="46.170607" lon="6.139926">
        <ele>419.374226</ele>
        <time>2025-12-18T09:23:03.227Z</time>
      </trkpt>
      <trkpt lat="46.170578" lon="6.139940">
        <ele>419.418851</ele>
        <time>2025-12-18T09:23:03.658Z</time>
      </trkpt>
      <trkpt lat="46.170068" lon="6.140211">
        <ele>419.027473</ele>
        <time>2025-12-18T09:23:10.077Z</time>
      </trkpt>
      <trkpt lat="46.170022" lon="6.140236">
        <ele>418.893541</ele>
        <time>2025-12-18T09:23:10.599Z</time>
      </trkpt>
      <trkpt lat="46.169735" lon="6.140385">
        <ele>418.062465</ele>
        <time>2025-12-18T09:23:13.653Z</time>
      </trkpt>
      <trkpt lat="46.169388" lon="6.140537">
        <ele>417.074352</ele>
        <time>2025-12-18T09:23:17.203Z</time>
      </trkpt>
      <trkpt lat="46.169323" lon="6.140558">
        <ele>416.892850</ele>
        <time>2025-12-18T09:23:17.857Z</time>
      </trkpt>
      <trkpt lat="46.169137" lon="6.140612">
        <ele>416.375864</ele>
        <time>2025-12-18T09:23:19.682Z</time>
      </trkpt>
      <trkpt lat="46.169004" lon="6.140640">
        <ele>416.009611</ele>
        <time>2025-12-18T09:23:20.980Z</time>
      </trkpt>
      <trkpt lat="46.168900" lon="6.140657">
        <ele>415.724405</ele>
        <time>2025-12-18T09:23:22.000Z</time>
      </trkpt>
      <trkpt lat="46.168715" lon="6.140677">
        <ele>415.218875</ele>
        <time>2025-12-18T09:23:23.864Z</time>
      </trkpt>
      <trkpt lat="46.168499" lon="6.140675">
        <ele>415.015489</ele>
        <time>2025-12-18T09:23:26.178Z</time>
      </trkpt>
      <trkpt lat="46.168162" lon="6.140641">
        <ele>415.421512</ele>
        <time>2025-12-18T09:23:30.231Z</time>
      </trkpt>
      <trkpt lat="46.167915" lon="6.140593">
        <ele>415.721054</ele>
        <time>2025-12-18T09:23:34.290Z</time>
      </trkpt>
      <trkpt lat="46.167546" lon="6.140476">
        <ele>416.175117</ele>
        <time>2025-12-18T09:23:43.549Z</time>
      </trkpt>
      <trkpt lat="46.167370" lon="6.140402">
        <ele>416.395434</ele>
        <time>2025-12-18T09:23:48.577Z</time>
      </trkpt>
      <trkpt lat="46.167356" lon="6.140396">
        <ele>416.412986</ele>
        <time>2025-12-18T09:23:48.974Z</time>
      </trkpt>
      <trkpt lat="46.167303" lon="6.140373">
        <ele>416.479501</ele>
        <time>2025-12-18T09:23:50.519Z</time>
      </trkpt>
      <trkpt lat="46.167304" lon="6.140286">
        <ele>416.551927</ele>
        <time>2025-12-18T09:23:52.213Z</time>
      </trkpt>
      <trkpt lat="46.167267" lon="6.140217">
        <ele>416.624564</ele>
        <time>2025-12-18T09:23:53.886Z</time>
      </trkpt>
      <trkpt lat="46.167184" lon="6.140211">
        <ele>416.724446</ele>
        <time>2025-12-18T09:23:56.317Z</time>
      </trkpt>
      <trkpt lat="46.167132" lon="6.140307">
        <ele>416.825892</ele>
        <time>2025-12-18T09:23:58.671Z</time>
      </trkpt>
      <trkpt lat="46.167067" lon="6.140301">
        <ele>416.904174</ele>
        <time>2025-12-18T09:24:00.607Z</time>
      </trkpt>
      <trkpt lat="46.166719" lon="6.140211">
        <ele>417.525718</ele>
        <time>2025-12-18T09:24:10.589Z</time>
      </trkpt>
      <trkpt lat="46.166430" lon="6.140116">
        <ele>418.141636</ele>
        <time>2025-12-18T09:24:18.240Z</time>
      </trkpt>
      <trkpt lat="46.165995" lon="6.139977">
        <ele>419.067451</ele>
        <time>2025-12-18T09:24:29.229Z</time>
      </trkpt>
      <trkpt lat="46.165545" lon="6.139829">
        <ele>420.026518</ele>
        <time>2025-12-18T09:24:38.667Z</time>
      </trkpt>
      <trkpt lat="46.165455" lon="6.139799">
        <ele>420.218460</ele>
        <time>2025-12-18T09:24:40.382Z</time>
      </trkpt>
      <trkpt lat="46.164543" lon="6.139508">
        <ele>421.470985</ele>
        <time>2025-12-18T09:24:58.059Z</time>
      </trkpt>
      <trkpt lat="46.164393" lon="6.139458">
        <ele>421.629249</ele>
        <time>2025-12-18T09:25:01.107Z</time>
      </trkpt>
      <trkpt lat="46.164297" lon="6.139425">
        <ele>421.730701</ele>
        <time>2025-12-18T09:25:03.068Z</time>
      </trkpt>
      <trkpt lat="46.163566" lon="6.139169">
        <ele>422.504000</ele>
        <time>2025-12-18T09:25:17.361Z</time>
      </trkpt>
      <trkpt lat="46.163280" lon="6.139069">
        <ele>422.867586</ele>
        <time>2025-12-18T09:25:22.468Z</time>
      </trkpt>
      <trkpt lat="46.163014" lon="6.139003">
        <ele>423.250671</ele>
        <time>2025-12-18T09:25:27.220Z</time>
      </trkpt>
      <trkpt lat="46.162925" lon="6.138986">
        <ele>423.378095</ele>
        <time>2025-12-18T09:25:28.806Z</time>
      </trkpt>
      <trkpt lat="46.162879" lon="6.138979">
        <ele>423.443747</ele>
        <time>2025-12-18T09:25:29.644Z</time>
      </trkpt>
      <trkpt lat="46.162469" lon="6.138910">
        <ele>424.029626</ele>
        <time>2025-12-18T09:25:37.269Z</time>
      </trkpt>
      <trkpt lat="46.161648" lon="6.138773">
        <ele>425.210671</ele>
        <time>2025-12-18T09:25:53.993Z</time>
      </trkpt>
      <trkpt lat="46.160315" lon="6.138547">
        <ele>431.277356</ele>
        <time>2025-12-18T09:26:35.564Z</time>
      </trkpt>
      <trkpt lat="46.159630" lon="6.138448">
        <ele>434.632537</ele>
        <time>2025-12-18T09:27:04.792Z</time>
      </trkpt>
      <trkpt lat="46.159553" lon="6.138445">
        <ele>435.060671</ele>
        <time>2025-12-18T09:27:08.178Z</time>
      </trkpt>
      <trkpt lat="46.159463" lon="6.138447">
        <ele>435.560965</ele>
        <time>2025-12-18T09:27:12.227Z</time>
      </trkpt>
      <trkpt lat="46.159387" lon="6.138455">
        <ele>435.984506</ele>
        <time>2025-12-18T09:27:15.588Z</time>
      </trkpt>
      <trkpt lat="46.159286" lon="6.138468">
        <ele>436.548106</ele>
        <time>2025-12-18T09:27:20.083Z</time>
      </trkpt>
      <trkpt lat="46.158923" lon="6.138554">
        <ele>438.592703</ele>
        <time>2025-12-18T09:27:35.968Z</time>
      </trkpt>
      <trkpt lat="46.158597" lon="6.138692">
        <ele>440.480947</ele>
        <time>2025-12-18T09:27:48.847Z</time>
      </trkpt>
      <trkpt lat="46.157539" lon="6.139301">
        <ele>444.743217</ele>
        <time>2025-12-18T09:28:20.623Z</time>
      </trkpt>
      <trkpt lat="46.157201" lon="6.139462">
        <ele>445.547486</ele>
        <time>2025-12-18T09:28:27.732Z</time>
      </trkpt>
      <trkpt lat="46.156982" lon="6.139526">
        <ele>446.052393</ele>
        <time>2025-12-18T09:28:32.268Z</time>
      </trkpt>
      <trkpt lat="46.156631" lon="6.139564">
        <ele>446.847765</ele>
        <time>2025-12-18T09:28:39.574Z</time>
      </trkpt>
      <trkpt lat="46.156433" lon="6.139545">
        <ele>447.296168</ele>
        <time>2025-12-18T09:28:43.749Z</time>
      </trkpt>
      <trkpt lat="46.154942" lon="6.139193">
        <ele>450.605121</ele>
        <time>2025-12-18T09:29:20.452Z</time>
      </trkpt>
      <trkpt lat="46.154553" lon="6.139140">
        <ele>451.464005</ele>
        <time>2025-12-18T09:29:29.470Z</time>
      </trkpt>
      <trkpt lat="46.154128" lon="6.139147">
        <ele>452.421071</ele>
        <time>2025-12-18T09:29:39.063Z</time>
      </trkpt>
      <trkpt lat="46.153716" lon="6.139193">
        <ele>453.351573</ele>
        <time>2025-12-18T09:29:48.503Z</time>
      </trkpt>
      <trkpt lat="46.153406" lon="6.139193">
        <ele>454.049623</ele>
        <time>2025-12-18T09:29:55.599Z</time>
      </trkpt>
      <trkpt lat="46.152526" lon="6.139035">
        <ele>456.415554</ele>
        <time>2025-12-18T09:30:17.662Z</time>
      </trkpt>
      <trkpt lat="46.151984" lon="6.138921">
        <ele>458.328403</ele>
        <time>2025-12-18T09:30:33.497Z</time>
      </trkpt>
      <trkpt lat="46.151726" lon="6.138836">
        <ele>459.252602</ele>
        <time>2025-12-18T09:30:41.543Z</time>
      </trkpt>
      <trkpt lat="46.150817" lon="6.138404">
        <ele>462.379680</ele>
        <time>2025-12-18T09:31:10.979Z</time>
      </trkpt>
      <trkpt lat="46.150785" lon="6.138390">
        <ele>462.469641</ele>
        <time>2025-12-18T09:31:11.980Z</time>
      </trkpt>
      <trkpt lat="46.150419" lon="6.138239">
        <ele>463.493767</ele>
        <time>2025-12-18T09:31:22.824Z</time>
      </trkpt>
      <trkpt lat="46.150026" lon="6.138181">
        <ele>464.556617</ele>
        <time>2025-12-18T09:31:33.154Z</time>
      </trkpt>
      <trkpt lat="46.148867" lon="6.138190">
        <ele>467.611930</ele>
        <time>2025-12-18T09:31:57.963Z</time>
      </trkpt>
      <trkpt lat="46.148338" lon="6.138081">
        <ele>468.972767</ele>
        <time>2025-12-18T09:32:10.208Z</time>
      </trkpt>
      <trkpt lat="46.147969" lon="6.137936">
        <ele>469.946682</ele>
        <time>2025-12-18T09:32:20.190Z</time>
      </trkpt>
      <trkpt lat="46.147536" lon="6.137642">
        <ele>471.189229</ele>
        <time>2025-12-18T09:32:34.146Z</time>
      </trkpt>
      <trkpt lat="46.146620" lon="6.136926">
        <ele>474.566690</ele>
        <time>2025-12-18T09:33:05.775Z</time>
      </trkpt>
      <trkpt lat="46.146205" lon="6.136638">
        <ele>476.059683</ele>
        <time>2025-12-18T09:33:18.871Z</time>
      </trkpt>
      <trkpt lat="46.146007" lon="6.136570">
        <ele>476.719577</ele>
        <time>2025-12-18T09:33:24.035Z</time>
      </trkpt>
      <trkpt lat="46.145670" lon="6.136507">
        <ele>476.961008</ele>
        <time>2025-12-18T09:33:31.472Z</time>
      </trkpt>
      <trkpt lat="46.145289" lon="6.136438">
        <ele>477.031503</ele>
        <time>2025-12-18T09:33:37.957Z</time>
      </trkpt>
      <trkpt lat="46.145270" lon="6.136434">
        <ele>477.035028</ele>
        <time>2025-12-18T09:33:38.250Z</time>
      </trkpt>
      <trkpt lat="46.145180" lon="6.136361">
        <ele>477.053981</ele>
        <time>2025-12-18T09:33:39.736Z</time>
      </trkpt>
      <trkpt lat="46.145176" lon="6.136343">
        <ele>477.056386</ele>
        <time>2025-12-18T09:33:39.923Z</time>
      </trkpt>
      <trkpt lat="46.145173" lon="6.136336">
        <ele>477.057432</ele>
        <time>2025-12-18T09:33:39.994Z</time>
      </trkpt>
      <trkpt lat="46.145115" lon="6.136282">
        <ele>477.070104</ele>
        <time>2025-12-18T09:33:40.977Z</time>
      </trkpt>
      <trkpt lat="46.145068" lon="6.136302">
        <ele>477.079099</ele>
        <time>2025-12-18T09:33:41.683Z</time>
      </trkpt>
      <trkpt lat="46.145043" lon="6.136418">
        <ele>477.094551</ele>
        <time>2025-12-18T09:33:42.859Z</time>
      </trkpt>
      <trkpt lat="46.145044" lon="6.136427">
        <ele>477.095711</ele>
        <time>2025-12-18T09:33:42.967Z</time>
      </trkpt>
      <trkpt lat="46.144994" lon="6.136538">
        <ele>477.112551</ele>
        <time>2025-12-18T09:33:44.315Z</time>
      </trkpt>
      <trkpt lat="46.144953" lon="6.136583">
        <ele>477.122007</ele>
        <time>2025-12-18T09:33:45.020Z</time>
      </trkpt>
      <trkpt lat="46.144545" lon="6.136989">
        <ele>477.212987</ele>
        <time>2025-12-18T09:33:51.085Z</time>
      </trkpt>
      <trkpt lat="46.144467" lon="6.137066">
        <ele>477.230336</ele>
        <time>2025-12-18T09:33:52.191Z</time>
      </trkpt>
      <trkpt lat="46.144326" lon="6.137220">
        <ele>477.234438</ele>
        <time>2025-12-18T09:33:54.234Z</time>
      </trkpt>
      <trkpt lat="46.144258" lon="6.137295">
        <ele>477.230962</ele>
        <time>2025-12-18T09:33:55.254Z</time>
      </trkpt>
      <trkpt lat="46.144099" lon="6.137485">
        <ele>477.222577</ele>
        <time>2025-12-18T09:33:57.699Z</time>
      </trkpt>
      <trkpt lat="46.143950" lon="6.137698">
        <ele>477.214058</ele>
        <time>2025-12-18T09:34:00.210Z</time>
      </trkpt>
      <trkpt lat="46.143927" lon="6.137730">
        <ele>477.212760</ele>
        <time>2025-12-18T09:34:00.602Z</time>
      </trkpt>
      <trkpt lat="46.143778" lon="6.137949">
        <ele>477.204122</ele>
        <time>2025-12-18T09:34:03.306Z</time>
      </trkpt>
      <trkpt lat="46.143653" lon="6.138167">
        <ele>477.196158</ele>
        <time>2025-12-18T09:34:06.016Z</time>
      </trkpt>
      <trkpt lat="46.143397" lon="6.138512">
        <ele>477.181931</ele>
        <time>2025-12-18T09:34:12.329Z</time>
      </trkpt>
      <trkpt lat="46.143355" lon="6.138569">
        <ele>477.179589</ele>
        <time>2025-12-18T09:34:13.442Z</time>
      </trkpt>
      <trkpt lat="46.143141" lon="6.138861">
        <ele>477.167626</ele>
        <time>2025-12-18T09:34:19.199Z</time>
      </trkpt>
      <trkpt lat="46.143096" lon="6.138926">
        <ele>477.254370</ele>
        <time>2025-12-18T09:34:20.525Z</time>
      </trkpt>
      <trkpt lat="46.142969" lon="6.139105">
        <ele>477.684144</ele>
        <time>2025-12-18T09:34:24.428Z</time>
      </trkpt>
      <trkpt lat="46.142871" lon="6.139243">
        <ele>478.015633</ele>
        <time>2025-12-18T09:34:27.485Z</time>
      </trkpt>
      <trkpt lat="46.142846" lon="6.139278">
        <ele>478.099958</ele>
        <time>2025-12-18T09:34:28.289Z</time>
      </trkpt>
      <trkpt lat="46.142806" lon="6.139334">
        <ele>478.234878</ele>
        <time>2025-12-18T09:34:29.529Z</time>
      </trkpt>
      <trkpt lat="46.142778" lon="6.139373">
        <ele>478.329089</ele>
        <time>2025-12-18T09:34:30.473Z</time>
      </trkpt>
      <trkpt lat="46.142750" lon="6.139412">
        <ele>478.423299</ele>
        <time>2025-12-18T09:34:31.373Z</time>
      </trkpt>
      <trkpt lat="46.142547" lon="6.139697">
        <ele>479.108954</ele>
        <time>2025-12-18T09:34:38.136Z</time>
      </trkpt>
      <trkpt lat="46.142371" lon="6.139919">
        <ele>479.674868</ele>
        <time>2025-12-18T09:34:43.939Z</time>
      </trkpt>
      <trkpt lat="46.142322" lon="6.139955">
        <ele>479.807988</ele>
        <time>2025-12-18T09:34:45.415Z</time>
      </trkpt>
      <trkpt lat="46.142241" lon="6.139859">
        <ele>480.061746</ele>
        <time>2025-12-18T09:34:48.213Z</time>
      </trkpt>
      <trkpt lat="46.142141" lon="6.139904">
        <ele>480.315351</ele>
        <time>2025-12-18T09:34:51.110Z</time>
      </trkpt>
      <trkpt lat="46.142111" lon="6.140042">
        <ele>480.557975</ele>
        <time>2025-12-18T09:34:53.870Z</time>
      </trkpt>
      <trkpt lat="46.142172" lon="6.140158">
        <ele>480.802264</ele>
        <time>2025-12-18T09:34:56.560Z</time>
      </trkpt>
      <trkpt lat="46.141953" lon="6.140556">
        <ele>481.773220</ele>
        <time>2025-12-18T09:35:06.069Z</time>
      </trkpt>
      <trkpt lat="46.141910" lon="6.140616">
        <ele>482.046301</ele>
        <time>2025-12-18T09:35:07.720Z</time>
      </trkpt>
      <trkpt lat="46.141782" lon="6.140797">
        <ele>482.864477</ele>
        <time>2025-12-18T09:35:12.500Z</time>
      </trkpt>
      <trkpt lat="46.141738" lon="6.140860">
        <ele>483.147460</ele>
        <time>2025-12-18T09:35:14.146Z</time>
      </trkpt>
      <trkpt lat="46.141641" lon="6.140999">
        <ele>483.771564</ele>
        <time>2025-12-18T09:35:17.727Z</time>
      </trkpt>
      <trkpt lat="46.141494" lon="6.141232">
        <ele>484.768453</ele>
        <time>2025-12-18T09:35:23.836Z</time>
      </trkpt>
      <trkpt lat="46.141449" lon="6.141385">
        <ele>485.294276</ele>
        <time>2025-12-18T09:35:27.320Z</time>
      </trkpt>
      <trkpt lat="46.141445" lon="6.141469">
        <ele>485.560640</ele>
        <time>2025-12-18T09:35:29.235Z</time>
      </trkpt>
      <trkpt lat="46.141446" lon="6.141532">
        <ele>485.759996</ele>
        <time>2025-12-18T09:35:30.696Z</time>
      </trkpt>
      <trkpt lat="46.141500" lon="6.142055">
        <ele>487.432794</ele>
        <time>2025-12-18T09:35:43.675Z</time>
      </trkpt>
      <trkpt lat="46.141465" lon="6.142360">
        <ele>488.410816</ele>
        <time>2025-12-18T09:35:51.680Z</time>
      </trkpt>
      <trkpt lat="46.141425" lon="6.142491">
        <ele>488.863696</ele>
        <time>2025-12-18T09:35:55.421Z</time>
      </trkpt>
      <trkpt lat="46.141235" lon="6.142954">
        <ele>491.093944</ele>
        <time>2025-12-18T09:36:10.380Z</time>
      </trkpt>
      <trkpt lat="46.141205" lon="6.143029">
        <ele>491.541612</ele>
        <time>2025-12-18T09:36:13.000Z</time>
      </trkpt>
      <trkpt lat="46.141183" lon="6.143084">
        <ele>491.869902</ele>
        <time>2025-12-18T09:36:14.793Z</time>
      </trkpt>
      <trkpt lat="46.141168" lon="6.143120">
        <ele>492.087055</ele>
        <time>2025-12-18T09:36:15.996Z</time>
      </trkpt>
      <trkpt lat="46.141159" lon="6.143143">
        <ele>492.223600</ele>
        <time>2025-12-18T09:36:16.749Z</time>
      </trkpt>
      <trkpt lat="46.141068" lon="6.143469">
        <ele>494.040424</ele>
        <time>2025-12-18T09:36:27.805Z</time>
      </trkpt>
      <trkpt lat="46.140991" lon="6.143999">
        <ele>496.839761</ele>
        <time>2025-12-18T09:36:46.314Z</time>
      </trkpt>
      <trkpt lat="46.140923" lon="6.144240">
        <ele>498.184913</ele>
        <time>2025-12-18T09:36:55.536Z</time>
      </trkpt>
      <trkpt lat="46.140886" lon="6.144385">
        <ele>498.983685</ele>
        <time>2025-12-18T09:37:00.718Z</time>
      </trkpt>
      <trkpt lat="46.140832" lon="6.144450">
        <ele>499.508289</ele>
        <time>2025-12-18T09:37:04.232Z</time>
      </trkpt>
      <trkpt lat="46.140833" lon="6.144582">
        <ele>500.190687</ele>
        <time>2025-12-18T09:37:08.454Z</time>
      </trkpt>
      <trkpt lat="46.140464" lon="6.144939">
        <ele>503.310582</ele>
        <time>2025-12-18T09:37:28.695Z</time>
      </trkpt>
      <trkpt lat="46.140331" lon="6.145129">
        <ele>503.936940</ele>
        <time>2025-12-18T09:37:36.802Z</time>
      </trkpt>
      <trkpt lat="46.140263" lon="6.145294">
        <ele>504.382169</ele>
        <time>2025-12-18T09:37:41.941Z</time>
      </trkpt>
      <trkpt lat="46.140215" lon="6.145767">
        <ele>505.490828</ele>
        <time>2025-12-18T09:37:52.461Z</time>
      </trkpt>
      <trkpt lat="46.140242" lon="6.145984">
        <ele>506.002132</ele>
        <time>2025-12-18T09:37:56.351Z</time>
      </trkpt>
      <trkpt lat="46.140302" lon="6.146147">
        <ele>506.430185</ele>
        <time>2025-12-18T09:37:59.273Z</time>
      </trkpt>
      <trkpt lat="46.140432" lon="6.146339">
        <ele>507.052756</ele>
        <time>2025-12-18T09:38:03.105Z</time>
      </trkpt>
      <trkpt lat="46.140547" lon="6.146456">
        <ele>507.523691</ele>
        <time>2025-12-18T09:38:05.826Z</time>
      </trkpt>
      <trkpt lat="46.140773" lon="6.146627">
        <ele>508.377772</ele>
        <time>2025-12-18T09:38:10.396Z</time>
      </trkpt>
      <trkpt lat="46.140826" lon="6.146638">
        <ele>508.556990</ele>
        <time>2025-12-18T09:38:11.430Z</time>
      </trkpt>
      <trkpt lat="46.140940" lon="6.146606">
        <ele>508.945702</ele>
        <time>2025-12-18T09:38:13.804Z</time>
      </trkpt>
      <trkpt lat="46.141047" lon="6.146610">
        <ele>509.188345</ele>
        <time>2025-12-18T09:38:16.131Z</time>
      </trkpt>
      <trkpt lat="46.141138" lon="6.146703">
        <ele>509.233266</ele>
        <time>2025-12-18T09:38:18.778Z</time>
      </trkpt>
      <trkpt lat="46.141188" lon="6.146804">
        <ele>509.267916</ele>
        <time>2025-12-18T09:38:20.853Z</time>
      </trkpt>
      <trkpt lat="46.141231" lon="6.146896">
        <ele>509.298893</ele>
        <time>2025-12-18T09:38:22.667Z</time>
      </trkpt>
      <trkpt lat="46.141280" lon="6.147000">
        <ele>509.333999</ele>
        <time>2025-12-18T09:38:24.417Z</time>
      </trkpt>
      <trkpt lat="46.141296" lon="6.147034">
        <ele>509.345472</ele>
        <time>2025-12-18T09:38:25.006Z</time>
      </trkpt>
      <trkpt lat="46.141309" lon="6.147062">
        <ele>509.354880</ele>
        <time>2025-12-18T09:38:25.437Z</time>
      </trkpt>
      <trkpt lat="46.141360" lon="6.147176">
        <ele>509.392759</ele>
        <time>2025-12-18T09:38:26.915Z</time>
      </trkpt>
      <trkpt lat="46.141391" lon="6.147259">
        <ele>509.419079</ele>
        <time>2025-12-18T09:38:27.935Z</time>
      </trkpt>
      <trkpt lat="46.141399" lon="6.147296">
        <ele>509.429898</ele>
        <time>2025-12-18T09:38:28.296Z</time>
      </trkpt>
      <trkpt lat="46.141391" lon="6.147657">
        <ele>509.530718</ele>
        <time>2025-12-18T09:38:31.790Z</time>
      </trkpt>
      <trkpt lat="46.141385" lon="6.147732">
        <ele>509.551793</ele>
        <time>2025-12-18T09:38:32.545Z</time>
      </trkpt>
      <trkpt lat="46.141379" lon="6.147815">
        <ele>509.575087</ele>
        <time>2025-12-18T09:38:33.392Z</time>
      </trkpt>
      <trkpt lat="46.141372" lon="6.147948">
        <ele>509.612319</ele>
        <time>2025-12-18T09:38:34.924Z</time>
      </trkpt>
      <trkpt lat="46.141404" lon="6.148245">
        <ele>509.696219</ele>
        <time>2025-12-18T09:38:38.277Z</time>
      </trkpt>
      <trkpt lat="46.141427" lon="6.148339">
        <ele>509.724046</ele>
        <time>2025-12-18T09:38:39.357Z</time>
      </trkpt>
      <trkpt lat="46.141431" lon="6.148355">
        <ele>509.728794</ele>
        <time>2025-12-18T09:38:39.540Z</time>
      </trkpt>
      <trkpt lat="46.141427" lon="6.148339">
        <ele>509.733542</ele>
        <time>2025-12-18T09:38:39.716Z</time>
      </trkpt>
      <trkpt lat="46.141404" lon="6.148245">
        <ele>509.761369</ele>
        <time>2025-12-18T09:38:40.688Z</time>
      </trkpt>
      <trkpt lat="46.141372" lon="6.147948">
        <ele>509.845269</ele>
        <time>2025-12-18T09:38:43.555Z</time>
      </trkpt>
      <trkpt lat="46.141379" lon="6.147815">
        <ele>509.882502</ele>
        <time>2025-12-18T09:38:44.794Z</time>
      </trkpt>
      <trkpt lat="46.141385" lon="6.147732">
        <ele>509.869409</ele>
        <time>2025-12-18T09:38:45.646Z</time>
      </trkpt>
      <trkpt lat="46.141391" lon="6.147657">
        <ele>509.801935</ele>
        <time>2025-12-18T09:38:46.450Z</time>
      </trkpt>
      <trkpt lat="46.141399" lon="6.147296">
        <ele>509.479138</ele>
        <time>2025-12-18T09:38:50.402Z</time>
      </trkpt>
      <trkpt lat="46.141391" lon="6.147259">
        <ele>509.444498</ele>
        <time>2025-12-18T09:38:50.851Z</time>
      </trkpt>
      <trkpt lat="46.141360" lon="6.147176">
        <ele>509.360229</ele>
        <time>2025-12-18T09:38:51.767Z</time>
      </trkpt>
      <trkpt lat="46.141309" lon="6.147062">
        <ele>509.238953</ele>
        <time>2025-12-18T09:38:53.093Z</time>
      </trkpt>
      <trkpt lat="46.141296" lon="6.147034">
        <ele>509.208831</ele>
        <time>2025-12-18T09:38:53.374Z</time>
      </trkpt>
      <trkpt lat="46.141280" lon="6.147000">
        <ele>509.172098</ele>
        <time>2025-12-18T09:38:53.711Z</time>
      </trkpt>
      <trkpt lat="46.141231" lon="6.146896">
        <ele>509.059698</ele>
        <time>2025-12-18T09:38:54.733Z</time>
      </trkpt>
      <trkpt lat="46.141188" lon="6.146804">
        <ele>508.960518</ele>
        <time>2025-12-18T09:38:55.562Z</time>
      </trkpt>
      <trkpt lat="46.141138" lon="6.146703">
        <ele>508.849580</ele>
        <time>2025-12-18T09:38:56.483Z</time>
      </trkpt>
      <trkpt lat="46.141047" lon="6.146610">
        <ele>508.705755</ele>
        <time>2025-12-18T09:38:57.688Z</time>
      </trkpt>
      <trkpt lat="46.140940" lon="6.146606">
        <ele>508.567694</ele>
        <time>2025-12-18T09:38:58.882Z</time>
      </trkpt>
      <trkpt lat="46.140826" lon="6.146638">
        <ele>508.417895</ele>
        <time>2025-12-18T09:39:00.248Z</time>
      </trkpt>
      <trkpt lat="46.140773" lon="6.146627">
        <ele>508.348829</ele>
        <time>2025-12-18T09:39:00.890Z</time>
      </trkpt>
      <trkpt lat="46.140547" lon="6.146456">
        <ele>508.019689</ele>
        <time>2025-12-18T09:39:04.109Z</time>
      </trkpt>
      <trkpt lat="46.140432" lon="6.146339">
        <ele>507.838203</ele>
        <time>2025-12-18T09:39:05.810Z</time>
      </trkpt>
      <trkpt lat="46.140302" lon="6.146147">
        <ele>507.598281</ele>
        <time>2025-12-18T09:39:07.955Z</time>
      </trkpt>
      <trkpt lat="46.140242" lon="6.145984">
        <ele>507.014907</ele>
        <time>2025-12-18T09:39:09.361Z</time>
      </trkpt>
      <trkpt lat="46.140215" lon="6.145767">
        <ele>506.244615</ele>
        <time>2025-12-18T09:39:10.952Z</time>
      </trkpt>
      <trkpt lat="46.140263" lon="6.145294">
        <ele>504.574396</ele>
        <time>2025-12-18T09:39:14.129Z</time>
      </trkpt>
      <trkpt lat="46.140331" lon="6.145129">
        <ele>503.903648</ele>
        <time>2025-12-18T09:39:15.359Z</time>
      </trkpt>
      <trkpt lat="46.140464" lon="6.144939">
        <ele>502.960025</ele>
        <time>2025-12-18T09:39:17.053Z</time>
      </trkpt>
      <trkpt lat="46.140833" lon="6.144582">
        <ele>500.719997</ele>
        <time>2025-12-18T09:39:21.032Z</time>
      </trkpt>
      <trkpt lat="46.140882" lon="6.144640">
        <ele>500.400450</ele>
        <time>2025-12-18T09:39:21.600Z</time>
      </trkpt>
      <trkpt lat="46.140925" lon="6.144647">
        <ele>500.182252</ele>
        <time>2025-12-18T09:39:21.983Z</time>
      </trkpt>
      <trkpt lat="46.140994" lon="6.144583">
        <ele>499.768670</ele>
        <time>2025-12-18T09:39:22.708Z</time>
      </trkpt>
      <trkpt lat="46.141006" lon="6.144529">
        <ele>499.570539</ele>
        <time>2025-12-18T09:39:23.069Z</time>
      </trkpt>
      <trkpt lat="46.140982" lon="6.144422">
        <ele>499.177603</ele>
        <time>2025-12-18T09:39:23.774Z</time>
      </trkpt>
      <trkpt lat="46.140980" lon="6.144253">
        <ele>498.587065</ele>
        <time>2025-12-18T09:39:24.842Z</time>
      </trkpt>
      <trkpt lat="46.140991" lon="6.143999">
        <ele>498.644231</ele>
        <time>2025-12-18T09:39:26.480Z</time>
      </trkpt>
      <trkpt lat="46.141068" lon="6.143469">
        <ele>498.963252</ele>
        <time>2025-12-18T09:39:30.213Z</time>
      </trkpt>
      <trkpt lat="46.141159" lon="6.143143">
        <ele>499.170303</ele>
        <time>2025-12-18T09:39:33.380Z</time>
      </trkpt>
      <trkpt lat="46.141168" lon="6.143120">
        <ele>499.185864</ele>
        <time>2025-12-18T09:39:33.617Z</time>
      </trkpt>
      <trkpt lat="46.141183" lon="6.143084">
        <ele>499.210612</ele>
        <time>2025-12-18T09:39:34.013Z</time>
      </trkpt>
      <trkpt lat="46.141168" lon="6.143120">
        <ele>499.235359</ele>
        <time>2025-12-18T09:39:34.591Z</time>
      </trkpt>
      <trkpt lat="46.141159" lon="6.143143">
        <ele>499.250920</ele>
        <time>2025-12-18T09:39:34.974Z</time>
      </trkpt>
      <trkpt lat="46.141068" lon="6.143469">
        <ele>499.457971</ele>
        <time>2025-12-18T09:39:40.889Z</time>
      </trkpt>
      <trkpt lat="46.140991" lon="6.143999">
        <ele>499.776992</ele>
        <time>2025-12-18T09:39:52.984Z</time>
      </trkpt>
      <trkpt lat="46.140923" lon="6.144240">
        <ele>499.930290</ele>
        <time>2025-12-18T09:39:59.941Z</time>
      </trkpt>
      <trkpt lat="46.140886" lon="6.144385">
        <ele>500.021320</ele>
        <time>2025-12-18T09:40:04.182Z</time>
      </trkpt>
      <trkpt lat="46.140832" lon="6.144450">
        <ele>500.276304</ele>
        <time>2025-12-18T09:40:07.281Z</time>
      </trkpt>
      <trkpt lat="46.140833" lon="6.144582">
        <ele>500.697917</ele>
        <time>2025-12-18T09:40:11.202Z</time>
      </trkpt>
      <trkpt lat="46.140464" lon="6.144939">
        <ele>502.745628</ele>
        <time>2025-12-18T09:40:31.443Z</time>
      </trkpt>
      <trkpt lat="46.140331" lon="6.145129">
        <ele>503.608236</ele>
        <time>2025-12-18T09:40:39.549Z</time>
      </trkpt>
      <trkpt lat="46.140263" lon="6.145294">
        <ele>504.221397</ele>
        <time>2025-12-18T09:40:44.688Z</time>
      </trkpt>
      <trkpt lat="46.140215" lon="6.145767">
        <ele>505.748220</ele>
        <time>2025-12-18T09:40:55.209Z</time>
      </trkpt>
      <trkpt lat="46.140242" lon="6.145984">
        <ele>506.452378</ele>
        <time>2025-12-18T09:40:59.099Z</time>
      </trkpt>
      <trkpt lat="46.140302" lon="6.146147">
        <ele>507.041884</ele>
        <time>2025-12-18T09:41:02.020Z</time>
      </trkpt>
      <trkpt lat="46.140432" lon="6.146339">
        <ele>507.899277</ele>
        <time>2025-12-18T09:41:05.853Z</time>
      </trkpt>
      <trkpt lat="46.140547" lon="6.146456">
        <ele>508.478368</ele>
        <time>2025-12-18T09:41:08.574Z</time>
      </trkpt>
      <trkpt lat="46.140773" lon="6.146627">
        <ele>509.283308</ele>
        <time>2025-12-18T09:41:13.143Z</time>
      </trkpt>
      <trkpt lat="46.140826" lon="6.146638">
        <ele>509.452214</ele>
        <time>2025-12-18T09:41:14.177Z</time>
      </trkpt>
      <trkpt lat="46.140940" lon="6.146606">
        <ele>509.818561</ele>
        <time>2025-12-18T09:41:16.551Z</time>
      </trkpt>
      <trkpt lat="46.141047" lon="6.146610">
        <ele>510.156202</ele>
        <time>2025-12-18T09:41:18.879Z</time>
      </trkpt>
      <trkpt lat="46.141138" lon="6.146703">
        <ele>510.507938</ele>
        <time>2025-12-18T09:41:21.526Z</time>
      </trkpt>
      <trkpt lat="46.141188" lon="6.146804">
        <ele>510.779247</ele>
        <time>2025-12-18T09:41:23.601Z</time>
      </trkpt>
      <trkpt lat="46.141231" lon="6.146896">
        <ele>511.021801</ele>
        <time>2025-12-18T09:41:25.417Z</time>
      </trkpt>
      <trkpt lat="46.141280" lon="6.147000">
        <ele>511.296685</ele>
        <time>2025-12-18T09:41:27.435Z</time>
      </trkpt>
      <trkpt lat="46.141296" lon="6.147034">
        <ele>511.386517</ele>
        <time>2025-12-18T09:41:28.131Z</time>
      </trkpt>
      <trkpt lat="46.141309" lon="6.147062">
        <ele>511.460185</ele>
        <time>2025-12-18T09:41:28.646Z</time>
      </trkpt>
      <trkpt lat="46.141360" lon="6.147176">
        <ele>511.756774</ele>
        <time>2025-12-18T09:41:30.729Z</time>
      </trkpt>
      <trkpt lat="46.141391" lon="6.147259">
        <ele>511.962862</ele>
        <time>2025-12-18T09:41:32.342Z</time>
      </trkpt>
      <trkpt lat="46.141399" lon="6.147296">
        <ele>512.047578</ele>
        <time>2025-12-18T09:41:32.989Z</time>
      </trkpt>
      <trkpt lat="46.141391" lon="6.147657">
        <ele>512.837006</ele>
        <time>2025-12-18T09:41:40.185Z</time>
      </trkpt>
      <trkpt lat="46.141385" lon="6.147732">
        <ele>513.002020</ele>
        <time>2025-12-18T09:41:41.856Z</time>
      </trkpt>
      <trkpt lat="46.141379" lon="6.147815">
        <ele>513.184415</ele>
        <time>2025-12-18T09:41:43.719Z</time>
      </trkpt>
      <trkpt lat="46.141372" lon="6.147948">
        <ele>513.475946</ele>
        <time>2025-12-18T09:41:46.984Z</time>
      </trkpt>
      <trkpt lat="46.141404" lon="6.148245">
        <ele>514.310435</ele>
        <time>2025-12-18T09:41:55.231Z</time>
      </trkpt>
      <trkpt lat="46.141427" lon="6.148339">
        <ele>514.822747</ele>
        <time>2025-12-18T09:41:58.274Z</time>
      </trkpt>
      <trkpt lat="46.141431" lon="6.148355">
        <ele>514.910161</ele>
        <time>2025-12-18T09:41:58.790Z</time>
      </trkpt>
      <trkpt lat="46.141510" lon="6.148665">
        <ele>516.607621</ele>
        <time>2025-12-18T09:42:09.113Z</time>
      </trkpt>
      <trkpt lat="46.141598" lon="6.149010">
        <ele>518.496933</ele>
        <time>2025-12-18T09:42:21.322Z</time>
      </trkpt>
      <trkpt lat="46.141602" lon="6.149025">
        <ele>518.579532</ele>
        <time>2025-12-18T09:42:21.836Z</time>
      </trkpt>
      <trkpt lat="46.141716" lon="6.149478">
        <ele>521.056334</ele>
        <time>2025-12-18T09:42:37.953Z</time>
      </trkpt>
      <trkpt lat="46.141758" lon="6.149604">
        <ele>521.774894</ele>
        <time>2025-12-18T09:42:42.721Z</time>
      </trkpt>
      <trkpt lat="46.141986" lon="6.150347">
        <ele>525.950941</ele>
        <time>2025-12-18T09:43:09.014Z</time>
      </trkpt>
      <trkpt lat="46.142064" lon="6.150506">
        <ele>526.952121</ele>
        <time>2025-12-18T09:43:14.908Z</time>
      </trkpt>
      <trkpt lat="46.142170" lon="6.150649">
        <ele>528.003825</ele>
        <time>2025-12-18T09:43:21.022Z</time>
      </trkpt>
      <trkpt lat="46.142308" lon="6.150814">
        <ele>529.285568</ele>
        <time>2025-12-18T09:43:28.804Z</time>
      </trkpt>
      <trkpt lat="46.142422" lon="6.150970">
        <ele>530.409183</ele>
        <time>2025-12-18T09:43:35.652Z</time>
      </trkpt>
      <trkpt lat="46.142580" lon="6.151225">
        <ele>532.104481</ele>
        <time>2025-12-18T09:43:45.689Z</time>
      </trkpt>
      <trkpt lat="46.142752" lon="6.151569">
        <ele>534.206772</ele>
        <time>2025-12-18T09:43:57.769Z</time>
      </trkpt>
      <trkpt lat="46.142858" lon="6.151839">
        <ele>535.744669</ele>
        <time>2025-12-18T09:44:06.607Z</time>
      </trkpt>
      <trkpt lat="46.142900" lon="6.152069">
        <ele>536.923393</ele>
        <time>2025-12-18T09:44:13.637Z</time>
      </trkpt>
      <trkpt lat="46.142889" lon="6.152261">
        <ele>537.878126</ele>
        <time>2025-12-18T09:44:19.335Z</time>
      </trkpt>
      <trkpt lat="46.142880" lon="6.152324">
        <ele>538.196900</ele>
        <time>2025-12-18T09:44:21.242Z</time>
      </trkpt>
      <trkpt lat="46.142794" lon="6.153214">
        <ele>543.254516</ele>
        <time>2025-12-18T09:44:49.387Z</time>
      </trkpt>
      <trkpt lat="46.142715" lon="6.153744">
        <ele>546.605668</ele>
        <time>2025-12-18T09:45:08.275Z</time>
      </trkpt>
      <trkpt lat="46.142662" lon="6.153893">
        <ele>547.640999</ele>
        <time>2025-12-18T09:45:14.857Z</time>
      </trkpt>
      <trkpt lat="46.142582" lon="6.153976">
        <ele>548.520005</ele>
        <time>2025-12-18T09:45:20.490Z</time>
      </trkpt>
      <trkpt lat="46.142542" lon="6.153996">
        <ele>548.897680</ele>
        <time>2025-12-18T09:45:22.807Z</time>
      </trkpt>
      <trkpt lat="46.142505" lon="6.154002">
        <ele>549.229859</ele>
        <time>2025-12-18T09:45:24.779Z</time>
      </trkpt>
      <trkpt lat="46.142458" lon="6.154003">
        <ele>549.649223</ele>
        <time>2025-12-18T09:45:27.464Z</time>
      </trkpt>
      <trkpt lat="46.142430" lon="6.153999">
        <ele>549.900250</ele>
        <time>2025-12-18T09:45:29.092Z</time>
      </trkpt>
      <trkpt lat="46.142065" lon="6.153754">
        <ele>553.491609</ele>
        <time>2025-12-18T09:45:50.760Z</time>
      </trkpt>
      <trkpt lat="46.141937" lon="6.153753">
        <ele>554.633599</ele>
        <time>2025-12-18T09:45:57.594Z</time>
      </trkpt>
      <trkpt lat="46.141900" lon="6.153773">
        <ele>554.986093</ele>
        <time>2025-12-18T09:45:59.696Z</time>
      </trkpt>
      <trkpt lat="46.141837" lon="6.153847">
        <ele>555.710777</ele>
        <time>2025-12-18T09:46:03.967Z</time>
      </trkpt>
      <trkpt lat="46.141756" lon="6.154038">
        <ele>557.064985</ele>
        <time>2025-12-18T09:46:11.735Z</time>
      </trkpt>
      <trkpt lat="46.141714" lon="6.154157">
        <ele>557.861022</ele>
        <time>2025-12-18T09:46:16.182Z</time>
      </trkpt>
      <trkpt lat="46.141605" lon="6.154440">
        <ele>559.790988</ele>
        <time>2025-12-18T09:46:26.600Z</time>
      </trkpt>
      <trkpt lat="46.141430" lon="6.154909">
        <ele>562.966130</ele>
        <time>2025-12-18T09:46:44.996Z</time>
      </trkpt>
      <trkpt lat="46.141344" lon="6.155158">
        <ele>564.624509</ele>
        <time>2025-12-18T09:46:54.954Z</time>
      </trkpt>
      <trkpt lat="46.141286" lon="6.155370">
        <ele>565.983111</ele>
        <time>2025-12-18T09:47:02.466Z</time>
      </trkpt>
      <trkpt lat="46.141255" lon="6.155609">
        <ele>567.432459</ele>
        <time>2025-12-18T09:47:10.229Z</time>
      </trkpt>
      <trkpt lat="46.141221" lon="6.156349">
        <ele>571.854956</ele>
        <time>2025-12-18T09:47:34.904Z</time>
      </trkpt>
      <trkpt lat="46.141227" lon="6.156461">
        <ele>572.534666</ele>
        <time>2025-12-18T09:47:38.803Z</time>
      </trkpt>
      <trkpt lat="46.141229" lon="6.156503">
        <ele>572.789398</ele>
        <time>2025-12-18T09:47:40.259Z</time>
      </trkpt>
      <trkpt lat="46.141230" lon="6.156527">
        <ele>572.934879</ele>
        <time>2025-12-18T09:47:41.111Z</time>
      </trkpt>
      <trkpt lat="46.141224" lon="6.156812">
        <ele>574.660147</ele>
        <time>2025-12-18T09:47:51.426Z</time>
      </trkpt>
      <trkpt lat="46.141219" lon="6.156954">
        <ele>575.520466</ele>
        <time>2025-12-18T09:47:56.577Z</time>
      </trkpt>
      <trkpt lat="46.141178" lon="6.158434">
        <ele>584.482779</ele>
        <time>2025-12-18T09:48:47.863Z</time>
      </trkpt>
      <trkpt lat="46.141148" lon="6.159257">
        <ele>589.299727</ele>
        <time>2025-12-18T09:49:17.409Z</time>
      </trkpt>
      <trkpt lat="46.141130" lon="6.159365">
        <ele>589.915804</ele>
        <time>2025-12-18T09:49:20.965Z</time>
      </trkpt>
      <trkpt lat="46.141086" lon="6.159626">
        <ele>591.405598</ele>
        <time>2025-12-18T09:49:29.238Z</time>
      </trkpt>
      <trkpt lat="46.140969" lon="6.159796">
        <ele>592.734536</ele>
        <time>2025-12-18T09:49:36.492Z</time>
      </trkpt>
      <trkpt lat="46.140788" lon="6.159876">
        <ele>594.249776</ele>
        <time>2025-12-18T09:49:44.818Z</time>
      </trkpt>
      <trkpt lat="46.140621" lon="6.159819">
        <ele>595.623408</ele>
        <time>2025-12-18T09:49:52.788Z</time>
      </trkpt>
      <trkpt lat="46.140417" lon="6.159628">
        <ele>597.569854</ele>
        <time>2025-12-18T09:50:04.616Z</time>
      </trkpt>
      <trkpt lat="46.140301" lon="6.159540">
        <ele>598.618843</ele>
        <time>2025-12-18T09:50:11.053Z</time>
      </trkpt>
      <trkpt lat="46.140174" lon="6.159499">
        <ele>599.660542</ele>
        <time>2025-12-18T09:50:17.443Z</time>
      </trkpt>
      <trkpt lat="46.140037" lon="6.159514">
        <ele>600.760316</ele>
        <time>2025-12-18T09:50:24.211Z</time>
      </trkpt>
      <trkpt lat="46.139965" lon="6.159569">
        <ele>601.412395</ele>
        <time>2025-12-18T09:50:28.168Z</time>
      </trkpt>
      <trkpt lat="46.139867" lon="6.159725">
        <ele>602.565792</ele>
        <time>2025-12-18T09:50:34.859Z</time>
      </trkpt>
      <trkpt lat="46.139826" lon="6.159853">
        <ele>603.332773</ele>
        <time>2025-12-18T09:50:38.892Z</time>
      </trkpt>
      <trkpt lat="46.139838" lon="6.160137">
        <ele>604.880319</ele>
        <time>2025-12-18T09:50:46.786Z</time>
      </trkpt>
      <trkpt lat="46.139840" lon="6.160150">
        <ele>604.952748</ele>
        <time>2025-12-18T09:50:47.172Z</time>
      </trkpt>
      <trkpt lat="46.139965" lon="6.160609">
        <ele>607.635146</ele>
        <time>2025-12-18T09:51:00.996Z</time>
      </trkpt>
      <trkpt lat="46.140349" lon="6.161708">
        <ele>614.329573</ele>
        <time>2025-12-18T09:51:40.463Z</time>
      </trkpt>
      <trkpt lat="46.140385" lon="6.161901">
        <ele>615.416661</ele>
        <time>2025-12-18T09:51:47.406Z</time>
      </trkpt>
      <trkpt lat="46.140378" lon="6.162116">
        <ele>616.754910</ele>
        <time>2025-12-18T09:51:55.120Z</time>
      </trkpt>
      <trkpt lat="46.140309" lon="6.162320">
        <ele>618.314236</ele>
        <time>2025-12-18T09:52:03.474Z</time>
      </trkpt>
      <trkpt lat="46.140207" lon="6.162459">
        <ele>619.704963</ele>
        <time>2025-12-18T09:52:11.221Z</time>
      </trkpt>
      <trkpt lat="46.140105" lon="6.162521">
        <ele>620.802169</ele>
        <time>2025-12-18T09:52:17.432Z</time>
      </trkpt>
      <trkpt lat="46.139991" lon="6.162539">
        <ele>621.939056</ele>
        <time>2025-12-18T09:52:24.033Z</time>
      </trkpt>
      <trkpt lat="46.139788" lon="6.162477">
        <ele>623.996074</ele>
        <time>2025-12-18T09:52:36.344Z</time>
      </trkpt>
      <trkpt lat="46.138559" lon="6.161492">
        <ele>637.688123</ele>
        <time>2025-12-18T09:53:54.545Z</time>
      </trkpt>
      <trkpt lat="46.138260" lon="6.161372">
        <ele>640.583653</ele>
        <time>2025-12-18T09:54:09.845Z</time>
      </trkpt>
      <trkpt lat="46.137932" lon="6.161337">
        <ele>643.652244</ele>
        <time>2025-12-18T09:54:26.473Z</time>
      </trkpt>
      <trkpt lat="46.137868" lon="6.161335">
        <ele>644.249503</ele>
        <time>2025-12-18T09:54:29.765Z</time>
      </trkpt>
      <trkpt lat="46.137617" lon="6.161323">
        <ele>646.592615</ele>
        <time>2025-12-18T09:54:42.742Z</time>
      </trkpt>
      <trkpt lat="46.137087" lon="6.161286">
        <ele>651.275610</ele>
        <time>2025-12-18T09:55:10.851Z</time>
      </trkpt>
      <trkpt lat="46.136294" lon="6.161203">
        <ele>656.669773</ele>
        <time>2025-12-18T09:55:51.350Z</time>
      </trkpt>
      <trkpt lat="46.136130" lon="6.161126">
        <ele>657.839821</ele>
        <time>2025-12-18T09:55:58.710Z</time>
      </trkpt>
      <trkpt lat="46.135991" lon="6.160991">
        <ele>658.976532</ele>
        <time>2025-12-18T09:56:05.049Z</time>
      </trkpt>
      <trkpt lat="46.135984" lon="6.160983">
        <ele>659.037111</ele>
        <time>2025-12-18T09:56:05.366Z</time>
      </trkpt>
      <trkpt lat="46.135771" lon="6.160593">
        <ele>661.371621</ele>
        <time>2025-12-18T09:56:16.834Z</time>
      </trkpt>
      <trkpt lat="46.135466" lon="6.159947">
        <ele>662.729326</ele>
        <time>2025-12-18T09:56:31.919Z</time>
      </trkpt>
      <trkpt lat="46.135371" lon="6.159802">
        <ele>662.714693</ele>
        <time>2025-12-18T09:56:34.529Z</time>
      </trkpt>
      <trkpt lat="46.135260" lon="6.159703">
        <ele>662.700885</ele>
        <time>2025-12-18T09:56:36.460Z</time>
      </trkpt>
      <trkpt lat="46.134971" lon="6.159555">
        <ele>662.668435</ele>
        <time>2025-12-18T09:56:40.800Z</time>
      </trkpt>
      <trkpt lat="46.134818" lon="6.159403">
        <ele>662.648779</ele>
        <time>2025-12-18T09:56:43.051Z</time>
      </trkpt>
      <trkpt lat="46.134812" lon="6.159395">
        <ele>662.647915</ele>
        <time>2025-12-18T09:56:43.149Z</time>
      </trkpt>
      <trkpt lat="46.134790" lon="6.159363">
        <ele>662.644609</ele>
        <time>2025-12-18T09:56:43.523Z</time>
      </trkpt>
      <trkpt lat="46.134492" lon="6.158775">
        <ele>662.591192</ele>
        <time>2025-12-18T09:56:48.814Z</time>
      </trkpt>
      <trkpt lat="46.134439" lon="6.158673">
        <ele>662.581843</ele>
        <time>2025-12-18T09:56:49.750Z</time>
      </trkpt>
      <trkpt lat="46.134339" lon="6.158481">
        <ele>662.620052</ele>
        <time>2025-12-18T09:56:51.527Z</time>
      </trkpt>
      <trkpt lat="46.134120" lon="6.158142">
        <ele>662.769297</ele>
        <time>2025-12-18T09:56:54.946Z</time>
      </trkpt>
      <trkpt lat="46.134075" lon="6.158091">
        <ele>662.795886</ele>
        <time>2025-12-18T09:56:55.539Z</time>
      </trkpt>
      <trkpt lat="46.134014" lon="6.158027">
        <ele>662.830933</ele>
        <time>2025-12-18T09:56:56.431Z</time>
      </trkpt>
      <trkpt lat="46.133816" lon="6.157830">
        <ele>662.942694</ele>
        <time>2025-12-18T09:56:59.337Z</time>
      </trkpt>
      <trkpt lat="46.133633" lon="6.157711">
        <ele>663.035969</ele>
        <time>2025-12-18T09:57:02.649Z</time>
      </trkpt>
      <trkpt lat="46.133390" lon="6.157629">
        <ele>663.151937</ele>
        <time>2025-12-18T09:57:07.005Z</time>
      </trkpt>
      <trkpt lat="46.133099" lon="6.157716">
        <ele>663.290037</ele>
        <time>2025-12-18T09:57:12.592Z</time>
      </trkpt>
      <trkpt lat="46.133070" lon="6.157714">
        <ele>663.303528</ele>
        <time>2025-12-18T09:57:13.275Z</time>
      </trkpt>
      <trkpt lat="46.133040" lon="6.157709">
        <ele>663.317562</ele>
        <time>2025-12-18T09:57:14.110Z</time>
      </trkpt>
      <trkpt lat="46.133015" lon="6.157698">
        <ele>663.329707</ele>
        <time>2025-12-18T09:57:14.834Z</time>
      </trkpt>
      <trkpt lat="46.132985" lon="6.157683">
        <ele>663.344462</ele>
        <time>2025-12-18T09:57:15.711Z</time>
      </trkpt>
      <trkpt lat="46.132952" lon="6.157656">
        <ele>663.362090</ele>
        <time>2025-12-18T09:57:16.702Z</time>
      </trkpt>
      <trkpt lat="46.132922" lon="6.157628">
        <ele>663.378693</ele>
        <time>2025-12-18T09:57:17.895Z</time>
      </trkpt>
      <trkpt lat="46.132841" lon="6.157507">
        <ele>663.768382</ele>
        <time>2025-12-18T09:57:21.894Z</time>
      </trkpt>
      <trkpt lat="46.132683" lon="6.157268">
        <ele>665.463856</ele>
        <time>2025-12-18T09:57:30.633Z</time>
      </trkpt>
      <trkpt lat="46.132412" lon="6.156995">
        <ele>667.911908</ele>
        <time>2025-12-18T09:57:45.535Z</time>
      </trkpt>
      <trkpt lat="46.132309" lon="6.156896">
        <ele>668.828582</ele>
        <time>2025-12-18T09:57:51.527Z</time>
      </trkpt>
      <trkpt lat="46.132200" lon="6.156829">
        <ele>669.706146</ele>
        <time>2025-12-18T09:57:57.003Z</time>
      </trkpt>
      <trkpt lat="46.132160" lon="6.156989">
        <ele>670.579242</ele>
        <time>2025-12-18T09:58:02.302Z</time>
      </trkpt>
      <trkpt lat="46.132115" lon="6.157188">
        <ele>671.653727</ele>
        <time>2025-12-18T09:58:08.601Z</time>
      </trkpt>
      <trkpt lat="46.132102" lon="6.157246">
        <ele>671.966629</ele>
        <time>2025-12-18T09:58:10.420Z</time>
      </trkpt>
      <trkpt lat="46.132049" lon="6.157413">
        <ele>672.909466</ele>
        <time>2025-12-18T09:58:16.390Z</time>
      </trkpt>
      <trkpt lat="46.131943" lon="6.157570">
        <ele>674.034595</ele>
        <time>2025-12-18T09:58:23.709Z</time>
      </trkpt>
      <trkpt lat="46.131795" lon="6.157715">
        <ele>675.359631</ele>
        <time>2025-12-18T09:58:32.645Z</time>
      </trkpt>
      <trkpt lat="46.131683" lon="6.157774">
        <ele>676.242771</ele>
        <time>2025-12-18T09:58:39.001Z</time>
      </trkpt>
      <trkpt lat="46.131571" lon="6.157803">
        <ele>677.208990</ele>
        <time>2025-12-18T09:58:45.381Z</time>
      </trkpt>
      <trkpt lat="46.131385" lon="6.157801">
        <ele>679.068853</ele>
        <time>2025-12-18T09:58:56.512Z</time>
      </trkpt>
      <trkpt lat="46.131166" lon="6.157784">
        <ele>681.261797</ele>
        <time>2025-12-18T09:59:08.786Z</time>
      </trkpt>
      <trkpt lat="46.130900" lon="6.157770">
        <ele>683.923297</ele>
        <time>2025-12-18T09:59:23.550Z</time>
      </trkpt>
      <trkpt lat="46.130883" lon="6.157768">
        <ele>684.093844</ele>
        <time>2025-12-18T09:59:24.429Z</time>
      </trkpt>
      <trkpt lat="46.130816" lon="6.157758">
        <ele>684.767350</ele>
        <time>2025-12-18T09:59:28.152Z</time>
      </trkpt>
      <trkpt lat="46.130633" lon="6.157676">
        <ele>686.683359</ele>
        <time>2025-12-18T09:59:38.231Z</time>
      </trkpt>
      <trkpt lat="46.130369" lon="6.157444">
        <ele>689.774102</ele>
        <time>2025-12-18T09:59:54.597Z</time>
      </trkpt>
      <trkpt lat="46.130262" lon="6.157369">
        <ele>690.963543</ele>
        <time>2025-12-18T10:00:01.444Z</time>
      </trkpt>
      <trkpt lat="46.130184" lon="6.157331">
        <ele>691.786717</ele>
        <time>2025-12-18T10:00:06.165Z</time>
      </trkpt>
      <trkpt lat="46.130032" lon="6.157291">
        <ele>693.331632</ele>
        <time>2025-12-18T10:00:15.288Z</time>
      </trkpt>
      <trkpt lat="46.129934" lon="6.157317">
        <ele>694.327958</ele>
        <time>2025-12-18T10:00:21.248Z</time>
      </trkpt>
      <trkpt lat="46.129893" lon="6.157426">
        <ele>695.167957</ele>
        <time>2025-12-18T10:00:26.153Z</time>
      </trkpt>
      <trkpt lat="46.129928" lon="6.157588">
        <ele>696.295253</ele>
        <time>2025-12-18T10:00:32.824Z</time>
      </trkpt>
      <trkpt lat="46.130018" lon="6.157852">
        <ele>698.249788</ele>
        <time>2025-12-18T10:00:44.430Z</time>
      </trkpt>
      <trkpt lat="46.130146" lon="6.158104">
        <ele>700.325394</ele>
        <time>2025-12-18T10:00:56.471Z</time>
      </trkpt>
      <trkpt lat="46.130132" lon="6.158224">
        <ele>701.133802</ele>
        <time>2025-12-18T10:01:00.965Z</time>
      </trkpt>
      <trkpt lat="46.130072" lon="6.158264">
        <ele>701.767376</ele>
        <time>2025-12-18T10:01:04.573Z</time>
      </trkpt>
      <trkpt lat="46.130022" lon="6.158257">
        <ele>702.248922</ele>
        <time>2025-12-18T10:01:07.308Z</time>
      </trkpt>
      <trkpt lat="46.129731" lon="6.158065">
        <ele>705.316208</ele>
        <time>2025-12-18T10:01:25.068Z</time>
      </trkpt>
      <trkpt lat="46.129425" lon="6.157760">
        <ele>708.881278</ele>
        <time>2025-12-18T10:01:44.625Z</time>
      </trkpt>
      <trkpt lat="46.129206" lon="6.157708">
        <ele>711.008826</ele>
        <time>2025-12-18T10:01:55.791Z</time>
      </trkpt>
      <trkpt lat="46.129098" lon="6.157649">
        <ele>712.101238</ele>
        <time>2025-12-18T10:02:01.275Z</time>
      </trkpt>
      <trkpt lat="46.128793" lon="6.157295">
        <ele>715.503930</ele>
        <time>2025-12-18T10:02:19.155Z</time>
      </trkpt>
      <trkpt lat="46.128663" lon="6.157188">
        <ele>716.804960</ele>
        <time>2025-12-18T10:02:25.776Z</time>
      </trkpt>
      <trkpt lat="46.128330" lon="6.157057">
        <ele>719.805410</ele>
        <time>2025-12-18T10:02:40.935Z</time>
      </trkpt>
      <trkpt lat="46.127839" lon="6.156980">
        <ele>724.098840</ele>
        <time>2025-12-18T10:03:04.426Z</time>
      </trkpt>
      <trkpt lat="46.127525" lon="6.156749">
        <ele>727.162779</ele>
        <time>2025-12-18T10:03:24.690Z</time>
      </trkpt>
      <trkpt lat="46.127037" lon="6.156591">
        <ele>733.280889</ele>
        <time>2025-12-18T10:03:54.109Z</time>
      </trkpt>
      <trkpt lat="46.126672" lon="6.156391">
        <ele>738.209595</ele>
        <time>2025-12-18T10:04:18.549Z</time>
      </trkpt>
      <trkpt lat="46.126461" lon="6.156312">
        <ele>740.961404</ele>
        <time>2025-12-18T10:04:33.431Z</time>
      </trkpt>
      <trkpt lat="46.126348" lon="6.156285">
        <ele>742.407305</ele>
        <time>2025-12-18T10:04:41.069Z</time>
      </trkpt>
      <trkpt lat="46.126255" lon="6.156305">
        <ele>743.594275</ele>
        <time>2025-12-18T10:04:47.435Z</time>
      </trkpt>
      <trkpt lat="46.126214" lon="6.156392">
        <ele>744.514744</ele>
        <time>2025-12-18T10:04:52.491Z</time>
      </trkpt>
      <trkpt lat="46.126246" lon="6.156503">
        <ele>745.566559</ele>
        <time>2025-12-18T10:04:58.377Z</time>
      </trkpt>
      <trkpt lat="46.126387" lon="6.156720">
        <ele>748.168997</ele>
        <time>2025-12-18T10:05:13.573Z</time>
      </trkpt>
      <trkpt lat="46.126476" lon="6.156980">
        <ele>750.785579</ele>
        <time>2025-12-18T10:05:28.901Z</time>
      </trkpt>
      <trkpt lat="46.126528" lon="6.157198">
        <ele>753.198008</ele>
        <time>2025-12-18T10:05:40.785Z</time>
      </trkpt>
      <trkpt lat="46.126530" lon="6.157317">
        <ele>754.443566</ele>
        <time>2025-12-18T10:05:46.715Z</time>
      </trkpt>
      <trkpt lat="46.126482" lon="6.157370">
        <ele>755.356112</ele>
        <time>2025-12-18T10:05:51.367Z</time>
      </trkpt>
      <trkpt lat="46.126274" lon="6.157342">
        <ele>758.510090</ele>
        <time>2025-12-18T10:06:07.147Z</time>
      </trkpt>
      <trkpt lat="46.125924" lon="6.157462">
        <ele>763.941456</ele>
        <time>2025-12-18T10:06:35.518Z</time>
      </trkpt>
      <trkpt lat="46.125709" lon="6.157492">
        <ele>767.202625</ele>
        <time>2025-12-18T10:06:51.931Z</time>
      </trkpt>
      <trkpt lat="46.125680" lon="6.157534">
        <ele>767.822986</ele>
        <time>2025-12-18T10:06:55.133Z</time>
      </trkpt>
      <trkpt lat="46.125675" lon="6.157618">
        <ele>768.705194</ele>
        <time>2025-12-18T10:06:59.549Z</time>
      </trkpt>
      <trkpt lat="46.125789" lon="6.157875">
        <ele>771.898050</ele>
        <time>2025-12-18T10:07:16.828Z</time>
      </trkpt>
      <trkpt lat="46.125777" lon="6.157993">
        <ele>773.146016</ele>
        <time>2025-12-18T10:07:23.297Z</time>
      </trkpt>
      <trkpt lat="46.125723" lon="6.158051">
        <ele>774.162392</ele>
        <time>2025-12-18T10:07:28.957Z</time>
      </trkpt>
      <trkpt lat="46.125644" lon="6.158044">
        <ele>775.357364</ele>
        <time>2025-12-18T10:07:35.226Z</time>
      </trkpt>
      <trkpt lat="46.125550" lon="6.157987">
        <ele>776.896797</ele>
        <time>2025-12-18T10:07:43.658Z</time>
      </trkpt>
      <trkpt lat="46.125299" lon="6.157737">
        <ele>780.574686</ele>
        <time>2025-12-18T10:08:05.926Z</time>
      </trkpt>
      <trkpt lat="46.125228" lon="6.157734">
        <ele>781.401386</ele>
        <time>2025-12-18T10:08:10.361Z</time>
      </trkpt>
      <trkpt lat="46.125197" lon="6.157773">
        <ele>781.880079</ele>
        <time>2025-12-18T10:08:13.176Z</time>
      </trkpt>
      <trkpt lat="46.125177" lon="6.157947">
        <ele>783.302836</ele>
        <time>2025-12-18T10:08:20.787Z</time>
      </trkpt>
      <trkpt lat="46.125198" lon="6.158097">
        <ele>784.537263</ele>
        <time>2025-12-18T10:08:27.335Z</time>
      </trkpt>
      <trkpt lat="46.125242" lon="6.158216">
        <ele>785.625243</ele>
        <time>2025-12-18T10:08:33.014Z</time>
      </trkpt>
      <trkpt lat="46.125521" lon="6.158400">
        <ele>789.195568</ele>
        <time>2025-12-18T10:08:50.083Z</time>
      </trkpt>
      <trkpt lat="46.125856" lon="6.158692">
        <ele>793.750769</ele>
        <time>2025-12-18T10:09:11.320Z</time>
      </trkpt>
      <trkpt lat="46.126353" lon="6.158882">
        <ele>799.759102</ele>
        <time>2025-12-18T10:09:41.159Z</time>
      </trkpt>
      <trkpt lat="46.126664" lon="6.159117">
        <ele>803.918928</ele>
        <time>2025-12-18T10:10:00.593Z</time>
      </trkpt>
      <trkpt lat="46.126759" lon="6.159225">
        <ele>805.352016</ele>
        <time>2025-12-18T10:10:07.821Z</time>
      </trkpt>
      <trkpt lat="46.126995" lon="6.159651">
        <ele>809.830688</ele>
        <time>2025-12-18T10:10:32.112Z</time>
      </trkpt>
      <trkpt lat="46.127271" lon="6.159993">
        <ele>814.141506</ele>
        <time>2025-12-18T10:10:56.101Z</time>
      </trkpt>
      <trkpt lat="46.127651" lon="6.160532">
        <ele>820.591091</ele>
        <time>2025-12-18T10:11:31.236Z</time>
      </trkpt>
      <trkpt lat="46.127662" lon="6.160637">
        <ele>821.620136</ele>
        <time>2025-12-18T10:11:36.024Z</time>
      </trkpt>
      <trkpt lat="46.127604" lon="6.160672">
        <ele>822.499163</ele>
        <time>2025-12-18T10:11:40.055Z</time>
      </trkpt>
      <trkpt lat="46.127351" lon="6.160435">
        <ele>826.716761</ele>
        <time>2025-12-18T10:12:00.091Z</time>
      </trkpt>
      <trkpt lat="46.127037" lon="6.160391">
        <ele>831.127791</ele>
        <time>2025-12-18T10:12:22.236Z</time>
      </trkpt>
      <trkpt lat="46.126847" lon="6.160219">
        <ele>834.263966</ele>
        <time>2025-12-18T10:12:38.637Z</time>
      </trkpt>
      <trkpt lat="46.126638" lon="6.160125">
        <ele>837.324903</ele>
        <time>2025-12-18T10:12:54.927Z</time>
      </trkpt>
      <trkpt lat="46.126565" lon="6.160134">
        <ele>838.349314</ele>
        <time>2025-12-18T10:13:00.401Z</time>
      </trkpt>
      <trkpt lat="46.126283" lon="6.160325">
        <ele>842.705076</ele>
        <time>2025-12-18T10:13:24.079Z</time>
      </trkpt>
      <trkpt lat="46.126227" lon="6.160412">
        <ele>843.855671</ele>
        <time>2025-12-18T10:13:30.300Z</time>
      </trkpt>
      <trkpt lat="46.126252" lon="6.160529">
        <ele>845.046757</ele>
        <time>2025-12-18T10:13:36.583Z</time>
      </trkpt>
      <trkpt lat="46.126372" lon="6.160684">
        <ele>847.353190</ele>
        <time>2025-12-18T10:13:48.531Z</time>
      </trkpt>
      <trkpt lat="46.126480" lon="6.160899">
        <ele>849.988596</ele>
        <time>2025-12-18T10:14:02.103Z</time>
      </trkpt>
      <trkpt lat="46.126932" lon="6.161172">
        <ele>857.005604</ele>
        <time>2025-12-18T10:14:39.447Z</time>
      </trkpt>
      <trkpt lat="46.127259" lon="6.161321">
        <ele>861.916305</ele>
        <time>2025-12-18T10:15:02.377Z</time>
      </trkpt>
      <trkpt lat="46.127567" lon="6.161753">
        <ele>868.067460</ele>
        <time>2025-12-18T10:15:31.545Z</time>
      </trkpt>
      <trkpt lat="46.127572" lon="6.161842">
        <ele>868.953662</ele>
        <time>2025-12-18T10:15:36.097Z</time>
      </trkpt>
      <trkpt lat="46.127494" lon="6.161850">
        <ele>870.073466</ele>
        <time>2025-12-18T10:15:41.788Z</time>
      </trkpt>
      <trkpt lat="46.127275" lon="6.161657">
        <ele>873.524400</ele>
        <time>2025-12-18T10:16:00.808Z</time>
      </trkpt>
      <trkpt lat="46.127134" lon="6.161594">
        <ele>875.487439</ele>
        <time>2025-12-18T10:16:12.258Z</time>
      </trkpt>
      <trkpt lat="46.126950" lon="6.161576">
        <ele>877.940112</ele>
        <time>2025-12-18T10:16:26.979Z</time>
      </trkpt>
      <trkpt lat="46.126666" lon="6.161657">
        <ele>881.790170</ele>
        <time>2025-12-18T10:16:50.358Z</time>
      </trkpt>
      <trkpt lat="46.126327" lon="6.161587">
        <ele>886.344536</ele>
        <time>2025-12-18T10:17:16.055Z</time>
      </trkpt>
      <trkpt lat="46.126108" lon="6.161479">
        <ele>889.422485</ele>
        <time>2025-12-18T10:17:32.944Z</time>
      </trkpt>
      <trkpt lat="46.125624" lon="6.161088">
        <ele>895.856212</ele>
        <time>2025-12-18T10:18:04.293Z</time>
      </trkpt>
      <trkpt lat="46.125101" lon="6.161182">
        <ele>899.953848</ele>
        <time>2025-12-18T10:18:20.405Z</time>
      </trkpt>
      <trkpt lat="46.124405" lon="6.161198">
        <ele>905.365780</ele>
        <time>2025-12-18T10:18:46.599Z</time>
      </trkpt>
      <trkpt lat="46.124260" lon="6.161262">
        <ele>906.544695</ele>
        <time>2025-12-18T10:18:53.668Z</time>
      </trkpt>
      <trkpt lat="46.124210" lon="6.161328">
        <ele>907.071579</ele>
        <time>2025-12-18T10:18:57.363Z</time>
      </trkpt>
      <trkpt lat="46.124185" lon="6.161415">
        <ele>907.579090</ele>
        <time>2025-12-18T10:19:00.556Z</time>
      </trkpt>
      <trkpt lat="46.124206" lon="6.161618">
        <ele>908.898925</ele>
        <time>2025-12-18T10:19:08.257Z</time>
      </trkpt>
      <trkpt lat="46.124350" lon="6.161988">
        <ele>914.020287</ele>
        <time>2025-12-18T10:19:25.901Z</time>
      </trkpt>
      <trkpt lat="46.124360" lon="6.162101">
        <ele>915.395150</ele>
        <time>2025-12-18T10:19:31.721Z</time>
      </trkpt>
      <trkpt lat="46.124320" lon="6.162264">
        <ele>917.482056</ele>
        <time>2025-12-18T10:19:41.357Z</time>
      </trkpt>
      <trkpt lat="46.124125" lon="6.162594">
        <ele>922.715813</ele>
        <time>2025-12-18T10:20:11.224Z</time>
      </trkpt>
      <trkpt lat="46.124053" lon="6.162663">
        <ele>924.220927</ele>
        <time>2025-12-18T10:20:20.407Z</time>
      </trkpt>
      <trkpt lat="46.123996" lon="6.162665">
        <ele>925.213768</ele>
        <time>2025-12-18T10:20:26.503Z</time>
      </trkpt>
      <trkpt lat="46.123811" lon="6.162518">
        <ele>928.891429</ele>
        <time>2025-12-18T10:20:49.023Z</time>
      </trkpt>
      <trkpt lat="46.123573" lon="6.162433">
        <ele>933.160833</ele>
        <time>2025-12-18T10:21:14.663Z</time>
      </trkpt>
      <trkpt lat="46.123492" lon="6.162489">
        <ele>934.724868</ele>
        <time>2025-12-18T10:21:23.206Z</time>
      </trkpt>
      <trkpt lat="46.123422" lon="6.162655">
        <ele>937.070009</ele>
        <time>2025-12-18T10:21:34.409Z</time>
      </trkpt>
      <trkpt lat="46.123339" lon="6.162823">
        <ele>939.560009</ele>
        <time>2025-12-18T10:21:45.140Z</time>
      </trkpt>
      <trkpt lat="46.123279" lon="6.162886">
        <ele>940.517947</ele>
        <time>2025-12-18T10:21:49.961Z</time>
      </trkpt>
      <trkpt lat="46.122979" lon="6.163052">
        <ele>944.278742</ele>
        <time>2025-12-18T10:22:11.965Z</time>
      </trkpt>
      <trkpt lat="46.122976" lon="6.163124">
        <ele>944.863908</ele>
        <time>2025-12-18T10:22:15.901Z</time>
      </trkpt>
      <trkpt lat="46.123021" lon="6.163154">
        <ele>945.444131</ele>
        <time>2025-12-18T10:22:19.031Z</time>
      </trkpt>
      <trkpt lat="46.123492" lon="6.163034">
        <ele>951.042336</ele>
        <time>2025-12-18T10:22:51.464Z</time>
      </trkpt>
      <trkpt lat="46.123752" lon="6.163112">
        <ele>954.150646</ele>
        <time>2025-12-18T10:23:04.751Z</time>
      </trkpt>
      <trkpt lat="46.124007" lon="6.163304">
        <ele>957.517329</ele>
        <time>2025-12-18T10:23:13.049Z</time>
      </trkpt>
      <trkpt lat="46.124314" lon="6.163779">
        <ele>963.380377</ele>
        <time>2025-12-18T10:23:32.485Z</time>
      </trkpt>
      <trkpt lat="46.124406" lon="6.163831">
        <ele>964.898361</ele>
        <time>2025-12-18T10:23:39.346Z</time>
      </trkpt>
      <trkpt lat="46.124477" lon="6.163766">
        <ele>966.190190</ele>
        <time>2025-12-18T10:23:46.470Z</time>
      </trkpt>
      <trkpt lat="46.124477" lon="6.163366">
        <ele>970.449397</ele>
        <time>2025-12-18T10:24:12.815Z</time>
      </trkpt>
      <trkpt lat="46.124500" lon="6.163293">
        <ele>971.303247</ele>
        <time>2025-12-18T10:24:18.178Z</time>
      </trkpt>
      <trkpt lat="46.124545" lon="6.163284">
        <ele>972.001193</ele>
        <time>2025-12-18T10:24:22.494Z</time>
      </trkpt>
      <trkpt lat="46.124590" lon="6.163342">
        <ele>972.928207</ele>
        <time>2025-12-18T10:24:28.742Z</time>
      </trkpt>
      <trkpt lat="46.124618" lon="6.163612">
        <ele>975.835169</ele>
        <time>2025-12-18T10:24:45.025Z</time>
      </trkpt>
      <trkpt lat="46.124770" lon="6.163968">
        <ele>980.287394</ele>
        <time>2025-12-18T10:25:08.425Z</time>
      </trkpt>
      <trkpt lat="46.124795" lon="6.164245">
        <ele>983.261780</ele>
        <time>2025-12-18T10:25:22.954Z</time>
      </trkpt>
      <trkpt lat="46.124853" lon="6.164546">
        <ele>986.588373</ele>
        <time>2025-12-18T10:25:40.741Z</time>
      </trkpt>
      <trkpt lat="46.124826" lon="6.164606">
        <ele>987.350097</ele>
        <time>2025-12-18T10:25:45.240Z</time>
      </trkpt>
      <trkpt lat="46.124739" lon="6.164618">
        <ele>988.655378</ele>
        <time>2025-12-18T10:25:53.032Z</time>
      </trkpt>
      <trkpt lat="46.124418" lon="6.164500">
        <ele>992.657008</ele>
        <time>2025-12-18T10:26:23.383Z</time>
      </trkpt>
      <trkpt lat="46.124133" lon="6.164419">
        <ele>996.166030</ele>
        <time>2025-12-18T10:26:42.703Z</time>
      </trkpt>
      <trkpt lat="46.123969" lon="6.164522">
        <ele>998.326749</ele>
        <time>2025-12-18T10:26:52.236Z</time>
      </trkpt>
      <trkpt lat="46.123835" lon="6.164544">
        <ele>999.955945</ele>
        <time>2025-12-18T10:26:58.795Z</time>
      </trkpt>
      <trkpt lat="46.123558" lon="6.164427">
        <ele>1003.442612</ele>
        <time>2025-12-18T10:27:11.263Z</time>
      </trkpt>
      <trkpt lat="46.123481" lon="6.164449">
        <ele>1004.390852</ele>
        <time>2025-12-18T10:27:15.400Z</time>
      </trkpt>
      <trkpt lat="46.123470" lon="6.164532">
        <ele>1005.098391</ele>
        <time>2025-12-18T10:27:18.415Z</time>
      </trkpt>
      <trkpt lat="46.123495" lon="6.164588">
        <ele>1005.656115</ele>
        <time>2025-12-18T10:27:20.869Z</time>
      </trkpt>
      <trkpt lat="46.123645" lon="6.164666">
        <ele>1007.582246</ele>
        <time>2025-12-18T10:27:29.964Z</time>
      </trkpt>
      <trkpt lat="46.123852" lon="6.164834">
        <ele>1010.472391</ele>
        <time>2025-12-18T10:27:43.655Z</time>
      </trkpt>
      <trkpt lat="46.124146" lon="6.164979">
        <ele>1014.610274</ele>
        <time>2025-12-18T10:28:03.605Z</time>
      </trkpt>
      <trkpt lat="46.124388" lon="6.165326">
        <ele>1019.154100</ele>
        <time>2025-12-18T10:28:29.987Z</time>
      </trkpt>
      <trkpt lat="46.124547" lon="6.165485">
        <ele>1021.730521</ele>
        <time>2025-12-18T10:28:45.489Z</time>
      </trkpt>
      <trkpt lat="46.124785" lon="6.165621">
        <ele>1025.139702</ele>
        <time>2025-12-18T10:29:06.565Z</time>
      </trkpt>
      <trkpt lat="46.124907" lon="6.165690">
        <ele>1026.884848</ele>
        <time>2025-12-18T10:29:17.085Z</time>
      </trkpt>
      <trkpt lat="46.124985" lon="6.165775">
        <ele>1028.186639</ele>
        <time>2025-12-18T10:29:24.789Z</time>
      </trkpt>
      <trkpt lat="46.125181" lon="6.166166">
        <ele>1032.640754</ele>
        <time>2025-12-18T10:29:46.972Z</time>
      </trkpt>
      <trkpt lat="46.125240" lon="6.166234">
        <ele>1033.646423</ele>
        <time>2025-12-18T10:29:51.079Z</time>
      </trkpt>
      <trkpt lat="46.125431" lon="6.166220">
        <ele>1035.593318</ele>
        <time>2025-12-18T10:30:01.005Z</time>
      </trkpt>
      <trkpt lat="46.125701" lon="6.166248">
        <ele>1038.113263</ele>
        <time>2025-12-18T10:30:14.534Z</time>
      </trkpt>
      <trkpt lat="46.125773" lon="6.166171">
        <ele>1038.947561</ele>
        <time>2025-12-18T10:30:19.153Z</time>
      </trkpt>
      <trkpt lat="46.125935" lon="6.165737">
        <ele>1042.127981</ele>
        <time>2025-12-18T10:30:34.757Z</time>
      </trkpt>
      <trkpt lat="46.126112" lon="6.165441">
        <ele>1044.650315</ele>
        <time>2025-12-18T10:30:45.030Z</time>
      </trkpt>
      <trkpt lat="46.126256" lon="6.165041">
        <ele>1047.558455</ele>
        <time>2025-12-18T10:30:58.308Z</time>
      </trkpt>
      <trkpt lat="46.126294" lon="6.164977">
        <ele>1048.102183</ele>
        <time>2025-12-18T10:31:01.190Z</time>
      </trkpt>
      <trkpt lat="46.126361" lon="6.164968">
        <ele>1048.728591</ele>
        <time>2025-12-18T10:31:04.441Z</time>
      </trkpt>
      <trkpt lat="46.126390" lon="6.165010">
        <ele>1049.111096</ele>
        <time>2025-12-18T10:31:06.567Z</time>
      </trkpt>
      <trkpt lat="46.126397" lon="6.165072">
        <ele>1049.516385</ele>
        <time>2025-12-18T10:31:08.920Z</time>
      </trkpt>
      <trkpt lat="46.126337" lon="6.165381">
        <ele>1051.962674</ele>
        <time>2025-12-18T10:31:22.044Z</time>
      </trkpt>
      <trkpt lat="46.126324" lon="6.166454">
        <ele>1062.932897</ele>
        <time>2025-12-18T10:32:19.739Z</time>
      </trkpt>
      <trkpt lat="46.126306" lon="6.166757">
        <ele>1066.041617</ele>
        <time>2025-12-18T10:32:37.547Z</time>
      </trkpt>
      <trkpt lat="46.126277" lon="6.166854">
        <ele>1067.121504</ele>
        <time>2025-12-18T10:32:43.649Z</time>
      </trkpt>
      <trkpt lat="46.126208" lon="6.166931">
        <ele>1068.408079</ele>
        <time>2025-12-18T10:32:50.948Z</time>
      </trkpt>
      <trkpt lat="46.125819" lon="6.167136">
        <ele>1074.516288</ele>
        <time>2025-12-18T10:33:24.457Z</time>
      </trkpt>
      <trkpt lat="46.125686" lon="6.167243">
        <ele>1076.762285</ele>
        <time>2025-12-18T10:33:36.140Z</time>
      </trkpt>
      <trkpt lat="46.125476" lon="6.167535">
        <ele>1080.611017</ele>
        <time>2025-12-18T10:33:57.592Z</time>
      </trkpt>
      <trkpt lat="46.125296" lon="6.167663">
        <ele>1083.197636</ele>
        <time>2025-12-18T10:34:11.584Z</time>
      </trkpt>
      <trkpt lat="46.124370" lon="6.167615">
        <ele>1095.141127</ele>
        <time>2025-12-18T10:35:11.513Z</time>
      </trkpt>
      <trkpt lat="46.123593" lon="6.167383">
        <ele>1105.564261</ele>
        <time>2025-12-18T10:36:00.405Z</time>
      </trkpt>
      <trkpt lat="46.123069" lon="6.167234">
        <ele>1112.734208</ele>
        <time>2025-12-18T10:36:34.360Z</time>
      </trkpt>
      <trkpt lat="46.122841" lon="6.167229">
        <ele>1115.795429</ele>
        <time>2025-12-18T10:36:49.787Z</time>
      </trkpt>
      <trkpt lat="46.122691" lon="6.167261">
        <ele>1117.831052</ele>
        <time>2025-12-18T10:37:00.476Z</time>
      </trkpt>
      <trkpt lat="46.122548" lon="6.167319">
        <ele>1119.825225</ele>
        <time>2025-12-18T10:37:11.371Z</time>
      </trkpt>
      <trkpt lat="46.122411" lon="6.167419">
        <ele>1121.886416</ele>
        <time>2025-12-18T10:37:22.934Z</time>
      </trkpt>
      <trkpt lat="46.121983" lon="6.167876">
        <ele>1129.693450</ele>
        <time>2025-12-18T10:38:06.168Z</time>
      </trkpt>
      <trkpt lat="46.121516" lon="6.168252">
        <ele>1137.990644</ele>
        <time>2025-12-18T10:38:51.787Z</time>
      </trkpt>
      <trkpt lat="46.121101" lon="6.168739">
        <ele>1146.290149</ele>
        <time>2025-12-18T10:39:34.944Z</time>
      </trkpt>
      <trkpt lat="46.120930" lon="6.168873">
        <ele>1149.309237</ele>
        <time>2025-12-18T10:39:49.434Z</time>
      </trkpt>
      <trkpt lat="46.120792" lon="6.168942">
        <ele>1151.575187</ele>
        <time>2025-12-18T10:39:59.569Z</time>
      </trkpt>
      <trkpt lat="46.120572" lon="6.169053">
        <ele>1154.146543</ele>
        <time>2025-12-18T10:40:14.546Z</time>
      </trkpt>
      <trkpt lat="46.120495" lon="6.169204">
        <ele>1155.314462</ele>
        <time>2025-12-18T10:40:22.477Z</time>
      </trkpt>
      <trkpt lat="46.120485" lon="6.169232">
        <ele>1155.510702</ele>
        <time>2025-12-18T10:40:23.869Z</time>
      </trkpt>
      <trkpt lat="46.120437" lon="6.169376">
        <ele>1156.506202</ele>
        <time>2025-12-18T10:40:30.778Z</time>
      </trkpt>
      <trkpt lat="46.120325" lon="6.169785">
        <ele>1159.246010</ele>
        <time>2025-12-18T10:40:49.314Z</time>
      </trkpt>
      <trkpt lat="46.120219" lon="6.170190">
        <ele>1161.943141</ele>
        <time>2025-12-18T10:41:04.602Z</time>
      </trkpt>
      <trkpt lat="46.120152" lon="6.170422">
        <ele>1163.508993</ele>
        <time>2025-12-18T10:41:11.724Z</time>
      </trkpt>
      <trkpt lat="46.120108" lon="6.170559">
        <ele>1164.449709</ele>
        <time>2025-12-18T10:41:15.749Z</time>
      </trkpt>
      <trkpt lat="46.120077" lon="6.170649">
        <ele>1165.075847</ele>
        <time>2025-12-18T10:41:18.339Z</time>
      </trkpt>
      <trkpt lat="46.120058" lon="6.170699">
        <ele>1165.431101</ele>
        <time>2025-12-18T10:41:19.881Z</time>
      </trkpt>
      <trkpt lat="46.120013" lon="6.170806">
        <ele>1166.210848</ele>
        <time>2025-12-18T10:41:22.952Z</time>
      </trkpt>
      <trkpt lat="46.119880" lon="6.171074">
        <ele>1168.264390</ele>
        <time>2025-12-18T10:41:31.373Z</time>
      </trkpt>
      <trkpt lat="46.119499" lon="6.171617">
        <ele>1171.278190</ele>
        <time>2025-12-18T10:41:50.343Z</time>
      </trkpt>
      <trkpt lat="46.119580" lon="6.171751">
        <ele>1171.911571</ele>
        <time>2025-12-18T10:41:54.990Z</time>
      </trkpt>
      <trkpt lat="46.119602" lon="6.171781">
        <ele>1172.067152</ele>
        <time>2025-12-18T10:41:56.087Z</time>
      </trkpt>
      <trkpt lat="46.119619" lon="6.171797">
        <ele>1172.171470</ele>
        <time>2025-12-18T10:41:56.862Z</time>
      </trkpt>
      <trkpt lat="46.119645" lon="6.171816">
        <ele>1172.321259</ele>
        <time>2025-12-18T10:41:57.959Z</time>
      </trkpt>
      <trkpt lat="46.119725" lon="6.171832">
        <ele>1172.736342</ele>
        <time>2025-12-18T10:42:00.845Z</time>
      </trkpt>
      <trkpt lat="46.119813" lon="6.171851">
        <ele>1173.193644</ele>
        <time>2025-12-18T10:42:03.918Z</time>
      </trkpt>
      <trkpt lat="46.119925" lon="6.171853">
        <ele>1173.769300</ele>
        <time>2025-12-18T10:42:07.368Z</time>
      </trkpt>
      <trkpt lat="46.120191" lon="6.171861">
        <ele>1175.136673</ele>
        <time>2025-12-18T10:42:15.272Z</time>
      </trkpt>
      <trkpt lat="46.120419" lon="6.171855">
        <ele>1176.308648</ele>
        <time>2025-12-18T10:42:23.049Z</time>
      </trkpt>
      <trkpt lat="46.120452" lon="6.171851">
        <ele>1176.478845</ele>
        <time>2025-12-18T10:42:24.335Z</time>
      </trkpt>
      <trkpt lat="46.120484" lon="6.171845">
        <ele>1176.644688</ele>
        <time>2025-12-18T10:42:25.552Z</time>
      </trkpt>
      <trkpt lat="46.120598" lon="6.171802">
        <ele>1177.250272</ele>
        <time>2025-12-18T10:42:30.297Z</time>
      </trkpt>
      <trkpt lat="46.120858" lon="6.171573">
        <ele>1178.841324</ele>
        <time>2025-12-18T10:42:42.848Z</time>
      </trkpt>
      <trkpt lat="46.121120" lon="6.171361">
        <ele>1180.441585</ele>
        <time>2025-12-18T10:42:54.135Z</time>
      </trkpt>
      <trkpt lat="46.121704" lon="6.171213">
        <ele>1183.600301</ele>
        <time>2025-12-18T10:43:13.992Z</time>
      </trkpt>
      <trkpt lat="46.121873" lon="6.171139">
        <ele>1184.541148</ele>
        <time>2025-12-18T10:43:19.849Z</time>
      </trkpt>
      <trkpt lat="46.122339" lon="6.170666">
        <ele>1187.576436</ele>
        <time>2025-12-18T10:43:40.565Z</time>
      </trkpt>
      <trkpt lat="46.122382" lon="6.170632">
        <ele>1187.861425</ele>
        <time>2025-12-18T10:43:42.407Z</time>
      </trkpt>
      <trkpt lat="46.122574" lon="6.170524">
        <ele>1189.149339</ele>
        <time>2025-12-18T10:43:50.390Z</time>
      </trkpt>
      <trkpt lat="46.122785" lon="6.170494">
        <ele>1190.474411</ele>
        <time>2025-12-18T10:43:58.794Z</time>
      </trkpt>
      <trkpt lat="46.122932" lon="6.170526">
        <ele>1191.403514</ele>
        <time>2025-12-18T10:44:04.807Z</time>
      </trkpt>
      <trkpt lat="46.123209" lon="6.170723">
        <ele>1193.333575</ele>
        <time>2025-12-18T10:44:17.594Z</time>
      </trkpt>
      <trkpt lat="46.123849" lon="6.171242">
        <ele>1197.921883</ele>
        <time>2025-12-18T10:44:49.114Z</time>
      </trkpt>
      <trkpt lat="46.124518" lon="6.171568">
        <ele>1201.429562</ele>
        <time>2025-12-18T10:45:14.900Z</time>
      </trkpt>
      <trkpt lat="46.124809" lon="6.171791">
        <ele>1202.939435</ele>
        <time>2025-12-18T10:45:25.447Z</time>
      </trkpt>
      <trkpt lat="46.125437" lon="6.172288">
        <ele>1206.221609</ele>
        <time>2025-12-18T10:45:46.087Z</time>
      </trkpt>
      <trkpt lat="46.125482" lon="6.172324">
        <ele>1206.457390</ele>
        <time>2025-12-18T10:45:47.650Z</time>
      </trkpt>
      <trkpt lat="46.125577" lon="6.172400">
        <ele>1206.955149</ele>
        <time>2025-12-18T10:45:51.050Z</time>
      </trkpt>
      <trkpt lat="46.125628" lon="6.172455">
        <ele>1207.257033</ele>
        <time>2025-12-18T10:45:53.089Z</time>
      </trkpt>
      <trkpt lat="46.125660" lon="6.172517">
        <ele>1207.541590</ele>
        <time>2025-12-18T10:45:54.866Z</time>
      </trkpt>
      <trkpt lat="46.125695" lon="6.172614">
        <ele>1207.944144</ele>
        <time>2025-12-18T10:45:57.331Z</time>
      </trkpt>
      <trkpt lat="46.125716" lon="6.172709">
        <ele>1208.311200</ele>
        <time>2025-12-18T10:45:59.782Z</time>
      </trkpt>
      <trkpt lat="46.125728" lon="6.172767">
        <ele>1208.534011</ele>
        <time>2025-12-18T10:46:01.179Z</time>
      </trkpt>
      <trkpt lat="46.125768" lon="6.172996">
        <ele>1209.403332</ele>
        <time>2025-12-18T10:46:06.890Z</time>
      </trkpt>
      <trkpt lat="46.125842" lon="6.173406">
        <ele>1210.962899</ele>
        <time>2025-12-18T10:46:17.240Z</time>
      </trkpt>
      <trkpt lat="46.125987" lon="6.173756">
        <ele>1212.463889</ele>
        <time>2025-12-18T10:46:27.220Z</time>
      </trkpt>
      <trkpt lat="46.126221" lon="6.174153">
        <ele>1214.382271</ele>
        <time>2025-12-18T10:46:39.886Z</time>
      </trkpt>
      <trkpt lat="46.126518" lon="6.174814">
        <ele>1217.493189</ele>
        <time>2025-12-18T10:47:01.581Z</time>
      </trkpt>
      <trkpt lat="46.126613" lon="6.174921">
        <ele>1218.380936</ele>
        <time>2025-12-18T10:47:06.755Z</time>
      </trkpt>
      <trkpt lat="46.126743" lon="6.174985">
        <ele>1219.392740</ele>
        <time>2025-12-18T10:47:12.796Z</time>
      </trkpt>
      <trkpt lat="46.127245" lon="6.175170">
        <ele>1223.209246</ele>
        <time>2025-12-18T10:47:36.711Z</time>
      </trkpt>
      <trkpt lat="46.127538" lon="6.175195">
        <ele>1225.371293</ele>
        <time>2025-12-18T10:47:49.984Z</time>
      </trkpt>
      <trkpt lat="46.128267" lon="6.175176">
        <ele>1230.684027</ele>
        <time>2025-12-18T10:48:23.312Z</time>
      </trkpt>
      <trkpt lat="46.128457" lon="6.175244">
        <ele>1232.015398</ele>
        <time>2025-12-18T10:48:32.374Z</time>
      </trkpt>
      <trkpt lat="46.128673" lon="6.175320">
        <ele>1233.527486</ele>
        <time>2025-12-18T10:48:42.299Z</time>
      </trkpt>
      <trkpt lat="46.128890" lon="6.175357">
        <ele>1235.013599</ele>
        <time>2025-12-18T10:48:51.680Z</time>
      </trkpt>
      <trkpt lat="46.129460" lon="6.175376">
        <ele>1238.891275</ele>
        <time>2025-12-18T10:49:14.144Z</time>
      </trkpt>
      <trkpt lat="46.130943" lon="6.175353">
        <ele>1249.057444</ele>
        <time>2025-12-18T10:50:15.068Z</time>
      </trkpt>
      <trkpt lat="46.131980" lon="6.175836">
        <ele>1256.730513</ele>
        <time>2025-12-18T10:51:02.647Z</time>
      </trkpt>
      <trkpt lat="46.132219" lon="6.175918">
        <ele>1258.571658</ele>
        <time>2025-12-18T10:51:14.066Z</time>
      </trkpt>
      <trkpt lat="46.132431" lon="6.175948">
        <ele>1260.168135</ele>
        <time>2025-12-18T10:51:23.937Z</time>
      </trkpt>
      <trkpt lat="46.132789" lon="6.175976">
        <ele>1262.855141</ele>
        <time>2025-12-18T10:51:40.535Z</time>
      </trkpt>
      <trkpt lat="46.132908" lon="6.176037">
        <ele>1263.801598</ele>
        <time>2025-12-18T10:51:46.332Z</time>
      </trkpt>
      <trkpt lat="46.132949" lon="6.176090">
        <ele>1264.214140</ele>
        <time>2025-12-18T10:51:48.843Z</time>
      </trkpt>
      <trkpt lat="46.133222" lon="6.176868">
        <ele>1268.551987</ele>
        <time>2025-12-18T10:52:16.270Z</time>
      </trkpt>
      <trkpt lat="46.133443" lon="6.177645">
        <ele>1271.665724</ele>
        <time>2025-12-18T10:52:39.804Z</time>
      </trkpt>
      <trkpt lat="46.133513" lon="6.178029">
        <ele>1273.137742</ele>
        <time>2025-12-18T10:52:49.933Z</time>
      </trkpt>
      <trkpt lat="46.133529" lon="6.178303">
        <ele>1274.157130</ele>
        <time>2025-12-18T10:52:56.698Z</time>
      </trkpt>
      <trkpt lat="46.133437" lon="6.181142">
        <ele>1281.857667</ele>
        <time>2025-12-18T10:53:56.012Z</time>
      </trkpt>
      <trkpt lat="46.133473" lon="6.181356">
        <ele>1282.343152</ele>
        <time>2025-12-18T10:53:58.963Z</time>
      </trkpt>
      <trkpt lat="46.133530" lon="6.181520">
        <ele>1282.747631</ele>
        <time>2025-12-18T10:54:01.427Z</time>
      </trkpt>
      <trkpt lat="46.133622" lon="6.181654">
        <ele>1283.163482</ele>
        <time>2025-12-18T10:54:04.095Z</time>
      </trkpt>
      <trkpt lat="46.133811" lon="6.181852">
        <ele>1283.676949</ele>
        <time>2025-12-18T10:54:09.315Z</time>
      </trkpt>
      <trkpt lat="46.133946" lon="6.181989">
        <ele>1283.954687</ele>
        <time>2025-12-18T10:54:13.334Z</time>
      </trkpt>
      <trkpt lat="46.134273" lon="6.182306">
        <ele>1284.617624</ele>
        <time>2025-12-18T10:54:22.791Z</time>
      </trkpt>
      <trkpt lat="46.134322" lon="6.182355">
        <ele>1284.717948</ele>
        <time>2025-12-18T10:54:24.148Z</time>
      </trkpt>
      <trkpt lat="46.134531" lon="6.182485">
        <ele>1285.100946</ele>
        <time>2025-12-18T10:54:29.190Z</time>
      </trkpt>
      <trkpt lat="46.134643" lon="6.182497">
        <ele>1285.289945</ele>
        <time>2025-12-18T10:54:31.536Z</time>
      </trkpt>
      <trkpt lat="46.134760" lon="6.182465">
        <ele>1285.490344</ele>
        <time>2025-12-18T10:54:33.875Z</time>
      </trkpt>
      <trkpt lat="46.134891" lon="6.182371">
        <ele>1285.736548</ele>
        <time>2025-12-18T10:54:36.638Z</time>
      </trkpt>
      <trkpt lat="46.135148" lon="6.182026">
        <ele>1286.327239</ele>
        <time>2025-12-18T10:54:43.483Z</time>
      </trkpt>
      <trkpt lat="46.135261" lon="6.181916">
        <ele>1286.378916</ele>
        <time>2025-12-18T10:54:46.448Z</time>
      </trkpt>
      <trkpt lat="46.135404" lon="6.181853">
        <ele>1286.226268</ele>
        <time>2025-12-18T10:54:49.918Z</time>
      </trkpt>
      <trkpt lat="46.135737" lon="6.181795">
        <ele>1285.883823</ele>
        <time>2025-12-18T10:54:56.175Z</time>
      </trkpt>
      <trkpt lat="46.135902" lon="6.181697">
        <ele>1285.701656</ele>
        <time>2025-12-18T10:54:58.546Z</time>
      </trkpt>
      <trkpt lat="46.136196" lon="6.181388">
        <ele>1285.330326</ele>
        <time>2025-12-18T10:55:02.734Z</time>
      </trkpt>
      <trkpt lat="46.136413" lon="6.181104">
        <ele>1285.031241</ele>
        <time>2025-12-18T10:55:05.908Z</time>
      </trkpt>
      <trkpt lat="46.136928" lon="6.180184">
        <ele>1283.456348</ele>
        <time>2025-12-18T10:55:14.267Z</time>
      </trkpt>
      <trkpt lat="46.137097" lon="6.179948">
        <ele>1282.789336</ele>
        <time>2025-12-18T10:55:16.642Z</time>
      </trkpt>
      <trkpt lat="46.137344" lon="6.179780">
        <ele>1282.014855</ele>
        <time>2025-12-18T10:55:19.389Z</time>
      </trkpt>
      <trkpt lat="46.137623" lon="6.179759">
        <ele>1281.222446</ele>
        <time>2025-12-18T10:55:22.228Z</time>
      </trkpt>
      <trkpt lat="46.139144" lon="6.180180">
        <ele>1277.562678</ele>
        <time>2025-12-18T10:55:38.861Z</time>
      </trkpt>
      <trkpt lat="46.139233" lon="6.180226">
        <ele>1277.367917</ele>
        <time>2025-12-18T10:55:39.913Z</time>
      </trkpt>
      <trkpt lat="46.139303" lon="6.180306">
        <ele>1277.183961</ele>
        <time>2025-12-18T10:55:40.914Z</time>
      </trkpt>
      <trkpt lat="46.139372" lon="6.180524">
        <ele>1276.841830</ele>
        <time>2025-12-18T10:55:42.778Z</time>
      </trkpt>
      <trkpt lat="46.139360" lon="6.180885">
        <ele>1276.325900</ele>
        <time>2025-12-18T10:55:45.708Z</time>
      </trkpt>
      <trkpt lat="46.139316" lon="6.181178">
        <ele>1275.897925</ele>
        <time>2025-12-18T10:55:48.196Z</time>
      </trkpt>
      <trkpt lat="46.139218" lon="6.181380">
        <ele>1275.314718</ele>
        <time>2025-12-18T10:55:50.147Z</time>
      </trkpt>
      <trkpt lat="46.139072" lon="6.181470">
        <ele>1274.693048</ele>
        <time>2025-12-18T10:55:51.863Z</time>
      </trkpt>
      <trkpt lat="46.138785" lon="6.181486">
        <ele>1273.568386</ele>
        <time>2025-12-18T10:55:54.786Z</time>
      </trkpt>
      <trkpt lat="46.138648" lon="6.181599">
        <ele>1272.950491</ele>
        <time>2025-12-18T10:55:56.365Z</time>
      </trkpt>
      <trkpt lat="46.138597" lon="6.181767">
        <ele>1272.452831</ele>
        <time>2025-12-18T10:55:57.615Z</time>
      </trkpt>
      <trkpt lat="46.138610" lon="6.181913">
        <ele>1272.053432</ele>
        <time>2025-12-18T10:55:58.603Z</time>
      </trkpt>
      <trkpt lat="46.138646" lon="6.182005">
        <ele>1271.766756</ele>
        <time>2025-12-18T10:55:59.308Z</time>
      </trkpt>
      <trkpt lat="46.138733" lon="6.182101">
        <ele>1271.337915</ele>
        <time>2025-12-18T10:56:00.363Z</time>
      </trkpt>
      <trkpt lat="46.139036" lon="6.182320">
        <ele>1270.010959</ele>
        <time>2025-12-18T10:56:03.604Z</time>
      </trkpt>
      <trkpt lat="46.139212" lon="6.182623">
        <ele>1268.938186</ele>
        <time>2025-12-18T10:56:06.163Z</time>
      </trkpt>
      <trkpt lat="46.139312" lon="6.183040">
        <ele>1266.980112</ele>
        <time>2025-12-18T10:56:08.957Z</time>
      </trkpt>
      <trkpt lat="46.139566" lon="6.184568">
        <ele>1259.532279</ele>
        <time>2025-12-18T10:56:18.740Z</time>
      </trkpt>
      <trkpt lat="46.139645" lon="6.184838">
        <ele>1258.143133</ele>
        <time>2025-12-18T10:56:20.552Z</time>
      </trkpt>
      <trkpt lat="46.139799" lon="6.185008">
        <ele>1256.816884</ele>
        <time>2025-12-18T10:56:22.275Z</time>
      </trkpt>
      <trkpt lat="46.139920" lon="6.185042">
        <ele>1256.007125</ele>
        <time>2025-12-18T10:56:23.365Z</time>
      </trkpt>
      <trkpt lat="46.140030" lon="6.185026">
        <ele>1255.303335</ele>
        <time>2025-12-18T10:56:24.347Z</time>
      </trkpt>
      <trkpt lat="46.140210" lon="6.184966">
        <ele>1254.127319</ele>
        <time>2025-12-18T10:56:25.976Z</time>
      </trkpt>
      <trkpt lat="46.141432" lon="6.184540">
        <ele>1246.124549</ele>
        <time>2025-12-18T10:56:37.237Z</time>
      </trkpt>
      <trkpt lat="46.141599" lon="6.184528">
        <ele>1245.060137</ele>
        <time>2025-12-18T10:56:38.896Z</time>
      </trkpt>
      <trkpt lat="46.141806" lon="6.184600">
        <ele>1244.735174</ele>
        <time>2025-12-18T10:56:41.073Z</time>
      </trkpt>
      <trkpt lat="46.143387" lon="6.185748">
        <ele>1241.834206</ele>
        <time>2025-12-18T10:57:05.594Z</time>
      </trkpt>
      <trkpt lat="46.143535" lon="6.185891">
        <ele>1241.035620</ele>
        <time>2025-12-18T10:57:07.603Z</time>
      </trkpt>
      <trkpt lat="46.143749" lon="6.186251">
        <ele>1239.562008</ele>
        <time>2025-12-18T10:57:10.996Z</time>
      </trkpt>
      <trkpt lat="46.143805" lon="6.186426">
        <ele>1238.963161</ele>
        <time>2025-12-18T10:57:12.303Z</time>
      </trkpt>
      <trkpt lat="46.143890" lon="6.186880">
        <ele>1237.502159</ele>
        <time>2025-12-18T10:57:15.369Z</time>
      </trkpt>
      <trkpt lat="46.144014" lon="6.187613">
        <ele>1235.158103</ele>
        <time>2025-12-18T10:57:20.070Z</time>
      </trkpt>
      <trkpt lat="46.144154" lon="6.188170">
        <ele>1232.663444</ele>
        <time>2025-12-18T10:57:23.692Z</time>
      </trkpt>
      <trkpt lat="46.144236" lon="6.188399">
        <ele>1231.440142</ele>
        <time>2025-12-18T10:57:25.267Z</time>
      </trkpt>
      <trkpt lat="46.144570" lon="6.189130">
        <ele>1227.284691</ele>
        <time>2025-12-18T10:57:30.650Z</time>
      </trkpt>
      <trkpt lat="46.144692" lon="6.189322">
        <ele>1226.048377</ele>
        <time>2025-12-18T10:57:32.286Z</time>
      </trkpt>
      <trkpt lat="46.144767" lon="6.189396">
        <ele>1225.426109</ele>
        <time>2025-12-18T10:57:33.116Z</time>
      </trkpt>
      <trkpt lat="46.145089" lon="6.189602">
        <ele>1223.013644</ele>
        <time>2025-12-18T10:57:36.360Z</time>
      </trkpt>
      <trkpt lat="46.145247" lon="6.189637">
        <ele>1221.989017</ele>
        <time>2025-12-18T10:57:37.848Z</time>
      </trkpt>
      <trkpt lat="46.145761" lon="6.189496">
        <ele>1219.196162</ele>
        <time>2025-12-18T10:57:42.834Z</time>
      </trkpt>
      <trkpt lat="46.146705" lon="6.189336">
        <ele>1214.122450</ele>
        <time>2025-12-18T10:57:51.775Z</time>
      </trkpt>
      <trkpt lat="46.146922" lon="6.189291">
        <ele>1212.952206</ele>
        <time>2025-12-18T10:57:53.811Z</time>
      </trkpt>
      <trkpt lat="46.147006" lon="6.189275">
        <ele>1212.452751</ele>
        <time>2025-12-18T10:57:54.593Z</time>
      </trkpt>
      <trkpt lat="46.147091" lon="6.189249">
        <ele>1211.828102</ele>
        <time>2025-12-18T10:57:55.381Z</time>
      </trkpt>
      <trkpt lat="46.147123" lon="6.189232">
        <ele>1211.582961</ele>
        <time>2025-12-18T10:57:55.700Z</time>
      </trkpt>
      <trkpt lat="46.147216" lon="6.189164">
        <ele>1210.833478</ele>
        <time>2025-12-18T10:57:56.649Z</time>
      </trkpt>
      <trkpt lat="46.147299" lon="6.189046">
        <ele>1209.995940</ele>
        <time>2025-12-18T10:57:57.703Z</time>
      </trkpt>
      <trkpt lat="46.147431" lon="6.188697">
        <ele>1208.015511</ele>
        <time>2025-12-18T10:58:00.170Z</time>
      </trkpt>
      <trkpt lat="46.147472" lon="6.188643">
        <ele>1207.616489</ele>
        <time>2025-12-18T10:58:00.661Z</time>
      </trkpt>
      <trkpt lat="46.147542" lon="6.188615">
        <ele>1207.094281</ele>
        <time>2025-12-18T10:58:01.303Z</time>
      </trkpt>
      <trkpt lat="46.147607" lon="6.188637">
        <ele>1206.614311</ele>
        <time>2025-12-18T10:58:01.890Z</time>
      </trkpt>
      <trkpt lat="46.147699" lon="6.188798">
        <ele>1205.574851</ele>
        <time>2025-12-18T10:58:03.173Z</time>
      </trkpt>
      <trkpt lat="46.147740" lon="6.189208">
        <ele>1203.511616</ele>
        <time>2025-12-18T10:58:05.731Z</time>
      </trkpt>
      <trkpt lat="46.147773" lon="6.189335">
        <ele>1202.836046</ele>
        <time>2025-12-18T10:58:06.570Z</time>
      </trkpt>
      <trkpt lat="46.147823" lon="6.189462">
        <ele>1202.108501</ele>
        <time>2025-12-18T10:58:07.478Z</time>
      </trkpt>
      <trkpt lat="46.147932" lon="6.189633">
        <ele>1200.951161</ele>
        <time>2025-12-18T10:58:08.905Z</time>
      </trkpt>
      <trkpt lat="46.148245" lon="6.189885">
        <ele>1198.377898</ele>
        <time>2025-12-18T10:58:12.043Z</time>
      </trkpt>
      <trkpt lat="46.149179" lon="6.190503">
        <ele>1191.009763</ele>
        <time>2025-12-18T10:58:21.192Z</time>
      </trkpt>
      <trkpt lat="46.149527" lon="6.190616">
        <ele>1188.451802</ele>
        <time>2025-12-18T10:58:24.456Z</time>
      </trkpt>
      <trkpt lat="46.149596" lon="6.190724">
        <ele>1187.721917</ele>
        <time>2025-12-18T10:58:25.382Z</time>
      </trkpt>
      <trkpt lat="46.149608" lon="6.190822">
        <ele>1187.227498</ele>
        <time>2025-12-18T10:58:26.014Z</time>
      </trkpt>
      <trkpt lat="46.149588" lon="6.190945">
        <ele>1186.615877</ele>
        <time>2025-12-18T10:58:26.816Z</time>
      </trkpt>
      <trkpt lat="46.149544" lon="6.191013">
        <ele>1186.189494</ele>
        <time>2025-12-18T10:58:27.402Z</time>
      </trkpt>
      <trkpt lat="46.149421" lon="6.191083">
        <ele>1185.314952</ele>
        <time>2025-12-18T10:58:28.610Z</time>
      </trkpt>
      <trkpt lat="46.149220" lon="6.191137">
        <ele>1183.962593</ele>
        <time>2025-12-18T10:58:30.466Z</time>
      </trkpt>
      <trkpt lat="46.149146" lon="6.191197">
        <ele>1183.401180</ele>
        <time>2025-12-18T10:58:31.237Z</time>
      </trkpt>
      <trkpt lat="46.148471" lon="6.192071">
        <ele>1177.403222</ele>
        <time>2025-12-18T10:58:39.456Z</time>
      </trkpt>
      <trkpt lat="46.148402" lon="6.192160">
        <ele>1176.791142</ele>
        <time>2025-12-18T10:58:40.282Z</time>
      </trkpt>
      <trkpt lat="46.148083" lon="6.192520">
        <ele>1174.002335</ele>
        <time>2025-12-18T10:58:43.913Z</time>
      </trkpt>
      <trkpt lat="46.147776" lon="6.192654">
        <ele>1171.586873</ele>
        <time>2025-12-18T10:58:46.794Z</time>
      </trkpt>
      <trkpt lat="46.147649" lon="6.192754">
        <ele>1170.497358</ele>
        <time>2025-12-18T10:58:48.092Z</time>
      </trkpt>
      <trkpt lat="46.147615" lon="6.192877">
        <ele>1169.806395</ele>
        <time>2025-12-18T10:58:48.911Z</time>
      </trkpt>
      <trkpt lat="46.147632" lon="6.193038">
        <ele>1168.956661</ele>
        <time>2025-12-18T10:58:49.916Z</time>
      </trkpt>
      <trkpt lat="46.147680" lon="6.193119">
        <ele>1168.400521</ele>
        <time>2025-12-18T10:58:50.581Z</time>
      </trkpt>
      <trkpt lat="46.147758" lon="6.193171">
        <ele>1167.753461</ele>
        <time>2025-12-18T10:58:51.349Z</time>
      </trkpt>
      <trkpt lat="46.148041" lon="6.193189">
        <ele>1165.620076</ele>
        <time>2025-12-18T10:58:53.872Z</time>
      </trkpt>
      <trkpt lat="46.148329" lon="6.193319">
        <ele>1163.347521</ele>
        <time>2025-12-18T10:58:56.543Z</time>
      </trkpt>
      <trkpt lat="46.149149" lon="6.193745">
        <ele>1156.686040</ele>
        <time>2025-12-18T10:59:04.171Z</time>
      </trkpt>
      <trkpt lat="46.149983" lon="6.194021">
        <ele>1150.104015</ele>
        <time>2025-12-18T10:59:11.759Z</time>
      </trkpt>
      <trkpt lat="46.150348" lon="6.194073">
        <ele>1147.309078</ele>
        <time>2025-12-18T10:59:15.111Z</time>
      </trkpt>
      <trkpt lat="46.150668" lon="6.193981">
        <ele>1145.070551</ele>
        <time>2025-12-18T10:59:18.085Z</time>
      </trkpt>
      <trkpt lat="46.151283" lon="6.193750">
        <ele>1140.710755</ele>
        <time>2025-12-18T10:59:23.754Z</time>
      </trkpt>
      <trkpt lat="46.151663" lon="6.193716">
        <ele>1138.098707</ele>
        <time>2025-12-18T10:59:27.184Z</time>
      </trkpt>
      <trkpt lat="46.152237" lon="6.193701">
        <ele>1134.066714</ele>
        <time>2025-12-18T10:59:32.433Z</time>
      </trkpt>
      <trkpt lat="46.152469" lon="6.193558">
        <ele>1132.178811</ele>
        <time>2025-12-18T10:59:34.724Z</time>
      </trkpt>
      <trkpt lat="46.152590" lon="6.193381">
        <ele>1130.889605</ele>
        <time>2025-12-18T10:59:36.242Z</time>
      </trkpt>
      <trkpt lat="46.152682" lon="6.193099">
        <ele>1129.273607</ele>
        <time>2025-12-18T10:59:38.113Z</time>
      </trkpt>
      <trkpt lat="46.152723" lon="6.192793">
        <ele>1127.657799</ele>
        <time>2025-12-18T10:59:40.043Z</time>
      </trkpt>
      <trkpt lat="46.152689" lon="6.192570">
        <ele>1126.474022</ele>
        <time>2025-12-18T10:59:41.498Z</time>
      </trkpt>
      <trkpt lat="46.152539" lon="6.192199">
        <ele>1124.247004</ele>
        <time>2025-12-18T10:59:44.188Z</time>
      </trkpt>
      <trkpt lat="46.152537" lon="6.192071">
        <ele>1123.583239</ele>
        <time>2025-12-18T10:59:44.964Z</time>
      </trkpt>
      <trkpt lat="46.152571" lon="6.191981">
        <ele>1123.051776</ele>
        <time>2025-12-18T10:59:45.594Z</time>
      </trkpt>
      <trkpt lat="46.152653" lon="6.191908">
        <ele>1122.330787</ele>
        <time>2025-12-18T10:59:46.436Z</time>
      </trkpt>
      <trkpt lat="46.152734" lon="6.191907">
        <ele>1121.724631</ele>
        <time>2025-12-18T10:59:47.137Z</time>
      </trkpt>
      <trkpt lat="46.152783" lon="6.191945">
        <ele>1121.318412</ele>
        <time>2025-12-18T10:59:47.622Z</time>
      </trkpt>
      <trkpt lat="46.152830" lon="6.192036">
        <ele>1120.744164</ele>
        <time>2025-12-18T10:59:48.312Z</time>
      </trkpt>
      <trkpt lat="46.152955" lon="6.192451">
        <ele>1118.454774</ele>
        <time>2025-12-18T10:59:51.036Z</time>
      </trkpt>
      <trkpt lat="46.153087" lon="6.192739">
        <ele>1116.707729</ele>
        <time>2025-12-18T10:59:53.110Z</time>
      </trkpt>
      <trkpt lat="46.153192" lon="6.192975">
        <ele>1115.288754</ele>
        <time>2025-12-18T10:59:54.802Z</time>
      </trkpt>
      <trkpt lat="46.153261" lon="6.193221">
        <ele>1113.946084</ele>
        <time>2025-12-18T10:59:56.455Z</time>
      </trkpt>
      <trkpt lat="46.153371" lon="6.193807">
        <ele>1110.874578</ele>
        <time>2025-12-18T11:00:00.420Z</time>
      </trkpt>
      <trkpt lat="46.153368" lon="6.194108">
        <ele>1109.351654</ele>
        <time>2025-12-18T11:00:02.266Z</time>
      </trkpt>
      <trkpt lat="46.153212" lon="6.194630">
        <ele>1107.072761</ele>
        <time>2025-12-18T11:00:05.897Z</time>
      </trkpt>
      <trkpt lat="46.153145" lon="6.194719">
        <ele>1106.595503</ele>
        <time>2025-12-18T11:00:06.768Z</time>
      </trkpt>
      <trkpt lat="46.152984" lon="6.194807">
        <ele>1105.693119</ele>
        <time>2025-12-18T11:00:08.433Z</time>
      </trkpt>
      <trkpt lat="46.152862" lon="6.194902">
        <ele>1104.966524</ele>
        <time>2025-12-18T11:00:09.767Z</time>
      </trkpt>
      <trkpt lat="46.152830" lon="6.195011">
        <ele>1104.536656</ele>
        <time>2025-12-18T11:00:10.560Z</time>
      </trkpt>
      <trkpt lat="46.152835" lon="6.195113">
        <ele>1104.165355</ele>
        <time>2025-12-18T11:00:11.239Z</time>
      </trkpt>
      <trkpt lat="46.152923" lon="6.195235">
        <ele>1103.525811</ele>
        <time>2025-12-18T11:00:12.392Z</time>
      </trkpt>
      <trkpt lat="46.153051" lon="6.195228">
        <ele>1102.854391</ele>
        <time>2025-12-18T11:00:13.624Z</time>
      </trkpt>
      <trkpt lat="46.153244" lon="6.195035">
        <ele>1101.623716</ele>
        <time>2025-12-18T11:00:15.832Z</time>
      </trkpt>
      <trkpt lat="46.153665" lon="6.194736">
        <ele>1099.164342</ele>
        <time>2025-12-18T11:00:20.085Z</time>
      </trkpt>
      <trkpt lat="46.154018" lon="6.194321">
        <ele>1096.213412</ele>
        <time>2025-12-18T11:00:24.436Z</time>
      </trkpt>
      <trkpt lat="46.154147" lon="6.194291">
        <ele>1095.366391</ele>
        <time>2025-12-18T11:00:25.695Z</time>
      </trkpt>
      <trkpt lat="46.154203" lon="6.194318">
        <ele>1094.983660</ele>
        <time>2025-12-18T11:00:26.244Z</time>
      </trkpt>
      <trkpt lat="46.154237" lon="6.194371">
        <ele>1094.659282</ele>
        <time>2025-12-18T11:00:26.714Z</time>
      </trkpt>
      <trkpt lat="46.154270" lon="6.194527">
        <ele>1093.926824</ele>
        <time>2025-12-18T11:00:27.772Z</time>
      </trkpt>
      <trkpt lat="46.154243" lon="6.194684">
        <ele>1093.200409</ele>
        <time>2025-12-18T11:00:28.795Z</time>
      </trkpt>
      <trkpt lat="46.154223" lon="6.194716">
        <ele>1093.006869</ele>
        <time>2025-12-18T11:00:29.062Z</time>
      </trkpt>
      <trkpt lat="46.154200" lon="6.194748">
        <ele>1092.799797</ele>
        <time>2025-12-18T11:00:29.350Z</time>
      </trkpt>
      <trkpt lat="46.154061" lon="6.194943">
        <ele>1091.543338</ele>
        <time>2025-12-18T11:00:31.066Z</time>
      </trkpt>
      <trkpt lat="46.154030" lon="6.194990">
        <ele>1091.251914</ele>
        <time>2025-12-18T11:00:31.464Z</time>
      </trkpt>
      <trkpt lat="46.154006" lon="6.195032">
        <ele>1091.007422</ele>
        <time>2025-12-18T11:00:31.798Z</time>
      </trkpt>
      <trkpt lat="46.153987" lon="6.195070">
        <ele>1090.796974</ele>
        <time>2025-12-18T11:00:32.079Z</time>
      </trkpt>
      <trkpt lat="46.153884" lon="6.195297">
        <ele>1089.578407</ele>
        <time>2025-12-18T11:00:33.732Z</time>
      </trkpt>
      <trkpt lat="46.153749" lon="6.195809">
        <ele>1087.012289</ele>
        <time>2025-12-18T11:00:37.116Z</time>
      </trkpt>
      <trkpt lat="46.153648" lon="6.196211">
        <ele>1084.563753</ele>
        <time>2025-12-18T11:00:39.787Z</time>
      </trkpt>
      <trkpt lat="46.153526" lon="6.196410">
        <ele>1083.042146</ele>
        <time>2025-12-18T11:00:41.405Z</time>
      </trkpt>
      <trkpt lat="46.153136" lon="6.196817">
        <ele>1079.064335</ele>
        <time>2025-12-18T11:00:45.584Z</time>
      </trkpt>
      <trkpt lat="46.153041" lon="6.196939">
        <ele>1078.013328</ele>
        <time>2025-12-18T11:00:46.680Z</time>
      </trkpt>
      <trkpt lat="46.152856" lon="6.197265">
        <ele>1075.600275</ele>
        <time>2025-12-18T11:00:49.203Z</time>
      </trkpt>
      <trkpt lat="46.152705" lon="6.197723">
        <ele>1072.695897</ele>
        <time>2025-12-18T11:00:52.314Z</time>
      </trkpt>
      <trkpt lat="46.152485" lon="6.198534">
        <ele>1068.604066</ele>
        <time>2025-12-18T11:00:57.792Z</time>
      </trkpt>
      <trkpt lat="46.152295" lon="6.198872">
        <ele>1066.564475</ele>
        <time>2025-12-18T11:01:00.567Z</time>
      </trkpt>
      <trkpt lat="46.151822" lon="6.199432">
        <ele>1062.426689</ele>
        <time>2025-12-18T11:01:06.171Z</time>
      </trkpt>
      <trkpt lat="46.151790" lon="6.199562">
        <ele>1061.780231</ele>
        <time>2025-12-18T11:01:07.041Z</time>
      </trkpt>
      <trkpt lat="46.151820" lon="6.199723">
        <ele>1060.999012</ele>
        <time>2025-12-18T11:01:08.087Z</time>
      </trkpt>
      <trkpt lat="46.151889" lon="6.199816">
        <ele>1060.311572</ele>
        <time>2025-12-18T11:01:08.943Z</time>
      </trkpt>
      <trkpt lat="46.152027" lon="6.199858">
        <ele>1058.933879</ele>
        <time>2025-12-18T11:01:10.199Z</time>
      </trkpt>
      <trkpt lat="46.152641" lon="6.199780">
        <ele>1052.912821</ele>
        <time>2025-12-18T11:01:15.569Z</time>
      </trkpt>
      <trkpt lat="46.152994" lon="6.199782">
        <ele>1049.464503</ele>
        <time>2025-12-18T11:01:18.577Z</time>
      </trkpt>
      <trkpt lat="46.153037" lon="6.199809">
        <ele>1049.006440</ele>
        <time>2025-12-18T11:01:18.976Z</time>
      </trkpt>
      <trkpt lat="46.153325" lon="6.199997">
        <ele>1045.918830</ele>
        <time>2025-12-18T11:01:21.653Z</time>
      </trkpt>
      <trkpt lat="46.153514" lon="6.200073">
        <ele>1044.002287</ele>
        <time>2025-12-18T11:01:23.322Z</time>
      </trkpt>
      <trkpt lat="46.153960" lon="6.200135">
        <ele>1039.690698</ele>
        <time>2025-12-18T11:01:27.148Z</time>
      </trkpt>
      <trkpt lat="46.154378" lon="6.200103">
        <ele>1035.683279</ele>
        <time>2025-12-18T11:01:30.748Z</time>
      </trkpt>
      <trkpt lat="46.154550" lon="6.200034">
        <ele>1033.974208</ele>
        <time>2025-12-18T11:01:32.294Z</time>
      </trkpt>
      <trkpt lat="46.154640" lon="6.199959">
        <ele>1032.979320</ele>
        <time>2025-12-18T11:01:33.193Z</time>
      </trkpt>
      <trkpt lat="46.154838" lon="6.199743">
        <ele>1030.603352</ele>
        <time>2025-12-18T11:01:35.351Z</time>
      </trkpt>
      <trkpt lat="46.155053" lon="6.199448">
        <ele>1027.763603</ele>
        <time>2025-12-18T11:01:37.948Z</time>
      </trkpt>
      <trkpt lat="46.155142" lon="6.199451">
        <ele>1026.911314</ele>
        <time>2025-12-18T11:01:38.734Z</time>
      </trkpt>
      <trkpt lat="46.155197" lon="6.199540">
        <ele>1026.120350</ele>
        <time>2025-12-18T11:01:39.452Z</time>
      </trkpt>
      <trkpt lat="46.155200" lon="6.199649">
        <ele>1025.458683</ele>
        <time>2025-12-18T11:01:40.117Z</time>
      </trkpt>
      <trkpt lat="46.154834" lon="6.200593">
        <ele>1019.844944</ele>
        <time>2025-12-18T11:01:46.726Z</time>
      </trkpt>
      <trkpt lat="46.154739" lon="6.200731">
        <ele>1018.835343</ele>
        <time>2025-12-18T11:01:47.944Z</time>
      </trkpt>
      <trkpt lat="46.154302" lon="6.201091">
        <ele>1015.066150</ele>
        <time>2025-12-18T11:01:52.512Z</time>
      </trkpt>
      <trkpt lat="46.154047" lon="6.201355">
        <ele>1012.715418</ele>
        <time>2025-12-18T11:01:55.325Z</time>
      </trkpt>
      <trkpt lat="46.153912" lon="6.201586">
        <ele>1010.826525</ele>
        <time>2025-12-18T11:01:57.210Z</time>
      </trkpt>
      <trkpt lat="46.153810" lon="6.202006">
        <ele>1007.818376</ele>
        <time>2025-12-18T11:01:59.944Z</time>
      </trkpt>
      <trkpt lat="46.153748" lon="6.202519">
        <ele>1004.298666</ele>
        <time>2025-12-18T11:02:03.090Z</time>
      </trkpt>
      <trkpt lat="46.153667" lon="6.203132">
        <ele>1000.080728</ele>
        <time>2025-12-18T11:02:06.822Z</time>
      </trkpt>
      <trkpt lat="46.153560" lon="6.203906">
        <ele>994.746138</ele>
        <time>2025-12-18T11:02:11.421Z</time>
      </trkpt>
      <trkpt lat="46.153355" lon="6.204349">
        <ele>991.385736</ele>
        <time>2025-12-18T11:02:14.532Z</time>
      </trkpt>
      <trkpt lat="46.153354" lon="6.204479">
        <ele>990.567174</ele>
        <time>2025-12-18T11:02:15.296Z</time>
      </trkpt>
      <trkpt lat="46.153394" lon="6.204632">
        <ele>989.537527</ele>
        <time>2025-12-18T11:02:16.254Z</time>
      </trkpt>
      <trkpt lat="46.153523" lon="6.204826">
        <ele>987.844392</ele>
        <time>2025-12-18T11:02:17.846Z</time>
      </trkpt>
      <trkpt lat="46.153803" lon="6.205051">
        <ele>984.931739</ele>
        <time>2025-12-18T11:02:20.640Z</time>
      </trkpt>
      <trkpt lat="46.153949" lon="6.205076">
        <ele>983.595438</ele>
        <time>2025-12-18T11:02:21.963Z</time>
      </trkpt>
      <trkpt lat="46.154059" lon="6.205033">
        <ele>982.559637</ele>
        <time>2025-12-18T11:02:22.995Z</time>
      </trkpt>
      <trkpt lat="46.154159" lon="6.204934">
        <ele>981.457533</ele>
        <time>2025-12-18T11:02:24.088Z</time>
      </trkpt>
      <trkpt lat="46.154415" lon="6.204413">
        <ele>977.568761</ele>
        <time>2025-12-18T11:02:28.126Z</time>
      </trkpt>
      <trkpt lat="46.154481" lon="6.204205">
        <ele>976.347505</ele>
        <time>2025-12-18T11:02:29.599Z</time>
      </trkpt>
      <trkpt lat="46.154519" lon="6.203899">
        <ele>974.688023</ele>
        <time>2025-12-18T11:02:31.603Z</time>
      </trkpt>
      <trkpt lat="46.154731" lon="6.203603">
        <ele>972.415262</ele>
        <time>2025-12-18T11:02:34.298Z</time>
      </trkpt>
      <trkpt lat="46.155160" lon="6.202781">
        <ele>966.921463</ele>
        <time>2025-12-18T11:02:40.559Z</time>
      </trkpt>
      <trkpt lat="46.155203" lon="6.202734">
        <ele>966.505843</ele>
        <time>2025-12-18T11:02:41.017Z</time>
      </trkpt>
      <trkpt lat="46.155417" lon="6.202626">
        <ele>964.758901</ele>
        <time>2025-12-18T11:02:42.969Z</time>
      </trkpt>
      <trkpt lat="46.155582" lon="6.202463">
        <ele>963.029209</ele>
        <time>2025-12-18T11:02:44.687Z</time>
      </trkpt>
      <trkpt lat="46.155985" lon="6.202167">
        <ele>959.009901</ele>
        <time>2025-12-18T11:02:48.611Z</time>
      </trkpt>
      <trkpt lat="46.156103" lon="6.202009">
        <ele>957.579269</ele>
        <time>2025-12-18T11:02:50.013Z</time>
      </trkpt>
      <trkpt lat="46.156416" lon="6.201415">
        <ele>952.983782</ele>
        <time>2025-12-18T11:02:54.524Z</time>
      </trkpt>
      <trkpt lat="46.156727" lon="6.200716">
        <ele>947.670348</ele>
        <time>2025-12-18T11:02:59.577Z</time>
      </trkpt>
      <trkpt lat="46.156850" lon="6.200627">
        <ele>946.038525</ele>
        <time>2025-12-18T11:03:00.805Z</time>
      </trkpt>
      <trkpt lat="46.157104" lon="6.200535">
        <ele>942.932595</ele>
        <time>2025-12-18T11:03:03.131Z</time>
      </trkpt>
      <trkpt lat="46.157224" lon="6.200449">
        <ele>941.343616</ele>
        <time>2025-12-18T11:03:04.292Z</time>
      </trkpt>
      <trkpt lat="46.157450" lon="6.200170">
        <ele>937.816753</ele>
        <time>2025-12-18T11:03:06.836Z</time>
      </trkpt>
      <trkpt lat="46.157609" lon="6.199902">
        <ele>934.917786</ele>
        <time>2025-12-18T11:03:08.907Z</time>
      </trkpt>
      <trkpt lat="46.157768" lon="6.199549">
        <ele>931.458502</ele>
        <time>2025-12-18T11:03:11.351Z</time>
      </trkpt>
      <trkpt lat="46.157835" lon="6.199462">
        <ele>930.389703</ele>
        <time>2025-12-18T11:03:12.105Z</time>
      </trkpt>
      <trkpt lat="46.158587" lon="6.199054">
        <ele>916.216794</ele>
        <time>2025-12-18T11:03:18.727Z</time>
      </trkpt>
      <trkpt lat="46.159080" lon="6.198641">
        <ele>904.445734</ele>
        <time>2025-12-18T11:03:23.404Z</time>
      </trkpt>
      <trkpt lat="46.159394" lon="6.198430">
        <ele>897.293166</ele>
        <time>2025-12-18T11:03:26.254Z</time>
      </trkpt>
      <trkpt lat="46.159815" lon="6.198332">
        <ele>889.666303</ele>
        <time>2025-12-18T11:03:29.760Z</time>
      </trkpt>
      <trkpt lat="46.160066" lon="6.198210">
        <ele>888.507242</ele>
        <time>2025-12-18T11:03:32.000Z</time>
      </trkpt>
      <trkpt lat="46.160127" lon="6.198206">
        <ele>888.240006</ele>
        <time>2025-12-18T11:03:32.509Z</time>
      </trkpt>
      <trkpt lat="46.160173" lon="6.198243">
        <ele>888.009556</ele>
        <time>2025-12-18T11:03:32.955Z</time>
      </trkpt>
      <trkpt lat="46.160198" lon="6.198357">
        <ele>887.647082</ele>
        <time>2025-12-18T11:03:33.672Z</time>
      </trkpt>
      <trkpt lat="46.160150" lon="6.198449">
        <ele>887.297937</ele>
        <time>2025-12-18T11:03:34.351Z</time>
      </trkpt>
      <trkpt lat="46.160032" lon="6.198535">
        <ele>886.719451</ele>
        <time>2025-12-18T11:03:35.507Z</time>
      </trkpt>
      <trkpt lat="46.159819" lon="6.198597">
        <ele>885.768518</ele>
        <time>2025-12-18T11:03:37.573Z</time>
      </trkpt>
      <trkpt lat="46.159684" lon="6.198686">
        <ele>885.119020</ele>
        <time>2025-12-18T11:03:39.369Z</time>
      </trkpt>
      <trkpt lat="46.159552" lon="6.198830">
        <ele>884.394960</ele>
        <time>2025-12-18T11:03:43.185Z</time>
      </trkpt>
      <trkpt lat="46.159348" lon="6.199125">
        <ele>883.131337</ele>
        <time>2025-12-18T11:03:57.554Z</time>
      </trkpt>
      <trkpt lat="46.159161" lon="6.199481">
        <ele>881.907731</ele>
        <time>2025-12-18T11:04:15.622Z</time>
      </trkpt>
      <trkpt lat="46.158877" lon="6.199799">
        <ele>880.948896</ele>
        <time>2025-12-18T11:04:25.362Z</time>
      </trkpt>
      <trkpt lat="46.158555" lon="6.200121">
        <ele>879.903905</ele>
        <time>2025-12-18T11:04:29.460Z</time>
      </trkpt>
      <trkpt lat="46.158507" lon="6.200556">
        <ele>879.089927</ele>
        <time>2025-12-18T11:04:32.574Z</time>
      </trkpt>
      <trkpt lat="46.158415" lon="6.200905">
        <ele>878.399879</ele>
        <time>2025-12-18T11:04:35.022Z</time>
      </trkpt>
      <trkpt lat="46.158050" lon="6.201797">
        <ele>873.495648</ele>
        <time>2025-12-18T11:04:41.196Z</time>
      </trkpt>
      <trkpt lat="46.157901" lon="6.202052">
        <ele>870.653286</ele>
        <time>2025-12-18T11:04:43.147Z</time>
      </trkpt>
      <trkpt lat="46.157815" lon="6.202752">
        <ele>864.596210</ele>
        <time>2025-12-18T11:04:47.273Z</time>
      </trkpt>
      <trkpt lat="46.157613" lon="6.203376">
        <ele>858.727785</ele>
        <time>2025-12-18T11:04:51.251Z</time>
      </trkpt>
      <trkpt lat="46.157517" lon="6.203852">
        <ele>854.459595</ele>
        <time>2025-12-18T11:04:54.133Z</time>
      </trkpt>
      <trkpt lat="46.157351" lon="6.204511">
        <ele>848.099811</ele>
        <time>2025-12-18T11:04:58.222Z</time>
      </trkpt>
      <trkpt lat="46.157120" lon="6.204942">
        <ele>843.157301</ele>
        <time>2025-12-18T11:05:01.395Z</time>
      </trkpt>
      <trkpt lat="46.157059" lon="6.205532">
        <ele>837.746943</ele>
        <time>2025-12-18T11:05:04.868Z</time>
      </trkpt>
      <trkpt lat="46.156752" lon="6.207060">
        <ele>823.536447</ele>
        <time>2025-12-18T11:05:14.093Z</time>
      </trkpt>
      <trkpt lat="46.156663" lon="6.207758">
        <ele>817.268939</ele>
        <time>2025-12-18T11:05:18.183Z</time>
      </trkpt>
      <trkpt lat="46.156519" lon="6.208449">
        <ele>810.896624</ele>
        <time>2025-12-18T11:05:22.439Z</time>
      </trkpt>
      <trkpt lat="46.156441" lon="6.208698">
        <ele>808.526565</ele>
        <time>2025-12-18T11:05:24.052Z</time>
      </trkpt>
      <trkpt lat="46.156004" lon="6.209777">
        <ele>799.602774</ele>
        <time>2025-12-18T11:05:31.450Z</time>
      </trkpt>
      <trkpt lat="46.155980" lon="6.209914">
        <ele>798.593845</ele>
        <time>2025-12-18T11:05:32.307Z</time>
      </trkpt>
      <trkpt lat="46.156001" lon="6.209957">
        <ele>798.218210</ele>
        <time>2025-12-18T11:05:32.631Z</time>
      </trkpt>
      <trkpt lat="46.156081" lon="6.209942">
        <ele>797.386720</ele>
        <time>2025-12-18T11:05:33.325Z</time>
      </trkpt>
      <trkpt lat="46.156299" lon="6.209589">
        <ele>794.010245</ele>
        <time>2025-12-18T11:05:36.212Z</time>
      </trkpt>
      <trkpt lat="46.156354" lon="6.209477">
        <ele>793.030050</ele>
        <time>2025-12-18T11:05:37.038Z</time>
      </trkpt>
      <trkpt lat="46.156448" lon="6.209136">
        <ele>790.409744</ele>
        <time>2025-12-18T11:05:39.225Z</time>
      </trkpt>
      <trkpt lat="46.156925" lon="6.208317">
        <ele>780.541257</ele>
        <time>2025-12-18T11:05:45.475Z</time>
      </trkpt>
      <trkpt lat="46.157036" lon="6.208190">
        <ele>778.641739</ele>
        <time>2025-12-18T11:05:46.674Z</time>
      </trkpt>
      <trkpt lat="46.157131" lon="6.207967">
        <ele>776.209641</ele>
        <time>2025-12-18T11:05:48.199Z</time>
      </trkpt>
      <trkpt lat="46.157263" lon="6.207772">
        <ele>773.676714</ele>
        <time>2025-12-18T11:05:49.774Z</time>
      </trkpt>
      <trkpt lat="46.158010" lon="6.206808">
        <ele>759.827259</ele>
        <time>2025-12-18T11:05:58.050Z</time>
      </trkpt>
      <trkpt lat="46.158371" lon="6.206473">
        <ele>753.663653</ele>
        <time>2025-12-18T11:06:01.590Z</time>
      </trkpt>
      <trkpt lat="46.158592" lon="6.206139">
        <ele>749.068454</ele>
        <time>2025-12-18T11:06:04.245Z</time>
      </trkpt>
      <trkpt lat="46.158863" lon="6.205941">
        <ele>744.706163</ele>
        <time>2025-12-18T11:06:06.782Z</time>
      </trkpt>
      <trkpt lat="46.159019" lon="6.205763">
        <ele>741.850321</ele>
        <time>2025-12-18T11:06:08.469Z</time>
      </trkpt>
      <trkpt lat="46.159252" lon="6.205329">
        <ele>737.523329</ele>
        <time>2025-12-18T11:06:11.764Z</time>
      </trkpt>
      <trkpt lat="46.159558" lon="6.204981">
        <ele>733.588784</ele>
        <time>2025-12-18T11:06:15.155Z</time>
      </trkpt>
      <trkpt lat="46.159806" lon="6.204497">
        <ele>729.376799</ele>
        <time>2025-12-18T11:06:18.764Z</time>
      </trkpt>
      <trkpt lat="46.159983" lon="6.204065">
        <ele>725.865274</ele>
        <time>2025-12-18T11:06:21.768Z</time>
      </trkpt>
      <trkpt lat="46.160129" lon="6.203704">
        <ele>722.940655</ele>
        <time>2025-12-18T11:06:24.266Z</time>
      </trkpt>
      <trkpt lat="46.160200" lon="6.203594">
        <ele>721.910567</ele>
        <time>2025-12-18T11:06:25.162Z</time>
      </trkpt>
      <trkpt lat="46.160255" lon="6.203573">
        <ele>721.415031</ele>
        <time>2025-12-18T11:06:25.649Z</time>
      </trkpt>
      <trkpt lat="46.160339" lon="6.203591">
        <ele>720.675352</ele>
        <time>2025-12-18T11:06:26.377Z</time>
      </trkpt>
      <trkpt lat="46.160391" lon="6.203640">
        <ele>720.134479</ele>
        <time>2025-12-18T11:06:26.905Z</time>
      </trkpt>
      <trkpt lat="46.160432" lon="6.203738">
        <ele>719.443751</ele>
        <time>2025-12-18T11:06:27.578Z</time>
      </trkpt>
      <trkpt lat="46.160427" lon="6.203914">
        <ele>718.381031</ele>
        <time>2025-12-18T11:06:28.605Z</time>
      </trkpt>
      <trkpt lat="46.160227" lon="6.204393">
        <ele>715.006704</ele>
        <time>2025-12-18T11:06:31.850Z</time>
      </trkpt>
      <trkpt lat="46.160167" lon="6.204699">
        <ele>713.088018</ele>
        <time>2025-12-18T11:06:33.714Z</time>
      </trkpt>
      <trkpt lat="46.160166" lon="6.205024">
        <ele>711.127229</ele>
        <time>2025-12-18T11:06:35.687Z</time>
      </trkpt>
      <trkpt lat="46.160220" lon="6.205381">
        <ele>708.922640</ele>
        <time>2025-12-18T11:06:38.030Z</time>
      </trkpt>
      <trkpt lat="46.160260" lon="6.205760">
        <ele>706.609692</ele>
        <time>2025-12-18T11:06:40.751Z</time>
      </trkpt>
      <trkpt lat="46.160221" lon="6.205948">
        <ele>706.075150</ele>
        <time>2025-12-18T11:06:42.225Z</time>
      </trkpt>
      <trkpt lat="46.160193" lon="6.206013">
        <ele>705.927414</ele>
        <time>2025-12-18T11:06:42.796Z</time>
      </trkpt>
      <trkpt lat="46.160055" lon="6.206234">
        <ele>705.353129</ele>
        <time>2025-12-18T11:06:45.092Z</time>
      </trkpt>
      <trkpt lat="46.160014" lon="6.206274">
        <ele>705.215244</ele>
        <time>2025-12-18T11:06:45.671Z</time>
      </trkpt>
      <trkpt lat="46.159726" lon="6.206677">
        <ele>704.097653</ele>
        <time>2025-12-18T11:06:50.332Z</time>
      </trkpt>
      <trkpt lat="46.159597" lon="6.206972">
        <ele>703.424311</ele>
        <time>2025-12-18T11:06:53.741Z</time>
      </trkpt>
      <trkpt lat="46.159476" lon="6.207353">
        <ele>702.615344</ele>
        <time>2025-12-18T11:06:58.026Z</time>
      </trkpt>
      <trkpt lat="46.159445" lon="6.207450">
        <ele>702.409160</ele>
        <time>2025-12-18T11:06:58.902Z</time>
      </trkpt>
      <trkpt lat="46.158689" lon="6.210047">
        <ele>691.275026</ele>
        <time>2025-12-18T11:07:16.660Z</time>
      </trkpt>
      <trkpt lat="46.158585" lon="6.210411">
        <ele>689.477409</ele>
        <time>2025-12-18T11:07:19.069Z</time>
      </trkpt>
      <trkpt lat="46.158520" lon="6.210832">
        <ele>687.261997</ele>
        <time>2025-12-18T11:07:21.714Z</time>
      </trkpt>
      <trkpt lat="46.158508" lon="6.211088">
        <ele>685.944118</ele>
        <time>2025-12-18T11:07:23.284Z</time>
      </trkpt>
      <trkpt lat="46.158569" lon="6.211699">
        <ele>682.773462</ele>
        <time>2025-12-18T11:07:27.048Z</time>
      </trkpt>
      <trkpt lat="46.158610" lon="6.212075">
        <ele>680.818463</ele>
        <time>2025-12-18T11:07:29.383Z</time>
      </trkpt>
      <trkpt lat="46.158674" lon="6.212602">
        <ele>678.070396</ele>
        <time>2025-12-18T11:07:32.719Z</time>
      </trkpt>
      <trkpt lat="46.158755" lon="6.213326">
        <ele>674.669980</ele>
        <time>2025-12-18T11:07:37.329Z</time>
      </trkpt>
      <trkpt lat="46.158818" lon="6.213884">
        <ele>672.244994</ele>
        <time>2025-12-18T11:07:40.892Z</time>
      </trkpt>
      <trkpt lat="46.158835" lon="6.214198">
        <ele>670.894064</ele>
        <time>2025-12-18T11:07:42.880Z</time>
      </trkpt>
      <trkpt lat="46.158833" lon="6.214276">
        <ele>670.559273</ele>
        <time>2025-12-18T11:07:43.378Z</time>
      </trkpt>
      <trkpt lat="46.158825" lon="6.214407">
        <ele>669.995203</ele>
        <time>2025-12-18T11:07:44.212Z</time>
      </trkpt>
      <trkpt lat="46.158775" lon="6.214554">
        <ele>669.292765</ele>
        <time>2025-12-18T11:07:45.259Z</time>
      </trkpt>
      <trkpt lat="46.158718" lon="6.214866">
        <ele>667.908753</ele>
        <time>2025-12-18T11:07:47.322Z</time>
      </trkpt>
      <trkpt lat="46.158555" lon="6.215341">
        <ele>665.635033</ele>
        <time>2025-12-18T11:07:50.715Z</time>
      </trkpt>
      <trkpt lat="46.158516" lon="6.215470">
        <ele>665.052818</ele>
        <time>2025-12-18T11:07:51.618Z</time>
      </trkpt>
      <trkpt lat="46.158464" lon="6.215676">
        <ele>664.169162</ele>
        <time>2025-12-18T11:07:53.010Z</time>
      </trkpt>
      <trkpt lat="46.158443" lon="6.215758">
        <ele>663.816812</ele>
        <time>2025-12-18T11:07:53.568Z</time>
      </trkpt>
      <trkpt lat="46.158336" lon="6.216285">
        <ele>661.603471</ele>
        <time>2025-12-18T11:07:57.032Z</time>
      </trkpt>
      <trkpt lat="46.158222" lon="6.216852">
        <ele>659.223958</ele>
        <time>2025-12-18T11:08:00.748Z</time>
      </trkpt>
      <trkpt lat="46.158196" lon="6.216967">
        <ele>658.736406</ele>
        <time>2025-12-18T11:08:01.514Z</time>
      </trkpt>
      <trkpt lat="46.158136" lon="6.217210">
        <ele>657.696674</ele>
        <time>2025-12-18T11:08:03.159Z</time>
      </trkpt>
      <trkpt lat="46.158133" lon="6.217224">
        <ele>657.637611</ele>
        <time>2025-12-18T11:08:03.255Z</time>
      </trkpt>
      <trkpt lat="46.158118" lon="6.217283">
        <ele>657.384310</ele>
        <time>2025-12-18T11:08:03.661Z</time>
      </trkpt>
      <trkpt lat="46.158081" lon="6.217416">
        <ele>656.806659</ele>
        <time>2025-12-18T11:08:04.582Z</time>
      </trkpt>
      <trkpt lat="46.158057" lon="6.217503">
        <ele>656.429235</ele>
        <time>2025-12-18T11:08:05.184Z</time>
      </trkpt>
      <trkpt lat="46.157933" lon="6.217865">
        <ele>654.828179</ele>
        <time>2025-12-18T11:08:07.810Z</time>
      </trkpt>
      <trkpt lat="46.157707" lon="6.218505">
        <ele>652.571563</ele>
        <time>2025-12-18T11:08:12.557Z</time>
      </trkpt>
      <trkpt lat="46.157673" lon="6.218589">
        <ele>652.265945</ele>
        <time>2025-12-18T11:08:13.197Z</time>
      </trkpt>
      <trkpt lat="46.157648" lon="6.218650">
        <ele>652.043296</ele>
        <time>2025-12-18T11:08:13.671Z</time>
      </trkpt>
      <trkpt lat="46.157603" lon="6.218824">
        <ele>651.459852</ele>
        <time>2025-12-18T11:08:14.921Z</time>
      </trkpt>
      <trkpt lat="46.157559" lon="6.219058">
        <ele>650.698181</ele>
        <time>2025-12-18T11:08:16.571Z</time>
      </trkpt>
      <trkpt lat="46.157570" lon="6.219437">
        <ele>649.506576</ele>
        <time>2025-12-18T11:08:19.138Z</time>
      </trkpt>
      <trkpt lat="46.157655" lon="6.219772">
        <ele>648.385854</ele>
        <time>2025-12-18T11:08:21.519Z</time>
      </trkpt>
      <trkpt lat="46.157838" lon="6.220237">
        <ele>646.658582</ele>
        <time>2025-12-18T11:08:25.163Z</time>
      </trkpt>
      <trkpt lat="46.157924" lon="6.220453">
        <ele>645.252387</ele>
        <time>2025-12-18T11:08:26.806Z</time>
      </trkpt>
      <trkpt lat="46.157939" lon="6.220490">
        <ele>645.010413</ele>
        <time>2025-12-18T11:08:27.084Z</time>
      </trkpt>
      <trkpt lat="46.158065" lon="6.220796">
        <ele>643.001171</ele>
        <time>2025-12-18T11:08:29.383Z</time>
      </trkpt>
      <trkpt lat="46.158084" lon="6.220846">
        <ele>642.679284</ele>
        <time>2025-12-18T11:08:29.738Z</time>
      </trkpt>
      <trkpt lat="46.158105" lon="6.220899">
        <ele>642.334659</ele>
        <time>2025-12-18T11:08:30.119Z</time>
      </trkpt>
      <trkpt lat="46.158138" lon="6.220983">
        <ele>641.789603</ele>
        <time>2025-12-18T11:08:30.719Z</time>
      </trkpt>
      <trkpt lat="46.158168" lon="6.221059">
        <ele>641.295882</ele>
        <time>2025-12-18T11:08:31.251Z</time>
      </trkpt>
      <trkpt lat="46.158175" lon="6.221075">
        <ele>641.189070</ele>
        <time>2025-12-18T11:08:31.363Z</time>
      </trkpt>
      <trkpt lat="46.158266" lon="6.221313">
        <ele>639.654693</ele>
        <time>2025-12-18T11:08:33.006Z</time>
      </trkpt>
      <trkpt lat="46.158620" lon="6.222079">
        <ele>634.457346</ele>
        <time>2025-12-18T11:08:38.517Z</time>
      </trkpt>
      <trkpt lat="46.158640" lon="6.222179">
        <ele>633.869877</ele>
        <time>2025-12-18T11:08:39.126Z</time>
      </trkpt>
      <trkpt lat="46.158632" lon="6.222323">
        <ele>633.054515</ele>
        <time>2025-12-18T11:08:39.977Z</time>
      </trkpt>
      <trkpt lat="46.158549" lon="6.222483">
        <ele>631.910329</ele>
        <time>2025-12-18T11:08:41.158Z</time>
      </trkpt>
      <trkpt lat="46.158358" lon="6.222605">
        <ele>630.059986</ele>
        <time>2025-12-18T11:08:42.932Z</time>
      </trkpt>
      <trkpt lat="46.158236" lon="6.222589">
        <ele>628.974703</ele>
        <time>2025-12-18T11:08:43.980Z</time>
      </trkpt>
      <trkpt lat="46.158054" lon="6.222485">
        <ele>627.240604</ele>
        <time>2025-12-18T11:08:45.674Z</time>
      </trkpt>
      <trkpt lat="46.157999" lon="6.222491">
        <ele>626.751954</ele>
        <time>2025-12-18T11:08:46.161Z</time>
      </trkpt>
      <trkpt lat="46.157942" lon="6.222544">
        <ele>626.151301</ele>
        <time>2025-12-18T11:08:46.746Z</time>
      </trkpt>
      <trkpt lat="46.157899" lon="6.222677">
        <ele>625.250607</ele>
        <time>2025-12-18T11:08:47.631Z</time>
      </trkpt>
      <trkpt lat="46.157934" lon="6.222800">
        <ele>624.434599</ele>
        <time>2025-12-18T11:08:48.431Z</time>
      </trkpt>
      <trkpt lat="46.158020" lon="6.222879">
        <ele>623.531543</ele>
        <time>2025-12-18T11:08:49.311Z</time>
      </trkpt>
      <trkpt lat="46.158180" lon="6.222938">
        <ele>622.068549</ele>
        <time>2025-12-18T11:08:50.769Z</time>
      </trkpt>
      <trkpt lat="46.158391" lon="6.222988">
        <ele>620.174227</ele>
        <time>2025-12-18T11:08:52.675Z</time>
      </trkpt>
      <trkpt lat="46.158538" lon="6.222949">
        <ele>618.850104</ele>
        <time>2025-12-18T11:08:54.003Z</time>
      </trkpt>
      <trkpt lat="46.158705" lon="6.222895">
        <ele>617.333949</ele>
        <time>2025-12-18T11:08:55.519Z</time>
      </trkpt>
      <trkpt lat="46.158777" lon="6.222931">
        <ele>616.658909</ele>
        <time>2025-12-18T11:08:56.183Z</time>
      </trkpt>
      <trkpt lat="46.158850" lon="6.223027">
        <ele>615.802311</ele>
        <time>2025-12-18T11:08:57.061Z</time>
      </trkpt>
      <trkpt lat="46.158990" lon="6.223323">
        <ele>613.705503</ele>
        <time>2025-12-18T11:08:59.267Z</time>
      </trkpt>
      <trkpt lat="46.159084" lon="6.223444">
        <ele>612.641856</ele>
        <time>2025-12-18T11:09:00.399Z</time>
      </trkpt>
      <trkpt lat="46.159414" lon="6.223690">
        <ele>609.505134</ele>
        <time>2025-12-18T11:09:03.694Z</time>
      </trkpt>
      <trkpt lat="46.160003" lon="6.224400">
        <ele>603.024560</ele>
        <time>2025-12-18T11:09:10.332Z</time>
      </trkpt>
      <trkpt lat="46.160451" lon="6.224735">
        <ele>599.053351</ele>
        <time>2025-12-18T11:09:14.751Z</time>
      </trkpt>
      <trkpt lat="46.160687" lon="6.225083">
        <ele>596.576332</ele>
        <time>2025-12-18T11:09:17.746Z</time>
      </trkpt>
      <trkpt lat="46.160893" lon="6.225475">
        <ele>594.073759</ele>
        <time>2025-12-18T11:09:20.804Z</time>
      </trkpt>
      <trkpt lat="46.161010" lon="6.225614">
        <ele>592.961170</ele>
        <time>2025-12-18T11:09:22.179Z</time>
      </trkpt>
      <trkpt lat="46.161644" lon="6.225953">
        <ele>587.996775</ele>
        <time>2025-12-18T11:09:28.302Z</time>
      </trkpt>
      <trkpt lat="46.161815" lon="6.226120">
        <ele>586.378214</ele>
        <time>2025-12-18T11:09:30.166Z</time>
      </trkpt>
      <trkpt lat="46.162083" lon="6.226461">
        <ele>583.547318</ele>
        <time>2025-12-18T11:09:33.375Z</time>
      </trkpt>
      <trkpt lat="46.162379" lon="6.226570">
        <ele>581.126491</ele>
        <time>2025-12-18T11:09:36.083Z</time>
      </trkpt>
      <trkpt lat="46.162466" lon="6.226631">
        <ele>580.360037</ele>
        <time>2025-12-18T11:09:36.933Z</time>
      </trkpt>
      <trkpt lat="46.162984" lon="6.227329">
        <ele>574.744949</ele>
        <time>2025-12-18T11:09:43.135Z</time>
      </trkpt>
      <trkpt lat="46.163176" lon="6.227789">
        <ele>571.781033</ele>
        <time>2025-12-18T11:09:46.372Z</time>
      </trkpt>
      <trkpt lat="46.163249" lon="6.228156">
        <ele>569.665737</ele>
        <time>2025-12-18T11:09:48.691Z</time>
      </trkpt>
      <trkpt lat="46.163251" lon="6.228175">
        <ele>569.559272</ele>
        <time>2025-12-18T11:09:48.805Z</time>
      </trkpt>
      <trkpt lat="46.163282" lon="6.228348">
        <ele>568.569328</ele>
        <time>2025-12-18T11:09:49.885Z</time>
      </trkpt>
      <trkpt lat="46.163384" lon="6.228521">
        <ele>567.310713</ele>
        <time>2025-12-18T11:09:51.264Z</time>
      </trkpt>
      <trkpt lat="46.163408" lon="6.228622">
        <ele>566.719179</ele>
        <time>2025-12-18T11:09:51.917Z</time>
      </trkpt>
      <trkpt lat="46.163381" lon="6.228736">
        <ele>566.051738</ele>
        <time>2025-12-18T11:09:52.659Z</time>
      </trkpt>
      <trkpt lat="46.163302" lon="6.228790">
        <ele>565.352621</ele>
        <time>2025-12-18T11:09:53.437Z</time>
      </trkpt>
      <trkpt lat="46.163280" lon="6.228786">
        <ele>565.175264</ele>
        <time>2025-12-18T11:09:53.632Z</time>
      </trkpt>
      <trkpt lat="46.163008" lon="6.228467">
        <ele>562.372369</ele>
        <time>2025-12-18T11:09:56.785Z</time>
      </trkpt>
      <trkpt lat="46.162718" lon="6.228216">
        <ele>559.667949</ele>
        <time>2025-12-18T11:09:59.785Z</time>
      </trkpt>
      <trkpt lat="46.162309" lon="6.227873">
        <ele>556.014780</ele>
        <time>2025-12-18T11:10:03.977Z</time>
      </trkpt>
      <trkpt lat="46.162133" lon="6.227789">
        <ele>554.591426</ele>
        <time>2025-12-18T11:10:05.647Z</time>
      </trkpt>
      <trkpt lat="46.161771" lon="6.227788">
        <ele>551.811775</ele>
        <time>2025-12-18T11:10:08.897Z</time>
      </trkpt>
      <trkpt lat="46.161274" lon="6.227574">
        <ele>547.829421</ele>
        <time>2025-12-18T11:10:13.413Z</time>
      </trkpt>
      <trkpt lat="46.161046" lon="6.227383">
        <ele>545.805341</ele>
        <time>2025-12-18T11:10:15.723Z</time>
      </trkpt>
      <trkpt lat="46.160923" lon="6.227235">
        <ele>544.636158</ele>
        <time>2025-12-18T11:10:17.155Z</time>
      </trkpt>
      <trkpt lat="46.160865" lon="6.227207">
        <ele>544.204358</ele>
        <time>2025-12-18T11:10:17.704Z</time>
      </trkpt>
      <trkpt lat="46.160781" lon="6.227239">
        <ele>543.590972</ele>
        <time>2025-12-18T11:10:18.506Z</time>
      </trkpt>
      <trkpt lat="46.160671" lon="6.227397">
        <ele>542.495415</ele>
        <time>2025-12-18T11:10:19.942Z</time>
      </trkpt>
      <trkpt lat="46.161072" lon="6.228023">
        <ele>538.325488</ele>
        <time>2025-12-18T11:10:25.344Z</time>
      </trkpt>
      <trkpt lat="46.161143" lon="6.228210">
        <ele>537.282600</ele>
        <time>2025-12-18T11:10:26.653Z</time>
      </trkpt>
      <trkpt lat="46.161279" lon="6.228709">
        <ele>534.660179</ele>
        <time>2025-12-18T11:10:29.925Z</time>
      </trkpt>
      <trkpt lat="46.161347" lon="6.228968">
        <ele>533.305632</ele>
        <time>2025-12-18T11:10:31.677Z</time>
      </trkpt>
      <trkpt lat="46.161364" lon="6.229082">
        <ele>532.735357</ele>
        <time>2025-12-18T11:10:32.404Z</time>
      </trkpt>
      <trkpt lat="46.161363" lon="6.229325">
        <ele>531.165626</ele>
        <time>2025-12-18T11:10:33.935Z</time>
      </trkpt>
      <trkpt lat="46.161339" lon="6.229542">
        <ele>529.710967</ele>
        <time>2025-12-18T11:10:35.317Z</time>
      </trkpt>
      <trkpt lat="46.161259" lon="6.230192">
        <ele>525.340796</ele>
        <time>2025-12-18T11:10:39.337Z</time>
      </trkpt>
      <trkpt lat="46.161317" lon="6.230561">
        <ele>522.836040</ele>
        <time>2025-12-18T11:10:41.551Z</time>
      </trkpt>
      <trkpt lat="46.161496" lon="6.231119">
        <ele>518.765355</ele>
        <time>2025-12-18T11:10:45.125Z</time>
      </trkpt>
      <trkpt lat="46.161542" lon="6.231325">
        <ele>517.332597</ele>
        <time>2025-12-18T11:10:46.378Z</time>
      </trkpt>
      <trkpt lat="46.161565" lon="6.231645">
        <ele>515.382259</ele>
        <time>2025-12-18T11:10:48.283Z</time>
      </trkpt>
      <trkpt lat="46.161485" lon="6.231877">
        <ele>514.990334</ele>
        <time>2025-12-18T11:10:49.882Z</time>
      </trkpt>
      <trkpt lat="46.161472" lon="6.232027">
        <ele>514.761723</ele>
        <time>2025-12-18T11:10:50.850Z</time>
      </trkpt>
      <trkpt lat="46.161505" lon="6.232384">
        <ele>514.217053</ele>
        <time>2025-12-18T11:10:53.278Z</time>
      </trkpt>
      <trkpt lat="46.161491" lon="6.232724">
        <ele>513.701970</ele>
        <time>2025-12-18T11:10:55.592Z</time>
      </trkpt>
      <trkpt lat="46.161513" lon="6.232850">
        <ele>513.505461</ele>
        <time>2025-12-18T11:10:56.481Z</time>
      </trkpt>
      <trkpt lat="46.161583" lon="6.233016">
        <ele>513.211558</ele>
        <time>2025-12-18T11:10:57.839Z</time>
      </trkpt>
      <trkpt lat="46.161885" lon="6.233632">
        <ele>512.070246</ele>
        <time>2025-12-18T11:11:08.178Z</time>
      </trkpt>
      <trkpt lat="46.162006" lon="6.233881">
        <ele>511.610257</ele>
        <time>2025-12-18T11:11:15.465Z</time>
      </trkpt>
      <trkpt lat="46.162335" lon="6.234515">
        <ele>511.693932</ele>
        <time>2025-12-18T11:11:36.929Z</time>
      </trkpt>
      <trkpt lat="46.162418" lon="6.234628">
        <ele>511.736142</ele>
        <time>2025-12-18T11:11:39.826Z</time>
      </trkpt>
      <trkpt lat="46.162807" lon="6.235102">
        <ele>511.924479</ele>
        <time>2025-12-18T11:11:46.857Z</time>
      </trkpt>
      <trkpt lat="46.162828" lon="6.235139">
        <ele>511.936738</ele>
        <time>2025-12-18T11:11:47.221Z</time>
      </trkpt>
      <trkpt lat="46.162846" lon="6.235180">
        <ele>511.949178</ele>
        <time>2025-12-18T11:11:47.586Z</time>
      </trkpt>
      <trkpt lat="46.162858" lon="6.235210">
        <ele>511.958056</ele>
        <time>2025-12-18T11:11:47.836Z</time>
      </trkpt>
      <trkpt lat="46.162913" lon="6.235392">
        <ele>512.008943</ele>
        <time>2025-12-18T11:11:49.293Z</time>
      </trkpt>
      <trkpt lat="46.162999" lon="6.235658">
        <ele>512.084170</ele>
        <time>2025-12-18T11:11:51.383Z</time>
      </trkpt>
      <trkpt lat="46.163189" lon="6.235949">
        <ele>512.036925</ele>
        <time>2025-12-18T11:11:54.269Z</time>
      </trkpt>
      <trkpt lat="46.163681" lon="6.236574">
        <ele>509.475943</ele>
        <time>2025-12-18T11:12:00.725Z</time>
      </trkpt>
      <trkpt lat="46.163780" lon="6.236654">
        <ele>509.032581</ele>
        <time>2025-12-18T11:12:01.846Z</time>
      </trkpt>
      <trkpt lat="46.164068" lon="6.236776">
        <ele>507.859643</ele>
        <time>2025-12-18T11:12:04.811Z</time>
      </trkpt>
      <trkpt lat="46.164286" lon="6.236869">
        <ele>506.971296</ele>
        <time>2025-12-18T11:12:06.990Z</time>
      </trkpt>
      <trkpt lat="46.164540" lon="6.237002">
        <ele>505.915411</ele>
        <time>2025-12-18T11:12:09.599Z</time>
      </trkpt>
      <trkpt lat="46.165030" lon="6.237337">
        <ele>503.145362</ele>
        <time>2025-12-18T11:12:14.818Z</time>
      </trkpt>
      <trkpt lat="46.165122" lon="6.237413">
        <ele>502.530998</ele>
        <time>2025-12-18T11:12:15.802Z</time>
      </trkpt>
      <trkpt lat="46.165298" lon="6.237579">
        <ele>501.312490</ele>
        <time>2025-12-18T11:12:17.772Z</time>
      </trkpt>
      <trkpt lat="46.165747" lon="6.238009">
        <ele>498.189544</ele>
        <time>2025-12-18T11:12:22.657Z</time>
      </trkpt>
      <trkpt lat="46.166114" lon="6.238301">
        <ele>495.760735</ele>
        <time>2025-12-18T11:12:26.438Z</time>
      </trkpt>
      <trkpt lat="46.166203" lon="6.238358">
        <ele>495.196398</ele>
        <time>2025-12-18T11:12:27.313Z</time>
      </trkpt>
      <trkpt lat="46.166494" lon="6.238502">
        <ele>493.541078</ele>
        <time>2025-12-18T11:12:30.116Z</time>
      </trkpt>
      <trkpt lat="46.167104" lon="6.238567">
        <ele>490.342432</ele>
        <time>2025-12-18T11:12:35.792Z</time>
      </trkpt>
      <trkpt lat="46.167119" lon="6.238569">
        <ele>490.263656</ele>
        <time>2025-12-18T11:12:35.932Z</time>
      </trkpt>
      <trkpt lat="46.167310" lon="6.238635">
        <ele>489.236626</ele>
        <time>2025-12-18T11:12:37.767Z</time>
      </trkpt>
      <trkpt lat="46.167475" lon="6.238645">
        <ele>488.373005</ele>
        <time>2025-12-18T11:12:39.334Z</time>
      </trkpt>
      <trkpt lat="46.167784" lon="6.238593">
        <ele>486.746164</ele>
        <time>2025-12-18T11:12:42.317Z</time>
      </trkpt>
      <trkpt lat="46.167829" lon="6.238593">
        <ele>486.510838</ele>
        <time>2025-12-18T11:12:42.743Z</time>
      </trkpt>
      <trkpt lat="46.167947" lon="6.238596">
        <ele>485.893666</ele>
        <time>2025-12-18T11:12:43.871Z</time>
      </trkpt>
      <trkpt lat="46.168854" lon="6.238635">
        <ele>481.552247</ele>
        <time>2025-12-18T11:12:52.710Z</time>
      </trkpt>
      <trkpt lat="46.168882" lon="6.238636">
        <ele>481.419978</ele>
        <time>2025-12-18T11:12:52.983Z</time>
      </trkpt>
      <trkpt lat="46.169089" lon="6.238645">
        <ele>480.441990</ele>
        <time>2025-12-18T11:12:54.972Z</time>
      </trkpt>
      <trkpt lat="46.169350" lon="6.238656">
        <ele>479.208909</ele>
        <time>2025-12-18T11:12:57.470Z</time>
      </trkpt>
      <trkpt lat="46.169541" lon="6.238663">
        <ele>478.306633</ele>
        <time>2025-12-18T11:12:59.290Z</time>
      </trkpt>
      <trkpt lat="46.169653" lon="6.238666">
        <ele>477.777628</ele>
        <time>2025-12-18T11:13:00.343Z</time>
      </trkpt>
      <trkpt lat="46.169746" lon="6.238669">
        <ele>477.338332</ele>
        <time>2025-12-18T11:13:01.200Z</time>
      </trkpt>
      <trkpt lat="46.170605" lon="6.238719">
        <ele>472.124242</ele>
        <time>2025-12-18T11:13:09.052Z</time>
      </trkpt>
      <trkpt lat="46.170728" lon="6.238734">
        <ele>471.351296</ele>
        <time>2025-12-18T11:13:10.173Z</time>
      </trkpt>
      <trkpt lat="46.170935" lon="6.238750">
        <ele>470.053244</ele>
        <time>2025-12-18T11:13:12.043Z</time>
      </trkpt>
      <trkpt lat="46.171240" lon="6.238699">
        <ele>468.130627</ele>
        <time>2025-12-18T11:13:14.825Z</time>
      </trkpt>
      <trkpt lat="46.172176" lon="6.238267">
        <ele>461.691527</ele>
        <time>2025-12-18T11:13:23.749Z</time>
      </trkpt>
      <trkpt lat="46.172462" lon="6.238133">
        <ele>459.658315</ele>
        <time>2025-12-18T11:13:26.459Z</time>
      </trkpt>
      <trkpt lat="46.172756" lon="6.237995">
        <ele>457.567868</ele>
        <time>2025-12-18T11:13:29.276Z</time>
      </trkpt>
      <trkpt lat="46.172872" lon="6.237938">
        <ele>456.739295</ele>
        <time>2025-12-18T11:13:30.408Z</time>
      </trkpt>
      <trkpt lat="46.173033" lon="6.237848">
        <ele>455.571872</ele>
        <time>2025-12-18T11:13:31.949Z</time>
      </trkpt>
      <trkpt lat="46.173177" lon="6.237749">
        <ele>454.493408</ele>
        <time>2025-12-18T11:13:33.370Z</time>
      </trkpt>
      <trkpt lat="46.173312" lon="6.237656">
        <ele>453.481971</ele>
        <time>2025-12-18T11:13:34.700Z</time>
      </trkpt>
      <trkpt lat="46.173839" lon="6.237285">
        <ele>450.295820</ele>
        <time>2025-12-18T11:13:39.913Z</time>
      </trkpt>
      <trkpt lat="46.174048" lon="6.237138">
        <ele>449.039472</ele>
        <time>2025-12-18T11:13:41.984Z</time>
      </trkpt>
      <trkpt lat="46.174056" lon="6.237132">
        <ele>448.990755</ele>
        <time>2025-12-18T11:13:42.069Z</time>
      </trkpt>
      <trkpt lat="46.174303" lon="6.236957">
        <ele>447.503890</ele>
        <time>2025-12-18T11:13:44.681Z</time>
      </trkpt>
      <trkpt lat="46.174336" lon="6.236933">
        <ele>447.304208</ele>
        <time>2025-12-18T11:13:45.046Z</time>
      </trkpt>
      <trkpt lat="46.174515" lon="6.236804">
        <ele>446.223068</ele>
        <time>2025-12-18T11:13:47.024Z</time>
      </trkpt>
      <trkpt lat="46.174757" lon="6.236626">
        <ele>444.755355</ele>
        <time>2025-12-18T11:13:49.713Z</time>
      </trkpt>
      <trkpt lat="46.174889" lon="6.236514">
        <ele>443.927968</ele>
        <time>2025-12-18T11:13:51.216Z</time>
      </trkpt>
      <trkpt lat="46.175013" lon="6.236398">
        <ele>443.171845</ele>
        <time>2025-12-18T11:13:52.693Z</time>
      </trkpt>
      <trkpt lat="46.175212" lon="6.236192">
        <ele>441.951593</ele>
        <time>2025-12-18T11:13:55.263Z</time>
      </trkpt>
      <trkpt lat="46.175697" lon="6.235733">
        <ele>439.061667</ele>
        <time>2025-12-18T11:14:01.501Z</time>
      </trkpt>
      <trkpt lat="46.176045" lon="6.235369">
        <ele>436.920186</ele>
        <time>2025-12-18T11:14:05.403Z</time>
      </trkpt>
      <trkpt lat="46.176365" lon="6.234852">
        <ele>434.449832</ele>
        <time>2025-12-18T11:14:09.654Z</time>
      </trkpt>
      <trkpt lat="46.176547" lon="6.234788">
        <ele>433.120371</ele>
        <time>2025-12-18T11:14:11.296Z</time>
      </trkpt>
      <trkpt lat="46.176679" lon="6.234846">
        <ele>432.141118</ele>
        <time>2025-12-18T11:14:12.512Z</time>
      </trkpt>
      <trkpt lat="46.176751" lon="6.234953">
        <ele>431.407874</ele>
        <time>2025-12-18T11:14:13.416Z</time>
      </trkpt>
      <trkpt lat="46.176751" lon="6.234965">
        <ele>431.348900</ele>
        <time>2025-12-18T11:14:13.492Z</time>
      </trkpt>
      <trkpt lat="46.176773" lon="6.235050">
        <ele>430.902943</ele>
        <time>2025-12-18T11:14:14.041Z</time>
      </trkpt>
      <trkpt lat="46.176848" lon="6.235127">
        <ele>430.249841</ele>
        <time>2025-12-18T11:14:14.855Z</time>
      </trkpt>
      <trkpt lat="46.176863" lon="6.235132">
        <ele>430.140582</ele>
        <time>2025-12-18T11:14:14.990Z</time>
      </trkpt>
      <trkpt lat="46.176966" lon="6.235087">
        <ele>429.376835</ele>
        <time>2025-12-18T11:14:15.940Z</time>
      </trkpt>
      <trkpt lat="46.177153" lon="6.235076">
        <ele>428.048529</ele>
        <time>2025-12-18T11:14:17.588Z</time>
      </trkpt>
      <trkpt lat="46.177332" lon="6.235036">
        <ele>426.762984</ele>
        <time>2025-12-18T11:14:19.166Z</time>
      </trkpt>
      <trkpt lat="46.177446" lon="6.234970">
        <ele>425.891294</ele>
        <time>2025-12-18T11:14:20.228Z</time>
      </trkpt>
      <trkpt lat="46.177596" lon="6.234813">
        <ele>424.576499</ele>
        <time>2025-12-18T11:14:21.885Z</time>
      </trkpt>
      <trkpt lat="46.178203" lon="6.234208">
        <ele>421.091266</ele>
        <time>2025-12-18T11:14:29.174Z</time>
      </trkpt>
      <trkpt lat="46.178551" lon="6.233782">
        <ele>420.030298</ele>
        <time>2025-12-18T11:14:33.712Z</time>
      </trkpt>
      <trkpt lat="46.178783" lon="6.233413">
        <ele>419.227661</ele>
        <time>2025-12-18T11:14:37.427Z</time>
      </trkpt>
      <trkpt lat="46.178983" lon="6.233009">
        <ele>418.427906</ele>
        <time>2025-12-18T11:14:42.137Z</time>
      </trkpt>
      <trkpt lat="46.179069" lon="6.232806">
        <ele>418.044674</ele>
        <time>2025-12-18T11:14:45.366Z</time>
      </trkpt>
      <trkpt lat="46.179187" lon="6.232509">
        <ele>417.433993</ele>
        <time>2025-12-18T11:14:48.992Z</time>
      </trkpt>
      <trkpt lat="46.179331" lon="6.232126">
        <ele>416.576654</ele>
        <time>2025-12-18T11:14:52.793Z</time>
      </trkpt>
      <trkpt lat="46.179481" lon="6.231699">
        <ele>415.634749</ele>
        <time>2025-12-18T11:14:56.842Z</time>
      </trkpt>
      <trkpt lat="46.179554" lon="6.231437">
        <ele>415.079186</ele>
        <time>2025-12-18T11:14:59.129Z</time>
      </trkpt>
      <trkpt lat="46.179603" lon="6.231377">
        <ele>414.896672</ele>
        <time>2025-12-18T11:14:59.813Z</time>
      </trkpt>
      <trkpt lat="46.179645" lon="6.231324">
        <ele>414.738215</ele>
        <time>2025-12-18T11:15:00.400Z</time>
      </trkpt>
      <trkpt lat="46.179748" lon="6.231221">
        <ele>414.382284</ele>
        <time>2025-12-18T11:15:01.615Z</time>
      </trkpt>
      <trkpt lat="46.179767" lon="6.231216">
        <ele>414.327415</ele>
        <time>2025-12-18T11:15:01.801Z</time>
      </trkpt>
      <trkpt lat="46.179819" lon="6.231167">
        <ele>414.151014</ele>
        <time>2025-12-18T11:15:02.385Z</time>
      </trkpt>
      <trkpt lat="46.179839" lon="6.231061">
        <ele>413.934892</ele>
        <time>2025-12-18T11:15:03.116Z</time>
      </trkpt>
      <trkpt lat="46.179837" lon="6.231043">
        <ele>413.899030</ele>
        <time>2025-12-18T11:15:03.239Z</time>
      </trkpt>
      <trkpt lat="46.179888" lon="6.230715">
        <ele>413.237734</ele>
        <time>2025-12-18T11:15:05.417Z</time>
      </trkpt>
      <trkpt lat="46.179942" lon="6.230596">
        <ele>412.957848</ele>
        <time>2025-12-18T11:15:06.322Z</time>
      </trkpt>
      <trkpt lat="46.180045" lon="6.230412">
        <ele>412.409834</ele>
        <time>2025-12-18T11:15:07.810Z</time>
      </trkpt>
      <trkpt lat="46.180232" lon="6.230143">
        <ele>411.268726</ele>
        <time>2025-12-18T11:15:10.158Z</time>
      </trkpt>
      <trkpt lat="46.180421" lon="6.230056">
        <ele>410.411083</ele>
        <time>2025-12-18T11:15:11.930Z</time>
      </trkpt>
      <trkpt lat="46.180565" lon="6.229989">
        <ele>409.756987</ele>
        <time>2025-12-18T11:15:13.341Z</time>
      </trkpt>
      <trkpt lat="46.180857" lon="6.229729">
        <ele>408.273882</ele>
        <time>2025-12-18T11:15:16.560Z</time>
      </trkpt>
      <trkpt lat="46.180918" lon="6.229731">
        <ele>408.010080</ele>
        <time>2025-12-18T11:15:17.136Z</time>
      </trkpt>
      <trkpt lat="46.181454" lon="6.229796">
        <ele>405.684524</ele>
        <time>2025-12-18T11:15:22.512Z</time>
      </trkpt>
      <trkpt lat="46.181724" lon="6.229832">
        <ele>404.881883</ele>
        <time>2025-12-18T11:15:26.343Z</time>
      </trkpt>
      <trkpt lat="46.181828" lon="6.229853">
        <ele>404.891553</ele>
        <time>2025-12-18T11:15:27.914Z</time>
      </trkpt>
      <trkpt lat="46.182007" lon="6.229917">
        <ele>404.908534</ele>
        <time>2025-12-18T11:15:30.595Z</time>
      </trkpt>
      <trkpt lat="46.182170" lon="6.230041">
        <ele>404.925498</ele>
        <time>2025-12-18T11:15:33.162Z</time>
      </trkpt>
      <trkpt lat="46.182311" lon="6.230169">
        <ele>404.940833</ele>
        <time>2025-12-18T11:15:35.403Z</time>
      </trkpt>
      <trkpt lat="46.182338" lon="6.230194">
        <ele>404.943787</ele>
        <time>2025-12-18T11:15:35.835Z</time>
      </trkpt>
      <trkpt lat="46.182631" lon="6.230457">
        <ele>404.975553</ele>
        <time>2025-12-18T11:15:40.331Z</time>
      </trkpt>
      <trkpt lat="46.182783" lon="6.230562">
        <ele>404.991068</ele>
        <time>2025-12-18T11:15:42.674Z</time>
      </trkpt>
      <trkpt lat="46.182918" lon="6.230617">
        <ele>405.003984</ele>
        <time>2025-12-18T11:15:44.945Z</time>
      </trkpt>
      <trkpt lat="46.183569" lon="6.230867">
        <ele>405.892095</ele>
        <time>2025-12-18T11:16:00.545Z</time>
      </trkpt>
      <trkpt lat="46.183626" lon="6.230889">
        <ele>406.068735</ele>
        <time>2025-12-18T11:16:02.067Z</time>
      </trkpt>
      <trkpt lat="46.183647" lon="6.230898">
        <ele>406.134316</ele>
        <time>2025-12-18T11:16:02.667Z</time>
      </trkpt>
      <trkpt lat="46.183730" lon="6.230929">
        <ele>406.390984</ele>
        <time>2025-12-18T11:16:04.596Z</time>
      </trkpt>
      <trkpt lat="46.183865" lon="6.230948">
        <ele>406.797074</ele>
        <time>2025-12-18T11:16:07.969Z</time>
      </trkpt>
      <trkpt lat="46.184060" lon="6.230909">
        <ele>407.386454</ele>
        <time>2025-12-18T11:16:13.185Z</time>
      </trkpt>
      <trkpt lat="46.184263" lon="6.230829">
        <ele>408.016432</ele>
        <time>2025-12-18T11:16:19.534Z</time>
      </trkpt>
      <trkpt lat="46.184389" lon="6.230763">
        <ele>408.417703</ele>
        <time>2025-12-18T11:16:23.872Z</time>
      </trkpt>
      <trkpt lat="46.184491" lon="6.230707">
        <ele>408.744398</ele>
        <time>2025-12-18T11:16:27.579Z</time>
      </trkpt>
      <trkpt lat="46.184794" lon="6.230543">
        <ele>409.713150</ele>
        <time>2025-12-18T11:16:38.730Z</time>
      </trkpt>
      <trkpt lat="46.185011" lon="6.230472">
        <ele>410.379285</ele>
        <time>2025-12-18T11:16:45.449Z</time>
      </trkpt>
      <trkpt lat="46.185191" lon="6.230456">
        <ele>410.185170</ele>
        <time>2025-12-18T11:16:49.956Z</time>
      </trkpt>
      <trkpt lat="46.185346" lon="6.230491">
        <ele>409.957585</ele>
        <time>2025-12-18T11:16:52.974Z</time>
      </trkpt>
      <trkpt lat="46.185557" lon="6.230540">
        <ele>409.647563</ele>
        <time>2025-12-18T11:16:56.191Z</time>
      </trkpt>
      <trkpt lat="46.185565" lon="6.230500">
        <ele>409.605747</ele>
        <time>2025-12-18T11:16:58.200Z</time>
      </trkpt>
      <trkpt lat="46.185606" lon="6.230518">
        <ele>409.543583</ele>
        <time>2025-12-18T11:17:01.123Z</time>
      </trkpt>
      <trkpt lat="46.185613" lon="6.230484">
        <ele>409.507957</ele>
        <time>2025-12-18T11:17:02.815Z</time>
      </trkpt>
      <trkpt lat="46.185405" lon="6.230407">
        <ele>409.196466</ele>
        <time>2025-12-18T11:17:05.621Z</time>
      </trkpt>
      <trkpt lat="46.185214" lon="6.230381">
        <ele>408.918160</ele>
        <time>2025-12-18T11:17:07.839Z</time>
      </trkpt>
      <trkpt lat="46.185006" lon="6.230399">
        <ele>408.615880</ele>
        <time>2025-12-18T11:17:09.978Z</time>
      </trkpt>
      <trkpt lat="46.184839" lon="6.230450">
        <ele>408.368262</ele>
        <time>2025-12-18T11:17:11.627Z</time>
      </trkpt>
      <trkpt lat="46.184778" lon="6.230476">
        <ele>408.275999</ele>
        <time>2025-12-18T11:17:12.219Z</time>
      </trkpt>
      <trkpt lat="46.184404" lon="6.230661">
        <ele>407.601761</ele>
        <time>2025-12-18T11:17:15.880Z</time>
      </trkpt>
      <trkpt lat="46.184257" lon="6.230745">
        <ele>407.167958</ele>
        <time>2025-12-18T11:17:17.356Z</time>
      </trkpt>
      <trkpt lat="46.184081" lon="6.230751">
        <ele>406.684863</ele>
        <time>2025-12-18T11:17:19.021Z</time>
      </trkpt>
      <trkpt lat="46.183985" lon="6.230674">
        <ele>406.383537</ele>
        <time>2025-12-18T11:17:20.082Z</time>
      </trkpt>
      <trkpt lat="46.183940" lon="6.230589">
        <ele>406.180247</ele>
        <time>2025-12-18T11:17:20.792Z</time>
      </trkpt>
      <trkpt lat="46.183873" lon="6.230290">
        <ele>405.583176</ele>
        <time>2025-12-18T11:17:22.910Z</time>
      </trkpt>
      <trkpt lat="46.183895" lon="6.230179">
        <ele>405.363821</ele>
        <time>2025-12-18T11:17:23.689Z</time>
      </trkpt>
      <trkpt lat="46.183905" lon="6.230145">
        <ele>405.293638</ele>
        <time>2025-12-18T11:17:23.937Z</time>
      </trkpt>
      <trkpt lat="46.184028" lon="6.229801">
        <ele>404.558076</ele>
        <time>2025-12-18T11:17:26.629Z</time>
      </trkpt>
      <trkpt lat="46.184258" lon="6.229230">
        <ele>403.303019</ele>
        <time>2025-12-18T11:17:31.732Z</time>
      </trkpt>
      <trkpt lat="46.184415" lon="6.228847">
        <ele>403.355916</ele>
        <time>2025-12-18T11:17:38.333Z</time>
      </trkpt>
      <trkpt lat="46.184467" lon="6.228717">
        <ele>403.677326</ele>
        <time>2025-12-18T11:17:41.066Z</time>
      </trkpt>
      <trkpt lat="46.184560" lon="6.228798">
        <ele>404.013126</ele>
        <time>2025-12-18T11:17:44.064Z</time>
      </trkpt>
      <trkpt lat="46.184841" lon="6.229031">
        <ele>405.014999</ele>
        <time>2025-12-18T11:17:53.493Z</time>
      </trkpt>
      <trkpt lat="46.185158" lon="6.229293">
        <ele>406.144319</ele>
        <time>2025-12-18T11:18:04.844Z</time>
      </trkpt>
      <trkpt lat="46.185237" lon="6.229355">
        <ele>406.422324</ele>
        <time>2025-12-18T11:18:07.770Z</time>
      </trkpt>
      <trkpt lat="46.185351" lon="6.229440">
        <ele>406.819017</ele>
        <time>2025-12-18T11:18:12.024Z</time>
      </trkpt>
      <trkpt lat="46.185365" lon="6.229450">
        <ele>406.867311</ele>
        <time>2025-12-18T11:18:12.529Z</time>
      </trkpt>
      <trkpt lat="46.185409" lon="6.229479">
        <ele>407.016857</ele>
        <time>2025-12-18T11:18:14.155Z</time>
      </trkpt>
      <trkpt lat="46.185580" lon="6.229563">
        <ele>407.575347</ele>
        <time>2025-12-18T11:18:19.966Z</time>
      </trkpt>
      <trkpt lat="46.185818" lon="6.229598">
        <ele>408.315069</ele>
        <time>2025-12-18T11:18:27.217Z</time>
      </trkpt>
      <trkpt lat="46.186300" lon="6.229587">
        <ele>409.162445</ele>
        <time>2025-12-18T11:18:40.534Z</time>
      </trkpt>
      <trkpt lat="46.186565" lon="6.229543">
        <ele>409.598366</ele>
        <time>2025-12-18T11:18:46.404Z</time>
      </trkpt>
      <trkpt lat="46.186736" lon="6.229448">
        <ele>409.897775</ele>
        <time>2025-12-18T11:18:50.136Z</time>
      </trkpt>
      <trkpt lat="46.187028" lon="6.229223">
        <ele>410.438621</ele>
        <time>2025-12-18T11:18:56.123Z</time>
      </trkpt>
      <trkpt lat="46.187119" lon="6.229130">
        <ele>410.620794</ele>
        <time>2025-12-18T11:18:57.989Z</time>
      </trkpt>
      <trkpt lat="46.187913" lon="6.228256">
        <ele>411.920859</ele>
        <time>2025-12-18T11:19:14.591Z</time>
      </trkpt>
      <trkpt lat="46.188375" lon="6.227816">
        <ele>412.481333</ele>
        <time>2025-12-18T11:19:24.446Z</time>
      </trkpt>
      <trkpt lat="46.188670" lon="6.227631">
        <ele>412.807057</ele>
        <time>2025-12-18T11:19:30.696Z</time>
      </trkpt>
      <trkpt lat="46.188916" lon="6.227519">
        <ele>413.068293</ele>
        <time>2025-12-18T11:19:35.956Z</time>
      </trkpt>
      <trkpt lat="46.189354" lon="6.227362">
        <ele>414.198476</ele>
        <time>2025-12-18T11:19:46.120Z</time>
      </trkpt>
      <trkpt lat="46.189424" lon="6.227342">
        <ele>414.421430</ele>
        <time>2025-12-18T11:19:47.843Z</time>
      </trkpt>
      <trkpt lat="46.189533" lon="6.227317">
        <ele>414.766269</ele>
        <time>2025-12-18T11:19:50.599Z</time>
      </trkpt>
      <trkpt lat="46.189769" lon="6.227288">
        <ele>415.506321</ele>
        <time>2025-12-18T11:19:56.821Z</time>
      </trkpt>
      <trkpt lat="46.189834" lon="6.227279">
        <ele>415.710346</ele>
        <time>2025-12-18T11:19:58.693Z</time>
      </trkpt>
      <trkpt lat="46.190034" lon="6.227292">
        <ele>416.335884</ele>
        <time>2025-12-18T11:20:04.869Z</time>
      </trkpt>
      <trkpt lat="46.190362" lon="6.227321">
        <ele>417.362647</ele>
        <time>2025-12-18T11:20:15.519Z</time>
      </trkpt>
      <trkpt lat="46.190815" lon="6.227421">
        <ele>418.794489</ele>
        <time>2025-12-18T11:20:30.705Z</time>
      </trkpt>
      <trkpt lat="46.191027" lon="6.227439">
        <ele>418.964459</ele>
        <time>2025-12-18T11:20:36.628Z</time>
      </trkpt>
      <trkpt lat="46.191086" lon="6.227393">
        <ele>419.011269</ele>
        <time>2025-12-18T11:20:38.164Z</time>
      </trkpt>
      <trkpt lat="46.191096" lon="6.227364">
        <ele>419.026928</ele>
        <time>2025-12-18T11:20:38.634Z</time>
      </trkpt>
      <trkpt lat="46.191132" lon="6.227242">
        <ele>419.091028</ele>
        <time>2025-12-18T11:20:40.817Z</time>
      </trkpt>
      <trkpt lat="46.191219" lon="6.227109">
        <ele>419.179469</ele>
        <time>2025-12-18T11:20:43.487Z</time>
      </trkpt>
      <trkpt lat="46.191266" lon="6.227043">
        <ele>419.225233</ele>
        <time>2025-12-18T11:20:44.688Z</time>
      </trkpt>
      <trkpt lat="46.191373" lon="6.226893">
        <ele>419.329334</ele>
        <time>2025-12-18T11:20:47.090Z</time>
      </trkpt>
      <trkpt lat="46.191545" lon="6.226617">
        <ele>419.508822</ele>
        <time>2025-12-18T11:20:50.496Z</time>
      </trkpt>
      <trkpt lat="46.191671" lon="6.226301">
        <ele>419.685076</ele>
        <time>2025-12-18T11:20:53.385Z</time>
      </trkpt>
      <trkpt lat="46.191705" lon="6.226143">
        <ele>419.765045</ele>
        <time>2025-12-18T11:20:54.753Z</time>
      </trkpt>
      <trkpt lat="46.191716" lon="6.226084">
        <ele>419.794577</ele>
        <time>2025-12-18T11:20:55.234Z</time>
      </trkpt>
      <trkpt lat="46.191739" lon="6.225953">
        <ele>419.859896</ele>
        <time>2025-12-18T11:20:56.428Z</time>
      </trkpt>
      <trkpt lat="46.191749" lon="6.225879">
        <ele>419.896337</ele>
        <time>2025-12-18T11:20:57.068Z</time>
      </trkpt>
      <trkpt lat="46.191775" lon="6.225683">
        <ele>419.992791</ele>
        <time>2025-12-18T11:20:58.874Z</time>
      </trkpt>
      <trkpt lat="46.191788" lon="6.225582">
        <ele>420.042443</ele>
        <time>2025-12-18T11:20:59.911Z</time>
      </trkpt>
      <trkpt lat="46.191801" lon="6.225465">
        <ele>420.157187</ele>
        <time>2025-12-18T11:21:00.954Z</time>
      </trkpt>
      <trkpt lat="46.191824" lon="6.225227">
        <ele>420.583936</ele>
        <time>2025-12-18T11:21:03.356Z</time>
      </trkpt>
      <trkpt lat="46.191806" lon="6.224963">
        <ele>421.055027</ele>
        <time>2025-12-18T11:21:06.254Z</time>
      </trkpt>
      <trkpt lat="46.191820" lon="6.224776">
        <ele>421.389046</ele>
        <time>2025-12-18T11:21:08.676Z</time>
      </trkpt>
      <trkpt lat="46.192037" lon="6.224662">
        <ele>421.981392</ele>
        <time>2025-12-18T11:21:14.548Z</time>
      </trkpt>
      <trkpt lat="46.192161" lon="6.224611">
        <ele>422.312135</ele>
        <time>2025-12-18T11:21:18.364Z</time>
      </trkpt>
      <trkpt lat="46.192380" lon="6.224522">
        <ele>422.895751</ele>
        <time>2025-12-18T11:21:25.359Z</time>
      </trkpt>
      <trkpt lat="46.192398" lon="6.224515">
        <ele>422.943571</ele>
        <time>2025-12-18T11:21:25.953Z</time>
      </trkpt>
      <trkpt lat="46.192431" lon="6.224503">
        <ele>423.030868</ele>
        <time>2025-12-18T11:21:27.116Z</time>
      </trkpt>
      <trkpt lat="46.192690" lon="6.224418">
        <ele>423.712219</ele>
        <time>2025-12-18T11:21:36.253Z</time>
      </trkpt>
      <trkpt lat="46.192751" lon="6.224406">
        <ele>423.870149</ele>
        <time>2025-12-18T11:21:38.494Z</time>
      </trkpt>
      <trkpt lat="46.192916" lon="6.224363">
        <ele>424.300261</ele>
        <time>2025-12-18T11:21:44.531Z</time>
      </trkpt>
      <trkpt lat="46.192976" lon="6.224339">
        <ele>424.459973</ele>
        <time>2025-12-18T11:21:46.647Z</time>
      </trkpt>
      <trkpt lat="46.193201" lon="6.224250">
        <ele>424.764194</ele>
        <time>2025-12-18T11:21:53.645Z</time>
      </trkpt>
      <trkpt lat="46.193477" lon="6.224199">
        <ele>424.904294</ele>
        <time>2025-12-18T11:22:00.075Z</time>
      </trkpt>
      <trkpt lat="46.193653" lon="6.224169">
        <ele>424.993526</ele>
        <time>2025-12-18T11:22:03.564Z</time>
      </trkpt>
      <trkpt lat="46.193747" lon="6.224151">
        <ele>425.041269</ele>
        <time>2025-12-18T11:22:05.188Z</time>
      </trkpt>
      <trkpt lat="46.193836" lon="6.224139">
        <ele>425.086276</ele>
        <time>2025-12-18T11:22:06.575Z</time>
      </trkpt>
      <trkpt lat="46.193974" lon="6.224128">
        <ele>425.155866</ele>
        <time>2025-12-18T11:22:08.573Z</time>
      </trkpt>
      <trkpt lat="46.194124" lon="6.224116">
        <ele>425.231507</ele>
        <time>2025-12-18T11:22:10.605Z</time>
      </trkpt>
      <trkpt lat="46.194313" lon="6.224101">
        <ele>425.326814</ele>
        <time>2025-12-18T11:22:12.919Z</time>
      </trkpt>
      <trkpt lat="46.194346" lon="6.224098">
        <ele>425.343462</ele>
        <time>2025-12-18T11:22:13.299Z</time>
      </trkpt>
      <trkpt lat="46.194436" lon="6.224090">
        <ele>425.388863</ele>
        <time>2025-12-18T11:22:14.349Z</time>
      </trkpt>
      <trkpt lat="46.194328" lon="6.223310">
        <ele>425.449501</ele>
        <time>2025-12-18T11:22:20.697Z</time>
      </trkpt>
      <trkpt lat="46.194220" lon="6.222120">
        <ele>424.537978</ele>
        <time>2025-12-18T11:22:30.424Z</time>
      </trkpt>
      <trkpt lat="46.194127" lon="6.221425">
        <ele>424.000363</ele>
        <time>2025-12-18T11:22:36.507Z</time>
      </trkpt>
      <trkpt lat="46.193984" lon="6.219796">
        <ele>423.125587</ele>
        <time>2025-12-18T11:22:51.258Z</time>
      </trkpt>
      <trkpt lat="46.193787" lon="6.217948">
        <ele>422.171813</ele>
        <time>2025-12-18T11:23:08.113Z</time>
      </trkpt>
      <trkpt lat="46.193658" lon="6.216699">
        <ele>421.198559</ele>
        <time>2025-12-18T11:23:18.687Z</time>
      </trkpt>
      <trkpt lat="46.193576" lon="6.215739">
        <ele>420.468982</ele>
        <time>2025-12-18T11:23:26.407Z</time>
      </trkpt>
      <trkpt lat="46.193555" lon="6.214975">
        <ele>420.121160</ele>
        <time>2025-12-18T11:23:32.539Z</time>
      </trkpt>
      <trkpt lat="46.193586" lon="6.214379">
        <ele>419.849272</ele>
        <time>2025-12-18T11:23:37.631Z</time>
      </trkpt>
      <trkpt lat="46.193630" lon="6.214003">
        <ele>419.675800</ele>
        <time>2025-12-18T11:23:41.172Z</time>
      </trkpt>
      <trkpt lat="46.193712" lon="6.213584">
        <ele>419.477724</ele>
        <time>2025-12-18T11:23:45.470Z</time>
      </trkpt>
      <trkpt lat="46.193905" lon="6.212886">
        <ele>419.544468</ele>
        <time>2025-12-18T11:23:53.675Z</time>
      </trkpt>
      <trkpt lat="46.193966" lon="6.212702">
        <ele>419.669531</ele>
        <time>2025-12-18T11:23:56.065Z</time>
      </trkpt>
      <trkpt lat="46.194489" lon="6.211344">
        <ele>420.622167</ele>
        <time>2025-12-18T11:24:17.438Z</time>
      </trkpt>
      <trkpt lat="46.194594" lon="6.211086">
        <ele>420.805632</ele>
        <time>2025-12-18T11:24:21.457Z</time>
      </trkpt>
      <trkpt lat="46.195412" lon="6.208961">
        <ele>421.881987</ele>
        <time>2025-12-18T11:24:51.137Z</time>
      </trkpt>
      <trkpt lat="46.195442" lon="6.208885">
        <ele>421.919678</ele>
        <time>2025-12-18T11:24:52.095Z</time>
      </trkpt>
      <trkpt lat="46.195545" lon="6.208617">
        <ele>422.045939</ele>
        <time>2025-12-18T11:24:55.276Z</time>
      </trkpt>
      <trkpt lat="46.195597" lon="6.208479">
        <ele>422.100370</ele>
        <time>2025-12-18T11:24:56.964Z</time>
      </trkpt>
      <trkpt lat="46.195775" lon="6.208016">
        <ele>422.283844</ele>
        <time>2025-12-18T11:25:02.458Z</time>
      </trkpt>
      <trkpt lat="46.195839" lon="6.207853">
        <ele>422.348764</ele>
        <time>2025-12-18T11:25:04.380Z</time>
      </trkpt>
      <trkpt lat="46.195892" lon="6.207717">
        <ele>422.402831</ele>
        <time>2025-12-18T11:25:06.043Z</time>
      </trkpt>
      <trkpt lat="46.196241" lon="6.206808">
        <ele>422.762928</ele>
        <time>2025-12-18T11:25:17.716Z</time>
      </trkpt>
      <trkpt lat="46.196294" lon="6.206618">
        <ele>422.833892</ele>
        <time>2025-12-18T11:25:20.322Z</time>
      </trkpt>
      <trkpt lat="46.196325" lon="6.206526">
        <ele>422.869339</ele>
        <time>2025-12-18T11:25:21.687Z</time>
      </trkpt>
      <trkpt lat="46.196357" lon="6.206438">
        <ele>422.903775</ele>
        <time>2025-12-18T11:25:23.036Z</time>
      </trkpt>
      <trkpt lat="46.196408" lon="6.206298">
        <ele>423.013423</ele>
        <time>2025-12-18T11:25:25.250Z</time>
      </trkpt>
      <trkpt lat="46.196430" lon="6.206235">
        <ele>423.074831</ele>
        <time>2025-12-18T11:25:26.233Z</time>
      </trkpt>
      <trkpt lat="46.196628" lon="6.205597">
        <ele>423.683302</ele>
        <time>2025-12-18T11:25:36.439Z</time>
      </trkpt>
      <trkpt lat="46.196736" lon="6.205110">
        <ele>424.128334</ele>
        <time>2025-12-18T11:25:44.203Z</time>
      </trkpt>
      <trkpt lat="46.196802" lon="6.204631">
        <ele>424.553361</ele>
        <time>2025-12-18T11:25:51.605Z</time>
      </trkpt>
      <trkpt lat="46.196834" lon="6.203988">
        <ele>425.114373</ele>
        <time>2025-12-18T11:26:00.422Z</time>
      </trkpt>
      <trkpt lat="46.196804" lon="6.203325">
        <ele>424.870817</ele>
        <time>2025-12-18T11:26:08.128Z</time>
      </trkpt>
      <trkpt lat="46.196517" lon="6.201439">
        <ele>423.837827</ele>
        <time>2025-12-18T11:26:24.021Z</time>
      </trkpt>
      <trkpt lat="46.196464" lon="6.200785">
        <ele>423.247875</ele>
        <time>2025-12-18T11:26:29.048Z</time>
      </trkpt>
      <trkpt lat="46.196463" lon="6.200482">
        <ele>422.960697</ele>
        <time>2025-12-18T11:26:31.394Z</time>
      </trkpt>
      <trkpt lat="46.196470" lon="6.199953">
        <ele>422.459235</ele>
        <time>2025-12-18T11:26:35.506Z</time>
      </trkpt>
      <trkpt lat="46.196475" lon="6.199871">
        <ele>422.381217</ele>
        <time>2025-12-18T11:26:36.156Z</time>
      </trkpt>
      <trkpt lat="46.196544" lon="6.199726">
        <ele>422.214448</ele>
        <time>2025-12-18T11:26:37.537Z</time>
      </trkpt>
      <trkpt lat="46.196565" lon="6.199624">
        <ele>422.113590</ele>
        <time>2025-12-18T11:26:38.397Z</time>
      </trkpt>
      <trkpt lat="46.196594" lon="6.199206">
        <ele>421.715438</ele>
        <time>2025-12-18T11:26:43.376Z</time>
      </trkpt>
      <trkpt lat="46.196653" lon="6.199046">
        <ele>421.543619</ele>
        <time>2025-12-18T11:26:45.604Z</time>
      </trkpt>
      <trkpt lat="46.196658" lon="6.198935">
        <ele>421.438194</ele>
        <time>2025-12-18T11:26:46.967Z</time>
      </trkpt>
      <trkpt lat="46.196696" lon="6.198207">
        <ele>421.299747</ele>
        <time>2025-12-18T11:26:56.406Z</time>
      </trkpt>
      <trkpt lat="46.196744" lon="6.198025">
        <ele>421.289930</ele>
        <time>2025-12-18T11:26:59.089Z</time>
      </trkpt>
      <trkpt lat="46.196791" lon="6.197067">
        <ele>421.241516</ele>
        <time>2025-12-18T11:27:12.751Z</time>
      </trkpt>
      <trkpt lat="46.196768" lon="6.196879">
        <ele>421.231892</ele>
        <time>2025-12-18T11:27:15.551Z</time>
      </trkpt>
      <trkpt lat="46.196825" lon="6.195732">
        <ele>421.046993</ele>
        <time>2025-12-18T11:27:32.417Z</time>
      </trkpt>
      <trkpt lat="46.196868" lon="6.195734">
        <ele>421.028521</ele>
        <time>2025-12-18T11:27:33.311Z</time>
      </trkpt>
      <trkpt lat="46.196889" lon="6.195256">
        <ele>420.886173</ele>
        <time>2025-12-18T11:27:40.153Z</time>
      </trkpt>
      <trkpt lat="46.196877" lon="6.195104">
        <ele>420.840706</ele>
        <time>2025-12-18T11:27:42.251Z</time>
      </trkpt>
      <trkpt lat="46.196899" lon="6.194655">
        <ele>420.706930</ele>
        <time>2025-12-18T11:27:48.240Z</time>
      </trkpt>
      <trkpt lat="46.196864" lon="6.194532">
        <ele>420.667406</ele>
        <time>2025-12-18T11:27:49.922Z</time>
      </trkpt>
      <trkpt lat="46.196862" lon="6.194285">
        <ele>420.593992</ele>
        <time>2025-12-18T11:27:52.931Z</time>
      </trkpt>
      <trkpt lat="46.196864" lon="6.194150">
        <ele>420.553861</ele>
        <time>2025-12-18T11:27:54.522Z</time>
      </trkpt>
      <trkpt lat="46.196919" lon="6.193848">
        <ele>420.461052</ele>
        <time>2025-12-18T11:27:57.053Z</time>
      </trkpt>
      <trkpt lat="46.197040" lon="6.193387">
        <ele>420.356488</ele>
        <time>2025-12-18T11:28:02.579Z</time>
      </trkpt>
      <trkpt lat="46.197316" lon="6.192628">
        <ele>420.196265</ele>
        <time>2025-12-18T11:28:12.541Z</time>
      </trkpt>
      <trkpt lat="46.197584" lon="6.192074">
        <ele>420.069956</ele>
        <time>2025-12-18T11:28:29.348Z</time>
      </trkpt>
      <trkpt lat="46.197677" lon="6.191889">
        <ele>420.027228</ele>
        <time>2025-12-18T11:28:32.027Z</time>
      </trkpt>
      <trkpt lat="46.198090" lon="6.191105">
        <ele>420.640956</ele>
        <time>2025-12-18T11:28:46.475Z</time>
      </trkpt>
      <trkpt lat="46.198175" lon="6.190937">
        <ele>420.915934</ele>
        <time>2025-12-18T11:28:50.074Z</time>
      </trkpt>
      <trkpt lat="46.198191" lon="6.190904">
        <ele>420.969174</ele>
        <time>2025-12-18T11:28:50.765Z</time>
      </trkpt>
      <trkpt lat="46.198225" lon="6.190866">
        <ele>421.051237</ele>
        <time>2025-12-18T11:28:51.856Z</time>
      </trkpt>
      <trkpt lat="46.198360" lon="6.190598">
        <ele>421.489221</ele>
        <time>2025-12-18T11:28:57.963Z</time>
      </trkpt>
      <trkpt lat="46.198748" lon="6.189760">
        <ele>422.821440</ele>
        <time>2025-12-18T11:29:15.278Z</time>
      </trkpt>
      <trkpt lat="46.199053" lon="6.189043">
        <ele>423.430052</ele>
        <time>2025-12-18T11:29:26.912Z</time>
      </trkpt>
      <trkpt lat="46.199658" lon="6.187420">
        <ele>423.667459</ele>
        <time>2025-12-18T11:29:45.195Z</time>
      </trkpt>
      <trkpt lat="46.199750" lon="6.187175">
        <ele>423.703357</ele>
        <time>2025-12-18T11:29:47.692Z</time>
      </trkpt>
      <trkpt lat="46.199762" lon="6.187112">
        <ele>423.709159</ele>
        <time>2025-12-18T11:29:48.275Z</time>
      </trkpt>
      <trkpt lat="46.199779" lon="6.187037">
        <ele>423.700572</ele>
        <time>2025-12-18T11:29:49.000Z</time>
      </trkpt>
      <trkpt lat="46.199890" lon="6.186735">
        <ele>423.663366</ele>
        <time>2025-12-18T11:29:52.098Z</time>
      </trkpt>
      <trkpt lat="46.200931" lon="6.183947">
        <ele>423.234702</ele>
        <time>2025-12-18T11:30:24.177Z</time>
      </trkpt>
      <trkpt lat="46.201053" lon="6.183615">
        <ele>423.162268</ele>
        <time>2025-12-18T11:30:27.632Z</time>
      </trkpt>
      <trkpt lat="46.201180" lon="6.183272">
        <ele>423.087309</ele>
        <time>2025-12-18T11:30:31.225Z</time>
      </trkpt>
      <trkpt lat="46.201415" lon="6.182644">
        <ele>422.949739</ele>
        <time>2025-12-18T11:30:37.784Z</time>
      </trkpt>
      <trkpt lat="46.202060" lon="6.180921">
        <ele>422.527362</ele>
        <time>2025-12-18T11:30:56.288Z</time>
      </trkpt>
      <trkpt lat="46.202789" lon="6.179001">
        <ele>422.337614</ele>
        <time>2025-12-18T11:31:17.603Z</time>
      </trkpt>
      <trkpt lat="46.203699" lon="6.176639">
        <ele>421.860741</ele>
        <time>2025-12-18T11:31:46.989Z</time>
      </trkpt>
      <trkpt lat="46.203865" lon="6.176171">
        <ele>421.704429</ele>
        <time>2025-12-18T11:31:51.892Z</time>
      </trkpt>
      <trkpt lat="46.203972" lon="6.175775">
        <ele>421.578072</ele>
        <time>2025-12-18T11:31:55.421Z</time>
      </trkpt>
      <trkpt lat="46.203986" lon="6.175699">
        <ele>421.554695</ele>
        <time>2025-12-18T11:31:56.040Z</time>
      </trkpt>
      <trkpt lat="46.204011" lon="6.175561">
        <ele>421.243224</ele>
        <time>2025-12-18T11:31:57.142Z</time>
      </trkpt>
      <trkpt lat="46.204078" lon="6.175064">
        <ele>419.844371</ele>
        <time>2025-12-18T11:32:00.858Z</time>
      </trkpt>
      <trkpt lat="46.204106" lon="6.174321">
        <ele>417.788666</ele>
        <time>2025-12-18T11:32:05.927Z</time>
      </trkpt>
      <trkpt lat="46.204057" lon="6.173622">
        <ele>415.847679</ele>
        <time>2025-12-18T11:32:10.511Z</time>
      </trkpt>
      <trkpt lat="46.203932" lon="6.172923">
        <ele>413.821639</ele>
        <time>2025-12-18T11:32:15.119Z</time>
      </trkpt>
      <trkpt lat="46.203634" lon="6.171761">
        <ele>410.187337</ele>
        <time>2025-12-18T11:32:23.099Z</time>
      </trkpt>
      <trkpt lat="46.203619" lon="6.171702">
        <ele>410.002998</ele>
        <time>2025-12-18T11:32:23.521Z</time>
      </trkpt>
      <trkpt lat="46.203314" lon="6.170500">
        <ele>406.491992</ele>
        <time>2025-12-18T11:32:32.669Z</time>
      </trkpt>
      <trkpt lat="46.203266" lon="6.170309">
        <ele>406.189463</ele>
        <time>2025-12-18T11:32:34.200Z</time>
      </trkpt>
      <trkpt lat="46.203165" lon="6.170268">
        <ele>405.963785</ele>
        <time>2025-12-18T11:32:35.343Z</time>
      </trkpt>
      <trkpt lat="46.203031" lon="6.170188">
        <ele>405.651893</ele>
        <time>2025-12-18T11:32:36.905Z</time>
      </trkpt>
      <trkpt lat="46.202961" lon="6.170069">
        <ele>405.419378</ele>
        <time>2025-12-18T11:32:38.090Z</time>
      </trkpt>
      <trkpt lat="46.202733" lon="6.169679">
        <ele>404.659314</ele>
        <time>2025-12-18T11:32:41.974Z</time>
      </trkpt>
      <trkpt lat="46.202616" lon="6.169485">
        <ele>404.276209</ele>
        <time>2025-12-18T11:32:43.950Z</time>
      </trkpt>
      <trkpt lat="46.202921" lon="6.169150">
        <ele>403.452057</ele>
        <time>2025-12-18T11:32:48.254Z</time>
      </trkpt>
      <trkpt lat="46.203308" lon="6.168690">
        <ele>402.506361</ele>
        <time>2025-12-18T11:32:53.663Z</time>
      </trkpt>
      <trkpt lat="46.203434" lon="6.168538">
        <ele>402.246694</ele>
        <time>2025-12-18T11:32:55.468Z</time>
      </trkpt>
      <trkpt lat="46.203677" lon="6.168250">
        <ele>401.749499</ele>
        <time>2025-12-18T11:32:58.830Z</time>
      </trkpt>
      <trkpt lat="46.203582" lon="6.167966">
        <ele>401.404142</ele>
        <time>2025-12-18T11:33:01.296Z</time>
      </trkpt>
      <trkpt lat="46.203480" lon="6.167664">
        <ele>401.036220</ele>
        <time>2025-12-18T11:33:03.922Z</time>
      </trkpt>
      <trkpt lat="46.203433" lon="6.167522">
        <ele>400.863885</ele>
        <time>2025-12-18T11:33:05.182Z</time>
      </trkpt>
      <trkpt lat="46.203534" lon="6.167437">
        <ele>400.678980</ele>
        <time>2025-12-18T11:33:06.518Z</time>
      </trkpt>
      <trkpt lat="46.203503" lon="6.167294">
        <ele>400.514913</ele>
        <time>2025-12-18T11:33:13.710Z</time>
      </trkpt>
      <trkpt lat="46.203437" lon="6.167253">
        <ele>400.401263</ele>
        <time>2025-12-18T11:33:18.671Z</time>
      </trkpt>
      <trkpt lat="46.203386" lon="6.167113">
        <ele>400.228045</ele>
        <time>2025-12-18T11:33:26.254Z</time>
      </trkpt>
      <trkpt lat="46.203168" lon="6.166442">
        <ele>399.727231</ele>
        <time>2025-12-18T11:34:01.937Z</time>
      </trkpt>
      <trkpt lat="46.203040" lon="6.166047">
        <ele>399.492095</ele>
        <time>2025-12-18T11:34:22.926Z</time>
      </trkpt>
      <trkpt lat="46.203000" lon="6.165928">
        <ele>399.420774</ele>
        <time>2025-12-18T11:34:29.288Z</time>
      </trkpt>
      <trkpt lat="46.202934" lon="6.165970">
        <ele>399.364598</ele>
        <time>2025-12-18T11:34:34.279Z</time>
      </trkpt>
      <trkpt lat="46.202904" lon="6.165876">
        <ele>399.308793</ele>
        <time>2025-12-18T11:34:35.185Z</time>
      </trkpt>
      <trkpt lat="46.202868" lon="6.165765">
        <ele>399.242706</ele>
        <time>2025-12-18T11:34:36.374Z</time>
      </trkpt>
      <trkpt lat="46.202824" lon="6.165630">
        <ele>399.162259</ele>
        <time>2025-12-18T11:34:38.247Z</time>
      </trkpt>
      <trkpt lat="46.202769" lon="6.165461">
        <ele>399.061578</ele>
        <time>2025-12-18T11:34:40.562Z</time>
      </trkpt>
      <trkpt lat="46.202490" lon="6.164602">
        <ele>398.375440</ele>
        <time>2025-12-18T11:34:52.387Z</time>
      </trkpt>
      <trkpt lat="46.202455" lon="6.164491">
        <ele>398.161770</ele>
        <time>2025-12-18T11:34:53.805Z</time>
      </trkpt>
      <trkpt lat="46.202276" lon="6.163948">
        <ele>397.108197</ele>
        <time>2025-12-18T11:35:00.215Z</time>
      </trkpt>
      <trkpt lat="46.202228" lon="6.163801">
        <ele>396.823472</ele>
        <time>2025-12-18T11:35:01.337Z</time>
      </trkpt>
      <trkpt lat="46.202182" lon="6.163661">
        <ele>396.551996</ele>
        <time>2025-12-18T11:35:02.431Z</time>
      </trkpt>
      <trkpt lat="46.202143" lon="6.163541">
        <ele>396.319766</ele>
        <time>2025-12-18T11:35:03.360Z</time>
      </trkpt>
      <trkpt lat="46.202042" lon="6.163231">
        <ele>395.719566</ele>
        <time>2025-12-18T11:35:05.826Z</time>
      </trkpt>
      <trkpt lat="46.202029" lon="6.163194">
        <ele>395.646879</ele>
        <time>2025-12-18T11:35:06.128Z</time>
      </trkpt>
      <trkpt lat="46.201934" lon="6.162905">
        <ele>395.086426</ele>
        <time>2025-12-18T11:35:08.482Z</time>
      </trkpt>
      <trkpt lat="46.201766" lon="6.162372">
        <ele>394.054551</ele>
        <time>2025-12-18T11:35:12.664Z</time>
      </trkpt>
      <trkpt lat="46.201619" lon="6.161866">
        <ele>392.708078</ele>
        <time>2025-12-18T11:35:16.407Z</time>
      </trkpt>
      <trkpt lat="46.201577" lon="6.161717">
        <ele>392.313329</ele>
        <time>2025-12-18T11:35:17.474Z</time>
      </trkpt>
      <trkpt lat="46.201540" lon="6.161583">
        <ele>391.959343</ele>
        <time>2025-12-18T11:35:18.429Z</time>
      </trkpt>
      <trkpt lat="46.201490" lon="6.161402">
        <ele>391.481168</ele>
        <time>2025-12-18T11:35:19.741Z</time>
      </trkpt>
      <trkpt lat="46.201439" lon="6.161223">
        <ele>391.006208</ele>
        <time>2025-12-18T11:35:21.068Z</time>
      </trkpt>
      <trkpt lat="46.201381" lon="6.160966">
        <ele>390.342946</ele>
        <time>2025-12-18T11:35:22.943Z</time>
      </trkpt>
      <trkpt lat="46.201385" lon="6.160474">
        <ele>389.135670</ele>
        <time>2025-12-18T11:35:26.384Z</time>
      </trkpt>
      <trkpt lat="46.201403" lon="6.160011">
        <ele>387.997842</ele>
        <time>2025-12-18T11:35:29.535Z</time>
      </trkpt>
      <trkpt lat="46.201418" lon="6.159705">
        <ele>387.482879</ele>
        <time>2025-12-18T11:35:31.622Z</time>
      </trkpt>
      <trkpt lat="46.201461" lon="6.159596">
        <ele>387.336310</ele>
        <time>2025-12-18T11:35:32.484Z</time>
      </trkpt>
      <trkpt lat="46.201511" lon="6.159472">
        <ele>387.168658</ele>
        <time>2025-12-18T11:35:33.522Z</time>
      </trkpt>
      <trkpt lat="46.201554" lon="6.159366">
        <ele>387.025124</ele>
        <time>2025-12-18T11:35:34.396Z</time>
      </trkpt>
      <trkpt lat="46.201614" lon="6.159217">
        <ele>386.823740</ele>
        <time>2025-12-18T11:35:35.674Z</time>
      </trkpt>
      <trkpt lat="46.201648" lon="6.159131">
        <ele>386.708037</ele>
        <time>2025-12-18T11:35:36.424Z</time>
      </trkpt>
      <trkpt lat="46.201603" lon="6.158973">
        <ele>386.508440</ele>
        <time>2025-12-18T11:35:37.667Z</time>
      </trkpt>
      <trkpt lat="46.201590" lon="6.158712">
        <ele>386.202744</ele>
        <time>2025-12-18T11:35:39.713Z</time>
      </trkpt>
      <trkpt lat="46.201643" lon="6.158273">
        <ele>385.682148</ele>
        <time>2025-12-18T11:35:43.781Z</time>
      </trkpt>
      <trkpt lat="46.201671" lon="6.158004">
        <ele>385.364361</ele>
        <time>2025-12-18T11:35:46.236Z</time>
      </trkpt>
      <trkpt lat="46.201691" lon="6.157807">
        <ele>385.131757</ele>
        <time>2025-12-18T11:35:47.972Z</time>
      </trkpt>
      <trkpt lat="46.201702" lon="6.157703">
        <ele>385.008851</ele>
        <time>2025-12-18T11:35:48.801Z</time>
      </trkpt>
      <trkpt lat="46.201750" lon="6.157305">
        <ele>384.690597</ele>
        <time>2025-12-18T11:35:52.219Z</time>
      </trkpt>
      <trkpt lat="46.201819" lon="6.156820">
        <ele>384.817034</ele>
        <time>2025-12-18T11:35:57.388Z</time>
      </trkpt>
      <trkpt lat="46.201863" lon="6.156586">
        <ele>384.878954</ele>
        <time>2025-12-18T11:36:00.095Z</time>
      </trkpt>
      <trkpt lat="46.201884" lon="6.156435">
        <ele>384.918283</ele>
        <time>2025-12-18T11:36:01.630Z</time>
      </trkpt>
      <trkpt lat="46.201893" lon="6.156298">
        <ele>384.953425</ele>
        <time>2025-12-18T11:36:02.984Z</time>
      </trkpt>
      <trkpt lat="46.201903" lon="6.156129">
        <ele>384.996737</ele>
        <time>2025-12-18T11:36:04.488Z</time>
      </trkpt>
      <trkpt lat="46.201877" lon="6.156019">
        <ele>385.026419</ele>
        <time>2025-12-18T11:36:05.560Z</time>
      </trkpt>
      <trkpt lat="46.201773" lon="6.155822">
        <ele>385.089688</ele>
        <time>2025-12-18T11:36:08.097Z</time>
      </trkpt>
      <trkpt lat="46.201662" lon="6.155768">
        <ele>385.132901</ele>
        <time>2025-12-18T11:36:09.908Z</time>
      </trkpt>
      <trkpt lat="46.201434" lon="6.155578">
        <ele>385.230010</ele>
        <time>2025-12-18T11:36:14.426Z</time>
      </trkpt>
      <trkpt lat="46.201305" lon="6.155499">
        <ele>385.281703</ele>
        <time>2025-12-18T11:36:16.985Z</time>
      </trkpt>
      <trkpt lat="46.201290" lon="6.155345">
        <ele>385.321416</ele>
        <time>2025-12-18T11:36:19.108Z</time>
      </trkpt>
      <trkpt lat="46.201380" lon="6.154898">
        <ele>386.425354</ele>
        <time>2025-12-18T11:36:27.016Z</time>
      </trkpt>
      <trkpt lat="46.201412" lon="6.154751">
        <ele>386.805746</ele>
        <time>2025-12-18T11:36:30.219Z</time>
      </trkpt>
      <trkpt lat="46.201449" lon="6.154568">
        <ele>387.276358</ele>
        <time>2025-12-18T11:36:34.178Z</time>
      </trkpt>
      <trkpt lat="46.201393" lon="6.154545">
        <ele>387.483996</ele>
        <time>2025-12-18T11:36:36.190Z</time>
      </trkpt>
      <trkpt lat="46.201340" lon="6.154526">
        <ele>387.678753</ele>
        <time>2025-12-18T11:36:38.137Z</time>
      </trkpt>
      <trkpt lat="46.201270" lon="6.154500">
        <ele>387.936528</ele>
        <time>2025-12-18T11:36:40.133Z</time>
      </trkpt>
      <trkpt lat="46.200672" lon="6.154247">
        <ele>390.158867</ele>
        <time>2025-12-18T11:36:58.008Z</time>
      </trkpt>
      <trkpt lat="46.200501" lon="6.154013">
        <ele>390.998872</ele>
        <time>2025-12-18T11:37:06.453Z</time>
      </trkpt>
      <trkpt lat="46.200297" lon="6.153718">
        <ele>392.017392</ele>
        <time>2025-12-18T11:37:17.342Z</time>
      </trkpt>
      <trkpt lat="46.200190" lon="6.153559">
        <ele>392.544064</ele>
        <time>2025-12-18T11:37:22.961Z</time>
      </trkpt>
      <trkpt lat="46.200136" lon="6.153481">
        <ele>392.806068</ele>
        <time>2025-12-18T11:37:25.604Z</time>
      </trkpt>
      <trkpt lat="46.200074" lon="6.153389">
        <ele>393.111020</ele>
        <time>2025-12-18T11:37:28.797Z</time>
      </trkpt>
      <trkpt lat="46.199880" lon="6.153119">
        <ele>394.035291</ele>
        <time>2025-12-18T11:37:38.144Z</time>
      </trkpt>
      <trkpt lat="46.199065" lon="6.151996">
        <ele>397.899664</ele>
        <time>2025-12-18T11:38:07.662Z</time>
      </trkpt>
      <trkpt lat="46.198636" lon="6.151386">
        <ele>397.688126</ele>
        <time>2025-12-18T11:38:18.793Z</time>
      </trkpt>
      <trkpt lat="46.198204" lon="6.150786">
        <ele>397.462662</ele>
        <time>2025-12-18T11:38:26.169Z</time>
      </trkpt>
      <trkpt lat="46.197834" lon="6.150255">
        <ele>397.266441</ele>
        <time>2025-12-18T11:38:31.994Z</time>
      </trkpt>
      <trkpt lat="46.197717" lon="6.150089">
        <ele>397.042463</ele>
        <time>2025-12-18T11:38:33.870Z</time>
      </trkpt>
      <trkpt lat="46.197559" lon="6.149863">
        <ele>396.529836</ele>
        <time>2025-12-18T11:38:36.263Z</time>
      </trkpt>
      <trkpt lat="46.197501" lon="6.149778">
        <ele>396.339354</ele>
        <time>2025-12-18T11:38:37.142Z</time>
      </trkpt>
      <trkpt lat="46.197312" lon="6.149516">
        <ele>395.735440</ele>
        <time>2025-12-18T11:38:40.032Z</time>
      </trkpt>
      <trkpt lat="46.197159" lon="6.149305">
        <ele>395.247764</ele>
        <time>2025-12-18T11:38:42.440Z</time>
      </trkpt>
      <trkpt lat="46.197066" lon="6.149175">
        <ele>394.949404</ele>
        <time>2025-12-18T11:38:43.840Z</time>
      </trkpt>
      <trkpt lat="46.197015" lon="6.149106">
        <ele>394.788307</ele>
        <time>2025-12-18T11:38:44.581Z</time>
      </trkpt>
      <trkpt lat="46.196824" lon="6.148818">
        <ele>394.151772</ele>
        <time>2025-12-18T11:38:47.408Z</time>
      </trkpt>
      <trkpt lat="46.196739" lon="6.148696">
        <ele>393.875520</ele>
        <time>2025-12-18T11:38:48.631Z</time>
      </trkpt>
      <trkpt lat="46.196692" lon="6.148661">
        <ele>393.753607</ele>
        <time>2025-12-18T11:38:49.167Z</time>
      </trkpt>
      <trkpt lat="46.196588" lon="6.148582">
        <ele>393.482699</ele>
        <time>2025-12-18T11:38:50.349Z</time>
      </trkpt>
      <trkpt lat="46.196471" lon="6.148377">
        <ele>393.050469</ele>
        <time>2025-12-18T11:38:52.221Z</time>
      </trkpt>
      <trkpt lat="46.196484" lon="6.148151">
        <ele>392.592073</ele>
        <time>2025-12-18T11:38:53.882Z</time>
      </trkpt>
      <trkpt lat="46.196492" lon="6.148021">
        <ele>392.328264</ele>
        <time>2025-12-18T11:38:54.879Z</time>
      </trkpt>
      <trkpt lat="46.196513" lon="6.147745">
        <ele>391.767017</ele>
        <time>2025-12-18T11:38:56.955Z</time>
      </trkpt>
      <trkpt lat="46.196522" lon="6.147623">
        <ele>391.519019</ele>
        <time>2025-12-18T11:38:57.955Z</time>
      </trkpt>
      <trkpt lat="46.196593" lon="6.147407">
        <ele>391.035684</ele>
        <time>2025-12-18T11:38:59.857Z</time>
      </trkpt>
      <trkpt lat="46.196680" lon="6.147247">
        <ele>390.624417</ele>
        <time>2025-12-18T11:39:01.442Z</time>
      </trkpt>
      <trkpt lat="46.196710" lon="6.147188">
        <ele>390.476439</ele>
        <time>2025-12-18T11:39:01.959Z</time>
      </trkpt>
      <trkpt lat="46.196747" lon="6.147116">
        <ele>390.295180</ele>
        <time>2025-12-18T11:39:02.601Z</time>
      </trkpt>
      <trkpt lat="46.196824" lon="6.146986">
        <ele>389.949335</ele>
        <time>2025-12-18T11:39:03.741Z</time>
      </trkpt>
      <trkpt lat="46.197067" lon="6.146620">
        <ele>388.924225</ele>
        <time>2025-12-18T11:39:07.106Z</time>
      </trkpt>
      <trkpt lat="46.197374" lon="6.146174">
        <ele>387.708705</ele>
        <time>2025-12-18T11:39:11.457Z</time>
      </trkpt>
      <trkpt lat="46.197572" lon="6.145887">
        <ele>387.138095</ele>
        <time>2025-12-18T11:39:14.446Z</time>
      </trkpt>
      <trkpt lat="46.197642" lon="6.145783">
        <ele>386.933821</ele>
        <time>2025-12-18T11:39:15.600Z</time>
      </trkpt>
      <trkpt lat="46.198090" lon="6.145104">
        <ele>385.612872</ele>
        <time>2025-12-18T11:39:22.600Z</time>
      </trkpt>
      <trkpt lat="46.198153" lon="6.145010">
        <ele>385.428622</ele>
        <time>2025-12-18T11:39:23.582Z</time>
      </trkpt>
      <trkpt lat="46.198684" lon="6.144228">
        <ele>383.972163</ele>
        <time>2025-12-18T11:39:32.632Z</time>
      </trkpt>
      <trkpt lat="46.198739" lon="6.144150">
        <ele>383.861656</ele>
        <time>2025-12-18T11:39:33.537Z</time>
      </trkpt>
      <trkpt lat="46.198811" lon="6.144045">
        <ele>383.714968</ele>
        <time>2025-12-18T11:39:34.803Z</time>
      </trkpt>
      <trkpt lat="46.198860" lon="6.143972">
        <ele>383.614046</ele>
        <time>2025-12-18T11:39:35.712Z</time>
      </trkpt>
      <trkpt lat="46.199059" lon="6.143681">
        <ele>383.208059</ele>
        <time>2025-12-18T11:39:39.534Z</time>
      </trkpt>
      <trkpt lat="46.199171" lon="6.143519">
        <ele>382.980816</ele>
        <time>2025-12-18T11:39:41.517Z</time>
      </trkpt>
      <trkpt lat="46.199296" lon="6.143340">
        <ele>382.728460</ele>
        <time>2025-12-18T11:39:43.622Z</time>
      </trkpt>
      <trkpt lat="46.199412" lon="6.143175">
        <ele>382.495050</ele>
        <time>2025-12-18T11:39:45.491Z</time>
      </trkpt>
      <trkpt lat="46.199450" lon="6.143131">
        <ele>382.425224</ele>
        <time>2025-12-18T11:39:46.033Z</time>
      </trkpt>
      <trkpt lat="46.199593" lon="6.142995">
        <ele>382.179746</ele>
        <time>2025-12-18T11:39:47.910Z</time>
      </trkpt>
      <trkpt lat="46.199339" lon="6.143002">
        <ele>381.815479</ele>
        <time>2025-12-18T11:39:50.618Z</time>
      </trkpt>
      <trkpt lat="46.198364" lon="6.142964">
        <ele>380.663310</ele>
        <time>2025-12-18T11:40:01.072Z</time>
      </trkpt>
      <trkpt lat="46.198339" lon="6.142963">
        <ele>380.634924</ele>
        <time>2025-12-18T11:40:01.367Z</time>
      </trkpt>
      <trkpt lat="46.198264" lon="6.142930">
        <ele>380.545941</ele>
        <time>2025-12-18T11:40:02.344Z</time>
      </trkpt>
      <trkpt lat="46.198249" lon="6.142963">
        <ele>380.514926</ele>
        <time>2025-12-18T11:40:04.260Z</time>
      </trkpt>
      <trkpt lat="46.198194" lon="6.142953">
        <ele>380.452010</ele>
        <time>2025-12-18T11:40:08.109Z</time>
      </trkpt>
      <trkpt lat="46.198158" lon="6.142946">
        <ele>380.410782</ele>
        <time>2025-12-18T11:40:10.662Z</time>
      </trkpt>
      <trkpt lat="46.198160" lon="6.142763">
        <ele>380.267001</ele>
        <time>2025-12-18T11:40:12.321Z</time>
      </trkpt>
      <trkpt lat="46.198160" lon="6.142495">
        <ele>380.056462</ele>
        <time>2025-12-18T11:40:14.802Z</time>
      </trkpt>
      <trkpt lat="46.198158" lon="6.142250">
        <ele>379.863978</ele>
        <time>2025-12-18T11:40:17.116Z</time>
      </trkpt>
      <trkpt lat="46.198157" lon="6.142137">
        <ele>379.775199</ele>
        <time>2025-12-18T11:40:18.304Z</time>
      </trkpt>
      <trkpt lat="46.198129" lon="6.142084">
        <ele>379.722820</ele>
        <time>2025-12-18T11:40:18.959Z</time>
      </trkpt>
      <trkpt lat="46.198072" lon="6.141966">
        <ele>379.609778</ele>
        <time>2025-12-18T11:40:20.524Z</time>
      </trkpt>
      <trkpt lat="46.198032" lon="6.141851">
        <ele>379.578677</ele>
        <time>2025-12-18T11:40:21.860Z</time>
      </trkpt>
      <trkpt lat="46.197873" lon="6.141842">
        <ele>379.657588</ele>
        <time>2025-12-18T11:40:24.540Z</time>
      </trkpt>
      <trkpt lat="46.197868" lon="6.141952">
        <ele>379.695428</ele>
        <time>2025-12-18T11:40:25.960Z</time>
      </trkpt>
      <trkpt lat="46.197869" lon="6.142063">
        <ele>379.733532</ele>
        <time>2025-12-18T11:40:27.374Z</time>
      </trkpt>
      <trkpt lat="46.197826" lon="6.142057">
        <ele>379.754956</ele>
        <time>2025-12-18T11:40:28.244Z</time>
      </trkpt>
      <trkpt lat="46.197433" lon="6.142031">
        <ele>379.950054</ele>
        <time>2025-12-18T11:40:36.220Z</time>
      </trkpt>
      <trkpt lat="46.196646" lon="6.141982">
        <ele>380.340701</ele>
        <time>2025-12-18T11:40:50.084Z</time>
      </trkpt>
      <trkpt lat="46.196570" lon="6.141976">
        <ele>380.378447</ele>
        <time>2025-12-18T11:40:51.209Z</time>
      </trkpt>
      <trkpt lat="46.196493" lon="6.141972">
        <ele>380.416657</ele>
        <time>2025-12-18T11:40:52.292Z</time>
      </trkpt>
      <trkpt lat="46.196281" lon="6.141959">
        <ele>380.460706</ele>
        <time>2025-12-18T11:40:55.248Z</time>
      </trkpt>
      <trkpt lat="46.195909" lon="6.141933">
        <ele>380.489597</ele>
        <time>2025-12-18T11:40:59.944Z</time>
      </trkpt>
      <trkpt lat="46.195790" lon="6.141926">
        <ele>380.498836</ele>
        <time>2025-12-18T11:41:01.511Z</time>
      </trkpt>
      <trkpt lat="46.195640" lon="6.141915">
        <ele>380.510487</ele>
        <time>2025-12-18T11:41:03.606Z</time>
      </trkpt>
      <trkpt lat="46.195505" lon="6.141907">
        <ele>380.520968</ele>
        <time>2025-12-18T11:41:05.507Z</time>
      </trkpt>
      <trkpt lat="46.195416" lon="6.141870">
        <ele>380.528152</ele>
        <time>2025-12-18T11:41:06.795Z</time>
      </trkpt>
      <trkpt lat="46.195290" lon="6.141797">
        <ele>380.538683</ele>
        <time>2025-12-18T11:41:08.786Z</time>
      </trkpt>
      <trkpt lat="46.195127" lon="6.141671">
        <ele>380.553024</ele>
        <time>2025-12-18T11:41:11.521Z</time>
      </trkpt>
      <trkpt lat="46.195051" lon="6.141655">
        <ele>380.558981</ele>
        <time>2025-12-18T11:41:12.780Z</time>
      </trkpt>
      <trkpt lat="46.194842" lon="6.141621">
        <ele>380.575297</ele>
        <time>2025-12-18T11:41:16.123Z</time>
      </trkpt>
      <trkpt lat="46.194786" lon="6.141630">
        <ele>380.579667</ele>
        <time>2025-12-18T11:41:17.130Z</time>
      </trkpt>
      <trkpt lat="46.194678" lon="6.141653">
        <ele>380.588136</ele>
        <time>2025-12-18T11:41:19.030Z</time>
      </trkpt>
      <trkpt lat="46.194594" lon="6.141677">
        <ele>380.588888</ele>
        <time>2025-12-18T11:41:20.702Z</time>
      </trkpt>
      <trkpt lat="46.193681" lon="6.141973">
        <ele>380.588888</ele>
        <time>2025-12-18T11:41:38.969Z</time>
      </trkpt>
      <trkpt lat="46.193704" lon="6.142232">
        <ele>380.588888</ele>
        <time>2025-12-18T11:41:42.706Z</time>
      </trkpt>
      <trkpt lat="46.194138" lon="6.142106">
        <ele>380.588888</ele>
        <time>2025-12-18T11:41:50.916Z</time>
      </trkpt>
    </trkseg>
  </trk>
</gpx>