<?xml version='1.0' encoding='UTF-8'?>
<gpx version="1.1" creator="https://www.komoot.de" xmlns="http://www.topografix.com/GPX/1/1" xmlns:xsi="http://www.w3.org/2001/XMLSchema-instance" xsi:schemaLocation="http://www.topografix.com/GPX/1/1 http://www.topografix.com/GPX/1/1/gpx.xsd">
  <metadata>
    <name>GENT-WEVELGEM - IN FLANDERS FIELDS</name>
    <author>
      <link href="https://www.komoot.de">
        <text>komoot</text>
        <type>text/html</type>
      </link>
    </author>
  </metadata>
  <trk>
    <name>GENT-WEVELGEM - IN FLANDERS FIELDS</name>
    <trkseg>
      <trkpt lat="50.783222" lon="2.825872">
        <ele>57.604451</ele>
        <time>2024-03-06T19:32:52.094Z</time>
      </trkpt>
      <trkpt lat="50.783230" lon="2.825977">
        <ele>57.604451</ele>
        <time>2024-03-06T19:32:54.365Z</time>
      </trkpt>
      <trkpt lat="50.783168" lon="2.826586">
        <ele>57.604451</ele>
        <time>2024-03-06T19:33:07.127Z</time>
      </trkpt>
      <trkpt lat="50.783183" lon="2.826697">
        <ele>57.604451</ele>
        <time>2024-03-06T19:33:09.284Z</time>
      </trkpt>
      <trkpt lat="50.783420" lon="2.827217">
        <ele>57.547909</ele>
        <time>2024-03-06T19:33:22.259Z</time>
      </trkpt>
      <trkpt lat="50.783732" lon="2.827628">
        <ele>56.884490</ele>
        <time>2024-03-06T19:33:35.035Z</time>
      </trkpt>
      <trkpt lat="50.783245" lon="2.828655">
        <ele>55.558339</ele>
        <time>2024-03-06T19:33:44.022Z</time>
      </trkpt>
      <trkpt lat="50.782980" lon="2.829194">
        <ele>54.853003</ele>
        <time>2024-03-06T19:33:49.210Z</time>
      </trkpt>
      <trkpt lat="50.782875" lon="2.829731">
        <ele>54.292350</ele>
        <time>2024-03-06T19:33:53.618Z</time>
      </trkpt>
      <trkpt lat="50.782779" lon="2.830191">
        <ele>53.817391</ele>
        <time>2024-03-06T19:33:57.369Z</time>
      </trkpt>
      <trkpt lat="50.782578" lon="2.830858">
        <ele>53.092920</ele>
        <time>2024-03-06T19:34:02.954Z</time>
      </trkpt>
      <trkpt lat="50.782513" lon="2.830853">
        <ele>52.992001</ele>
        <time>2024-03-06T19:34:03.715Z</time>
      </trkpt>
      <trkpt lat="50.782463" lon="2.830916">
        <ele>52.892865</ele>
        <time>2024-03-06T19:34:04.444Z</time>
      </trkpt>
      <trkpt lat="50.782465" lon="2.831075">
        <ele>52.736936</ele>
        <time>2024-03-06T19:34:05.584Z</time>
      </trkpt>
      <trkpt lat="50.782522" lon="2.831136">
        <ele>52.630209</ele>
        <time>2024-03-06T19:34:06.378Z</time>
      </trkpt>
      <trkpt lat="50.782583" lon="2.831125">
        <ele>52.534999</ele>
        <time>2024-03-06T19:34:07.125Z</time>
      </trkpt>
      <trkpt lat="50.782626" lon="2.831054">
        <ele>52.438600</ele>
        <time>2024-03-06T19:34:07.850Z</time>
      </trkpt>
      <trkpt lat="50.784604" lon="2.833353">
        <ele>46.851901</ele>
        <time>2024-03-06T19:34:44.817Z</time>
      </trkpt>
      <trkpt lat="50.785056" lon="2.833882">
        <ele>45.966687</ele>
        <time>2024-03-06T19:34:53.584Z</time>
      </trkpt>
      <trkpt lat="50.785759" lon="2.834712">
        <ele>44.585612</ele>
        <time>2024-03-06T19:35:08.480Z</time>
      </trkpt>
      <trkpt lat="50.785719" lon="2.834858">
        <ele>44.482878</ele>
        <time>2024-03-06T19:35:09.976Z</time>
      </trkpt>
      <trkpt lat="50.785712" lon="2.835002">
        <ele>44.484402</ele>
        <time>2024-03-06T19:35:11.290Z</time>
      </trkpt>
      <trkpt lat="50.785883" lon="2.836953">
        <ele>44.505187</ele>
        <time>2024-03-06T19:35:30.939Z</time>
      </trkpt>
      <trkpt lat="50.786016" lon="2.839784">
        <ele>44.203715</ele>
        <time>2024-03-06T19:35:58.076Z</time>
      </trkpt>
      <trkpt lat="50.786089" lon="2.840098">
        <ele>44.155989</ele>
        <time>2024-03-06T19:36:00.659Z</time>
      </trkpt>
      <trkpt lat="50.786246" lon="2.840473">
        <ele>44.011186</ele>
        <time>2024-03-06T19:36:04.265Z</time>
      </trkpt>
      <trkpt lat="50.786010" lon="2.840822">
        <ele>43.536658</ele>
        <time>2024-03-06T19:36:08.161Z</time>
      </trkpt>
      <trkpt lat="50.785938" lon="2.841001">
        <ele>43.339652</ele>
        <time>2024-03-06T19:36:09.631Z</time>
      </trkpt>
      <trkpt lat="50.785935" lon="2.841743">
        <ele>42.650628</ele>
        <time>2024-03-06T19:36:15.020Z</time>
      </trkpt>
      <trkpt lat="50.786030" lon="2.842588">
        <ele>41.853664</ele>
        <time>2024-03-06T19:36:20.969Z</time>
      </trkpt>
      <trkpt lat="50.786167" lon="2.844381">
        <ele>40.150486</ele>
        <time>2024-03-06T19:36:34.081Z</time>
      </trkpt>
      <trkpt lat="50.786198" lon="2.845093">
        <ele>39.474334</ele>
        <time>2024-03-06T19:36:39.249Z</time>
      </trkpt>
      <trkpt lat="50.786233" lon="2.845350">
        <ele>39.225265</ele>
        <time>2024-03-06T19:36:41.149Z</time>
      </trkpt>
      <trkpt lat="50.786271" lon="2.845581">
        <ele>38.999127</ele>
        <time>2024-03-06T19:36:42.890Z</time>
      </trkpt>
      <trkpt lat="50.786729" lon="2.847419">
        <ele>37.580259</ele>
        <time>2024-03-06T19:36:57.758Z</time>
      </trkpt>
      <trkpt lat="50.786898" lon="2.848419">
        <ele>36.870065</ele>
        <time>2024-03-06T19:37:05.925Z</time>
      </trkpt>
      <trkpt lat="50.787088" lon="2.849293">
        <ele>36.514903</ele>
        <time>2024-03-06T19:37:13.373Z</time>
      </trkpt>
      <trkpt lat="50.787196" lon="2.850233">
        <ele>36.173917</ele>
        <time>2024-03-06T19:37:21.291Z</time>
      </trkpt>
      <trkpt lat="50.787387" lon="2.851107">
        <ele>35.843873</ele>
        <time>2024-03-06T19:37:29.097Z</time>
      </trkpt>
      <trkpt lat="50.787607" lon="2.852200">
        <ele>35.939254</ele>
        <time>2024-03-06T19:37:39.235Z</time>
      </trkpt>
      <trkpt lat="50.787715" lon="2.852977">
        <ele>36.045370</ele>
        <time>2024-03-06T19:37:46.814Z</time>
      </trkpt>
      <trkpt lat="50.787782" lon="2.853313">
        <ele>36.092364</ele>
        <time>2024-03-06T19:37:50.522Z</time>
      </trkpt>
      <trkpt lat="50.787991" lon="2.853997">
        <ele>36.279041</ele>
        <time>2024-03-06T19:37:59.260Z</time>
      </trkpt>
      <trkpt lat="50.788060" lon="2.854350">
        <ele>36.670918</ele>
        <time>2024-03-06T19:38:03.806Z</time>
      </trkpt>
      <trkpt lat="50.788118" lon="2.854750">
        <ele>37.106171</ele>
        <time>2024-03-06T19:38:08.992Z</time>
      </trkpt>
      <trkpt lat="50.788142" lon="2.855099">
        <ele>37.478501</ele>
        <time>2024-03-06T19:38:13.566Z</time>
      </trkpt>
      <trkpt lat="50.788159" lon="2.856142">
        <ele>38.585065</ele>
        <time>2024-03-06T19:38:28.099Z</time>
      </trkpt>
      <trkpt lat="50.789514" lon="2.857424">
        <ele>41.661960</ele>
        <time>2024-03-06T19:39:15.105Z</time>
      </trkpt>
      <trkpt lat="50.790270" lon="2.858473">
        <ele>42.958228</ele>
        <time>2024-03-06T19:39:41.858Z</time>
      </trkpt>
      <trkpt lat="50.790365" lon="2.858686">
        <ele>43.000232</ele>
        <time>2024-03-06T19:39:45.863Z</time>
      </trkpt>
      <trkpt lat="50.790524" lon="2.860368">
        <ele>43.274267</ele>
        <time>2024-03-06T19:40:07.396Z</time>
      </trkpt>
      <trkpt lat="50.790660" lon="2.860588">
        <ele>43.230145</ele>
        <time>2024-03-06T19:40:10.738Z</time>
      </trkpt>
      <trkpt lat="50.791467" lon="2.861657">
        <ele>41.729314</ele>
        <time>2024-03-06T19:40:27.959Z</time>
      </trkpt>
      <trkpt lat="50.791549" lon="2.861729">
        <ele>41.595590</ele>
        <time>2024-03-06T19:40:29.453Z</time>
      </trkpt>
      <trkpt lat="50.791679" lon="2.861740">
        <ele>41.409962</ele>
        <time>2024-03-06T19:40:31.552Z</time>
      </trkpt>
      <trkpt lat="50.792620" lon="2.860822">
        <ele>39.898190</ele>
        <time>2024-03-06T19:40:49.531Z</time>
      </trkpt>
      <trkpt lat="50.792666" lon="2.860794">
        <ele>39.832893</ele>
        <time>2024-03-06T19:40:50.371Z</time>
      </trkpt>
      <trkpt lat="50.792750" lon="2.860817">
        <ele>39.719953</ele>
        <time>2024-03-06T19:40:51.815Z</time>
      </trkpt>
      <trkpt lat="50.792800" lon="2.860853">
        <ele>39.647174</ele>
        <time>2024-03-06T19:40:52.724Z</time>
      </trkpt>
      <trkpt lat="50.793345" lon="2.861769">
        <ele>38.593717</ele>
        <time>2024-03-06T19:41:06.497Z</time>
      </trkpt>
      <trkpt lat="50.793502" lon="2.861950">
        <ele>38.330486</ele>
        <time>2024-03-06T19:41:09.834Z</time>
      </trkpt>
      <trkpt lat="50.793768" lon="2.862114">
        <ele>37.866265</ele>
        <time>2024-03-06T19:41:14.643Z</time>
      </trkpt>
      <trkpt lat="50.794118" lon="2.862392">
        <ele>37.229435</ele>
        <time>2024-03-06T19:41:21.092Z</time>
      </trkpt>
      <trkpt lat="50.794415" lon="2.862655">
        <ele>36.675984</ele>
        <time>2024-03-06T19:41:26.605Z</time>
      </trkpt>
      <trkpt lat="50.794850" lon="2.863120">
        <ele>35.822308</ele>
        <time>2024-03-06T19:41:34.984Z</time>
      </trkpt>
      <trkpt lat="50.795352" lon="2.863425">
        <ele>34.989606</ele>
        <time>2024-03-06T19:41:43.448Z</time>
      </trkpt>
      <trkpt lat="50.795901" lon="2.863844">
        <ele>34.082900</ele>
        <time>2024-03-06T19:41:52.944Z</time>
      </trkpt>
      <trkpt lat="50.796938" lon="2.864824">
        <ele>33.077312</ele>
        <time>2024-03-06T19:42:13.702Z</time>
      </trkpt>
      <trkpt lat="50.796541" lon="2.866102">
        <ele>33.964836</ele>
        <time>2024-03-06T19:42:34.828Z</time>
      </trkpt>
      <trkpt lat="50.796019" lon="2.867401">
        <ele>35.838691</ele>
        <time>2024-03-06T19:43:04.256Z</time>
      </trkpt>
      <trkpt lat="50.795687" lon="2.868241">
        <ele>37.908648</ele>
        <time>2024-03-06T19:43:25.265Z</time>
      </trkpt>
      <trkpt lat="50.795297" lon="2.869550">
        <ele>41.041223</ele>
        <time>2024-03-06T19:43:57.392Z</time>
      </trkpt>
      <trkpt lat="50.794834" lon="2.870887">
        <ele>44.995466</ele>
        <time>2024-03-06T19:44:33.215Z</time>
      </trkpt>
      <trkpt lat="50.794706" lon="2.871278">
        <ele>46.137589</ele>
        <time>2024-03-06T19:44:43.819Z</time>
      </trkpt>
      <trkpt lat="50.793535" lon="2.874363">
        <ele>54.440214</ele>
        <time>2024-03-06T19:46:05.911Z</time>
      </trkpt>
      <trkpt lat="50.793596" lon="2.874421">
        <ele>54.397318</ele>
        <time>2024-03-06T19:46:07.354Z</time>
      </trkpt>
      <trkpt lat="50.793822" lon="2.874480">
        <ele>54.259259</ele>
        <time>2024-03-06T19:46:12.185Z</time>
      </trkpt>
      <trkpt lat="50.794171" lon="2.874551">
        <ele>54.047175</ele>
        <time>2024-03-06T19:46:19.878Z</time>
      </trkpt>
      <trkpt lat="50.794461" lon="2.874600">
        <ele>53.871390</ele>
        <time>2024-03-06T19:46:23.631Z</time>
      </trkpt>
      <trkpt lat="50.794839" lon="2.874663">
        <ele>53.642298</ele>
        <time>2024-03-06T19:46:27.925Z</time>
      </trkpt>
      <trkpt lat="50.796126" lon="2.874757">
        <ele>50.112932</ele>
        <time>2024-03-06T19:46:40.763Z</time>
      </trkpt>
      <trkpt lat="50.796432" lon="2.874848">
        <ele>48.939399</ele>
        <time>2024-03-06T19:46:43.741Z</time>
      </trkpt>
      <trkpt lat="50.796714" lon="2.874979">
        <ele>47.831652</ele>
        <time>2024-03-06T19:46:46.559Z</time>
      </trkpt>
      <trkpt lat="50.796815" lon="2.875046">
        <ele>47.418868</ele>
        <time>2024-03-06T19:46:47.607Z</time>
      </trkpt>
      <trkpt lat="50.797000" lon="2.875260">
        <ele>46.575744</ele>
        <time>2024-03-06T19:46:49.835Z</time>
      </trkpt>
      <trkpt lat="50.797026" lon="2.875286">
        <ele>46.502967</ele>
        <time>2024-03-06T19:46:50.244Z</time>
      </trkpt>
      <trkpt lat="50.797308" lon="2.875491">
        <ele>45.768657</ele>
        <time>2024-03-06T19:46:53.307Z</time>
      </trkpt>
      <trkpt lat="50.797863" lon="2.875480">
        <ele>44.455359</ele>
        <time>2024-03-06T19:46:59.165Z</time>
      </trkpt>
      <trkpt lat="50.798325" lon="2.875529">
        <ele>43.359760</ele>
        <time>2024-03-06T19:47:04.416Z</time>
      </trkpt>
      <trkpt lat="50.799052" lon="2.875447">
        <ele>41.834866</ele>
        <time>2024-03-06T19:47:12.878Z</time>
      </trkpt>
      <trkpt lat="50.799791" lon="2.875481">
        <ele>40.570912</ele>
        <time>2024-03-06T19:47:21.623Z</time>
      </trkpt>
      <trkpt lat="50.800351" lon="2.875373">
        <ele>39.606430</ele>
        <time>2024-03-06T19:47:27.965Z</time>
      </trkpt>
      <trkpt lat="50.800662" lon="2.875271">
        <ele>38.849501</ele>
        <time>2024-03-06T19:47:31.300Z</time>
      </trkpt>
      <trkpt lat="50.801499" lon="2.875083">
        <ele>35.974849</ele>
        <time>2024-03-06T19:47:39.843Z</time>
      </trkpt>
      <trkpt lat="50.801564" lon="2.875072">
        <ele>35.752563</ele>
        <time>2024-03-06T19:47:40.447Z</time>
      </trkpt>
      <trkpt lat="50.801887" lon="2.874998">
        <ele>34.642787</ele>
        <time>2024-03-06T19:47:43.656Z</time>
      </trkpt>
      <trkpt lat="50.802725" lon="2.874539">
        <ele>31.739703</ele>
        <time>2024-03-06T19:47:52.361Z</time>
      </trkpt>
      <trkpt lat="50.803271" lon="2.874234">
        <ele>29.914762</ele>
        <time>2024-03-06T19:47:58.160Z</time>
      </trkpt>
      <trkpt lat="50.803562" lon="2.874109">
        <ele>28.964410</ele>
        <time>2024-03-06T19:48:01.268Z</time>
      </trkpt>
      <trkpt lat="50.803941" lon="2.874085">
        <ele>27.768943</ele>
        <time>2024-03-06T19:48:05.248Z</time>
      </trkpt>
      <trkpt lat="50.804424" lon="2.874171">
        <ele>27.155749</ele>
        <time>2024-03-06T19:48:10.520Z</time>
      </trkpt>
      <trkpt lat="50.804667" lon="2.874183">
        <ele>26.949185</ele>
        <time>2024-03-06T19:48:13.274Z</time>
      </trkpt>
      <trkpt lat="50.805446" lon="2.874109">
        <ele>26.286121</ele>
        <time>2024-03-06T19:48:23.403Z</time>
      </trkpt>
      <trkpt lat="50.805921" lon="2.873965">
        <ele>26.068488</ele>
        <time>2024-03-06T19:48:31.712Z</time>
      </trkpt>
      <trkpt lat="50.806000" lon="2.873957">
        <ele>26.143447</ele>
        <time>2024-03-06T19:48:33.132Z</time>
      </trkpt>
      <trkpt lat="50.806493" lon="2.873830">
        <ele>26.616415</ele>
        <time>2024-03-06T19:48:42.611Z</time>
      </trkpt>
      <trkpt lat="50.807369" lon="2.873492">
        <ele>27.470202</ele>
        <time>2024-03-06T19:49:00.645Z</time>
      </trkpt>
      <trkpt lat="50.807735" lon="2.873385">
        <ele>27.697032</ele>
        <time>2024-03-06T19:49:08.063Z</time>
      </trkpt>
      <trkpt lat="50.810326" lon="2.873287">
        <ele>27.426606</ele>
        <time>2024-03-06T19:49:45.602Z</time>
      </trkpt>
      <trkpt lat="50.812084" lon="2.873031">
        <ele>26.042076</ele>
        <time>2024-03-06T19:50:06.852Z</time>
      </trkpt>
      <trkpt lat="50.813164" lon="2.873701">
        <ele>25.085663</ele>
        <time>2024-03-06T19:50:21.324Z</time>
      </trkpt>
      <trkpt lat="50.813746" lon="2.874073">
        <ele>24.866576</ele>
        <time>2024-03-06T19:50:29.841Z</time>
      </trkpt>
      <trkpt lat="50.814070" lon="2.874275">
        <ele>24.745026</ele>
        <time>2024-03-06T19:50:34.766Z</time>
      </trkpt>
      <trkpt lat="50.814425" lon="2.874487">
        <ele>24.612586</ele>
        <time>2024-03-06T19:50:40.245Z</time>
      </trkpt>
      <trkpt lat="50.815548" lon="2.875164">
        <ele>24.665553</ele>
        <time>2024-03-06T19:50:58.313Z</time>
      </trkpt>
      <trkpt lat="50.815734" lon="2.875348">
        <ele>24.688524</ele>
        <time>2024-03-06T19:51:01.596Z</time>
      </trkpt>
      <trkpt lat="50.816046" lon="2.875864">
        <ele>24.735781</ele>
        <time>2024-03-06T19:51:08.487Z</time>
      </trkpt>
      <trkpt lat="50.816093" lon="2.875872">
        <ele>24.740731</ele>
        <time>2024-03-06T19:51:09.268Z</time>
      </trkpt>
      <trkpt lat="50.816474" lon="2.875788">
        <ele>24.799211</ele>
        <time>2024-03-06T19:51:17.640Z</time>
      </trkpt>
      <trkpt lat="50.816489" lon="2.875852">
        <ele>24.806002</ele>
        <time>2024-03-06T19:51:18.382Z</time>
      </trkpt>
      <trkpt lat="50.816528" lon="2.875878">
        <ele>24.812666</ele>
        <time>2024-03-06T19:51:19.413Z</time>
      </trkpt>
      <trkpt lat="50.816574" lon="2.875832">
        <ele>24.821234</ele>
        <time>2024-03-06T19:51:20.637Z</time>
      </trkpt>
      <trkpt lat="50.816571" lon="2.875746">
        <ele>24.829803</ele>
        <time>2024-03-06T19:51:21.884Z</time>
      </trkpt>
      <trkpt lat="50.816817" lon="2.875474">
        <ele>24.877054</ele>
        <time>2024-03-06T19:51:28.291Z</time>
      </trkpt>
      <trkpt lat="50.817446" lon="2.874530">
        <ele>25.013544</ele>
        <time>2024-03-06T19:51:46.587Z</time>
      </trkpt>
      <trkpt lat="50.817586" lon="2.874316">
        <ele>24.949967</ele>
        <time>2024-03-06T19:51:50.247Z</time>
      </trkpt>
      <trkpt lat="50.817842" lon="2.874977">
        <ele>24.575270</ele>
        <time>2024-03-06T19:51:59.495Z</time>
      </trkpt>
      <trkpt lat="50.817985" lon="2.875355">
        <ele>24.362342</ele>
        <time>2024-03-06T19:52:04.487Z</time>
      </trkpt>
      <trkpt lat="50.818048" lon="2.875428">
        <ele>24.302617</ele>
        <time>2024-03-06T19:52:05.898Z</time>
      </trkpt>
      <trkpt lat="50.818100" lon="2.875820">
        <ele>24.109039</ele>
        <time>2024-03-06T19:52:10.300Z</time>
      </trkpt>
      <trkpt lat="50.818178" lon="2.876450">
        <ele>23.798780</ele>
        <time>2024-03-06T19:52:17.147Z</time>
      </trkpt>
      <trkpt lat="50.818224" lon="2.876829">
        <ele>23.615517</ele>
        <time>2024-03-06T19:52:21.259Z</time>
      </trkpt>
      <trkpt lat="50.818225" lon="2.876833">
        <ele>23.613607</ele>
        <time>2024-03-06T19:52:21.303Z</time>
      </trkpt>
      <trkpt lat="50.818299" lon="2.877148">
        <ele>23.464398</ele>
        <time>2024-03-06T19:52:24.873Z</time>
      </trkpt>
      <trkpt lat="50.818405" lon="2.877797">
        <ele>23.166784</ele>
        <time>2024-03-06T19:52:32.106Z</time>
      </trkpt>
      <trkpt lat="50.818613" lon="2.879417">
        <ele>22.432838</ele>
        <time>2024-03-06T19:52:51.176Z</time>
      </trkpt>
      <trkpt lat="50.818707" lon="2.879801">
        <ele>22.528577</ele>
        <time>2024-03-06T19:52:55.250Z</time>
      </trkpt>
      <trkpt lat="50.818791" lon="2.880415">
        <ele>22.811665</ele>
        <time>2024-03-06T19:53:01.837Z</time>
      </trkpt>
      <trkpt lat="50.818790" lon="2.880550">
        <ele>22.872501</ele>
        <time>2024-03-06T19:53:03.328Z</time>
      </trkpt>
      <trkpt lat="50.818754" lon="2.880902">
        <ele>23.033181</ele>
        <time>2024-03-06T19:53:07.337Z</time>
      </trkpt>
      <trkpt lat="50.818550" lon="2.882220">
        <ele>23.644651</ele>
        <time>2024-03-06T19:53:23.819Z</time>
      </trkpt>
      <trkpt lat="50.818403" lon="2.882758">
        <ele>23.857114</ele>
        <time>2024-03-06T19:53:31.284Z</time>
      </trkpt>
      <trkpt lat="50.818381" lon="2.882935">
        <ele>23.920728</ele>
        <time>2024-03-06T19:53:33.623Z</time>
      </trkpt>
      <trkpt lat="50.818416" lon="2.883071">
        <ele>23.972514</ele>
        <time>2024-03-06T19:53:35.515Z</time>
      </trkpt>
      <trkpt lat="50.818793" lon="2.883542">
        <ele>24.240599</ele>
        <time>2024-03-06T19:53:44.176Z</time>
      </trkpt>
      <trkpt lat="50.818987" lon="2.883734">
        <ele>24.368310</ele>
        <time>2024-03-06T19:53:47.937Z</time>
      </trkpt>
      <trkpt lat="50.819144" lon="2.883841">
        <ele>24.463722</ele>
        <time>2024-03-06T19:53:50.445Z</time>
      </trkpt>
      <trkpt lat="50.819754" lon="2.884005">
        <ele>24.538182</ele>
        <time>2024-03-06T19:53:59.024Z</time>
      </trkpt>
      <trkpt lat="50.819916" lon="2.884090">
        <ele>24.440849</ele>
        <time>2024-03-06T19:54:01.266Z</time>
      </trkpt>
      <trkpt lat="50.820539" lon="2.884622">
        <ele>24.037144</ele>
        <time>2024-03-06T19:54:10.440Z</time>
      </trkpt>
      <trkpt lat="50.820710" lon="2.884647">
        <ele>23.939207</ele>
        <time>2024-03-06T19:54:12.561Z</time>
      </trkpt>
      <trkpt lat="50.821316" lon="2.884596">
        <ele>23.611465</ele>
        <time>2024-03-06T19:54:20.193Z</time>
      </trkpt>
      <trkpt lat="50.821425" lon="2.884634">
        <ele>23.568596</ele>
        <time>2024-03-06T19:54:21.627Z</time>
      </trkpt>
      <trkpt lat="50.822541" lon="2.885917">
        <ele>23.038831</ele>
        <time>2024-03-06T19:54:40.949Z</time>
      </trkpt>
      <trkpt lat="50.823359" lon="2.886805">
        <ele>22.530643</ele>
        <time>2024-03-06T19:54:54.207Z</time>
      </trkpt>
      <trkpt lat="50.823464" lon="2.886792">
        <ele>22.473071</ele>
        <time>2024-03-06T19:54:55.557Z</time>
      </trkpt>
      <trkpt lat="50.824941" lon="2.885923">
        <ele>21.988782</ele>
        <time>2024-03-06T19:55:15.879Z</time>
      </trkpt>
      <trkpt lat="50.825015" lon="2.885889">
        <ele>21.990348</ele>
        <time>2024-03-06T19:55:16.951Z</time>
      </trkpt>
      <trkpt lat="50.825118" lon="2.885946">
        <ele>21.992566</ele>
        <time>2024-03-06T19:55:18.505Z</time>
      </trkpt>
      <trkpt lat="50.821816" lon="2.887863">
        <ele>23.456733</ele>
        <time>2024-03-06T19:56:18.284Z</time>
      </trkpt>
      <trkpt lat="50.821599" lon="2.888020">
        <ele>23.602762</ele>
        <time>2024-03-06T19:56:22.466Z</time>
      </trkpt>
      <trkpt lat="50.821480" lon="2.888144">
        <ele>23.689959</ele>
        <time>2024-03-06T19:56:24.984Z</time>
      </trkpt>
      <trkpt lat="50.821254" lon="2.888473">
        <ele>23.877881</ele>
        <time>2024-03-06T19:56:30.353Z</time>
      </trkpt>
      <trkpt lat="50.820997" lon="2.889023">
        <ele>24.129154</ele>
        <time>2024-03-06T19:56:37.869Z</time>
      </trkpt>
      <trkpt lat="50.820875" lon="2.889352">
        <ele>24.242216</ele>
        <time>2024-03-06T19:56:41.971Z</time>
      </trkpt>
      <trkpt lat="50.820751" lon="2.889739">
        <ele>24.370820</ele>
        <time>2024-03-06T19:56:46.594Z</time>
      </trkpt>
      <trkpt lat="50.820645" lon="2.890384">
        <ele>24.568341</ele>
        <time>2024-03-06T19:56:53.669Z</time>
      </trkpt>
      <trkpt lat="50.820667" lon="2.890593">
        <ele>24.631136</ele>
        <time>2024-03-06T19:56:55.903Z</time>
      </trkpt>
      <trkpt lat="50.820870" lon="2.890437">
        <ele>24.736998</ele>
        <time>2024-03-06T19:57:00.868Z</time>
      </trkpt>
      <trkpt lat="50.820871" lon="2.890563">
        <ele>24.774344</ele>
        <time>2024-03-06T19:57:02.172Z</time>
      </trkpt>
      <trkpt lat="50.820301" lon="2.895364">
        <ele>26.394841</ele>
        <time>2024-03-06T19:57:52.512Z</time>
      </trkpt>
      <trkpt lat="50.820297" lon="2.895881">
        <ele>26.656652</ele>
        <time>2024-03-06T19:57:58.744Z</time>
      </trkpt>
      <trkpt lat="50.820172" lon="2.896357">
        <ele>26.917676</ele>
        <time>2024-03-06T19:58:05.275Z</time>
      </trkpt>
      <trkpt lat="50.819792" lon="2.899358">
        <ele>29.670286</ele>
        <time>2024-03-06T19:58:46.138Z</time>
      </trkpt>
      <trkpt lat="50.819830" lon="2.899417">
        <ele>29.749660</ele>
        <time>2024-03-06T19:58:47.175Z</time>
      </trkpt>
      <trkpt lat="50.820397" lon="2.900369">
        <ele>30.588011</ele>
        <time>2024-03-06T19:59:07.253Z</time>
      </trkpt>
      <trkpt lat="50.821719" lon="2.902752">
        <ele>32.405862</ele>
        <time>2024-03-06T19:59:54.810Z</time>
      </trkpt>
      <trkpt lat="50.821904" lon="2.903137">
        <ele>32.652476</ele>
        <time>2024-03-06T20:00:02.458Z</time>
      </trkpt>
      <trkpt lat="50.822145" lon="2.903708">
        <ele>33.002582</ele>
        <time>2024-03-06T20:00:12.586Z</time>
      </trkpt>
      <trkpt lat="50.822366" lon="2.904334">
        <ele>32.959338</ele>
        <time>2024-03-06T20:00:22.225Z</time>
      </trkpt>
      <trkpt lat="50.822088" lon="2.904728">
        <ele>32.900532</ele>
        <time>2024-03-06T20:00:27.545Z</time>
      </trkpt>
      <trkpt lat="50.821833" lon="2.905080">
        <ele>32.847211</ele>
        <time>2024-03-06T20:00:32.279Z</time>
      </trkpt>
      <trkpt lat="50.821651" lon="2.905282">
        <ele>32.812180</ele>
        <time>2024-03-06T20:00:35.183Z</time>
      </trkpt>
      <trkpt lat="50.821474" lon="2.905393">
        <ele>32.782176</ele>
        <time>2024-03-06T20:00:37.695Z</time>
      </trkpt>
      <trkpt lat="50.821260" lon="2.905430">
        <ele>32.748250</ele>
        <time>2024-03-06T20:00:40.382Z</time>
      </trkpt>
      <trkpt lat="50.820895" lon="2.905470">
        <ele>32.851611</ele>
        <time>2024-03-06T20:00:45.044Z</time>
      </trkpt>
      <trkpt lat="50.820739" lon="2.905520">
        <ele>32.904076</ele>
        <time>2024-03-06T20:00:47.148Z</time>
      </trkpt>
      <trkpt lat="50.819940" lon="2.906049">
        <ele>33.189555</ele>
        <time>2024-03-06T20:01:00.066Z</time>
      </trkpt>
      <trkpt lat="50.819445" lon="2.906269">
        <ele>33.488416</ele>
        <time>2024-03-06T20:01:10.871Z</time>
      </trkpt>
      <trkpt lat="50.819320" lon="2.906376">
        <ele>33.793384</ele>
        <time>2024-03-06T20:01:14.292Z</time>
      </trkpt>
      <trkpt lat="50.819266" lon="2.906479">
        <ele>33.974852</ele>
        <time>2024-03-06T20:01:16.348Z</time>
      </trkpt>
      <trkpt lat="50.819275" lon="2.906635">
        <ele>34.187237</ele>
        <time>2024-03-06T20:01:18.736Z</time>
      </trkpt>
      <trkpt lat="50.819570" lon="2.907388">
        <ele>35.388507</ele>
        <time>2024-03-06T20:01:32.552Z</time>
      </trkpt>
      <trkpt lat="50.820144" lon="2.908837">
        <ele>37.505660</ele>
        <time>2024-03-06T20:01:58.545Z</time>
      </trkpt>
      <trkpt lat="50.820321" lon="2.909275">
        <ele>37.932867</ele>
        <time>2024-03-06T20:02:05.890Z</time>
      </trkpt>
      <trkpt lat="50.821042" lon="2.910495">
        <ele>39.305492</ele>
        <time>2024-03-06T20:02:26.695Z</time>
      </trkpt>
      <trkpt lat="50.821832" lon="2.911885">
        <ele>39.145613</ele>
        <time>2024-03-06T20:02:43.943Z</time>
      </trkpt>
      <trkpt lat="50.822235" lon="2.912624">
        <ele>38.906784</ele>
        <time>2024-03-06T20:02:51.532Z</time>
      </trkpt>
      <trkpt lat="50.822653" lon="2.913436">
        <ele>38.530371</ele>
        <time>2024-03-06T20:02:59.374Z</time>
      </trkpt>
      <trkpt lat="50.822747" lon="2.913717">
        <ele>38.402785</ele>
        <time>2024-03-06T20:03:01.726Z</time>
      </trkpt>
      <trkpt lat="50.822771" lon="2.913805">
        <ele>38.364325</ele>
        <time>2024-03-06T20:03:02.458Z</time>
      </trkpt>
      <trkpt lat="50.823117" lon="2.914752">
        <ele>37.925361</ele>
        <time>2024-03-06T20:03:11.018Z</time>
      </trkpt>
      <trkpt lat="50.823667" lon="2.916137">
        <ele>39.015353</ele>
        <time>2024-03-06T20:03:29.127Z</time>
      </trkpt>
      <trkpt lat="50.824096" lon="2.917404">
        <ele>40.798557</ele>
        <time>2024-03-06T20:03:51.823Z</time>
      </trkpt>
      <trkpt lat="50.824314" lon="2.918097">
        <ele>42.135649</ele>
        <time>2024-03-06T20:04:05.806Z</time>
      </trkpt>
      <trkpt lat="50.824924" lon="2.919743">
        <ele>46.181996</ele>
        <time>2024-03-06T20:04:42.523Z</time>
      </trkpt>
      <trkpt lat="50.825142" lon="2.920572">
        <ele>47.303736</ele>
        <time>2024-03-06T20:04:57.156Z</time>
      </trkpt>
      <trkpt lat="50.825520" lon="2.921749">
        <ele>47.435775</ele>
        <time>2024-03-06T20:05:13.232Z</time>
      </trkpt>
      <trkpt lat="50.827752" lon="2.920553">
        <ele>43.812390</ele>
        <time>2024-03-06T20:05:49.735Z</time>
      </trkpt>
      <trkpt lat="50.827875" lon="2.920456">
        <ele>43.498545</ele>
        <time>2024-03-06T20:05:51.797Z</time>
      </trkpt>
      <trkpt lat="50.828100" lon="2.920178">
        <ele>42.815943</ele>
        <time>2024-03-06T20:05:56.070Z</time>
      </trkpt>
      <trkpt lat="50.828188" lon="2.920030">
        <ele>42.507569</ele>
        <time>2024-03-06T20:05:58.032Z</time>
      </trkpt>
      <trkpt lat="50.828218" lon="2.920101">
        <ele>42.377971</ele>
        <time>2024-03-06T20:05:58.855Z</time>
      </trkpt>
      <trkpt lat="50.828609" lon="2.922253">
        <ele>38.980693</ele>
        <time>2024-03-06T20:06:20.506Z</time>
      </trkpt>
      <trkpt lat="50.828668" lon="2.922424">
        <ele>38.685127</ele>
        <time>2024-03-06T20:06:22.388Z</time>
      </trkpt>
      <trkpt lat="50.828704" lon="2.922467">
        <ele>38.576826</ele>
        <time>2024-03-06T20:06:23.087Z</time>
      </trkpt>
      <trkpt lat="50.828783" lon="2.922500">
        <ele>38.380613</ele>
        <time>2024-03-06T20:06:24.352Z</time>
      </trkpt>
      <trkpt lat="50.830075" lon="2.922055">
        <ele>35.205267</ele>
        <time>2024-03-06T20:06:44.624Z</time>
      </trkpt>
      <trkpt lat="50.830680" lon="2.921880">
        <ele>33.888330</ele>
        <time>2024-03-06T20:06:53.970Z</time>
      </trkpt>
      <trkpt lat="50.831301" lon="2.921633">
        <ele>32.579799</ele>
        <time>2024-03-06T20:07:03.947Z</time>
      </trkpt>
      <trkpt lat="50.831373" lon="2.921828">
        <ele>32.288245</ele>
        <time>2024-03-06T20:07:06.210Z</time>
      </trkpt>
      <trkpt lat="50.831513" lon="2.921927">
        <ele>31.974897</ele>
        <time>2024-03-06T20:07:08.715Z</time>
      </trkpt>
      <trkpt lat="50.831704" lon="2.921998">
        <ele>31.573949</ele>
        <time>2024-03-06T20:07:10.929Z</time>
      </trkpt>
      <trkpt lat="50.832208" lon="2.922058">
        <ele>30.689903</ele>
        <time>2024-03-06T20:07:16.677Z</time>
      </trkpt>
      <trkpt lat="50.832242" lon="2.921608">
        <ele>30.253686</ele>
        <time>2024-03-06T20:07:19.858Z</time>
      </trkpt>
      <trkpt lat="50.832626" lon="2.921272">
        <ele>29.585076</ele>
        <time>2024-03-06T20:07:24.838Z</time>
      </trkpt>
      <trkpt lat="50.833169" lon="2.920790">
        <ele>28.636404</ele>
        <time>2024-03-06T20:07:32.164Z</time>
      </trkpt>
      <trkpt lat="50.833520" lon="2.920464">
        <ele>28.092082</ele>
        <time>2024-03-06T20:07:37.043Z</time>
      </trkpt>
      <trkpt lat="50.833765" lon="2.921022">
        <ele>27.572341</ele>
        <time>2024-03-06T20:07:42.016Z</time>
      </trkpt>
      <trkpt lat="50.834147" lon="2.921612">
        <ele>26.926145</ele>
        <time>2024-03-06T20:07:48.134Z</time>
      </trkpt>
      <trkpt lat="50.834157" lon="2.921633">
        <ele>26.906032</ele>
        <time>2024-03-06T20:07:48.677Z</time>
      </trkpt>
      <trkpt lat="50.834239" lon="2.921512">
        <ele>26.770301</ele>
        <time>2024-03-06T20:07:51.338Z</time>
      </trkpt>
      <trkpt lat="50.834500" lon="2.921346">
        <ele>26.429708</ele>
        <time>2024-03-06T20:07:58.228Z</time>
      </trkpt>
      <trkpt lat="50.835211" lon="2.920908">
        <ele>25.952399</ele>
        <time>2024-03-06T20:08:18.028Z</time>
      </trkpt>
      <trkpt lat="50.835615" lon="2.920730">
        <ele>25.767829</ele>
        <time>2024-03-06T20:08:28.903Z</time>
      </trkpt>
      <trkpt lat="50.835950" lon="2.921191">
        <ele>25.572483</ele>
        <time>2024-03-06T20:08:44.607Z</time>
      </trkpt>
      <trkpt lat="50.836093" lon="2.921388">
        <ele>25.489058</ele>
        <time>2024-03-06T20:08:51.475Z</time>
      </trkpt>
      <trkpt lat="50.836120" lon="2.921384">
        <ele>25.477122</ele>
        <time>2024-03-06T20:08:52.420Z</time>
      </trkpt>
      <trkpt lat="50.836160" lon="2.921381">
        <ele>25.459497</ele>
        <time>2024-03-06T20:08:53.887Z</time>
      </trkpt>
      <trkpt lat="50.836160" lon="2.921346">
        <ele>25.449769</ele>
        <time>2024-03-06T20:08:54.334Z</time>
      </trkpt>
      <trkpt lat="50.836159" lon="2.921331">
        <ele>25.445576</ele>
        <time>2024-03-06T20:08:54.471Z</time>
      </trkpt>
      <trkpt lat="50.836130" lon="2.920443">
        <ele>25.441574</ele>
        <time>2024-03-06T20:09:03.063Z</time>
      </trkpt>
      <trkpt lat="50.836087" lon="2.919017">
        <ele>25.488773</ele>
        <time>2024-03-06T20:09:16.885Z</time>
      </trkpt>
      <trkpt lat="50.836183" lon="2.917920">
        <ele>25.565272</ele>
        <time>2024-03-06T20:09:31.111Z</time>
      </trkpt>
      <trkpt lat="50.836334" lon="2.917034">
        <ele>25.673675</ele>
        <time>2024-03-06T20:09:43.217Z</time>
      </trkpt>
      <trkpt lat="50.836674" lon="2.915562">
        <ele>25.830800</ele>
        <time>2024-03-06T20:10:04.239Z</time>
      </trkpt>
      <trkpt lat="50.836989" lon="2.914499">
        <ele>25.658840</ele>
        <time>2024-03-06T20:10:19.656Z</time>
      </trkpt>
      <trkpt lat="50.840851" lon="2.905527">
        <ele>23.614490</ele>
        <time>2024-03-06T20:12:30.766Z</time>
      </trkpt>
      <trkpt lat="50.840916" lon="2.905385">
        <ele>23.522535</ele>
        <time>2024-03-06T20:12:32.145Z</time>
      </trkpt>
      <trkpt lat="50.840902" lon="2.905284">
        <ele>23.468319</ele>
        <time>2024-03-06T20:12:32.910Z</time>
      </trkpt>
      <trkpt lat="50.840230" lon="2.904352">
        <ele>22.726630</ele>
        <time>2024-03-06T20:12:43.771Z</time>
      </trkpt>
      <trkpt lat="50.840208" lon="2.904284">
        <ele>22.686570</ele>
        <time>2024-03-06T20:12:44.386Z</time>
      </trkpt>
      <trkpt lat="50.840352" lon="2.904094">
        <ele>22.530945</ele>
        <time>2024-03-06T20:12:46.610Z</time>
      </trkpt>
      <trkpt lat="50.841080" lon="2.902915">
        <ele>21.658130</ele>
        <time>2024-03-06T20:12:59.434Z</time>
      </trkpt>
      <trkpt lat="50.841854" lon="2.901769">
        <ele>20.958902</ele>
        <time>2024-03-06T20:13:12.995Z</time>
      </trkpt>
      <trkpt lat="50.842059" lon="2.901425">
        <ele>20.910699</ele>
        <time>2024-03-06T20:13:18.544Z</time>
      </trkpt>
      <trkpt lat="50.842074" lon="2.901345">
        <ele>20.902195</ele>
        <time>2024-03-06T20:13:19.580Z</time>
      </trkpt>
      <trkpt lat="50.842045" lon="2.900844">
        <ele>20.850925</ele>
        <time>2024-03-06T20:13:26.067Z</time>
      </trkpt>
      <trkpt lat="50.842048" lon="2.900419">
        <ele>20.807611</ele>
        <time>2024-03-06T20:13:31.521Z</time>
      </trkpt>
      <trkpt lat="50.842068" lon="2.900272">
        <ele>20.792287</ele>
        <time>2024-03-06T20:13:33.435Z</time>
      </trkpt>
      <trkpt lat="50.842109" lon="2.900150">
        <ele>20.778203</ele>
        <time>2024-03-06T20:13:35.148Z</time>
      </trkpt>
      <trkpt lat="50.842241" lon="2.900010">
        <ele>20.752564</ele>
        <time>2024-03-06T20:13:38.545Z</time>
      </trkpt>
      <trkpt lat="50.842296" lon="2.899993">
        <ele>20.743520</ele>
        <time>2024-03-06T20:13:39.597Z</time>
      </trkpt>
      <trkpt lat="50.842504" lon="2.899966">
        <ele>20.717038</ele>
        <time>2024-03-06T20:13:43.983Z</time>
      </trkpt>
      <trkpt lat="50.842834" lon="2.899984">
        <ele>20.762776</ele>
        <time>2024-03-06T20:13:51.009Z</time>
      </trkpt>
      <trkpt lat="50.843058" lon="2.899926">
        <ele>20.794215</ele>
        <time>2024-03-06T20:13:55.875Z</time>
      </trkpt>
      <trkpt lat="50.843181" lon="2.899819">
        <ele>20.813654</ele>
        <time>2024-03-06T20:13:58.758Z</time>
      </trkpt>
      <trkpt lat="50.843495" lon="2.899559">
        <ele>20.862735</ele>
        <time>2024-03-06T20:14:06.168Z</time>
      </trkpt>
      <trkpt lat="50.844129" lon="2.899152">
        <ele>20.957495</ele>
        <time>2024-03-06T20:14:20.596Z</time>
      </trkpt>
      <trkpt lat="50.843910" lon="2.897732">
        <ele>20.560687</ele>
        <time>2024-03-06T20:14:38.257Z</time>
      </trkpt>
      <trkpt lat="50.843884" lon="2.897549">
        <ele>20.506821</ele>
        <time>2024-03-06T20:14:40.607Z</time>
      </trkpt>
      <trkpt lat="50.843735" lon="2.896579">
        <ele>20.220140</ele>
        <time>2024-03-06T20:14:51.896Z</time>
      </trkpt>
      <trkpt lat="50.843589" lon="2.895611">
        <ele>19.973996</ele>
        <time>2024-03-06T20:15:02.943Z</time>
      </trkpt>
      <trkpt lat="50.843529" lon="2.895219">
        <ele>19.879986</ele>
        <time>2024-03-06T20:15:07.527Z</time>
      </trkpt>
      <trkpt lat="50.843418" lon="2.894498">
        <ele>19.707018</ele>
        <time>2024-03-06T20:15:16.474Z</time>
      </trkpt>
      <trkpt lat="50.843338" lon="2.894371">
        <ele>19.665208</ele>
        <time>2024-03-06T20:15:18.642Z</time>
      </trkpt>
      <trkpt lat="50.843339" lon="2.894157">
        <ele>19.615329</ele>
        <time>2024-03-06T20:15:21.337Z</time>
      </trkpt>
      <trkpt lat="50.843403" lon="2.893956">
        <ele>19.562862</ele>
        <time>2024-03-06T20:15:24.362Z</time>
      </trkpt>
      <trkpt lat="50.843531" lon="2.893789">
        <ele>19.501647</ele>
        <time>2024-03-06T20:15:27.704Z</time>
      </trkpt>
      <trkpt lat="50.843601" lon="2.893771">
        <ele>19.488406</ele>
        <time>2024-03-06T20:15:29.144Z</time>
      </trkpt>
      <trkpt lat="50.843860" lon="2.893831">
        <ele>19.619933</ele>
        <time>2024-03-06T20:15:34.607Z</time>
      </trkpt>
      <trkpt lat="50.844594" lon="2.893743">
        <ele>19.989808</ele>
        <time>2024-03-06T20:15:50.656Z</time>
      </trkpt>
      <trkpt lat="50.844702" lon="2.893727">
        <ele>20.044313</ele>
        <time>2024-03-06T20:15:53.129Z</time>
      </trkpt>
      <trkpt lat="50.846083" lon="2.893556">
        <ele>20.733622</ele>
        <time>2024-03-06T20:16:25.897Z</time>
      </trkpt>
      <trkpt lat="50.846481" lon="2.893516">
        <ele>20.930218</ele>
        <time>2024-03-06T20:16:34.666Z</time>
      </trkpt>
      <trkpt lat="50.846908" lon="2.893460">
        <ele>21.141435</ele>
        <time>2024-03-06T20:16:43.772Z</time>
      </trkpt>
      <trkpt lat="50.846932" lon="2.893458">
        <ele>21.153283</ele>
        <time>2024-03-06T20:16:44.280Z</time>
      </trkpt>
      <trkpt lat="50.847463" lon="2.893402">
        <ele>21.298668</ele>
        <time>2024-03-06T20:16:55.111Z</time>
      </trkpt>
      <trkpt lat="50.847930" lon="2.893303">
        <ele>21.342579</ele>
        <time>2024-03-06T20:17:04.656Z</time>
      </trkpt>
      <trkpt lat="50.848541" lon="2.893116">
        <ele>21.400575</ele>
        <time>2024-03-06T20:17:17.371Z</time>
      </trkpt>
      <trkpt lat="50.848577" lon="2.893235">
        <ele>21.408339</ele>
        <time>2024-03-06T20:17:19.044Z</time>
      </trkpt>
      <trkpt lat="50.848618" lon="2.893257">
        <ele>21.412373</ele>
        <time>2024-03-06T20:17:19.922Z</time>
      </trkpt>
      <trkpt lat="50.848673" lon="2.893225">
        <ele>21.417834</ele>
        <time>2024-03-06T20:17:21.114Z</time>
      </trkpt>
      <trkpt lat="50.848695" lon="2.893158">
        <ele>21.422278</ele>
        <time>2024-03-06T20:17:22.080Z</time>
      </trkpt>
      <trkpt lat="50.848679" lon="2.893061">
        <ele>21.428177</ele>
        <time>2024-03-06T20:17:23.410Z</time>
      </trkpt>
      <trkpt lat="50.849314" lon="2.892745">
        <ele>21.554855</ele>
        <time>2024-03-06T20:17:37.540Z</time>
      </trkpt>
      <trkpt lat="50.849785" lon="2.892542">
        <ele>21.657807</ele>
        <time>2024-03-06T20:17:48.290Z</time>
      </trkpt>
      <trkpt lat="50.850017" lon="2.892481">
        <ele>21.707409</ele>
        <time>2024-03-06T20:17:53.370Z</time>
      </trkpt>
      <trkpt lat="50.850229" lon="2.892473">
        <ele>21.752135</ele>
        <time>2024-03-06T20:17:57.786Z</time>
      </trkpt>
      <trkpt lat="50.850728" lon="2.892451">
        <ele>21.819594</ele>
        <time>2024-03-06T20:18:07.661Z</time>
      </trkpt>
      <trkpt lat="50.850936" lon="2.892391">
        <ele>21.820975</ele>
        <time>2024-03-06T20:18:11.744Z</time>
      </trkpt>
      <trkpt lat="50.851063" lon="2.892345">
        <ele>21.821826</ele>
        <time>2024-03-06T20:18:14.553Z</time>
      </trkpt>
      <trkpt lat="50.851288" lon="2.892264">
        <ele>21.823334</ele>
        <time>2024-03-06T20:18:19.218Z</time>
      </trkpt>
      <trkpt lat="50.851580" lon="2.892159">
        <ele>21.825290</ele>
        <time>2024-03-06T20:18:25.639Z</time>
      </trkpt>
      <trkpt lat="50.852061" lon="2.891926">
        <ele>21.828576</ele>
        <time>2024-03-06T20:18:36.029Z</time>
      </trkpt>
      <trkpt lat="50.852170" lon="2.891882">
        <ele>21.829311</ele>
        <time>2024-03-06T20:18:38.342Z</time>
      </trkpt>
      <trkpt lat="50.852145" lon="2.891744">
        <ele>21.829903</ele>
        <time>2024-03-06T20:18:39.971Z</time>
      </trkpt>
      <trkpt lat="50.852080" lon="2.891366">
        <ele>21.701570</ele>
        <time>2024-03-06T20:18:45.127Z</time>
      </trkpt>
      <trkpt lat="50.852037" lon="2.891081">
        <ele>21.589251</ele>
        <time>2024-03-06T20:18:51.598Z</time>
      </trkpt>
      <trkpt lat="50.851990" lon="2.890797">
        <ele>21.476714</ele>
        <time>2024-03-06T20:18:58.198Z</time>
      </trkpt>
      <trkpt lat="50.851973" lon="2.890745">
        <ele>21.454268</ele>
        <time>2024-03-06T20:18:58.831Z</time>
      </trkpt>
      <trkpt lat="50.851951" lon="2.890654">
        <ele>21.416917</ele>
        <time>2024-03-06T20:18:59.892Z</time>
      </trkpt>
      <trkpt lat="50.851861" lon="2.890014">
        <ele>21.165588</ele>
        <time>2024-03-06T20:19:14.117Z</time>
      </trkpt>
      <trkpt lat="50.851584" lon="2.888815">
        <ele>20.649978</ele>
        <time>2024-03-06T20:19:42.011Z</time>
      </trkpt>
      <trkpt lat="50.851457" lon="2.888300">
        <ele>20.348288</ele>
        <time>2024-03-06T20:19:53.756Z</time>
      </trkpt>
      <trkpt lat="50.851460" lon="2.888199">
        <ele>20.293115</ele>
        <time>2024-03-06T20:19:55.890Z</time>
      </trkpt>
      <trkpt lat="50.851315" lon="2.887625">
        <ele>19.955764</ele>
        <time>2024-03-06T20:20:02.590Z</time>
      </trkpt>
      <trkpt lat="50.851290" lon="2.887538">
        <ele>19.903605</ele>
        <time>2024-03-06T20:20:03.639Z</time>
      </trkpt>
      <trkpt lat="50.851060" lon="2.886757">
        <ele>19.433360</ele>
        <time>2024-03-06T20:20:13.678Z</time>
      </trkpt>
      <trkpt lat="50.850727" lon="2.885576">
        <ele>18.874239</ele>
        <time>2024-03-06T20:20:27.879Z</time>
      </trkpt>
      <trkpt lat="50.850827" lon="2.885492">
        <ele>18.807875</ele>
        <time>2024-03-06T20:20:31.748Z</time>
      </trkpt>
      <trkpt lat="50.850867" lon="2.885423">
        <ele>18.773201</ele>
        <time>2024-03-06T20:20:33.785Z</time>
      </trkpt>
      <trkpt lat="50.850857" lon="2.885286">
        <ele>18.722152</ele>
        <time>2024-03-06T20:20:36.871Z</time>
      </trkpt>
      <trkpt lat="50.850704" lon="2.884694">
        <ele>18.485373</ele>
        <time>2024-03-06T20:20:50.944Z</time>
      </trkpt>
      <trkpt lat="50.850741" lon="2.884652">
        <ele>18.458684</ele>
        <time>2024-03-06T20:20:51.783Z</time>
      </trkpt>
      <trkpt lat="50.851037" lon="2.884370">
        <ele>18.256168</ele>
        <time>2024-03-06T20:20:58.371Z</time>
      </trkpt>
      <trkpt lat="50.851131" lon="2.884274">
        <ele>18.190594</ele>
        <time>2024-03-06T20:21:00.417Z</time>
      </trkpt>
      <trkpt lat="50.851233" lon="2.884238">
        <ele>18.129326</ele>
        <time>2024-03-06T20:21:02.410Z</time>
      </trkpt>
      <trkpt lat="50.851330" lon="2.884264">
        <ele>18.140808</ele>
        <time>2024-03-06T20:21:04.455Z</time>
      </trkpt>
      <trkpt lat="50.851552" lon="2.884113">
        <ele>18.169962</ele>
        <time>2024-03-06T20:21:08.999Z</time>
      </trkpt>
      <trkpt lat="50.851700" lon="2.884013">
        <ele>18.189377</ele>
        <time>2024-03-06T20:21:12.366Z</time>
      </trkpt>
      <trkpt lat="50.851749" lon="2.883975">
        <ele>18.195961</ele>
        <time>2024-03-06T20:21:13.432Z</time>
      </trkpt>
      <trkpt lat="50.852165" lon="2.883652">
        <ele>18.251865</ele>
        <time>2024-03-06T20:21:22.158Z</time>
      </trkpt>
      <trkpt lat="50.852368" lon="2.883493">
        <ele>18.279191</ele>
        <time>2024-03-06T20:21:26.870Z</time>
      </trkpt>
      <trkpt lat="50.852376" lon="2.883346">
        <ele>18.290431</ele>
        <time>2024-03-06T20:21:28.813Z</time>
      </trkpt>
      <trkpt lat="50.852340" lon="2.883123">
        <ele>18.307966</ele>
        <time>2024-03-06T20:21:32.184Z</time>
      </trkpt>
      <trkpt lat="50.852317" lon="2.882959">
        <ele>18.320764</ele>
        <time>2024-03-06T20:21:34.818Z</time>
      </trkpt>
      <trkpt lat="50.852170" lon="2.881947">
        <ele>18.776481</ele>
        <time>2024-03-06T20:21:50.715Z</time>
      </trkpt>
      <trkpt lat="50.852076" lon="2.881377">
        <ele>19.135341</ele>
        <time>2024-03-06T20:22:00.053Z</time>
      </trkpt>
      <trkpt lat="50.852023" lon="2.881059">
        <ele>19.335683</ele>
        <time>2024-03-06T20:22:05.122Z</time>
      </trkpt>
      <trkpt lat="50.852000" lon="2.880915">
        <ele>19.426163</ele>
        <time>2024-03-06T20:22:07.253Z</time>
      </trkpt>
      <trkpt lat="50.851710" lon="2.879154">
        <ele>20.387390</ele>
        <time>2024-03-06T20:22:34.774Z</time>
      </trkpt>
      <trkpt lat="50.851533" lon="2.878098">
        <ele>20.836557</ele>
        <time>2024-03-06T20:22:50.517Z</time>
      </trkpt>
      <trkpt lat="50.851469" lon="2.877718">
        <ele>20.998241</ele>
        <time>2024-03-06T20:22:56.149Z</time>
      </trkpt>
      <trkpt lat="50.851366" lon="2.877128">
        <ele>21.249897</ele>
        <time>2024-03-06T20:23:04.795Z</time>
      </trkpt>
      <trkpt lat="50.851330" lon="2.876929">
        <ele>21.240362</ele>
        <time>2024-03-06T20:23:07.667Z</time>
      </trkpt>
      <trkpt lat="50.851327" lon="2.876450">
        <ele>21.210825</ele>
        <time>2024-03-06T20:23:13.854Z</time>
      </trkpt>
      <trkpt lat="50.851362" lon="2.876338">
        <ele>21.203119</ele>
        <time>2024-03-06T20:23:15.164Z</time>
      </trkpt>
      <trkpt lat="50.851315" lon="2.876211">
        <ele>21.194042</ele>
        <time>2024-03-06T20:23:16.441Z</time>
      </trkpt>
      <trkpt lat="50.851264" lon="2.876195">
        <ele>21.188964</ele>
        <time>2024-03-06T20:23:17.157Z</time>
      </trkpt>
      <trkpt lat="50.851100" lon="2.875974">
        <ele>21.167934</ele>
        <time>2024-03-06T20:23:20.341Z</time>
      </trkpt>
      <trkpt lat="50.850997" lon="2.875664">
        <ele>21.146333</ele>
        <time>2024-03-06T20:23:23.411Z</time>
      </trkpt>
      <trkpt lat="50.850967" lon="2.875525">
        <ele>21.137275</ele>
        <time>2024-03-06T20:23:24.709Z</time>
      </trkpt>
      <trkpt lat="50.850948" lon="2.875379">
        <ele>21.128083</ele>
        <time>2024-03-06T20:23:26.072Z</time>
      </trkpt>
      <trkpt lat="50.850868" lon="2.875315">
        <ele>21.119330</ele>
        <time>2024-03-06T20:23:27.260Z</time>
      </trkpt>
      <trkpt lat="50.850851" lon="2.875258">
        <ele>21.115442</ele>
        <time>2024-03-06T20:23:27.814Z</time>
      </trkpt>
      <trkpt lat="50.850540" lon="2.874277">
        <ele>20.978092</ele>
        <time>2024-03-06T20:23:37.080Z</time>
      </trkpt>
      <trkpt lat="50.850497" lon="2.874025">
        <ele>20.923701</ele>
        <time>2024-03-06T20:23:39.164Z</time>
      </trkpt>
      <trkpt lat="50.850468" lon="2.873784">
        <ele>20.872582</ele>
        <time>2024-03-06T20:23:41.236Z</time>
      </trkpt>
      <trkpt lat="50.850382" lon="2.873507">
        <ele>20.808264</ele>
        <time>2024-03-06T20:23:43.740Z</time>
      </trkpt>
      <trkpt lat="50.850134" lon="2.873974">
        <ele>20.681114</ele>
        <time>2024-03-06T20:23:50.974Z</time>
      </trkpt>
      <trkpt lat="50.849851" lon="2.874271">
        <ele>20.569074</ele>
        <time>2024-03-06T20:23:57.514Z</time>
      </trkpt>
      <trkpt lat="50.849731" lon="2.874291">
        <ele>20.529252</ele>
        <time>2024-03-06T20:24:00.011Z</time>
      </trkpt>
      <trkpt lat="50.849568" lon="2.874220">
        <ele>20.484572</ele>
        <time>2024-03-06T20:24:03.491Z</time>
      </trkpt>
      <trkpt lat="50.849428" lon="2.874137">
        <ele>20.490215</ele>
        <time>2024-03-06T20:24:06.705Z</time>
      </trkpt>
      <trkpt lat="50.849285" lon="2.874147">
        <ele>20.495618</ele>
        <time>2024-03-06T20:24:09.788Z</time>
      </trkpt>
      <trkpt lat="50.847932" lon="2.874682">
        <ele>20.548257</ele>
        <time>2024-03-06T20:24:38.228Z</time>
      </trkpt>
      <trkpt lat="50.847268" lon="2.874980">
        <ele>20.519326</ele>
        <time>2024-03-06T20:24:52.105Z</time>
      </trkpt>
      <trkpt lat="50.846533" lon="2.875295">
        <ele>20.479309</ele>
        <time>2024-03-06T20:25:07.411Z</time>
      </trkpt>
      <trkpt lat="50.846367" lon="2.875424">
        <ele>20.469591</ele>
        <time>2024-03-06T20:25:11.086Z</time>
      </trkpt>
      <trkpt lat="50.846345" lon="2.875452">
        <ele>20.468108</ele>
        <time>2024-03-06T20:25:11.655Z</time>
      </trkpt>
      <trkpt lat="50.846283" lon="2.875502">
        <ele>20.464451</ele>
        <time>2024-03-06T20:25:13.041Z</time>
      </trkpt>
      <trkpt lat="50.845604" lon="2.875730">
        <ele>20.357747</ele>
        <time>2024-03-06T20:25:26.695Z</time>
      </trkpt>
      <trkpt lat="50.844849" lon="2.876027">
        <ele>20.217252</ele>
        <time>2024-03-06T20:25:42.109Z</time>
      </trkpt>
      <trkpt lat="50.844782" lon="2.876148">
        <ele>20.198900</ele>
        <time>2024-03-06T20:25:44.030Z</time>
      </trkpt>
      <trkpt lat="50.842789" lon="2.876940">
        <ele>19.559182</ele>
        <time>2024-03-06T20:26:22.751Z</time>
      </trkpt>
      <trkpt lat="50.842701" lon="2.876604">
        <ele>19.539009</ele>
        <time>2024-03-06T20:26:26.061Z</time>
      </trkpt>
      <trkpt lat="50.842196" lon="2.876823">
        <ele>19.624284</ele>
        <time>2024-03-06T20:26:33.743Z</time>
      </trkpt>
      <trkpt lat="50.841684" lon="2.877039">
        <ele>19.710580</ele>
        <time>2024-03-06T20:26:41.982Z</time>
      </trkpt>
      <trkpt lat="50.841665" lon="2.877047">
        <ele>19.713782</ele>
        <time>2024-03-06T20:26:42.281Z</time>
      </trkpt>
      <trkpt lat="50.841640" lon="2.876867">
        <ele>19.732736</ele>
        <time>2024-03-06T20:26:44.758Z</time>
      </trkpt>
      <trkpt lat="50.841537" lon="2.876415">
        <ele>19.782156</ele>
        <time>2024-03-06T20:26:51.424Z</time>
      </trkpt>
      <trkpt lat="50.841236" lon="2.875644">
        <ele>20.009940</ele>
        <time>2024-03-06T20:27:04.179Z</time>
      </trkpt>
      <trkpt lat="50.841104" lon="2.875350">
        <ele>20.127305</ele>
        <time>2024-03-06T20:27:09.268Z</time>
      </trkpt>
      <trkpt lat="50.840733" lon="2.874508">
        <ele>20.461345</ele>
        <time>2024-03-06T20:27:23.658Z</time>
      </trkpt>
      <trkpt lat="50.840642" lon="2.874436">
        <ele>20.513757</ele>
        <time>2024-03-06T20:27:25.943Z</time>
      </trkpt>
      <trkpt lat="50.840390" lon="2.873959">
        <ele>20.716099</ele>
        <time>2024-03-06T20:27:34.756Z</time>
      </trkpt>
      <trkpt lat="50.840105" lon="2.873388">
        <ele>20.990204</ele>
        <time>2024-03-06T20:27:45.113Z</time>
      </trkpt>
      <trkpt lat="50.840572" lon="2.872794">
        <ele>21.352862</ele>
        <time>2024-03-06T20:27:58.743Z</time>
      </trkpt>
      <trkpt lat="50.840170" lon="2.872486">
        <ele>21.623243</ele>
        <time>2024-03-06T20:28:06.372Z</time>
      </trkpt>
      <trkpt lat="50.839159" lon="2.871490">
        <ele>22.467268</ele>
        <time>2024-03-06T20:28:27.199Z</time>
      </trkpt>
      <trkpt lat="50.838682" lon="2.870793">
        <ele>22.954139</ele>
        <time>2024-03-06T20:28:38.775Z</time>
      </trkpt>
      <trkpt lat="50.837769" lon="2.869225">
        <ele>24.090182</ele>
        <time>2024-03-06T20:29:03.776Z</time>
      </trkpt>
      <trkpt lat="50.837658" lon="2.869103">
        <ele>24.207740</ele>
        <time>2024-03-06T20:29:06.240Z</time>
      </trkpt>
      <trkpt lat="50.836893" lon="2.868985">
        <ele>24.863003</ele>
        <time>2024-03-06T20:29:20.076Z</time>
      </trkpt>
      <trkpt lat="50.836205" lon="2.869529">
        <ele>25.464562</ele>
        <time>2024-03-06T20:29:33.925Z</time>
      </trkpt>
      <trkpt lat="50.836064" lon="2.869598">
        <ele>25.580007</ele>
        <time>2024-03-06T20:29:36.721Z</time>
      </trkpt>
      <trkpt lat="50.835159" lon="2.869610">
        <ele>26.270687</ele>
        <time>2024-03-06T20:29:52.710Z</time>
      </trkpt>
      <trkpt lat="50.834571" lon="2.869655">
        <ele>26.673514</ele>
        <time>2024-03-06T20:30:03.086Z</time>
      </trkpt>
      <trkpt lat="50.834392" lon="2.869584">
        <ele>26.799785</ele>
        <time>2024-03-06T20:30:06.233Z</time>
      </trkpt>
      <trkpt lat="50.834334" lon="2.869488">
        <ele>26.857199</ele>
        <time>2024-03-06T20:30:07.767Z</time>
      </trkpt>
      <trkpt lat="50.833777" lon="2.868119">
        <ele>27.497293</ele>
        <time>2024-03-06T20:30:25.962Z</time>
      </trkpt>
      <trkpt lat="50.833713" lon="2.868044">
        <ele>27.532525</ele>
        <time>2024-03-06T20:30:27.327Z</time>
      </trkpt>
      <trkpt lat="50.833634" lon="2.868025">
        <ele>27.567882</ele>
        <time>2024-03-06T20:30:28.630Z</time>
      </trkpt>
      <trkpt lat="50.833535" lon="2.868073">
        <ele>27.613696</ele>
        <time>2024-03-06T20:30:30.213Z</time>
      </trkpt>
      <trkpt lat="50.832871" lon="2.868718">
        <ele>27.958391</ele>
        <time>2024-03-06T20:30:42.646Z</time>
      </trkpt>
      <trkpt lat="50.832819" lon="2.868733">
        <ele>27.981778</ele>
        <time>2024-03-06T20:30:43.551Z</time>
      </trkpt>
      <trkpt lat="50.832769" lon="2.868711">
        <ele>28.004741</ele>
        <time>2024-03-06T20:30:44.436Z</time>
      </trkpt>
      <trkpt lat="50.832149" lon="2.867666">
        <ele>28.451299</ele>
        <time>2024-03-06T20:30:59.778Z</time>
      </trkpt>
      <trkpt lat="50.832068" lon="2.867566">
        <ele>28.505859</ele>
        <time>2024-03-06T20:31:01.539Z</time>
      </trkpt>
      <trkpt lat="50.831888" lon="2.867476">
        <ele>28.606127</ele>
        <time>2024-03-06T20:31:04.667Z</time>
      </trkpt>
      <trkpt lat="50.831418" lon="2.867463">
        <ele>28.855822</ele>
        <time>2024-03-06T20:31:12.388Z</time>
      </trkpt>
      <trkpt lat="50.831268" lon="2.867395">
        <ele>28.938701</ele>
        <time>2024-03-06T20:31:14.978Z</time>
      </trkpt>
      <trkpt lat="50.831146" lon="2.867285">
        <ele>29.013277</ele>
        <time>2024-03-06T20:31:17.335Z</time>
      </trkpt>
      <trkpt lat="50.830235" lon="2.866265">
        <ele>29.839243</ele>
        <time>2024-03-06T20:31:37.359Z</time>
      </trkpt>
      <trkpt lat="50.829932" lon="2.865875">
        <ele>30.148768</ele>
        <time>2024-03-06T20:31:44.412Z</time>
      </trkpt>
      <trkpt lat="50.829319" lon="2.865043">
        <ele>30.816077</ele>
        <time>2024-03-06T20:31:59.169Z</time>
      </trkpt>
      <trkpt lat="50.828445" lon="2.863779">
        <ele>31.865288</ele>
        <time>2024-03-06T20:32:21.053Z</time>
      </trkpt>
      <trkpt lat="50.828151" lon="2.863453">
        <ele>32.174596</ele>
        <time>2024-03-06T20:32:27.555Z</time>
      </trkpt>
      <trkpt lat="50.827078" lon="2.862384">
        <ele>32.983509</ele>
        <time>2024-03-06T20:32:50.384Z</time>
      </trkpt>
      <trkpt lat="50.825732" lon="2.861020">
        <ele>32.971397</ele>
        <time>2024-03-06T20:33:15.681Z</time>
      </trkpt>
      <trkpt lat="50.824008" lon="2.859298">
        <ele>31.191418</ele>
        <time>2024-03-06T20:33:40.032Z</time>
      </trkpt>
      <trkpt lat="50.822524" lon="2.858044">
        <ele>29.769365</ele>
        <time>2024-03-06T20:34:00.146Z</time>
      </trkpt>
      <trkpt lat="50.819678" lon="2.856440">
        <ele>30.215699</ele>
        <time>2024-03-06T20:34:47.133Z</time>
      </trkpt>
      <trkpt lat="50.819340" lon="2.856082">
        <ele>30.548083</ele>
        <time>2024-03-06T20:34:54.844Z</time>
      </trkpt>
      <trkpt lat="50.819178" lon="2.855953">
        <ele>30.696294</ele>
        <time>2024-03-06T20:34:58.371Z</time>
      </trkpt>
      <trkpt lat="50.818087" lon="2.855479">
        <ele>31.862513</ele>
        <time>2024-03-06T20:35:21.157Z</time>
      </trkpt>
      <trkpt lat="50.817882" lon="2.855400">
        <ele>32.124257</ele>
        <time>2024-03-06T20:35:25.664Z</time>
      </trkpt>
      <trkpt lat="50.817357" lon="2.855463">
        <ele>32.777420</ele>
        <time>2024-03-06T20:35:36.478Z</time>
      </trkpt>
      <trkpt lat="50.816557" lon="2.855805">
        <ele>33.527416</ele>
        <time>2024-03-06T20:35:51.949Z</time>
      </trkpt>
      <trkpt lat="50.815403" lon="2.856018">
        <ele>34.013805</ele>
        <time>2024-03-06T20:36:16.583Z</time>
      </trkpt>
      <trkpt lat="50.815208" lon="2.856018">
        <ele>34.095441</ele>
        <time>2024-03-06T20:36:20.502Z</time>
      </trkpt>
      <trkpt lat="50.814326" lon="2.855828">
        <ele>34.580391</ele>
        <time>2024-03-06T20:36:39.292Z</time>
      </trkpt>
      <trkpt lat="50.813668" lon="2.855756">
        <ele>34.950687</ele>
        <time>2024-03-06T20:36:54.786Z</time>
      </trkpt>
      <trkpt lat="50.813520" lon="2.855705">
        <ele>35.035724</ele>
        <time>2024-03-06T20:36:58.384Z</time>
      </trkpt>
      <trkpt lat="50.813385" lon="2.855625">
        <ele>35.116654</ele>
        <time>2024-03-06T20:37:01.820Z</time>
      </trkpt>
      <trkpt lat="50.813245" lon="2.855493">
        <ele>35.256438</ele>
        <time>2024-03-06T20:37:05.728Z</time>
      </trkpt>
      <trkpt lat="50.812699" lon="2.854883">
        <ele>35.935946</ele>
        <time>2024-03-06T20:37:21.872Z</time>
      </trkpt>
      <trkpt lat="50.811233" lon="2.853826">
        <ele>37.592595</ele>
        <time>2024-03-06T20:38:01.468Z</time>
      </trkpt>
      <trkpt lat="50.811032" lon="2.853687">
        <ele>37.822623</ele>
        <time>2024-03-06T20:38:06.709Z</time>
      </trkpt>
      <trkpt lat="50.809743" lon="2.853246">
        <ele>39.159511</ele>
        <time>2024-03-06T20:38:38.957Z</time>
      </trkpt>
      <trkpt lat="50.809485" lon="2.853114">
        <ele>39.405558</ele>
        <time>2024-03-06T20:38:45.596Z</time>
      </trkpt>
      <trkpt lat="50.809376" lon="2.853018">
        <ele>39.518753</ele>
        <time>2024-03-06T20:38:48.682Z</time>
      </trkpt>
      <trkpt lat="50.809068" lon="2.852699">
        <ele>39.852776</ele>
        <time>2024-03-06T20:38:57.547Z</time>
      </trkpt>
      <trkpt lat="50.808097" lon="2.851357">
        <ele>40.978526</ele>
        <time>2024-03-06T20:39:26.962Z</time>
      </trkpt>
      <trkpt lat="50.807364" lon="2.850530">
        <ele>41.727071</ele>
        <time>2024-03-06T20:39:48.104Z</time>
      </trkpt>
      <trkpt lat="50.807088" lon="2.850145">
        <ele>42.027668</ele>
        <time>2024-03-06T20:39:57.389Z</time>
      </trkpt>
      <trkpt lat="50.806713" lon="2.849705">
        <ele>42.366289</ele>
        <time>2024-03-06T20:40:08.990Z</time>
      </trkpt>
      <trkpt lat="50.806104" lon="2.849177">
        <ele>42.869983</ele>
        <time>2024-03-06T20:40:24.978Z</time>
      </trkpt>
      <trkpt lat="50.805787" lon="2.848715">
        <ele>43.182582</ele>
        <time>2024-03-06T20:40:34.375Z</time>
      </trkpt>
      <trkpt lat="50.804848" lon="2.847329">
        <ele>43.824678</ele>
        <time>2024-03-06T20:41:02.671Z</time>
      </trkpt>
      <trkpt lat="50.804128" lon="2.846618">
        <ele>44.224719</ele>
        <time>2024-03-06T20:41:21.310Z</time>
      </trkpt>
      <trkpt lat="50.803626" lon="2.845987">
        <ele>44.532989</ele>
        <time>2024-03-06T20:41:35.939Z</time>
      </trkpt>
      <trkpt lat="50.803707" lon="2.845736">
        <ele>44.618630</ele>
        <time>2024-03-06T20:41:40.068Z</time>
      </trkpt>
      <trkpt lat="50.803134" lon="2.845195">
        <ele>44.939468</ele>
        <time>2024-03-06T20:41:55.068Z</time>
      </trkpt>
      <trkpt lat="50.802824" lon="2.844894">
        <ele>44.834023</ele>
        <time>2024-03-06T20:42:02.689Z</time>
      </trkpt>
      <trkpt lat="50.802621" lon="2.844621">
        <ele>44.636755</ele>
        <time>2024-03-06T20:42:07.781Z</time>
      </trkpt>
      <trkpt lat="50.802070" lon="2.843658">
        <ele>44.028856</ele>
        <time>2024-03-06T20:42:22.189Z</time>
      </trkpt>
      <trkpt lat="50.801873" lon="2.843264">
        <ele>43.793753</ele>
        <time>2024-03-06T20:42:27.536Z</time>
      </trkpt>
      <trkpt lat="50.800767" lon="2.840704">
        <ele>40.930460</ele>
        <time>2024-03-06T20:42:59.631Z</time>
      </trkpt>
      <trkpt lat="50.800033" lon="2.839114">
        <ele>39.416099</ele>
        <time>2024-03-06T20:43:20.221Z</time>
      </trkpt>
      <trkpt lat="50.799903" lon="2.838788">
        <ele>39.119812</ele>
        <time>2024-03-06T20:43:24.475Z</time>
      </trkpt>
      <trkpt lat="50.799818" lon="2.838499">
        <ele>38.874797</ele>
        <time>2024-03-06T20:43:28.107Z</time>
      </trkpt>
      <trkpt lat="50.799494" lon="2.837227">
        <ele>38.021619</ele>
        <time>2024-03-06T20:43:43.810Z</time>
      </trkpt>
      <trkpt lat="50.799148" lon="2.836015">
        <ele>37.223213</ele>
        <time>2024-03-06T20:43:58.488Z</time>
      </trkpt>
      <trkpt lat="50.798389" lon="2.836753">
        <ele>35.928089</ele>
        <time>2024-03-06T20:44:13.234Z</time>
      </trkpt>
      <trkpt lat="50.797622" lon="2.837557">
        <ele>34.453325</ele>
        <time>2024-03-06T20:44:27.932Z</time>
      </trkpt>
      <trkpt lat="50.797421" lon="2.837706">
        <ele>34.117488</ele>
        <time>2024-03-06T20:44:31.489Z</time>
      </trkpt>
      <trkpt lat="50.797224" lon="2.837732">
        <ele>33.928513</ele>
        <time>2024-03-06T20:44:34.695Z</time>
      </trkpt>
      <trkpt lat="50.797097" lon="2.837712">
        <ele>33.806508</ele>
        <time>2024-03-06T20:44:36.793Z</time>
      </trkpt>
      <trkpt lat="50.796937" lon="2.837563">
        <ele>33.629028</ele>
        <time>2024-03-06T20:44:39.874Z</time>
      </trkpt>
      <trkpt lat="50.795153" lon="2.835322">
        <ele>32.277488</ele>
        <time>2024-03-06T20:45:21.228Z</time>
      </trkpt>
      <trkpt lat="50.794925" lon="2.835076">
        <ele>32.236926</ele>
        <time>2024-03-06T20:45:26.866Z</time>
      </trkpt>
      <trkpt lat="50.794673" lon="2.834876">
        <ele>32.195489</ele>
        <time>2024-03-06T20:45:32.796Z</time>
      </trkpt>
      <trkpt lat="50.790540" lon="2.832315">
        <ele>36.874534</ele>
        <time>2024-03-06T20:47:20.901Z</time>
      </trkpt>
      <trkpt lat="50.789183" lon="2.831261">
        <ele>39.912579</ele>
        <time>2024-03-06T20:48:04.101Z</time>
      </trkpt>
      <trkpt lat="50.788884" lon="2.830937">
        <ele>40.955884</ele>
        <time>2024-03-06T20:48:15.345Z</time>
      </trkpt>
      <trkpt lat="50.788647" lon="2.830594">
        <ele>41.880589</ele>
        <time>2024-03-06T20:48:25.491Z</time>
      </trkpt>
      <trkpt lat="50.788420" lon="2.830274">
        <ele>42.755879</ele>
        <time>2024-03-06T20:48:33.666Z</time>
      </trkpt>
      <trkpt lat="50.788063" lon="2.829858">
        <ele>44.032303</ele>
        <time>2024-03-06T20:48:45.972Z</time>
      </trkpt>
      <trkpt lat="50.787089" lon="2.829086">
        <ele>47.762383</ele>
        <time>2024-03-06T20:49:19.505Z</time>
      </trkpt>
      <trkpt lat="50.786803" lon="2.828874">
        <ele>48.849100</ele>
        <time>2024-03-06T20:49:28.334Z</time>
      </trkpt>
      <trkpt lat="50.786431" lon="2.828599">
        <ele>50.261904</ele>
        <time>2024-03-06T20:49:39.679Z</time>
      </trkpt>
      <trkpt lat="50.784609" lon="2.827246">
        <ele>54.800459</ele>
        <time>2024-03-06T20:50:26.932Z</time>
      </trkpt>
      <trkpt lat="50.784059" lon="2.826820">
        <ele>55.995173</ele>
        <time>2024-03-06T20:50:40.468Z</time>
      </trkpt>
      <trkpt lat="50.783732" lon="2.827628">
        <ele>57.178462</ele>
        <time>2024-03-06T20:50:54.175Z</time>
      </trkpt>
      <trkpt lat="50.783420" lon="2.827217">
        <ele>57.976014</ele>
        <time>2024-03-06T20:51:12.592Z</time>
      </trkpt>
      <trkpt lat="50.783183" lon="2.826697">
        <ele>58.853822</ele>
        <time>2024-03-06T20:51:30.580Z</time>
      </trkpt>
      <trkpt lat="50.783168" lon="2.826586">
        <ele>59.009257</ele>
        <time>2024-03-06T20:51:33.916Z</time>
      </trkpt>
      <trkpt lat="50.783230" lon="2.825977">
        <ele>59.853955</ele>
        <time>2024-03-06T20:51:50.883Z</time>
      </trkpt>
      <trkpt lat="50.783222" lon="2.825872">
        <ele>59.998781</ele>
        <time>2024-03-06T20:51:53.795Z</time>
      </trkpt>
      <trkpt lat="50.783336" lon="2.825752">
        <ele>60.295374</ele>
        <time>2024-03-06T20:52:00.038Z</time>
      </trkpt>
      <trkpt lat="50.783367" lon="2.825662">
        <ele>60.435721</ele>
        <time>2024-03-06T20:52:01.677Z</time>
      </trkpt>
      <trkpt lat="50.783370" lon="2.825523">
        <ele>60.626175</ele>
        <time>2024-03-06T20:52:04.012Z</time>
      </trkpt>
      <trkpt lat="50.783312" lon="2.824370">
        <ele>62.477098</ele>
        <time>2024-03-06T20:52:22.376Z</time>
      </trkpt>
      <trkpt lat="50.783280" lon="2.824113">
        <ele>63.079457</ele>
        <time>2024-03-06T20:52:26.427Z</time>
      </trkpt>
      <trkpt lat="50.783270" lon="2.824079">
        <ele>63.165690</ele>
        <time>2024-03-06T20:52:27.042Z</time>
      </trkpt>
      <trkpt lat="50.783088" lon="2.823469">
        <ele>64.716819</ele>
        <time>2024-03-06T20:52:38.256Z</time>
      </trkpt>
      <trkpt lat="50.783065" lon="2.823320">
        <ele>65.069531</ele>
        <time>2024-03-06T20:52:40.877Z</time>
      </trkpt>
      <trkpt lat="50.783088" lon="2.821918">
        <ele>68.294722</ele>
        <time>2024-03-06T20:53:08.471Z</time>
      </trkpt>
      <trkpt lat="50.783065" lon="2.821730">
        <ele>68.987661</ele>
        <time>2024-03-06T20:53:12.827Z</time>
      </trkpt>
      <trkpt lat="50.782843" lon="2.820750">
        <ele>72.989433</ele>
        <time>2024-03-06T20:53:38.672Z</time>
      </trkpt>
      <trkpt lat="50.782805" lon="2.820300">
        <ele>74.734667</ele>
        <time>2024-03-06T20:53:50.908Z</time>
      </trkpt>
      <trkpt lat="50.782818" lon="2.819683">
        <ele>77.107832</ele>
        <time>2024-03-06T20:54:07.521Z</time>
      </trkpt>
      <trkpt lat="50.782709" lon="2.818948">
        <ele>79.937970</ele>
        <time>2024-03-06T20:54:26.593Z</time>
      </trkpt>
      <trkpt lat="50.782630" lon="2.818614">
        <ele>81.170808</ele>
        <time>2024-03-06T20:54:35.094Z</time>
      </trkpt>
      <trkpt lat="50.782334" lon="2.817618">
        <ele>84.975545</ele>
        <time>2024-03-06T20:55:00.542Z</time>
      </trkpt>
      <trkpt lat="50.782301" lon="2.817428">
        <ele>85.656739</ele>
        <time>2024-03-06T20:55:04.992Z</time>
      </trkpt>
      <trkpt lat="50.782298" lon="2.817415">
        <ele>85.704583</ele>
        <time>2024-03-06T20:55:05.305Z</time>
      </trkpt>
      <trkpt lat="50.782294" lon="2.817198">
        <ele>86.455107</ele>
        <time>2024-03-06T20:55:10.561Z</time>
      </trkpt>
      <trkpt lat="50.782330" lon="2.816917">
        <ele>87.446314</ele>
        <time>2024-03-06T20:55:17.086Z</time>
      </trkpt>
      <trkpt lat="50.782385" lon="2.816407">
        <ele>89.199344</ele>
        <time>2024-03-06T20:55:29.026Z</time>
      </trkpt>
      <trkpt lat="50.782445" lon="2.815393">
        <ele>91.531317</ele>
        <time>2024-03-06T20:55:49.321Z</time>
      </trkpt>
      <trkpt lat="50.782444" lon="2.814917">
        <ele>92.621253</ele>
        <time>2024-03-06T20:55:58.667Z</time>
      </trkpt>
      <trkpt lat="50.782336" lon="2.813829">
        <ele>95.143041</ele>
        <time>2024-03-06T20:56:17.799Z</time>
      </trkpt>
      <trkpt lat="50.782364" lon="2.813291">
        <ele>95.317471</ele>
        <time>2024-03-06T20:56:26.371Z</time>
      </trkpt>
      <trkpt lat="50.782342" lon="2.812913">
        <ele>94.932453</ele>
        <time>2024-03-06T20:56:32.078Z</time>
      </trkpt>
      <trkpt lat="50.782204" lon="2.812268">
        <ele>94.241801</ele>
        <time>2024-03-06T20:56:37.524Z</time>
      </trkpt>
      <trkpt lat="50.782149" lon="2.811351">
        <ele>93.307528</ele>
        <time>2024-03-06T20:56:43.509Z</time>
      </trkpt>
      <trkpt lat="50.782234" lon="2.809610">
        <ele>88.105893</ele>
        <time>2024-03-06T20:56:53.702Z</time>
      </trkpt>
      <trkpt lat="50.782249" lon="2.809375">
        <ele>87.193567</ele>
        <time>2024-03-06T20:56:55.032Z</time>
      </trkpt>
      <trkpt lat="50.782265" lon="2.807800">
        <ele>81.245131</ele>
        <time>2024-03-06T20:57:04.040Z</time>
      </trkpt>
      <trkpt lat="50.782453" lon="2.807651">
        <ele>80.224814</ele>
        <time>2024-03-06T20:57:05.967Z</time>
      </trkpt>
      <trkpt lat="50.782980" lon="2.806977">
        <ele>76.936357</ele>
        <time>2024-03-06T20:57:12.377Z</time>
      </trkpt>
      <trkpt lat="50.784559" lon="2.804830">
        <ele>68.493676</ele>
        <time>2024-03-06T20:57:32.731Z</time>
      </trkpt>
      <trkpt lat="50.785195" lon="2.803892">
        <ele>65.877994</ele>
        <time>2024-03-06T20:57:41.764Z</time>
      </trkpt>
      <trkpt lat="50.785519" lon="2.803466">
        <ele>64.951264</ele>
        <time>2024-03-06T20:57:46.293Z</time>
      </trkpt>
      <trkpt lat="50.785690" lon="2.803300">
        <ele>64.509949</ele>
        <time>2024-03-06T20:57:48.483Z</time>
      </trkpt>
      <trkpt lat="50.785772" lon="2.803322">
        <ele>64.327009</ele>
        <time>2024-03-06T20:57:49.384Z</time>
      </trkpt>
      <trkpt lat="50.785811" lon="2.803375">
        <ele>64.213912</ele>
        <time>2024-03-06T20:57:49.948Z</time>
      </trkpt>
      <trkpt lat="50.786066" lon="2.803916">
        <ele>63.275520</ele>
        <time>2024-03-06T20:57:54.681Z</time>
      </trkpt>
      <trkpt lat="50.786193" lon="2.804113">
        <ele>62.884264</ele>
        <time>2024-03-06T20:57:56.676Z</time>
      </trkpt>
      <trkpt lat="50.786891" lon="2.804516">
        <ele>61.518425</ele>
        <time>2024-03-06T20:58:05.099Z</time>
      </trkpt>
      <trkpt lat="50.788173" lon="2.805383">
        <ele>59.031833</ele>
        <time>2024-03-06T20:58:20.627Z</time>
      </trkpt>
      <trkpt lat="50.789488" lon="2.805947">
        <ele>56.644470</ele>
        <time>2024-03-06T20:58:35.826Z</time>
      </trkpt>
      <trkpt lat="50.789823" lon="2.806004">
        <ele>56.120896</ele>
        <time>2024-03-06T20:58:39.730Z</time>
      </trkpt>
      <trkpt lat="50.790146" lon="2.805995">
        <ele>55.696270</ele>
        <time>2024-03-06T20:58:43.535Z</time>
      </trkpt>
      <trkpt lat="50.789863" lon="2.805090">
        <ele>54.857302</ele>
        <time>2024-03-06T20:58:51.151Z</time>
      </trkpt>
      <trkpt lat="50.789485" lon="2.804175">
        <ele>53.949786</ele>
        <time>2024-03-06T20:58:59.310Z</time>
      </trkpt>
      <trkpt lat="50.788896" lon="2.803055">
        <ele>52.848329</ele>
        <time>2024-03-06T20:59:09.898Z</time>
      </trkpt>
      <trkpt lat="50.788232" lon="2.801978">
        <ele>51.800157</ele>
        <time>2024-03-06T20:59:21.338Z</time>
      </trkpt>
      <trkpt lat="50.788225" lon="2.801872">
        <ele>51.795028</ele>
        <time>2024-03-06T20:59:22.279Z</time>
      </trkpt>
      <trkpt lat="50.788263" lon="2.801772">
        <ele>51.789414</ele>
        <time>2024-03-06T20:59:23.338Z</time>
      </trkpt>
      <trkpt lat="50.788619" lon="2.801377">
        <ele>51.756313</ele>
        <time>2024-03-06T20:59:29.650Z</time>
      </trkpt>
      <trkpt lat="50.788642" lon="2.801323">
        <ele>51.753179</ele>
        <time>2024-03-06T20:59:30.272Z</time>
      </trkpt>
      <trkpt lat="50.788660" lon="2.801284">
        <ele>51.750856</ele>
        <time>2024-03-06T20:59:30.723Z</time>
      </trkpt>
      <trkpt lat="50.788749" lon="2.800000">
        <ele>51.688696</ele>
        <time>2024-03-06T20:59:42.432Z</time>
      </trkpt>
      <trkpt lat="50.788741" lon="2.799818">
        <ele>51.679917</ele>
        <time>2024-03-06T20:59:44.070Z</time>
      </trkpt>
      <trkpt lat="50.788682" lon="2.799548">
        <ele>51.738416</ele>
        <time>2024-03-06T20:59:46.969Z</time>
      </trkpt>
      <trkpt lat="50.790052" lon="2.798617">
        <ele>54.238638</ele>
        <time>2024-03-06T21:00:17.466Z</time>
      </trkpt>
      <trkpt lat="50.791724" lon="2.796886">
        <ele>60.889202</ele>
        <time>2024-03-06T21:01:15.545Z</time>
      </trkpt>
      <trkpt lat="50.791577" lon="2.796582">
        <ele>61.851119</ele>
        <time>2024-03-06T21:01:25.094Z</time>
      </trkpt>
      <trkpt lat="50.792577" lon="2.795376">
        <ele>67.038962</ele>
        <time>2024-03-06T21:02:13.272Z</time>
      </trkpt>
      <trkpt lat="50.792750" lon="2.795011">
        <ele>68.228731</ele>
        <time>2024-03-06T21:02:23.218Z</time>
      </trkpt>
      <trkpt lat="50.792829" lon="2.794649">
        <ele>68.930513</ele>
        <time>2024-03-06T21:02:31.601Z</time>
      </trkpt>
      <trkpt lat="50.792889" lon="2.794148">
        <ele>69.678314</ele>
        <time>2024-03-06T21:02:42.232Z</time>
      </trkpt>
      <trkpt lat="50.793119" lon="2.791047">
        <ele>73.842571</ele>
        <time>2024-03-06T21:03:36.415Z</time>
      </trkpt>
      <trkpt lat="50.793082" lon="2.790624">
        <ele>74.299703</ele>
        <time>2024-03-06T21:03:43.308Z</time>
      </trkpt>
      <trkpt lat="50.793039" lon="2.790398">
        <ele>74.552356</ele>
        <time>2024-03-06T21:03:47.136Z</time>
      </trkpt>
      <trkpt lat="50.792438" lon="2.788436">
        <ele>77.529852</ele>
        <time>2024-03-06T21:04:24.685Z</time>
      </trkpt>
      <trkpt lat="50.792141" lon="2.787467">
        <ele>79.345992</ele>
        <time>2024-03-06T21:04:45.426Z</time>
      </trkpt>
      <trkpt lat="50.791735" lon="2.785679">
        <ele>84.548533</ele>
        <time>2024-03-06T21:05:28.629Z</time>
      </trkpt>
      <trkpt lat="50.791824" lon="2.785507">
        <ele>85.301051</ele>
        <time>2024-03-06T21:05:34.297Z</time>
      </trkpt>
      <trkpt lat="50.792047" lon="2.783812">
        <ele>91.223071</ele>
        <time>2024-03-06T21:06:25.738Z</time>
      </trkpt>
      <trkpt lat="50.792229" lon="2.783177">
        <ele>93.732041</ele>
        <time>2024-03-06T21:06:46.555Z</time>
      </trkpt>
      <trkpt lat="50.792360" lon="2.782860">
        <ele>95.094899</ele>
        <time>2024-03-06T21:06:55.792Z</time>
      </trkpt>
      <trkpt lat="50.792456" lon="2.782696">
        <ele>95.899223</ele>
        <time>2024-03-06T21:07:01.281Z</time>
      </trkpt>
      <trkpt lat="50.792509" lon="2.782606">
        <ele>96.341849</ele>
        <time>2024-03-06T21:07:03.681Z</time>
      </trkpt>
      <trkpt lat="50.792655" lon="2.782421">
        <ele>97.406722</ele>
        <time>2024-03-06T21:07:11.095Z</time>
      </trkpt>
      <trkpt lat="50.792730" lon="2.782395">
        <ele>97.843801</ele>
        <time>2024-03-06T21:07:14.098Z</time>
      </trkpt>
      <trkpt lat="50.792832" lon="2.782438">
        <ele>98.444714</ele>
        <time>2024-03-06T21:07:17.350Z</time>
      </trkpt>
      <trkpt lat="50.792933" lon="2.782566">
        <ele>99.181417</ele>
        <time>2024-03-06T21:07:22.575Z</time>
      </trkpt>
      <trkpt lat="50.793368" lon="2.783327">
        <ele>100.445745</ele>
        <time>2024-03-06T21:07:43.074Z</time>
      </trkpt>
      <trkpt lat="50.793459" lon="2.783462">
        <ele>100.447922</ele>
        <time>2024-03-06T21:07:47.098Z</time>
      </trkpt>
      <trkpt lat="50.793601" lon="2.783598">
        <ele>100.450818</ele>
        <time>2024-03-06T21:07:49.913Z</time>
      </trkpt>
      <trkpt lat="50.793682" lon="2.783634">
        <ele>100.452286</ele>
        <time>2024-03-06T21:07:51.395Z</time>
      </trkpt>
      <trkpt lat="50.793839" lon="2.783637">
        <ele>100.455026</ele>
        <time>2024-03-06T21:07:54.495Z</time>
      </trkpt>
      <trkpt lat="50.794317" lon="2.783358">
        <ele>100.463917</ele>
        <time>2024-03-06T21:07:59.693Z</time>
      </trkpt>
      <trkpt lat="50.794483" lon="2.783312">
        <ele>100.466857</ele>
        <time>2024-03-06T21:08:01.446Z</time>
      </trkpt>
      <trkpt lat="50.794563" lon="2.783323">
        <ele>100.468258</ele>
        <time>2024-03-06T21:08:02.265Z</time>
      </trkpt>
      <trkpt lat="50.794718" lon="2.783345">
        <ele>100.096894</ele>
        <time>2024-03-06T21:08:03.699Z</time>
      </trkpt>
      <trkpt lat="50.795080" lon="2.783278">
        <ele>98.284697</ele>
        <time>2024-03-06T21:08:07.245Z</time>
      </trkpt>
      <trkpt lat="50.795417" lon="2.783292">
        <ele>96.608502</ele>
        <time>2024-03-06T21:08:10.454Z</time>
      </trkpt>
      <trkpt lat="50.795513" lon="2.783182">
        <ele>96.019130</ele>
        <time>2024-03-06T21:08:11.644Z</time>
      </trkpt>
      <trkpt lat="50.795820" lon="2.782711">
        <ele>93.892799</ele>
        <time>2024-03-06T21:08:15.588Z</time>
      </trkpt>
      <trkpt lat="50.796108" lon="2.782061">
        <ele>91.414832</ele>
        <time>2024-03-06T21:08:20.123Z</time>
      </trkpt>
      <trkpt lat="50.796151" lon="2.782016">
        <ele>91.191962</ele>
        <time>2024-03-06T21:08:20.834Z</time>
      </trkpt>
      <trkpt lat="50.796074" lon="2.781853">
        <ele>90.635940</ele>
        <time>2024-03-06T21:08:22.580Z</time>
      </trkpt>
      <trkpt lat="50.796046" lon="2.781794">
        <ele>90.434346</ele>
        <time>2024-03-06T21:08:23.206Z</time>
      </trkpt>
      <trkpt lat="50.796445" lon="2.781237">
        <ele>88.134060</ele>
        <time>2024-03-06T21:08:28.354Z</time>
      </trkpt>
      <trkpt lat="50.796555" lon="2.781160">
        <ele>87.614080</ele>
        <time>2024-03-06T21:08:29.556Z</time>
      </trkpt>
      <trkpt lat="50.796793" lon="2.781084">
        <ele>86.564491</ele>
        <time>2024-03-06T21:08:31.985Z</time>
      </trkpt>
      <trkpt lat="50.797199" lon="2.780957">
        <ele>84.775435</ele>
        <time>2024-03-06T21:08:36.090Z</time>
      </trkpt>
      <trkpt lat="50.797493" lon="2.780860">
        <ele>83.454702</ele>
        <time>2024-03-06T21:08:39.037Z</time>
      </trkpt>
      <trkpt lat="50.798148" lon="2.780440">
        <ele>80.149024</ele>
        <time>2024-03-06T21:08:45.859Z</time>
      </trkpt>
      <trkpt lat="50.798764" lon="2.780060">
        <ele>77.056554</ele>
        <time>2024-03-06T21:08:52.115Z</time>
      </trkpt>
      <trkpt lat="50.799581" lon="2.779688">
        <ele>72.943828</ele>
        <time>2024-03-06T21:09:00.014Z</time>
      </trkpt>
      <trkpt lat="50.800497" lon="2.779418">
        <ele>68.322714</ele>
        <time>2024-03-06T21:09:08.788Z</time>
      </trkpt>
      <trkpt lat="50.801118" lon="2.779267">
        <ele>65.559760</ele>
        <time>2024-03-06T21:09:14.844Z</time>
      </trkpt>
      <trkpt lat="50.801285" lon="2.779267">
        <ele>64.972937</ele>
        <time>2024-03-06T21:09:16.453Z</time>
      </trkpt>
      <trkpt lat="50.801364" lon="2.779315">
        <ele>64.675574</ele>
        <time>2024-03-06T21:09:17.287Z</time>
      </trkpt>
      <trkpt lat="50.801509" lon="2.779492">
        <ele>64.032049</ele>
        <time>2024-03-06T21:09:19.075Z</time>
      </trkpt>
      <trkpt lat="50.801901" lon="2.780094">
        <ele>62.112477</ele>
        <time>2024-03-06T21:09:24.486Z</time>
      </trkpt>
      <trkpt lat="50.802121" lon="2.780226">
        <ele>61.285703</ele>
        <time>2024-03-06T21:09:26.905Z</time>
      </trkpt>
      <trkpt lat="50.802969" lon="2.780098">
        <ele>59.132507</ele>
        <time>2024-03-06T21:09:36.048Z</time>
      </trkpt>
      <trkpt lat="50.803147" lon="2.779955">
        <ele>58.757466</ele>
        <time>2024-03-06T21:09:38.221Z</time>
      </trkpt>
      <trkpt lat="50.803481" lon="2.779484">
        <ele>57.916951</ele>
        <time>2024-03-06T21:09:43.196Z</time>
      </trkpt>
      <trkpt lat="50.803564" lon="2.779409">
        <ele>57.737384</ele>
        <time>2024-03-06T21:09:44.287Z</time>
      </trkpt>
      <trkpt lat="50.803620" lon="2.779403">
        <ele>57.631936</ele>
        <time>2024-03-06T21:09:44.934Z</time>
      </trkpt>
      <trkpt lat="50.803665" lon="2.779462">
        <ele>57.522144</ele>
        <time>2024-03-06T21:09:45.616Z</time>
      </trkpt>
      <trkpt lat="50.804054" lon="2.780450">
        <ele>56.172299</ele>
        <time>2024-03-06T21:09:54.287Z</time>
      </trkpt>
      <trkpt lat="50.804181" lon="2.780640">
        <ele>55.862237</ele>
        <time>2024-03-06T21:09:56.334Z</time>
      </trkpt>
      <trkpt lat="50.804351" lon="2.780759">
        <ele>55.532456</ele>
        <time>2024-03-06T21:09:58.537Z</time>
      </trkpt>
      <trkpt lat="50.804964" lon="2.781036">
        <ele>54.401493</ele>
        <time>2024-03-06T21:10:05.552Z</time>
      </trkpt>
      <trkpt lat="50.805038" lon="2.781186">
        <ele>54.188150</ele>
        <time>2024-03-06T21:10:06.933Z</time>
      </trkpt>
      <trkpt lat="50.805845" lon="2.782867">
        <ele>51.216584</ele>
        <time>2024-03-06T21:10:21.315Z</time>
      </trkpt>
      <trkpt lat="50.806206" lon="2.782657">
        <ele>50.292379</ele>
        <time>2024-03-06T21:10:27.192Z</time>
      </trkpt>
      <trkpt lat="50.806730" lon="2.782353">
        <ele>48.885719</ele>
        <time>2024-03-06T21:10:35.611Z</time>
      </trkpt>
      <trkpt lat="50.807936" lon="2.781802">
        <ele>45.092086</ele>
        <time>2024-03-06T21:10:54.065Z</time>
      </trkpt>
      <trkpt lat="50.808151" lon="2.781485">
        <ele>44.203990</ele>
        <time>2024-03-06T21:10:58.291Z</time>
      </trkpt>
      <trkpt lat="50.808824" lon="2.780271">
        <ele>41.609988</ele>
        <time>2024-03-06T21:11:13.189Z</time>
      </trkpt>
      <trkpt lat="50.809374" lon="2.779499">
        <ele>39.799109</ele>
        <time>2024-03-06T21:11:24.594Z</time>
      </trkpt>
      <trkpt lat="50.809647" lon="2.779207">
        <ele>39.328759</ele>
        <time>2024-03-06T21:11:30.074Z</time>
      </trkpt>
      <trkpt lat="50.809731" lon="2.779164">
        <ele>39.322111</ele>
        <time>2024-03-06T21:11:31.629Z</time>
      </trkpt>
      <trkpt lat="50.809958" lon="2.779153">
        <ele>39.305008</ele>
        <time>2024-03-06T21:11:35.675Z</time>
      </trkpt>
      <trkpt lat="50.810093" lon="2.779100">
        <ele>39.294533</ele>
        <time>2024-03-06T21:11:38.283Z</time>
      </trkpt>
      <trkpt lat="50.810251" lon="2.778927">
        <ele>39.280064</ele>
        <time>2024-03-06T21:11:42.022Z</time>
      </trkpt>
      <trkpt lat="50.810460" lon="2.778485">
        <ele>39.253795</ele>
        <time>2024-03-06T21:11:49.243Z</time>
      </trkpt>
      <trkpt lat="50.808851" lon="2.776920">
        <ele>40.586809</ele>
        <time>2024-03-06T21:12:34.380Z</time>
      </trkpt>
      <trkpt lat="50.808457" lon="2.776492">
        <ele>41.124773</ele>
        <time>2024-03-06T21:12:46.821Z</time>
      </trkpt>
      <trkpt lat="50.807998" lon="2.776128">
        <ele>41.980975</ele>
        <time>2024-03-06T21:13:00.581Z</time>
      </trkpt>
      <trkpt lat="50.807408" lon="2.775376">
        <ele>43.334491</ele>
        <time>2024-03-06T21:13:21.407Z</time>
      </trkpt>
      <trkpt lat="50.807403" lon="2.775366">
        <ele>43.348888</ele>
        <time>2024-03-06T21:13:21.624Z</time>
      </trkpt>
      <trkpt lat="50.807080" lon="2.774665">
        <ele>44.328389</ele>
        <time>2024-03-06T21:13:36.961Z</time>
      </trkpt>
      <trkpt lat="50.806692" lon="2.774076">
        <ele>45.336854</ele>
        <time>2024-03-06T21:13:52.157Z</time>
      </trkpt>
      <trkpt lat="50.806034" lon="2.772835">
        <ele>47.269235</ele>
        <time>2024-03-06T21:14:20.861Z</time>
      </trkpt>
      <trkpt lat="50.805552" lon="2.771854">
        <ele>48.363320</ele>
        <time>2024-03-06T21:14:41.841Z</time>
      </trkpt>
      <trkpt lat="50.805317" lon="2.771159">
        <ele>48.904257</ele>
        <time>2024-03-06T21:14:54.109Z</time>
      </trkpt>
      <trkpt lat="50.805309" lon="2.771008">
        <ele>49.008248</ele>
        <time>2024-03-06T21:14:56.340Z</time>
      </trkpt>
      <trkpt lat="50.805388" lon="2.770489">
        <ele>49.374608</ele>
        <time>2024-03-06T21:15:04.279Z</time>
      </trkpt>
      <trkpt lat="50.806101" lon="2.770783">
        <ele>50.060474</ele>
        <time>2024-03-06T21:15:17.091Z</time>
      </trkpt>
      <trkpt lat="50.806694" lon="2.770986">
        <ele>50.523306</ele>
        <time>2024-03-06T21:15:27.366Z</time>
      </trkpt>
      <trkpt lat="50.807032" lon="2.771001">
        <ele>50.781250</ele>
        <time>2024-03-06T21:15:33.044Z</time>
      </trkpt>
      <trkpt lat="50.809745" lon="2.770426">
        <ele>53.320240</ele>
        <time>2024-03-06T21:16:27.112Z</time>
      </trkpt>
      <trkpt lat="50.809975" lon="2.770328">
        <ele>53.327592</ele>
        <time>2024-03-06T21:16:31.217Z</time>
      </trkpt>
      <trkpt lat="50.810144" lon="2.770051">
        <ele>53.335102</ele>
        <time>2024-03-06T21:16:35.188Z</time>
      </trkpt>
      <trkpt lat="50.810354" lon="2.769568">
        <ele>53.346537</ele>
        <time>2024-03-06T21:16:40.608Z</time>
      </trkpt>
      <trkpt lat="50.810152" lon="2.769340">
        <ele>53.354196</ele>
        <time>2024-03-06T21:16:45.139Z</time>
      </trkpt>
      <trkpt lat="50.809933" lon="2.769018">
        <ele>53.258540</ele>
        <time>2024-03-06T21:16:50.222Z</time>
      </trkpt>
      <trkpt lat="50.809387" lon="2.768010">
        <ele>51.018122</ele>
        <time>2024-03-06T21:17:03.231Z</time>
      </trkpt>
      <trkpt lat="50.809333" lon="2.767719">
        <ele>50.506320</ele>
        <time>2024-03-06T21:17:06.062Z</time>
      </trkpt>
      <trkpt lat="50.809235" lon="2.766625">
        <ele>48.641722</ele>
        <time>2024-03-06T21:17:16.086Z</time>
      </trkpt>
      <trkpt lat="50.809146" lon="2.766078">
        <ele>47.435640</ele>
        <time>2024-03-06T21:17:21.109Z</time>
      </trkpt>
      <trkpt lat="50.809092" lon="2.765865">
        <ele>46.935813</ele>
        <time>2024-03-06T21:17:23.146Z</time>
      </trkpt>
      <trkpt lat="50.808713" lon="2.765007">
        <ele>44.655911</ele>
        <time>2024-03-06T21:17:32.520Z</time>
      </trkpt>
      <trkpt lat="50.808490" lon="2.763889">
        <ele>42.199215</ele>
        <time>2024-03-06T21:17:43.388Z</time>
      </trkpt>
      <trkpt lat="50.808316" lon="2.763134">
        <ele>41.106177</ele>
        <time>2024-03-06T21:17:51.087Z</time>
      </trkpt>
      <trkpt lat="50.808301" lon="2.762983">
        <ele>40.898279</ele>
        <time>2024-03-06T21:17:52.559Z</time>
      </trkpt>
      <trkpt lat="50.808313" lon="2.762663">
        <ele>40.462280</ele>
        <time>2024-03-06T21:17:55.794Z</time>
      </trkpt>
      <trkpt lat="50.808477" lon="2.761028">
        <ele>38.319224</ele>
        <time>2024-03-06T21:18:12.539Z</time>
      </trkpt>
      <trkpt lat="50.808477" lon="2.760749">
        <ele>38.087981</ele>
        <time>2024-03-06T21:18:15.284Z</time>
      </trkpt>
      <trkpt lat="50.808397" lon="2.760591">
        <ele>37.920173</ele>
        <time>2024-03-06T21:18:17.652Z</time>
      </trkpt>
      <trkpt lat="50.807834" lon="2.760097">
        <ele>37.075817</ele>
        <time>2024-03-06T21:18:28.240Z</time>
      </trkpt>
      <trkpt lat="50.807244" lon="2.759643">
        <ele>36.215324</ele>
        <time>2024-03-06T21:18:39.307Z</time>
      </trkpt>
      <trkpt lat="50.807000" lon="2.759522">
        <ele>36.218414</ele>
        <time>2024-03-06T21:18:44.136Z</time>
      </trkpt>
      <trkpt lat="50.806721" lon="2.759389">
        <ele>36.354692</ele>
        <time>2024-03-06T21:18:49.468Z</time>
      </trkpt>
      <trkpt lat="50.806284" lon="2.758962">
        <ele>36.594897</ele>
        <time>2024-03-06T21:19:00.006Z</time>
      </trkpt>
      <trkpt lat="50.806005" lon="2.758623">
        <ele>36.759412</ele>
        <time>2024-03-06T21:19:08.357Z</time>
      </trkpt>
      <trkpt lat="50.805900" lon="2.758615">
        <ele>36.808576</ele>
        <time>2024-03-06T21:19:11.014Z</time>
      </trkpt>
      <trkpt lat="50.805423" lon="2.759563">
        <ele>38.245994</ele>
        <time>2024-03-06T21:19:32.141Z</time>
      </trkpt>
      <trkpt lat="50.805422" lon="2.759565">
        <ele>38.250897</ele>
        <time>2024-03-06T21:19:32.190Z</time>
      </trkpt>
      <trkpt lat="50.805008" lon="2.761038">
        <ele>41.350069</ele>
        <time>2024-03-06T21:20:05.768Z</time>
      </trkpt>
      <trkpt lat="50.804378" lon="2.762878">
        <ele>46.208466</ele>
        <time>2024-03-06T21:20:55.278Z</time>
      </trkpt>
      <trkpt lat="50.804239" lon="2.763486">
        <ele>47.805687</ele>
        <time>2024-03-06T21:21:10.885Z</time>
      </trkpt>
      <trkpt lat="50.803909" lon="2.764342">
        <ele>49.526131</ele>
        <time>2024-03-06T21:21:32.288Z</time>
      </trkpt>
      <trkpt lat="50.803742" lon="2.764682">
        <ele>49.595990</ele>
        <time>2024-03-06T21:21:39.815Z</time>
      </trkpt>
      <trkpt lat="50.803512" lon="2.764997">
        <ele>49.674075</ele>
        <time>2024-03-06T21:21:46.830Z</time>
      </trkpt>
      <trkpt lat="50.803181" lon="2.765349">
        <ele>49.776450</ele>
        <time>2024-03-06T21:21:54.460Z</time>
      </trkpt>
      <trkpt lat="50.802726" lon="2.764866">
        <ele>49.917100</ele>
        <time>2024-03-06T21:22:03.365Z</time>
      </trkpt>
      <trkpt lat="50.802306" lon="2.764363">
        <ele>49.352918</ele>
        <time>2024-03-06T21:22:11.621Z</time>
      </trkpt>
      <trkpt lat="50.801732" lon="2.763925">
        <ele>48.543981</ele>
        <time>2024-03-06T21:22:21.432Z</time>
      </trkpt>
      <trkpt lat="50.801457" lon="2.763889">
        <ele>48.193706</ele>
        <time>2024-03-06T21:22:26.019Z</time>
      </trkpt>
      <trkpt lat="50.801363" lon="2.763844">
        <ele>48.069041</ele>
        <time>2024-03-06T21:22:27.662Z</time>
      </trkpt>
      <trkpt lat="50.800895" lon="2.763379">
        <ele>48.338682</ele>
        <time>2024-03-06T21:22:39.132Z</time>
      </trkpt>
      <trkpt lat="50.800716" lon="2.763157">
        <ele>49.037408</ele>
        <time>2024-03-06T21:22:45.427Z</time>
      </trkpt>
      <trkpt lat="50.799992" lon="2.761951">
        <ele>52.267083</ele>
        <time>2024-03-06T21:23:23.119Z</time>
      </trkpt>
      <trkpt lat="50.799849" lon="2.761769">
        <ele>52.830899</ele>
        <time>2024-03-06T21:23:30.585Z</time>
      </trkpt>
      <trkpt lat="50.799701" lon="2.761638">
        <ele>53.341859</ele>
        <time>2024-03-06T21:23:36.967Z</time>
      </trkpt>
      <trkpt lat="50.799504" lon="2.761583">
        <ele>53.921109</ele>
        <time>2024-03-06T21:23:45.046Z</time>
      </trkpt>
      <trkpt lat="50.799161" lon="2.762150">
        <ele>55.357511</ele>
        <time>2024-03-06T21:24:03.212Z</time>
      </trkpt>
      <trkpt lat="50.799088" lon="2.762189">
        <ele>55.580617</ele>
        <time>2024-03-06T21:24:06.067Z</time>
      </trkpt>
      <trkpt lat="50.799018" lon="2.762185">
        <ele>55.783442</ele>
        <time>2024-03-06T21:24:08.671Z</time>
      </trkpt>
      <trkpt lat="50.798656" lon="2.761852">
        <ele>56.995952</ele>
        <time>2024-03-06T21:24:22.272Z</time>
      </trkpt>
      <trkpt lat="50.798405" lon="2.761475">
        <ele>57.998103</ele>
        <time>2024-03-06T21:24:31.906Z</time>
      </trkpt>
      <trkpt lat="50.797986" lon="2.760693">
        <ele>57.288548</ele>
        <time>2024-03-06T21:24:43.634Z</time>
      </trkpt>
      <trkpt lat="50.797860" lon="2.760518">
        <ele>56.930893</ele>
        <time>2024-03-06T21:24:46.197Z</time>
      </trkpt>
      <trkpt lat="50.797296" lon="2.760115">
        <ele>55.610765</ele>
        <time>2024-03-06T21:24:55.276Z</time>
      </trkpt>
      <trkpt lat="50.797615" lon="2.758507">
        <ele>52.716758</ele>
        <time>2024-03-06T21:25:05.947Z</time>
      </trkpt>
      <trkpt lat="50.797932" lon="2.757383">
        <ele>50.204800</ele>
        <time>2024-03-06T21:25:13.690Z</time>
      </trkpt>
      <trkpt lat="50.797947" lon="2.757062">
        <ele>49.547890</ele>
        <time>2024-03-06T21:25:15.762Z</time>
      </trkpt>
      <trkpt lat="50.797963" lon="2.756909">
        <ele>49.231391</ele>
        <time>2024-03-06T21:25:16.788Z</time>
      </trkpt>
      <trkpt lat="50.798084" lon="2.756428">
        <ele>48.239170</ele>
        <time>2024-03-06T21:25:20.303Z</time>
      </trkpt>
      <trkpt lat="50.798259" lon="2.755996">
        <ele>47.310993</ele>
        <time>2024-03-06T21:25:23.878Z</time>
      </trkpt>
      <trkpt lat="50.798413" lon="2.755485">
        <ele>46.286941</ele>
        <time>2024-03-06T21:25:27.635Z</time>
      </trkpt>
      <trkpt lat="50.798757" lon="2.754497">
        <ele>44.246517</ele>
        <time>2024-03-06T21:25:34.793Z</time>
      </trkpt>
      <trkpt lat="50.799277" lon="2.753436">
        <ele>42.283912</ele>
        <time>2024-03-06T21:25:43.530Z</time>
      </trkpt>
      <trkpt lat="50.799592" lon="2.752884">
        <ele>41.291780</ele>
        <time>2024-03-06T21:25:48.541Z</time>
      </trkpt>
      <trkpt lat="50.799792" lon="2.752421">
        <ele>40.543647</ele>
        <time>2024-03-06T21:25:52.483Z</time>
      </trkpt>
      <trkpt lat="50.800062" lon="2.752060">
        <ele>39.797525</ele>
        <time>2024-03-06T21:25:56.672Z</time>
      </trkpt>
      <trkpt lat="50.800074" lon="2.751934">
        <ele>39.846823</ele>
        <time>2024-03-06T21:25:57.647Z</time>
      </trkpt>
      <trkpt lat="50.800039" lon="2.751501">
        <ele>40.018828</ele>
        <time>2024-03-06T21:26:01.448Z</time>
      </trkpt>
      <trkpt lat="50.799980" lon="2.751157">
        <ele>40.159278</ele>
        <time>2024-03-06T21:26:04.925Z</time>
      </trkpt>
      <trkpt lat="50.799975" lon="2.750742">
        <ele>40.322831</ele>
        <time>2024-03-06T21:26:09.354Z</time>
      </trkpt>
      <trkpt lat="50.799913" lon="2.750599">
        <ele>40.391161</ele>
        <time>2024-03-06T21:26:11.423Z</time>
      </trkpt>
      <trkpt lat="50.799697" lon="2.750417">
        <ele>40.543730</ele>
        <time>2024-03-06T21:26:15.949Z</time>
      </trkpt>
      <trkpt lat="50.799384" lon="2.750288">
        <ele>40.745378</ele>
        <time>2024-03-06T21:26:22.246Z</time>
      </trkpt>
      <trkpt lat="50.798465" lon="2.749762">
        <ele>42.199462</ele>
        <time>2024-03-06T21:26:44.954Z</time>
      </trkpt>
      <trkpt lat="50.798186" lon="2.749427">
        <ele>42.840445</ele>
        <time>2024-03-06T21:26:53.208Z</time>
      </trkpt>
      <trkpt lat="50.797918" lon="2.749031">
        <ele>43.511541</ele>
        <time>2024-03-06T21:27:01.369Z</time>
      </trkpt>
      <trkpt lat="50.797399" lon="2.748502">
        <ele>44.593737</ele>
        <time>2024-03-06T21:27:14.175Z</time>
      </trkpt>
      <trkpt lat="50.797590" lon="2.747730">
        <ele>45.446800</ele>
        <time>2024-03-06T21:27:36.269Z</time>
      </trkpt>
      <trkpt lat="50.797596" lon="2.747640">
        <ele>45.539922</ele>
        <time>2024-03-06T21:27:38.872Z</time>
      </trkpt>
      <trkpt lat="50.797537" lon="2.747422">
        <ele>45.783940</ele>
        <time>2024-03-06T21:27:45.327Z</time>
      </trkpt>
      <trkpt lat="50.797450" lon="2.747223">
        <ele>46.032917</ele>
        <time>2024-03-06T21:27:52.147Z</time>
      </trkpt>
      <trkpt lat="50.797175" lon="2.746662">
        <ele>46.763438</ele>
        <time>2024-03-06T21:28:12.269Z</time>
      </trkpt>
      <trkpt lat="50.797153" lon="2.746562">
        <ele>46.872392</ele>
        <time>2024-03-06T21:28:15.214Z</time>
      </trkpt>
      <trkpt lat="50.797165" lon="2.746469">
        <ele>46.970062</ele>
        <time>2024-03-06T21:28:17.688Z</time>
      </trkpt>
      <trkpt lat="50.796919" lon="2.746459">
        <ele>47.388210</ele>
        <time>2024-03-06T21:28:22.989Z</time>
      </trkpt>
      <trkpt lat="50.796822" lon="2.746470">
        <ele>47.558458</ele>
        <time>2024-03-06T21:28:24.888Z</time>
      </trkpt>
      <trkpt lat="50.796814" lon="2.746557">
        <ele>47.655740</ele>
        <time>2024-03-06T21:28:26.327Z</time>
      </trkpt>
      <trkpt lat="50.796591" lon="2.746765">
        <ele>48.108929</ele>
        <time>2024-03-06T21:28:33.629Z</time>
      </trkpt>
      <trkpt lat="50.795123" lon="2.748390">
        <ele>50.992013</ele>
        <time>2024-03-06T21:29:22.410Z</time>
      </trkpt>
      <trkpt lat="50.794925" lon="2.748681">
        <ele>51.340048</ele>
        <time>2024-03-06T21:29:28.986Z</time>
      </trkpt>
      <trkpt lat="50.794215" lon="2.749604">
        <ele>52.523489</ele>
        <time>2024-03-06T21:29:51.709Z</time>
      </trkpt>
      <trkpt lat="50.793718" lon="2.750049">
        <ele>53.394521</ele>
        <time>2024-03-06T21:30:05.383Z</time>
      </trkpt>
      <trkpt lat="50.793219" lon="2.750599">
        <ele>54.339644</ele>
        <time>2024-03-06T21:30:17.313Z</time>
      </trkpt>
      <trkpt lat="50.793042" lon="2.750700">
        <ele>54.632056</ele>
        <time>2024-03-06T21:30:21.308Z</time>
      </trkpt>
      <trkpt lat="50.792951" lon="2.750778">
        <ele>54.792898</ele>
        <time>2024-03-06T21:30:23.629Z</time>
      </trkpt>
      <trkpt lat="50.792023" lon="2.751929">
        <ele>57.904926</ele>
        <time>2024-03-06T21:30:53.581Z</time>
      </trkpt>
      <trkpt lat="50.791718" lon="2.752213">
        <ele>59.028332</ele>
        <time>2024-03-06T21:31:03.285Z</time>
      </trkpt>
      <trkpt lat="50.791215" lon="2.752364">
        <ele>60.653466</ele>
        <time>2024-03-06T21:31:17.712Z</time>
      </trkpt>
      <trkpt lat="50.790609" lon="2.752621">
        <ele>63.607280</ele>
        <time>2024-03-06T21:31:38.060Z</time>
      </trkpt>
      <trkpt lat="50.790002" lon="2.752893">
        <ele>66.863288</ele>
        <time>2024-03-06T21:32:00.158Z</time>
      </trkpt>
      <trkpt lat="50.789626" lon="2.753106">
        <ele>68.924514</ele>
        <time>2024-03-06T21:32:14.930Z</time>
      </trkpt>
      <trkpt lat="50.789558" lon="2.753148">
        <ele>69.301268</ele>
        <time>2024-03-06T21:32:18.661Z</time>
      </trkpt>
      <trkpt lat="50.788606" lon="2.753659">
        <ele>76.030393</ele>
        <time>2024-03-06T21:33:03.723Z</time>
      </trkpt>
      <trkpt lat="50.788090" lon="2.753807">
        <ele>79.754099</ele>
        <time>2024-03-06T21:33:30.623Z</time>
      </trkpt>
      <trkpt lat="50.787705" lon="2.753917">
        <ele>82.532107</ele>
        <time>2024-03-06T21:33:50.579Z</time>
      </trkpt>
      <trkpt lat="50.787458" lon="2.753967">
        <ele>84.501205</ele>
        <time>2024-03-06T21:34:03.798Z</time>
      </trkpt>
      <trkpt lat="50.787113" lon="2.753967">
        <ele>87.383357</ele>
        <time>2024-03-06T21:34:22.247Z</time>
      </trkpt>
      <trkpt lat="50.786615" lon="2.753884">
        <ele>91.566712</ele>
        <time>2024-03-06T21:34:49.327Z</time>
      </trkpt>
      <trkpt lat="50.786257" lon="2.753817">
        <ele>94.578329</ele>
        <time>2024-03-06T21:35:08.947Z</time>
      </trkpt>
      <trkpt lat="50.785949" lon="2.753694">
        <ele>97.232122</ele>
        <time>2024-03-06T21:35:26.536Z</time>
      </trkpt>
      <trkpt lat="50.784905" lon="2.753391">
        <ele>105.345642</ele>
        <time>2024-03-06T21:36:23.237Z</time>
      </trkpt>
      <trkpt lat="50.784508" lon="2.753325">
        <ele>108.362759</ele>
        <time>2024-03-06T21:36:43.578Z</time>
      </trkpt>
      <trkpt lat="50.784443" lon="2.753331">
        <ele>108.854876</ele>
        <time>2024-03-06T21:36:46.860Z</time>
      </trkpt>
      <trkpt lat="50.784393" lon="2.753785">
        <ele>111.057015</ele>
        <time>2024-03-06T21:36:58.568Z</time>
      </trkpt>
      <trkpt lat="50.784397" lon="2.754179">
        <ele>112.712062</ele>
        <time>2024-03-06T21:37:07.375Z</time>
      </trkpt>
      <trkpt lat="50.784432" lon="2.754488">
        <ele>113.916756</ele>
        <time>2024-03-06T21:37:14.904Z</time>
      </trkpt>
      <trkpt lat="50.784604" lon="2.755367">
        <ele>117.447851</ele>
        <time>2024-03-06T21:37:36.075Z</time>
      </trkpt>
      <trkpt lat="50.784535" lon="2.755391">
        <ele>117.876676</ele>
        <time>2024-03-06T21:37:40.171Z</time>
      </trkpt>
      <trkpt lat="50.784464" lon="2.755341">
        <ele>118.348420</ele>
        <time>2024-03-06T21:37:44.308Z</time>
      </trkpt>
      <trkpt lat="50.784171" lon="2.755054">
        <ele>120.440302</ele>
        <time>2024-03-06T21:37:59.696Z</time>
      </trkpt>
      <trkpt lat="50.784008" lon="2.755027">
        <ele>121.435094</ele>
        <time>2024-03-06T21:38:06.254Z</time>
      </trkpt>
      <trkpt lat="50.783871" lon="2.755073">
        <ele>122.285190</ele>
        <time>2024-03-06T21:38:13.287Z</time>
      </trkpt>
      <trkpt lat="50.783756" lon="2.755183">
        <ele>123.008286</ele>
        <time>2024-03-06T21:38:19.243Z</time>
      </trkpt>
      <trkpt lat="50.783688" lon="2.755330">
        <ele>123.545815</ele>
        <time>2024-03-06T21:38:23.930Z</time>
      </trkpt>
      <trkpt lat="50.783690" lon="2.755483">
        <ele>123.997432</ele>
        <time>2024-03-06T21:38:29.170Z</time>
      </trkpt>
      <trkpt lat="50.783755" lon="2.755575">
        <ele>124.404573</ele>
        <time>2024-03-06T21:38:33.492Z</time>
      </trkpt>
      <trkpt lat="50.783960" lon="2.755573">
        <ele>125.361458</ele>
        <time>2024-03-06T21:38:41.354Z</time>
      </trkpt>
      <trkpt lat="50.784094" lon="2.755675">
        <ele>126.055586</ele>
        <time>2024-03-06T21:38:48.364Z</time>
      </trkpt>
      <trkpt lat="50.784179" lon="2.755868">
        <ele>126.749711</ele>
        <time>2024-03-06T21:38:52.599Z</time>
      </trkpt>
      <trkpt lat="50.784194" lon="2.756013">
        <ele>127.183308</ele>
        <time>2024-03-06T21:38:56.622Z</time>
      </trkpt>
      <trkpt lat="50.784178" lon="2.756152">
        <ele>127.600252</ele>
        <time>2024-03-06T21:38:59.730Z</time>
      </trkpt>
      <trkpt lat="50.784093" lon="2.756363">
        <ele>128.338589</ele>
        <time>2024-03-06T21:39:04.917Z</time>
      </trkpt>
      <trkpt lat="50.783987" lon="2.756458">
        <ele>128.907268</ele>
        <time>2024-03-06T21:39:09.925Z</time>
      </trkpt>
      <trkpt lat="50.783937" lon="2.756480">
        <ele>129.149513</ele>
        <time>2024-03-06T21:39:11.661Z</time>
      </trkpt>
      <trkpt lat="50.783789" lon="2.756547">
        <ele>129.868063</ele>
        <time>2024-03-06T21:39:17.414Z</time>
      </trkpt>
      <trkpt lat="50.783755" lon="2.756614">
        <ele>130.121600</ele>
        <time>2024-03-06T21:39:18.898Z</time>
      </trkpt>
      <trkpt lat="50.783743" lon="2.756697">
        <ele>130.372865</ele>
        <time>2024-03-06T21:39:21.813Z</time>
      </trkpt>
      <trkpt lat="50.783839" lon="2.757033">
        <ele>131.225072</ele>
        <time>2024-03-06T21:39:29.967Z</time>
      </trkpt>
      <trkpt lat="50.784100" lon="2.757861">
        <ele>132.194097</ele>
        <time>2024-03-06T21:39:48.235Z</time>
      </trkpt>
      <trkpt lat="50.784345" lon="2.758322">
        <ele>132.824851</ele>
        <time>2024-03-06T21:39:59.071Z</time>
      </trkpt>
      <trkpt lat="50.784443" lon="2.758473">
        <ele>133.051495</ele>
        <time>2024-03-06T21:40:02.467Z</time>
      </trkpt>
      <trkpt lat="50.784549" lon="2.758531">
        <ele>133.237303</ele>
        <time>2024-03-06T21:40:06.199Z</time>
      </trkpt>
      <trkpt lat="50.784762" lon="2.758506">
        <ele>133.591124</ele>
        <time>2024-03-06T21:40:09.999Z</time>
      </trkpt>
      <trkpt lat="50.784808" lon="2.758746">
        <ele>133.853784</ele>
        <time>2024-03-06T21:40:12.242Z</time>
      </trkpt>
      <trkpt lat="50.784830" lon="2.758859">
        <ele>133.977619</ele>
        <time>2024-03-06T21:40:13.055Z</time>
      </trkpt>
      <trkpt lat="50.784854" lon="2.758993">
        <ele>134.030669</ele>
        <time>2024-03-06T21:40:14.187Z</time>
      </trkpt>
      <trkpt lat="50.785062" lon="2.760067">
        <ele>132.960849</ele>
        <time>2024-03-06T21:40:23.161Z</time>
      </trkpt>
      <trkpt lat="50.785141" lon="2.760345">
        <ele>132.670560</ele>
        <time>2024-03-06T21:40:25.578Z</time>
      </trkpt>
      <trkpt lat="50.785550" lon="2.761507">
        <ele>131.403901</ele>
        <time>2024-03-06T21:40:34.864Z</time>
      </trkpt>
      <trkpt lat="50.785830" lon="2.762301">
        <ele>128.965643</ele>
        <time>2024-03-06T21:40:40.576Z</time>
      </trkpt>
      <trkpt lat="50.785986" lon="2.762763">
        <ele>127.518738</ele>
        <time>2024-03-06T21:40:43.731Z</time>
      </trkpt>
      <trkpt lat="50.786136" lon="2.763524">
        <ele>125.316670</ele>
        <time>2024-03-06T21:40:48.591Z</time>
      </trkpt>
      <trkpt lat="50.786499" lon="2.765771">
        <ele>116.322811</ele>
        <time>2024-03-06T21:41:02.061Z</time>
      </trkpt>
      <trkpt lat="50.786578" lon="2.766476">
        <ele>113.231584</ele>
        <time>2024-03-06T21:41:06.069Z</time>
      </trkpt>
      <trkpt lat="50.786664" lon="2.767034">
        <ele>110.715554</ele>
        <time>2024-03-06T21:41:09.256Z</time>
      </trkpt>
      <trkpt lat="50.786744" lon="2.767305">
        <ele>109.324608</ele>
        <time>2024-03-06T21:41:10.896Z</time>
      </trkpt>
      <trkpt lat="50.787621" lon="2.769418">
        <ele>97.827364</ele>
        <time>2024-03-06T21:41:25.093Z</time>
      </trkpt>
      <trkpt lat="50.788044" lon="2.770114">
        <ele>96.078648</ele>
        <time>2024-03-06T21:41:31.174Z</time>
      </trkpt>
      <trkpt lat="50.789016" lon="2.771318">
        <ele>92.675525</ele>
        <time>2024-03-06T21:41:45.199Z</time>
      </trkpt>
      <trkpt lat="50.789152" lon="2.771567">
        <ele>92.348288</ele>
        <time>2024-03-06T21:41:48.798Z</time>
      </trkpt>
      <trkpt lat="50.789157" lon="2.771575">
        <ele>92.337101</ele>
        <time>2024-03-06T21:41:48.920Z</time>
      </trkpt>
      <trkpt lat="50.789190" lon="2.771733">
        <ele>92.171624</ele>
        <time>2024-03-06T21:41:50.709Z</time>
      </trkpt>
      <trkpt lat="50.789169" lon="2.771856">
        <ele>92.044924</ele>
        <time>2024-03-06T21:41:52.081Z</time>
      </trkpt>
      <trkpt lat="50.789108" lon="2.771822">
        <ele>91.943185</ele>
        <time>2024-03-06T21:41:53.193Z</time>
      </trkpt>
      <trkpt lat="50.789008" lon="2.771876">
        <ele>91.776965</ele>
        <time>2024-03-06T21:41:54.989Z</time>
      </trkpt>
      <trkpt lat="50.787487" lon="2.771154">
        <ele>89.619516</ele>
        <time>2024-03-06T21:42:20.587Z</time>
      </trkpt>
      <trkpt lat="50.787455" lon="2.771225">
        <ele>89.573239</ele>
        <time>2024-03-06T21:42:21.489Z</time>
      </trkpt>
      <trkpt lat="50.787040" lon="2.771062">
        <ele>89.214277</ele>
        <time>2024-03-06T21:42:28.698Z</time>
      </trkpt>
      <trkpt lat="50.786700" lon="2.771035">
        <ele>88.928495</ele>
        <time>2024-03-06T21:42:33.053Z</time>
      </trkpt>
      <trkpt lat="50.786363" lon="2.771101">
        <ele>88.643432</ele>
        <time>2024-03-06T21:42:37.845Z</time>
      </trkpt>
      <trkpt lat="50.785018" lon="2.771556">
        <ele>88.998433</ele>
        <time>2024-03-06T21:43:01.317Z</time>
      </trkpt>
      <trkpt lat="50.784558" lon="2.771640">
        <ele>89.190414</ele>
        <time>2024-03-06T21:43:09.447Z</time>
      </trkpt>
      <trkpt lat="50.783977" lon="2.771672">
        <ele>88.964317</ele>
        <time>2024-03-06T21:43:18.500Z</time>
      </trkpt>
      <trkpt lat="50.783332" lon="2.771755">
        <ele>88.560185</ele>
        <time>2024-03-06T21:43:27.044Z</time>
      </trkpt>
      <trkpt lat="50.782579" lon="2.771607">
        <ele>87.999511</ele>
        <time>2024-03-06T21:43:36.093Z</time>
      </trkpt>
      <trkpt lat="50.781971" lon="2.771916">
        <ele>86.625151</ele>
        <time>2024-03-06T21:43:43.191Z</time>
      </trkpt>
      <trkpt lat="50.781660" lon="2.772096">
        <ele>85.912446</ele>
        <time>2024-03-06T21:43:46.739Z</time>
      </trkpt>
      <trkpt lat="50.781045" lon="2.772459">
        <ele>84.499749</ele>
        <time>2024-03-06T21:43:53.654Z</time>
      </trkpt>
      <trkpt lat="50.780926" lon="2.772477">
        <ele>84.239433</ele>
        <time>2024-03-06T21:43:54.907Z</time>
      </trkpt>
      <trkpt lat="50.780853" lon="2.772452">
        <ele>84.021014</ele>
        <time>2024-03-06T21:43:55.703Z</time>
      </trkpt>
      <trkpt lat="50.780776" lon="2.772575">
        <ele>83.700978</ele>
        <time>2024-03-06T21:43:56.822Z</time>
      </trkpt>
      <trkpt lat="50.780200" lon="2.772951">
        <ele>81.878764</ele>
        <time>2024-03-06T21:44:03.292Z</time>
      </trkpt>
      <trkpt lat="50.778825" lon="2.773596">
        <ele>77.800983</ele>
        <time>2024-03-06T21:44:17.917Z</time>
      </trkpt>
      <trkpt lat="50.778477" lon="2.773400">
        <ele>76.816832</ele>
        <time>2024-03-06T21:44:23.435Z</time>
      </trkpt>
      <trkpt lat="50.777844" lon="2.773747">
        <ele>75.032009</ele>
        <time>2024-03-06T21:44:33.513Z</time>
      </trkpt>
      <trkpt lat="50.776878" lon="2.773953">
        <ele>73.530839</ele>
        <time>2024-03-06T21:44:48.714Z</time>
      </trkpt>
      <trkpt lat="50.776224" lon="2.774050">
        <ele>72.867629</ele>
        <time>2024-03-06T21:45:00.387Z</time>
      </trkpt>
      <trkpt lat="50.775582" lon="2.774421">
        <ele>72.514924</ele>
        <time>2024-03-06T21:45:14.666Z</time>
      </trkpt>
      <trkpt lat="50.775581" lon="2.774423">
        <ele>72.515963</ele>
        <time>2024-03-06T21:45:14.705Z</time>
      </trkpt>
      <trkpt lat="50.775408" lon="2.774568">
        <ele>72.642136</ele>
        <time>2024-03-06T21:45:19.148Z</time>
      </trkpt>
      <trkpt lat="50.774998" lon="2.775014">
        <ele>72.962815</ele>
        <time>2024-03-06T21:45:30.839Z</time>
      </trkpt>
      <trkpt lat="50.774633" lon="2.775479">
        <ele>73.264855</ele>
        <time>2024-03-06T21:45:42.213Z</time>
      </trkpt>
      <trkpt lat="50.774583" lon="2.775577">
        <ele>73.316168</ele>
        <time>2024-03-06T21:45:44.134Z</time>
      </trkpt>
      <trkpt lat="50.774544" lon="2.775664">
        <ele>73.359625</ele>
        <time>2024-03-06T21:45:45.732Z</time>
      </trkpt>
      <trkpt lat="50.773889" lon="2.776005">
        <ele>73.442435</ele>
        <time>2024-03-06T21:45:58.173Z</time>
      </trkpt>
      <trkpt lat="50.771690" lon="2.777167">
        <ele>71.847612</ele>
        <time>2024-03-06T21:46:27.979Z</time>
      </trkpt>
      <trkpt lat="50.771290" lon="2.777391">
        <ele>71.274006</ele>
        <time>2024-03-06T21:46:32.734Z</time>
      </trkpt>
      <trkpt lat="50.771114" lon="2.777531">
        <ele>71.007691</ele>
        <time>2024-03-06T21:46:34.898Z</time>
      </trkpt>
      <trkpt lat="50.770935" lon="2.777743">
        <ele>70.705381</ele>
        <time>2024-03-06T21:46:37.338Z</time>
      </trkpt>
      <trkpt lat="50.769075" lon="2.779879">
        <ele>65.424451</ele>
        <time>2024-03-06T21:47:01.773Z</time>
      </trkpt>
      <trkpt lat="50.768704" lon="2.780306">
        <ele>64.436989</ele>
        <time>2024-03-06T21:47:06.750Z</time>
      </trkpt>
      <trkpt lat="50.767747" lon="2.781429">
        <ele>61.821244</ele>
        <time>2024-03-06T21:47:19.832Z</time>
      </trkpt>
      <trkpt lat="50.767129" lon="2.782145">
        <ele>60.051566</ele>
        <time>2024-03-06T21:47:28.348Z</time>
      </trkpt>
      <trkpt lat="50.766531" lon="2.782785">
        <ele>58.355133</ele>
        <time>2024-03-06T21:47:35.951Z</time>
      </trkpt>
      <trkpt lat="50.766302" lon="2.782843">
        <ele>57.340959</ele>
        <time>2024-03-06T21:47:38.254Z</time>
      </trkpt>
      <trkpt lat="50.765959" lon="2.782931">
        <ele>55.821415</ele>
        <time>2024-03-06T21:47:41.692Z</time>
      </trkpt>
      <trkpt lat="50.765873" lon="2.783008">
        <ele>55.389225</ele>
        <time>2024-03-06T21:47:42.682Z</time>
      </trkpt>
      <trkpt lat="50.765755" lon="2.782849">
        <ele>54.711240</ele>
        <time>2024-03-06T21:47:44.842Z</time>
      </trkpt>
      <trkpt lat="50.765648" lon="2.782763">
        <ele>54.186343</ele>
        <time>2024-03-06T21:47:46.442Z</time>
      </trkpt>
      <trkpt lat="50.765554" lon="2.782736">
        <ele>53.768557</ele>
        <time>2024-03-06T21:47:47.803Z</time>
      </trkpt>
      <trkpt lat="50.765248" lon="2.782757">
        <ele>52.429172</ele>
        <time>2024-03-06T21:47:51.923Z</time>
      </trkpt>
      <trkpt lat="50.763350" lon="2.782671">
        <ele>43.444874</ele>
        <time>2024-03-06T21:48:17.242Z</time>
      </trkpt>
      <trkpt lat="50.762969" lon="2.782586">
        <ele>41.744548</ele>
        <time>2024-03-06T21:48:22.801Z</time>
      </trkpt>
      <trkpt lat="50.762525" lon="2.782622">
        <ele>40.888005</ele>
        <time>2024-03-06T21:48:29.461Z</time>
      </trkpt>
      <trkpt lat="50.761758" lon="2.782465">
        <ele>39.397954</ele>
        <time>2024-03-06T21:48:41.936Z</time>
      </trkpt>
      <trkpt lat="50.761581" lon="2.782468">
        <ele>39.056922</ele>
        <time>2024-03-06T21:48:45.032Z</time>
      </trkpt>
      <trkpt lat="50.761647" lon="2.783966">
        <ele>37.715305</ele>
        <time>2024-03-06T21:48:57.129Z</time>
      </trkpt>
      <trkpt lat="50.761649" lon="2.785380">
        <ele>36.718422</ele>
        <time>2024-03-06T21:49:07.629Z</time>
      </trkpt>
      <trkpt lat="50.761617" lon="2.786593">
        <ele>35.987914</ele>
        <time>2024-03-06T21:49:16.647Z</time>
      </trkpt>
      <trkpt lat="50.761370" lon="2.788188">
        <ele>35.110268</ele>
        <time>2024-03-06T21:49:29.794Z</time>
      </trkpt>
      <trkpt lat="50.761323" lon="2.788390">
        <ele>34.995234</ele>
        <time>2024-03-06T21:49:31.587Z</time>
      </trkpt>
      <trkpt lat="50.761220" lon="2.788640">
        <ele>34.851967</ele>
        <time>2024-03-06T21:49:34.194Z</time>
      </trkpt>
      <trkpt lat="50.761001" lon="2.788940">
        <ele>34.763117</ele>
        <time>2024-03-06T21:49:38.139Z</time>
      </trkpt>
      <trkpt lat="50.760926" lon="2.789102">
        <ele>34.724181</ele>
        <time>2024-03-06T21:49:39.960Z</time>
      </trkpt>
      <trkpt lat="50.760910" lon="2.789302">
        <ele>34.685081</ele>
        <time>2024-03-06T21:49:41.662Z</time>
      </trkpt>
      <trkpt lat="50.760989" lon="2.789678">
        <ele>34.608239</ele>
        <time>2024-03-06T21:49:45.236Z</time>
      </trkpt>
      <trkpt lat="50.760973" lon="2.789828">
        <ele>34.578735</ele>
        <time>2024-03-06T21:49:46.508Z</time>
      </trkpt>
      <trkpt lat="50.760779" lon="2.790408">
        <ele>34.451485</ele>
        <time>2024-03-06T21:49:52.336Z</time>
      </trkpt>
      <trkpt lat="50.760677" lon="2.790930">
        <ele>34.345522</ele>
        <time>2024-03-06T21:49:57.223Z</time>
      </trkpt>
      <trkpt lat="50.760677" lon="2.790933">
        <ele>34.344941</ele>
        <time>2024-03-06T21:49:57.248Z</time>
      </trkpt>
      <trkpt lat="50.760276" lon="2.793398">
        <ele>33.691096</ele>
        <time>2024-03-06T21:50:18.910Z</time>
      </trkpt>
      <trkpt lat="50.760153" lon="2.794270">
        <ele>33.542187</ele>
        <time>2024-03-06T21:50:26.428Z</time>
      </trkpt>
      <trkpt lat="50.760147" lon="2.794370">
        <ele>33.536525</ele>
        <time>2024-03-06T21:50:27.326Z</time>
      </trkpt>
      <trkpt lat="50.760174" lon="2.794463">
        <ele>33.530758</ele>
        <time>2024-03-06T21:50:28.222Z</time>
      </trkpt>
      <trkpt lat="50.760055" lon="2.794630">
        <ele>33.516579</ele>
        <time>2024-03-06T21:50:30.227Z</time>
      </trkpt>
      <trkpt lat="50.760092" lon="2.794739">
        <ele>33.509607</ele>
        <time>2024-03-06T21:50:31.581Z</time>
      </trkpt>
      <trkpt lat="50.760268" lon="2.796399">
        <ele>33.414740</ele>
        <time>2024-03-06T21:50:47.376Z</time>
      </trkpt>
      <trkpt lat="50.760547" lon="2.797583">
        <ele>33.651477</ele>
        <time>2024-03-06T21:51:00.226Z</time>
      </trkpt>
      <trkpt lat="50.760774" lon="2.798429">
        <ele>33.858172</ele>
        <time>2024-03-06T21:51:09.675Z</time>
      </trkpt>
      <trkpt lat="50.761326" lon="2.800012">
        <ele>34.519362</ele>
        <time>2024-03-06T21:51:28.756Z</time>
      </trkpt>
      <trkpt lat="50.762229" lon="2.802197">
        <ele>35.527317</ele>
        <time>2024-03-06T21:51:59.429Z</time>
      </trkpt>
      <trkpt lat="50.762391" lon="2.802634">
        <ele>35.597143</ele>
        <time>2024-03-06T21:52:04.992Z</time>
      </trkpt>
      <trkpt lat="50.762596" lon="2.803311">
        <ele>35.700613</ele>
        <time>2024-03-06T21:52:12.458Z</time>
      </trkpt>
      <trkpt lat="50.761702" lon="2.803748">
        <ele>35.226541</ele>
        <time>2024-03-06T21:52:24.732Z</time>
      </trkpt>
      <trkpt lat="50.761209" lon="2.803951">
        <ele>34.480851</ele>
        <time>2024-03-06T21:52:30.580Z</time>
      </trkpt>
      <trkpt lat="50.759710" lon="2.804481">
        <ele>32.676656</ele>
        <time>2024-03-06T21:52:47.501Z</time>
      </trkpt>
      <trkpt lat="50.759627" lon="2.804538">
        <ele>32.606029</ele>
        <time>2024-03-06T21:52:48.592Z</time>
      </trkpt>
      <trkpt lat="50.759513" lon="2.804751">
        <ele>32.468280</ele>
        <time>2024-03-06T21:52:50.722Z</time>
      </trkpt>
      <trkpt lat="50.759440" lon="2.805238">
        <ele>32.221188</ele>
        <time>2024-03-06T21:52:54.908Z</time>
      </trkpt>
      <trkpt lat="50.759315" lon="2.805481">
        <ele>32.066558</ele>
        <time>2024-03-06T21:52:57.830Z</time>
      </trkpt>
      <trkpt lat="50.759055" lon="2.805570">
        <ele>31.858934</ele>
        <time>2024-03-06T21:53:02.016Z</time>
      </trkpt>
      <trkpt lat="50.758591" lon="2.805627">
        <ele>32.342516</ele>
        <time>2024-03-06T21:53:10.680Z</time>
      </trkpt>
      <trkpt lat="50.758090" lon="2.805674">
        <ele>33.116760</ele>
        <time>2024-03-06T21:53:21.181Z</time>
      </trkpt>
      <trkpt lat="50.757263" lon="2.805870">
        <ele>34.406817</ele>
        <time>2024-03-06T21:53:40.136Z</time>
      </trkpt>
      <trkpt lat="50.756913" lon="2.805908">
        <ele>34.845895</ele>
        <time>2024-03-06T21:53:48.572Z</time>
      </trkpt>
      <trkpt lat="50.756909" lon="2.806276">
        <ele>35.111763</ele>
        <time>2024-03-06T21:53:54.029Z</time>
      </trkpt>
      <trkpt lat="50.756833" lon="2.806627">
        <ele>35.379752</ele>
        <time>2024-03-06T21:53:59.384Z</time>
      </trkpt>
      <trkpt lat="50.756105" lon="2.808582">
        <ele>36.374877</ele>
        <time>2024-03-06T21:54:23.963Z</time>
      </trkpt>
      <trkpt lat="50.756566" lon="2.809429">
        <ele>35.914175</ele>
        <time>2024-03-06T21:54:33.153Z</time>
      </trkpt>
      <trkpt lat="50.757501" lon="2.811334">
        <ele>34.348259</ele>
        <time>2024-03-06T21:54:50.840Z</time>
      </trkpt>
      <trkpt lat="50.758473" lon="2.813007">
        <ele>32.400582</ele>
        <time>2024-03-06T21:55:07.665Z</time>
      </trkpt>
      <trkpt lat="50.759163" lon="2.814488">
        <ele>30.872420</ele>
        <time>2024-03-06T21:55:21.322Z</time>
      </trkpt>
      <trkpt lat="50.759628" lon="2.815267">
        <ele>30.207761</ele>
        <time>2024-03-06T21:55:29.376Z</time>
      </trkpt>
      <trkpt lat="50.760043" lon="2.816254">
        <ele>29.580017</ele>
        <time>2024-03-06T21:55:38.713Z</time>
      </trkpt>
      <trkpt lat="50.760295" lon="2.816463">
        <ele>29.341733</ele>
        <time>2024-03-06T21:55:42.355Z</time>
      </trkpt>
      <trkpt lat="50.760400" lon="2.816637">
        <ele>29.214359</ele>
        <time>2024-03-06T21:55:44.323Z</time>
      </trkpt>
      <trkpt lat="50.760455" lon="2.816867">
        <ele>29.095429</ele>
        <time>2024-03-06T21:55:46.391Z</time>
      </trkpt>
      <trkpt lat="50.760481" lon="2.817099">
        <ele>29.073693</ele>
        <time>2024-03-06T21:55:48.340Z</time>
      </trkpt>
      <trkpt lat="50.760593" lon="2.818487">
        <ele>28.944611</ele>
        <time>2024-03-06T21:56:01.012Z</time>
      </trkpt>
      <trkpt lat="50.760611" lon="2.818837">
        <ele>28.912217</ele>
        <time>2024-03-06T21:56:04.314Z</time>
      </trkpt>
      <trkpt lat="50.760585" lon="2.819603">
        <ele>28.841451</ele>
        <time>2024-03-06T21:56:11.787Z</time>
      </trkpt>
      <trkpt lat="50.760472" lon="2.820801">
        <ele>28.752770</ele>
        <time>2024-03-06T21:56:23.084Z</time>
      </trkpt>
      <trkpt lat="50.760497" lon="2.821420">
        <ele>28.708022</ele>
        <time>2024-03-06T21:56:28.646Z</time>
      </trkpt>
      <trkpt lat="50.760423" lon="2.822068">
        <ele>28.660517</ele>
        <time>2024-03-06T21:56:34.478Z</time>
      </trkpt>
      <trkpt lat="50.760797" lon="2.823035">
        <ele>28.558550</ele>
        <time>2024-03-06T21:56:44.489Z</time>
      </trkpt>
      <trkpt lat="50.760951" lon="2.823297">
        <ele>28.522653</ele>
        <time>2024-03-06T21:56:47.666Z</time>
      </trkpt>
      <trkpt lat="50.761131" lon="2.823778">
        <ele>28.466560</ele>
        <time>2024-03-06T21:56:52.635Z</time>
      </trkpt>
      <trkpt lat="50.761144" lon="2.823909">
        <ele>28.453251</ele>
        <time>2024-03-06T21:56:53.802Z</time>
      </trkpt>
      <trkpt lat="50.761127" lon="2.824064">
        <ele>28.437462</ele>
        <time>2024-03-06T21:56:55.207Z</time>
      </trkpt>
      <trkpt lat="50.761009" lon="2.824362">
        <ele>28.402175</ele>
        <time>2024-03-06T21:56:58.427Z</time>
      </trkpt>
      <trkpt lat="50.760974" lon="2.824572">
        <ele>28.380379</ele>
        <time>2024-03-06T21:57:00.401Z</time>
      </trkpt>
      <trkpt lat="50.761019" lon="2.826496">
        <ele>28.490745</ele>
        <time>2024-03-06T21:57:18.705Z</time>
      </trkpt>
      <trkpt lat="50.761010" lon="2.826932">
        <ele>28.531181</ele>
        <time>2024-03-06T21:57:23.071Z</time>
      </trkpt>
      <trkpt lat="50.760799" lon="2.828009">
        <ele>28.598301</ele>
        <time>2024-03-06T21:57:34.978Z</time>
      </trkpt>
      <trkpt lat="50.760476" lon="2.829448">
        <ele>28.544873</ele>
        <time>2024-03-06T21:57:48.863Z</time>
      </trkpt>
      <trkpt lat="50.760377" lon="2.829685">
        <ele>28.534935</ele>
        <time>2024-03-06T21:57:51.527Z</time>
      </trkpt>
      <trkpt lat="50.760106" lon="2.830057">
        <ele>28.515082</ele>
        <time>2024-03-06T21:57:56.613Z</time>
      </trkpt>
      <trkpt lat="50.760333" lon="2.830115">
        <ele>28.470808</ele>
        <time>2024-03-06T21:57:59.634Z</time>
      </trkpt>
      <trkpt lat="50.760670" lon="2.830324">
        <ele>28.356357</ele>
        <time>2024-03-06T21:58:04.728Z</time>
      </trkpt>
      <trkpt lat="50.761076" lon="2.830429">
        <ele>28.226289</ele>
        <time>2024-03-06T21:58:10.506Z</time>
      </trkpt>
      <trkpt lat="50.761220" lon="2.830522">
        <ele>28.177109</ele>
        <time>2024-03-06T21:58:12.606Z</time>
      </trkpt>
      <trkpt lat="50.761287" lon="2.830583">
        <ele>28.152665</ele>
        <time>2024-03-06T21:58:14.457Z</time>
      </trkpt>
      <trkpt lat="50.761556" lon="2.830787">
        <ele>28.058338</ele>
        <time>2024-03-06T21:58:18.249Z</time>
      </trkpt>
      <trkpt lat="50.761871" lon="2.830807">
        <ele>27.958667</ele>
        <time>2024-03-06T21:58:22.130Z</time>
      </trkpt>
      <trkpt lat="50.761858" lon="2.830902">
        <ele>27.939350</ele>
        <time>2024-03-06T21:58:23.724Z</time>
      </trkpt>
      <trkpt lat="50.761852" lon="2.831526">
        <ele>27.827542</ele>
        <time>2024-03-06T21:58:31.402Z</time>
      </trkpt>
      <trkpt lat="50.761706" lon="2.832510">
        <ele>27.646465</ele>
        <time>2024-03-06T21:58:43.757Z</time>
      </trkpt>
      <trkpt lat="50.761606" lon="2.833858">
        <ele>27.395534</ele>
        <time>2024-03-06T21:59:00.503Z</time>
      </trkpt>
      <trkpt lat="50.761512" lon="2.834365">
        <ele>27.274286</ele>
        <time>2024-03-06T21:59:06.742Z</time>
      </trkpt>
      <trkpt lat="50.761356" lon="2.834920">
        <ele>27.134909</ele>
        <time>2024-03-06T21:59:13.891Z</time>
      </trkpt>
      <trkpt lat="50.761258" lon="2.835155">
        <ele>27.070312</ele>
        <time>2024-03-06T21:59:17.215Z</time>
      </trkpt>
      <trkpt lat="50.760841" lon="2.835872">
        <ele>26.846784</ele>
        <time>2024-03-06T21:59:28.942Z</time>
      </trkpt>
      <trkpt lat="50.760747" lon="2.836107">
        <ele>26.782974</ele>
        <time>2024-03-06T21:59:32.321Z</time>
      </trkpt>
      <trkpt lat="50.760623" lon="2.836528">
        <ele>26.711635</ele>
        <time>2024-03-06T21:59:38.029Z</time>
      </trkpt>
      <trkpt lat="50.760524" lon="2.837195">
        <ele>26.608725</ele>
        <time>2024-03-06T21:59:46.346Z</time>
      </trkpt>
      <trkpt lat="50.760308" lon="2.838160">
        <ele>26.454966</ele>
        <time>2024-03-06T21:59:58.627Z</time>
      </trkpt>
      <trkpt lat="50.760240" lon="2.838554">
        <ele>26.393621</ele>
        <time>2024-03-06T22:00:03.553Z</time>
      </trkpt>
      <trkpt lat="50.760145" lon="2.839380">
        <ele>26.349014</ele>
        <time>2024-03-06T22:00:14.483Z</time>
      </trkpt>
      <trkpt lat="50.760137" lon="2.840113">
        <ele>26.346023</ele>
        <time>2024-03-06T22:00:23.905Z</time>
      </trkpt>
      <trkpt lat="50.760108" lon="2.840249">
        <ele>26.345437</ele>
        <time>2024-03-06T22:00:25.547Z</time>
      </trkpt>
      <trkpt lat="50.760063" lon="2.840339">
        <ele>26.344969</ele>
        <time>2024-03-06T22:00:27.022Z</time>
      </trkpt>
      <trkpt lat="50.759976" lon="2.840431">
        <ele>26.344294</ele>
        <time>2024-03-06T22:00:29.354Z</time>
      </trkpt>
      <trkpt lat="50.759772" lon="2.840599">
        <ele>26.342811</ele>
        <time>2024-03-06T22:00:33.727Z</time>
      </trkpt>
      <trkpt lat="50.759692" lon="2.840858">
        <ele>26.341635</ele>
        <time>2024-03-06T22:00:37.686Z</time>
      </trkpt>
      <trkpt lat="50.759455" lon="2.842352">
        <ele>26.322310</ele>
        <time>2024-03-06T22:00:57.809Z</time>
      </trkpt>
      <trkpt lat="50.759508" lon="2.842932">
        <ele>26.312732</ele>
        <time>2024-03-06T22:01:05.293Z</time>
      </trkpt>
      <trkpt lat="50.759492" lon="2.844337">
        <ele>26.300850</ele>
        <time>2024-03-06T22:01:22.595Z</time>
      </trkpt>
      <trkpt lat="50.759472" lon="2.844509">
        <ele>26.307172</ele>
        <time>2024-03-06T22:01:24.791Z</time>
      </trkpt>
      <trkpt lat="50.759385" lon="2.845216">
        <ele>26.333211</ele>
        <time>2024-03-06T22:01:33.758Z</time>
      </trkpt>
      <trkpt lat="50.759380" lon="2.845967">
        <ele>26.360363</ele>
        <time>2024-03-06T22:01:43.268Z</time>
      </trkpt>
      <trkpt lat="50.759714" lon="2.849569">
        <ele>26.988461</ele>
        <time>2024-03-06T22:02:32.779Z</time>
      </trkpt>
      <trkpt lat="50.759724" lon="2.850306">
        <ele>27.206917</ele>
        <time>2024-03-06T22:02:43.369Z</time>
      </trkpt>
      <trkpt lat="50.759757" lon="2.850796">
        <ele>27.365365</ele>
        <time>2024-03-06T22:02:50.449Z</time>
      </trkpt>
      <trkpt lat="50.759828" lon="2.851150">
        <ele>27.484776</ele>
        <time>2024-03-06T22:02:55.826Z</time>
      </trkpt>
      <trkpt lat="50.760006" lon="2.851762">
        <ele>27.701366</ele>
        <time>2024-03-06T22:03:05.676Z</time>
      </trkpt>
      <trkpt lat="50.760041" lon="2.852095">
        <ele>27.809909</ele>
        <time>2024-03-06T22:03:10.466Z</time>
      </trkpt>
      <trkpt lat="50.760020" lon="2.852219">
        <ele>27.851184</ele>
        <time>2024-03-06T22:03:12.360Z</time>
      </trkpt>
      <trkpt lat="50.760059" lon="2.852446">
        <ele>27.926819</ele>
        <time>2024-03-06T22:03:14.741Z</time>
      </trkpt>
      <trkpt lat="50.760019" lon="2.852694">
        <ele>27.909736</ele>
        <time>2024-03-06T22:03:17.420Z</time>
      </trkpt>
      <trkpt lat="50.759795" lon="2.853276">
        <ele>27.789799</ele>
        <time>2024-03-06T22:03:23.791Z</time>
      </trkpt>
      <trkpt lat="50.759648" lon="2.853796">
        <ele>27.689526</ele>
        <time>2024-03-06T22:03:28.563Z</time>
      </trkpt>
      <trkpt lat="50.759424" lon="2.854830">
        <ele>27.497109</ele>
        <time>2024-03-06T22:03:37.517Z</time>
      </trkpt>
      <trkpt lat="50.759185" lon="2.855861">
        <ele>27.585144</ele>
        <time>2024-03-06T22:03:46.654Z</time>
      </trkpt>
      <trkpt lat="50.758191" lon="2.860177">
        <ele>30.028775</ele>
        <time>2024-03-06T22:04:37.332Z</time>
      </trkpt>
      <trkpt lat="50.758141" lon="2.860447">
        <ele>30.258744</ele>
        <time>2024-03-06T22:04:42.489Z</time>
      </trkpt>
      <trkpt lat="50.758140" lon="2.860901">
        <ele>31.423287</ele>
        <time>2024-03-06T22:04:51.203Z</time>
      </trkpt>
      <trkpt lat="50.758499" lon="2.862615">
        <ele>36.154795</ele>
        <time>2024-03-06T22:05:29.993Z</time>
      </trkpt>
      <trkpt lat="50.758980" lon="2.864897">
        <ele>41.229743</ele>
        <time>2024-03-06T22:06:17.434Z</time>
      </trkpt>
      <trkpt lat="50.759383" lon="2.866781">
        <ele>43.283205</ele>
        <time>2024-03-06T22:06:42.632Z</time>
      </trkpt>
      <trkpt lat="50.759981" lon="2.869534">
        <ele>42.583007</ele>
        <time>2024-03-06T22:07:06.610Z</time>
      </trkpt>
      <trkpt lat="50.760001" lon="2.869635">
        <ele>42.501519</ele>
        <time>2024-03-06T22:07:07.416Z</time>
      </trkpt>
      <trkpt lat="50.760566" lon="2.872395">
        <ele>39.693579</ele>
        <time>2024-03-06T22:07:28.357Z</time>
      </trkpt>
      <trkpt lat="50.759329" lon="2.872771">
        <ele>37.061295</ele>
        <time>2024-03-06T22:07:47.803Z</time>
      </trkpt>
      <trkpt lat="50.758969" lon="2.872995">
        <ele>36.048591</ele>
        <time>2024-03-06T22:07:53.636Z</time>
      </trkpt>
      <trkpt lat="50.758552" lon="2.873255">
        <ele>34.875217</ele>
        <time>2024-03-06T22:08:00.348Z</time>
      </trkpt>
      <trkpt lat="50.757755" lon="2.873753">
        <ele>32.650308</ele>
        <time>2024-03-06T22:08:13.198Z</time>
      </trkpt>
      <trkpt lat="50.757487" lon="2.873834">
        <ele>31.984591</ele>
        <time>2024-03-06T22:08:17.306Z</time>
      </trkpt>
      <trkpt lat="50.756620" lon="2.873963">
        <ele>29.859915</ele>
        <time>2024-03-06T22:08:30.509Z</time>
      </trkpt>
      <trkpt lat="50.756614" lon="2.875190">
        <ele>28.169272</ele>
        <time>2024-03-06T22:08:38.859Z</time>
      </trkpt>
      <trkpt lat="50.756648" lon="2.875648">
        <ele>27.721425</ele>
        <time>2024-03-06T22:08:42.111Z</time>
      </trkpt>
      <trkpt lat="50.756629" lon="2.875705">
        <ele>27.658854</ele>
        <time>2024-03-06T22:08:42.565Z</time>
      </trkpt>
      <trkpt lat="50.756597" lon="2.875747">
        <ele>27.595002</ele>
        <time>2024-03-06T22:08:43.033Z</time>
      </trkpt>
      <trkpt lat="50.755847" lon="2.875854">
        <ele>26.438949</ele>
        <time>2024-03-06T22:08:51.730Z</time>
      </trkpt>
      <trkpt lat="50.755820" lon="2.875904">
        <ele>26.375105</ele>
        <time>2024-03-06T22:08:52.221Z</time>
      </trkpt>
      <trkpt lat="50.755986" lon="2.878625">
        <ele>24.750884</ele>
        <time>2024-03-06T22:09:13.666Z</time>
      </trkpt>
      <trkpt lat="50.756053" lon="2.880033">
        <ele>24.419236</ele>
        <time>2024-03-06T22:09:25.786Z</time>
      </trkpt>
      <trkpt lat="50.756068" lon="2.881186">
        <ele>24.467129</ele>
        <time>2024-03-06T22:09:36.611Z</time>
      </trkpt>
      <trkpt lat="50.756279" lon="2.882723">
        <ele>24.706387</ele>
        <time>2024-03-06T22:09:53.077Z</time>
      </trkpt>
      <trkpt lat="50.756471" lon="2.883749">
        <ele>25.092477</ele>
        <time>2024-03-06T22:10:05.350Z</time>
      </trkpt>
      <trkpt lat="50.756567" lon="2.884130">
        <ele>25.240464</ele>
        <time>2024-03-06T22:10:09.940Z</time>
      </trkpt>
      <trkpt lat="50.757097" lon="2.885200">
        <ele>25.638672</ele>
        <time>2024-03-06T22:10:24.046Z</time>
      </trkpt>
      <trkpt lat="50.757320" lon="2.885609">
        <ele>25.741447</ele>
        <time>2024-03-06T22:10:29.228Z</time>
      </trkpt>
      <trkpt lat="50.758298" lon="2.887156">
        <ele>26.870404</ele>
        <time>2024-03-06T22:10:50.742Z</time>
      </trkpt>
      <trkpt lat="50.758617" lon="2.887661">
        <ele>28.204729</ele>
        <time>2024-03-06T22:10:59.974Z</time>
      </trkpt>
      <trkpt lat="50.758754" lon="2.887756">
        <ele>28.646888</ele>
        <time>2024-03-06T22:11:03.630Z</time>
      </trkpt>
      <trkpt lat="50.759050" lon="2.887781">
        <ele>29.522990</ele>
        <time>2024-03-06T22:11:11.684Z</time>
      </trkpt>
      <trkpt lat="50.759594" lon="2.887960">
        <ele>31.165290</ele>
        <time>2024-03-06T22:11:30.134Z</time>
      </trkpt>
      <trkpt lat="50.759669" lon="2.887996">
        <ele>31.402491</ele>
        <time>2024-03-06T22:11:33.108Z</time>
      </trkpt>
      <trkpt lat="50.759827" lon="2.888182">
        <ele>32.801943</ele>
        <time>2024-03-06T22:11:41.105Z</time>
      </trkpt>
      <trkpt lat="50.759932" lon="2.888376">
        <ele>33.949291</ele>
        <time>2024-03-06T22:11:47.738Z</time>
      </trkpt>
      <trkpt lat="50.760046" lon="2.888670">
        <ele>35.498912</ele>
        <time>2024-03-06T22:11:57.294Z</time>
      </trkpt>
      <trkpt lat="50.760348" lon="2.889754">
        <ele>40.821629</ele>
        <time>2024-03-06T22:12:32.078Z</time>
      </trkpt>
      <trkpt lat="50.760532" lon="2.890321">
        <ele>43.685286</ele>
        <time>2024-03-06T22:12:50.843Z</time>
      </trkpt>
      <trkpt lat="50.760623" lon="2.890549">
        <ele>44.699958</ele>
        <time>2024-03-06T22:12:58.025Z</time>
      </trkpt>
      <trkpt lat="50.760763" lon="2.890910">
        <ele>46.087193</ele>
        <time>2024-03-06T22:13:09.961Z</time>
      </trkpt>
      <trkpt lat="50.760956" lon="2.891459">
        <ele>48.144847</ele>
        <time>2024-03-06T22:13:25.701Z</time>
      </trkpt>
      <trkpt lat="50.761268" lon="2.892387">
        <ele>51.587765</ele>
        <time>2024-03-06T22:13:48.759Z</time>
      </trkpt>
      <trkpt lat="50.761909" lon="2.894141">
        <ele>54.266207</ele>
        <time>2024-03-06T22:14:20.175Z</time>
      </trkpt>
      <trkpt lat="50.762408" lon="2.895122">
        <ele>54.945465</ele>
        <time>2024-03-06T22:14:30.889Z</time>
      </trkpt>
      <trkpt lat="50.762493" lon="2.895313">
        <ele>54.829787</ele>
        <time>2024-03-06T22:14:32.558Z</time>
      </trkpt>
      <trkpt lat="50.762493" lon="2.895432">
        <ele>54.591887</ele>
        <time>2024-03-06T22:14:33.414Z</time>
      </trkpt>
      <trkpt lat="50.762409" lon="2.895422">
        <ele>54.325650</ele>
        <time>2024-03-06T22:14:34.788Z</time>
      </trkpt>
      <trkpt lat="50.761207" lon="2.895713">
        <ele>50.482390</ele>
        <time>2024-03-06T22:14:47.132Z</time>
      </trkpt>
      <trkpt lat="50.760667" lon="2.895814">
        <ele>48.543877</ele>
        <time>2024-03-06T22:14:52.269Z</time>
      </trkpt>
      <trkpt lat="50.760189" lon="2.895876">
        <ele>46.444896</ele>
        <time>2024-03-06T22:14:56.827Z</time>
      </trkpt>
      <trkpt lat="50.759985" lon="2.895861">
        <ele>45.551131</ele>
        <time>2024-03-06T22:14:58.759Z</time>
      </trkpt>
      <trkpt lat="50.759801" lon="2.895848">
        <ele>44.745057</ele>
        <time>2024-03-06T22:15:00.550Z</time>
      </trkpt>
      <trkpt lat="50.759413" lon="2.895757">
        <ele>43.028402</ele>
        <time>2024-03-06T22:15:04.349Z</time>
      </trkpt>
      <trkpt lat="50.759079" lon="2.895634">
        <ele>41.527522</ele>
        <time>2024-03-06T22:15:07.691Z</time>
      </trkpt>
      <trkpt lat="50.758215" lon="2.895221">
        <ele>38.534939</ele>
        <time>2024-03-06T22:15:16.513Z</time>
      </trkpt>
      <trkpt lat="50.753404" lon="2.892918">
        <ele>23.775311</ele>
        <time>2024-03-06T22:16:07.821Z</time>
      </trkpt>
      <trkpt lat="50.753301" lon="2.892875">
        <ele>23.690833</ele>
        <time>2024-03-06T22:16:09.128Z</time>
      </trkpt>
      <trkpt lat="50.753262" lon="2.892856">
        <ele>23.658471</ele>
        <time>2024-03-06T22:16:09.637Z</time>
      </trkpt>
      <trkpt lat="50.751375" lon="2.891958">
        <ele>23.412459</ele>
        <time>2024-03-06T22:16:42.143Z</time>
      </trkpt>
      <trkpt lat="50.750881" lon="2.891740">
        <ele>23.811364</ele>
        <time>2024-03-06T22:16:52.048Z</time>
      </trkpt>
      <trkpt lat="50.750507" lon="2.891616">
        <ele>24.108575</ele>
        <time>2024-03-06T22:16:59.364Z</time>
      </trkpt>
      <trkpt lat="50.750788" lon="2.890161">
        <ele>24.948901</ele>
        <time>2024-03-06T22:17:22.664Z</time>
      </trkpt>
      <trkpt lat="50.751281" lon="2.887384">
        <ele>26.243473</ele>
        <time>2024-03-06T22:18:04.950Z</time>
      </trkpt>
      <trkpt lat="50.751375" lon="2.886594">
        <ele>26.519571</ele>
        <time>2024-03-06T22:18:16.466Z</time>
      </trkpt>
      <trkpt lat="50.751941" lon="2.884627">
        <ele>26.794569</ele>
        <time>2024-03-06T22:18:44.644Z</time>
      </trkpt>
      <trkpt lat="50.751976" lon="2.884506">
        <ele>26.800957</ele>
        <time>2024-03-06T22:18:46.269Z</time>
      </trkpt>
      <trkpt lat="50.752627" lon="2.882147">
        <ele>27.496725</ele>
        <time>2024-03-06T22:19:19.149Z</time>
      </trkpt>
      <trkpt lat="50.752402" lon="2.881864">
        <ele>27.698508</ele>
        <time>2024-03-06T22:19:28.010Z</time>
      </trkpt>
      <trkpt lat="50.751994" lon="2.881448">
        <ele>28.039222</ele>
        <time>2024-03-06T22:19:44.110Z</time>
      </trkpt>
      <trkpt lat="50.751526" lon="2.881082">
        <ele>29.313024</ele>
        <time>2024-03-06T22:20:02.654Z</time>
      </trkpt>
      <trkpt lat="50.750381" lon="2.880338">
        <ele>32.915945</ele>
        <time>2024-03-06T22:20:52.547Z</time>
      </trkpt>
      <trkpt lat="50.749722" lon="2.879982">
        <ele>35.722834</ele>
        <time>2024-03-06T22:21:23.283Z</time>
      </trkpt>
      <trkpt lat="50.748939" lon="2.879625">
        <ele>39.257489</ele>
        <time>2024-03-06T22:22:00.172Z</time>
      </trkpt>
      <trkpt lat="50.748458" lon="2.879500">
        <ele>41.374771</ele>
        <time>2024-03-06T22:22:23.058Z</time>
      </trkpt>
      <trkpt lat="50.748157" lon="2.879456">
        <ele>42.703834</ele>
        <time>2024-03-06T22:22:37.688Z</time>
      </trkpt>
      <trkpt lat="50.747891" lon="2.879462">
        <ele>43.873482</ele>
        <time>2024-03-06T22:22:50.605Z</time>
      </trkpt>
      <trkpt lat="50.747634" lon="2.879571">
        <ele>45.043421</ele>
        <time>2024-03-06T22:23:02.717Z</time>
      </trkpt>
      <trkpt lat="50.747375" lon="2.879785">
        <ele>46.328407</ele>
        <time>2024-03-06T22:23:15.431Z</time>
      </trkpt>
      <trkpt lat="50.747310" lon="2.879635">
        <ele>46.834186</ele>
        <time>2024-03-06T22:23:19.951Z</time>
      </trkpt>
      <trkpt lat="50.745814" lon="2.879773">
        <ele>51.950640</ele>
        <time>2024-03-06T22:24:23.366Z</time>
      </trkpt>
      <trkpt lat="50.744107" lon="2.879931">
        <ele>55.273741</ele>
        <time>2024-03-06T22:25:24.468Z</time>
      </trkpt>
      <trkpt lat="50.743576" lon="2.880003">
        <ele>55.848207</ele>
        <time>2024-03-06T22:25:40.932Z</time>
      </trkpt>
      <trkpt lat="50.742461" lon="2.880291">
        <ele>55.317521</ele>
        <time>2024-03-06T22:26:10.606Z</time>
      </trkpt>
      <trkpt lat="50.742561" lon="2.881547">
        <ele>54.355674</ele>
        <time>2024-03-06T22:26:29.420Z</time>
      </trkpt>
      <trkpt lat="50.742564" lon="2.882534">
        <ele>52.743615</ele>
        <time>2024-03-06T22:26:43.244Z</time>
      </trkpt>
      <trkpt lat="50.742548" lon="2.882888">
        <ele>51.982999</ele>
        <time>2024-03-06T22:26:48.011Z</time>
      </trkpt>
      <trkpt lat="50.742514" lon="2.883126">
        <ele>51.460087</ele>
        <time>2024-03-06T22:26:51.269Z</time>
      </trkpt>
      <trkpt lat="50.742476" lon="2.883240">
        <ele>51.183942</ele>
        <time>2024-03-06T22:26:52.973Z</time>
      </trkpt>
      <trkpt lat="50.742380" lon="2.883530">
        <ele>50.482515</ele>
        <time>2024-03-06T22:26:57.267Z</time>
      </trkpt>
      <trkpt lat="50.742332" lon="2.883803">
        <ele>49.875262</ele>
        <time>2024-03-06T22:27:00.953Z</time>
      </trkpt>
      <trkpt lat="50.742363" lon="2.884254">
        <ele>48.903001</ele>
        <time>2024-03-06T22:27:06.805Z</time>
      </trkpt>
      <trkpt lat="50.742354" lon="2.884743">
        <ele>47.829163</ele>
        <time>2024-03-06T22:27:13.042Z</time>
      </trkpt>
      <trkpt lat="50.742379" lon="2.885204">
        <ele>46.648460</ele>
        <time>2024-03-06T22:27:18.881Z</time>
      </trkpt>
      <trkpt lat="50.742432" lon="2.885542">
        <ele>45.759858</ele>
        <time>2024-03-06T22:27:23.280Z</time>
      </trkpt>
      <trkpt lat="50.742558" lon="2.885970">
        <ele>44.555275</ele>
        <time>2024-03-06T22:27:29.288Z</time>
      </trkpt>
      <trkpt lat="50.742664" lon="2.886169">
        <ele>43.891510</ele>
        <time>2024-03-06T22:27:32.614Z</time>
      </trkpt>
      <trkpt lat="50.742884" lon="2.886347">
        <ele>42.894831</ele>
        <time>2024-03-06T22:27:37.625Z</time>
      </trkpt>
      <trkpt lat="50.742917" lon="2.886457">
        <ele>42.584187</ele>
        <time>2024-03-06T22:27:39.209Z</time>
      </trkpt>
      <trkpt lat="50.742925" lon="2.887248">
        <ele>40.623863</ele>
        <time>2024-03-06T22:27:49.558Z</time>
      </trkpt>
      <trkpt lat="50.742876" lon="2.887843">
        <ele>39.621608</ele>
        <time>2024-03-06T22:27:57.573Z</time>
      </trkpt>
      <trkpt lat="50.742881" lon="2.888194">
        <ele>39.035157</ele>
        <time>2024-03-06T22:28:02.367Z</time>
      </trkpt>
      <trkpt lat="50.742947" lon="2.889552">
        <ele>36.760106</ele>
        <time>2024-03-06T22:28:21.408Z</time>
      </trkpt>
      <trkpt lat="50.742958" lon="2.889771">
        <ele>36.393143</ele>
        <time>2024-03-06T22:28:24.618Z</time>
      </trkpt>
      <trkpt lat="50.743018" lon="2.890013">
        <ele>35.965894</ele>
        <time>2024-03-06T22:28:28.344Z</time>
      </trkpt>
      <trkpt lat="50.743058" lon="2.890177">
        <ele>35.745303</ele>
        <time>2024-03-06T22:28:29.582Z</time>
      </trkpt>
      <trkpt lat="50.744306" lon="2.895217">
        <ele>29.169765</ele>
        <time>2024-03-06T22:29:07.320Z</time>
      </trkpt>
      <trkpt lat="50.744377" lon="2.895578">
        <ele>28.838021</ele>
        <time>2024-03-06T22:29:10.117Z</time>
      </trkpt>
      <trkpt lat="50.744442" lon="2.896439">
        <ele>28.146983</ele>
        <time>2024-03-06T22:29:16.606Z</time>
      </trkpt>
      <trkpt lat="50.744344" lon="2.898356">
        <ele>26.547923</ele>
        <time>2024-03-06T22:29:31.384Z</time>
      </trkpt>
      <trkpt lat="50.744258" lon="2.899562">
        <ele>25.253011</ele>
        <time>2024-03-06T22:29:40.242Z</time>
      </trkpt>
      <trkpt lat="50.744280" lon="2.900198">
        <ele>24.573405</ele>
        <time>2024-03-06T22:29:44.716Z</time>
      </trkpt>
      <trkpt lat="50.743201" lon="2.899184">
        <ele>22.349158</ele>
        <time>2024-03-06T22:30:12.959Z</time>
      </trkpt>
      <trkpt lat="50.742637" lon="2.898824">
        <ele>21.240033</ele>
        <time>2024-03-06T22:30:26.926Z</time>
      </trkpt>
      <trkpt lat="50.742061" lon="2.898537">
        <ele>20.411638</ele>
        <time>2024-03-06T22:30:41.243Z</time>
      </trkpt>
      <trkpt lat="50.742016" lon="2.898476">
        <ele>20.385743</ele>
        <time>2024-03-06T22:30:42.686Z</time>
      </trkpt>
      <trkpt lat="50.741991" lon="2.898312">
        <ele>20.339119</ele>
        <time>2024-03-06T22:30:45.299Z</time>
      </trkpt>
      <trkpt lat="50.741971" lon="2.897837">
        <ele>20.207546</ele>
        <time>2024-03-06T22:30:52.810Z</time>
      </trkpt>
      <trkpt lat="50.741909" lon="2.897268">
        <ele>20.047968</ele>
        <time>2024-03-06T22:31:02.388Z</time>
      </trkpt>
      <trkpt lat="50.741854" lon="2.896043">
        <ele>19.716615</ele>
        <time>2024-03-06T22:31:24.507Z</time>
      </trkpt>
      <trkpt lat="50.741818" lon="2.895770">
        <ele>19.818948</ele>
        <time>2024-03-06T22:31:29.660Z</time>
      </trkpt>
      <trkpt lat="50.741105" lon="2.893653">
        <ele>20.698994</ele>
        <time>2024-03-06T22:32:16.102Z</time>
      </trkpt>
      <trkpt lat="50.740973" lon="2.893096">
        <ele>20.746083</ele>
        <time>2024-03-06T22:32:27.529Z</time>
      </trkpt>
      <trkpt lat="50.740750" lon="2.892315">
        <ele>20.728743</ele>
        <time>2024-03-06T22:32:43.268Z</time>
      </trkpt>
      <trkpt lat="50.740612" lon="2.891730">
        <ele>20.716108</ele>
        <time>2024-03-06T22:32:54.020Z</time>
      </trkpt>
      <trkpt lat="50.740430" lon="2.890679">
        <ele>20.644090</ele>
        <time>2024-03-06T22:33:11.769Z</time>
      </trkpt>
      <trkpt lat="50.740347" lon="2.890204">
        <ele>20.489820</ele>
        <time>2024-03-06T22:33:19.604Z</time>
      </trkpt>
      <trkpt lat="50.740040" lon="2.888904">
        <ele>20.055423</ele>
        <time>2024-03-06T22:33:41.694Z</time>
      </trkpt>
      <trkpt lat="50.739916" lon="2.888508">
        <ele>19.917103</ele>
        <time>2024-03-06T22:33:49.000Z</time>
      </trkpt>
      <trkpt lat="50.739897" lon="2.888442">
        <ele>19.894403</ele>
        <time>2024-03-06T22:33:50.195Z</time>
      </trkpt>
      <trkpt lat="50.739385" lon="2.886351">
        <ele>20.680106</ele>
        <time>2024-03-06T22:34:33.137Z</time>
      </trkpt>
      <trkpt lat="50.739289" lon="2.885243">
        <ele>21.144661</ele>
        <time>2024-03-06T22:34:56.539Z</time>
      </trkpt>
      <trkpt lat="50.739380" lon="2.884572">
        <ele>21.358605</ele>
        <time>2024-03-06T22:35:09.699Z</time>
      </trkpt>
      <trkpt lat="50.739362" lon="2.884144">
        <ele>21.492335</ele>
        <time>2024-03-06T22:35:18.004Z</time>
      </trkpt>
      <trkpt lat="50.739333" lon="2.884027">
        <ele>21.531510</ele>
        <time>2024-03-06T22:35:20.323Z</time>
      </trkpt>
      <trkpt lat="50.739439" lon="2.883913">
        <ele>21.594677</ele>
        <time>2024-03-06T22:35:24.385Z</time>
      </trkpt>
      <trkpt lat="50.739032" lon="2.883337">
        <ele>21.863842</ele>
        <time>2024-03-06T22:35:33.031Z</time>
      </trkpt>
      <trkpt lat="50.738730" lon="2.883023">
        <ele>21.813567</ele>
        <time>2024-03-06T22:35:38.542Z</time>
      </trkpt>
      <trkpt lat="50.738210" lon="2.882695">
        <ele>21.360738</ele>
        <time>2024-03-06T22:35:45.704Z</time>
      </trkpt>
      <trkpt lat="50.737629" lon="2.882433">
        <ele>20.872084</ele>
        <time>2024-03-06T22:35:52.729Z</time>
      </trkpt>
      <trkpt lat="50.735532" lon="2.881490">
        <ele>18.968277</ele>
        <time>2024-03-06T22:36:19.680Z</time>
      </trkpt>
      <trkpt lat="50.735385" lon="2.881424">
        <ele>18.869183</ele>
        <time>2024-03-06T22:36:21.593Z</time>
      </trkpt>
      <trkpt lat="50.735340" lon="2.880826">
        <ele>18.716755</ele>
        <time>2024-03-06T22:36:28.511Z</time>
      </trkpt>
      <trkpt lat="50.735360" lon="2.880321">
        <ele>18.588684</ele>
        <time>2024-03-06T22:36:34.561Z</time>
      </trkpt>
      <trkpt lat="50.735443" lon="2.879456">
        <ele>18.367240</ele>
        <time>2024-03-06T22:36:45.214Z</time>
      </trkpt>
      <trkpt lat="50.735608" lon="2.878010">
        <ele>18.359624</ele>
        <time>2024-03-06T22:37:03.467Z</time>
      </trkpt>
      <trkpt lat="50.735638" lon="2.877282">
        <ele>18.539216</ele>
        <time>2024-03-06T22:37:13.297Z</time>
      </trkpt>
      <trkpt lat="50.735637" lon="2.877197">
        <ele>18.560144</ele>
        <time>2024-03-06T22:37:14.463Z</time>
      </trkpt>
      <trkpt lat="50.735625" lon="2.875755">
        <ele>19.004318</ele>
        <time>2024-03-06T22:37:35.586Z</time>
      </trkpt>
      <trkpt lat="50.735814" lon="2.875760">
        <ele>19.262280</ele>
        <time>2024-03-06T22:37:41.575Z</time>
      </trkpt>
      <trkpt lat="50.736027" lon="2.875765">
        <ele>19.552990</ele>
        <time>2024-03-06T22:37:48.287Z</time>
      </trkpt>
      <trkpt lat="50.736383" lon="2.875684">
        <ele>20.043830</ele>
        <time>2024-03-06T22:37:59.972Z</time>
      </trkpt>
      <trkpt lat="50.738107" lon="2.874904">
        <ele>22.584776</ele>
        <time>2024-03-06T22:39:02.326Z</time>
      </trkpt>
      <trkpt lat="50.739363" lon="2.874213">
        <ele>24.360932</ele>
        <time>2024-03-06T22:39:46.006Z</time>
      </trkpt>
      <trkpt lat="50.741017" lon="2.874236">
        <ele>25.787686</ele>
        <time>2024-03-06T22:40:37.958Z</time>
      </trkpt>
      <trkpt lat="50.741114" lon="2.874238">
        <ele>25.799409</ele>
        <time>2024-03-06T22:40:41.002Z</time>
      </trkpt>
      <trkpt lat="50.741455" lon="2.873219">
        <ele>25.887556</ele>
        <time>2024-03-06T22:40:53.272Z</time>
      </trkpt>
      <trkpt lat="50.741586" lon="2.872637">
        <ele>25.934793</ele>
        <time>2024-03-06T22:40:58.935Z</time>
      </trkpt>
      <trkpt lat="50.741628" lon="2.872334">
        <ele>25.958513</ele>
        <time>2024-03-06T22:41:01.554Z</time>
      </trkpt>
      <trkpt lat="50.741625" lon="2.872050">
        <ele>25.925182</ele>
        <time>2024-03-06T22:41:03.870Z</time>
      </trkpt>
      <trkpt lat="50.741565" lon="2.871793">
        <ele>25.619701</ele>
        <time>2024-03-06T22:41:06.036Z</time>
      </trkpt>
      <trkpt lat="50.740140" lon="2.867787">
        <ele>20.666218</ele>
        <time>2024-03-06T22:41:37.806Z</time>
      </trkpt>
      <trkpt lat="50.739842" lon="2.866893">
        <ele>19.913129</ele>
        <time>2024-03-06T22:41:45.636Z</time>
      </trkpt>
      <trkpt lat="50.743102" lon="2.864366">
        <ele>22.527416</ele>
        <time>2024-03-06T22:43:07.318Z</time>
      </trkpt>
      <trkpt lat="50.743380" lon="2.864151">
        <ele>23.690724</ele>
        <time>2024-03-06T22:43:17.768Z</time>
      </trkpt>
      <trkpt lat="50.743570" lon="2.864127">
        <ele>24.407134</ele>
        <time>2024-03-06T22:43:24.692Z</time>
      </trkpt>
      <trkpt lat="50.744008" lon="2.864178">
        <ele>26.057861</ele>
        <time>2024-03-06T22:43:41.217Z</time>
      </trkpt>
      <trkpt lat="50.744068" lon="2.864185">
        <ele>26.283991</ele>
        <time>2024-03-06T22:43:43.512Z</time>
      </trkpt>
      <trkpt lat="50.745127" lon="2.864309">
        <ele>30.326493</ele>
        <time>2024-03-06T22:44:27.058Z</time>
      </trkpt>
      <trkpt lat="50.747176" lon="2.864613">
        <ele>36.368230</ele>
        <time>2024-03-06T22:45:36.718Z</time>
      </trkpt>
      <trkpt lat="50.747962" lon="2.862047">
        <ele>36.873942</ele>
        <time>2024-03-06T22:46:01.457Z</time>
      </trkpt>
      <trkpt lat="50.748040" lon="2.861910">
        <ele>36.751426</ele>
        <time>2024-03-06T22:46:02.759Z</time>
      </trkpt>
      <trkpt lat="50.748113" lon="2.861785">
        <ele>36.638345</ele>
        <time>2024-03-06T22:46:03.989Z</time>
      </trkpt>
      <trkpt lat="50.749432" lon="2.860093">
        <ele>34.919244</ele>
        <time>2024-03-06T22:46:23.538Z</time>
      </trkpt>
      <trkpt lat="50.749525" lon="2.859838">
        <ele>34.738182</ele>
        <time>2024-03-06T22:46:25.887Z</time>
      </trkpt>
      <trkpt lat="50.749549" lon="2.859610">
        <ele>34.595997</ele>
        <time>2024-03-06T22:46:27.731Z</time>
      </trkpt>
      <trkpt lat="50.749536" lon="2.859056">
        <ele>34.254961</ele>
        <time>2024-03-06T22:46:32.307Z</time>
      </trkpt>
      <trkpt lat="50.749482" lon="2.857506">
        <ele>33.659859</ele>
        <time>2024-03-06T22:46:45.928Z</time>
      </trkpt>
      <trkpt lat="50.749436" lon="2.856124">
        <ele>33.255349</ele>
        <time>2024-03-06T22:46:57.942Z</time>
      </trkpt>
      <trkpt lat="50.749389" lon="2.855682">
        <ele>33.071191</ele>
        <time>2024-03-06T22:47:01.497Z</time>
      </trkpt>
      <trkpt lat="50.749333" lon="2.855405">
        <ele>32.837408</ele>
        <time>2024-03-06T22:47:03.727Z</time>
      </trkpt>
      <trkpt lat="50.749430" lon="2.855372">
        <ele>32.711335</ele>
        <time>2024-03-06T22:47:04.937Z</time>
      </trkpt>
      <trkpt lat="50.749583" lon="2.855379">
        <ele>32.516849</ele>
        <time>2024-03-06T22:47:06.725Z</time>
      </trkpt>
      <trkpt lat="50.749885" lon="2.855440">
        <ele>32.130002</ele>
        <time>2024-03-06T22:47:10.255Z</time>
      </trkpt>
      <trkpt lat="50.750191" lon="2.855549">
        <ele>31.731440</ele>
        <time>2024-03-06T22:47:13.887Z</time>
      </trkpt>
      <trkpt lat="50.750836" lon="2.855891">
        <ele>30.867692</ele>
        <time>2024-03-06T22:47:21.686Z</time>
      </trkpt>
      <trkpt lat="50.751109" lon="2.855968">
        <ele>30.620097</ele>
        <time>2024-03-06T22:47:24.867Z</time>
      </trkpt>
      <trkpt lat="50.752227" lon="2.856088">
        <ele>29.619606</ele>
        <time>2024-03-06T22:47:38.790Z</time>
      </trkpt>
      <trkpt lat="50.752557" lon="2.856052">
        <ele>29.324269</ele>
        <time>2024-03-06T22:47:43.242Z</time>
      </trkpt>
      <trkpt lat="50.753572" lon="2.855500">
        <ele>28.677241</ele>
        <time>2024-03-06T22:47:57.972Z</time>
      </trkpt>
      <trkpt lat="50.754616" lon="2.854968">
        <ele>27.871389</ele>
        <time>2024-03-06T22:48:11.781Z</time>
      </trkpt>
      <trkpt lat="50.754968" lon="2.854867">
        <ele>27.466859</ele>
        <time>2024-03-06T22:48:16.058Z</time>
      </trkpt>
      <trkpt lat="50.755193" lon="2.854876">
        <ele>27.212357</ele>
        <time>2024-03-06T22:48:18.698Z</time>
      </trkpt>
      <trkpt lat="50.755423" lon="2.854986">
        <ele>26.940639</ele>
        <time>2024-03-06T22:48:21.535Z</time>
      </trkpt>
      <trkpt lat="50.755904" lon="2.855361">
        <ele>26.334189</ele>
        <time>2024-03-06T22:48:27.904Z</time>
      </trkpt>
      <trkpt lat="50.757023" lon="2.856288">
        <ele>25.392332</ele>
        <time>2024-03-06T22:48:43.110Z</time>
      </trkpt>
      <trkpt lat="50.757066" lon="2.856286">
        <ele>25.362255</ele>
        <time>2024-03-06T22:48:43.651Z</time>
      </trkpt>
      <trkpt lat="50.757197" lon="2.856182">
        <ele>25.259761</ele>
        <time>2024-03-06T22:48:45.603Z</time>
      </trkpt>
      <trkpt lat="50.757706" lon="2.855657">
        <ele>25.064269</ele>
        <time>2024-03-06T22:48:54.339Z</time>
      </trkpt>
      <trkpt lat="50.757803" lon="2.855567">
        <ele>25.189769</ele>
        <time>2024-03-06T22:48:56.297Z</time>
      </trkpt>
      <trkpt lat="50.757906" lon="2.855479">
        <ele>25.320409</ele>
        <time>2024-03-06T22:48:58.467Z</time>
      </trkpt>
      <trkpt lat="50.758163" lon="2.855361">
        <ele>25.619022</ele>
        <time>2024-03-06T22:49:03.277Z</time>
      </trkpt>
      <trkpt lat="50.758291" lon="2.855256">
        <ele>25.779931</ele>
        <time>2024-03-06T22:49:06.173Z</time>
      </trkpt>
      <trkpt lat="50.758624" lon="2.854770">
        <ele>26.285636</ele>
        <time>2024-03-06T22:49:15.348Z</time>
      </trkpt>
      <trkpt lat="50.758857" lon="2.854574">
        <ele>26.580137</ele>
        <time>2024-03-06T22:49:21.181Z</time>
      </trkpt>
      <trkpt lat="50.758927" lon="2.854545">
        <ele>26.660881</ele>
        <time>2024-03-06T22:49:22.524Z</time>
      </trkpt>
      <trkpt lat="50.759084" lon="2.854570">
        <ele>26.836949</ele>
        <time>2024-03-06T22:49:26.244Z</time>
      </trkpt>
      <trkpt lat="50.759239" lon="2.854661">
        <ele>27.036838</ele>
        <time>2024-03-06T22:49:29.885Z</time>
      </trkpt>
      <trkpt lat="50.759424" lon="2.854830">
        <ele>27.315460</ele>
        <time>2024-03-06T22:49:34.510Z</time>
      </trkpt>
      <trkpt lat="50.759713" lon="2.855176">
        <ele>27.788194</ele>
        <time>2024-03-06T22:49:44.026Z</time>
      </trkpt>
      <trkpt lat="50.759817" lon="2.855264">
        <ele>27.942015</ele>
        <time>2024-03-06T22:49:46.935Z</time>
      </trkpt>
      <trkpt lat="50.759959" lon="2.855296">
        <ele>28.129054</ele>
        <time>2024-03-06T22:49:50.678Z</time>
      </trkpt>
      <trkpt lat="50.760432" lon="2.855313">
        <ele>28.746005</ele>
        <time>2024-03-06T22:50:03.222Z</time>
      </trkpt>
      <trkpt lat="50.760607" lon="2.855297">
        <ele>28.974585</ele>
        <time>2024-03-06T22:50:07.533Z</time>
      </trkpt>
      <trkpt lat="50.760877" lon="2.855167">
        <ele>29.281382</ele>
        <time>2024-03-06T22:50:14.184Z</time>
      </trkpt>
      <trkpt lat="50.761467" lon="2.854933">
        <ele>29.350037</ele>
        <time>2024-03-06T22:50:26.866Z</time>
      </trkpt>
      <trkpt lat="50.761739" lon="2.854868">
        <ele>29.381086</ele>
        <time>2024-03-06T22:50:32.447Z</time>
      </trkpt>
      <trkpt lat="50.761806" lon="2.854896">
        <ele>29.388907</ele>
        <time>2024-03-06T22:50:33.808Z</time>
      </trkpt>
      <trkpt lat="50.761910" lon="2.855075">
        <ele>29.406259</ele>
        <time>2024-03-06T22:50:36.859Z</time>
      </trkpt>
      <trkpt lat="50.762554" lon="2.857441">
        <ele>29.347045</ele>
        <time>2024-03-06T22:51:08.634Z</time>
      </trkpt>
      <trkpt lat="50.762701" lon="2.857749">
        <ele>29.314567</ele>
        <time>2024-03-06T22:51:13.233Z</time>
      </trkpt>
      <trkpt lat="50.762792" lon="2.857869">
        <ele>29.298797</ele>
        <time>2024-03-06T22:51:15.558Z</time>
      </trkpt>
      <trkpt lat="50.762970" lon="2.858052">
        <ele>29.270542</ele>
        <time>2024-03-06T22:51:19.607Z</time>
      </trkpt>
      <trkpt lat="50.763214" lon="2.858220">
        <ele>29.279818</ele>
        <time>2024-03-06T22:51:24.864Z</time>
      </trkpt>
      <trkpt lat="50.763322" lon="2.858259">
        <ele>29.425618</ele>
        <time>2024-03-06T22:51:27.131Z</time>
      </trkpt>
      <trkpt lat="50.763641" lon="2.858383">
        <ele>29.857956</ele>
        <time>2024-03-06T22:51:34.067Z</time>
      </trkpt>
      <trkpt lat="50.764570" lon="2.858847">
        <ele>31.140171</ele>
        <time>2024-03-06T22:51:58.877Z</time>
      </trkpt>
      <trkpt lat="50.765014" lon="2.859134">
        <ele>32.105898</ele>
        <time>2024-03-06T22:52:13.482Z</time>
      </trkpt>
      <trkpt lat="50.765461" lon="2.859443">
        <ele>34.048918</ele>
        <time>2024-03-06T22:52:29.875Z</time>
      </trkpt>
      <trkpt lat="50.766667" lon="2.860567">
        <ele>39.819657</ele>
        <time>2024-03-06T22:53:23.683Z</time>
      </trkpt>
      <trkpt lat="50.766885" lon="2.860762">
        <ele>41.044982</ele>
        <time>2024-03-06T22:53:33.877Z</time>
      </trkpt>
      <trkpt lat="50.767190" lon="2.861015">
        <ele>42.729958</ele>
        <time>2024-03-06T22:53:47.853Z</time>
      </trkpt>
      <trkpt lat="50.767782" lon="2.861607">
        <ele>46.156724</ele>
        <time>2024-03-06T22:54:16.209Z</time>
      </trkpt>
      <trkpt lat="50.767903" lon="2.861826">
        <ele>47.056472</ele>
        <time>2024-03-06T22:54:23.591Z</time>
      </trkpt>
      <trkpt lat="50.768080" lon="2.862253">
        <ele>48.394080</ele>
        <time>2024-03-06T22:54:36.509Z</time>
      </trkpt>
      <trkpt lat="50.768840" lon="2.863562">
        <ele>52.644844</ele>
        <time>2024-03-06T22:55:17.758Z</time>
      </trkpt>
      <trkpt lat="50.769064" lon="2.863851">
        <ele>53.738365</ele>
        <time>2024-03-06T22:55:27.073Z</time>
      </trkpt>
      <trkpt lat="50.769802" lon="2.864508">
        <ele>55.144852</ele>
        <time>2024-03-06T22:55:51.227Z</time>
      </trkpt>
      <trkpt lat="50.770117" lon="2.864978">
        <ele>55.637393</ele>
        <time>2024-03-06T22:56:01.746Z</time>
      </trkpt>
      <trkpt lat="50.770429" lon="2.865366">
        <ele>56.088800</ele>
        <time>2024-03-06T22:56:10.437Z</time>
      </trkpt>
      <trkpt lat="50.770758" lon="2.865742">
        <ele>56.361145</ele>
        <time>2024-03-06T22:56:18.589Z</time>
      </trkpt>
      <trkpt lat="50.771453" lon="2.866426">
        <ele>55.963847</ele>
        <time>2024-03-06T22:56:33.371Z</time>
      </trkpt>
      <trkpt lat="50.771586" lon="2.866700">
        <ele>55.857834</ele>
        <time>2024-03-06T22:56:36.989Z</time>
      </trkpt>
      <trkpt lat="50.771727" lon="2.867190">
        <ele>55.692604</ele>
        <time>2024-03-06T22:56:43.035Z</time>
      </trkpt>
      <trkpt lat="50.771911" lon="2.867690">
        <ele>55.617104</ele>
        <time>2024-03-06T22:56:50.044Z</time>
      </trkpt>
      <trkpt lat="50.771988" lon="2.867832">
        <ele>55.756352</ele>
        <time>2024-03-06T22:56:52.638Z</time>
      </trkpt>
      <trkpt lat="50.772317" lon="2.868286">
        <ele>56.270363</ele>
        <time>2024-03-06T22:57:02.241Z</time>
      </trkpt>
      <trkpt lat="50.772435" lon="2.868376">
        <ele>56.424579</ele>
        <time>2024-03-06T22:57:04.966Z</time>
      </trkpt>
      <trkpt lat="50.772589" lon="2.868238">
        <ele>56.632943</ele>
        <time>2024-03-06T22:57:09.512Z</time>
      </trkpt>
      <trkpt lat="50.773309" lon="2.866961">
        <ele>58.330162</ele>
        <time>2024-03-06T22:57:39.539Z</time>
      </trkpt>
      <trkpt lat="50.773400" lon="2.866586">
        <ele>59.147391</ele>
        <time>2024-03-06T22:57:47.595Z</time>
      </trkpt>
      <trkpt lat="50.773435" lon="2.866010">
        <ele>60.324729</ele>
        <time>2024-03-06T22:58:00.485Z</time>
      </trkpt>
      <trkpt lat="50.773490" lon="2.865667">
        <ele>61.044687</ele>
        <time>2024-03-06T22:58:08.335Z</time>
      </trkpt>
      <trkpt lat="50.773871" lon="2.864609">
        <ele>63.506889</ele>
        <time>2024-03-06T22:58:35.021Z</time>
      </trkpt>
      <trkpt lat="50.774081" lon="2.864122">
        <ele>64.459906</ele>
        <time>2024-03-06T22:58:47.705Z</time>
      </trkpt>
      <trkpt lat="50.774272" lon="2.863757">
        <ele>65.225882</ele>
        <time>2024-03-06T22:58:57.345Z</time>
      </trkpt>
      <trkpt lat="50.774514" lon="2.863406">
        <ele>66.065443</ele>
        <time>2024-03-06T22:59:07.519Z</time>
      </trkpt>
      <trkpt lat="50.775273" lon="2.862661">
        <ele>68.092335</ele>
        <time>2024-03-06T22:59:32.856Z</time>
      </trkpt>
      <trkpt lat="50.775356" lon="2.862402">
        <ele>68.161992</ele>
        <time>2024-03-06T22:59:37.352Z</time>
      </trkpt>
      <trkpt lat="50.775385" lon="2.862168">
        <ele>68.219196</ele>
        <time>2024-03-06T22:59:41.086Z</time>
      </trkpt>
      <trkpt lat="50.775425" lon="2.861785">
        <ele>68.312321</ele>
        <time>2024-03-06T22:59:46.384Z</time>
      </trkpt>
      <trkpt lat="50.775485" lon="2.861548">
        <ele>68.373564</ele>
        <time>2024-03-06T22:59:50.038Z</time>
      </trkpt>
      <trkpt lat="50.775614" lon="2.861248">
        <ele>68.460596</ele>
        <time>2024-03-06T22:59:54.442Z</time>
      </trkpt>
      <trkpt lat="50.775738" lon="2.861072">
        <ele>68.523806</ele>
        <time>2024-03-06T22:59:57.942Z</time>
      </trkpt>
      <trkpt lat="50.775934" lon="2.860921">
        <ele>68.606517</ele>
        <time>2024-03-06T23:00:01.914Z</time>
      </trkpt>
      <trkpt lat="50.776019" lon="2.860753">
        <ele>68.658131</ele>
        <time>2024-03-06T23:00:04.713Z</time>
      </trkpt>
      <trkpt lat="50.776225" lon="2.859833">
        <ele>68.393513</ele>
        <time>2024-03-06T23:00:16.121Z</time>
      </trkpt>
      <trkpt lat="50.776318" lon="2.859440">
        <ele>68.184971</ele>
        <time>2024-03-06T23:00:21.072Z</time>
      </trkpt>
      <trkpt lat="50.776460" lon="2.858988">
        <ele>67.934141</ele>
        <time>2024-03-06T23:00:27.052Z</time>
      </trkpt>
      <trkpt lat="50.776691" lon="2.858656">
        <ele>67.688817</ele>
        <time>2024-03-06T23:00:32.488Z</time>
      </trkpt>
      <trkpt lat="50.776774" lon="2.858603">
        <ele>67.618468</ele>
        <time>2024-03-06T23:00:34.029Z</time>
      </trkpt>
      <trkpt lat="50.777089" lon="2.858522">
        <ele>67.367649</ele>
        <time>2024-03-06T23:00:39.379Z</time>
      </trkpt>
      <trkpt lat="50.777494" lon="2.858487">
        <ele>66.790832</ele>
        <time>2024-03-06T23:00:46.150Z</time>
      </trkpt>
      <trkpt lat="50.777892" lon="2.858399">
        <ele>66.170221</ele>
        <time>2024-03-06T23:00:52.557Z</time>
      </trkpt>
      <trkpt lat="50.778374" lon="2.858179">
        <ele>65.395484</ele>
        <time>2024-03-06T23:01:00.584Z</time>
      </trkpt>
      <trkpt lat="50.779412" lon="2.858057">
        <ele>64.445208</ele>
        <time>2024-03-06T23:01:17.799Z</time>
      </trkpt>
      <trkpt lat="50.779268" lon="2.857189">
        <ele>64.336133</ele>
        <time>2024-03-06T23:01:27.875Z</time>
      </trkpt>
      <trkpt lat="50.779126" lon="2.856337">
        <ele>64.229037</ele>
        <time>2024-03-06T23:01:39.835Z</time>
      </trkpt>
      <trkpt lat="50.779062" lon="2.855668">
        <ele>64.627536</ele>
        <time>2024-03-06T23:01:52.059Z</time>
      </trkpt>
      <trkpt lat="50.779045" lon="2.855174">
        <ele>65.194658</ele>
        <time>2024-03-06T23:02:01.603Z</time>
      </trkpt>
      <trkpt lat="50.779055" lon="2.854677">
        <ele>65.764669</ele>
        <time>2024-03-06T23:02:10.896Z</time>
      </trkpt>
      <trkpt lat="50.778164" lon="2.854808">
        <ele>67.386934</ele>
        <time>2024-03-06T23:02:35.776Z</time>
      </trkpt>
      <trkpt lat="50.778092" lon="2.854784">
        <ele>67.457581</ele>
        <time>2024-03-06T23:02:37.621Z</time>
      </trkpt>
      <trkpt lat="50.778017" lon="2.854568">
        <ele>67.474210</ele>
        <time>2024-03-06T23:02:41.470Z</time>
      </trkpt>
      <trkpt lat="50.777803" lon="2.853203">
        <ele>67.569113</ele>
        <time>2024-03-06T23:03:02.423Z</time>
      </trkpt>
      <trkpt lat="50.777770" lon="2.850777">
        <ele>66.426860</ele>
        <time>2024-03-06T23:03:28.078Z</time>
      </trkpt>
      <trkpt lat="50.777373" lon="2.848438">
        <ele>64.386636</ele>
        <time>2024-03-06T23:03:52.860Z</time>
      </trkpt>
      <trkpt lat="50.776824" lon="2.846257">
        <ele>63.067940</ele>
        <time>2024-03-06T23:04:19.271Z</time>
      </trkpt>
      <trkpt lat="50.776530" lon="2.844932">
        <ele>63.037867</ele>
        <time>2024-03-06T23:04:36.867Z</time>
      </trkpt>
      <trkpt lat="50.775742" lon="2.842064">
        <ele>63.789197</ele>
        <time>2024-03-06T23:05:20.559Z</time>
      </trkpt>
      <trkpt lat="50.775636" lon="2.841494">
        <ele>64.012464</ele>
        <time>2024-03-06T23:05:29.365Z</time>
      </trkpt>
      <trkpt lat="50.775537" lon="2.840468">
        <ele>64.608269</ele>
        <time>2024-03-06T23:05:45.207Z</time>
      </trkpt>
      <trkpt lat="50.775540" lon="2.840282">
        <ele>64.723349</ele>
        <time>2024-03-06T23:05:48.034Z</time>
      </trkpt>
      <trkpt lat="50.775495" lon="2.837961">
        <ele>66.127991</ele>
        <time>2024-03-06T23:06:23.717Z</time>
      </trkpt>
      <trkpt lat="50.775344" lon="2.836693">
        <ele>66.846394</ele>
        <time>2024-03-06T23:06:42.691Z</time>
      </trkpt>
      <trkpt lat="50.775363" lon="2.835871">
        <ele>67.304371</ele>
        <time>2024-03-06T23:06:54.859Z</time>
      </trkpt>
      <trkpt lat="50.775607" lon="2.833052">
        <ele>69.436928</ele>
        <time>2024-03-06T23:07:39.355Z</time>
      </trkpt>
      <trkpt lat="50.775755" lon="2.830853">
        <ele>71.633100</ele>
        <time>2024-03-06T23:08:16.946Z</time>
      </trkpt>
      <trkpt lat="50.775782" lon="2.830023">
        <ele>72.479232</ele>
        <time>2024-03-06T23:08:31.111Z</time>
      </trkpt>
      <trkpt lat="50.775794" lon="2.828448">
        <ele>74.103571</ele>
        <time>2024-03-06T23:08:57.641Z</time>
      </trkpt>
      <trkpt lat="50.775830" lon="2.827824">
        <ele>74.749854</ele>
        <time>2024-03-06T23:09:06.081Z</time>
      </trkpt>
      <trkpt lat="50.775868" lon="2.827636">
        <ele>74.953427</ele>
        <time>2024-03-06T23:09:08.782Z</time>
      </trkpt>
      <trkpt lat="50.775875" lon="2.827528">
        <ele>75.065404</ele>
        <time>2024-03-06T23:09:10.207Z</time>
      </trkpt>
      <trkpt lat="50.775902" lon="2.826446">
        <ele>76.414198</ele>
        <time>2024-03-06T23:09:28.783Z</time>
      </trkpt>
      <trkpt lat="50.776163" lon="2.825122">
        <ele>78.287999</ele>
        <time>2024-03-06T23:09:53.393Z</time>
      </trkpt>
      <trkpt lat="50.776490" lon="2.823035">
        <ele>81.808801</ele>
        <time>2024-03-06T23:10:36.430Z</time>
      </trkpt>
      <trkpt lat="50.776542" lon="2.822553">
        <ele>82.681770</ele>
        <time>2024-03-06T23:10:46.782Z</time>
      </trkpt>
      <trkpt lat="50.776628" lon="2.821923">
        <ele>83.832444</ele>
        <time>2024-03-06T23:10:59.603Z</time>
      </trkpt>
      <trkpt lat="50.776786" lon="2.821192">
        <ele>85.118308</ele>
        <time>2024-03-06T23:11:14.163Z</time>
      </trkpt>
      <trkpt lat="50.776906" lon="2.820787">
        <ele>85.829757</ele>
        <time>2024-03-06T23:11:22.810Z</time>
      </trkpt>
      <trkpt lat="50.777490" lon="2.820962">
        <ele>87.324988</ele>
        <time>2024-03-06T23:11:37.239Z</time>
      </trkpt>
      <trkpt lat="50.777805" lon="2.821078">
        <ele>88.138590</ele>
        <time>2024-03-06T23:11:45.366Z</time>
      </trkpt>
      <trkpt lat="50.778169" lon="2.821150">
        <ele>89.182861</ele>
        <time>2024-03-06T23:11:54.375Z</time>
      </trkpt>
      <trkpt lat="50.778363" lon="2.821105">
        <ele>90.006352</ele>
        <time>2024-03-06T23:11:59.780Z</time>
      </trkpt>
      <trkpt lat="50.778525" lon="2.820931">
        <ele>90.828810</ele>
        <time>2024-03-06T23:12:03.918Z</time>
      </trkpt>
      <trkpt lat="50.778618" lon="2.820823">
        <ele>91.313392</ele>
        <time>2024-03-06T23:12:07.385Z</time>
      </trkpt>
      <trkpt lat="50.778540" lon="2.820778">
        <ele>91.662098</ele>
        <time>2024-03-06T23:12:09.746Z</time>
      </trkpt>
      <trkpt lat="50.778250" lon="2.820495">
        <ele>93.093273</ele>
        <time>2024-03-06T23:12:21.461Z</time>
      </trkpt>
      <trkpt lat="50.777988" lon="2.820070">
        <ele>94.669562</ele>
        <time>2024-03-06T23:12:34.964Z</time>
      </trkpt>
      <trkpt lat="50.777320" lon="2.818964">
        <ele>101.277496</ele>
        <time>2024-03-06T23:13:21.682Z</time>
      </trkpt>
      <trkpt lat="50.776952" lon="2.818406">
        <ele>105.791827</ele>
        <time>2024-03-06T23:13:50.299Z</time>
      </trkpt>
      <trkpt lat="50.777473" lon="2.817751">
        <ele>111.685230</ele>
        <time>2024-03-06T23:14:42.022Z</time>
      </trkpt>
      <trkpt lat="50.777654" lon="2.817579">
        <ele>113.865012</ele>
        <time>2024-03-06T23:14:58.957Z</time>
      </trkpt>
      <trkpt lat="50.777833" lon="2.817494">
        <ele>115.949340</ele>
        <time>2024-03-06T23:15:13.588Z</time>
      </trkpt>
      <trkpt lat="50.778920" lon="2.817306">
        <ele>128.144262</ele>
        <time>2024-03-06T23:16:47.570Z</time>
      </trkpt>
      <trkpt lat="50.779080" lon="2.817249">
        <ele>129.973356</ele>
        <time>2024-03-06T23:17:01.058Z</time>
      </trkpt>
      <trkpt lat="50.779205" lon="2.817151">
        <ele>131.529298</ele>
        <time>2024-03-06T23:17:11.929Z</time>
      </trkpt>
      <trkpt lat="50.779354" lon="2.816961">
        <ele>133.257041</ele>
        <time>2024-03-06T23:17:26.641Z</time>
      </trkpt>
      <trkpt lat="50.779455" lon="2.816757">
        <ele>134.486761</ele>
        <time>2024-03-06T23:17:38.569Z</time>
      </trkpt>
      <trkpt lat="50.779556" lon="2.816353">
        <ele>136.548657</ele>
        <time>2024-03-06T23:17:58.686Z</time>
      </trkpt>
      <trkpt lat="50.779553" lon="2.816066">
        <ele>137.911001</ele>
        <time>2024-03-06T23:18:07.394Z</time>
      </trkpt>
      <trkpt lat="50.779407" lon="2.815345">
        <ele>141.504209</ele>
        <time>2024-03-06T23:18:39.866Z</time>
      </trkpt>
      <trkpt lat="50.779362" lon="2.815124">
        <ele>142.606167</ele>
        <time>2024-03-06T23:18:49.335Z</time>
      </trkpt>
      <trkpt lat="50.779175" lon="2.814196">
        <ele>145.997058</ele>
        <time>2024-03-06T23:19:25.916Z</time>
      </trkpt>
      <trkpt lat="50.778961" lon="2.813351">
        <ele>146.250039</ele>
        <time>2024-03-06T23:19:51.811Z</time>
      </trkpt>
      <trkpt lat="50.778883" lon="2.812949">
        <ele>146.366906</ele>
        <time>2024-03-06T23:19:55.706Z</time>
      </trkpt>
      <trkpt lat="50.778854" lon="2.812646">
        <ele>146.452077</ele>
        <time>2024-03-06T23:19:58.386Z</time>
      </trkpt>
      <trkpt lat="50.778835" lon="2.812451">
        <ele>146.506911</ele>
        <time>2024-03-06T23:19:59.728Z</time>
      </trkpt>
      <trkpt lat="50.778502" lon="2.811426">
        <ele>145.169974</ele>
        <time>2024-03-06T23:20:07.245Z</time>
      </trkpt>
      <trkpt lat="50.778433" lon="2.811199">
        <ele>144.241495</ele>
        <time>2024-03-06T23:20:08.824Z</time>
      </trkpt>
      <trkpt lat="50.778363" lon="2.811178">
        <ele>143.826121</ele>
        <time>2024-03-06T23:20:09.515Z</time>
      </trkpt>
      <trkpt lat="50.778226" lon="2.811043">
        <ele>142.885060</ele>
        <time>2024-03-06T23:20:11.023Z</time>
      </trkpt>
      <trkpt lat="50.778103" lon="2.810973">
        <ele>142.122959</ele>
        <time>2024-03-06T23:20:12.275Z</time>
      </trkpt>
      <trkpt lat="50.777613" lon="2.810814">
        <ele>139.206771</ele>
        <time>2024-03-06T23:20:16.791Z</time>
      </trkpt>
      <trkpt lat="50.777514" lon="2.810729">
        <ele>138.550031</ele>
        <time>2024-03-06T23:20:17.772Z</time>
      </trkpt>
      <trkpt lat="50.777277" lon="2.810364">
        <ele>136.621396</ele>
        <time>2024-03-06T23:20:20.702Z</time>
      </trkpt>
      <trkpt lat="50.777193" lon="2.810281">
        <ele>135.999897</ele>
        <time>2024-03-06T23:20:21.573Z</time>
      </trkpt>
      <trkpt lat="50.776854" lon="2.810105">
        <ele>133.413672</ele>
        <time>2024-03-06T23:20:24.690Z</time>
      </trkpt>
      <trkpt lat="50.776978" lon="2.809919">
        <ele>132.174870</ele>
        <time>2024-03-06T23:20:26.211Z</time>
      </trkpt>
      <trkpt lat="50.777057" lon="2.809515">
        <ele>130.236645</ele>
        <time>2024-03-06T23:20:28.579Z</time>
      </trkpt>
      <trkpt lat="50.777123" lon="2.809291">
        <ele>129.103972</ele>
        <time>2024-03-06T23:20:29.999Z</time>
      </trkpt>
      <trkpt lat="50.777208" lon="2.809061">
        <ele>127.882947</ele>
        <time>2024-03-06T23:20:31.502Z</time>
      </trkpt>
      <trkpt lat="50.777356" lon="2.808771">
        <ele>126.174861</ele>
        <time>2024-03-06T23:20:33.676Z</time>
      </trkpt>
      <trkpt lat="50.777555" lon="2.808441">
        <ele>124.084812</ele>
        <time>2024-03-06T23:20:36.316Z</time>
      </trkpt>
      <trkpt lat="50.777629" lon="2.808360">
        <ele>123.432483</ele>
        <time>2024-03-06T23:20:37.129Z</time>
      </trkpt>
      <trkpt lat="50.777707" lon="2.808325">
        <ele>122.842056</ele>
        <time>2024-03-06T23:20:37.847Z</time>
      </trkpt>
      <trkpt lat="50.778215" lon="2.808205">
        <ele>119.089334</ele>
        <time>2024-03-06T23:20:42.460Z</time>
      </trkpt>
      <trkpt lat="50.778854" lon="2.808233">
        <ele>114.418884</ele>
        <time>2024-03-06T23:20:48.182Z</time>
      </trkpt>
      <trkpt lat="50.778923" lon="2.808220">
        <ele>113.911192</ele>
        <time>2024-03-06T23:20:48.799Z</time>
      </trkpt>
      <trkpt lat="50.779310" lon="2.807821">
        <ele>110.535917</ele>
        <time>2024-03-06T23:20:52.926Z</time>
      </trkpt>
      <trkpt lat="50.779468" lon="2.807603">
        <ele>108.820714</ele>
        <time>2024-03-06T23:20:54.774Z</time>
      </trkpt>
      <trkpt lat="50.779600" lon="2.807334">
        <ele>106.971180</ele>
        <time>2024-03-06T23:20:56.651Z</time>
      </trkpt>
      <trkpt lat="50.779672" lon="2.806936">
        <ele>104.722595</ele>
        <time>2024-03-06T23:20:58.930Z</time>
      </trkpt>
      <trkpt lat="50.779785" lon="2.804901">
        <ele>93.908832</ele>
        <time>2024-03-06T23:21:10.171Z</time>
      </trkpt>
      <trkpt lat="50.779981" lon="2.803333">
        <ele>87.757366</ele>
        <time>2024-03-06T23:21:19.340Z</time>
      </trkpt>
      <trkpt lat="50.780507" lon="2.801367">
        <ele>81.677876</ele>
        <time>2024-03-06T23:21:32.313Z</time>
      </trkpt>
      <trkpt lat="50.780585" lon="2.800954">
        <ele>80.882119</ele>
        <time>2024-03-06T23:21:35.099Z</time>
      </trkpt>
      <trkpt lat="50.780640" lon="2.800679">
        <ele>80.349628</ele>
        <time>2024-03-06T23:21:36.959Z</time>
      </trkpt>
      <trkpt lat="50.782480" lon="2.794757">
        <ele>74.040241</ele>
        <time>2024-03-06T23:22:26.408Z</time>
      </trkpt>
      <trkpt lat="50.782870" lon="2.793644">
        <ele>73.462297</ele>
        <time>2024-03-06T23:22:36.101Z</time>
      </trkpt>
      <trkpt lat="50.783609" lon="2.791888">
        <ele>72.800402</ele>
        <time>2024-03-06T23:22:54.083Z</time>
      </trkpt>
      <trkpt lat="50.783135" lon="2.791062">
        <ele>72.935644</ele>
        <time>2024-03-06T23:23:08.819Z</time>
      </trkpt>
      <trkpt lat="50.782351" lon="2.789639">
        <ele>72.975493</ele>
        <time>2024-03-06T23:23:29.073Z</time>
      </trkpt>
      <trkpt lat="50.782348" lon="2.789636">
        <ele>72.974230</ele>
        <time>2024-03-06T23:23:29.131Z</time>
      </trkpt>
      <trkpt lat="50.782204" lon="2.789484">
        <ele>72.912648</ele>
        <time>2024-03-06T23:23:32.004Z</time>
      </trkpt>
      <trkpt lat="50.782060" lon="2.789484">
        <ele>72.861425</ele>
        <time>2024-03-06T23:23:34.189Z</time>
      </trkpt>
      <trkpt lat="50.780737" lon="2.789833">
        <ele>72.188161</ele>
        <time>2024-03-06T23:23:51.193Z</time>
      </trkpt>
      <trkpt lat="50.779238" lon="2.790503">
        <ele>70.168677</ele>
        <time>2024-03-06T23:24:09.169Z</time>
      </trkpt>
      <trkpt lat="50.779043" lon="2.790552">
        <ele>70.011640</ele>
        <time>2024-03-06T23:24:11.445Z</time>
      </trkpt>
      <trkpt lat="50.779303" lon="2.791814">
        <ele>69.426740</ele>
        <time>2024-03-06T23:24:26.069Z</time>
      </trkpt>
      <trkpt lat="50.779345" lon="2.792402">
        <ele>69.165979</ele>
        <time>2024-03-06T23:24:33.083Z</time>
      </trkpt>
      <trkpt lat="50.779467" lon="2.793233">
        <ele>68.908892</ele>
        <time>2024-03-06T23:24:43.776Z</time>
      </trkpt>
      <trkpt lat="50.779496" lon="2.793662">
        <ele>68.990669</ele>
        <time>2024-03-06T23:24:49.216Z</time>
      </trkpt>
      <trkpt lat="50.779479" lon="2.795493">
        <ele>69.337762</ele>
        <time>2024-03-06T23:25:13.486Z</time>
      </trkpt>
      <trkpt lat="50.779457" lon="2.795728">
        <ele>69.382791</ele>
        <time>2024-03-06T23:25:16.924Z</time>
      </trkpt>
      <trkpt lat="50.779240" lon="2.796803">
        <ele>70.696374</ele>
        <time>2024-03-06T23:25:34.970Z</time>
      </trkpt>
      <trkpt lat="50.779225" lon="2.797067">
        <ele>71.046296</ele>
        <time>2024-03-06T23:25:39.752Z</time>
      </trkpt>
      <trkpt lat="50.779255" lon="2.797614">
        <ele>71.771125</ele>
        <time>2024-03-06T23:25:49.928Z</time>
      </trkpt>
      <trkpt lat="50.779392" lon="2.798519">
        <ele>72.999614</ele>
        <time>2024-03-06T23:26:08.695Z</time>
      </trkpt>
      <trkpt lat="50.779393" lon="2.798523">
        <ele>73.005293</ele>
        <time>2024-03-06T23:26:08.783Z</time>
      </trkpt>
      <trkpt lat="50.779857" lon="2.800860">
        <ele>77.682674</ele>
        <time>2024-03-06T23:26:59.241Z</time>
      </trkpt>
      <trkpt lat="50.779928" lon="2.801087">
        <ele>78.174151</ele>
        <time>2024-03-06T23:27:04.443Z</time>
      </trkpt>
      <trkpt lat="50.780445" lon="2.800933">
        <ele>80.046702</ele>
        <time>2024-03-06T23:27:21.831Z</time>
      </trkpt>
      <trkpt lat="50.780585" lon="2.800954">
        <ele>80.579420</ele>
        <time>2024-03-06T23:27:26.333Z</time>
      </trkpt>
      <trkpt lat="50.780507" lon="2.801367">
        <ele>81.611825</ele>
        <time>2024-03-06T23:27:33.979Z</time>
      </trkpt>
      <trkpt lat="50.779981" lon="2.803333">
        <ele>87.676506</ele>
        <time>2024-03-06T23:28:15.762Z</time>
      </trkpt>
      <trkpt lat="50.779785" lon="2.804901">
        <ele>94.481774</ele>
        <time>2024-03-06T23:28:57.017Z</time>
      </trkpt>
      <trkpt lat="50.779672" lon="2.806936">
        <ele>106.633515</ele>
        <time>2024-03-06T23:30:04.428Z</time>
      </trkpt>
      <trkpt lat="50.779600" lon="2.807334">
        <ele>109.489683</ele>
        <time>2024-03-06T23:30:20.237Z</time>
      </trkpt>
      <trkpt lat="50.779468" lon="2.807603">
        <ele>111.838974</ele>
        <time>2024-03-06T23:30:33.865Z</time>
      </trkpt>
      <trkpt lat="50.779310" lon="2.807821">
        <ele>114.126899</ele>
        <time>2024-03-06T23:30:47.563Z</time>
      </trkpt>
      <trkpt lat="50.778923" lon="2.808220">
        <ele>119.131218</ele>
        <time>2024-03-06T23:31:19.152Z</time>
      </trkpt>
      <trkpt lat="50.778854" lon="2.808233">
        <ele>119.875065</ele>
        <time>2024-03-06T23:31:23.430Z</time>
      </trkpt>
      <trkpt lat="50.778750" lon="2.808537">
        <ele>122.214628</ele>
        <time>2024-03-06T23:31:44.153Z</time>
      </trkpt>
      <trkpt lat="50.778184" lon="2.810187">
        <ele>134.920765</ele>
        <time>2024-03-06T23:33:21.332Z</time>
      </trkpt>
      <trkpt lat="50.778164" lon="2.810307">
        <ele>135.760768</ele>
        <time>2024-03-06T23:33:25.798Z</time>
      </trkpt>
      <trkpt lat="50.778200" lon="2.810523">
        <ele>136.497730</ele>
        <time>2024-03-06T23:33:35.162Z</time>
      </trkpt>
      <trkpt lat="50.778433" lon="2.811199">
        <ele>136.529978</ele>
        <time>2024-03-06T23:34:01.798Z</time>
      </trkpt>
      <trkpt lat="50.778363" lon="2.811178">
        <ele>136.534698</ele>
        <time>2024-03-06T23:34:03.150Z</time>
      </trkpt>
      <trkpt lat="50.778226" lon="2.811043">
        <ele>136.545390</ele>
        <time>2024-03-06T23:34:06.763Z</time>
      </trkpt>
      <trkpt lat="50.778103" lon="2.810973">
        <ele>136.554050</ele>
        <time>2024-03-06T23:34:09.222Z</time>
      </trkpt>
      <trkpt lat="50.777613" lon="2.810814">
        <ele>136.587184</ele>
        <time>2024-03-06T23:34:14.510Z</time>
      </trkpt>
      <trkpt lat="50.777514" lon="2.810729">
        <ele>136.594646</ele>
        <time>2024-03-06T23:34:15.562Z</time>
      </trkpt>
      <trkpt lat="50.777277" lon="2.810364">
        <ele>136.138688</ele>
        <time>2024-03-06T23:34:18.565Z</time>
      </trkpt>
      <trkpt lat="50.777193" lon="2.810281">
        <ele>135.450210</ele>
        <time>2024-03-06T23:34:19.440Z</time>
      </trkpt>
      <trkpt lat="50.776854" lon="2.810105">
        <ele>132.970112</ele>
        <time>2024-03-06T23:34:22.558Z</time>
      </trkpt>
      <trkpt lat="50.776978" lon="2.809919">
        <ele>131.782145</ele>
        <time>2024-03-06T23:34:24.079Z</time>
      </trkpt>
      <trkpt lat="50.777057" lon="2.809515">
        <ele>129.923456</ele>
        <time>2024-03-06T23:34:26.448Z</time>
      </trkpt>
      <trkpt lat="50.777123" lon="2.809291">
        <ele>128.837263</ele>
        <time>2024-03-06T23:34:27.868Z</time>
      </trkpt>
      <trkpt lat="50.777207" lon="2.809066">
        <ele>127.688813</ele>
        <time>2024-03-06T23:34:29.342Z</time>
      </trkpt>
      <trkpt lat="50.777208" lon="2.809061">
        <ele>127.665763</ele>
        <time>2024-03-06T23:34:29.370Z</time>
      </trkpt>
      <trkpt lat="50.777356" lon="2.808771">
        <ele>126.027770</ele>
        <time>2024-03-06T23:34:31.545Z</time>
      </trkpt>
      <trkpt lat="50.777555" lon="2.808441">
        <ele>124.020282</ele>
        <time>2024-03-06T23:34:34.185Z</time>
      </trkpt>
      <trkpt lat="50.777629" lon="2.808360">
        <ele>123.371495</ele>
        <time>2024-03-06T23:34:34.997Z</time>
      </trkpt>
      <trkpt lat="50.777707" lon="2.808325">
        <ele>122.786995</ele>
        <time>2024-03-06T23:34:35.715Z</time>
      </trkpt>
      <trkpt lat="50.778215" lon="2.808205">
        <ele>119.084185</ele>
        <time>2024-03-06T23:34:40.328Z</time>
      </trkpt>
      <trkpt lat="50.778854" lon="2.808233">
        <ele>114.475853</ele>
        <time>2024-03-06T23:34:46.051Z</time>
      </trkpt>
      <trkpt lat="50.778923" lon="2.808220">
        <ele>113.974914</ele>
        <time>2024-03-06T23:34:46.668Z</time>
      </trkpt>
      <trkpt lat="50.779310" lon="2.807821">
        <ele>110.548950</ele>
        <time>2024-03-06T23:34:50.795Z</time>
      </trkpt>
      <trkpt lat="50.779468" lon="2.807603">
        <ele>108.747742</ele>
        <time>2024-03-06T23:34:52.643Z</time>
      </trkpt>
      <trkpt lat="50.779600" lon="2.807334">
        <ele>106.898223</ele>
        <time>2024-03-06T23:34:54.520Z</time>
      </trkpt>
      <trkpt lat="50.779672" lon="2.806936">
        <ele>104.649657</ele>
        <time>2024-03-06T23:34:56.799Z</time>
      </trkpt>
      <trkpt lat="50.779785" lon="2.804901">
        <ele>94.141731</ele>
        <time>2024-03-06T23:35:08.039Z</time>
      </trkpt>
      <trkpt lat="50.779981" lon="2.803333">
        <ele>87.847458</ele>
        <time>2024-03-06T23:35:17.209Z</time>
      </trkpt>
      <trkpt lat="50.780507" lon="2.801367">
        <ele>81.571639</ele>
        <time>2024-03-06T23:35:30.385Z</time>
      </trkpt>
      <trkpt lat="50.780585" lon="2.800954">
        <ele>80.590525</ele>
        <time>2024-03-06T23:35:33.123Z</time>
      </trkpt>
      <trkpt lat="50.780445" lon="2.800933">
        <ele>80.084272</ele>
        <time>2024-03-06T23:35:35.190Z</time>
      </trkpt>
      <trkpt lat="50.779928" lon="2.801087">
        <ele>78.190384</ele>
        <time>2024-03-06T23:35:42.852Z</time>
      </trkpt>
      <trkpt lat="50.779857" lon="2.800860">
        <ele>77.676113</ele>
        <time>2024-03-06T23:35:45.220Z</time>
      </trkpt>
      <trkpt lat="50.779393" lon="2.798523">
        <ele>72.964282</ele>
        <time>2024-03-06T23:36:07.929Z</time>
      </trkpt>
      <trkpt lat="50.779255" lon="2.797614">
        <ele>71.708703</ele>
        <time>2024-03-06T23:36:16.681Z</time>
      </trkpt>
      <trkpt lat="50.779225" lon="2.797067">
        <ele>71.068610</ele>
        <time>2024-03-06T23:36:22.033Z</time>
      </trkpt>
      <trkpt lat="50.779240" lon="2.796803">
        <ele>70.759596</ele>
        <time>2024-03-06T23:36:24.659Z</time>
      </trkpt>
      <trkpt lat="50.779457" lon="2.795728">
        <ele>69.444039</ele>
        <time>2024-03-06T23:36:36.675Z</time>
      </trkpt>
      <trkpt lat="50.779479" lon="2.795493">
        <ele>69.220685</ele>
        <time>2024-03-06T23:36:39.397Z</time>
      </trkpt>
      <trkpt lat="50.779496" lon="2.793662">
        <ele>68.984938</ele>
        <time>2024-03-06T23:37:02.002Z</time>
      </trkpt>
      <trkpt lat="50.779467" lon="2.793233">
        <ele>68.929394</ele>
        <time>2024-03-06T23:37:07.586Z</time>
      </trkpt>
      <trkpt lat="50.779345" lon="2.792402">
        <ele>68.844247</ele>
        <time>2024-03-06T23:37:18.730Z</time>
      </trkpt>
      <trkpt lat="50.779303" lon="2.791814">
        <ele>68.813304</ele>
        <time>2024-03-06T23:37:26.636Z</time>
      </trkpt>
      <trkpt lat="50.779043" lon="2.790552">
        <ele>68.743897</ele>
        <time>2024-03-06T23:37:43.882Z</time>
      </trkpt>
      <trkpt lat="50.778151" lon="2.790629">
        <ele>67.987464</ele>
        <time>2024-03-06T23:37:55.640Z</time>
      </trkpt>
      <trkpt lat="50.777885" lon="2.790737">
        <ele>67.598826</ele>
        <time>2024-03-06T23:37:58.928Z</time>
      </trkpt>
      <trkpt lat="50.777271" lon="2.791135">
        <ele>66.659766</ele>
        <time>2024-03-06T23:38:06.517Z</time>
      </trkpt>
      <trkpt lat="50.777105" lon="2.791213">
        <ele>66.414701</ele>
        <time>2024-03-06T23:38:08.407Z</time>
      </trkpt>
      <trkpt lat="50.776809" lon="2.791219">
        <ele>65.789650</ele>
        <time>2024-03-06T23:38:11.554Z</time>
      </trkpt>
      <trkpt lat="50.776649" lon="2.791181">
        <ele>65.285085</ele>
        <time>2024-03-06T23:38:13.221Z</time>
      </trkpt>
      <trkpt lat="50.775611" lon="2.790634">
        <ele>61.873022</ele>
        <time>2024-03-06T23:38:24.232Z</time>
      </trkpt>
      <trkpt lat="50.774581" lon="2.790290">
        <ele>58.478963</ele>
        <time>2024-03-06T23:38:34.797Z</time>
      </trkpt>
      <trkpt lat="50.774245" lon="2.790062">
        <ele>57.274360</ele>
        <time>2024-03-06T23:38:38.527Z</time>
      </trkpt>
      <trkpt lat="50.774115" lon="2.789974">
        <ele>56.808469</ele>
        <time>2024-03-06T23:38:39.978Z</time>
      </trkpt>
      <trkpt lat="50.774110" lon="2.789972">
        <ele>56.791477</ele>
        <time>2024-03-06T23:38:40.031Z</time>
      </trkpt>
      <trkpt lat="50.773967" lon="2.789927">
        <ele>56.311110</ele>
        <time>2024-03-06T23:38:41.482Z</time>
      </trkpt>
      <trkpt lat="50.773565" lon="2.789908">
        <ele>54.986086</ele>
        <time>2024-03-06T23:38:45.522Z</time>
      </trkpt>
      <trkpt lat="50.773117" lon="2.789986">
        <ele>53.488461</ele>
        <time>2024-03-06T23:38:50.058Z</time>
      </trkpt>
      <trkpt lat="50.772709" lon="2.790102">
        <ele>52.107344</ele>
        <time>2024-03-06T23:38:54.248Z</time>
      </trkpt>
      <trkpt lat="50.772476" lon="2.790196">
        <ele>51.306199</ele>
        <time>2024-03-06T23:38:56.655Z</time>
      </trkpt>
      <trkpt lat="50.772268" lon="2.790340">
        <ele>50.549705</ele>
        <time>2024-03-06T23:38:58.941Z</time>
      </trkpt>
      <trkpt lat="50.771349" lon="2.791093">
        <ele>48.017508</ele>
        <time>2024-03-06T23:39:09.342Z</time>
      </trkpt>
      <trkpt lat="50.770740" lon="2.791481">
        <ele>47.132946</ele>
        <time>2024-03-06T23:39:16.527Z</time>
      </trkpt>
      <trkpt lat="50.770353" lon="2.791850">
        <ele>46.524109</ele>
        <time>2024-03-06T23:39:22.559Z</time>
      </trkpt>
      <trkpt lat="50.770451" lon="2.792117">
        <ele>46.261080</ele>
        <time>2024-03-06T23:39:26.364Z</time>
      </trkpt>
      <trkpt lat="50.770460" lon="2.792361">
        <ele>46.689089</ele>
        <time>2024-03-06T23:39:29.258Z</time>
      </trkpt>
      <trkpt lat="50.770368" lon="2.792562">
        <ele>47.300223</ele>
        <time>2024-03-06T23:39:32.956Z</time>
      </trkpt>
      <trkpt lat="50.770016" lon="2.792998">
        <ele>49.041677</ele>
        <time>2024-03-06T23:39:44.769Z</time>
      </trkpt>
      <trkpt lat="50.769966" lon="2.793187">
        <ele>49.546289</ele>
        <time>2024-03-06T23:39:48.418Z</time>
      </trkpt>
      <trkpt lat="50.769956" lon="2.793414">
        <ele>50.106767</ele>
        <time>2024-03-06T23:39:53.104Z</time>
      </trkpt>
      <trkpt lat="50.769974" lon="2.793583">
        <ele>50.528893</ele>
        <time>2024-03-06T23:39:56.703Z</time>
      </trkpt>
      <trkpt lat="50.770081" lon="2.794109">
        <ele>51.889851</ele>
        <time>2024-03-06T23:40:09.340Z</time>
      </trkpt>
      <trkpt lat="50.770102" lon="2.794304">
        <ele>52.377067</ele>
        <time>2024-03-06T23:40:14.066Z</time>
      </trkpt>
      <trkpt lat="50.770088" lon="2.794552">
        <ele>52.990343</ele>
        <time>2024-03-06T23:40:20.011Z</time>
      </trkpt>
      <trkpt lat="50.770055" lon="2.794748">
        <ele>53.738205</ele>
        <time>2024-03-06T23:40:25.249Z</time>
      </trkpt>
      <trkpt lat="50.769948" lon="2.795064">
        <ele>55.437392</ele>
        <time>2024-03-06T23:40:34.691Z</time>
      </trkpt>
      <trkpt lat="50.769707" lon="2.795653">
        <ele>58.762955</ele>
        <time>2024-03-06T23:40:54.275Z</time>
      </trkpt>
      <trkpt lat="50.769541" lon="2.797049">
        <ele>65.496685</ele>
        <time>2024-03-06T23:41:36.474Z</time>
      </trkpt>
      <trkpt lat="50.769544" lon="2.797176">
        <ele>66.099153</ele>
        <time>2024-03-06T23:41:40.298Z</time>
      </trkpt>
      <trkpt lat="50.769599" lon="2.797482">
        <ele>67.646704</ele>
        <time>2024-03-06T23:41:49.905Z</time>
      </trkpt>
      <trkpt lat="50.769710" lon="2.797789">
        <ele>69.396355</ele>
        <time>2024-03-06T23:42:00.546Z</time>
      </trkpt>
      <trkpt lat="50.770257" lon="2.798712">
        <ele>75.654726</ele>
        <time>2024-03-06T23:42:38.620Z</time>
      </trkpt>
      <trkpt lat="50.770747" lon="2.799637">
        <ele>81.410693</ele>
        <time>2024-03-06T23:43:13.012Z</time>
      </trkpt>
      <trkpt lat="50.771016" lon="2.800247">
        <ele>84.164129</ele>
        <time>2024-03-06T23:43:32.424Z</time>
      </trkpt>
      <trkpt lat="50.771124" lon="2.800598">
        <ele>85.609382</ele>
        <time>2024-03-06T23:43:42.219Z</time>
      </trkpt>
      <trkpt lat="50.771362" lon="2.801701">
        <ele>89.924456</ele>
        <time>2024-03-06T23:44:09.469Z</time>
      </trkpt>
      <trkpt lat="50.771385" lon="2.801801">
        <ele>90.318436</ele>
        <time>2024-03-06T23:44:11.679Z</time>
      </trkpt>
      <trkpt lat="50.771471" lon="2.802134">
        <ele>91.511148</ele>
        <time>2024-03-06T23:44:19.152Z</time>
      </trkpt>
      <trkpt lat="50.771573" lon="2.802405">
        <ele>92.208651</ele>
        <time>2024-03-06T23:44:25.410Z</time>
      </trkpt>
      <trkpt lat="50.772181" lon="2.803475">
        <ele>95.390148</ele>
        <time>2024-03-06T23:44:51.307Z</time>
      </trkpt>
      <trkpt lat="50.772533" lon="2.804106">
        <ele>97.251098</ele>
        <time>2024-03-06T23:45:05.515Z</time>
      </trkpt>
      <trkpt lat="50.772863" lon="2.804767">
        <ele>98.764814</ele>
        <time>2024-03-06T23:45:19.212Z</time>
      </trkpt>
      <trkpt lat="50.772956" lon="2.805019">
        <ele>99.261863</ele>
        <time>2024-03-06T23:45:23.932Z</time>
      </trkpt>
      <trkpt lat="50.773035" lon="2.805360">
        <ele>99.880528</ele>
        <time>2024-03-06T23:45:29.963Z</time>
      </trkpt>
      <trkpt lat="50.773223" lon="2.806361">
        <ele>101.659392</ele>
        <time>2024-03-06T23:45:47.298Z</time>
      </trkpt>
      <trkpt lat="50.773256" lon="2.806538">
        <ele>101.973750</ele>
        <time>2024-03-06T23:45:50.233Z</time>
      </trkpt>
      <trkpt lat="50.773649" lon="2.807992">
        <ele>103.463804</ele>
        <time>2024-03-06T23:46:14.277Z</time>
      </trkpt>
      <trkpt lat="50.773990" lon="2.809518">
        <ele>104.577143</ele>
        <time>2024-03-06T23:46:32.131Z</time>
      </trkpt>
      <trkpt lat="50.774056" lon="2.809898">
        <ele>104.143273</ele>
        <time>2024-03-06T23:46:35.234Z</time>
      </trkpt>
      <trkpt lat="50.774075" lon="2.810277">
        <ele>103.724687</ele>
        <time>2024-03-06T23:46:37.999Z</time>
      </trkpt>
      <trkpt lat="50.774119" lon="2.811108">
        <ele>102.806561</ele>
        <time>2024-03-06T23:46:43.690Z</time>
      </trkpt>
      <trkpt lat="50.774175" lon="2.811518">
        <ele>102.344746</ele>
        <time>2024-03-06T23:46:46.671Z</time>
      </trkpt>
      <trkpt lat="50.774458" lon="2.812484">
        <ele>101.039094</ele>
        <time>2024-03-06T23:46:53.680Z</time>
      </trkpt>
      <trkpt lat="50.774519" lon="2.812651">
        <ele>100.748629</ele>
        <time>2024-03-06T23:46:54.875Z</time>
      </trkpt>
      <trkpt lat="50.774621" lon="2.812823">
        <ele>100.393491</ele>
        <time>2024-03-06T23:46:56.402Z</time>
      </trkpt>
      <trkpt lat="50.775009" lon="2.813282">
        <ele>99.239435</ele>
        <time>2024-03-06T23:47:01.391Z</time>
      </trkpt>
      <trkpt lat="50.775343" lon="2.813615">
        <ele>98.299051</ele>
        <time>2024-03-06T23:47:05.547Z</time>
      </trkpt>
      <trkpt lat="50.775884" lon="2.813924">
        <ele>97.248067</ele>
        <time>2024-03-06T23:47:12.143Z</time>
      </trkpt>
      <trkpt lat="50.775951" lon="2.813997">
        <ele>97.245917</ele>
        <time>2024-03-06T23:47:13.180Z</time>
      </trkpt>
      <trkpt lat="50.776016" lon="2.814142">
        <ele>97.242946</ele>
        <time>2024-03-06T23:47:14.572Z</time>
      </trkpt>
      <trkpt lat="50.776104" lon="2.815301">
        <ele>97.223434</ele>
        <time>2024-03-06T23:47:24.718Z</time>
      </trkpt>
      <trkpt lat="50.776106" lon="2.816171">
        <ele>97.208892</ele>
        <time>2024-03-06T23:47:35.974Z</time>
      </trkpt>
      <trkpt lat="50.776204" lon="2.816524">
        <ele>97.182984</ele>
        <time>2024-03-06T23:47:40.197Z</time>
      </trkpt>
      <trkpt lat="50.776750" lon="2.817969">
        <ele>96.824095</ele>
        <time>2024-03-06T23:47:58.092Z</time>
      </trkpt>
      <trkpt lat="50.776825" lon="2.818163">
        <ele>96.775617</ele>
        <time>2024-03-06T23:48:00.560Z</time>
      </trkpt>
      <trkpt lat="50.776933" lon="2.818365">
        <ele>96.719219</ele>
        <time>2024-03-06T23:48:02.287Z</time>
      </trkpt>
      <trkpt lat="50.776952" lon="2.818406">
        <ele>96.708382</ele>
        <time>2024-03-06T23:48:02.645Z</time>
      </trkpt>
      <trkpt lat="50.777320" lon="2.818964">
        <ele>95.921676</ele>
        <time>2024-03-06T23:48:10.945Z</time>
      </trkpt>
      <trkpt lat="50.777988" lon="2.820070">
        <ele>92.318982</ele>
        <time>2024-03-06T23:48:24.796Z</time>
      </trkpt>
      <trkpt lat="50.778250" lon="2.820495">
        <ele>90.920857</ele>
        <time>2024-03-06T23:48:29.900Z</time>
      </trkpt>
      <trkpt lat="50.778540" lon="2.820778">
        <ele>89.551222</ele>
        <time>2024-03-06T23:48:34.468Z</time>
      </trkpt>
      <trkpt lat="50.778618" lon="2.820823">
        <ele>89.115912</ele>
        <time>2024-03-06T23:48:35.592Z</time>
      </trkpt>
      <trkpt lat="50.779189" lon="2.821067">
        <ele>86.014842</ele>
        <time>2024-03-06T23:48:43.533Z</time>
      </trkpt>
      <trkpt lat="50.779416" lon="2.821227">
        <ele>84.711848</ele>
        <time>2024-03-06T23:48:46.893Z</time>
      </trkpt>
      <trkpt lat="50.779708" lon="2.821518">
        <ele>82.902313</ele>
        <time>2024-03-06T23:48:51.534Z</time>
      </trkpt>
      <trkpt lat="50.779868" lon="2.821722">
        <ele>81.824788</ele>
        <time>2024-03-06T23:48:54.285Z</time>
      </trkpt>
      <trkpt lat="50.780445" lon="2.822566">
        <ele>77.713903</ele>
        <time>2024-03-06T23:49:04.698Z</time>
      </trkpt>
      <trkpt lat="50.780864" lon="2.823008">
        <ele>75.082661</ele>
        <time>2024-03-06T23:49:11.415Z</time>
      </trkpt>
      <trkpt lat="50.781913" lon="2.823910">
        <ele>71.070582</ele>
        <time>2024-03-06T23:49:27.623Z</time>
      </trkpt>
      <trkpt lat="50.782211" lon="2.824198">
        <ele>71.070582</ele>
        <time>2024-03-06T23:49:32.373Z</time>
      </trkpt>
      <trkpt lat="50.782218" lon="2.824205">
        <ele>71.070582</ele>
        <time>2024-03-06T23:49:32.485Z</time>
      </trkpt>
      <trkpt lat="50.782585" lon="2.824681">
        <ele>71.070582</ele>
        <time>2024-03-06T23:49:39.118Z</time>
      </trkpt>
      <trkpt lat="50.782702" lon="2.824888">
        <ele>71.070582</ele>
        <time>2024-03-06T23:49:41.586Z</time>
      </trkpt>
      <trkpt lat="50.782829" lon="2.825146">
        <ele>71.070582</ele>
        <time>2024-03-06T23:49:43.674Z</time>
      </trkpt>
      <trkpt lat="50.782875" lon="2.825270">
        <ele>71.070582</ele>
        <time>2024-03-06T23:49:46.382Z</time>
      </trkpt>
      <trkpt lat="50.783222" lon="2.825872">
        <ele>71.070582</ele>
        <time>2024-03-06T23:50:01.862Z</time>
      </trkpt>
    </trkseg>
  </trk>
</gpx>