<?xml version='1.0' encoding='UTF-8'?>
<gpx version="1.1" creator="https://www.komoot.de" xmlns="http://www.topografix.com/GPX/1/1" xmlns:xsi="http://www.w3.org/2001/XMLSchema-instance" xsi:schemaLocation="http://www.topografix.com/GPX/1/1 http://www.topografix.com/GPX/1/1/gpx.xsd">
  <metadata>
    <name>Fietsen</name>
    <author>
      <link href="https://www.komoot.de">
        <text>komoot</text>
        <type>text/html</type>
      </link>
    </author>
  </metadata>
  <trk>
    <name>Fietsen</name>
    <trkseg>
      <trkpt lat="51.669994" lon="10.716262">
        <ele>516.624948</ele>
        <time>2026-04-08T13:33:18.000Z</time>
      </trkpt>
      <trkpt lat="51.669981" lon="10.716256">
        <ele>516.624948</ele>
        <time>2026-04-08T13:33:19.000Z</time>
      </trkpt>
      <trkpt lat="51.669965" lon="10.716247">
        <ele>516.624948</ele>
        <time>2026-04-08T13:33:20.000Z</time>
      </trkpt>
      <trkpt lat="51.669940" lon="10.716232">
        <ele>516.624948</ele>
        <time>2026-04-08T13:33:21.000Z</time>
      </trkpt>
      <trkpt lat="51.669913" lon="10.716204">
        <ele>516.624948</ele>
        <time>2026-04-08T13:33:22.000Z</time>
      </trkpt>
      <trkpt lat="51.669882" lon="10.716170">
        <ele>516.624948</ele>
        <time>2026-04-08T13:33:23.000Z</time>
      </trkpt>
      <trkpt lat="51.669836" lon="10.716131">
        <ele>516.624948</ele>
        <time>2026-04-08T13:33:24.000Z</time>
      </trkpt>
      <trkpt lat="51.669798" lon="10.716099">
        <ele>516.624948</ele>
        <time>2026-04-08T13:33:25.000Z</time>
      </trkpt>
      <trkpt lat="51.669761" lon="10.716064">
        <ele>516.624948</ele>
        <time>2026-04-08T13:33:26.000Z</time>
      </trkpt>
      <trkpt lat="51.669720" lon="10.716020">
        <ele>516.624948</ele>
        <time>2026-04-08T13:33:27.000Z</time>
      </trkpt>
      <trkpt lat="51.669678" lon="10.715974">
        <ele>516.624948</ele>
        <time>2026-04-08T13:33:28.000Z</time>
      </trkpt>
      <trkpt lat="51.669638" lon="10.715930">
        <ele>516.624948</ele>
        <time>2026-04-08T13:33:29.000Z</time>
      </trkpt>
      <trkpt lat="51.669602" lon="10.715895">
        <ele>516.624948</ele>
        <time>2026-04-08T13:33:30.000Z</time>
      </trkpt>
      <trkpt lat="51.669561" lon="10.715877">
        <ele>516.624948</ele>
        <time>2026-04-08T13:33:31.000Z</time>
      </trkpt>
      <trkpt lat="51.669518" lon="10.715878">
        <ele>516.624948</ele>
        <time>2026-04-08T13:33:32.000Z</time>
      </trkpt>
      <trkpt lat="51.669478" lon="10.715882">
        <ele>516.624948</ele>
        <time>2026-04-08T13:33:33.000Z</time>
      </trkpt>
      <trkpt lat="51.669438" lon="10.715887">
        <ele>516.624948</ele>
        <time>2026-04-08T13:33:34.000Z</time>
      </trkpt>
      <trkpt lat="51.669395" lon="10.715898">
        <ele>516.624948</ele>
        <time>2026-04-08T13:33:35.000Z</time>
      </trkpt>
      <trkpt lat="51.669353" lon="10.715917">
        <ele>516.624948</ele>
        <time>2026-04-08T13:33:36.000Z</time>
      </trkpt>
      <trkpt lat="51.669320" lon="10.715939">
        <ele>516.624948</ele>
        <time>2026-04-08T13:33:37.000Z</time>
      </trkpt>
      <trkpt lat="51.669281" lon="10.715969">
        <ele>516.624948</ele>
        <time>2026-04-08T13:33:38.000Z</time>
      </trkpt>
      <trkpt lat="51.669248" lon="10.715996">
        <ele>516.624948</ele>
        <time>2026-04-08T13:33:39.000Z</time>
      </trkpt>
      <trkpt lat="51.669225" lon="10.716016">
        <ele>516.624948</ele>
        <time>2026-04-08T13:33:40.000Z</time>
      </trkpt>
      <trkpt lat="51.669211" lon="10.716046">
        <ele>516.624948</ele>
        <time>2026-04-08T13:33:41.000Z</time>
      </trkpt>
      <trkpt lat="51.669209" lon="10.716086">
        <ele>516.624948</ele>
        <time>2026-04-08T13:33:42.000Z</time>
      </trkpt>
      <trkpt lat="51.669221" lon="10.716127">
        <ele>516.600241</ele>
        <time>2026-04-08T13:33:43.000Z</time>
      </trkpt>
      <trkpt lat="51.669245" lon="10.716172">
        <ele>516.566358</ele>
        <time>2026-04-08T13:33:44.000Z</time>
      </trkpt>
      <trkpt lat="51.669276" lon="10.716220">
        <ele>516.526795</ele>
        <time>2026-04-08T13:33:45.000Z</time>
      </trkpt>
      <trkpt lat="51.669312" lon="10.716258">
        <ele>516.487187</ele>
        <time>2026-04-08T13:33:46.000Z</time>
      </trkpt>
      <trkpt lat="51.669347" lon="10.716293">
        <ele>516.449276</ele>
        <time>2026-04-08T13:33:47.000Z</time>
      </trkpt>
      <trkpt lat="51.669376" lon="10.716325">
        <ele>516.416928</ele>
        <time>2026-04-08T13:33:48.000Z</time>
      </trkpt>
      <trkpt lat="51.669410" lon="10.716366">
        <ele>516.377846</ele>
        <time>2026-04-08T13:33:49.000Z</time>
      </trkpt>
      <trkpt lat="51.669436" lon="10.716407">
        <ele>516.344369</ele>
        <time>2026-04-08T13:33:50.000Z</time>
      </trkpt>
      <trkpt lat="51.669459" lon="10.716445">
        <ele>516.314056</ele>
        <time>2026-04-08T13:33:51.000Z</time>
      </trkpt>
      <trkpt lat="51.669483" lon="10.716479">
        <ele>516.284648</ele>
        <time>2026-04-08T13:33:52.000Z</time>
      </trkpt>
      <trkpt lat="51.669503" lon="10.716514">
        <ele>516.257478</ele>
        <time>2026-04-08T13:33:53.000Z</time>
      </trkpt>
      <trkpt lat="51.669523" lon="10.716552">
        <ele>516.229025</ele>
        <time>2026-04-08T13:33:54.000Z</time>
      </trkpt>
      <trkpt lat="51.669543" lon="10.716584">
        <ele>516.203089</ele>
        <time>2026-04-08T13:33:55.000Z</time>
      </trkpt>
      <trkpt lat="51.669569" lon="10.716621">
        <ele>516.171167</ele>
        <time>2026-04-08T13:33:56.000Z</time>
      </trkpt>
      <trkpt lat="51.669597" lon="10.716659">
        <ele>516.137478</ele>
        <time>2026-04-08T13:33:57.000Z</time>
      </trkpt>
      <trkpt lat="51.669623" lon="10.716693">
        <ele>516.106663</ele>
        <time>2026-04-08T13:33:58.000Z</time>
      </trkpt>
      <trkpt lat="51.669649" lon="10.716731">
        <ele>516.074361</ele>
        <time>2026-04-08T13:33:59.000Z</time>
      </trkpt>
      <trkpt lat="51.669682" lon="10.716769">
        <ele>516.037033</ele>
        <time>2026-04-08T13:34:00.000Z</time>
      </trkpt>
      <trkpt lat="51.669716" lon="10.716810">
        <ele>515.997951</ele>
        <time>2026-04-08T13:34:01.000Z</time>
      </trkpt>
      <trkpt lat="51.669751" lon="10.716850">
        <ele>515.958461</ele>
        <time>2026-04-08T13:34:02.000Z</time>
      </trkpt>
      <trkpt lat="51.669788" lon="10.716889">
        <ele>515.917770</ele>
        <time>2026-04-08T13:34:03.000Z</time>
      </trkpt>
      <trkpt lat="51.669828" lon="10.716934">
        <ele>515.872873</ele>
        <time>2026-04-08T13:34:04.000Z</time>
      </trkpt>
      <trkpt lat="51.669864" lon="10.716976">
        <ele>515.831969</ele>
        <time>2026-04-08T13:34:05.000Z</time>
      </trkpt>
      <trkpt lat="51.669901" lon="10.717018">
        <ele>515.790317</ele>
        <time>2026-04-08T13:34:06.000Z</time>
      </trkpt>
      <trkpt lat="51.669933" lon="10.717056">
        <ele>515.753734</ele>
        <time>2026-04-08T13:34:07.000Z</time>
      </trkpt>
      <trkpt lat="51.669966" lon="10.717101">
        <ele>515.713950</ele>
        <time>2026-04-08T13:34:08.000Z</time>
      </trkpt>
      <trkpt lat="51.669992" lon="10.717151">
        <ele>515.676700</ele>
        <time>2026-04-08T13:34:09.000Z</time>
      </trkpt>
      <trkpt lat="51.670010" lon="10.717222">
        <ele>515.632911</ele>
        <time>2026-04-08T13:34:10.000Z</time>
      </trkpt>
      <trkpt lat="51.670011" lon="10.717302">
        <ele>515.587230</ele>
        <time>2026-04-08T13:34:11.000Z</time>
      </trkpt>
      <trkpt lat="51.669997" lon="10.717386">
        <ele>515.537573</ele>
        <time>2026-04-08T13:34:12.000Z</time>
      </trkpt>
      <trkpt lat="51.669980" lon="10.717459">
        <ele>515.493057</ele>
        <time>2026-04-08T13:34:13.000Z</time>
      </trkpt>
      <trkpt lat="51.669963" lon="10.717541">
        <ele>515.443698</ele>
        <time>2026-04-08T13:34:14.000Z</time>
      </trkpt>
      <trkpt lat="51.669948" lon="10.717612">
        <ele>515.400877</ele>
        <time>2026-04-08T13:34:15.000Z</time>
      </trkpt>
      <trkpt lat="51.669929" lon="10.717686">
        <ele>515.355154</ele>
        <time>2026-04-08T13:34:16.000Z</time>
      </trkpt>
      <trkpt lat="51.669910" lon="10.717756">
        <ele>515.311531</ele>
        <time>2026-04-08T13:34:17.000Z</time>
      </trkpt>
      <trkpt lat="51.669885" lon="10.717823">
        <ele>515.266892</ele>
        <time>2026-04-08T13:34:18.000Z</time>
      </trkpt>
      <trkpt lat="51.669853" lon="10.717881">
        <ele>515.222574</ele>
        <time>2026-04-08T13:34:19.000Z</time>
      </trkpt>
      <trkpt lat="51.669811" lon="10.717933">
        <ele>515.173830</ele>
        <time>2026-04-08T13:34:20.000Z</time>
      </trkpt>
      <trkpt lat="51.669769" lon="10.717982">
        <ele>515.126110</ele>
        <time>2026-04-08T13:34:21.000Z</time>
      </trkpt>
      <trkpt lat="51.669727" lon="10.718036">
        <ele>515.076662</ele>
        <time>2026-04-08T13:34:22.000Z</time>
      </trkpt>
      <trkpt lat="51.669680" lon="10.718086">
        <ele>515.024829</ele>
        <time>2026-04-08T13:34:23.000Z</time>
      </trkpt>
      <trkpt lat="51.669638" lon="10.718140">
        <ele>514.975381</ele>
        <time>2026-04-08T13:34:24.000Z</time>
      </trkpt>
      <trkpt lat="51.669594" lon="10.718193">
        <ele>514.991466</ele>
        <time>2026-04-08T13:34:25.000Z</time>
      </trkpt>
      <trkpt lat="51.669546" lon="10.718252">
        <ele>515.019206</ele>
        <time>2026-04-08T13:34:26.000Z</time>
      </trkpt>
      <trkpt lat="51.669504" lon="10.718306">
        <ele>515.043894</ele>
        <time>2026-04-08T13:34:27.000Z</time>
      </trkpt>
      <trkpt lat="51.669459" lon="10.718363">
        <ele>515.070194</ele>
        <time>2026-04-08T13:34:28.000Z</time>
      </trkpt>
      <trkpt lat="51.669416" lon="10.718418">
        <ele>515.095419</ele>
        <time>2026-04-08T13:34:29.000Z</time>
      </trkpt>
      <trkpt lat="51.669373" lon="10.718476">
        <ele>515.121185</ele>
        <time>2026-04-08T13:34:30.000Z</time>
      </trkpt>
      <trkpt lat="51.669335" lon="10.718527">
        <ele>515.143908</ele>
        <time>2026-04-08T13:34:31.000Z</time>
      </trkpt>
      <trkpt lat="51.669291" lon="10.718583">
        <ele>515.169671</ele>
        <time>2026-04-08T13:34:32.000Z</time>
      </trkpt>
      <trkpt lat="51.669244" lon="10.718643">
        <ele>515.197222</ele>
        <time>2026-04-08T13:34:33.000Z</time>
      </trkpt>
      <trkpt lat="51.669201" lon="10.718701">
        <ele>515.222988</ele>
        <time>2026-04-08T13:34:34.000Z</time>
      </trkpt>
      <trkpt lat="51.669160" lon="10.718758">
        <ele>515.247868</ele>
        <time>2026-04-08T13:34:35.000Z</time>
      </trkpt>
      <trkpt lat="51.669114" lon="10.718817">
        <ele>515.274882</ele>
        <time>2026-04-08T13:34:36.000Z</time>
      </trkpt>
      <trkpt lat="51.669072" lon="10.718870">
        <ele>515.299394</ele>
        <time>2026-04-08T13:34:37.000Z</time>
      </trkpt>
      <trkpt lat="51.669026" lon="10.718924">
        <ele>515.325545</ele>
        <time>2026-04-08T13:34:38.000Z</time>
      </trkpt>
      <trkpt lat="51.668983" lon="10.718969">
        <ele>515.349105</ele>
        <time>2026-04-08T13:34:39.000Z</time>
      </trkpt>
      <trkpt lat="51.668939" lon="10.719018">
        <ele>515.373682</ele>
        <time>2026-04-08T13:34:40.000Z</time>
      </trkpt>
      <trkpt lat="51.668897" lon="10.719065">
        <ele>515.397178</ele>
        <time>2026-04-08T13:34:41.000Z</time>
      </trkpt>
      <trkpt lat="51.668854" lon="10.719108">
        <ele>515.420433</ele>
        <time>2026-04-08T13:34:42.000Z</time>
      </trkpt>
      <trkpt lat="51.668814" lon="10.719141">
        <ele>515.441083</ele>
        <time>2026-04-08T13:34:43.000Z</time>
      </trkpt>
      <trkpt lat="51.668769" lon="10.719173">
        <ele>515.463687</ele>
        <time>2026-04-08T13:34:44.000Z</time>
      </trkpt>
      <trkpt lat="51.668733" lon="10.719192">
        <ele>515.481096</ele>
        <time>2026-04-08T13:34:45.000Z</time>
      </trkpt>
      <trkpt lat="51.668684" lon="10.719214">
        <ele>515.504472</ele>
        <time>2026-04-08T13:34:46.000Z</time>
      </trkpt>
      <trkpt lat="51.668634" lon="10.719238">
        <ele>515.528449</ele>
        <time>2026-04-08T13:34:47.000Z</time>
      </trkpt>
      <trkpt lat="51.668588" lon="10.719262">
        <ele>515.550669</ele>
        <time>2026-04-08T13:34:48.000Z</time>
      </trkpt>
      <trkpt lat="51.668537" lon="10.719290">
        <ele>515.575430</ele>
        <time>2026-04-08T13:34:49.000Z</time>
      </trkpt>
      <trkpt lat="51.668485" lon="10.719313">
        <ele>515.600211</ele>
        <time>2026-04-08T13:34:50.000Z</time>
      </trkpt>
      <trkpt lat="51.668434" lon="10.719332">
        <ele>515.624268</ele>
        <time>2026-04-08T13:34:51.000Z</time>
      </trkpt>
      <trkpt lat="51.668384" lon="10.719351">
        <ele>515.647877</ele>
        <time>2026-04-08T13:34:52.000Z</time>
      </trkpt>
      <trkpt lat="51.668330" lon="10.719371">
        <ele>515.673341</ele>
        <time>2026-04-08T13:34:53.000Z</time>
      </trkpt>
      <trkpt lat="51.668280" lon="10.719387">
        <ele>515.696769</ele>
        <time>2026-04-08T13:34:54.000Z</time>
      </trkpt>
      <trkpt lat="51.668228" lon="10.719400">
        <ele>515.720954</ele>
        <time>2026-04-08T13:34:55.000Z</time>
      </trkpt>
      <trkpt lat="51.668170" lon="10.719414">
        <ele>515.747907</ele>
        <time>2026-04-08T13:34:56.000Z</time>
      </trkpt>
      <trkpt lat="51.668117" lon="10.719426">
        <ele>515.772504</ele>
        <time>2026-04-08T13:34:57.000Z</time>
      </trkpt>
      <trkpt lat="51.668064" lon="10.719439">
        <ele>515.790216</ele>
        <time>2026-04-08T13:34:58.000Z</time>
      </trkpt>
      <trkpt lat="51.668011" lon="10.719453">
        <ele>515.675809</ele>
        <time>2026-04-08T13:34:59.000Z</time>
      </trkpt>
      <trkpt lat="51.667957" lon="10.719470">
        <ele>515.558604</ele>
        <time>2026-04-08T13:35:00.000Z</time>
      </trkpt>
      <trkpt lat="51.667908" lon="10.719487">
        <ele>515.451833</ele>
        <time>2026-04-08T13:35:01.000Z</time>
      </trkpt>
      <trkpt lat="51.667857" lon="10.719505">
        <ele>515.340619</ele>
        <time>2026-04-08T13:35:02.000Z</time>
      </trkpt>
      <trkpt lat="51.667807" lon="10.719523">
        <ele>515.231485</ele>
        <time>2026-04-08T13:35:03.000Z</time>
      </trkpt>
      <trkpt lat="51.667763" lon="10.719542">
        <ele>515.134451</ele>
        <time>2026-04-08T13:35:04.000Z</time>
      </trkpt>
      <trkpt lat="51.667721" lon="10.719564">
        <ele>515.040378</ele>
        <time>2026-04-08T13:35:05.000Z</time>
      </trkpt>
      <trkpt lat="51.667682" lon="10.719583">
        <ele>514.953589</ele>
        <time>2026-04-08T13:35:06.000Z</time>
      </trkpt>
      <trkpt lat="51.667647" lon="10.719600">
        <ele>514.875721</ele>
        <time>2026-04-08T13:35:07.000Z</time>
      </trkpt>
      <trkpt lat="51.667612" lon="10.719613">
        <ele>514.799210</ele>
        <time>2026-04-08T13:35:08.000Z</time>
      </trkpt>
      <trkpt lat="51.667582" lon="10.719626">
        <ele>514.733035</ele>
        <time>2026-04-08T13:35:09.000Z</time>
      </trkpt>
      <trkpt lat="51.667551" lon="10.719639">
        <ele>514.664801</ele>
        <time>2026-04-08T13:35:10.000Z</time>
      </trkpt>
      <trkpt lat="51.667524" lon="10.719653">
        <ele>514.604384</ele>
        <time>2026-04-08T13:35:11.000Z</time>
      </trkpt>
      <trkpt lat="51.667496" lon="10.719661">
        <ele>514.543808</ele>
        <time>2026-04-08T13:35:12.000Z</time>
      </trkpt>
      <trkpt lat="51.667473" lon="10.719651">
        <ele>514.493062</ele>
        <time>2026-04-08T13:35:13.000Z</time>
      </trkpt>
      <trkpt lat="51.667450" lon="10.719624">
        <ele>514.432456</ele>
        <time>2026-04-08T13:35:14.000Z</time>
      </trkpt>
      <trkpt lat="51.667430" lon="10.719583">
        <ele>514.363539</ele>
        <time>2026-04-08T13:35:15.000Z</time>
      </trkpt>
      <trkpt lat="51.667406" lon="10.719539">
        <ele>514.286122</ele>
        <time>2026-04-08T13:35:16.000Z</time>
      </trkpt>
      <trkpt lat="51.667373" lon="10.719500">
        <ele>514.198962</ele>
        <time>2026-04-08T13:35:17.000Z</time>
      </trkpt>
      <trkpt lat="51.667331" lon="10.719470">
        <ele>514.101105</ele>
        <time>2026-04-08T13:35:18.000Z</time>
      </trkpt>
      <trkpt lat="51.667292" lon="10.719455">
        <ele>514.015695</ele>
        <time>2026-04-08T13:35:19.000Z</time>
      </trkpt>
      <trkpt lat="51.667251" lon="10.719452">
        <ele>513.928266</ele>
        <time>2026-04-08T13:35:20.000Z</time>
      </trkpt>
      <trkpt lat="51.667210" lon="10.719452">
        <ele>513.840926</ele>
        <time>2026-04-08T13:35:21.000Z</time>
      </trkpt>
      <trkpt lat="51.667171" lon="10.719437">
        <ele>513.755516</ele>
        <time>2026-04-08T13:35:22.000Z</time>
      </trkpt>
      <trkpt lat="51.667135" lon="10.719393">
        <ele>513.659283</ele>
        <time>2026-04-08T13:35:23.000Z</time>
      </trkpt>
      <trkpt lat="51.667110" lon="10.719318">
        <ele>513.546787</ele>
        <time>2026-04-08T13:35:24.000Z</time>
      </trkpt>
      <trkpt lat="51.667101" lon="10.719231">
        <ele>513.430251</ele>
        <time>2026-04-08T13:35:25.000Z</time>
      </trkpt>
      <trkpt lat="51.667101" lon="10.719149">
        <ele>513.321910</ele>
        <time>2026-04-08T13:35:26.000Z</time>
      </trkpt>
      <trkpt lat="51.667106" lon="10.719043">
        <ele>513.181455</ele>
        <time>2026-04-08T13:35:27.000Z</time>
      </trkpt>
      <trkpt lat="51.667116" lon="10.718937">
        <ele>513.039793</ele>
        <time>2026-04-08T13:35:28.000Z</time>
      </trkpt>
      <trkpt lat="51.667127" lon="10.718853">
        <ele>512.926363</ele>
        <time>2026-04-08T13:35:29.000Z</time>
      </trkpt>
      <trkpt lat="51.667132" lon="10.718783">
        <ele>512.833265</ele>
        <time>2026-04-08T13:35:30.000Z</time>
      </trkpt>
      <trkpt lat="51.667142" lon="10.718725">
        <ele>512.753728</ele>
        <time>2026-04-08T13:35:31.000Z</time>
      </trkpt>
      <trkpt lat="51.667145" lon="10.718675">
        <ele>512.687358</ele>
        <time>2026-04-08T13:35:32.000Z</time>
      </trkpt>
      <trkpt lat="51.667133" lon="10.718636">
        <ele>512.629838</ele>
        <time>2026-04-08T13:35:33.000Z</time>
      </trkpt>
      <trkpt lat="51.667111" lon="10.718627">
        <ele>512.581488</ele>
        <time>2026-04-08T13:35:34.000Z</time>
      </trkpt>
      <trkpt lat="51.667088" lon="10.718647">
        <ele>512.525821</ele>
        <time>2026-04-08T13:35:35.000Z</time>
      </trkpt>
      <trkpt lat="51.667077" lon="10.718689">
        <ele>512.465584</ele>
        <time>2026-04-08T13:35:36.000Z</time>
      </trkpt>
      <trkpt lat="51.667068" lon="10.718734">
        <ele>512.403114</ele>
        <time>2026-04-08T13:35:37.000Z</time>
      </trkpt>
      <trkpt lat="51.667053" lon="10.718798">
        <ele>512.312719</ele>
        <time>2026-04-08T13:35:38.000Z</time>
      </trkpt>
      <trkpt lat="51.667040" lon="10.718867">
        <ele>512.217440</ele>
        <time>2026-04-08T13:35:39.000Z</time>
      </trkpt>
      <trkpt lat="51.667020" lon="10.718935">
        <ele>512.118006</ele>
        <time>2026-04-08T13:35:40.000Z</time>
      </trkpt>
      <trkpt lat="51.666992" lon="10.719005">
        <ele>512.007954</ele>
        <time>2026-04-08T13:35:41.000Z</time>
      </trkpt>
      <trkpt lat="51.666963" lon="10.719086">
        <ele>511.823115</ele>
        <time>2026-04-08T13:35:42.000Z</time>
      </trkpt>
      <trkpt lat="51.666938" lon="10.719162">
        <ele>511.622402</ele>
        <time>2026-04-08T13:35:43.000Z</time>
      </trkpt>
      <trkpt lat="51.666916" lon="10.719260">
        <ele>511.379239</ele>
        <time>2026-04-08T13:35:44.000Z</time>
      </trkpt>
      <trkpt lat="51.666900" lon="10.719355">
        <ele>511.149565</ele>
        <time>2026-04-08T13:35:45.000Z</time>
      </trkpt>
      <trkpt lat="51.666882" lon="10.719454">
        <ele>510.908865</ele>
        <time>2026-04-08T13:35:46.000Z</time>
      </trkpt>
      <trkpt lat="51.666863" lon="10.719553">
        <ele>510.667079</ele>
        <time>2026-04-08T13:35:47.000Z</time>
      </trkpt>
      <trkpt lat="51.666843" lon="10.719661">
        <ele>510.404109</ele>
        <time>2026-04-08T13:35:48.000Z</time>
      </trkpt>
      <trkpt lat="51.666828" lon="10.719761">
        <ele>510.164069</ele>
        <time>2026-04-08T13:35:49.000Z</time>
      </trkpt>
      <trkpt lat="51.666818" lon="10.719873">
        <ele>509.900064</ele>
        <time>2026-04-08T13:35:50.000Z</time>
      </trkpt>
      <trkpt lat="51.666808" lon="10.719974">
        <ele>509.661434</ele>
        <time>2026-04-08T13:35:51.000Z</time>
      </trkpt>
      <trkpt lat="51.666796" lon="10.720079">
        <ele>509.412330</ele>
        <time>2026-04-08T13:35:52.000Z</time>
      </trkpt>
      <trkpt lat="51.666783" lon="10.720175">
        <ele>509.183073</ele>
        <time>2026-04-08T13:35:53.000Z</time>
      </trkpt>
      <trkpt lat="51.666771" lon="10.720277">
        <ele>508.940849</ele>
        <time>2026-04-08T13:35:54.000Z</time>
      </trkpt>
      <trkpt lat="51.666759" lon="10.720383">
        <ele>508.689451</ele>
        <time>2026-04-08T13:35:55.000Z</time>
      </trkpt>
      <trkpt lat="51.666747" lon="10.720492">
        <ele>508.431163</ele>
        <time>2026-04-08T13:35:56.000Z</time>
      </trkpt>
      <trkpt lat="51.666738" lon="10.720597">
        <ele>508.183855</ele>
        <time>2026-04-08T13:35:57.000Z</time>
      </trkpt>
      <trkpt lat="51.666731" lon="10.720701">
        <ele>507.939784</ele>
        <time>2026-04-08T13:35:58.000Z</time>
      </trkpt>
      <trkpt lat="51.666726" lon="10.720806">
        <ele>507.694083</ele>
        <time>2026-04-08T13:35:59.000Z</time>
      </trkpt>
      <trkpt lat="51.666719" lon="10.720915">
        <ele>507.438411</ele>
        <time>2026-04-08T13:36:00.000Z</time>
      </trkpt>
      <trkpt lat="51.666712" lon="10.721019">
        <ele>507.194340</ele>
        <time>2026-04-08T13:36:01.000Z</time>
      </trkpt>
      <trkpt lat="51.666701" lon="10.721128">
        <ele>506.936683</ele>
        <time>2026-04-08T13:36:02.000Z</time>
      </trkpt>
      <trkpt lat="51.666686" lon="10.721238">
        <ele>506.673908</ele>
        <time>2026-04-08T13:36:03.000Z</time>
      </trkpt>
      <trkpt lat="51.666674" lon="10.721347">
        <ele>506.415620</ele>
        <time>2026-04-08T13:36:04.000Z</time>
      </trkpt>
      <trkpt lat="51.666659" lon="10.721454">
        <ele>506.159676</ele>
        <time>2026-04-08T13:36:05.000Z</time>
      </trkpt>
      <trkpt lat="51.666647" lon="10.721562">
        <ele>505.903685</ele>
        <time>2026-04-08T13:36:06.000Z</time>
      </trkpt>
      <trkpt lat="51.666633" lon="10.721669">
        <ele>505.648545</ele>
        <time>2026-04-08T13:36:07.000Z</time>
      </trkpt>
      <trkpt lat="51.666620" lon="10.721774">
        <ele>505.398731</ele>
        <time>2026-04-08T13:36:08.000Z</time>
      </trkpt>
      <trkpt lat="51.666609" lon="10.721878">
        <ele>505.187727</ele>
        <time>2026-04-08T13:36:09.000Z</time>
      </trkpt>
      <trkpt lat="51.666598" lon="10.721979">
        <ele>505.131940</ele>
        <time>2026-04-08T13:36:10.000Z</time>
      </trkpt>
      <trkpt lat="51.666584" lon="10.722075">
        <ele>505.078288</ele>
        <time>2026-04-08T13:36:11.000Z</time>
      </trkpt>
      <trkpt lat="51.666571" lon="10.722179">
        <ele>505.020572</ele>
        <time>2026-04-08T13:36:12.000Z</time>
      </trkpt>
      <trkpt lat="51.666560" lon="10.722277">
        <ele>504.966391</ele>
        <time>2026-04-08T13:36:13.000Z</time>
      </trkpt>
      <trkpt lat="51.666546" lon="10.722373">
        <ele>504.912740</ele>
        <time>2026-04-08T13:36:14.000Z</time>
      </trkpt>
      <trkpt lat="51.666533" lon="10.722473">
        <ele>504.857154</ele>
        <time>2026-04-08T13:36:15.000Z</time>
      </trkpt>
      <trkpt lat="51.666522" lon="10.722566">
        <ele>504.805648</ele>
        <time>2026-04-08T13:36:16.000Z</time>
      </trkpt>
      <trkpt lat="51.666509" lon="10.722659">
        <ele>504.753784</ele>
        <time>2026-04-08T13:36:17.000Z</time>
      </trkpt>
      <trkpt lat="51.666496" lon="10.722758">
        <ele>504.698731</ele>
        <time>2026-04-08T13:36:18.000Z</time>
      </trkpt>
      <trkpt lat="51.666484" lon="10.722858">
        <ele>504.643319</ele>
        <time>2026-04-08T13:36:19.000Z</time>
      </trkpt>
      <trkpt lat="51.666472" lon="10.722958">
        <ele>504.587907</ele>
        <time>2026-04-08T13:36:20.000Z</time>
      </trkpt>
      <trkpt lat="51.666461" lon="10.723050">
        <ele>504.536935</ele>
        <time>2026-04-08T13:36:21.000Z</time>
      </trkpt>
      <trkpt lat="51.666447" lon="10.723139">
        <ele>504.486983</ele>
        <time>2026-04-08T13:36:22.000Z</time>
      </trkpt>
      <trkpt lat="51.666434" lon="10.723229">
        <ele>504.436710</ele>
        <time>2026-04-08T13:36:23.000Z</time>
      </trkpt>
      <trkpt lat="51.666425" lon="10.723317">
        <ele>504.388189</ele>
        <time>2026-04-08T13:36:24.000Z</time>
      </trkpt>
      <trkpt lat="51.666416" lon="10.723391">
        <ele>504.347163</ele>
        <time>2026-04-08T13:36:25.000Z</time>
      </trkpt>
      <trkpt lat="51.666402" lon="10.723470">
        <ele>504.302465</ele>
        <time>2026-04-08T13:36:26.000Z</time>
      </trkpt>
      <trkpt lat="51.666382" lon="10.723550">
        <ele>504.255540</ele>
        <time>2026-04-08T13:36:27.000Z</time>
      </trkpt>
      <trkpt lat="51.666360" lon="10.723628">
        <ele>504.208924</ele>
        <time>2026-04-08T13:36:28.000Z</time>
      </trkpt>
      <trkpt lat="51.666324" lon="10.723683">
        <ele>504.165422</ele>
        <time>2026-04-08T13:36:29.000Z</time>
      </trkpt>
      <trkpt lat="51.666281" lon="10.723724">
        <ele>504.121603</ele>
        <time>2026-04-08T13:36:30.000Z</time>
      </trkpt>
      <trkpt lat="51.666234" lon="10.723752">
        <ele>504.077654</ele>
        <time>2026-04-08T13:36:31.000Z</time>
      </trkpt>
      <trkpt lat="51.666185" lon="10.723779">
        <ele>504.032233</ele>
        <time>2026-04-08T13:36:32.000Z</time>
      </trkpt>
      <trkpt lat="51.666133" lon="10.723803">
        <ele>503.984790</ele>
        <time>2026-04-08T13:36:33.000Z</time>
      </trkpt>
      <trkpt lat="51.666084" lon="10.723829">
        <ele>503.939543</ele>
        <time>2026-04-08T13:36:34.000Z</time>
      </trkpt>
      <trkpt lat="51.666033" lon="10.723857">
        <ele>503.892287</ele>
        <time>2026-04-08T13:36:35.000Z</time>
      </trkpt>
      <trkpt lat="51.665984" lon="10.723883">
        <ele>503.847040</ele>
        <time>2026-04-08T13:36:36.000Z</time>
      </trkpt>
      <trkpt lat="51.665937" lon="10.723903">
        <ele>503.804403</ele>
        <time>2026-04-08T13:36:37.000Z</time>
      </trkpt>
      <trkpt lat="51.665890" lon="10.723920">
        <ele>503.762153</ele>
        <time>2026-04-08T13:36:38.000Z</time>
      </trkpt>
      <trkpt lat="51.665838" lon="10.723945">
        <ele>503.714557</ele>
        <time>2026-04-08T13:36:39.000Z</time>
      </trkpt>
      <trkpt lat="51.665798" lon="10.723978">
        <ele>503.675145</ele>
        <time>2026-04-08T13:36:40.000Z</time>
      </trkpt>
      <trkpt lat="51.665755" lon="10.724024">
        <ele>503.629881</ele>
        <time>2026-04-08T13:36:41.000Z</time>
      </trkpt>
      <trkpt lat="51.665718" lon="10.724083">
        <ele>503.614508</ele>
        <time>2026-04-08T13:36:42.000Z</time>
      </trkpt>
      <trkpt lat="51.665686" lon="10.724158">
        <ele>503.606024</ele>
        <time>2026-04-08T13:36:43.000Z</time>
      </trkpt>
      <trkpt lat="51.665659" lon="10.724239">
        <ele>503.597455</ele>
        <time>2026-04-08T13:36:44.000Z</time>
      </trkpt>
      <trkpt lat="51.665635" lon="10.724329">
        <ele>503.588325</ele>
        <time>2026-04-08T13:36:45.000Z</time>
      </trkpt>
      <trkpt lat="51.665609" lon="10.724416">
        <ele>503.579326</ele>
        <time>2026-04-08T13:36:46.000Z</time>
      </trkpt>
      <trkpt lat="51.665585" lon="10.724509">
        <ele>503.569939</ele>
        <time>2026-04-08T13:36:47.000Z</time>
      </trkpt>
      <trkpt lat="51.665566" lon="10.724598">
        <ele>503.561167</ele>
        <time>2026-04-08T13:36:48.000Z</time>
      </trkpt>
      <trkpt lat="51.665544" lon="10.724689">
        <ele>503.552065</ele>
        <time>2026-04-08T13:36:49.000Z</time>
      </trkpt>
      <trkpt lat="51.665527" lon="10.724788">
        <ele>503.542492</ele>
        <time>2026-04-08T13:36:50.000Z</time>
      </trkpt>
      <trkpt lat="51.665514" lon="10.724886">
        <ele>503.533153</ele>
        <time>2026-04-08T13:36:51.000Z</time>
      </trkpt>
      <trkpt lat="51.665503" lon="10.724983">
        <ele>503.523963</ele>
        <time>2026-04-08T13:36:52.000Z</time>
      </trkpt>
      <trkpt lat="51.665485" lon="10.725082">
        <ele>503.514349</ele>
        <time>2026-04-08T13:36:53.000Z</time>
      </trkpt>
      <trkpt lat="51.665473" lon="10.725174">
        <ele>503.505588</ele>
        <time>2026-04-08T13:36:54.000Z</time>
      </trkpt>
      <trkpt lat="51.665458" lon="10.725268">
        <ele>503.496543</ele>
        <time>2026-04-08T13:36:55.000Z</time>
      </trkpt>
      <trkpt lat="51.665449" lon="10.725365">
        <ele>503.487403</ele>
        <time>2026-04-08T13:36:56.000Z</time>
      </trkpt>
      <trkpt lat="51.665438" lon="10.725459">
        <ele>503.478488</ele>
        <time>2026-04-08T13:36:57.000Z</time>
      </trkpt>
      <trkpt lat="51.665427" lon="10.725544">
        <ele>503.470396</ele>
        <time>2026-04-08T13:36:58.000Z</time>
      </trkpt>
      <trkpt lat="51.665412" lon="10.725636">
        <ele>503.461531</ele>
        <time>2026-04-08T13:36:59.000Z</time>
      </trkpt>
      <trkpt lat="51.665400" lon="10.725727">
        <ele>503.452861</ele>
        <time>2026-04-08T13:37:00.000Z</time>
      </trkpt>
      <trkpt lat="51.665389" lon="10.725814">
        <ele>503.444587</ele>
        <time>2026-04-08T13:37:01.000Z</time>
      </trkpt>
      <trkpt lat="51.665372" lon="10.725902">
        <ele>503.435998</ele>
        <time>2026-04-08T13:37:02.000Z</time>
      </trkpt>
      <trkpt lat="51.665352" lon="10.725991">
        <ele>503.427176</ele>
        <time>2026-04-08T13:37:03.000Z</time>
      </trkpt>
      <trkpt lat="51.665330" lon="10.726075">
        <ele>503.418679</ele>
        <time>2026-04-08T13:37:04.000Z</time>
      </trkpt>
      <trkpt lat="51.665307" lon="10.726160">
        <ele>503.410036</ele>
        <time>2026-04-08T13:37:05.000Z</time>
      </trkpt>
      <trkpt lat="51.665282" lon="10.726239">
        <ele>503.401771</ele>
        <time>2026-04-08T13:37:06.000Z</time>
      </trkpt>
      <trkpt lat="51.665249" lon="10.726314">
        <ele>503.393202</ele>
        <time>2026-04-08T13:37:07.000Z</time>
      </trkpt>
      <trkpt lat="51.665210" lon="10.726387">
        <ele>503.384223</ele>
        <time>2026-04-08T13:37:08.000Z</time>
      </trkpt>
      <trkpt lat="51.665169" lon="10.726455">
        <ele>503.375385</ele>
        <time>2026-04-08T13:37:09.000Z</time>
      </trkpt>
      <trkpt lat="51.665127" lon="10.726515">
        <ele>503.366954</ele>
        <time>2026-04-08T13:37:10.000Z</time>
      </trkpt>
      <trkpt lat="51.665083" lon="10.726584">
        <ele>503.357732</ele>
        <time>2026-04-08T13:37:11.000Z</time>
      </trkpt>
      <trkpt lat="51.665037" lon="10.726652">
        <ele>503.406146</ele>
        <time>2026-04-08T13:37:12.000Z</time>
      </trkpt>
      <trkpt lat="51.664998" lon="10.726726">
        <ele>503.638342</ele>
        <time>2026-04-08T13:37:13.000Z</time>
      </trkpt>
      <trkpt lat="51.664961" lon="10.726800">
        <ele>503.865623</ele>
        <time>2026-04-08T13:37:14.000Z</time>
      </trkpt>
      <trkpt lat="51.664920" lon="10.726871">
        <ele>504.097584</ele>
        <time>2026-04-08T13:37:15.000Z</time>
      </trkpt>
      <trkpt lat="51.664881" lon="10.726943">
        <ele>504.326157</ele>
        <time>2026-04-08T13:37:16.000Z</time>
      </trkpt>
      <trkpt lat="51.664837" lon="10.727012">
        <ele>504.562789</ele>
        <time>2026-04-08T13:37:17.000Z</time>
      </trkpt>
      <trkpt lat="51.664804" lon="10.727074">
        <ele>504.758145</ele>
        <time>2026-04-08T13:37:18.000Z</time>
      </trkpt>
      <trkpt lat="51.664774" lon="10.727143">
        <ele>504.959634</ele>
        <time>2026-04-08T13:37:19.000Z</time>
      </trkpt>
      <trkpt lat="51.664747" lon="10.727210">
        <ele>505.150688</ele>
        <time>2026-04-08T13:37:20.000Z</time>
      </trkpt>
      <trkpt lat="51.664726" lon="10.727269">
        <ele>505.313346</ele>
        <time>2026-04-08T13:37:21.000Z</time>
      </trkpt>
      <trkpt lat="51.664708" lon="10.727323">
        <ele>505.459935</ele>
        <time>2026-04-08T13:37:22.000Z</time>
      </trkpt>
      <trkpt lat="51.664688" lon="10.727375">
        <ele>505.606242</ele>
        <time>2026-04-08T13:37:23.000Z</time>
      </trkpt>
      <trkpt lat="51.664666" lon="10.727420">
        <ele>505.743251</ele>
        <time>2026-04-08T13:37:24.000Z</time>
      </trkpt>
      <trkpt lat="51.664644" lon="10.727461">
        <ele>505.872885</ele>
        <time>2026-04-08T13:37:25.000Z</time>
      </trkpt>
      <trkpt lat="51.664624" lon="10.727502">
        <ele>505.997610</ele>
        <time>2026-04-08T13:37:26.000Z</time>
      </trkpt>
      <trkpt lat="51.664604" lon="10.727542">
        <ele>506.120465</ele>
        <time>2026-04-08T13:37:27.000Z</time>
      </trkpt>
      <trkpt lat="51.664585" lon="10.727579">
        <ele>506.235325</ele>
        <time>2026-04-08T13:37:28.000Z</time>
      </trkpt>
      <trkpt lat="51.664566" lon="10.727615">
        <ele>506.348353</ele>
        <time>2026-04-08T13:37:29.000Z</time>
      </trkpt>
      <trkpt lat="51.664547" lon="10.727649">
        <ele>506.457784</ele>
        <time>2026-04-08T13:37:30.000Z</time>
      </trkpt>
      <trkpt lat="51.664529" lon="10.727678">
        <ele>506.555885</ele>
        <time>2026-04-08T13:37:31.000Z</time>
      </trkpt>
      <trkpt lat="51.664511" lon="10.727713">
        <ele>506.664603</ele>
        <time>2026-04-08T13:37:32.000Z</time>
      </trkpt>
      <trkpt lat="51.664493" lon="10.727755">
        <ele>506.786675</ele>
        <time>2026-04-08T13:37:33.000Z</time>
      </trkpt>
      <trkpt lat="51.664476" lon="10.727789">
        <ele>506.891102</ele>
        <time>2026-04-08T13:37:34.000Z</time>
      </trkpt>
      <trkpt lat="51.664459" lon="10.727821">
        <ele>506.991850</ele>
        <time>2026-04-08T13:37:35.000Z</time>
      </trkpt>
      <trkpt lat="51.664447" lon="10.727850">
        <ele>507.075210</ele>
        <time>2026-04-08T13:37:36.000Z</time>
      </trkpt>
      <trkpt lat="51.664437" lon="10.727885">
        <ele>507.167354</ele>
        <time>2026-04-08T13:37:37.000Z</time>
      </trkpt>
      <trkpt lat="51.664430" lon="10.727913">
        <ele>507.239541</ele>
        <time>2026-04-08T13:37:38.000Z</time>
      </trkpt>
      <trkpt lat="51.664426" lon="10.727941">
        <ele>507.308248</ele>
        <time>2026-04-08T13:37:39.000Z</time>
      </trkpt>
      <trkpt lat="51.664419" lon="10.727966">
        <ele>507.373837</ele>
        <time>2026-04-08T13:37:40.000Z</time>
      </trkpt>
      <trkpt lat="51.664414" lon="10.727990">
        <ele>507.434376</ele>
        <time>2026-04-08T13:37:41.000Z</time>
      </trkpt>
      <trkpt lat="51.664408" lon="10.728010">
        <ele>507.487500</ele>
        <time>2026-04-08T13:37:42.000Z</time>
      </trkpt>
      <trkpt lat="51.664401" lon="10.728036">
        <ele>507.555276</ele>
        <time>2026-04-08T13:37:43.000Z</time>
      </trkpt>
      <trkpt lat="51.664395" lon="10.728063">
        <ele>507.623857</ele>
        <time>2026-04-08T13:37:44.000Z</time>
      </trkpt>
      <trkpt lat="51.664392" lon="10.728088">
        <ele>507.684745</ele>
        <time>2026-04-08T13:37:45.000Z</time>
      </trkpt>
      <trkpt lat="51.664388" lon="10.728116">
        <ele>507.753452</ele>
        <time>2026-04-08T13:37:46.000Z</time>
      </trkpt>
      <trkpt lat="51.664387" lon="10.728146">
        <ele>507.825291</ele>
        <time>2026-04-08T13:37:47.000Z</time>
      </trkpt>
      <trkpt lat="51.664384" lon="10.728176">
        <ele>507.897954</ele>
        <time>2026-04-08T13:37:48.000Z</time>
      </trkpt>
      <trkpt lat="51.664380" lon="10.728209">
        <ele>507.978356</ele>
        <time>2026-04-08T13:37:49.000Z</time>
      </trkpt>
      <trkpt lat="51.664376" lon="10.728245">
        <ele>508.065810</ele>
        <time>2026-04-08T13:37:50.000Z</time>
      </trkpt>
      <trkpt lat="51.664372" lon="10.728281">
        <ele>508.153263</ele>
        <time>2026-04-08T13:37:51.000Z</time>
      </trkpt>
      <trkpt lat="51.664365" lon="10.728322">
        <ele>508.254949</ele>
        <time>2026-04-08T13:37:52.000Z</time>
      </trkpt>
      <trkpt lat="51.664358" lon="10.728358">
        <ele>508.345163</ele>
        <time>2026-04-08T13:37:53.000Z</time>
      </trkpt>
      <trkpt lat="51.664344" lon="10.728392">
        <ele>508.442748</ele>
        <time>2026-04-08T13:37:54.000Z</time>
      </trkpt>
      <trkpt lat="51.664327" lon="10.728427">
        <ele>508.549047</ele>
        <time>2026-04-08T13:37:55.000Z</time>
      </trkpt>
      <trkpt lat="51.664307" lon="10.728469">
        <ele>508.675661</ele>
        <time>2026-04-08T13:37:56.000Z</time>
      </trkpt>
      <trkpt lat="51.664287" lon="10.728508">
        <ele>508.796664</ele>
        <time>2026-04-08T13:37:57.000Z</time>
      </trkpt>
      <trkpt lat="51.664269" lon="10.728548">
        <ele>508.914833</ele>
        <time>2026-04-08T13:37:58.000Z</time>
      </trkpt>
      <trkpt lat="51.664246" lon="10.728596">
        <ele>509.059871</ele>
        <time>2026-04-08T13:37:59.000Z</time>
      </trkpt>
      <trkpt lat="51.664230" lon="10.728648">
        <ele>509.198672</ele>
        <time>2026-04-08T13:38:00.000Z</time>
      </trkpt>
      <trkpt lat="51.664215" lon="10.728705">
        <ele>509.346731</ele>
        <time>2026-04-08T13:38:01.000Z</time>
      </trkpt>
      <trkpt lat="51.664202" lon="10.728768">
        <ele>509.505495</ele>
        <time>2026-04-08T13:38:02.000Z</time>
      </trkpt>
      <trkpt lat="51.664184" lon="10.728829">
        <ele>509.667024</ele>
        <time>2026-04-08T13:38:03.000Z</time>
      </trkpt>
      <trkpt lat="51.664172" lon="10.728888">
        <ele>509.815497</ele>
        <time>2026-04-08T13:38:04.000Z</time>
      </trkpt>
      <trkpt lat="51.664154" lon="10.728950">
        <ele>509.979189</ele>
        <time>2026-04-08T13:38:05.000Z</time>
      </trkpt>
      <trkpt lat="51.664135" lon="10.729010">
        <ele>510.140278</ele>
        <time>2026-04-08T13:38:06.000Z</time>
      </trkpt>
      <trkpt lat="51.664113" lon="10.729071">
        <ele>510.295838</ele>
        <time>2026-04-08T13:38:07.000Z</time>
      </trkpt>
      <trkpt lat="51.664087" lon="10.729133">
        <ele>510.378580</ele>
        <time>2026-04-08T13:38:08.000Z</time>
      </trkpt>
      <trkpt lat="51.664059" lon="10.729192">
        <ele>510.460712</ele>
        <time>2026-04-08T13:38:09.000Z</time>
      </trkpt>
      <trkpt lat="51.664032" lon="10.729243">
        <ele>510.534842</ele>
        <time>2026-04-08T13:38:10.000Z</time>
      </trkpt>
      <trkpt lat="51.664004" lon="10.729297">
        <ele>510.612657</ele>
        <time>2026-04-08T13:38:11.000Z</time>
      </trkpt>
      <trkpt lat="51.663976" lon="10.729349">
        <ele>510.688788</ele>
        <time>2026-04-08T13:38:12.000Z</time>
      </trkpt>
      <trkpt lat="51.663949" lon="10.729403">
        <ele>510.765471</ele>
        <time>2026-04-08T13:38:13.000Z</time>
      </trkpt>
      <trkpt lat="51.663923" lon="10.729456">
        <ele>510.840179</ele>
        <time>2026-04-08T13:38:14.000Z</time>
      </trkpt>
      <trkpt lat="51.663893" lon="10.729508">
        <ele>510.918693</ele>
        <time>2026-04-08T13:38:15.000Z</time>
      </trkpt>
      <trkpt lat="51.663863" lon="10.729554">
        <ele>510.992488</ele>
        <time>2026-04-08T13:38:16.000Z</time>
      </trkpt>
      <trkpt lat="51.663833" lon="10.729600">
        <ele>511.066284</ele>
        <time>2026-04-08T13:38:17.000Z</time>
      </trkpt>
      <trkpt lat="51.663802" lon="10.729646">
        <ele>511.141381</ele>
        <time>2026-04-08T13:38:18.000Z</time>
      </trkpt>
      <trkpt lat="51.663772" lon="10.729688">
        <ele>511.212201</ele>
        <time>2026-04-08T13:38:19.000Z</time>
      </trkpt>
      <trkpt lat="51.663744" lon="10.729726">
        <ele>511.277438</ele>
        <time>2026-04-08T13:38:20.000Z</time>
      </trkpt>
      <trkpt lat="51.663717" lon="10.729758">
        <ele>511.337168</ele>
        <time>2026-04-08T13:38:21.000Z</time>
      </trkpt>
      <trkpt lat="51.663691" lon="10.729782">
        <ele>511.390570</ele>
        <time>2026-04-08T13:38:22.000Z</time>
      </trkpt>
      <trkpt lat="51.663660" lon="10.729805">
        <ele>511.451396</ele>
        <time>2026-04-08T13:38:23.000Z</time>
      </trkpt>
      <trkpt lat="51.663630" lon="10.729826">
        <ele>511.509691</ele>
        <time>2026-04-08T13:38:24.000Z</time>
      </trkpt>
      <trkpt lat="51.663601" lon="10.729848">
        <ele>511.566818</ele>
        <time>2026-04-08T13:38:25.000Z</time>
      </trkpt>
      <trkpt lat="51.663566" lon="10.729875">
        <ele>511.635977</ele>
        <time>2026-04-08T13:38:26.000Z</time>
      </trkpt>
      <trkpt lat="51.663531" lon="10.729901">
        <ele>511.704666</ele>
        <time>2026-04-08T13:38:27.000Z</time>
      </trkpt>
      <trkpt lat="51.663496" lon="10.729925">
        <ele>511.772459</ele>
        <time>2026-04-08T13:38:28.000Z</time>
      </trkpt>
      <trkpt lat="51.663459" lon="10.729956">
        <ele>511.846783</ele>
        <time>2026-04-08T13:38:29.000Z</time>
      </trkpt>
      <trkpt lat="51.663422" lon="10.729986">
        <ele>511.920604</ele>
        <time>2026-04-08T13:38:30.000Z</time>
      </trkpt>
      <trkpt lat="51.663385" lon="10.730018">
        <ele>511.995444</ele>
        <time>2026-04-08T13:38:31.000Z</time>
      </trkpt>
      <trkpt lat="51.663347" lon="10.730056">
        <ele>512.075148</ele>
        <time>2026-04-08T13:38:32.000Z</time>
      </trkpt>
      <trkpt lat="51.663304" lon="10.730098">
        <ele>512.164761</ele>
        <time>2026-04-08T13:38:33.000Z</time>
      </trkpt>
      <trkpt lat="51.663262" lon="10.730139">
        <ele>512.252277</ele>
        <time>2026-04-08T13:38:34.000Z</time>
      </trkpt>
      <trkpt lat="51.663217" lon="10.730183">
        <ele>512.346085</ele>
        <time>2026-04-08T13:38:35.000Z</time>
      </trkpt>
      <trkpt lat="51.663175" lon="10.730228">
        <ele>512.435972</ele>
        <time>2026-04-08T13:38:36.000Z</time>
      </trkpt>
      <trkpt lat="51.663134" lon="10.730274">
        <ele>512.525006</ele>
        <time>2026-04-08T13:38:37.000Z</time>
      </trkpt>
      <trkpt lat="51.663095" lon="10.730324">
        <ele>512.613821</ele>
        <time>2026-04-08T13:38:38.000Z</time>
      </trkpt>
      <trkpt lat="51.663058" lon="10.730377">
        <ele>512.702043</ele>
        <time>2026-04-08T13:38:39.000Z</time>
      </trkpt>
      <trkpt lat="51.663026" lon="10.730424">
        <ele>512.779202</ele>
        <time>2026-04-08T13:38:40.000Z</time>
      </trkpt>
      <trkpt lat="51.662991" lon="10.730475">
        <ele>512.863292</ele>
        <time>2026-04-08T13:38:41.000Z</time>
      </trkpt>
      <trkpt lat="51.662953" lon="10.730525">
        <ele>512.950720</ele>
        <time>2026-04-08T13:38:42.000Z</time>
      </trkpt>
      <trkpt lat="51.662915" lon="10.730572">
        <ele>513.036089</ele>
        <time>2026-04-08T13:38:43.000Z</time>
      </trkpt>
      <trkpt lat="51.662883" lon="10.730625">
        <ele>513.117863</ele>
        <time>2026-04-08T13:38:44.000Z</time>
      </trkpt>
      <trkpt lat="51.662851" lon="10.730676">
        <ele>513.198067</ele>
        <time>2026-04-08T13:38:45.000Z</time>
      </trkpt>
      <trkpt lat="51.662819" lon="10.730719">
        <ele>513.272319</ele>
        <time>2026-04-08T13:38:46.000Z</time>
      </trkpt>
      <trkpt lat="51.662784" lon="10.730764">
        <ele>513.352114</ele>
        <time>2026-04-08T13:38:47.000Z</time>
      </trkpt>
      <trkpt lat="51.662750" lon="10.730810">
        <ele>513.431229</ele>
        <time>2026-04-08T13:38:48.000Z</time>
      </trkpt>
      <trkpt lat="51.662713" lon="10.730853">
        <ele>513.549128</ele>
        <time>2026-04-08T13:38:49.000Z</time>
      </trkpt>
      <trkpt lat="51.662677" lon="10.730892">
        <ele>513.754618</ele>
        <time>2026-04-08T13:38:50.000Z</time>
      </trkpt>
      <trkpt lat="51.662642" lon="10.730932">
        <ele>513.957878</ele>
        <time>2026-04-08T13:38:51.000Z</time>
      </trkpt>
      <trkpt lat="51.662609" lon="10.730975">
        <ele>514.158907</ele>
        <time>2026-04-08T13:38:52.000Z</time>
      </trkpt>
      <trkpt lat="51.662571" lon="10.731018">
        <ele>514.378863</ele>
        <time>2026-04-08T13:38:53.000Z</time>
      </trkpt>
      <trkpt lat="51.662536" lon="10.731059">
        <ele>514.583837</ele>
        <time>2026-04-08T13:38:54.000Z</time>
      </trkpt>
      <trkpt lat="51.662500" lon="10.731099">
        <ele>514.790980</ele>
        <time>2026-04-08T13:38:55.000Z</time>
      </trkpt>
      <trkpt lat="51.662464" lon="10.731142">
        <ele>515.003251</ele>
        <time>2026-04-08T13:38:56.000Z</time>
      </trkpt>
      <trkpt lat="51.662426" lon="10.731187">
        <ele>515.226636</ele>
        <time>2026-04-08T13:38:57.000Z</time>
      </trkpt>
      <trkpt lat="51.662392" lon="10.731227">
        <ele>515.426051</ele>
        <time>2026-04-08T13:38:58.000Z</time>
      </trkpt>
      <trkpt lat="51.662353" lon="10.731265">
        <ele>515.641948</ele>
        <time>2026-04-08T13:38:59.000Z</time>
      </trkpt>
      <trkpt lat="51.662316" lon="10.731298">
        <ele>515.842282</ele>
        <time>2026-04-08T13:39:00.000Z</time>
      </trkpt>
      <trkpt lat="51.662279" lon="10.731329">
        <ele>516.039838</ele>
        <time>2026-04-08T13:39:01.000Z</time>
      </trkpt>
      <trkpt lat="51.662240" lon="10.731360">
        <ele>516.245848</ele>
        <time>2026-04-08T13:39:02.000Z</time>
      </trkpt>
      <trkpt lat="51.662202" lon="10.731387">
        <ele>516.442592</ele>
        <time>2026-04-08T13:39:03.000Z</time>
      </trkpt>
      <trkpt lat="51.662164" lon="10.731413">
        <ele>516.638169</ele>
        <time>2026-04-08T13:39:04.000Z</time>
      </trkpt>
      <trkpt lat="51.662129" lon="10.731445">
        <ele>516.828801</ele>
        <time>2026-04-08T13:39:05.000Z</time>
      </trkpt>
      <trkpt lat="51.662094" lon="10.731479">
        <ele>517.022399</ele>
        <time>2026-04-08T13:39:06.000Z</time>
      </trkpt>
      <trkpt lat="51.662057" lon="10.731515">
        <ele>517.227147</ele>
        <time>2026-04-08T13:39:07.000Z</time>
      </trkpt>
      <trkpt lat="51.662025" lon="10.731556">
        <ele>517.420804</ele>
        <time>2026-04-08T13:39:08.000Z</time>
      </trkpt>
      <trkpt lat="51.662000" lon="10.731596">
        <ele>517.587679</ele>
        <time>2026-04-08T13:39:09.000Z</time>
      </trkpt>
      <trkpt lat="51.661975" lon="10.731634">
        <ele>517.750468</ele>
        <time>2026-04-08T13:39:10.000Z</time>
      </trkpt>
      <trkpt lat="51.661954" lon="10.731675">
        <ele>517.906727</ele>
        <time>2026-04-08T13:39:11.000Z</time>
      </trkpt>
      <trkpt lat="51.661934" lon="10.731717">
        <ele>518.062333</ele>
        <time>2026-04-08T13:39:12.000Z</time>
      </trkpt>
      <trkpt lat="51.661916" lon="10.731759">
        <ele>518.212359</ele>
        <time>2026-04-08T13:39:13.000Z</time>
      </trkpt>
      <trkpt lat="51.661896" lon="10.731800">
        <ele>518.365645</ele>
        <time>2026-04-08T13:39:14.000Z</time>
      </trkpt>
      <trkpt lat="51.661877" lon="10.731840">
        <ele>518.513705</ele>
        <time>2026-04-08T13:39:15.000Z</time>
      </trkpt>
      <trkpt lat="51.661859" lon="10.731878">
        <ele>518.654217</ele>
        <time>2026-04-08T13:39:16.000Z</time>
      </trkpt>
      <trkpt lat="51.661843" lon="10.731918">
        <ele>518.794092</ele>
        <time>2026-04-08T13:39:17.000Z</time>
      </trkpt>
      <trkpt lat="51.661824" lon="10.731958">
        <ele>518.942152</ele>
        <time>2026-04-08T13:39:18.000Z</time>
      </trkpt>
      <trkpt lat="51.661805" lon="10.731998">
        <ele>519.090212</ele>
        <time>2026-04-08T13:39:19.000Z</time>
      </trkpt>
      <trkpt lat="51.661786" lon="10.732037">
        <ele>519.235949</ele>
        <time>2026-04-08T13:39:20.000Z</time>
      </trkpt>
      <trkpt lat="51.661770" lon="10.732074">
        <ele>519.368501</ele>
        <time>2026-04-08T13:39:21.000Z</time>
      </trkpt>
      <trkpt lat="51.661755" lon="10.732109">
        <ele>519.493522</ele>
        <time>2026-04-08T13:39:22.000Z</time>
      </trkpt>
      <trkpt lat="51.661742" lon="10.732147">
        <ele>519.621055</ele>
        <time>2026-04-08T13:39:23.000Z</time>
      </trkpt>
      <trkpt lat="51.661731" lon="10.732187">
        <ele>519.749643</ele>
        <time>2026-04-08T13:39:24.000Z</time>
      </trkpt>
      <trkpt lat="51.661722" lon="10.732226">
        <ele>519.871932</ele>
        <time>2026-04-08T13:39:25.000Z</time>
      </trkpt>
      <trkpt lat="51.661717" lon="10.732269">
        <ele>520.000503</ele>
        <time>2026-04-08T13:39:26.000Z</time>
      </trkpt>
      <trkpt lat="51.661711" lon="10.732316">
        <ele>520.141522</ele>
        <time>2026-04-08T13:39:27.000Z</time>
      </trkpt>
      <trkpt lat="51.661703" lon="10.732361">
        <ele>520.279094</ele>
        <time>2026-04-08T13:39:28.000Z</time>
      </trkpt>
      <trkpt lat="51.661693" lon="10.732406">
        <ele>520.419572</ele>
        <time>2026-04-08T13:39:29.000Z</time>
      </trkpt>
      <trkpt lat="51.661681" lon="10.732451">
        <ele>520.563522</ele>
        <time>2026-04-08T13:39:30.000Z</time>
      </trkpt>
      <trkpt lat="51.661670" lon="10.732494">
        <ele>520.700216</ele>
        <time>2026-04-08T13:39:31.000Z</time>
      </trkpt>
      <trkpt lat="51.661656" lon="10.732540">
        <ele>520.850797</ele>
        <time>2026-04-08T13:39:32.000Z</time>
      </trkpt>
      <trkpt lat="51.661643" lon="10.732586">
        <ele>520.999353</ele>
        <time>2026-04-08T13:39:33.000Z</time>
      </trkpt>
      <trkpt lat="51.661629" lon="10.732633">
        <ele>521.152578</ele>
        <time>2026-04-08T13:39:34.000Z</time>
      </trkpt>
      <trkpt lat="51.661616" lon="10.732685">
        <ele>521.317342</ele>
        <time>2026-04-08T13:39:35.000Z</time>
      </trkpt>
      <trkpt lat="51.661607" lon="10.732739">
        <ele>521.481668</ele>
        <time>2026-04-08T13:39:36.000Z</time>
      </trkpt>
      <trkpt lat="51.661600" lon="10.732789">
        <ele>521.632306</ele>
        <time>2026-04-08T13:39:37.000Z</time>
      </trkpt>
      <trkpt lat="51.661595" lon="10.732843">
        <ele>521.792761</ele>
        <time>2026-04-08T13:39:38.000Z</time>
      </trkpt>
      <trkpt lat="51.661588" lon="10.732901">
        <ele>521.966410</ele>
        <time>2026-04-08T13:39:39.000Z</time>
      </trkpt>
      <trkpt lat="51.661584" lon="10.732960">
        <ele>521.987810</ele>
        <time>2026-04-08T13:39:40.000Z</time>
      </trkpt>
      <trkpt lat="51.661580" lon="10.733019">
        <ele>521.955153</ele>
        <time>2026-04-08T13:39:41.000Z</time>
      </trkpt>
      <trkpt lat="51.661573" lon="10.733085">
        <ele>521.918312</ele>
        <time>2026-04-08T13:39:42.000Z</time>
      </trkpt>
      <trkpt lat="51.661569" lon="10.733152">
        <ele>521.881277</ele>
        <time>2026-04-08T13:39:43.000Z</time>
      </trkpt>
      <trkpt lat="51.661565" lon="10.733217">
        <ele>521.845337</ele>
        <time>2026-04-08T13:39:44.000Z</time>
      </trkpt>
      <trkpt lat="51.661564" lon="10.733281">
        <ele>521.810111</ele>
        <time>2026-04-08T13:39:45.000Z</time>
      </trkpt>
      <trkpt lat="51.661564" lon="10.733343">
        <ele>521.775997</ele>
        <time>2026-04-08T13:39:46.000Z</time>
      </trkpt>
      <trkpt lat="51.661564" lon="10.733408">
        <ele>521.740233</ele>
        <time>2026-04-08T13:39:47.000Z</time>
      </trkpt>
      <trkpt lat="51.661567" lon="10.733468">
        <ele>521.707113</ele>
        <time>2026-04-08T13:39:48.000Z</time>
      </trkpt>
      <trkpt lat="51.661568" lon="10.733524">
        <ele>521.676287</ele>
        <time>2026-04-08T13:39:49.000Z</time>
      </trkpt>
      <trkpt lat="51.661568" lon="10.733585">
        <ele>521.642724</ele>
        <time>2026-04-08T13:39:50.000Z</time>
      </trkpt>
      <trkpt lat="51.661568" lon="10.733648">
        <ele>521.608060</ele>
        <time>2026-04-08T13:39:51.000Z</time>
      </trkpt>
      <trkpt lat="51.661565" lon="10.733710">
        <ele>521.573843</ele>
        <time>2026-04-08T13:39:52.000Z</time>
      </trkpt>
      <trkpt lat="51.661558" lon="10.733771">
        <ele>521.539710</ele>
        <time>2026-04-08T13:39:53.000Z</time>
      </trkpt>
      <trkpt lat="51.661547" lon="10.733835">
        <ele>521.503169</ele>
        <time>2026-04-08T13:39:54.000Z</time>
      </trkpt>
      <trkpt lat="51.661530" lon="10.733898">
        <ele>521.465367</ele>
        <time>2026-04-08T13:39:55.000Z</time>
      </trkpt>
      <trkpt lat="51.661511" lon="10.733959">
        <ele>521.427810</ele>
        <time>2026-04-08T13:39:56.000Z</time>
      </trkpt>
      <trkpt lat="51.661492" lon="10.734019">
        <ele>521.390743</ele>
        <time>2026-04-08T13:39:57.000Z</time>
      </trkpt>
      <trkpt lat="51.661470" lon="10.734075">
        <ele>521.354271</ele>
        <time>2026-04-08T13:39:58.000Z</time>
      </trkpt>
      <trkpt lat="51.661444" lon="10.734129">
        <ele>521.316659</ele>
        <time>2026-04-08T13:39:59.000Z</time>
      </trkpt>
      <trkpt lat="51.661417" lon="10.734185">
        <ele>521.277633</ele>
        <time>2026-04-08T13:40:00.000Z</time>
      </trkpt>
      <trkpt lat="51.661392" lon="10.734240">
        <ele>521.240116</ele>
        <time>2026-04-08T13:40:01.000Z</time>
      </trkpt>
      <trkpt lat="51.661365" lon="10.734297">
        <ele>521.200654</ele>
        <time>2026-04-08T13:40:02.000Z</time>
      </trkpt>
      <trkpt lat="51.661334" lon="10.734356">
        <ele>521.158111</ele>
        <time>2026-04-08T13:40:03.000Z</time>
      </trkpt>
      <trkpt lat="51.661304" lon="10.734411">
        <ele>521.117813</ele>
        <time>2026-04-08T13:40:04.000Z</time>
      </trkpt>
      <trkpt lat="51.661270" lon="10.734468">
        <ele>521.074302</ele>
        <time>2026-04-08T13:40:05.000Z</time>
      </trkpt>
      <trkpt lat="51.661236" lon="10.734516">
        <ele>521.034214</ele>
        <time>2026-04-08T13:40:06.000Z</time>
      </trkpt>
      <trkpt lat="51.661200" lon="10.734560">
        <ele>520.994141</ele>
        <time>2026-04-08T13:40:07.000Z</time>
      </trkpt>
      <trkpt lat="51.661164" lon="10.734600">
        <ele>520.955358</ele>
        <time>2026-04-08T13:40:08.000Z</time>
      </trkpt>
      <trkpt lat="51.661122" lon="10.734634">
        <ele>520.913670</ele>
        <time>2026-04-08T13:40:09.000Z</time>
      </trkpt>
      <trkpt lat="51.661082" lon="10.734667">
        <ele>520.873813</ele>
        <time>2026-04-08T13:40:10.000Z</time>
      </trkpt>
      <trkpt lat="51.661033" lon="10.734697">
        <ele>520.827321</ele>
        <time>2026-04-08T13:40:11.000Z</time>
      </trkpt>
      <trkpt lat="51.660987" lon="10.734725">
        <ele>520.783706</ele>
        <time>2026-04-08T13:40:12.000Z</time>
      </trkpt>
      <trkpt lat="51.660941" lon="10.734749">
        <ele>520.740820</ele>
        <time>2026-04-08T13:40:13.000Z</time>
      </trkpt>
      <trkpt lat="51.660892" lon="10.734768">
        <ele>520.696116</ele>
        <time>2026-04-08T13:40:14.000Z</time>
      </trkpt>
      <trkpt lat="51.660841" lon="10.734785">
        <ele>520.649921</ele>
        <time>2026-04-08T13:40:15.000Z</time>
      </trkpt>
      <trkpt lat="51.660794" lon="10.734794">
        <ele>520.607938</ele>
        <time>2026-04-08T13:40:16.000Z</time>
      </trkpt>
      <trkpt lat="51.660740" lon="10.734803">
        <ele>520.559784</ele>
        <time>2026-04-08T13:40:17.000Z</time>
      </trkpt>
      <trkpt lat="51.660684" lon="10.734809">
        <ele>520.510001</ele>
        <time>2026-04-08T13:40:18.000Z</time>
      </trkpt>
      <trkpt lat="51.660625" lon="10.734814">
        <ele>520.457595</ele>
        <time>2026-04-08T13:40:19.000Z</time>
      </trkpt>
      <trkpt lat="51.660566" lon="10.734823">
        <ele>520.397775</ele>
        <time>2026-04-08T13:40:20.000Z</time>
      </trkpt>
      <trkpt lat="51.660509" lon="10.734830">
        <ele>520.315050</ele>
        <time>2026-04-08T13:40:21.000Z</time>
      </trkpt>
      <trkpt lat="51.660452" lon="10.734841">
        <ele>520.231975</ele>
        <time>2026-04-08T13:40:22.000Z</time>
      </trkpt>
      <trkpt lat="51.660396" lon="10.734855">
        <ele>520.149967</ele>
        <time>2026-04-08T13:40:23.000Z</time>
      </trkpt>
      <trkpt lat="51.660344" lon="10.734867">
        <ele>520.073950</ele>
        <time>2026-04-08T13:40:24.000Z</time>
      </trkpt>
      <trkpt lat="51.660295" lon="10.734881">
        <ele>520.001936</ele>
        <time>2026-04-08T13:40:25.000Z</time>
      </trkpt>
      <trkpt lat="51.660249" lon="10.734893">
        <ele>519.934502</ele>
        <time>2026-04-08T13:40:26.000Z</time>
      </trkpt>
      <trkpt lat="51.660206" lon="10.734901">
        <ele>519.871863</ele>
        <time>2026-04-08T13:40:27.000Z</time>
      </trkpt>
      <trkpt lat="51.660158" lon="10.734910">
        <ele>519.801933</ele>
        <time>2026-04-08T13:40:28.000Z</time>
      </trkpt>
      <trkpt lat="51.660110" lon="10.734931">
        <ele>519.729958</ele>
        <time>2026-04-08T13:40:29.000Z</time>
      </trkpt>
      <trkpt lat="51.660060" lon="10.734975">
        <ele>519.647523</ele>
        <time>2026-04-08T13:40:30.000Z</time>
      </trkpt>
      <trkpt lat="51.660017" lon="10.735042">
        <ele>519.560981</ele>
        <time>2026-04-08T13:40:31.000Z</time>
      </trkpt>
      <trkpt lat="51.659981" lon="10.735133">
        <ele>519.464094</ele>
        <time>2026-04-08T13:40:32.000Z</time>
      </trkpt>
      <trkpt lat="51.659952" lon="10.735239">
        <ele>519.360095</ele>
        <time>2026-04-08T13:40:33.000Z</time>
      </trkpt>
      <trkpt lat="51.659923" lon="10.735351">
        <ele>519.251147</ele>
        <time>2026-04-08T13:40:34.000Z</time>
      </trkpt>
      <trkpt lat="51.659889" lon="10.735470">
        <ele>519.133535</ele>
        <time>2026-04-08T13:40:35.000Z</time>
      </trkpt>
      <trkpt lat="51.659849" lon="10.735594">
        <ele>519.008071</ele>
        <time>2026-04-08T13:40:36.000Z</time>
      </trkpt>
      <trkpt lat="51.659807" lon="10.735719">
        <ele>518.880456</ele>
        <time>2026-04-08T13:40:37.000Z</time>
      </trkpt>
      <trkpt lat="51.659762" lon="10.735839">
        <ele>518.754579</ele>
        <time>2026-04-08T13:40:38.000Z</time>
      </trkpt>
      <trkpt lat="51.659718" lon="10.735953">
        <ele>518.634051</ele>
        <time>2026-04-08T13:40:39.000Z</time>
      </trkpt>
      <trkpt lat="51.659678" lon="10.736052">
        <ele>518.527990</ele>
        <time>2026-04-08T13:40:40.000Z</time>
      </trkpt>
      <trkpt lat="51.659635" lon="10.736145">
        <ele>518.423865</ele>
        <time>2026-04-08T13:40:41.000Z</time>
      </trkpt>
      <trkpt lat="51.659596" lon="10.736229">
        <ele>518.329677</ele>
        <time>2026-04-08T13:40:42.000Z</time>
      </trkpt>
      <trkpt lat="51.659562" lon="10.736304">
        <ele>518.246288</ele>
        <time>2026-04-08T13:40:43.000Z</time>
      </trkpt>
      <trkpt lat="51.659527" lon="10.736375">
        <ele>518.164877</ele>
        <time>2026-04-08T13:40:44.000Z</time>
      </trkpt>
      <trkpt lat="51.659498" lon="10.736434">
        <ele>518.097302</ele>
        <time>2026-04-08T13:40:45.000Z</time>
      </trkpt>
      <trkpt lat="51.659471" lon="10.736482">
        <ele>518.039136</ele>
        <time>2026-04-08T13:40:46.000Z</time>
      </trkpt>
      <trkpt lat="51.659445" lon="10.736526">
        <ele>517.984585</ele>
        <time>2026-04-08T13:40:47.000Z</time>
      </trkpt>
      <trkpt lat="51.659417" lon="10.736573">
        <ele>517.926087</ele>
        <time>2026-04-08T13:40:48.000Z</time>
      </trkpt>
      <trkpt lat="51.659387" lon="10.736620">
        <ele>517.865548</ele>
        <time>2026-04-08T13:40:49.000Z</time>
      </trkpt>
      <trkpt lat="51.659358" lon="10.736665">
        <ele>517.819052</ele>
        <time>2026-04-08T13:40:50.000Z</time>
      </trkpt>
      <trkpt lat="51.659325" lon="10.736712">
        <ele>517.873111</ele>
        <time>2026-04-08T13:40:51.000Z</time>
      </trkpt>
      <trkpt lat="51.659291" lon="10.736756">
        <ele>517.926636</ele>
        <time>2026-04-08T13:40:52.000Z</time>
      </trkpt>
      <trkpt lat="51.659256" lon="10.736800">
        <ele>517.981125</ele>
        <time>2026-04-08T13:40:53.000Z</time>
      </trkpt>
      <trkpt lat="51.659221" lon="10.736844">
        <ele>518.035613</ele>
        <time>2026-04-08T13:40:54.000Z</time>
      </trkpt>
      <trkpt lat="51.659190" lon="10.736887">
        <ele>518.085819</ele>
        <time>2026-04-08T13:40:55.000Z</time>
      </trkpt>
      <trkpt lat="51.659159" lon="10.736932">
        <ele>518.137032</ele>
        <time>2026-04-08T13:40:56.000Z</time>
      </trkpt>
      <trkpt lat="51.659126" lon="10.736977">
        <ele>518.190094</ele>
        <time>2026-04-08T13:40:57.000Z</time>
      </trkpt>
      <trkpt lat="51.659094" lon="10.737024">
        <ele>518.243239</ele>
        <time>2026-04-08T13:40:58.000Z</time>
      </trkpt>
      <trkpt lat="51.659062" lon="10.737070">
        <ele>518.295874</ele>
        <time>2026-04-08T13:40:59.000Z</time>
      </trkpt>
      <trkpt lat="51.659031" lon="10.737120">
        <ele>518.349710</ele>
        <time>2026-04-08T13:41:00.000Z</time>
      </trkpt>
      <trkpt lat="51.658999" lon="10.737175">
        <ele>518.407135</ele>
        <time>2026-04-08T13:41:01.000Z</time>
      </trkpt>
      <trkpt lat="51.658967" lon="10.737232">
        <ele>518.465680</ele>
        <time>2026-04-08T13:41:02.000Z</time>
      </trkpt>
      <trkpt lat="51.658935" lon="10.737291">
        <ele>518.525363</ele>
        <time>2026-04-08T13:41:03.000Z</time>
      </trkpt>
      <trkpt lat="51.658905" lon="10.737350">
        <ele>518.583460</ele>
        <time>2026-04-08T13:41:04.000Z</time>
      </trkpt>
      <trkpt lat="51.658877" lon="10.737414">
        <ele>518.643102</ele>
        <time>2026-04-08T13:41:05.000Z</time>
      </trkpt>
      <trkpt lat="51.658850" lon="10.737482">
        <ele>518.704587</ele>
        <time>2026-04-08T13:41:06.000Z</time>
      </trkpt>
      <trkpt lat="51.658827" lon="10.737546">
        <ele>518.760914</ele>
        <time>2026-04-08T13:41:07.000Z</time>
      </trkpt>
      <trkpt lat="51.658801" lon="10.737614">
        <ele>518.821747</ele>
        <time>2026-04-08T13:41:08.000Z</time>
      </trkpt>
      <trkpt lat="51.658776" lon="10.737683">
        <ele>518.882600</ele>
        <time>2026-04-08T13:41:09.000Z</time>
      </trkpt>
      <trkpt lat="51.658751" lon="10.737747">
        <ele>518.940198</ele>
        <time>2026-04-08T13:41:10.000Z</time>
      </trkpt>
      <trkpt lat="51.658727" lon="10.737811">
        <ele>518.997151</ele>
        <time>2026-04-08T13:41:11.000Z</time>
      </trkpt>
      <trkpt lat="51.658701" lon="10.737877">
        <ele>519.056692</ele>
        <time>2026-04-08T13:41:12.000Z</time>
      </trkpt>
      <trkpt lat="51.658676" lon="10.737940">
        <ele>519.113647</ele>
        <time>2026-04-08T13:41:13.000Z</time>
      </trkpt>
      <trkpt lat="51.658649" lon="10.738012">
        <ele>519.177719</ele>
        <time>2026-04-08T13:41:14.000Z</time>
      </trkpt>
      <trkpt lat="51.658621" lon="10.738086">
        <ele>519.243730</ele>
        <time>2026-04-08T13:41:15.000Z</time>
      </trkpt>
      <trkpt lat="51.658593" lon="10.738153">
        <ele>519.305253</ele>
        <time>2026-04-08T13:41:16.000Z</time>
      </trkpt>
      <trkpt lat="51.658563" lon="10.738227">
        <ele>519.372575</ele>
        <time>2026-04-08T13:41:17.000Z</time>
      </trkpt>
      <trkpt lat="51.658528" lon="10.738305">
        <ele>519.445888</ele>
        <time>2026-04-08T13:41:18.000Z</time>
      </trkpt>
      <trkpt lat="51.658498" lon="10.738376">
        <ele>519.511310</ele>
        <time>2026-04-08T13:41:19.000Z</time>
      </trkpt>
      <trkpt lat="51.658468" lon="10.738451">
        <ele>519.579271</ele>
        <time>2026-04-08T13:41:20.000Z</time>
      </trkpt>
      <trkpt lat="51.658436" lon="10.738531">
        <ele>519.651763</ele>
        <time>2026-04-08T13:41:21.000Z</time>
      </trkpt>
      <trkpt lat="51.658402" lon="10.738610">
        <ele>519.724988</ele>
        <time>2026-04-08T13:41:22.000Z</time>
      </trkpt>
      <trkpt lat="51.658369" lon="10.738689">
        <ele>519.797520</ele>
        <time>2026-04-08T13:41:23.000Z</time>
      </trkpt>
      <trkpt lat="51.658336" lon="10.738766">
        <ele>519.868793</ele>
        <time>2026-04-08T13:41:24.000Z</time>
      </trkpt>
      <trkpt lat="51.658306" lon="10.738839">
        <ele>519.935480</ele>
        <time>2026-04-08T13:41:25.000Z</time>
      </trkpt>
      <trkpt lat="51.658271" lon="10.738919">
        <ele>520.010032</ele>
        <time>2026-04-08T13:41:26.000Z</time>
      </trkpt>
      <trkpt lat="51.658236" lon="10.738999">
        <ele>519.933222</ele>
        <time>2026-04-08T13:41:27.000Z</time>
      </trkpt>
      <trkpt lat="51.658203" lon="10.739075">
        <ele>519.833720</ele>
        <time>2026-04-08T13:41:28.000Z</time>
      </trkpt>
      <trkpt lat="51.658172" lon="10.739156">
        <ele>519.731636</ele>
        <time>2026-04-08T13:41:29.000Z</time>
      </trkpt>
      <trkpt lat="51.658141" lon="10.739237">
        <ele>519.629552</ele>
        <time>2026-04-08T13:41:30.000Z</time>
      </trkpt>
      <trkpt lat="51.658108" lon="10.739314">
        <ele>519.529169</ele>
        <time>2026-04-08T13:41:31.000Z</time>
      </trkpt>
      <trkpt lat="51.658076" lon="10.739394">
        <ele>519.427069</ele>
        <time>2026-04-08T13:41:32.000Z</time>
      </trkpt>
      <trkpt lat="51.658043" lon="10.739474">
        <ele>519.324022</ele>
        <time>2026-04-08T13:41:33.000Z</time>
      </trkpt>
      <trkpt lat="51.658012" lon="10.739556">
        <ele>519.221023</ele>
        <time>2026-04-08T13:41:34.000Z</time>
      </trkpt>
      <trkpt lat="51.657978" lon="10.739639">
        <ele>519.114339</ele>
        <time>2026-04-08T13:41:35.000Z</time>
      </trkpt>
      <trkpt lat="51.657941" lon="10.739721">
        <ele>519.005580</ele>
        <time>2026-04-08T13:41:36.000Z</time>
      </trkpt>
      <trkpt lat="51.657910" lon="10.739799">
        <ele>518.906219</ele>
        <time>2026-04-08T13:41:37.000Z</time>
      </trkpt>
      <trkpt lat="51.657876" lon="10.739886">
        <ele>518.795929</ele>
        <time>2026-04-08T13:41:38.000Z</time>
      </trkpt>
      <trkpt lat="51.657840" lon="10.739972">
        <ele>518.684648</ele>
        <time>2026-04-08T13:41:39.000Z</time>
      </trkpt>
      <trkpt lat="51.657807" lon="10.740050">
        <ele>518.583380</ele>
        <time>2026-04-08T13:41:40.000Z</time>
      </trkpt>
      <trkpt lat="51.657775" lon="10.740131">
        <ele>518.480377</ele>
        <time>2026-04-08T13:41:41.000Z</time>
      </trkpt>
      <trkpt lat="51.657742" lon="10.740209">
        <ele>518.379109</ele>
        <time>2026-04-08T13:41:42.000Z</time>
      </trkpt>
      <trkpt lat="51.657711" lon="10.740290">
        <ele>518.277024</ele>
        <time>2026-04-08T13:41:43.000Z</time>
      </trkpt>
      <trkpt lat="51.657678" lon="10.740368">
        <ele>518.175756</ele>
        <time>2026-04-08T13:41:44.000Z</time>
      </trkpt>
      <trkpt lat="51.657645" lon="10.740455">
        <ele>518.066377</ele>
        <time>2026-04-08T13:41:45.000Z</time>
      </trkpt>
      <trkpt lat="51.657612" lon="10.740540">
        <ele>517.958823</ele>
        <time>2026-04-08T13:41:46.000Z</time>
      </trkpt>
      <trkpt lat="51.657580" lon="10.740627">
        <ele>517.850336</ele>
        <time>2026-04-08T13:41:47.000Z</time>
      </trkpt>
      <trkpt lat="51.657550" lon="10.740712">
        <ele>517.745441</ele>
        <time>2026-04-08T13:41:48.000Z</time>
      </trkpt>
      <trkpt lat="51.657523" lon="10.740797">
        <ele>517.643011</ele>
        <time>2026-04-08T13:41:49.000Z</time>
      </trkpt>
      <trkpt lat="51.657493" lon="10.740883">
        <ele>517.537183</ele>
        <time>2026-04-08T13:41:50.000Z</time>
      </trkpt>
      <trkpt lat="51.657459" lon="10.740968">
        <ele>517.428701</ele>
        <time>2026-04-08T13:41:51.000Z</time>
      </trkpt>
      <trkpt lat="51.657426" lon="10.741050">
        <ele>517.323860</ele>
        <time>2026-04-08T13:41:52.000Z</time>
      </trkpt>
      <trkpt lat="51.657390" lon="10.741133">
        <ele>517.215231</ele>
        <time>2026-04-08T13:41:53.000Z</time>
      </trkpt>
      <trkpt lat="51.657353" lon="10.741212">
        <ele>517.109056</ele>
        <time>2026-04-08T13:41:54.000Z</time>
      </trkpt>
      <trkpt lat="51.657316" lon="10.741290">
        <ele>517.003736</ele>
        <time>2026-04-08T13:41:55.000Z</time>
      </trkpt>
      <trkpt lat="51.657277" lon="10.741372">
        <ele>516.847631</ele>
        <time>2026-04-08T13:41:56.000Z</time>
      </trkpt>
      <trkpt lat="51.657241" lon="10.741459">
        <ele>516.467273</ele>
        <time>2026-04-08T13:41:57.000Z</time>
      </trkpt>
      <trkpt lat="51.657208" lon="10.741543">
        <ele>516.105650</ele>
        <time>2026-04-08T13:41:58.000Z</time>
      </trkpt>
      <trkpt lat="51.657173" lon="10.741633">
        <ele>515.719313</ele>
        <time>2026-04-08T13:41:59.000Z</time>
      </trkpt>
      <trkpt lat="51.657139" lon="10.741723">
        <ele>515.336058</ele>
        <time>2026-04-08T13:42:00.000Z</time>
      </trkpt>
      <trkpt lat="51.657108" lon="10.741812">
        <ele>514.964824</ele>
        <time>2026-04-08T13:42:01.000Z</time>
      </trkpt>
      <trkpt lat="51.657074" lon="10.741906">
        <ele>514.569070</ele>
        <time>2026-04-08T13:42:02.000Z</time>
      </trkpt>
      <trkpt lat="51.657038" lon="10.742002">
        <ele>514.161074</ele>
        <time>2026-04-08T13:42:03.000Z</time>
      </trkpt>
      <trkpt lat="51.657006" lon="10.742090">
        <ele>513.790077</ele>
        <time>2026-04-08T13:42:04.000Z</time>
      </trkpt>
      <trkpt lat="51.656971" lon="10.742186">
        <ele>513.385083</ele>
        <time>2026-04-08T13:42:05.000Z</time>
      </trkpt>
      <trkpt lat="51.656936" lon="10.742275">
        <ele>513.001821</ele>
        <time>2026-04-08T13:42:06.000Z</time>
      </trkpt>
      <trkpt lat="51.656900" lon="10.742359">
        <ele>512.630489</ele>
        <time>2026-04-08T13:42:07.000Z</time>
      </trkpt>
      <trkpt lat="51.656861" lon="10.742443">
        <ele>512.248886</ele>
        <time>2026-04-08T13:42:08.000Z</time>
      </trkpt>
      <trkpt lat="51.656819" lon="10.742525">
        <ele>511.862127</ele>
        <time>2026-04-08T13:42:09.000Z</time>
      </trkpt>
      <trkpt lat="51.656775" lon="10.742597">
        <ele>511.494537</ele>
        <time>2026-04-08T13:42:10.000Z</time>
      </trkpt>
      <trkpt lat="51.656732" lon="10.742663">
        <ele>511.146430</ele>
        <time>2026-04-08T13:42:11.000Z</time>
      </trkpt>
      <trkpt lat="51.656684" lon="10.742726">
        <ele>510.783526</ele>
        <time>2026-04-08T13:42:12.000Z</time>
      </trkpt>
      <trkpt lat="51.656634" lon="10.742786">
        <ele>510.418075</ele>
        <time>2026-04-08T13:42:13.000Z</time>
      </trkpt>
      <trkpt lat="51.656585" lon="10.742855">
        <ele>510.036616</ele>
        <time>2026-04-08T13:42:14.000Z</time>
      </trkpt>
      <trkpt lat="51.656536" lon="10.742927">
        <ele>509.647892</ele>
        <time>2026-04-08T13:42:15.000Z</time>
      </trkpt>
      <trkpt lat="51.656487" lon="10.742994">
        <ele>509.271179</ele>
        <time>2026-04-08T13:42:16.000Z</time>
      </trkpt>
      <trkpt lat="51.656435" lon="10.743072">
        <ele>508.854733</ele>
        <time>2026-04-08T13:42:17.000Z</time>
      </trkpt>
      <trkpt lat="51.656385" lon="10.743150">
        <ele>508.446792</ele>
        <time>2026-04-08T13:42:18.000Z</time>
      </trkpt>
      <trkpt lat="51.656331" lon="10.743235">
        <ele>508.004289</ele>
        <time>2026-04-08T13:42:19.000Z</time>
      </trkpt>
      <trkpt lat="51.656277" lon="10.743321">
        <ele>507.559237</ele>
        <time>2026-04-08T13:42:20.000Z</time>
      </trkpt>
      <trkpt lat="51.656225" lon="10.743409">
        <ele>507.117210</ele>
        <time>2026-04-08T13:42:21.000Z</time>
      </trkpt>
      <trkpt lat="51.656172" lon="10.743499">
        <ele>506.665871</ele>
        <time>2026-04-08T13:42:22.000Z</time>
      </trkpt>
      <trkpt lat="51.656118" lon="10.743584">
        <ele>506.236926</ele>
        <time>2026-04-08T13:42:23.000Z</time>
      </trkpt>
      <trkpt lat="51.656061" lon="10.743671">
        <ele>505.820229</ele>
        <time>2026-04-08T13:42:24.000Z</time>
      </trkpt>
      <trkpt lat="51.656009" lon="10.743749">
        <ele>505.443168</ele>
        <time>2026-04-08T13:42:25.000Z</time>
      </trkpt>
      <trkpt lat="51.655948" lon="10.743826">
        <ele>505.031888</ele>
        <time>2026-04-08T13:42:26.000Z</time>
      </trkpt>
      <trkpt lat="51.655890" lon="10.743898">
        <ele>504.643285</ele>
        <time>2026-04-08T13:42:27.000Z</time>
      </trkpt>
      <trkpt lat="51.655827" lon="10.743965">
        <ele>504.242632</ele>
        <time>2026-04-08T13:42:28.000Z</time>
      </trkpt>
      <trkpt lat="51.655756" lon="10.744025">
        <ele>503.817087</ele>
        <time>2026-04-08T13:42:29.000Z</time>
      </trkpt>
      <trkpt lat="51.655677" lon="10.744072">
        <ele>503.370078</ele>
        <time>2026-04-08T13:42:30.000Z</time>
      </trkpt>
      <trkpt lat="51.655605" lon="10.744102">
        <ele>502.975316</ele>
        <time>2026-04-08T13:42:31.000Z</time>
      </trkpt>
      <trkpt lat="51.655517" lon="10.744128">
        <ele>502.500402</ele>
        <time>2026-04-08T13:42:32.000Z</time>
      </trkpt>
      <trkpt lat="51.655418" lon="10.744155">
        <ele>501.967410</ele>
        <time>2026-04-08T13:42:33.000Z</time>
      </trkpt>
      <trkpt lat="51.655326" lon="10.744175">
        <ele>501.474624</ele>
        <time>2026-04-08T13:42:34.000Z</time>
      </trkpt>
      <trkpt lat="51.655246" lon="10.744194">
        <ele>501.045374</ele>
        <time>2026-04-08T13:42:35.000Z</time>
      </trkpt>
      <trkpt lat="51.655168" lon="10.744215">
        <ele>500.625589</ele>
        <time>2026-04-08T13:42:36.000Z</time>
      </trkpt>
      <trkpt lat="51.655108" lon="10.744243">
        <ele>500.294011</ele>
        <time>2026-04-08T13:42:37.000Z</time>
      </trkpt>
      <trkpt lat="51.655056" lon="10.744288">
        <ele>499.980712</ele>
        <time>2026-04-08T13:42:38.000Z</time>
      </trkpt>
      <trkpt lat="51.655012" lon="10.744354">
        <ele>499.661657</ele>
        <time>2026-04-08T13:42:39.000Z</time>
      </trkpt>
      <trkpt lat="51.654985" lon="10.744438">
        <ele>499.350100</ele>
        <time>2026-04-08T13:42:40.000Z</time>
      </trkpt>
      <trkpt lat="51.654974" lon="10.744538">
        <ele>499.015638</ele>
        <time>2026-04-08T13:42:41.000Z</time>
      </trkpt>
      <trkpt lat="51.654969" lon="10.744651">
        <ele>498.642555</ele>
        <time>2026-04-08T13:42:42.000Z</time>
      </trkpt>
      <trkpt lat="51.654974" lon="10.744761">
        <ele>498.279326</ele>
        <time>2026-04-08T13:42:43.000Z</time>
      </trkpt>
      <trkpt lat="51.654991" lon="10.744878">
        <ele>497.883589</ele>
        <time>2026-04-08T13:42:44.000Z</time>
      </trkpt>
      <trkpt lat="51.655010" lon="10.744991">
        <ele>497.498027</ele>
        <time>2026-04-08T13:42:45.000Z</time>
      </trkpt>
      <trkpt lat="51.655038" lon="10.745099">
        <ele>497.112548</ele>
        <time>2026-04-08T13:42:46.000Z</time>
      </trkpt>
      <trkpt lat="51.655066" lon="10.745199">
        <ele>496.880439</ele>
        <time>2026-04-08T13:42:47.000Z</time>
      </trkpt>
      <trkpt lat="51.655098" lon="10.745306">
        <ele>497.235396</ele>
        <time>2026-04-08T13:42:48.000Z</time>
      </trkpt>
      <trkpt lat="51.655127" lon="10.745407">
        <ele>497.567968</ele>
        <time>2026-04-08T13:42:49.000Z</time>
      </trkpt>
      <trkpt lat="51.655156" lon="10.745512">
        <ele>497.911423</ele>
        <time>2026-04-08T13:42:50.000Z</time>
      </trkpt>
      <trkpt lat="51.655185" lon="10.745621">
        <ele>498.265832</ele>
        <time>2026-04-08T13:42:51.000Z</time>
      </trkpt>
      <trkpt lat="51.655207" lon="10.745725">
        <ele>498.594181</ele>
        <time>2026-04-08T13:42:52.000Z</time>
      </trkpt>
      <trkpt lat="51.655221" lon="10.745834">
        <ele>498.926808</ele>
        <time>2026-04-08T13:42:53.000Z</time>
      </trkpt>
      <trkpt lat="51.655230" lon="10.745937">
        <ele>499.237636</ele>
        <time>2026-04-08T13:42:54.000Z</time>
      </trkpt>
      <trkpt lat="51.655237" lon="10.746029">
        <ele>499.514616</ele>
        <time>2026-04-08T13:42:55.000Z</time>
      </trkpt>
      <trkpt lat="51.655239" lon="10.746124">
        <ele>499.798663</ele>
        <time>2026-04-08T13:42:56.000Z</time>
      </trkpt>
      <trkpt lat="51.655239" lon="10.746212">
        <ele>500.061630</ele>
        <time>2026-04-08T13:42:57.000Z</time>
      </trkpt>
      <trkpt lat="51.655236" lon="10.746297">
        <ele>500.316042</ele>
        <time>2026-04-08T13:42:58.000Z</time>
      </trkpt>
      <trkpt lat="51.655235" lon="10.746380">
        <ele>500.564114</ele>
        <time>2026-04-08T13:42:59.000Z</time>
      </trkpt>
      <trkpt lat="51.655235" lon="10.746463">
        <ele>500.812139</ele>
        <time>2026-04-08T13:43:00.000Z</time>
      </trkpt>
      <trkpt lat="51.655238" lon="10.746537">
        <ele>501.033742</ele>
        <time>2026-04-08T13:43:01.000Z</time>
      </trkpt>
      <trkpt lat="51.655239" lon="10.746615">
        <ele>501.266875</ele>
        <time>2026-04-08T13:43:02.000Z</time>
      </trkpt>
      <trkpt lat="51.655239" lon="10.746686">
        <ele>501.479042</ele>
        <time>2026-04-08T13:43:03.000Z</time>
      </trkpt>
      <trkpt lat="51.655239" lon="10.746755">
        <ele>501.685231</ele>
        <time>2026-04-08T13:43:04.000Z</time>
      </trkpt>
      <trkpt lat="51.655242" lon="10.746820">
        <ele>501.880004</ele>
        <time>2026-04-08T13:43:05.000Z</time>
      </trkpt>
      <trkpt lat="51.655246" lon="10.746885">
        <ele>502.075194</ele>
        <time>2026-04-08T13:43:06.000Z</time>
      </trkpt>
      <trkpt lat="51.655249" lon="10.746944">
        <ele>502.252092</ele>
        <time>2026-04-08T13:43:07.000Z</time>
      </trkpt>
      <trkpt lat="51.655253" lon="10.747008">
        <ele>502.444309</ele>
        <time>2026-04-08T13:43:08.000Z</time>
      </trkpt>
      <trkpt lat="51.655257" lon="10.747066">
        <ele>502.618695</ele>
        <time>2026-04-08T13:43:09.000Z</time>
      </trkpt>
      <trkpt lat="51.655261" lon="10.747125">
        <ele>502.796052</ele>
        <time>2026-04-08T13:43:10.000Z</time>
      </trkpt>
      <trkpt lat="51.655265" lon="10.747180">
        <ele>502.961531</ele>
        <time>2026-04-08T13:43:11.000Z</time>
      </trkpt>
      <trkpt lat="51.655269" lon="10.747237">
        <ele>503.132948</ele>
        <time>2026-04-08T13:43:12.000Z</time>
      </trkpt>
      <trkpt lat="51.655273" lon="10.747290">
        <ele>503.292493</ele>
        <time>2026-04-08T13:43:13.000Z</time>
      </trkpt>
      <trkpt lat="51.655276" lon="10.747345">
        <ele>503.457481</ele>
        <time>2026-04-08T13:43:14.000Z</time>
      </trkpt>
      <trkpt lat="51.655280" lon="10.747398">
        <ele>503.617026</ele>
        <time>2026-04-08T13:43:15.000Z</time>
      </trkpt>
      <trkpt lat="51.655284" lon="10.747453">
        <ele>503.782505</ele>
        <time>2026-04-08T13:43:16.000Z</time>
      </trkpt>
      <trkpt lat="51.655288" lon="10.747505">
        <ele>503.939084</ele>
        <time>2026-04-08T13:43:17.000Z</time>
      </trkpt>
      <trkpt lat="51.655295" lon="10.747559">
        <ele>504.103935</ele>
        <time>2026-04-08T13:43:18.000Z</time>
      </trkpt>
      <trkpt lat="51.655299" lon="10.747612">
        <ele>504.263480</ele>
        <time>2026-04-08T13:43:19.000Z</time>
      </trkpt>
      <trkpt lat="51.655300" lon="10.747666">
        <ele>504.424917</ele>
        <time>2026-04-08T13:43:20.000Z</time>
      </trkpt>
      <trkpt lat="51.655303" lon="10.747719">
        <ele>504.583952</ele>
        <time>2026-04-08T13:43:21.000Z</time>
      </trkpt>
      <trkpt lat="51.655307" lon="10.747773">
        <ele>504.746464</ele>
        <time>2026-04-08T13:43:22.000Z</time>
      </trkpt>
      <trkpt lat="51.655311" lon="10.747831">
        <ele>504.920850</ele>
        <time>2026-04-08T13:43:23.000Z</time>
      </trkpt>
      <trkpt lat="51.655315" lon="10.747894">
        <ele>505.110093</ele>
        <time>2026-04-08T13:43:24.000Z</time>
      </trkpt>
      <trkpt lat="51.655324" lon="10.747958">
        <ele>505.306193</ele>
        <time>2026-04-08T13:43:25.000Z</time>
      </trkpt>
      <trkpt lat="51.655333" lon="10.748029">
        <ele>505.558319</ele>
        <time>2026-04-08T13:43:26.000Z</time>
      </trkpt>
      <trkpt lat="51.655337" lon="10.748098">
        <ele>505.948659</ele>
        <time>2026-04-08T13:43:27.000Z</time>
      </trkpt>
      <trkpt lat="51.655344" lon="10.748165">
        <ele>506.331356</ele>
        <time>2026-04-08T13:43:28.000Z</time>
      </trkpt>
      <trkpt lat="51.655352" lon="10.748228">
        <ele>506.693565</ele>
        <time>2026-04-08T13:43:29.000Z</time>
      </trkpt>
      <trkpt lat="51.655360" lon="10.748290">
        <ele>507.050257</ele>
        <time>2026-04-08T13:43:30.000Z</time>
      </trkpt>
      <trkpt lat="51.655367" lon="10.748342">
        <ele>507.349966</ele>
        <time>2026-04-08T13:43:31.000Z</time>
      </trkpt>
      <trkpt lat="51.655372" lon="10.748396">
        <ele>507.657494</ele>
        <time>2026-04-08T13:43:32.000Z</time>
      </trkpt>
      <trkpt lat="51.655379" lon="10.748444">
        <ele>507.935226</ele>
        <time>2026-04-08T13:43:33.000Z</time>
      </trkpt>
      <trkpt lat="51.655383" lon="10.748490">
        <ele>508.196857</ele>
        <time>2026-04-08T13:43:34.000Z</time>
      </trkpt>
      <trkpt lat="51.655387" lon="10.748536">
        <ele>508.458488</ele>
        <time>2026-04-08T13:43:35.000Z</time>
      </trkpt>
      <trkpt lat="51.655391" lon="10.748582">
        <ele>508.720119</ele>
        <time>2026-04-08T13:43:36.000Z</time>
      </trkpt>
      <trkpt lat="51.655392" lon="10.748629">
        <ele>508.985005</ele>
        <time>2026-04-08T13:43:37.000Z</time>
      </trkpt>
      <trkpt lat="51.655398" lon="10.748675">
        <ele>509.249767</ele>
        <time>2026-04-08T13:43:38.000Z</time>
      </trkpt>
      <trkpt lat="51.655399" lon="10.748720">
        <ele>509.503395</ele>
        <time>2026-04-08T13:43:39.000Z</time>
      </trkpt>
      <trkpt lat="51.655402" lon="10.748764">
        <ele>509.752720</ele>
        <time>2026-04-08T13:43:40.000Z</time>
      </trkpt>
      <trkpt lat="51.655409" lon="10.748808">
        <ele>510.008572</ele>
        <time>2026-04-08T13:43:41.000Z</time>
      </trkpt>
      <trkpt lat="51.655414" lon="10.748854">
        <ele>510.271617</ele>
        <time>2026-04-08T13:43:42.000Z</time>
      </trkpt>
      <trkpt lat="51.655417" lon="10.748897">
        <ele>510.515343</ele>
        <time>2026-04-08T13:43:43.000Z</time>
      </trkpt>
      <trkpt lat="51.655421" lon="10.748939">
        <ele>510.754682</ele>
        <time>2026-04-08T13:43:44.000Z</time>
      </trkpt>
      <trkpt lat="51.655425" lon="10.748981">
        <ele>510.994021</ele>
        <time>2026-04-08T13:43:45.000Z</time>
      </trkpt>
      <trkpt lat="51.655429" lon="10.749019">
        <ele>511.211117</ele>
        <time>2026-04-08T13:43:46.000Z</time>
      </trkpt>
      <trkpt lat="51.655433" lon="10.749055">
        <ele>511.417116</ele>
        <time>2026-04-08T13:43:47.000Z</time>
      </trkpt>
      <trkpt lat="51.655434" lon="10.749094">
        <ele>511.636973</ele>
        <time>2026-04-08T13:43:48.000Z</time>
      </trkpt>
      <trkpt lat="51.655434" lon="10.749127">
        <ele>511.822848</ele>
        <time>2026-04-08T13:43:49.000Z</time>
      </trkpt>
      <trkpt lat="51.655435" lon="10.749161">
        <ele>512.014570</ele>
        <time>2026-04-08T13:43:50.000Z</time>
      </trkpt>
      <trkpt lat="51.655437" lon="10.749195">
        <ele>512.206936</ele>
        <time>2026-04-08T13:43:51.000Z</time>
      </trkpt>
      <trkpt lat="51.655437" lon="10.749230">
        <ele>512.404075</ele>
        <time>2026-04-08T13:43:52.000Z</time>
      </trkpt>
      <trkpt lat="51.655437" lon="10.749267">
        <ele>512.612480</ele>
        <time>2026-04-08T13:43:53.000Z</time>
      </trkpt>
      <trkpt lat="51.655440" lon="10.749302">
        <ele>512.811492</ele>
        <time>2026-04-08T13:43:54.000Z</time>
      </trkpt>
      <trkpt lat="51.655441" lon="10.749335">
        <ele>512.997588</ele>
        <time>2026-04-08T13:43:55.000Z</time>
      </trkpt>
      <trkpt lat="51.655444" lon="10.749371">
        <ele>513.202182</ele>
        <time>2026-04-08T13:43:56.000Z</time>
      </trkpt>
      <trkpt lat="51.655445" lon="10.749408">
        <ele>513.410784</ele>
        <time>2026-04-08T13:43:57.000Z</time>
      </trkpt>
      <trkpt lat="51.655445" lon="10.749447">
        <ele>513.630454</ele>
        <time>2026-04-08T13:43:58.000Z</time>
      </trkpt>
      <trkpt lat="51.655445" lon="10.749483">
        <ele>513.833226</ele>
        <time>2026-04-08T13:43:59.000Z</time>
      </trkpt>
      <trkpt lat="51.655448" lon="10.749524">
        <ele>514.065761</ele>
        <time>2026-04-08T13:44:00.000Z</time>
      </trkpt>
      <trkpt lat="51.655449" lon="10.749560">
        <ele>514.268736</ele>
        <time>2026-04-08T13:44:01.000Z</time>
      </trkpt>
      <trkpt lat="51.655449" lon="10.749599">
        <ele>514.488406</ele>
        <time>2026-04-08T13:44:02.000Z</time>
      </trkpt>
      <trkpt lat="51.655449" lon="10.749643">
        <ele>514.736239</ele>
        <time>2026-04-08T13:44:03.000Z</time>
      </trkpt>
      <trkpt lat="51.655449" lon="10.749686">
        <ele>514.978439</ele>
        <time>2026-04-08T13:44:04.000Z</time>
      </trkpt>
      <trkpt lat="51.655447" lon="10.749731">
        <ele>515.232553</ele>
        <time>2026-04-08T13:44:05.000Z</time>
      </trkpt>
      <trkpt lat="51.655445" lon="10.749777">
        <ele>515.492286</ele>
        <time>2026-04-08T13:44:06.000Z</time>
      </trkpt>
      <trkpt lat="51.655442" lon="10.749820">
        <ele>515.736013</ele>
        <time>2026-04-08T13:44:07.000Z</time>
      </trkpt>
      <trkpt lat="51.655438" lon="10.749862">
        <ele>515.975352</ele>
        <time>2026-04-08T13:44:08.000Z</time>
      </trkpt>
      <trkpt lat="51.655432" lon="10.749904">
        <ele>516.218110</ele>
        <time>2026-04-08T13:44:09.000Z</time>
      </trkpt>
      <trkpt lat="51.655424" lon="10.749945">
        <ele>516.460198</ele>
        <time>2026-04-08T13:44:10.000Z</time>
      </trkpt>
      <trkpt lat="51.655416" lon="10.749984">
        <ele>516.691564</ele>
        <time>2026-04-08T13:44:11.000Z</time>
      </trkpt>
      <trkpt lat="51.655408" lon="10.750026">
        <ele>516.939031</ele>
        <time>2026-04-08T13:44:12.000Z</time>
      </trkpt>
      <trkpt lat="51.655398" lon="10.750062">
        <ele>517.161201</ele>
        <time>2026-04-08T13:44:13.000Z</time>
      </trkpt>
      <trkpt lat="51.655383" lon="10.750101">
        <ele>517.419661</ele>
        <time>2026-04-08T13:44:14.000Z</time>
      </trkpt>
      <trkpt lat="51.655372" lon="10.750138">
        <ele>517.650760</ele>
        <time>2026-04-08T13:44:15.000Z</time>
      </trkpt>
      <trkpt lat="51.655360" lon="10.750180">
        <ele>517.911210</ele>
        <time>2026-04-08T13:44:16.000Z</time>
      </trkpt>
      <trkpt lat="51.655349" lon="10.750221">
        <ele>518.162815</ele>
        <time>2026-04-08T13:44:17.000Z</time>
      </trkpt>
      <trkpt lat="51.655334" lon="10.750266">
        <ele>518.450550</ele>
        <time>2026-04-08T13:44:18.000Z</time>
      </trkpt>
      <trkpt lat="51.655325" lon="10.750309">
        <ele>518.706163</ele>
        <time>2026-04-08T13:44:19.000Z</time>
      </trkpt>
      <trkpt lat="51.655320" lon="10.750355">
        <ele>518.969208</ele>
        <time>2026-04-08T13:44:20.000Z</time>
      </trkpt>
      <trkpt lat="51.655316" lon="10.750403">
        <ele>519.241999</ele>
        <time>2026-04-08T13:44:21.000Z</time>
      </trkpt>
      <trkpt lat="51.655321" lon="10.750452">
        <ele>519.521704</ele>
        <time>2026-04-08T13:44:22.000Z</time>
      </trkpt>
      <trkpt lat="51.655326" lon="10.750499">
        <ele>519.790299</ele>
        <time>2026-04-08T13:44:23.000Z</time>
      </trkpt>
      <trkpt lat="51.655333" lon="10.750543">
        <ele>520.046151</ele>
        <time>2026-04-08T13:44:24.000Z</time>
      </trkpt>
      <trkpt lat="51.655340" lon="10.750584">
        <ele>520.285672</ele>
        <time>2026-04-08T13:44:25.000Z</time>
      </trkpt>
      <trkpt lat="51.655351" lon="10.750629">
        <ele>520.558103</ele>
        <time>2026-04-08T13:44:26.000Z</time>
      </trkpt>
      <trkpt lat="51.655359" lon="10.750672">
        <ele>520.810960</ele>
        <time>2026-04-08T13:44:27.000Z</time>
      </trkpt>
      <trkpt lat="51.655367" lon="10.750718">
        <ele>521.080046</ele>
        <time>2026-04-08T13:44:28.000Z</time>
      </trkpt>
      <trkpt lat="51.655375" lon="10.750761">
        <ele>521.332903</ele>
        <time>2026-04-08T13:44:29.000Z</time>
      </trkpt>
      <trkpt lat="51.655379" lon="10.750810">
        <ele>521.611277</ele>
        <time>2026-04-08T13:44:30.000Z</time>
      </trkpt>
      <trkpt lat="51.655383" lon="10.750857">
        <ele>521.875871</ele>
        <time>2026-04-08T13:44:31.000Z</time>
      </trkpt>
      <trkpt lat="51.655384" lon="10.750906">
        <ele>522.141058</ele>
        <time>2026-04-08T13:44:32.000Z</time>
      </trkpt>
      <trkpt lat="51.655384" lon="10.750952">
        <ele>522.389874</ele>
        <time>2026-04-08T13:44:33.000Z</time>
      </trkpt>
      <trkpt lat="51.655384" lon="10.750996">
        <ele>522.627873</ele>
        <time>2026-04-08T13:44:34.000Z</time>
      </trkpt>
      <trkpt lat="51.655384" lon="10.751042">
        <ele>522.876689</ele>
        <time>2026-04-08T13:44:35.000Z</time>
      </trkpt>
      <trkpt lat="51.655384" lon="10.751088">
        <ele>523.125505</ele>
        <time>2026-04-08T13:44:36.000Z</time>
      </trkpt>
      <trkpt lat="51.655384" lon="10.751128">
        <ele>523.341868</ele>
        <time>2026-04-08T13:44:37.000Z</time>
      </trkpt>
      <trkpt lat="51.655381" lon="10.751170">
        <ele>523.570549</ele>
        <time>2026-04-08T13:44:38.000Z</time>
      </trkpt>
      <trkpt lat="51.655380" lon="10.751210">
        <ele>523.787086</ele>
        <time>2026-04-08T13:44:39.000Z</time>
      </trkpt>
      <trkpt lat="51.655377" lon="10.751247">
        <ele>523.988923</ele>
        <time>2026-04-08T13:44:40.000Z</time>
      </trkpt>
      <trkpt lat="51.655376" lon="10.751282">
        <ele>524.178441</ele>
        <time>2026-04-08T13:44:41.000Z</time>
      </trkpt>
      <trkpt lat="51.655370" lon="10.751317">
        <ele>524.374853</ele>
        <time>2026-04-08T13:44:42.000Z</time>
      </trkpt>
      <trkpt lat="51.655366" lon="10.751353">
        <ele>524.572677</ele>
        <time>2026-04-08T13:44:43.000Z</time>
      </trkpt>
      <trkpt lat="51.655359" lon="10.751387">
        <ele>524.766447</ele>
        <time>2026-04-08T13:44:44.000Z</time>
      </trkpt>
      <trkpt lat="51.655348" lon="10.751418">
        <ele>524.959618</ele>
        <time>2026-04-08T13:44:45.000Z</time>
      </trkpt>
      <trkpt lat="51.655337" lon="10.751448">
        <ele>525.148113</ele>
        <time>2026-04-08T13:44:46.000Z</time>
      </trkpt>
      <trkpt lat="51.655322" lon="10.751474">
        <ele>525.340160</ele>
        <time>2026-04-08T13:44:47.000Z</time>
      </trkpt>
      <trkpt lat="51.655307" lon="10.751503">
        <ele>525.544390</ele>
        <time>2026-04-08T13:44:48.000Z</time>
      </trkpt>
      <trkpt lat="51.655293" lon="10.751529">
        <ele>525.730610</ele>
        <time>2026-04-08T13:44:49.000Z</time>
      </trkpt>
      <trkpt lat="51.655277" lon="10.751558">
        <ele>525.940530</ele>
        <time>2026-04-08T13:44:50.000Z</time>
      </trkpt>
      <trkpt lat="51.655259" lon="10.751585">
        <ele>526.154910</ele>
        <time>2026-04-08T13:44:51.000Z</time>
      </trkpt>
      <trkpt lat="51.655237" lon="10.751610">
        <ele>526.389598</ele>
        <time>2026-04-08T13:44:52.000Z</time>
      </trkpt>
      <trkpt lat="51.655217" lon="10.751634">
        <ele>526.606991</ele>
        <time>2026-04-08T13:44:53.000Z</time>
      </trkpt>
      <trkpt lat="51.655198" lon="10.751657">
        <ele>526.814162</ele>
        <time>2026-04-08T13:44:54.000Z</time>
      </trkpt>
      <trkpt lat="51.655177" lon="10.751679">
        <ele>527.032530</ele>
        <time>2026-04-08T13:44:55.000Z</time>
      </trkpt>
      <trkpt lat="51.655157" lon="10.751700">
        <ele>527.240640</ele>
        <time>2026-04-08T13:44:56.000Z</time>
      </trkpt>
      <trkpt lat="51.655137" lon="10.751720">
        <ele>527.445848</ele>
        <time>2026-04-08T13:44:57.000Z</time>
      </trkpt>
      <trkpt lat="51.655115" lon="10.751739">
        <ele>527.663459</ele>
        <time>2026-04-08T13:44:58.000Z</time>
      </trkpt>
      <trkpt lat="51.655092" lon="10.751759">
        <ele>527.891311</ele>
        <time>2026-04-08T13:44:59.000Z</time>
      </trkpt>
      <trkpt lat="51.655071" lon="10.751782">
        <ele>528.112674</ele>
        <time>2026-04-08T13:45:00.000Z</time>
      </trkpt>
      <trkpt lat="51.655050" lon="10.751804">
        <ele>528.331042</ele>
        <time>2026-04-08T13:45:01.000Z</time>
      </trkpt>
      <trkpt lat="51.655026" lon="10.751828">
        <ele>528.577291</ele>
        <time>2026-04-08T13:45:02.000Z</time>
      </trkpt>
      <trkpt lat="51.655003" lon="10.751851">
        <ele>528.813280</ele>
        <time>2026-04-08T13:45:03.000Z</time>
      </trkpt>
      <trkpt lat="51.654981" lon="10.751872">
        <ele>529.036205</ele>
        <time>2026-04-08T13:45:04.000Z</time>
      </trkpt>
      <trkpt lat="51.654958" lon="10.751894">
        <ele>529.269388</ele>
        <time>2026-04-08T13:45:05.000Z</time>
      </trkpt>
      <trkpt lat="51.654935" lon="10.751918">
        <ele>529.508273</ele>
        <time>2026-04-08T13:45:06.000Z</time>
      </trkpt>
      <trkpt lat="51.654916" lon="10.751942">
        <ele>529.718737</ele>
        <time>2026-04-08T13:45:07.000Z</time>
      </trkpt>
      <trkpt lat="51.654896" lon="10.751971">
        <ele>529.953286</ele>
        <time>2026-04-08T13:45:08.000Z</time>
      </trkpt>
      <trkpt lat="51.654880" lon="10.752000">
        <ele>530.163207</ele>
        <time>2026-04-08T13:45:09.000Z</time>
      </trkpt>
      <trkpt lat="51.654862" lon="10.752026">
        <ele>530.373940</ele>
        <time>2026-04-08T13:45:10.000Z</time>
      </trkpt>
      <trkpt lat="51.654846" lon="10.752053">
        <ele>530.575906</ele>
        <time>2026-04-08T13:45:11.000Z</time>
      </trkpt>
      <trkpt lat="51.654828" lon="10.752082">
        <ele>530.797798</ele>
        <time>2026-04-08T13:45:12.000Z</time>
      </trkpt>
      <trkpt lat="51.654812" lon="10.752110">
        <ele>531.003708</ele>
        <time>2026-04-08T13:45:13.000Z</time>
      </trkpt>
      <trkpt lat="51.654800" lon="10.752142">
        <ele>531.205964</ele>
        <time>2026-04-08T13:45:14.000Z</time>
      </trkpt>
      <trkpt lat="51.654788" lon="10.752175">
        <ele>531.412868</ele>
        <time>2026-04-08T13:45:15.000Z</time>
      </trkpt>
      <trkpt lat="51.654773" lon="10.752209">
        <ele>531.638537</ele>
        <time>2026-04-08T13:45:16.000Z</time>
      </trkpt>
      <trkpt lat="51.654761" lon="10.752244">
        <ele>531.854844</ele>
        <time>2026-04-08T13:45:17.000Z</time>
      </trkpt>
      <trkpt lat="51.654747" lon="10.752279">
        <ele>532.080102</ele>
        <time>2026-04-08T13:45:18.000Z</time>
      </trkpt>
      <trkpt lat="51.654735" lon="10.752311">
        <ele>532.282358</ele>
        <time>2026-04-08T13:45:19.000Z</time>
      </trkpt>
      <trkpt lat="51.654723" lon="10.752345">
        <ele>532.493946</ele>
        <time>2026-04-08T13:45:20.000Z</time>
      </trkpt>
      <trkpt lat="51.654709" lon="10.752380">
        <ele>532.719204</ele>
        <time>2026-04-08T13:45:21.000Z</time>
      </trkpt>
      <trkpt lat="51.654697" lon="10.752417">
        <ele>532.945040</ele>
        <time>2026-04-08T13:45:22.000Z</time>
      </trkpt>
      <trkpt lat="51.654688" lon="10.752455">
        <ele>533.165056</ele>
        <time>2026-04-08T13:45:23.000Z</time>
      </trkpt>
      <trkpt lat="51.654677" lon="10.752494">
        <ele>533.396790</ele>
        <time>2026-04-08T13:45:24.000Z</time>
      </trkpt>
      <trkpt lat="51.654669" lon="10.752529">
        <ele>533.598550</ele>
        <time>2026-04-08T13:45:25.000Z</time>
      </trkpt>
      <trkpt lat="51.654658" lon="10.752569">
        <ele>533.835219</ele>
        <time>2026-04-08T13:45:26.000Z</time>
      </trkpt>
      <trkpt lat="51.654650" lon="10.752606">
        <ele>534.047163</ele>
        <time>2026-04-08T13:45:27.000Z</time>
      </trkpt>
      <trkpt lat="51.654642" lon="10.752643">
        <ele>534.259108</ele>
        <time>2026-04-08T13:45:28.000Z</time>
      </trkpt>
      <trkpt lat="51.654631" lon="10.752678">
        <ele>534.471334</ele>
        <time>2026-04-08T13:45:29.000Z</time>
      </trkpt>
      <trkpt lat="51.654620" lon="10.752716">
        <ele>534.698156</ele>
        <time>2026-04-08T13:45:30.000Z</time>
      </trkpt>
      <trkpt lat="51.654612" lon="10.752749">
        <ele>534.889801</ele>
        <time>2026-04-08T13:45:31.000Z</time>
      </trkpt>
      <trkpt lat="51.654601" lon="10.752788">
        <ele>535.121535</ele>
        <time>2026-04-08T13:45:32.000Z</time>
      </trkpt>
      <trkpt lat="51.654589" lon="10.752822">
        <ele>535.333124</ele>
        <time>2026-04-08T13:45:33.000Z</time>
      </trkpt>
      <trkpt lat="51.654581" lon="10.752860">
        <ele>535.550184</ele>
        <time>2026-04-08T13:45:34.000Z</time>
      </trkpt>
      <trkpt lat="51.654573" lon="10.752895">
        <ele>535.751944</ele>
        <time>2026-04-08T13:45:35.000Z</time>
      </trkpt>
      <trkpt lat="51.654562" lon="10.752932">
        <ele>535.973876</ele>
        <time>2026-04-08T13:45:36.000Z</time>
      </trkpt>
      <trkpt lat="51.654551" lon="10.752967">
        <ele>536.186103</ele>
        <time>2026-04-08T13:45:37.000Z</time>
      </trkpt>
      <trkpt lat="51.654540" lon="10.753003">
        <ele>536.403169</ele>
        <time>2026-04-08T13:45:38.000Z</time>
      </trkpt>
      <trkpt lat="51.654531" lon="10.753039">
        <ele>536.613114</ele>
        <time>2026-04-08T13:45:39.000Z</time>
      </trkpt>
      <trkpt lat="51.654521" lon="10.753076">
        <ele>536.831420</ele>
        <time>2026-04-08T13:45:40.000Z</time>
      </trkpt>
      <trkpt lat="51.654510" lon="10.753112">
        <ele>537.048486</ele>
        <time>2026-04-08T13:45:41.000Z</time>
      </trkpt>
      <trkpt lat="51.654498" lon="10.753151">
        <ele>537.283963</ele>
        <time>2026-04-08T13:45:42.000Z</time>
      </trkpt>
      <trkpt lat="51.654487" lon="10.753188">
        <ele>537.494628</ele>
        <time>2026-04-08T13:45:43.000Z</time>
      </trkpt>
      <trkpt lat="51.654478" lon="10.753227">
        <ele>537.496098</ele>
        <time>2026-04-08T13:45:44.000Z</time>
      </trkpt>
      <trkpt lat="51.654467" lon="10.753264">
        <ele>537.497547</ele>
        <time>2026-04-08T13:45:45.000Z</time>
      </trkpt>
      <trkpt lat="51.654453" lon="10.753302">
        <ele>537.499108</ele>
        <time>2026-04-08T13:45:46.000Z</time>
      </trkpt>
      <trkpt lat="51.654440" lon="10.753340">
        <ele>537.500641</ele>
        <time>2026-04-08T13:45:47.000Z</time>
      </trkpt>
      <trkpt lat="51.654429" lon="10.753378">
        <ele>537.502122</ele>
        <time>2026-04-08T13:45:48.000Z</time>
      </trkpt>
      <trkpt lat="51.654415" lon="10.753411">
        <ele>537.503534</ele>
        <time>2026-04-08T13:45:49.000Z</time>
      </trkpt>
      <trkpt lat="51.654400" lon="10.753448">
        <ele>537.505096</ele>
        <time>2026-04-08T13:45:50.000Z</time>
      </trkpt>
      <trkpt lat="51.654385" lon="10.753482">
        <ele>537.506569</ele>
        <time>2026-04-08T13:45:51.000Z</time>
      </trkpt>
      <trkpt lat="51.654372" lon="10.753519">
        <ele>537.508071</ele>
        <time>2026-04-08T13:45:52.000Z</time>
      </trkpt>
      <trkpt lat="51.654357" lon="10.753555">
        <ele>537.509603</ele>
        <time>2026-04-08T13:45:53.000Z</time>
      </trkpt>
      <trkpt lat="51.654342" lon="10.753592">
        <ele>537.511165</ele>
        <time>2026-04-08T13:45:54.000Z</time>
      </trkpt>
      <trkpt lat="51.654327" lon="10.753624">
        <ele>537.512581</ele>
        <time>2026-04-08T13:45:55.000Z</time>
      </trkpt>
      <trkpt lat="51.654314" lon="10.753657">
        <ele>537.513962</ele>
        <time>2026-04-08T13:45:56.000Z</time>
      </trkpt>
      <trkpt lat="51.654301" lon="10.753688">
        <ele>537.515284</ele>
        <time>2026-04-08T13:45:57.000Z</time>
      </trkpt>
      <trkpt lat="51.654288" lon="10.753723">
        <ele>537.516725</ele>
        <time>2026-04-08T13:45:58.000Z</time>
      </trkpt>
      <trkpt lat="51.654277" lon="10.753754">
        <ele>537.517986</ele>
        <time>2026-04-08T13:45:59.000Z</time>
      </trkpt>
      <trkpt lat="51.654265" lon="10.753783">
        <ele>537.519218</ele>
        <time>2026-04-08T13:46:00.000Z</time>
      </trkpt>
      <trkpt lat="51.654257" lon="10.753808">
        <ele>537.520211</ele>
        <time>2026-04-08T13:46:01.000Z</time>
      </trkpt>
      <trkpt lat="51.654249" lon="10.753832">
        <ele>537.521174</ele>
        <time>2026-04-08T13:46:02.000Z</time>
      </trkpt>
      <trkpt lat="51.654250" lon="10.753860">
        <ele>537.522165</ele>
        <time>2026-04-08T13:46:03.000Z</time>
      </trkpt>
      <trkpt lat="51.654257" lon="10.753891">
        <ele>537.523330</ele>
        <time>2026-04-08T13:46:04.000Z</time>
      </trkpt>
      <trkpt lat="51.654270" lon="10.753920">
        <ele>537.524594</ele>
        <time>2026-04-08T13:46:05.000Z</time>
      </trkpt>
      <trkpt lat="51.654289" lon="10.753953">
        <ele>537.526184</ele>
        <time>2026-04-08T13:46:06.000Z</time>
      </trkpt>
      <trkpt lat="51.654313" lon="10.753984">
        <ele>537.527935</ele>
        <time>2026-04-08T13:46:07.000Z</time>
      </trkpt>
      <trkpt lat="51.654341" lon="10.754019">
        <ele>537.529953</ele>
        <time>2026-04-08T13:46:08.000Z</time>
      </trkpt>
      <trkpt lat="51.654367" lon="10.754059">
        <ele>537.531999</ele>
        <time>2026-04-08T13:46:09.000Z</time>
      </trkpt>
      <trkpt lat="51.654398" lon="10.754108">
        <ele>537.534471</ele>
        <time>2026-04-08T13:46:10.000Z</time>
      </trkpt>
      <trkpt lat="51.654430" lon="10.754161">
        <ele>537.537084</ele>
        <time>2026-04-08T13:46:11.000Z</time>
      </trkpt>
      <trkpt lat="51.654461" lon="10.754221">
        <ele>537.539842</ele>
        <time>2026-04-08T13:46:12.000Z</time>
      </trkpt>
      <trkpt lat="51.654495" lon="10.754287">
        <ele>537.542872</ele>
        <time>2026-04-08T13:46:13.000Z</time>
      </trkpt>
      <trkpt lat="51.654530" lon="10.754357">
        <ele>537.546048</ele>
        <time>2026-04-08T13:46:14.000Z</time>
      </trkpt>
      <trkpt lat="51.654567" lon="10.754425">
        <ele>537.549243</ele>
        <time>2026-04-08T13:46:15.000Z</time>
      </trkpt>
      <trkpt lat="51.654609" lon="10.754494">
        <ele>537.552658</ele>
        <time>2026-04-08T13:46:16.000Z</time>
      </trkpt>
      <trkpt lat="51.654647" lon="10.754565">
        <ele>537.555970</ele>
        <time>2026-04-08T13:46:17.000Z</time>
      </trkpt>
      <trkpt lat="51.654689" lon="10.754641">
        <ele>537.559565</ele>
        <time>2026-04-08T13:46:18.000Z</time>
      </trkpt>
      <trkpt lat="51.654731" lon="10.754711">
        <ele>537.563005</ele>
        <time>2026-04-08T13:46:19.000Z</time>
      </trkpt>
      <trkpt lat="51.654775" lon="10.754782">
        <ele>537.566550</ele>
        <time>2026-04-08T13:46:20.000Z</time>
      </trkpt>
      <trkpt lat="51.654820" lon="10.754852">
        <ele>537.570111</ele>
        <time>2026-04-08T13:46:21.000Z</time>
      </trkpt>
      <trkpt lat="51.654873" lon="10.754921">
        <ele>537.573990</ele>
        <time>2026-04-08T13:46:22.000Z</time>
      </trkpt>
      <trkpt lat="51.654923" lon="10.754994">
        <ele>537.577831</ele>
        <time>2026-04-08T13:46:23.000Z</time>
      </trkpt>
      <trkpt lat="51.654978" lon="10.755073">
        <ele>537.582026</ele>
        <time>2026-04-08T13:46:24.000Z</time>
      </trkpt>
      <trkpt lat="51.655024" lon="10.755145">
        <ele>537.585676</ele>
        <time>2026-04-08T13:46:25.000Z</time>
      </trkpt>
      <trkpt lat="51.655079" lon="10.755229">
        <ele>537.589990</ele>
        <time>2026-04-08T13:46:26.000Z</time>
      </trkpt>
      <trkpt lat="51.655131" lon="10.755303">
        <ele>537.593940</ele>
        <time>2026-04-08T13:46:27.000Z</time>
      </trkpt>
      <trkpt lat="51.655186" lon="10.755384">
        <ele>537.534268</ele>
        <time>2026-04-08T13:46:28.000Z</time>
      </trkpt>
      <trkpt lat="51.655239" lon="10.755466">
        <ele>537.318886</ele>
        <time>2026-04-08T13:46:29.000Z</time>
      </trkpt>
      <trkpt lat="51.655291" lon="10.755550">
        <ele>537.103050</ele>
        <time>2026-04-08T13:46:30.000Z</time>
      </trkpt>
      <trkpt lat="51.655342" lon="10.755629">
        <ele>536.895677</ele>
        <time>2026-04-08T13:46:31.000Z</time>
      </trkpt>
      <trkpt lat="51.655397" lon="10.755712">
        <ele>536.674789</ele>
        <time>2026-04-08T13:46:32.000Z</time>
      </trkpt>
      <trkpt lat="51.655448" lon="10.755787">
        <ele>536.472389</ele>
        <time>2026-04-08T13:46:33.000Z</time>
      </trkpt>
      <trkpt lat="51.655502" lon="10.755868">
        <ele>536.256127</ele>
        <time>2026-04-08T13:46:34.000Z</time>
      </trkpt>
      <trkpt lat="51.655551" lon="10.755945">
        <ele>536.055497</ele>
        <time>2026-04-08T13:46:35.000Z</time>
      </trkpt>
      <trkpt lat="51.655605" lon="10.756026">
        <ele>535.839235</ele>
        <time>2026-04-08T13:46:36.000Z</time>
      </trkpt>
      <trkpt lat="51.655655" lon="10.756099">
        <ele>535.641452</ele>
        <time>2026-04-08T13:46:37.000Z</time>
      </trkpt>
      <trkpt lat="51.655712" lon="10.756177">
        <ele>535.422241</ele>
        <time>2026-04-08T13:46:38.000Z</time>
      </trkpt>
      <trkpt lat="51.655761" lon="10.756249">
        <ele>535.227851</ele>
        <time>2026-04-08T13:46:39.000Z</time>
      </trkpt>
      <trkpt lat="51.655813" lon="10.756322">
        <ele>535.025685</ele>
        <time>2026-04-08T13:46:40.000Z</time>
      </trkpt>
      <trkpt lat="51.655864" lon="10.756390">
        <ele>534.831639</ele>
        <time>2026-04-08T13:46:41.000Z</time>
      </trkpt>
      <trkpt lat="51.655916" lon="10.756460">
        <ele>534.633014</ele>
        <time>2026-04-08T13:46:42.000Z</time>
      </trkpt>
      <trkpt lat="51.655970" lon="10.756532">
        <ele>534.427554</ele>
        <time>2026-04-08T13:46:43.000Z</time>
      </trkpt>
      <trkpt lat="51.656025" lon="10.756610">
        <ele>534.212780</ele>
        <time>2026-04-08T13:46:44.000Z</time>
      </trkpt>
      <trkpt lat="51.656081" lon="10.756692">
        <ele>533.990971</ele>
        <time>2026-04-08T13:46:45.000Z</time>
      </trkpt>
      <trkpt lat="51.656130" lon="10.756761">
        <ele>533.800215</ele>
        <time>2026-04-08T13:46:46.000Z</time>
      </trkpt>
      <trkpt lat="51.656188" lon="10.756848">
        <ele>533.567935</ele>
        <time>2026-04-08T13:46:47.000Z</time>
      </trkpt>
      <trkpt lat="51.656239" lon="10.756924">
        <ele>533.364307</ele>
        <time>2026-04-08T13:46:48.000Z</time>
      </trkpt>
      <trkpt lat="51.656297" lon="10.757011">
        <ele>533.132026</ele>
        <time>2026-04-08T13:46:49.000Z</time>
      </trkpt>
      <trkpt lat="51.656360" lon="10.757101">
        <ele>532.885225</ele>
        <time>2026-04-08T13:46:50.000Z</time>
      </trkpt>
      <trkpt lat="51.656419" lon="10.757178">
        <ele>532.662662</ele>
        <time>2026-04-08T13:46:51.000Z</time>
      </trkpt>
      <trkpt lat="51.656469" lon="10.757251">
        <ele>532.464881</ele>
        <time>2026-04-08T13:46:52.000Z</time>
      </trkpt>
      <trkpt lat="51.656528" lon="10.757333">
        <ele>532.274772</ele>
        <time>2026-04-08T13:46:53.000Z</time>
      </trkpt>
      <trkpt lat="51.656589" lon="10.757421">
        <ele>532.140116</ele>
        <time>2026-04-08T13:46:54.000Z</time>
      </trkpt>
      <trkpt lat="51.656644" lon="10.757502">
        <ele>532.017572</ele>
        <time>2026-04-08T13:46:55.000Z</time>
      </trkpt>
      <trkpt lat="51.656700" lon="10.757587">
        <ele>531.891047</ele>
        <time>2026-04-08T13:46:56.000Z</time>
      </trkpt>
      <trkpt lat="51.656754" lon="10.757668">
        <ele>531.769712</ele>
        <time>2026-04-08T13:46:57.000Z</time>
      </trkpt>
      <trkpt lat="51.656806" lon="10.757748">
        <ele>531.651472</ele>
        <time>2026-04-08T13:46:58.000Z</time>
      </trkpt>
      <trkpt lat="51.656862" lon="10.757829">
        <ele>531.527709</ele>
        <time>2026-04-08T13:46:59.000Z</time>
      </trkpt>
      <trkpt lat="51.656919" lon="10.757914">
        <ele>531.399981</ele>
        <time>2026-04-08T13:47:00.000Z</time>
      </trkpt>
      <trkpt lat="51.656970" lon="10.757989">
        <ele>531.286425</ele>
        <time>2026-04-08T13:47:01.000Z</time>
      </trkpt>
      <trkpt lat="51.657026" lon="10.758074">
        <ele>531.159900</ele>
        <time>2026-04-08T13:47:02.000Z</time>
      </trkpt>
      <trkpt lat="51.657085" lon="10.758167">
        <ele>531.024161</ele>
        <time>2026-04-08T13:47:03.000Z</time>
      </trkpt>
      <trkpt lat="51.657136" lon="10.758258">
        <ele>530.899018</ele>
        <time>2026-04-08T13:47:04.000Z</time>
      </trkpt>
      <trkpt lat="51.657180" lon="10.758348">
        <ele>530.782087</ele>
        <time>2026-04-08T13:47:05.000Z</time>
      </trkpt>
      <trkpt lat="51.657221" lon="10.758454">
        <ele>530.654618</ele>
        <time>2026-04-08T13:47:06.000Z</time>
      </trkpt>
      <trkpt lat="51.657259" lon="10.758556">
        <ele>530.533206</ele>
        <time>2026-04-08T13:47:07.000Z</time>
      </trkpt>
      <trkpt lat="51.657298" lon="10.758664">
        <ele>530.405687</ele>
        <time>2026-04-08T13:47:08.000Z</time>
      </trkpt>
      <trkpt lat="51.657337" lon="10.758766">
        <ele>530.283421</ele>
        <time>2026-04-08T13:47:09.000Z</time>
      </trkpt>
      <trkpt lat="51.657372" lon="10.758870">
        <ele>530.162684</ele>
        <time>2026-04-08T13:47:10.000Z</time>
      </trkpt>
      <trkpt lat="51.657405" lon="10.758968">
        <ele>530.048899</ele>
        <time>2026-04-08T13:47:11.000Z</time>
      </trkpt>
      <trkpt lat="51.657442" lon="10.759067">
        <ele>529.930959</ele>
        <time>2026-04-08T13:47:12.000Z</time>
      </trkpt>
      <trkpt lat="51.657474" lon="10.759164">
        <ele>529.818851</ele>
        <time>2026-04-08T13:47:13.000Z</time>
      </trkpt>
      <trkpt lat="51.657509" lon="10.759262">
        <ele>529.703460</ele>
        <time>2026-04-08T13:47:14.000Z</time>
      </trkpt>
      <trkpt lat="51.657541" lon="10.759357">
        <ele>529.593150</ele>
        <time>2026-04-08T13:47:15.000Z</time>
      </trkpt>
      <trkpt lat="51.657571" lon="10.759448">
        <ele>529.487992</ele>
        <time>2026-04-08T13:47:16.000Z</time>
      </trkpt>
      <trkpt lat="51.657602" lon="10.759536">
        <ele>529.384726</ele>
        <time>2026-04-08T13:47:17.000Z</time>
      </trkpt>
      <trkpt lat="51.657632" lon="10.759624">
        <ele>529.370207</ele>
        <time>2026-04-08T13:47:18.000Z</time>
      </trkpt>
      <trkpt lat="51.657661" lon="10.759704">
        <ele>529.376031</ele>
        <time>2026-04-08T13:47:19.000Z</time>
      </trkpt>
      <trkpt lat="51.657692" lon="10.759789">
        <ele>529.382228</ele>
        <time>2026-04-08T13:47:20.000Z</time>
      </trkpt>
      <trkpt lat="51.657720" lon="10.759873">
        <ele>529.388221</ele>
        <time>2026-04-08T13:47:21.000Z</time>
      </trkpt>
      <trkpt lat="51.657747" lon="10.759958">
        <ele>529.394222</ele>
        <time>2026-04-08T13:47:22.000Z</time>
      </trkpt>
      <trkpt lat="51.657773" lon="10.760039">
        <ele>529.399954</ele>
        <time>2026-04-08T13:47:23.000Z</time>
      </trkpt>
      <trkpt lat="51.657801" lon="10.760121">
        <ele>529.405837</ele>
        <time>2026-04-08T13:47:24.000Z</time>
      </trkpt>
      <trkpt lat="51.657826" lon="10.760198">
        <ele>529.411299</ele>
        <time>2026-04-08T13:47:25.000Z</time>
      </trkpt>
      <trkpt lat="51.657854" lon="10.760281">
        <ele>529.417237</ele>
        <time>2026-04-08T13:47:26.000Z</time>
      </trkpt>
      <trkpt lat="51.657877" lon="10.760359">
        <ele>529.422665</ele>
        <time>2026-04-08T13:47:27.000Z</time>
      </trkpt>
      <trkpt lat="51.657903" lon="10.760438">
        <ele>529.428285</ele>
        <time>2026-04-08T13:47:28.000Z</time>
      </trkpt>
      <trkpt lat="51.657933" lon="10.760514">
        <ele>529.433947</ele>
        <time>2026-04-08T13:47:29.000Z</time>
      </trkpt>
      <trkpt lat="51.657961" lon="10.760593">
        <ele>529.439665</ele>
        <time>2026-04-08T13:47:30.000Z</time>
      </trkpt>
      <trkpt lat="51.657990" lon="10.760668">
        <ele>529.445219</ele>
        <time>2026-04-08T13:47:31.000Z</time>
      </trkpt>
      <trkpt lat="51.658021" lon="10.760748">
        <ele>529.451147</ele>
        <time>2026-04-08T13:47:32.000Z</time>
      </trkpt>
      <trkpt lat="51.658049" lon="10.760826">
        <ele>529.456811</ele>
        <time>2026-04-08T13:47:33.000Z</time>
      </trkpt>
      <trkpt lat="51.658079" lon="10.760903">
        <ele>529.462526</ele>
        <time>2026-04-08T13:47:34.000Z</time>
      </trkpt>
      <trkpt lat="51.658105" lon="10.760975">
        <ele>529.467762</ele>
        <time>2026-04-08T13:47:35.000Z</time>
      </trkpt>
      <trkpt lat="51.658132" lon="10.761050">
        <ele>529.473211</ele>
        <time>2026-04-08T13:47:36.000Z</time>
      </trkpt>
      <trkpt lat="51.658157" lon="10.761122">
        <ele>529.478397</ele>
        <time>2026-04-08T13:47:37.000Z</time>
      </trkpt>
      <trkpt lat="51.658184" lon="10.761203">
        <ele>529.484176</ele>
        <time>2026-04-08T13:47:38.000Z</time>
      </trkpt>
      <trkpt lat="51.658212" lon="10.761287">
        <ele>529.490169</ele>
        <time>2026-04-08T13:47:39.000Z</time>
      </trkpt>
      <trkpt lat="51.658242" lon="10.761365">
        <ele>529.495937</ele>
        <time>2026-04-08T13:47:40.000Z</time>
      </trkpt>
      <trkpt lat="51.658268" lon="10.761445">
        <ele>529.501613</ele>
        <time>2026-04-08T13:47:41.000Z</time>
      </trkpt>
      <trkpt lat="51.658298" lon="10.761528">
        <ele>529.507650</ele>
        <time>2026-04-08T13:47:42.000Z</time>
      </trkpt>
      <trkpt lat="51.658328" lon="10.761611">
        <ele>529.513688</ele>
        <time>2026-04-08T13:47:43.000Z</time>
      </trkpt>
      <trkpt lat="51.658357" lon="10.761693">
        <ele>529.519620</ele>
        <time>2026-04-08T13:47:44.000Z</time>
      </trkpt>
      <trkpt lat="51.658384" lon="10.761777">
        <ele>529.525566</ele>
        <time>2026-04-08T13:47:45.000Z</time>
      </trkpt>
      <trkpt lat="51.658411" lon="10.761860">
        <ele>529.531456</ele>
        <time>2026-04-08T13:47:46.000Z</time>
      </trkpt>
      <trkpt lat="51.658438" lon="10.761941">
        <ele>529.537235</ele>
        <time>2026-04-08T13:47:47.000Z</time>
      </trkpt>
      <trkpt lat="51.658467" lon="10.762021">
        <ele>529.543058</ele>
        <time>2026-04-08T13:47:48.000Z</time>
      </trkpt>
      <trkpt lat="51.658497" lon="10.762101">
        <ele>529.502984</ele>
        <time>2026-04-08T13:47:49.000Z</time>
      </trkpt>
      <trkpt lat="51.658525" lon="10.762180">
        <ele>529.345172</ele>
        <time>2026-04-08T13:47:50.000Z</time>
      </trkpt>
      <trkpt lat="51.658554" lon="10.762257">
        <ele>529.188931</ele>
        <time>2026-04-08T13:47:51.000Z</time>
      </trkpt>
      <trkpt lat="51.658581" lon="10.762335">
        <ele>529.034004</ele>
        <time>2026-04-08T13:47:52.000Z</time>
      </trkpt>
      <trkpt lat="51.658612" lon="10.762417">
        <ele>528.867447</ele>
        <time>2026-04-08T13:47:53.000Z</time>
      </trkpt>
      <trkpt lat="51.658642" lon="10.762493">
        <ele>528.711203</ele>
        <time>2026-04-08T13:47:54.000Z</time>
      </trkpt>
      <trkpt lat="51.658671" lon="10.762570">
        <ele>528.554961</ele>
        <time>2026-04-08T13:47:55.000Z</time>
      </trkpt>
      <trkpt lat="51.658706" lon="10.762653">
        <ele>528.380889</ele>
        <time>2026-04-08T13:47:56.000Z</time>
      </trkpt>
      <trkpt lat="51.658742" lon="10.762738">
        <ele>528.202375</ele>
        <time>2026-04-08T13:47:57.000Z</time>
      </trkpt>
      <trkpt lat="51.658778" lon="10.762816">
        <ele>528.033749</ele>
        <time>2026-04-08T13:47:58.000Z</time>
      </trkpt>
      <trkpt lat="51.658818" lon="10.762899">
        <ele>527.851451</ele>
        <time>2026-04-08T13:47:59.000Z</time>
      </trkpt>
      <trkpt lat="51.658855" lon="10.762977">
        <ele>527.681142</ele>
        <time>2026-04-08T13:48:00.000Z</time>
      </trkpt>
      <trkpt lat="51.658895" lon="10.763056">
        <ele>527.504271</ele>
        <time>2026-04-08T13:48:01.000Z</time>
      </trkpt>
      <trkpt lat="51.658935" lon="10.763139">
        <ele>527.321972</ele>
        <time>2026-04-08T13:48:02.000Z</time>
      </trkpt>
      <trkpt lat="51.658977" lon="10.763222">
        <ele>527.136191</ele>
        <time>2026-04-08T13:48:03.000Z</time>
      </trkpt>
      <trkpt lat="51.659018" lon="10.763298">
        <ele>526.961498</ele>
        <time>2026-04-08T13:48:04.000Z</time>
      </trkpt>
      <trkpt lat="51.659064" lon="10.763379">
        <ele>526.771026</ele>
        <time>2026-04-08T13:48:05.000Z</time>
      </trkpt>
      <trkpt lat="51.659109" lon="10.763458">
        <ele>526.585000</ele>
        <time>2026-04-08T13:48:06.000Z</time>
      </trkpt>
      <trkpt lat="51.659154" lon="10.763536">
        <ele>526.400248</ele>
        <time>2026-04-08T13:48:07.000Z</time>
      </trkpt>
      <trkpt lat="51.659200" lon="10.763614">
        <ele>526.213581</ele>
        <time>2026-04-08T13:48:08.000Z</time>
      </trkpt>
      <trkpt lat="51.659247" lon="10.763694">
        <ele>526.022473</ele>
        <time>2026-04-08T13:48:09.000Z</time>
      </trkpt>
      <trkpt lat="51.659291" lon="10.763770">
        <ele>525.842166</ele>
        <time>2026-04-08T13:48:10.000Z</time>
      </trkpt>
      <trkpt lat="51.659339" lon="10.763850">
        <ele>525.649125</ele>
        <time>2026-04-08T13:48:11.000Z</time>
      </trkpt>
      <trkpt lat="51.659389" lon="10.763932">
        <ele>525.449697</ele>
        <time>2026-04-08T13:48:12.000Z</time>
      </trkpt>
      <trkpt lat="51.659437" lon="10.764012">
        <ele>525.256656</ele>
        <time>2026-04-08T13:48:13.000Z</time>
      </trkpt>
      <trkpt lat="51.659489" lon="10.764102">
        <ele>525.043335</ele>
        <time>2026-04-08T13:48:14.000Z</time>
      </trkpt>
      <trkpt lat="51.659544" lon="10.764193">
        <ele>524.822972</ele>
        <time>2026-04-08T13:48:15.000Z</time>
      </trkpt>
      <trkpt lat="51.659594" lon="10.764280">
        <ele>524.617270</ele>
        <time>2026-04-08T13:48:16.000Z</time>
      </trkpt>
      <trkpt lat="51.659652" lon="10.764375">
        <ele>524.430803</ele>
        <time>2026-04-08T13:48:17.000Z</time>
      </trkpt>
      <trkpt lat="51.659707" lon="10.764469">
        <ele>524.282461</ele>
        <time>2026-04-08T13:48:18.000Z</time>
      </trkpt>
      <trkpt lat="51.659759" lon="10.764558">
        <ele>524.142105</ele>
        <time>2026-04-08T13:48:19.000Z</time>
      </trkpt>
      <trkpt lat="51.659813" lon="10.764655">
        <ele>523.992482</ele>
        <time>2026-04-08T13:48:20.000Z</time>
      </trkpt>
      <trkpt lat="51.659869" lon="10.764752">
        <ele>523.840362</ele>
        <time>2026-04-08T13:48:21.000Z</time>
      </trkpt>
      <trkpt lat="51.659923" lon="10.764843">
        <ele>523.695793</ele>
        <time>2026-04-08T13:48:22.000Z</time>
      </trkpt>
      <trkpt lat="51.659981" lon="10.764936">
        <ele>523.544400</ele>
        <time>2026-04-08T13:48:23.000Z</time>
      </trkpt>
      <trkpt lat="51.660034" lon="10.765019">
        <ele>523.407655</ele>
        <time>2026-04-08T13:48:24.000Z</time>
      </trkpt>
      <trkpt lat="51.660082" lon="10.765102">
        <ele>523.277387</ele>
        <time>2026-04-08T13:48:25.000Z</time>
      </trkpt>
      <trkpt lat="51.660128" lon="10.765182">
        <ele>523.152161</ele>
        <time>2026-04-08T13:48:26.000Z</time>
      </trkpt>
      <trkpt lat="51.660174" lon="10.765258">
        <ele>523.030263</ele>
        <time>2026-04-08T13:48:27.000Z</time>
      </trkpt>
      <trkpt lat="51.660222" lon="10.765334">
        <ele>522.905753</ele>
        <time>2026-04-08T13:48:28.000Z</time>
      </trkpt>
      <trkpt lat="51.660271" lon="10.765416">
        <ele>522.775045</ele>
        <time>2026-04-08T13:48:29.000Z</time>
      </trkpt>
      <trkpt lat="51.660324" lon="10.765504">
        <ele>522.634240</ele>
        <time>2026-04-08T13:48:30.000Z</time>
      </trkpt>
      <trkpt lat="51.660371" lon="10.765590">
        <ele>522.502663</ele>
        <time>2026-04-08T13:48:31.000Z</time>
      </trkpt>
      <trkpt lat="51.660426" lon="10.765686">
        <ele>522.352645</ele>
        <time>2026-04-08T13:48:32.000Z</time>
      </trkpt>
      <trkpt lat="51.660479" lon="10.765781">
        <ele>522.205968</ele>
        <time>2026-04-08T13:48:33.000Z</time>
      </trkpt>
      <trkpt lat="51.660520" lon="10.765866">
        <ele>522.082360</ele>
        <time>2026-04-08T13:48:34.000Z</time>
      </trkpt>
      <trkpt lat="51.660565" lon="10.765952">
        <ele>521.953201</ele>
        <time>2026-04-08T13:48:35.000Z</time>
      </trkpt>
      <trkpt lat="51.660608" lon="10.766039">
        <ele>521.825500</ele>
        <time>2026-04-08T13:48:36.000Z</time>
      </trkpt>
      <trkpt lat="51.660647" lon="10.766121">
        <ele>521.706881</ele>
        <time>2026-04-08T13:48:37.000Z</time>
      </trkpt>
      <trkpt lat="51.660682" lon="10.766201">
        <ele>521.594499</ele>
        <time>2026-04-08T13:48:38.000Z</time>
      </trkpt>
      <trkpt lat="51.660717" lon="10.766280">
        <ele>521.483054</ele>
        <time>2026-04-08T13:48:39.000Z</time>
      </trkpt>
      <trkpt lat="51.660750" lon="10.766350">
        <ele>521.382122</ele>
        <time>2026-04-08T13:48:40.000Z</time>
      </trkpt>
      <trkpt lat="51.660785" lon="10.766421">
        <ele>521.278013</ele>
        <time>2026-04-08T13:48:41.000Z</time>
      </trkpt>
      <trkpt lat="51.660816" lon="10.766491">
        <ele>521.197327</ele>
        <time>2026-04-08T13:48:42.000Z</time>
      </trkpt>
      <trkpt lat="51.660847" lon="10.766558">
        <ele>521.267172</ele>
        <time>2026-04-08T13:48:43.000Z</time>
      </trkpt>
      <trkpt lat="51.660875" lon="10.766624">
        <ele>521.333987</ele>
        <time>2026-04-08T13:48:44.000Z</time>
      </trkpt>
      <trkpt lat="51.660902" lon="10.766687">
        <ele>521.397972</ele>
        <time>2026-04-08T13:48:45.000Z</time>
      </trkpt>
      <trkpt lat="51.660928" lon="10.766743">
        <ele>521.456422</ele>
        <time>2026-04-08T13:48:46.000Z</time>
      </trkpt>
      <trkpt lat="51.660955" lon="10.766796">
        <ele>521.513731</ele>
        <time>2026-04-08T13:48:47.000Z</time>
      </trkpt>
      <trkpt lat="51.660979" lon="10.766843">
        <ele>521.564599</ele>
        <time>2026-04-08T13:48:48.000Z</time>
      </trkpt>
      <trkpt lat="51.660998" lon="10.766886">
        <ele>521.608714</ele>
        <time>2026-04-08T13:48:49.000Z</time>
      </trkpt>
      <trkpt lat="51.661017" lon="10.766930">
        <ele>521.653513</ele>
        <time>2026-04-08T13:48:50.000Z</time>
      </trkpt>
      <trkpt lat="51.661031" lon="10.766981">
        <ele>521.700115</ele>
        <time>2026-04-08T13:48:51.000Z</time>
      </trkpt>
      <trkpt lat="51.661037" lon="10.767032">
        <ele>521.743491</ele>
        <time>2026-04-08T13:48:52.000Z</time>
      </trkpt>
      <trkpt lat="51.661037" lon="10.767088">
        <ele>521.790285</ele>
        <time>2026-04-08T13:48:53.000Z</time>
      </trkpt>
      <trkpt lat="51.661037" lon="10.767148">
        <ele>521.840421</ele>
        <time>2026-04-08T13:48:54.000Z</time>
      </trkpt>
      <trkpt lat="51.661032" lon="10.767207">
        <ele>521.890180</ele>
        <time>2026-04-08T13:48:55.000Z</time>
      </trkpt>
      <trkpt lat="51.661027" lon="10.767271">
        <ele>521.944082</ele>
        <time>2026-04-08T13:48:56.000Z</time>
      </trkpt>
      <trkpt lat="51.661023" lon="10.767336">
        <ele>521.998663</ele>
        <time>2026-04-08T13:48:57.000Z</time>
      </trkpt>
      <trkpt lat="51.661019" lon="10.767397">
        <ele>522.049919</ele>
        <time>2026-04-08T13:48:58.000Z</time>
      </trkpt>
      <trkpt lat="51.661018" lon="10.767464">
        <ele>522.105921</ele>
        <time>2026-04-08T13:48:59.000Z</time>
      </trkpt>
      <trkpt lat="51.661018" lon="10.767529">
        <ele>522.160236</ele>
        <time>2026-04-08T13:49:00.000Z</time>
      </trkpt>
      <trkpt lat="51.661018" lon="10.767592">
        <ele>522.212879</ele>
        <time>2026-04-08T13:49:01.000Z</time>
      </trkpt>
      <trkpt lat="51.661021" lon="10.767659">
        <ele>522.269011</ele>
        <time>2026-04-08T13:49:02.000Z</time>
      </trkpt>
      <trkpt lat="51.661025" lon="10.767730">
        <ele>522.328583</ele>
        <time>2026-04-08T13:49:03.000Z</time>
      </trkpt>
      <trkpt lat="51.661026" lon="10.767796">
        <ele>522.383750</ele>
        <time>2026-04-08T13:49:04.000Z</time>
      </trkpt>
      <trkpt lat="51.661026" lon="10.767863">
        <ele>522.439736</ele>
        <time>2026-04-08T13:49:05.000Z</time>
      </trkpt>
      <trkpt lat="51.661026" lon="10.767936">
        <ele>522.500735</ele>
        <time>2026-04-08T13:49:06.000Z</time>
      </trkpt>
      <trkpt lat="51.661023" lon="10.768004">
        <ele>522.557700</ele>
        <time>2026-04-08T13:49:07.000Z</time>
      </trkpt>
      <trkpt lat="51.661017" lon="10.768074">
        <ele>522.616749</ele>
        <time>2026-04-08T13:49:08.000Z</time>
      </trkpt>
      <trkpt lat="51.661008" lon="10.768152">
        <ele>522.683044</ele>
        <time>2026-04-08T13:49:09.000Z</time>
      </trkpt>
      <trkpt lat="51.661001" lon="10.768223">
        <ele>522.743117</ele>
        <time>2026-04-08T13:49:10.000Z</time>
      </trkpt>
      <trkpt lat="51.660993" lon="10.768295">
        <ele>522.804239</ele>
        <time>2026-04-08T13:49:11.000Z</time>
      </trkpt>
      <trkpt lat="51.660983" lon="10.768368">
        <ele>522.866708</ele>
        <time>2026-04-08T13:49:12.000Z</time>
      </trkpt>
      <trkpt lat="51.660974" lon="10.768442">
        <ele>522.929720</ele>
        <time>2026-04-08T13:49:13.000Z</time>
      </trkpt>
      <trkpt lat="51.660964" lon="10.768515">
        <ele>522.992190</ele>
        <time>2026-04-08T13:49:14.000Z</time>
      </trkpt>
      <trkpt lat="51.660952" lon="10.768592">
        <ele>523.058531</ele>
        <time>2026-04-08T13:49:15.000Z</time>
      </trkpt>
      <trkpt lat="51.660941" lon="10.768665">
        <ele>523.121305</ele>
        <time>2026-04-08T13:49:16.000Z</time>
      </trkpt>
      <trkpt lat="51.660929" lon="10.768744">
        <ele>523.189268</ele>
        <time>2026-04-08T13:49:17.000Z</time>
      </trkpt>
      <trkpt lat="51.660921" lon="10.768820">
        <ele>523.253683</ele>
        <time>2026-04-08T13:49:18.000Z</time>
      </trkpt>
      <trkpt lat="51.660916" lon="10.768900">
        <ele>523.320870</ele>
        <time>2026-04-08T13:49:19.000Z</time>
      </trkpt>
      <trkpt lat="51.660915" lon="10.768981">
        <ele>523.388568</ele>
        <time>2026-04-08T13:49:20.000Z</time>
      </trkpt>
      <trkpt lat="51.660918" lon="10.769067">
        <ele>523.460544</ele>
        <time>2026-04-08T13:49:21.000Z</time>
      </trkpt>
      <trkpt lat="51.660925" lon="10.769150">
        <ele>523.530538</ele>
        <time>2026-04-08T13:49:22.000Z</time>
      </trkpt>
      <trkpt lat="51.660939" lon="10.769236">
        <ele>523.604834</ele>
        <time>2026-04-08T13:49:23.000Z</time>
      </trkpt>
      <trkpt lat="51.660957" lon="10.769317">
        <ele>523.386798</ele>
        <time>2026-04-08T13:49:24.000Z</time>
      </trkpt>
      <trkpt lat="51.660975" lon="10.769399">
        <ele>523.130699</ele>
        <time>2026-04-08T13:49:25.000Z</time>
      </trkpt>
      <trkpt lat="51.660998" lon="10.769483">
        <ele>522.860361</ele>
        <time>2026-04-08T13:49:26.000Z</time>
      </trkpt>
      <trkpt lat="51.661022" lon="10.769569">
        <ele>522.582711</ele>
        <time>2026-04-08T13:49:27.000Z</time>
      </trkpt>
      <trkpt lat="51.661041" lon="10.769651">
        <ele>522.324990</ele>
        <time>2026-04-08T13:49:28.000Z</time>
      </trkpt>
      <trkpt lat="51.661063" lon="10.769741">
        <ele>522.040176</ele>
        <time>2026-04-08T13:49:29.000Z</time>
      </trkpt>
      <trkpt lat="51.661083" lon="10.769830">
        <ele>521.761474</ele>
        <time>2026-04-08T13:49:30.000Z</time>
      </trkpt>
      <trkpt lat="51.661098" lon="10.769917">
        <ele>521.495615</ele>
        <time>2026-04-08T13:49:31.000Z</time>
      </trkpt>
      <trkpt lat="51.661111" lon="10.770015">
        <ele>521.200555</ele>
        <time>2026-04-08T13:49:32.000Z</time>
      </trkpt>
      <trkpt lat="51.661111" lon="10.770115">
        <ele>520.906132</ele>
        <time>2026-04-08T13:49:33.000Z</time>
      </trkpt>
      <trkpt lat="51.661098" lon="10.770210">
        <ele>520.619704</ele>
        <time>2026-04-08T13:49:34.000Z</time>
      </trkpt>
      <trkpt lat="51.661075" lon="10.770300">
        <ele>520.333116</ele>
        <time>2026-04-08T13:49:35.000Z</time>
      </trkpt>
      <trkpt lat="51.661036" lon="10.770389">
        <ele>520.012290</ele>
        <time>2026-04-08T13:49:36.000Z</time>
      </trkpt>
      <trkpt lat="51.660990" lon="10.770471">
        <ele>519.686779</ele>
        <time>2026-04-08T13:49:37.000Z</time>
      </trkpt>
      <trkpt lat="51.660939" lon="10.770550">
        <ele>519.351076</ele>
        <time>2026-04-08T13:49:38.000Z</time>
      </trkpt>
      <trkpt lat="51.660887" lon="10.770632">
        <ele>519.005817</ele>
        <time>2026-04-08T13:49:39.000Z</time>
      </trkpt>
      <trkpt lat="51.660838" lon="10.770714">
        <ele>518.670588</ele>
        <time>2026-04-08T13:49:40.000Z</time>
      </trkpt>
      <trkpt lat="51.660785" lon="10.770798">
        <ele>518.317817</ele>
        <time>2026-04-08T13:49:41.000Z</time>
      </trkpt>
      <trkpt lat="51.660739" lon="10.770886">
        <ele>517.978995</ele>
        <time>2026-04-08T13:49:42.000Z</time>
      </trkpt>
      <trkpt lat="51.660698" lon="10.770980">
        <ele>517.640667</ele>
        <time>2026-04-08T13:49:43.000Z</time>
      </trkpt>
      <trkpt lat="51.660658" lon="10.771090">
        <ele>517.265251</ele>
        <time>2026-04-08T13:49:44.000Z</time>
      </trkpt>
      <trkpt lat="51.660623" lon="10.771209">
        <ele>516.877495</ele>
        <time>2026-04-08T13:49:45.000Z</time>
      </trkpt>
      <trkpt lat="51.660596" lon="10.771323">
        <ele>516.518215</ele>
        <time>2026-04-08T13:49:46.000Z</time>
      </trkpt>
      <trkpt lat="51.660573" lon="10.771443">
        <ele>516.148422</ele>
        <time>2026-04-08T13:49:47.000Z</time>
      </trkpt>
      <trkpt lat="51.660550" lon="10.771569">
        <ele>515.761714</ele>
        <time>2026-04-08T13:49:48.000Z</time>
      </trkpt>
      <trkpt lat="51.660530" lon="10.771698">
        <ele>515.370220</ele>
        <time>2026-04-08T13:49:49.000Z</time>
      </trkpt>
      <trkpt lat="51.660506" lon="10.771819">
        <ele>515.007085</ele>
        <time>2026-04-08T13:49:50.000Z</time>
      </trkpt>
      <trkpt lat="51.660482" lon="10.771950">
        <ele>514.660095</ele>
        <time>2026-04-08T13:49:51.000Z</time>
      </trkpt>
      <trkpt lat="51.660462" lon="10.772082">
        <ele>514.314917</ele>
        <time>2026-04-08T13:49:52.000Z</time>
      </trkpt>
      <trkpt lat="51.660439" lon="10.772220">
        <ele>513.951922</ele>
        <time>2026-04-08T13:49:53.000Z</time>
      </trkpt>
      <trkpt lat="51.660416" lon="10.772349">
        <ele>513.610955</ele>
        <time>2026-04-08T13:49:54.000Z</time>
      </trkpt>
      <trkpt lat="51.660403" lon="10.772474">
        <ele>513.288985</ele>
        <time>2026-04-08T13:49:55.000Z</time>
      </trkpt>
      <trkpt lat="51.660389" lon="10.772610">
        <ele>512.938778</ele>
        <time>2026-04-08T13:49:56.000Z</time>
      </trkpt>
      <trkpt lat="51.660375" lon="10.772730">
        <ele>512.628596</ele>
        <time>2026-04-08T13:49:57.000Z</time>
      </trkpt>
      <trkpt lat="51.660364" lon="10.772875">
        <ele>512.257506</ele>
        <time>2026-04-08T13:49:58.000Z</time>
      </trkpt>
      <trkpt lat="51.660353" lon="10.773017">
        <ele>511.893980</ele>
        <time>2026-04-08T13:49:59.000Z</time>
      </trkpt>
      <trkpt lat="51.660345" lon="10.773154">
        <ele>511.544419</ele>
        <time>2026-04-08T13:50:00.000Z</time>
      </trkpt>
      <trkpt lat="51.660337" lon="10.773286">
        <ele>511.207501</ele>
        <time>2026-04-08T13:50:01.000Z</time>
      </trkpt>
      <trkpt lat="51.660333" lon="10.773424">
        <ele>510.856555</ele>
        <time>2026-04-08T13:50:02.000Z</time>
      </trkpt>
      <trkpt lat="51.660332" lon="10.773558">
        <ele>510.516129</ele>
        <time>2026-04-08T13:50:03.000Z</time>
      </trkpt>
      <trkpt lat="51.660329" lon="10.773691">
        <ele>510.178044</ele>
        <time>2026-04-08T13:50:04.000Z</time>
      </trkpt>
      <trkpt lat="51.660331" lon="10.773822">
        <ele>509.845162</ele>
        <time>2026-04-08T13:50:05.000Z</time>
      </trkpt>
      <trkpt lat="51.660338" lon="10.773946">
        <ele>509.528861</ele>
        <time>2026-04-08T13:50:06.000Z</time>
      </trkpt>
      <trkpt lat="51.660348" lon="10.774071">
        <ele>509.208692</ele>
        <time>2026-04-08T13:50:07.000Z</time>
      </trkpt>
      <trkpt lat="51.660359" lon="10.774197">
        <ele>508.885459</ele>
        <time>2026-04-08T13:50:08.000Z</time>
      </trkpt>
      <trkpt lat="51.660374" lon="10.774330">
        <ele>508.542059</ele>
        <time>2026-04-08T13:50:09.000Z</time>
      </trkpt>
      <trkpt lat="51.660392" lon="10.774452">
        <ele>508.223495</ele>
        <time>2026-04-08T13:50:10.000Z</time>
      </trkpt>
      <trkpt lat="51.660411" lon="10.774584">
        <ele>507.879265</ele>
        <time>2026-04-08T13:50:11.000Z</time>
      </trkpt>
      <trkpt lat="51.660434" lon="10.774718">
        <ele>507.568401</ele>
        <time>2026-04-08T13:50:12.000Z</time>
      </trkpt>
      <trkpt lat="51.660459" lon="10.774845">
        <ele>507.307880</ele>
        <time>2026-04-08T13:50:13.000Z</time>
      </trkpt>
      <trkpt lat="51.660489" lon="10.774974">
        <ele>507.038510</ele>
        <time>2026-04-08T13:50:14.000Z</time>
      </trkpt>
      <trkpt lat="51.660515" lon="10.775105">
        <ele>506.769580</ele>
        <time>2026-04-08T13:50:15.000Z</time>
      </trkpt>
      <trkpt lat="51.660540" lon="10.775220">
        <ele>506.531318</ele>
        <time>2026-04-08T13:50:16.000Z</time>
      </trkpt>
      <trkpt lat="51.660564" lon="10.775335">
        <ele>506.294080</ele>
        <time>2026-04-08T13:50:17.000Z</time>
      </trkpt>
      <trkpt lat="51.660590" lon="10.775442">
        <ele>506.069390</ele>
        <time>2026-04-08T13:50:18.000Z</time>
      </trkpt>
      <trkpt lat="51.660615" lon="10.775541">
        <ele>505.860396</ele>
        <time>2026-04-08T13:50:19.000Z</time>
      </trkpt>
      <trkpt lat="51.660639" lon="10.775647">
        <ele>505.639765</ele>
        <time>2026-04-08T13:50:20.000Z</time>
      </trkpt>
      <trkpt lat="51.660659" lon="10.775741">
        <ele>505.445461</ele>
        <time>2026-04-08T13:50:21.000Z</time>
      </trkpt>
      <trkpt lat="51.660678" lon="10.775819">
        <ele>505.281615</ele>
        <time>2026-04-08T13:50:22.000Z</time>
      </trkpt>
      <trkpt lat="51.660695" lon="10.775883">
        <ele>505.145489</ele>
        <time>2026-04-08T13:50:23.000Z</time>
      </trkpt>
      <trkpt lat="51.660704" lon="10.775929">
        <ele>505.051180</ele>
        <time>2026-04-08T13:50:24.000Z</time>
      </trkpt>
      <trkpt lat="51.660711" lon="10.775964">
        <ele>504.979278</ele>
        <time>2026-04-08T13:50:25.000Z</time>
      </trkpt>
      <trkpt lat="51.660719" lon="10.775987">
        <ele>504.927720</ele>
        <time>2026-04-08T13:50:26.000Z</time>
      </trkpt>
      <trkpt lat="51.660721" lon="10.775994">
        <ele>504.912651</ele>
        <time>2026-04-08T13:50:27.000Z</time>
      </trkpt>
      <trkpt lat="51.660721" lon="10.775995">
        <ele>504.910696</ele>
        <time>2026-04-08T13:50:28.000Z</time>
      </trkpt>
      <trkpt lat="51.660678" lon="10.776011">
        <ele>504.771596</ele>
        <time>2026-04-08T13:50:53.000Z</time>
      </trkpt>
      <trkpt lat="51.660669" lon="10.776014">
        <ele>504.742628</ele>
        <time>2026-04-08T13:50:54.000Z</time>
      </trkpt>
      <trkpt lat="51.660660" lon="10.776018">
        <ele>504.713202</ele>
        <time>2026-04-08T13:50:55.000Z</time>
      </trkpt>
      <trkpt lat="51.660650" lon="10.776022">
        <ele>504.680726</ele>
        <time>2026-04-08T13:50:56.000Z</time>
      </trkpt>
      <trkpt lat="51.660642" lon="10.776024">
        <ele>504.655208</ele>
        <time>2026-04-08T13:50:57.000Z</time>
      </trkpt>
      <trkpt lat="51.660632" lon="10.776023">
        <ele>504.623628</ele>
        <time>2026-04-08T13:50:58.000Z</time>
      </trkpt>
      <trkpt lat="51.660623" lon="10.776023">
        <ele>504.595260</ele>
        <time>2026-04-08T13:50:59.000Z</time>
      </trkpt>
      <trkpt lat="51.660613" lon="10.776022">
        <ele>504.563679</ele>
        <time>2026-04-08T13:51:00.000Z</time>
      </trkpt>
      <trkpt lat="51.660604" lon="10.776022">
        <ele>504.535311</ele>
        <time>2026-04-08T13:51:01.000Z</time>
      </trkpt>
      <trkpt lat="51.660597" lon="10.776023">
        <ele>504.513160</ele>
        <time>2026-04-08T13:51:02.000Z</time>
      </trkpt>
      <trkpt lat="51.660586" lon="10.776022">
        <ele>504.478433</ele>
        <time>2026-04-08T13:51:03.000Z</time>
      </trkpt>
      <trkpt lat="51.660575" lon="10.776022">
        <ele>504.443761</ele>
        <time>2026-04-08T13:51:04.000Z</time>
      </trkpt>
      <trkpt lat="51.660566" lon="10.776022">
        <ele>504.415393</ele>
        <time>2026-04-08T13:51:05.000Z</time>
      </trkpt>
      <trkpt lat="51.660556" lon="10.776022">
        <ele>504.383873</ele>
        <time>2026-04-08T13:51:06.000Z</time>
      </trkpt>
      <trkpt lat="51.660544" lon="10.776022">
        <ele>504.346049</ele>
        <time>2026-04-08T13:51:07.000Z</time>
      </trkpt>
      <trkpt lat="51.660533" lon="10.776022">
        <ele>504.311377</ele>
        <time>2026-04-08T13:51:08.000Z</time>
      </trkpt>
      <trkpt lat="51.660521" lon="10.776023">
        <ele>504.273502</ele>
        <time>2026-04-08T13:51:09.000Z</time>
      </trkpt>
      <trkpt lat="51.660513" lon="10.776024">
        <ele>504.248210</ele>
        <time>2026-04-08T13:51:10.000Z</time>
      </trkpt>
      <trkpt lat="51.660505" lon="10.776028">
        <ele>504.221809</ele>
        <time>2026-04-08T13:51:11.000Z</time>
      </trkpt>
      <trkpt lat="51.660495" lon="10.776032">
        <ele>504.189333</ele>
        <time>2026-04-08T13:51:12.000Z</time>
      </trkpt>
      <trkpt lat="51.660483" lon="10.776035">
        <ele>504.151057</ele>
        <time>2026-04-08T13:51:13.000Z</time>
      </trkpt>
      <trkpt lat="51.660469" lon="10.776035">
        <ele>504.106929</ele>
        <time>2026-04-08T13:51:14.000Z</time>
      </trkpt>
      <trkpt lat="51.660457" lon="10.776034">
        <ele>504.069054</ele>
        <time>2026-04-08T13:51:15.000Z</time>
      </trkpt>
      <trkpt lat="51.660442" lon="10.776027">
        <ele>504.019833</ele>
        <time>2026-04-08T13:51:16.000Z</time>
      </trkpt>
      <trkpt lat="51.660429" lon="10.776018">
        <ele>503.975238</ele>
        <time>2026-04-08T13:51:17.000Z</time>
      </trkpt>
      <trkpt lat="51.660418" lon="10.776009">
        <ele>503.936356</ele>
        <time>2026-04-08T13:51:18.000Z</time>
      </trkpt>
      <trkpt lat="51.660408" lon="10.775999">
        <ele>503.899264</ele>
        <time>2026-04-08T13:51:19.000Z</time>
      </trkpt>
      <trkpt lat="51.660399" lon="10.775989">
        <ele>503.864811</ele>
        <time>2026-04-08T13:51:20.000Z</time>
      </trkpt>
      <trkpt lat="51.660388" lon="10.775979">
        <ele>503.825005</ele>
        <time>2026-04-08T13:51:21.000Z</time>
      </trkpt>
      <trkpt lat="51.660376" lon="10.775967">
        <ele>503.780495</ele>
        <time>2026-04-08T13:51:22.000Z</time>
      </trkpt>
      <trkpt lat="51.660365" lon="10.775955">
        <ele>503.738630</ele>
        <time>2026-04-08T13:51:23.000Z</time>
      </trkpt>
      <trkpt lat="51.660357" lon="10.775943">
        <ele>503.704186</ele>
        <time>2026-04-08T13:51:24.000Z</time>
      </trkpt>
      <trkpt lat="51.660349" lon="10.775933">
        <ele>503.672278</ele>
        <time>2026-04-08T13:51:25.000Z</time>
      </trkpt>
      <trkpt lat="51.660341" lon="10.775920">
        <ele>503.636474</ele>
        <time>2026-04-08T13:51:26.000Z</time>
      </trkpt>
      <trkpt lat="51.660334" lon="10.775907">
        <ele>503.602815</ele>
        <time>2026-04-08T13:51:27.000Z</time>
      </trkpt>
      <trkpt lat="51.660323" lon="10.775895">
        <ele>503.560950</ele>
        <time>2026-04-08T13:51:28.000Z</time>
      </trkpt>
      <trkpt lat="51.660312" lon="10.775883">
        <ele>503.519085</ele>
        <time>2026-04-08T13:51:29.000Z</time>
      </trkpt>
      <trkpt lat="51.660303" lon="10.775876">
        <ele>503.487588</ele>
        <time>2026-04-08T13:51:30.000Z</time>
      </trkpt>
      <trkpt lat="51.660293" lon="10.775877">
        <ele>503.456007</ele>
        <time>2026-04-08T13:51:31.000Z</time>
      </trkpt>
      <trkpt lat="51.660281" lon="10.775879">
        <ele>503.417981</ele>
        <time>2026-04-08T13:51:32.000Z</time>
      </trkpt>
      <trkpt lat="51.660275" lon="10.775883">
        <ele>503.397516</ele>
        <time>2026-04-08T13:51:33.000Z</time>
      </trkpt>
      <trkpt lat="51.660275" lon="10.775884">
        <ele>503.395561</ele>
        <time>2026-04-08T13:51:34.000Z</time>
      </trkpt>
      <trkpt lat="51.660275" lon="10.775885">
        <ele>503.393605</ele>
        <time>2026-04-08T13:51:35.000Z</time>
      </trkpt>
      <trkpt lat="51.660275" lon="10.775885">
        <ele>503.393605</ele>
        <time>2026-04-08T13:51:36.000Z</time>
      </trkpt>
      <trkpt lat="51.660272" lon="10.775889">
        <ele>503.381334</ele>
        <time>2026-04-08T13:51:41.000Z</time>
      </trkpt>
      <trkpt lat="51.660174" lon="10.775857">
        <ele>503.066164</ele>
        <time>2026-04-08T13:52:02.000Z</time>
      </trkpt>
      <trkpt lat="51.660168" lon="10.775852">
        <ele>503.044875</ele>
        <time>2026-04-08T13:52:03.000Z</time>
      </trkpt>
      <trkpt lat="51.660162" lon="10.775849">
        <ele>503.025074</ele>
        <time>2026-04-08T13:52:04.000Z</time>
      </trkpt>
      <trkpt lat="51.660157" lon="10.775848">
        <ele>503.009193</ele>
        <time>2026-04-08T13:52:05.000Z</time>
      </trkpt>
      <trkpt lat="51.660153" lon="10.775847">
        <ele>502.996434</ele>
        <time>2026-04-08T13:52:06.000Z</time>
      </trkpt>
      <trkpt lat="51.660150" lon="10.775845">
        <ele>502.986201</ele>
        <time>2026-04-08T13:52:07.000Z</time>
      </trkpt>
      <trkpt lat="51.660082" lon="10.775842">
        <ele>502.771785</ele>
        <time>2026-04-08T13:53:14.000Z</time>
      </trkpt>
      <trkpt lat="51.660074" lon="10.775840">
        <ele>502.746267</ele>
        <time>2026-04-08T13:53:15.000Z</time>
      </trkpt>
      <trkpt lat="51.660066" lon="10.775838">
        <ele>502.720750</ele>
        <time>2026-04-08T13:53:16.000Z</time>
      </trkpt>
      <trkpt lat="51.660059" lon="10.775838">
        <ele>502.698686</ele>
        <time>2026-04-08T13:53:17.000Z</time>
      </trkpt>
      <trkpt lat="51.660051" lon="10.775837">
        <ele>502.673394</ele>
        <time>2026-04-08T13:53:18.000Z</time>
      </trkpt>
      <trkpt lat="51.660044" lon="10.775837">
        <ele>502.651330</ele>
        <time>2026-04-08T13:53:19.000Z</time>
      </trkpt>
      <trkpt lat="51.660036" lon="10.775834">
        <ele>502.625441</ele>
        <time>2026-04-08T13:53:20.000Z</time>
      </trkpt>
      <trkpt lat="51.660028" lon="10.775832">
        <ele>502.599923</ele>
        <time>2026-04-08T13:53:21.000Z</time>
      </trkpt>
      <trkpt lat="51.660021" lon="10.775831">
        <ele>502.577773</ele>
        <time>2026-04-08T13:53:22.000Z</time>
      </trkpt>
      <trkpt lat="51.660013" lon="10.775831">
        <ele>502.552556</ele>
        <time>2026-04-08T13:53:23.000Z</time>
      </trkpt>
      <trkpt lat="51.660005" lon="10.775829">
        <ele>502.527039</ele>
        <time>2026-04-08T13:53:24.000Z</time>
      </trkpt>
      <trkpt lat="51.659998" lon="10.775828">
        <ele>502.504888</ele>
        <time>2026-04-08T13:53:25.000Z</time>
      </trkpt>
      <trkpt lat="51.659987" lon="10.775828">
        <ele>502.470216</ele>
        <time>2026-04-08T13:53:26.000Z</time>
      </trkpt>
      <trkpt lat="51.659979" lon="10.775830">
        <ele>502.444699</ele>
        <time>2026-04-08T13:53:27.000Z</time>
      </trkpt>
      <trkpt lat="51.659971" lon="10.775831">
        <ele>502.419407</ele>
        <time>2026-04-08T13:53:28.000Z</time>
      </trkpt>
      <trkpt lat="51.659963" lon="10.775837">
        <ele>502.391596</ele>
        <time>2026-04-08T13:53:29.000Z</time>
      </trkpt>
      <trkpt lat="51.659956" lon="10.775838">
        <ele>502.369445</ele>
        <time>2026-04-08T13:53:30.000Z</time>
      </trkpt>
      <trkpt lat="51.659951" lon="10.775833">
        <ele>502.350899</ele>
        <time>2026-04-08T13:53:31.000Z</time>
      </trkpt>
      <trkpt lat="51.659947" lon="10.775825">
        <ele>502.330808</ele>
        <time>2026-04-08T13:53:32.000Z</time>
      </trkpt>
      <trkpt lat="51.659946" lon="10.775815">
        <ele>502.311003</ele>
        <time>2026-04-08T13:53:33.000Z</time>
      </trkpt>
      <trkpt lat="51.659943" lon="10.775807">
        <ele>502.292725</ele>
        <time>2026-04-08T13:53:34.000Z</time>
      </trkpt>
      <trkpt lat="51.659943" lon="10.775795">
        <ele>502.269261</ele>
        <time>2026-04-08T13:53:35.000Z</time>
      </trkpt>
      <trkpt lat="51.659937" lon="10.775780">
        <ele>502.234363</ele>
        <time>2026-04-08T13:53:36.000Z</time>
      </trkpt>
      <trkpt lat="51.659929" lon="10.775763">
        <ele>502.192641</ele>
        <time>2026-04-08T13:53:37.000Z</time>
      </trkpt>
      <trkpt lat="51.659919" lon="10.775754">
        <ele>502.156542</ele>
        <time>2026-04-08T13:53:38.000Z</time>
      </trkpt>
      <trkpt lat="51.659910" lon="10.775753">
        <ele>502.128106</ele>
        <time>2026-04-08T13:53:39.000Z</time>
      </trkpt>
      <trkpt lat="51.659900" lon="10.775754">
        <ele>502.096526</ele>
        <time>2026-04-08T13:53:40.000Z</time>
      </trkpt>
      <trkpt lat="51.659891" lon="10.775756">
        <ele>502.067889</ele>
        <time>2026-04-08T13:53:41.000Z</time>
      </trkpt>
      <trkpt lat="51.659883" lon="10.775755">
        <ele>502.042598</ele>
        <time>2026-04-08T13:53:42.000Z</time>
      </trkpt>
      <trkpt lat="51.659879" lon="10.775755">
        <ele>502.054835</ele>
        <time>2026-04-08T13:53:43.000Z</time>
      </trkpt>
      <trkpt lat="51.659869" lon="10.775756">
        <ele>502.097741</ele>
        <time>2026-04-08T13:53:44.000Z</time>
      </trkpt>
      <trkpt lat="51.659860" lon="10.775758">
        <ele>502.136647</ele>
        <time>2026-04-08T13:53:45.000Z</time>
      </trkpt>
      <trkpt lat="51.659850" lon="10.775759">
        <ele>502.179553</ele>
        <time>2026-04-08T13:53:46.000Z</time>
      </trkpt>
      <trkpt lat="51.659842" lon="10.775759">
        <ele>502.213812</ele>
        <time>2026-04-08T13:53:47.000Z</time>
      </trkpt>
      <trkpt lat="51.659831" lon="10.775759">
        <ele>502.260918</ele>
        <time>2026-04-08T13:53:48.000Z</time>
      </trkpt>
      <trkpt lat="51.659819" lon="10.775759">
        <ele>502.312307</ele>
        <time>2026-04-08T13:53:49.000Z</time>
      </trkpt>
      <trkpt lat="51.659811" lon="10.775757">
        <ele>502.346975</ele>
        <time>2026-04-08T13:53:50.000Z</time>
      </trkpt>
      <trkpt lat="51.659803" lon="10.775757">
        <ele>502.381234</ele>
        <time>2026-04-08T13:53:51.000Z</time>
      </trkpt>
      <trkpt lat="51.659799" lon="10.775757">
        <ele>502.398364</ele>
        <time>2026-04-08T13:53:52.000Z</time>
      </trkpt>
      <trkpt lat="51.659792" lon="10.775757">
        <ele>502.428340</ele>
        <time>2026-04-08T13:53:53.000Z</time>
      </trkpt>
      <trkpt lat="51.659787" lon="10.775759">
        <ele>502.450402</ele>
        <time>2026-04-08T13:53:54.000Z</time>
      </trkpt>
      <trkpt lat="51.659780" lon="10.775765">
        <ele>502.484352</ele>
        <time>2026-04-08T13:53:55.000Z</time>
      </trkpt>
      <trkpt lat="51.659776" lon="10.775766">
        <ele>502.501687</ele>
        <time>2026-04-08T13:53:56.000Z</time>
      </trkpt>
      <trkpt lat="51.659775" lon="10.775766">
        <ele>502.505969</ele>
        <time>2026-04-08T13:53:57.000Z</time>
      </trkpt>
      <trkpt lat="51.659766" lon="10.775771">
        <ele>502.546735</ele>
        <time>2026-04-08T13:54:00.000Z</time>
      </trkpt>
      <trkpt lat="51.659755" lon="10.775777">
        <ele>502.596465</ele>
        <time>2026-04-08T13:54:01.000Z</time>
      </trkpt>
      <trkpt lat="51.659743" lon="10.775781">
        <ele>502.648940</ele>
        <time>2026-04-08T13:54:02.000Z</time>
      </trkpt>
      <trkpt lat="51.659731" lon="10.775782">
        <ele>502.700398</ele>
        <time>2026-04-08T13:54:03.000Z</time>
      </trkpt>
      <trkpt lat="51.659720" lon="10.775780">
        <ele>502.747802</ele>
        <time>2026-04-08T13:54:04.000Z</time>
      </trkpt>
      <trkpt lat="51.659705" lon="10.775776">
        <ele>502.812911</ele>
        <time>2026-04-08T13:54:05.000Z</time>
      </trkpt>
      <trkpt lat="51.659687" lon="10.775773">
        <ele>502.890405</ele>
        <time>2026-04-08T13:54:06.000Z</time>
      </trkpt>
      <trkpt lat="51.659671" lon="10.775773">
        <ele>502.958923</ele>
        <time>2026-04-08T13:54:07.000Z</time>
      </trkpt>
      <trkpt lat="51.659659" lon="10.775777">
        <ele>503.011399</ele>
        <time>2026-04-08T13:54:08.000Z</time>
      </trkpt>
      <trkpt lat="51.659642" lon="10.775779">
        <ele>503.084393</ele>
        <time>2026-04-08T13:54:09.000Z</time>
      </trkpt>
      <trkpt lat="51.659629" lon="10.775781">
        <ele>503.140317</ele>
        <time>2026-04-08T13:54:10.000Z</time>
      </trkpt>
      <trkpt lat="51.659611" lon="10.775783">
        <ele>503.217582</ele>
        <time>2026-04-08T13:54:11.000Z</time>
      </trkpt>
      <trkpt lat="51.659595" lon="10.775786">
        <ele>503.286562</ele>
        <time>2026-04-08T13:54:12.000Z</time>
      </trkpt>
      <trkpt lat="51.659583" lon="10.775796">
        <ele>503.344411</ele>
        <time>2026-04-08T13:54:13.000Z</time>
      </trkpt>
      <trkpt lat="51.659568" lon="10.775814">
        <ele>503.424491</ele>
        <time>2026-04-08T13:54:14.000Z</time>
      </trkpt>
      <trkpt lat="51.659559" lon="10.775843">
        <ele>503.510632</ele>
        <time>2026-04-08T13:54:15.000Z</time>
      </trkpt>
      <trkpt lat="51.659557" lon="10.775879">
        <ele>503.606649</ele>
        <time>2026-04-08T13:54:16.000Z</time>
      </trkpt>
      <trkpt lat="51.659551" lon="10.775920">
        <ele>503.718555</ele>
        <time>2026-04-08T13:54:17.000Z</time>
      </trkpt>
      <trkpt lat="51.659544" lon="10.775955">
        <ele>503.816246</ele>
        <time>2026-04-08T13:54:18.000Z</time>
      </trkpt>
      <trkpt lat="51.659530" lon="10.775985">
        <ele>503.915974</ele>
        <time>2026-04-08T13:54:19.000Z</time>
      </trkpt>
      <trkpt lat="51.659518" lon="10.776009">
        <ele>503.997862</ele>
        <time>2026-04-08T13:54:20.000Z</time>
      </trkpt>
      <trkpt lat="51.659501" lon="10.776030">
        <ele>504.089579</ele>
        <time>2026-04-08T13:54:21.000Z</time>
      </trkpt>
      <trkpt lat="51.659482" lon="10.776046">
        <ele>504.181377</ele>
        <time>2026-04-08T13:54:22.000Z</time>
      </trkpt>
      <trkpt lat="51.659466" lon="10.776063">
        <ele>504.263440</ele>
        <time>2026-04-08T13:54:23.000Z</time>
      </trkpt>
      <trkpt lat="51.659445" lon="10.776079">
        <ele>504.362908</ele>
        <time>2026-04-08T13:54:24.000Z</time>
      </trkpt>
      <trkpt lat="51.659425" lon="10.776099">
        <ele>504.463697</ele>
        <time>2026-04-08T13:54:25.000Z</time>
      </trkpt>
      <trkpt lat="51.659412" lon="10.776126">
        <ele>504.554492</ele>
        <time>2026-04-08T13:54:26.000Z</time>
      </trkpt>
      <trkpt lat="51.659400" lon="10.776162">
        <ele>504.663059</ele>
        <time>2026-04-08T13:54:27.000Z</time>
      </trkpt>
      <trkpt lat="51.659392" lon="10.776202">
        <ele>504.774706</ele>
        <time>2026-04-08T13:54:28.000Z</time>
      </trkpt>
      <trkpt lat="51.659388" lon="10.776244">
        <ele>504.887586</ele>
        <time>2026-04-08T13:54:29.000Z</time>
      </trkpt>
      <trkpt lat="51.659386" lon="10.776287">
        <ele>505.002137</ele>
        <time>2026-04-08T13:54:30.000Z</time>
      </trkpt>
      <trkpt lat="51.659388" lon="10.776321">
        <ele>505.092864</ele>
        <time>2026-04-08T13:54:31.000Z</time>
      </trkpt>
      <trkpt lat="51.659391" lon="10.776362">
        <ele>505.202536</ele>
        <time>2026-04-08T13:54:32.000Z</time>
      </trkpt>
      <trkpt lat="51.659393" lon="10.776408">
        <ele>505.325035</ele>
        <time>2026-04-08T13:54:33.000Z</time>
      </trkpt>
      <trkpt lat="51.659393" lon="10.776450">
        <ele>505.436608</ele>
        <time>2026-04-08T13:54:34.000Z</time>
      </trkpt>
      <trkpt lat="51.659385" lon="10.776484">
        <ele>505.533209</ele>
        <time>2026-04-08T13:54:35.000Z</time>
      </trkpt>
      <trkpt lat="51.659376" lon="10.776517">
        <ele>505.628972</ele>
        <time>2026-04-08T13:54:36.000Z</time>
      </trkpt>
      <trkpt lat="51.659368" lon="10.776548">
        <ele>505.718166</ele>
        <time>2026-04-08T13:54:37.000Z</time>
      </trkpt>
      <trkpt lat="51.659364" lon="10.776575">
        <ele>505.791909</ele>
        <time>2026-04-08T13:54:38.000Z</time>
      </trkpt>
      <trkpt lat="51.659360" lon="10.776599">
        <ele>505.857926</ele>
        <time>2026-04-08T13:54:39.000Z</time>
      </trkpt>
      <trkpt lat="51.659356" lon="10.776624">
        <ele>505.926512</ele>
        <time>2026-04-08T13:54:40.000Z</time>
      </trkpt>
      <trkpt lat="51.659355" lon="10.776648">
        <ele>505.990412</ele>
        <time>2026-04-08T13:54:41.000Z</time>
      </trkpt>
      <trkpt lat="51.659358" lon="10.776665">
        <ele>506.037365</ele>
        <time>2026-04-08T13:54:42.000Z</time>
      </trkpt>
      <trkpt lat="51.659359" lon="10.776669">
        <ele>506.048821</ele>
        <time>2026-04-08T13:54:43.000Z</time>
      </trkpt>
      <trkpt lat="51.659359" lon="10.776669">
        <ele>506.048821</ele>
        <time>2026-04-08T13:54:44.000Z</time>
      </trkpt>
      <trkpt lat="51.659359" lon="10.776669">
        <ele>506.048821</ele>
        <time>2026-04-08T13:54:46.000Z</time>
      </trkpt>
      <trkpt lat="51.659356" lon="10.776678">
        <ele>506.075963</ele>
        <time>2026-04-08T13:55:01.000Z</time>
      </trkpt>
      <trkpt lat="51.659358" lon="10.776696">
        <ele>506.124541</ele>
        <time>2026-04-08T13:55:02.000Z</time>
      </trkpt>
      <trkpt lat="51.659362" lon="10.776722">
        <ele>506.195703</ele>
        <time>2026-04-08T13:55:03.000Z</time>
      </trkpt>
      <trkpt lat="51.659365" lon="10.776740">
        <ele>506.245216</ele>
        <time>2026-04-08T13:55:04.000Z</time>
      </trkpt>
      <trkpt lat="51.659372" lon="10.776765">
        <ele>506.318081</ele>
        <time>2026-04-08T13:55:05.000Z</time>
      </trkpt>
      <trkpt lat="51.659374" lon="10.776797">
        <ele>506.403519</ele>
        <time>2026-04-08T13:55:06.000Z</time>
      </trkpt>
      <trkpt lat="51.659377" lon="10.776835">
        <ele>506.505281</ele>
        <time>2026-04-08T13:55:07.000Z</time>
      </trkpt>
      <trkpt lat="51.659381" lon="10.776879">
        <ele>506.623416</ele>
        <time>2026-04-08T13:55:08.000Z</time>
      </trkpt>
      <trkpt lat="51.659385" lon="10.776923">
        <ele>506.741551</ele>
        <time>2026-04-08T13:55:09.000Z</time>
      </trkpt>
      <trkpt lat="51.659391" lon="10.776971">
        <ele>506.871627</ele>
        <time>2026-04-08T13:55:10.000Z</time>
      </trkpt>
      <trkpt lat="51.659399" lon="10.777017">
        <ele>506.998538</ele>
        <time>2026-04-08T13:55:11.000Z</time>
      </trkpt>
      <trkpt lat="51.659407" lon="10.777060">
        <ele>507.117795</ele>
        <time>2026-04-08T13:55:12.000Z</time>
      </trkpt>
      <trkpt lat="51.659411" lon="10.777101">
        <ele>507.228050</ele>
        <time>2026-04-08T13:55:13.000Z</time>
      </trkpt>
      <trkpt lat="51.659418" lon="10.777147">
        <ele>507.353873</ele>
        <time>2026-04-08T13:55:14.000Z</time>
      </trkpt>
      <trkpt lat="51.659420" lon="10.777193">
        <ele>507.476372</ele>
        <time>2026-04-08T13:55:15.000Z</time>
      </trkpt>
      <trkpt lat="51.659417" lon="10.777241">
        <ele>507.604530</ele>
        <time>2026-04-08T13:55:16.000Z</time>
      </trkpt>
      <trkpt lat="51.659419" lon="10.777292">
        <ele>507.740282</ele>
        <time>2026-04-08T13:55:17.000Z</time>
      </trkpt>
      <trkpt lat="51.659417" lon="10.777343">
        <ele>507.876035</ele>
        <time>2026-04-08T13:55:18.000Z</time>
      </trkpt>
      <trkpt lat="51.659416" lon="10.777390">
        <ele>508.000964</ele>
        <time>2026-04-08T13:55:19.000Z</time>
      </trkpt>
      <trkpt lat="51.659416" lon="10.777437">
        <ele>508.125820</ele>
        <time>2026-04-08T13:55:20.000Z</time>
      </trkpt>
      <trkpt lat="51.659419" lon="10.777479">
        <ele>508.238131</ele>
        <time>2026-04-08T13:55:21.000Z</time>
      </trkpt>
      <trkpt lat="51.659423" lon="10.777521">
        <ele>508.351012</ele>
        <time>2026-04-08T13:55:22.000Z</time>
      </trkpt>
      <trkpt lat="51.659427" lon="10.777564">
        <ele>508.466519</ele>
        <time>2026-04-08T13:55:23.000Z</time>
      </trkpt>
      <trkpt lat="51.659431" lon="10.777613">
        <ele>508.597810</ele>
        <time>2026-04-08T13:55:24.000Z</time>
      </trkpt>
      <trkpt lat="51.659434" lon="10.777658">
        <ele>508.718041</ele>
        <time>2026-04-08T13:55:25.000Z</time>
      </trkpt>
      <trkpt lat="51.659441" lon="10.777704">
        <ele>508.843864</ele>
        <time>2026-04-08T13:55:26.000Z</time>
      </trkpt>
      <trkpt lat="51.659449" lon="10.777752">
        <ele>508.975898</ele>
        <time>2026-04-08T13:55:27.000Z</time>
      </trkpt>
      <trkpt lat="51.659456" lon="10.777800">
        <ele>509.106887</ele>
        <time>2026-04-08T13:55:28.000Z</time>
      </trkpt>
      <trkpt lat="51.659464" lon="10.777854">
        <ele>509.254372</ele>
        <time>2026-04-08T13:55:29.000Z</time>
      </trkpt>
      <trkpt lat="51.659472" lon="10.777912">
        <ele>509.412212</ele>
        <time>2026-04-08T13:55:30.000Z</time>
      </trkpt>
      <trkpt lat="51.659476" lon="10.777972">
        <ele>509.572521</ele>
        <time>2026-04-08T13:55:31.000Z</time>
      </trkpt>
      <trkpt lat="51.659480" lon="10.778034">
        <ele>509.738112</ele>
        <time>2026-04-08T13:55:32.000Z</time>
      </trkpt>
      <trkpt lat="51.659484" lon="10.778102">
        <ele>509.811018</ele>
        <time>2026-04-08T13:55:33.000Z</time>
      </trkpt>
      <trkpt lat="51.659491" lon="10.778168">
        <ele>509.879539</ele>
        <time>2026-04-08T13:55:34.000Z</time>
      </trkpt>
      <trkpt lat="51.659498" lon="10.778238">
        <ele>509.952099</ele>
        <time>2026-04-08T13:55:35.000Z</time>
      </trkpt>
      <trkpt lat="51.659506" lon="10.778308">
        <ele>510.024939</ele>
        <time>2026-04-08T13:55:36.000Z</time>
      </trkpt>
      <trkpt lat="51.659510" lon="10.778380">
        <ele>510.098916</ele>
        <time>2026-04-08T13:55:37.000Z</time>
      </trkpt>
      <trkpt lat="51.659515" lon="10.778461">
        <ele>510.182217</ele>
        <time>2026-04-08T13:55:38.000Z</time>
      </trkpt>
      <trkpt lat="51.659524" lon="10.778537">
        <ele>510.261397</ele>
        <time>2026-04-08T13:55:39.000Z</time>
      </trkpt>
      <trkpt lat="51.659527" lon="10.778613">
        <ele>510.339329</ele>
        <time>2026-04-08T13:55:40.000Z</time>
      </trkpt>
      <trkpt lat="51.659527" lon="10.778682">
        <ele>510.409941</ele>
        <time>2026-04-08T13:55:41.000Z</time>
      </trkpt>
      <trkpt lat="51.659527" lon="10.778748">
        <ele>510.477482</ele>
        <time>2026-04-08T13:55:42.000Z</time>
      </trkpt>
      <trkpt lat="51.659527" lon="10.778802">
        <ele>510.532743</ele>
        <time>2026-04-08T13:55:43.000Z</time>
      </trkpt>
      <trkpt lat="51.659524" lon="10.778850">
        <ele>510.582113</ele>
        <time>2026-04-08T13:55:44.000Z</time>
      </trkpt>
      <trkpt lat="51.659520" lon="10.778894">
        <ele>510.627622</ele>
        <time>2026-04-08T13:55:45.000Z</time>
      </trkpt>
      <trkpt lat="51.659513" lon="10.778945">
        <ele>510.681075</ele>
        <time>2026-04-08T13:55:46.000Z</time>
      </trkpt>
      <trkpt lat="51.659512" lon="10.779006">
        <ele>510.743522</ele>
        <time>2026-04-08T13:55:47.000Z</time>
      </trkpt>
      <trkpt lat="51.659505" lon="10.779071">
        <ele>510.811035</ele>
        <time>2026-04-08T13:55:48.000Z</time>
      </trkpt>
      <trkpt lat="51.659493" lon="10.779127">
        <ele>510.871666</ele>
        <time>2026-04-08T13:55:49.000Z</time>
      </trkpt>
      <trkpt lat="51.659475" lon="10.779185">
        <ele>510.938034</ele>
        <time>2026-04-08T13:55:50.000Z</time>
      </trkpt>
      <trkpt lat="51.659455" lon="10.779246">
        <ele>511.008642</ele>
        <time>2026-04-08T13:55:51.000Z</time>
      </trkpt>
      <trkpt lat="51.659439" lon="10.779306">
        <ele>511.075476</ele>
        <time>2026-04-08T13:55:52.000Z</time>
      </trkpt>
      <trkpt lat="51.659424" lon="10.779360">
        <ele>511.136025</ele>
        <time>2026-04-08T13:55:53.000Z</time>
      </trkpt>
      <trkpt lat="51.659408" lon="10.779416">
        <ele>511.199119</ele>
        <time>2026-04-08T13:55:54.000Z</time>
      </trkpt>
      <trkpt lat="51.659396" lon="10.779468">
        <ele>511.255897</ele>
        <time>2026-04-08T13:55:55.000Z</time>
      </trkpt>
      <trkpt lat="51.659384" lon="10.779523">
        <ele>511.315561</ele>
        <time>2026-04-08T13:55:56.000Z</time>
      </trkpt>
      <trkpt lat="51.659376" lon="10.779572">
        <ele>511.367414</ele>
        <time>2026-04-08T13:55:57.000Z</time>
      </trkpt>
      <trkpt lat="51.659369" lon="10.779625">
        <ele>511.422867</ele>
        <time>2026-04-08T13:55:58.000Z</time>
      </trkpt>
      <trkpt lat="51.659361" lon="10.779681">
        <ele>511.481675</ele>
        <time>2026-04-08T13:55:59.000Z</time>
      </trkpt>
      <trkpt lat="51.659356" lon="10.779735">
        <ele>511.537549</ele>
        <time>2026-04-08T13:56:00.000Z</time>
      </trkpt>
      <trkpt lat="51.659350" lon="10.779783">
        <ele>511.587658</ele>
        <time>2026-04-08T13:56:01.000Z</time>
      </trkpt>
      <trkpt lat="51.659345" lon="10.779837">
        <ele>511.643531</ele>
        <time>2026-04-08T13:56:02.000Z</time>
      </trkpt>
      <trkpt lat="51.659341" lon="10.779895">
        <ele>511.703252</ele>
        <time>2026-04-08T13:56:03.000Z</time>
      </trkpt>
      <trkpt lat="51.659337" lon="10.779952">
        <ele>511.761955</ele>
        <time>2026-04-08T13:56:04.000Z</time>
      </trkpt>
      <trkpt lat="51.659336" lon="10.780007">
        <ele>511.818264</ele>
        <time>2026-04-08T13:56:05.000Z</time>
      </trkpt>
      <trkpt lat="51.659333" lon="10.780063">
        <ele>511.875786</ele>
        <time>2026-04-08T13:56:06.000Z</time>
      </trkpt>
      <trkpt lat="51.659332" lon="10.780118">
        <ele>511.932095</ele>
        <time>2026-04-08T13:56:07.000Z</time>
      </trkpt>
      <trkpt lat="51.659335" lon="10.780176">
        <ele>511.991656</ele>
        <time>2026-04-08T13:56:08.000Z</time>
      </trkpt>
      <trkpt lat="51.659333" lon="10.780231">
        <ele>512.048037</ele>
        <time>2026-04-08T13:56:09.000Z</time>
      </trkpt>
      <trkpt lat="51.659332" lon="10.780291">
        <ele>512.109461</ele>
        <time>2026-04-08T13:56:10.000Z</time>
      </trkpt>
      <trkpt lat="51.659332" lon="10.780349">
        <ele>512.168816</ele>
        <time>2026-04-08T13:56:11.000Z</time>
      </trkpt>
      <trkpt lat="51.659332" lon="10.780413">
        <ele>512.234311</ele>
        <time>2026-04-08T13:56:12.000Z</time>
      </trkpt>
      <trkpt lat="51.659329" lon="10.780472">
        <ele>512.294892</ele>
        <time>2026-04-08T13:56:13.000Z</time>
      </trkpt>
      <trkpt lat="51.659325" lon="10.780540">
        <ele>512.364792</ele>
        <time>2026-04-08T13:56:14.000Z</time>
      </trkpt>
      <trkpt lat="51.659319" lon="10.780605">
        <ele>512.432043</ele>
        <time>2026-04-08T13:56:15.000Z</time>
      </trkpt>
      <trkpt lat="51.659308" lon="10.780669">
        <ele>512.500006</ele>
        <time>2026-04-08T13:56:16.000Z</time>
      </trkpt>
      <trkpt lat="51.659294" lon="10.780730">
        <ele>512.566566</ele>
        <time>2026-04-08T13:56:17.000Z</time>
      </trkpt>
      <trkpt lat="51.659278" lon="10.780795">
        <ele>512.638130</ele>
        <time>2026-04-08T13:56:18.000Z</time>
      </trkpt>
      <trkpt lat="51.659261" lon="10.780851">
        <ele>512.701932</ele>
        <time>2026-04-08T13:56:19.000Z</time>
      </trkpt>
      <trkpt lat="51.659238" lon="10.780911">
        <ele>512.797306</ele>
        <time>2026-04-08T13:56:20.000Z</time>
      </trkpt>
      <trkpt lat="51.659215" lon="10.780967">
        <ele>512.890979</ele>
        <time>2026-04-08T13:56:21.000Z</time>
      </trkpt>
      <trkpt lat="51.659192" lon="10.781022">
        <ele>512.983493</ele>
        <time>2026-04-08T13:56:22.000Z</time>
      </trkpt>
      <trkpt lat="51.659172" lon="10.781082">
        <ele>513.078494</ele>
        <time>2026-04-08T13:56:23.000Z</time>
      </trkpt>
      <trkpt lat="51.659156" lon="10.781145">
        <ele>513.173442</ele>
        <time>2026-04-08T13:56:24.000Z</time>
      </trkpt>
      <trkpt lat="51.659145" lon="10.781206">
        <ele>513.262043</ele>
        <time>2026-04-08T13:56:25.000Z</time>
      </trkpt>
      <trkpt lat="51.659142" lon="10.781275">
        <ele>513.358517</ele>
        <time>2026-04-08T13:56:26.000Z</time>
      </trkpt>
      <trkpt lat="51.659145" lon="10.781340">
        <ele>513.449426</ele>
        <time>2026-04-08T13:56:27.000Z</time>
      </trkpt>
      <trkpt lat="51.659151" lon="10.781399">
        <ele>513.532815</ele>
        <time>2026-04-08T13:56:28.000Z</time>
      </trkpt>
      <trkpt lat="51.659159" lon="10.781457">
        <ele>513.615686</ele>
        <time>2026-04-08T13:56:29.000Z</time>
      </trkpt>
      <trkpt lat="51.659167" lon="10.781516">
        <ele>513.699919</ele>
        <time>2026-04-08T13:56:30.000Z</time>
      </trkpt>
      <trkpt lat="51.659171" lon="10.781572">
        <ele>513.778541</ele>
        <time>2026-04-08T13:56:31.000Z</time>
      </trkpt>
      <trkpt lat="51.659172" lon="10.781635">
        <ele>513.866439</ele>
        <time>2026-04-08T13:56:32.000Z</time>
      </trkpt>
      <trkpt lat="51.659172" lon="10.781696">
        <ele>513.951519</ele>
        <time>2026-04-08T13:56:33.000Z</time>
      </trkpt>
      <trkpt lat="51.659172" lon="10.781751">
        <ele>514.028230</ele>
        <time>2026-04-08T13:56:34.000Z</time>
      </trkpt>
      <trkpt lat="51.659169" lon="10.781806">
        <ele>514.105237</ele>
        <time>2026-04-08T13:56:35.000Z</time>
      </trkpt>
      <trkpt lat="51.659168" lon="10.781868">
        <ele>514.191740</ele>
        <time>2026-04-08T13:56:36.000Z</time>
      </trkpt>
      <trkpt lat="51.659174" lon="10.781925">
        <ele>514.272377</ele>
        <time>2026-04-08T13:56:37.000Z</time>
      </trkpt>
      <trkpt lat="51.659182" lon="10.781986">
        <ele>514.359338</ele>
        <time>2026-04-08T13:56:38.000Z</time>
      </trkpt>
      <trkpt lat="51.659193" lon="10.782040">
        <ele>514.438611</ele>
        <time>2026-04-08T13:56:39.000Z</time>
      </trkpt>
      <trkpt lat="51.659207" lon="10.782094">
        <ele>514.520240</ele>
        <time>2026-04-08T13:56:40.000Z</time>
      </trkpt>
      <trkpt lat="51.659222" lon="10.782146">
        <ele>514.600225</ele>
        <time>2026-04-08T13:56:41.000Z</time>
      </trkpt>
      <trkpt lat="51.659241" lon="10.782199">
        <ele>514.685602</ele>
        <time>2026-04-08T13:56:42.000Z</time>
      </trkpt>
      <trkpt lat="51.659256" lon="10.782247">
        <ele>514.760565</ele>
        <time>2026-04-08T13:56:43.000Z</time>
      </trkpt>
      <trkpt lat="51.659273" lon="10.782296">
        <ele>514.838870</ele>
        <time>2026-04-08T13:56:44.000Z</time>
      </trkpt>
      <trkpt lat="51.659293" lon="10.782346">
        <ele>514.921848</ele>
        <time>2026-04-08T13:56:45.000Z</time>
      </trkpt>
      <trkpt lat="51.659313" lon="10.782399">
        <ele>515.008372</ele>
        <time>2026-04-08T13:56:46.000Z</time>
      </trkpt>
      <trkpt lat="51.659332" lon="10.782451">
        <ele>515.092545</ele>
        <time>2026-04-08T13:56:47.000Z</time>
      </trkpt>
      <trkpt lat="51.659351" lon="10.782504">
        <ele>515.177922</ele>
        <time>2026-04-08T13:56:48.000Z</time>
      </trkpt>
      <trkpt lat="51.659366" lon="10.782552">
        <ele>515.252885</ele>
        <time>2026-04-08T13:56:49.000Z</time>
      </trkpt>
      <trkpt lat="51.659386" lon="10.782608">
        <ele>515.343010</ele>
        <time>2026-04-08T13:56:50.000Z</time>
      </trkpt>
      <trkpt lat="51.659398" lon="10.782664">
        <ele>515.425644</ele>
        <time>2026-04-08T13:56:51.000Z</time>
      </trkpt>
      <trkpt lat="51.659410" lon="10.782723">
        <ele>515.512244</ele>
        <time>2026-04-08T13:56:52.000Z</time>
      </trkpt>
      <trkpt lat="51.659421" lon="10.782786">
        <ele>515.603527</ele>
        <time>2026-04-08T13:56:53.000Z</time>
      </trkpt>
      <trkpt lat="51.659427" lon="10.782849">
        <ele>515.692425</ele>
        <time>2026-04-08T13:56:54.000Z</time>
      </trkpt>
      <trkpt lat="51.659431" lon="10.782908">
        <ele>515.775205</ele>
        <time>2026-04-08T13:56:55.000Z</time>
      </trkpt>
      <trkpt lat="51.659428" lon="10.782975">
        <ele>515.868895</ele>
        <time>2026-04-08T13:56:56.000Z</time>
      </trkpt>
      <trkpt lat="51.659425" lon="10.783039">
        <ele>515.958413</ele>
        <time>2026-04-08T13:56:57.000Z</time>
      </trkpt>
      <trkpt lat="51.659427" lon="10.783102">
        <ele>516.046397</ele>
        <time>2026-04-08T13:56:58.000Z</time>
      </trkpt>
      <trkpt lat="51.659434" lon="10.783168">
        <ele>516.139786</ele>
        <time>2026-04-08T13:56:59.000Z</time>
      </trkpt>
      <trkpt lat="51.659451" lon="10.783231">
        <ele>516.235607</ele>
        <time>2026-04-08T13:57:00.000Z</time>
      </trkpt>
      <trkpt lat="51.659474" lon="10.783279">
        <ele>516.320201</ele>
        <time>2026-04-08T13:57:01.000Z</time>
      </trkpt>
      <trkpt lat="51.659505" lon="10.783320">
        <ele>516.410357</ele>
        <time>2026-04-08T13:57:02.000Z</time>
      </trkpt>
      <trkpt lat="51.659542" lon="10.783340">
        <ele>516.498099</ele>
        <time>2026-04-08T13:57:03.000Z</time>
      </trkpt>
      <trkpt lat="51.659580" lon="10.783352">
        <ele>516.585161</ele>
        <time>2026-04-08T13:57:04.000Z</time>
      </trkpt>
      <trkpt lat="51.659618" lon="10.783364">
        <ele>516.672223</ele>
        <time>2026-04-08T13:57:05.000Z</time>
      </trkpt>
      <trkpt lat="51.659659" lon="10.783375">
        <ele>516.752368</ele>
        <time>2026-04-08T13:57:06.000Z</time>
      </trkpt>
      <trkpt lat="51.659699" lon="10.783387">
        <ele>516.737668</ele>
        <time>2026-04-08T13:57:07.000Z</time>
      </trkpt>
      <trkpt lat="51.659743" lon="10.783404">
        <ele>516.721321</ele>
        <time>2026-04-08T13:57:08.000Z</time>
      </trkpt>
      <trkpt lat="51.659782" lon="10.783427">
        <ele>516.706317</ele>
        <time>2026-04-08T13:57:09.000Z</time>
      </trkpt>
      <trkpt lat="51.659820" lon="10.783454">
        <ele>516.691313</ele>
        <time>2026-04-08T13:57:10.000Z</time>
      </trkpt>
      <trkpt lat="51.659859" lon="10.783484">
        <ele>516.675700</ele>
        <time>2026-04-08T13:57:11.000Z</time>
      </trkpt>
      <trkpt lat="51.659900" lon="10.783521">
        <ele>516.658723</ele>
        <time>2026-04-08T13:57:12.000Z</time>
      </trkpt>
      <trkpt lat="51.659937" lon="10.783558">
        <ele>516.642992</ele>
        <time>2026-04-08T13:57:13.000Z</time>
      </trkpt>
      <trkpt lat="51.659973" lon="10.783599">
        <ele>516.627067</ele>
        <time>2026-04-08T13:57:14.000Z</time>
      </trkpt>
      <trkpt lat="51.660006" lon="10.783642">
        <ele>516.611736</ele>
        <time>2026-04-08T13:57:15.000Z</time>
      </trkpt>
      <trkpt lat="51.660040" lon="10.783687">
        <ele>516.595842</ele>
        <time>2026-04-08T13:57:16.000Z</time>
      </trkpt>
      <trkpt lat="51.660073" lon="10.783737">
        <ele>516.579479</ele>
        <time>2026-04-08T13:57:17.000Z</time>
      </trkpt>
      <trkpt lat="51.660104" lon="10.783789">
        <ele>516.563315</ele>
        <time>2026-04-08T13:57:18.000Z</time>
      </trkpt>
      <trkpt lat="51.660133" lon="10.783837">
        <ele>516.548298</ele>
        <time>2026-04-08T13:57:19.000Z</time>
      </trkpt>
      <trkpt lat="51.660164" lon="10.783893">
        <ele>516.531476</ele>
        <time>2026-04-08T13:57:20.000Z</time>
      </trkpt>
      <trkpt lat="51.660191" lon="10.783943">
        <ele>516.516618</ele>
        <time>2026-04-08T13:57:21.000Z</time>
      </trkpt>
      <trkpt lat="51.660220" lon="10.783995">
        <ele>516.500947</ele>
        <time>2026-04-08T13:57:22.000Z</time>
      </trkpt>
      <trkpt lat="51.660245" lon="10.784057">
        <ele>516.484373</ele>
        <time>2026-04-08T13:57:23.000Z</time>
      </trkpt>
      <trkpt lat="51.660269" lon="10.784124">
        <ele>516.467033</ele>
        <time>2026-04-08T13:57:24.000Z</time>
      </trkpt>
      <trkpt lat="51.660289" lon="10.784186">
        <ele>516.451371</ele>
        <time>2026-04-08T13:57:25.000Z</time>
      </trkpt>
      <trkpt lat="51.660311" lon="10.784252">
        <ele>516.434578</ele>
        <time>2026-04-08T13:57:26.000Z</time>
      </trkpt>
      <trkpt lat="51.660330" lon="10.784314">
        <ele>516.419080</ele>
        <time>2026-04-08T13:57:27.000Z</time>
      </trkpt>
      <trkpt lat="51.660349" lon="10.784379">
        <ele>516.402975</ele>
        <time>2026-04-08T13:57:28.000Z</time>
      </trkpt>
      <trkpt lat="51.660366" lon="10.784445">
        <ele>516.386958</ele>
        <time>2026-04-08T13:57:29.000Z</time>
      </trkpt>
      <trkpt lat="51.660381" lon="10.784512">
        <ele>516.370994</ele>
        <time>2026-04-08T13:57:30.000Z</time>
      </trkpt>
      <trkpt lat="51.660398" lon="10.784578">
        <ele>516.354978</ele>
        <time>2026-04-08T13:57:31.000Z</time>
      </trkpt>
      <trkpt lat="51.660416" lon="10.784651">
        <ele>516.337371</ele>
        <time>2026-04-08T13:57:32.000Z</time>
      </trkpt>
      <trkpt lat="51.660434" lon="10.784726">
        <ele>516.319348</ele>
        <time>2026-04-08T13:57:33.000Z</time>
      </trkpt>
      <trkpt lat="51.660453" lon="10.784797">
        <ele>516.302018</ele>
        <time>2026-04-08T13:57:34.000Z</time>
      </trkpt>
      <trkpt lat="51.660470" lon="10.784866">
        <ele>516.285378</ele>
        <time>2026-04-08T13:57:35.000Z</time>
      </trkpt>
      <trkpt lat="51.660488" lon="10.784937">
        <ele>516.268188</ele>
        <time>2026-04-08T13:57:36.000Z</time>
      </trkpt>
      <trkpt lat="51.660503" lon="10.785003">
        <ele>516.252434</ele>
        <time>2026-04-08T13:57:37.000Z</time>
      </trkpt>
      <trkpt lat="51.660525" lon="10.785075">
        <ele>516.234446</ele>
        <time>2026-04-08T13:57:38.000Z</time>
      </trkpt>
      <trkpt lat="51.660542" lon="10.785144">
        <ele>516.217806</ele>
        <time>2026-04-08T13:57:39.000Z</time>
      </trkpt>
      <trkpt lat="51.660560" lon="10.785212">
        <ele>516.201236</ele>
        <time>2026-04-08T13:57:40.000Z</time>
      </trkpt>
      <trkpt lat="51.660579" lon="10.785283">
        <ele>516.183906</ele>
        <time>2026-04-08T13:57:41.000Z</time>
      </trkpt>
      <trkpt lat="51.660599" lon="10.785355">
        <ele>516.166225</ele>
        <time>2026-04-08T13:57:42.000Z</time>
      </trkpt>
      <trkpt lat="51.660620" lon="10.785427">
        <ele>516.148394</ele>
        <time>2026-04-08T13:57:43.000Z</time>
      </trkpt>
      <trkpt lat="51.660644" lon="10.785502">
        <ele>516.129480</ele>
        <time>2026-04-08T13:57:44.000Z</time>
      </trkpt>
      <trkpt lat="51.660670" lon="10.785579">
        <ele>516.109831</ele>
        <time>2026-04-08T13:57:45.000Z</time>
      </trkpt>
      <trkpt lat="51.660693" lon="10.785658">
        <ele>516.219328</ele>
        <time>2026-04-08T13:57:46.000Z</time>
      </trkpt>
      <trkpt lat="51.660719" lon="10.785741">
        <ele>516.389428</ele>
        <time>2026-04-08T13:57:47.000Z</time>
      </trkpt>
      <trkpt lat="51.660746" lon="10.785823">
        <ele>516.559261</ele>
        <time>2026-04-08T13:57:48.000Z</time>
      </trkpt>
      <trkpt lat="51.660771" lon="10.785902">
        <ele>516.721501</ele>
        <time>2026-04-08T13:57:49.000Z</time>
      </trkpt>
      <trkpt lat="51.660793" lon="10.785995">
        <ele>516.903584</ele>
        <time>2026-04-08T13:57:50.000Z</time>
      </trkpt>
      <trkpt lat="51.660803" lon="10.786089">
        <ele>517.078056</ele>
        <time>2026-04-08T13:57:51.000Z</time>
      </trkpt>
      <trkpt lat="51.660796" lon="10.786181">
        <ele>517.247620</ele>
        <time>2026-04-08T13:57:52.000Z</time>
      </trkpt>
      <trkpt lat="51.660775" lon="10.786272">
        <ele>517.425240</ele>
        <time>2026-04-08T13:57:53.000Z</time>
      </trkpt>
      <trkpt lat="51.660740" lon="10.786352">
        <ele>517.604328</ele>
        <time>2026-04-08T13:57:54.000Z</time>
      </trkpt>
      <trkpt lat="51.660699" lon="10.786413">
        <ele>517.768866</ele>
        <time>2026-04-08T13:57:55.000Z</time>
      </trkpt>
      <trkpt lat="51.660642" lon="10.786469">
        <ele>517.965722</ele>
        <time>2026-04-08T13:57:56.000Z</time>
      </trkpt>
      <trkpt lat="51.660580" lon="10.786514">
        <ele>518.166244</ele>
        <time>2026-04-08T13:57:57.000Z</time>
      </trkpt>
      <trkpt lat="51.660523" lon="10.786547">
        <ele>518.344854</ele>
        <time>2026-04-08T13:57:58.000Z</time>
      </trkpt>
      <trkpt lat="51.660465" lon="10.786574">
        <ele>518.522891</ele>
        <time>2026-04-08T13:57:59.000Z</time>
      </trkpt>
      <trkpt lat="51.660405" lon="10.786598">
        <ele>518.705203</ele>
        <time>2026-04-08T13:58:00.000Z</time>
      </trkpt>
      <trkpt lat="51.660354" lon="10.786617">
        <ele>518.859571</ele>
        <time>2026-04-08T13:58:01.000Z</time>
      </trkpt>
      <trkpt lat="51.660303" lon="10.786629">
        <ele>519.011569</ele>
        <time>2026-04-08T13:58:02.000Z</time>
      </trkpt>
      <trkpt lat="51.660251" lon="10.786639">
        <ele>519.166010</ele>
        <time>2026-04-08T13:58:03.000Z</time>
      </trkpt>
      <trkpt lat="51.660200" lon="10.786647">
        <ele>519.317124</ele>
        <time>2026-04-08T13:58:04.000Z</time>
      </trkpt>
      <trkpt lat="51.660152" lon="10.786651">
        <ele>519.458870</ele>
        <time>2026-04-08T13:58:05.000Z</time>
      </trkpt>
      <trkpt lat="51.660105" lon="10.786652">
        <ele>519.597490</ele>
        <time>2026-04-08T13:58:06.000Z</time>
      </trkpt>
      <trkpt lat="51.660068" lon="10.786648">
        <ele>519.706852</ele>
        <time>2026-04-08T13:58:07.000Z</time>
      </trkpt>
      <trkpt lat="51.660031" lon="10.786643">
        <ele>519.816352</ele>
        <time>2026-04-08T13:58:08.000Z</time>
      </trkpt>
      <trkpt lat="51.659992" lon="10.786637">
        <ele>519.931889</ele>
        <time>2026-04-08T13:58:09.000Z</time>
      </trkpt>
      <trkpt lat="51.659951" lon="10.786627">
        <ele>520.054179</ele>
        <time>2026-04-08T13:58:10.000Z</time>
      </trkpt>
      <trkpt lat="51.659921" lon="10.786618">
        <ele>520.144171</ele>
        <time>2026-04-08T13:58:11.000Z</time>
      </trkpt>
      <trkpt lat="51.659888" lon="10.786607">
        <ele>520.243550</ele>
        <time>2026-04-08T13:58:12.000Z</time>
      </trkpt>
      <trkpt lat="51.659858" lon="10.786597">
        <ele>520.333894</ele>
        <time>2026-04-08T13:58:13.000Z</time>
      </trkpt>
      <trkpt lat="51.659823" lon="10.786585">
        <ele>520.439422</ele>
        <time>2026-04-08T13:58:14.000Z</time>
      </trkpt>
      <trkpt lat="51.659796" lon="10.786572">
        <ele>520.522523</ele>
        <time>2026-04-08T13:58:15.000Z</time>
      </trkpt>
      <trkpt lat="51.659766" lon="10.786555">
        <ele>520.616303</ele>
        <time>2026-04-08T13:58:16.000Z</time>
      </trkpt>
      <trkpt lat="51.659735" lon="10.786537">
        <ele>520.713475</ele>
        <time>2026-04-08T13:58:17.000Z</time>
      </trkpt>
      <trkpt lat="51.659708" lon="10.786521">
        <ele>520.798311</ele>
        <time>2026-04-08T13:58:18.000Z</time>
      </trkpt>
      <trkpt lat="51.659681" lon="10.786501">
        <ele>520.885940</ele>
        <time>2026-04-08T13:58:19.000Z</time>
      </trkpt>
      <trkpt lat="51.659654" lon="10.786479">
        <ele>520.975160</ele>
        <time>2026-04-08T13:58:20.000Z</time>
      </trkpt>
      <trkpt lat="51.659629" lon="10.786457">
        <ele>521.059157</ele>
        <time>2026-04-08T13:58:21.000Z</time>
      </trkpt>
      <trkpt lat="51.659604" lon="10.786435">
        <ele>521.143155</ele>
        <time>2026-04-08T13:58:22.000Z</time>
      </trkpt>
      <trkpt lat="51.659581" lon="10.786410">
        <ele>521.224963</ele>
        <time>2026-04-08T13:58:23.000Z</time>
      </trkpt>
      <trkpt lat="51.659558" lon="10.786384">
        <ele>521.307808</ele>
        <time>2026-04-08T13:58:24.000Z</time>
      </trkpt>
      <trkpt lat="51.659536" lon="10.786356">
        <ele>521.390472</ele>
        <time>2026-04-08T13:58:25.000Z</time>
      </trkpt>
      <trkpt lat="51.659515" lon="10.786327">
        <ele>521.602881</ele>
        <time>2026-04-08T13:58:26.000Z</time>
      </trkpt>
      <trkpt lat="51.659494" lon="10.786298">
        <ele>521.853073</ele>
        <time>2026-04-08T13:58:27.000Z</time>
      </trkpt>
      <trkpt lat="51.659470" lon="10.786267">
        <ele>522.131332</ele>
        <time>2026-04-08T13:58:28.000Z</time>
      </trkpt>
      <trkpt lat="51.659450" lon="10.786236">
        <ele>522.382369</ele>
        <time>2026-04-08T13:58:29.000Z</time>
      </trkpt>
      <trkpt lat="51.659431" lon="10.786205">
        <ele>522.626965</ele>
        <time>2026-04-08T13:58:30.000Z</time>
      </trkpt>
      <trkpt lat="51.659414" lon="10.786175">
        <ele>522.855024</ele>
        <time>2026-04-08T13:58:31.000Z</time>
      </trkpt>
      <trkpt lat="51.659396" lon="10.786146">
        <ele>523.085280</ele>
        <time>2026-04-08T13:58:32.000Z</time>
      </trkpt>
      <trkpt lat="51.659378" lon="10.786116">
        <ele>523.319538</ele>
        <time>2026-04-08T13:58:33.000Z</time>
      </trkpt>
      <trkpt lat="51.659359" lon="10.786086">
        <ele>523.560173</ele>
        <time>2026-04-08T13:58:34.000Z</time>
      </trkpt>
      <trkpt lat="51.659340" lon="10.786057">
        <ele>523.796916</ele>
        <time>2026-04-08T13:58:35.000Z</time>
      </trkpt>
      <trkpt lat="51.659321" lon="10.786029">
        <ele>524.029835</ele>
        <time>2026-04-08T13:58:36.000Z</time>
      </trkpt>
      <trkpt lat="51.659299" lon="10.786002">
        <ele>524.280010</ele>
        <time>2026-04-08T13:58:37.000Z</time>
      </trkpt>
      <trkpt lat="51.659279" lon="10.785978">
        <ele>524.505602</ele>
        <time>2026-04-08T13:58:38.000Z</time>
      </trkpt>
      <trkpt lat="51.659254" lon="10.785954">
        <ele>524.768871</ele>
        <time>2026-04-08T13:58:39.000Z</time>
      </trkpt>
      <trkpt lat="51.659233" lon="10.785931">
        <ele>524.998582</ele>
        <time>2026-04-08T13:58:40.000Z</time>
      </trkpt>
      <trkpt lat="51.659209" lon="10.785915">
        <ele>525.233569</ele>
        <time>2026-04-08T13:58:41.000Z</time>
      </trkpt>
      <trkpt lat="51.659184" lon="10.785901">
        <ele>525.473026</ele>
        <time>2026-04-08T13:58:42.000Z</time>
      </trkpt>
      <trkpt lat="51.659163" lon="10.785887">
        <ele>525.678639</ele>
        <time>2026-04-08T13:58:43.000Z</time>
      </trkpt>
      <trkpt lat="51.659136" lon="10.785875">
        <ele>525.932047</ele>
        <time>2026-04-08T13:58:44.000Z</time>
      </trkpt>
      <trkpt lat="51.659108" lon="10.785866">
        <ele>526.190376</ele>
        <time>2026-04-08T13:58:45.000Z</time>
      </trkpt>
      <trkpt lat="51.659085" lon="10.785859">
        <ele>526.402154</ele>
        <time>2026-04-08T13:58:46.000Z</time>
      </trkpt>
      <trkpt lat="51.659060" lon="10.785853">
        <ele>526.630844</ele>
        <time>2026-04-08T13:58:47.000Z</time>
      </trkpt>
      <trkpt lat="51.659036" lon="10.785846">
        <ele>526.851519</ele>
        <time>2026-04-08T13:58:48.000Z</time>
      </trkpt>
      <trkpt lat="51.659013" lon="10.785840">
        <ele>527.062328</ele>
        <time>2026-04-08T13:58:49.000Z</time>
      </trkpt>
      <trkpt lat="51.658986" lon="10.785834">
        <ele>527.308932</ele>
        <time>2026-04-08T13:58:50.000Z</time>
      </trkpt>
      <trkpt lat="51.658963" lon="10.785830">
        <ele>527.518241</ele>
        <time>2026-04-08T13:58:51.000Z</time>
      </trkpt>
      <trkpt lat="51.658938" lon="10.785822">
        <ele>527.748852</ele>
        <time>2026-04-08T13:58:52.000Z</time>
      </trkpt>
      <trkpt lat="51.658914" lon="10.785815">
        <ele>527.969527</ele>
        <time>2026-04-08T13:58:53.000Z</time>
      </trkpt>
      <trkpt lat="51.658890" lon="10.785808">
        <ele>528.190202</ele>
        <time>2026-04-08T13:58:54.000Z</time>
      </trkpt>
      <trkpt lat="51.658866" lon="10.785800">
        <ele>528.411946</ele>
        <time>2026-04-08T13:58:55.000Z</time>
      </trkpt>
      <trkpt lat="51.658841" lon="10.785793">
        <ele>528.641530</ele>
        <time>2026-04-08T13:58:56.000Z</time>
      </trkpt>
      <trkpt lat="51.658815" lon="10.785786">
        <ele>528.880034</ele>
        <time>2026-04-08T13:58:57.000Z</time>
      </trkpt>
      <trkpt lat="51.658791" lon="10.785779">
        <ele>529.100709</ele>
        <time>2026-04-08T13:58:58.000Z</time>
      </trkpt>
      <trkpt lat="51.658769" lon="10.785769">
        <ele>529.307525</ele>
        <time>2026-04-08T13:58:59.000Z</time>
      </trkpt>
      <trkpt lat="51.658745" lon="10.785760">
        <ele>529.530472</ele>
        <time>2026-04-08T13:59:00.000Z</time>
      </trkpt>
      <trkpt lat="51.658724" lon="10.785751">
        <ele>529.727079</ele>
        <time>2026-04-08T13:59:01.000Z</time>
      </trkpt>
      <trkpt lat="51.658700" lon="10.785740">
        <ele>529.952835</ele>
        <time>2026-04-08T13:59:02.000Z</time>
      </trkpt>
      <trkpt lat="51.658674" lon="10.785729">
        <ele>530.196047</ele>
        <time>2026-04-08T13:59:03.000Z</time>
      </trkpt>
      <trkpt lat="51.658651" lon="10.785715">
        <ele>530.418490</ele>
        <time>2026-04-08T13:59:04.000Z</time>
      </trkpt>
      <trkpt lat="51.658628" lon="10.785700">
        <ele>530.642978</ele>
        <time>2026-04-08T13:59:05.000Z</time>
      </trkpt>
      <trkpt lat="51.658605" lon="10.785683">
        <ele>530.871912</ele>
        <time>2026-04-08T13:59:06.000Z</time>
      </trkpt>
      <trkpt lat="51.658580" lon="10.785668">
        <ele>531.113270</ele>
        <time>2026-04-08T13:59:07.000Z</time>
      </trkpt>
      <trkpt lat="51.658555" lon="10.785653">
        <ele>531.354628</ele>
        <time>2026-04-08T13:59:08.000Z</time>
      </trkpt>
      <trkpt lat="51.658535" lon="10.785639">
        <ele>531.551910</ele>
        <time>2026-04-08T13:59:09.000Z</time>
      </trkpt>
      <trkpt lat="51.658513" lon="10.785625">
        <ele>531.765913</ele>
        <time>2026-04-08T13:59:10.000Z</time>
      </trkpt>
      <trkpt lat="51.658491" lon="10.785611">
        <ele>531.979916</ele>
        <time>2026-04-08T13:59:11.000Z</time>
      </trkpt>
      <trkpt lat="51.658467" lon="10.785596">
        <ele>532.212816</ele>
        <time>2026-04-08T13:59:12.000Z</time>
      </trkpt>
      <trkpt lat="51.658444" lon="10.785582">
        <ele>532.435259</ele>
        <time>2026-04-08T13:59:13.000Z</time>
      </trkpt>
      <trkpt lat="51.658421" lon="10.785569">
        <ele>532.655782</ele>
        <time>2026-04-08T13:59:14.000Z</time>
      </trkpt>
      <trkpt lat="51.658398" lon="10.785555">
        <ele>532.878225</ele>
        <time>2026-04-08T13:59:15.000Z</time>
      </trkpt>
      <trkpt lat="51.658375" lon="10.785544">
        <ele>533.095293</ele>
        <time>2026-04-08T13:59:16.000Z</time>
      </trkpt>
      <trkpt lat="51.658352" lon="10.785531">
        <ele>533.315816</ele>
        <time>2026-04-08T13:59:17.000Z</time>
      </trkpt>
      <trkpt lat="51.658329" lon="10.785521">
        <ele>533.531354</ele>
        <time>2026-04-08T13:59:18.000Z</time>
      </trkpt>
      <trkpt lat="51.658308" lon="10.785515">
        <ele>533.724321</ele>
        <time>2026-04-08T13:59:19.000Z</time>
      </trkpt>
      <trkpt lat="51.658281" lon="10.785507">
        <ele>533.972707</ele>
        <time>2026-04-08T13:59:20.000Z</time>
      </trkpt>
      <trkpt lat="51.658258" lon="10.785497">
        <ele>534.188245</ele>
        <time>2026-04-08T13:59:21.000Z</time>
      </trkpt>
      <trkpt lat="51.658235" lon="10.785486">
        <ele>534.405313</ele>
        <time>2026-04-08T13:59:22.000Z</time>
      </trkpt>
      <trkpt lat="51.658209" lon="10.785478">
        <ele>534.644805</ele>
        <time>2026-04-08T13:59:23.000Z</time>
      </trkpt>
      <trkpt lat="51.658184" lon="10.785471">
        <ele>534.874389</ele>
        <time>2026-04-08T13:59:24.000Z</time>
      </trkpt>
      <trkpt lat="51.658160" lon="10.785466">
        <ele>535.093345</ele>
        <time>2026-04-08T13:59:25.000Z</time>
      </trkpt>
      <trkpt lat="51.658132" lon="10.785460">
        <ele>535.348915</ele>
        <time>2026-04-08T13:59:26.000Z</time>
      </trkpt>
      <trkpt lat="51.658106" lon="10.785453">
        <ele>535.587418</ele>
        <time>2026-04-08T13:59:27.000Z</time>
      </trkpt>
      <trkpt lat="51.658082" lon="10.785449">
        <ele>535.805725</ele>
        <time>2026-04-08T13:59:28.000Z</time>
      </trkpt>
      <trkpt lat="51.658056" lon="10.785444">
        <ele>536.042639</ele>
        <time>2026-04-08T13:59:29.000Z</time>
      </trkpt>
      <trkpt lat="51.658032" lon="10.785441">
        <ele>536.260440</ele>
        <time>2026-04-08T13:59:30.000Z</time>
      </trkpt>
      <trkpt lat="51.658010" lon="10.785439">
        <ele>536.459810</ele>
        <time>2026-04-08T13:59:31.000Z</time>
      </trkpt>
      <trkpt lat="51.657986" lon="10.785439">
        <ele>536.676960</ele>
        <time>2026-04-08T13:59:32.000Z</time>
      </trkpt>
      <trkpt lat="51.657961" lon="10.785439">
        <ele>536.903157</ele>
        <time>2026-04-08T13:59:33.000Z</time>
      </trkpt>
      <trkpt lat="51.657937" lon="10.785439">
        <ele>537.120306</ele>
        <time>2026-04-08T13:59:34.000Z</time>
      </trkpt>
      <trkpt lat="51.657912" lon="10.785439">
        <ele>537.346504</ele>
        <time>2026-04-08T13:59:35.000Z</time>
      </trkpt>
      <trkpt lat="51.657887" lon="10.785437">
        <ele>537.572980</ele>
        <time>2026-04-08T13:59:36.000Z</time>
      </trkpt>
      <trkpt lat="51.657866" lon="10.785438">
        <ele>537.762177</ele>
        <time>2026-04-08T13:59:37.000Z</time>
      </trkpt>
      <trkpt lat="51.657839" lon="10.785441">
        <ele>538.004336</ele>
        <time>2026-04-08T13:59:38.000Z</time>
      </trkpt>
      <trkpt lat="51.657815" lon="10.785443">
        <ele>538.219365</ele>
        <time>2026-04-08T13:59:39.000Z</time>
      </trkpt>
      <trkpt lat="51.657793" lon="10.785445">
        <ele>538.416525</ele>
        <time>2026-04-08T13:59:40.000Z</time>
      </trkpt>
      <trkpt lat="51.657772" lon="10.785447">
        <ele>538.604752</ele>
        <time>2026-04-08T13:59:41.000Z</time>
      </trkpt>
      <trkpt lat="51.657746" lon="10.785451">
        <ele>538.838447</ele>
        <time>2026-04-08T13:59:42.000Z</time>
      </trkpt>
      <trkpt lat="51.657724" lon="10.785453">
        <ele>539.035607</ele>
        <time>2026-04-08T13:59:43.000Z</time>
      </trkpt>
      <trkpt lat="51.657697" lon="10.785456">
        <ele>539.277766</ele>
        <time>2026-04-08T13:59:44.000Z</time>
      </trkpt>
      <trkpt lat="51.657673" lon="10.785458">
        <ele>539.492795</ele>
        <time>2026-04-08T13:59:45.000Z</time>
      </trkpt>
      <trkpt lat="51.657651" lon="10.785461">
        <ele>539.690345</ele>
        <time>2026-04-08T13:59:46.000Z</time>
      </trkpt>
      <trkpt lat="51.657626" lon="10.785463">
        <ele>539.914311</ele>
        <time>2026-04-08T13:59:47.000Z</time>
      </trkpt>
      <trkpt lat="51.657602" lon="10.785466">
        <ele>540.129698</ele>
        <time>2026-04-08T13:59:48.000Z</time>
      </trkpt>
      <trkpt lat="51.657576" lon="10.785469">
        <ele>540.362931</ele>
        <time>2026-04-08T13:59:49.000Z</time>
      </trkpt>
      <trkpt lat="51.657549" lon="10.785474">
        <ele>540.606105</ele>
        <time>2026-04-08T13:59:50.000Z</time>
      </trkpt>
      <trkpt lat="51.657526" lon="10.785478">
        <ele>540.813094</ele>
        <time>2026-04-08T13:59:51.000Z</time>
      </trkpt>
      <trkpt lat="51.657503" lon="10.785484">
        <ele>541.021566</ele>
        <time>2026-04-08T13:59:52.000Z</time>
      </trkpt>
      <trkpt lat="51.657476" lon="10.785489">
        <ele>541.264741</ele>
        <time>2026-04-08T13:59:53.000Z</time>
      </trkpt>
      <trkpt lat="51.657453" lon="10.785494">
        <ele>541.472399</ele>
        <time>2026-04-08T13:59:54.000Z</time>
      </trkpt>
      <trkpt lat="51.657432" lon="10.785498">
        <ele>541.661606</ele>
        <time>2026-04-08T13:59:55.000Z</time>
      </trkpt>
      <trkpt lat="51.657407" lon="10.785503">
        <ele>541.887011</ele>
        <time>2026-04-08T13:59:56.000Z</time>
      </trkpt>
      <trkpt lat="51.657381" lon="10.785507">
        <ele>542.120706</ele>
        <time>2026-04-08T13:59:57.000Z</time>
      </trkpt>
      <trkpt lat="51.657357" lon="10.785512">
        <ele>542.337234</ele>
        <time>2026-04-08T13:59:58.000Z</time>
      </trkpt>
      <trkpt lat="51.657335" lon="10.785517">
        <ele>542.536028</ele>
        <time>2026-04-08T13:59:59.000Z</time>
      </trkpt>
      <trkpt lat="51.657310" lon="10.785523">
        <ele>542.762184</ele>
        <time>2026-04-08T14:00:00.000Z</time>
      </trkpt>
      <trkpt lat="51.657286" lon="10.785526">
        <ele>542.977571</ele>
        <time>2026-04-08T14:00:01.000Z</time>
      </trkpt>
      <trkpt lat="51.657262" lon="10.785532">
        <ele>543.194881</ele>
        <time>2026-04-08T14:00:02.000Z</time>
      </trkpt>
      <trkpt lat="51.657239" lon="10.785536">
        <ele>543.401870</ele>
        <time>2026-04-08T14:00:03.000Z</time>
      </trkpt>
      <trkpt lat="51.657217" lon="10.785543">
        <ele>543.602516</ele>
        <time>2026-04-08T14:00:04.000Z</time>
      </trkpt>
      <trkpt lat="51.657193" lon="10.785549">
        <ele>543.819825</ele>
        <time>2026-04-08T14:00:05.000Z</time>
      </trkpt>
      <trkpt lat="51.657167" lon="10.785554">
        <ele>544.054113</ele>
        <time>2026-04-08T14:00:06.000Z</time>
      </trkpt>
      <trkpt lat="51.657144" lon="10.785559">
        <ele>544.261771</ele>
        <time>2026-04-08T14:00:07.000Z</time>
      </trkpt>
      <trkpt lat="51.657121" lon="10.785563">
        <ele>544.468760</ele>
        <time>2026-04-08T14:00:08.000Z</time>
      </trkpt>
      <trkpt lat="51.657094" lon="10.785570">
        <ele>544.713450</ele>
        <time>2026-04-08T14:00:09.000Z</time>
      </trkpt>
      <trkpt lat="51.657072" lon="10.785576">
        <ele>544.913095</ele>
        <time>2026-04-08T14:00:10.000Z</time>
      </trkpt>
      <trkpt lat="51.657045" lon="10.785584">
        <ele>545.158727</ele>
        <time>2026-04-08T14:00:11.000Z</time>
      </trkpt>
      <trkpt lat="51.657022" lon="10.785591">
        <ele>545.368158</ele>
        <time>2026-04-08T14:00:12.000Z</time>
      </trkpt>
      <trkpt lat="51.656997" lon="10.785599">
        <ele>545.596213</ele>
        <time>2026-04-08T14:00:13.000Z</time>
      </trkpt>
      <trkpt lat="51.656972" lon="10.785610">
        <ele>545.828087</ele>
        <time>2026-04-08T14:00:14.000Z</time>
      </trkpt>
      <trkpt lat="51.656948" lon="10.785618">
        <ele>546.047373</ele>
        <time>2026-04-08T14:00:15.000Z</time>
      </trkpt>
      <trkpt lat="51.656926" lon="10.785628">
        <ele>546.251897</ele>
        <time>2026-04-08T14:00:16.000Z</time>
      </trkpt>
      <trkpt lat="51.656906" lon="10.785641">
        <ele>546.444850</ele>
        <time>2026-04-08T14:00:17.000Z</time>
      </trkpt>
      <trkpt lat="51.656884" lon="10.785651">
        <ele>546.649374</ele>
        <time>2026-04-08T14:00:18.000Z</time>
      </trkpt>
      <trkpt lat="51.656862" lon="10.785661">
        <ele>546.853898</ele>
        <time>2026-04-08T14:00:19.000Z</time>
      </trkpt>
      <trkpt lat="51.656841" lon="10.785674">
        <ele>547.055177</ele>
        <time>2026-04-08T14:00:20.000Z</time>
      </trkpt>
      <trkpt lat="51.656819" lon="10.785686">
        <ele>547.262989</ele>
        <time>2026-04-08T14:00:21.000Z</time>
      </trkpt>
      <trkpt lat="51.656797" lon="10.785699">
        <ele>547.472646</ele>
        <time>2026-04-08T14:00:22.000Z</time>
      </trkpt>
      <trkpt lat="51.656773" lon="10.785713">
        <ele>547.701017</ele>
        <time>2026-04-08T14:00:23.000Z</time>
      </trkpt>
      <trkpt lat="51.656751" lon="10.785725">
        <ele>547.908829</ele>
        <time>2026-04-08T14:00:24.000Z</time>
      </trkpt>
      <trkpt lat="51.656732" lon="10.785738">
        <ele>548.093515</ele>
        <time>2026-04-08T14:00:25.000Z</time>
      </trkpt>
      <trkpt lat="51.656706" lon="10.785751">
        <ele>548.337087</ele>
        <time>2026-04-08T14:00:26.000Z</time>
      </trkpt>
      <trkpt lat="51.656685" lon="10.785762">
        <ele>548.534659</ele>
        <time>2026-04-08T14:00:27.000Z</time>
      </trkpt>
      <trkpt lat="51.656664" lon="10.785774">
        <ele>548.734016</ele>
        <time>2026-04-08T14:00:28.000Z</time>
      </trkpt>
      <trkpt lat="51.656637" lon="10.785785">
        <ele>548.983198</ele>
        <time>2026-04-08T14:00:29.000Z</time>
      </trkpt>
      <trkpt lat="51.656614" lon="10.785795">
        <ele>549.196347</ele>
        <time>2026-04-08T14:00:30.000Z</time>
      </trkpt>
      <trkpt lat="51.656592" lon="10.785806">
        <ele>549.402447</ele>
        <time>2026-04-08T14:00:31.000Z</time>
      </trkpt>
      <trkpt lat="51.656572" lon="10.785816">
        <ele>549.589810</ele>
        <time>2026-04-08T14:00:32.000Z</time>
      </trkpt>
      <trkpt lat="51.656547" lon="10.785825">
        <ele>549.819011</ele>
        <time>2026-04-08T14:00:33.000Z</time>
      </trkpt>
      <trkpt lat="51.656526" lon="10.785833">
        <ele>550.012087</ele>
        <time>2026-04-08T14:00:34.000Z</time>
      </trkpt>
      <trkpt lat="51.656503" lon="10.785841">
        <ele>550.222618</ele>
        <time>2026-04-08T14:00:35.000Z</time>
      </trkpt>
      <trkpt lat="51.656481" lon="10.785849">
        <ele>550.424412</ele>
        <time>2026-04-08T14:00:36.000Z</time>
      </trkpt>
      <trkpt lat="51.656455" lon="10.785859">
        <ele>550.663581</ele>
        <time>2026-04-08T14:00:37.000Z</time>
      </trkpt>
      <trkpt lat="51.656434" lon="10.785867">
        <ele>550.856657</ele>
        <time>2026-04-08T14:00:38.000Z</time>
      </trkpt>
      <trkpt lat="51.656411" lon="10.785875">
        <ele>551.067188</ele>
        <time>2026-04-08T14:00:39.000Z</time>
      </trkpt>
      <trkpt lat="51.656389" lon="10.785883">
        <ele>551.268982</ele>
        <time>2026-04-08T14:00:40.000Z</time>
      </trkpt>
      <trkpt lat="51.656364" lon="10.785890">
        <ele>551.496022</ele>
        <time>2026-04-08T14:00:41.000Z</time>
      </trkpt>
      <trkpt lat="51.656339" lon="10.785898">
        <ele>551.724077</ele>
        <time>2026-04-08T14:00:42.000Z</time>
      </trkpt>
      <trkpt lat="51.656316" lon="10.785908">
        <ele>551.937227</ele>
        <time>2026-04-08T14:00:43.000Z</time>
      </trkpt>
      <trkpt lat="51.656290" lon="10.785918">
        <ele>552.176395</ele>
        <time>2026-04-08T14:00:44.000Z</time>
      </trkpt>
      <trkpt lat="51.656265" lon="10.785930">
        <ele>552.409792</ele>
        <time>2026-04-08T14:00:45.000Z</time>
      </trkpt>
      <trkpt lat="51.656243" lon="10.785942">
        <ele>552.617604</ele>
        <time>2026-04-08T14:00:46.000Z</time>
      </trkpt>
      <trkpt lat="51.656217" lon="10.785956">
        <ele>552.862879</ele>
        <time>2026-04-08T14:00:47.000Z</time>
      </trkpt>
      <trkpt lat="51.656191" lon="10.785969">
        <ele>553.106452</ele>
        <time>2026-04-08T14:00:48.000Z</time>
      </trkpt>
      <trkpt lat="51.656168" lon="10.785981">
        <ele>553.322758</ele>
        <time>2026-04-08T14:00:49.000Z</time>
      </trkpt>
      <trkpt lat="51.656142" lon="10.785997">
        <ele>553.571773</ele>
        <time>2026-04-08T14:00:50.000Z</time>
      </trkpt>
      <trkpt lat="51.656118" lon="10.786013">
        <ele>553.790868</ele>
        <time>2026-04-08T14:00:51.000Z</time>
      </trkpt>
      <trkpt lat="51.656096" lon="10.786030">
        <ele>553.905321</ele>
        <time>2026-04-08T14:00:52.000Z</time>
      </trkpt>
      <trkpt lat="51.656073" lon="10.786046">
        <ele>554.022839</ele>
        <time>2026-04-08T14:00:53.000Z</time>
      </trkpt>
      <trkpt lat="51.656049" lon="10.786063">
        <ele>554.145819</ele>
        <time>2026-04-08T14:00:54.000Z</time>
      </trkpt>
      <trkpt lat="51.656026" lon="10.786078">
        <ele>554.262214</ele>
        <time>2026-04-08T14:00:55.000Z</time>
      </trkpt>
      <trkpt lat="51.656004" lon="10.786095">
        <ele>554.376667</ele>
        <time>2026-04-08T14:00:56.000Z</time>
      </trkpt>
      <trkpt lat="51.655983" lon="10.786113">
        <ele>554.488245</ele>
        <time>2026-04-08T14:00:57.000Z</time>
      </trkpt>
      <trkpt lat="51.655962" lon="10.786130">
        <ele>554.598486</ele>
        <time>2026-04-08T14:00:58.000Z</time>
      </trkpt>
      <trkpt lat="51.655938" lon="10.786151">
        <ele>554.726594</ele>
        <time>2026-04-08T14:00:59.000Z</time>
      </trkpt>
      <trkpt lat="51.655918" lon="10.786171">
        <ele>554.837007</ele>
        <time>2026-04-08T14:01:00.000Z</time>
      </trkpt>
      <trkpt lat="51.655897" lon="10.786190">
        <ele>554.949981</ele>
        <time>2026-04-08T14:01:01.000Z</time>
      </trkpt>
      <trkpt lat="51.655873" lon="10.786212">
        <ele>555.079503</ele>
        <time>2026-04-08T14:01:02.000Z</time>
      </trkpt>
      <trkpt lat="51.655847" lon="10.786235">
        <ele>555.218635</ele>
        <time>2026-04-08T14:01:03.000Z</time>
      </trkpt>
      <trkpt lat="51.655824" lon="10.786256">
        <ele>555.342640</ele>
        <time>2026-04-08T14:01:04.000Z</time>
      </trkpt>
      <trkpt lat="51.655800" lon="10.786281">
        <ele>555.476693</ele>
        <time>2026-04-08T14:01:05.000Z</time>
      </trkpt>
      <trkpt lat="51.655778" lon="10.786305">
        <ele>555.601315</ele>
        <time>2026-04-08T14:01:06.000Z</time>
      </trkpt>
      <trkpt lat="51.655756" lon="10.786330">
        <ele>555.727590</ele>
        <time>2026-04-08T14:01:07.000Z</time>
      </trkpt>
      <trkpt lat="51.655730" lon="10.786357">
        <ele>555.872683</ele>
        <time>2026-04-08T14:01:08.000Z</time>
      </trkpt>
      <trkpt lat="51.655705" lon="10.786385">
        <ele>556.015495</ele>
        <time>2026-04-08T14:01:09.000Z</time>
      </trkpt>
      <trkpt lat="51.655683" lon="10.786412">
        <ele>556.145212</ele>
        <time>2026-04-08T14:01:10.000Z</time>
      </trkpt>
      <trkpt lat="51.655660" lon="10.786440">
        <ele>556.280425</ele>
        <time>2026-04-08T14:01:11.000Z</time>
      </trkpt>
      <trkpt lat="51.655633" lon="10.786466">
        <ele>556.427969</ele>
        <time>2026-04-08T14:01:12.000Z</time>
      </trkpt>
      <trkpt lat="51.655610" lon="10.786491">
        <ele>556.558107</ele>
        <time>2026-04-08T14:01:13.000Z</time>
      </trkpt>
      <trkpt lat="51.655587" lon="10.786518">
        <ele>556.691587</ele>
        <time>2026-04-08T14:01:14.000Z</time>
      </trkpt>
      <trkpt lat="51.655560" lon="10.786545">
        <ele>556.840645</ele>
        <time>2026-04-08T14:01:15.000Z</time>
      </trkpt>
      <trkpt lat="51.655538" lon="10.786572">
        <ele>556.970362</ele>
        <time>2026-04-08T14:01:16.000Z</time>
      </trkpt>
      <trkpt lat="51.655510" lon="10.786602">
        <ele>557.128087</ele>
        <time>2026-04-08T14:01:17.000Z</time>
      </trkpt>
      <trkpt lat="51.655487" lon="10.786631">
        <ele>557.265074</ele>
        <time>2026-04-08T14:01:18.000Z</time>
      </trkpt>
      <trkpt lat="51.655462" lon="10.786662">
        <ele>557.413042</ele>
        <time>2026-04-08T14:01:19.000Z</time>
      </trkpt>
      <trkpt lat="51.655435" lon="10.786695">
        <ele>557.572000</ele>
        <time>2026-04-08T14:01:20.000Z</time>
      </trkpt>
      <trkpt lat="51.655412" lon="10.786727">
        <ele>557.714533</ele>
        <time>2026-04-08T14:01:21.000Z</time>
      </trkpt>
      <trkpt lat="51.655386" lon="10.786763">
        <ele>557.875327</ele>
        <time>2026-04-08T14:01:22.000Z</time>
      </trkpt>
      <trkpt lat="51.655362" lon="10.786801">
        <ele>558.033148</ele>
        <time>2026-04-08T14:01:23.000Z</time>
      </trkpt>
      <trkpt lat="51.655342" lon="10.786838">
        <ele>558.175973</ele>
        <time>2026-04-08T14:01:24.000Z</time>
      </trkpt>
      <trkpt lat="51.655317" lon="10.786872">
        <ele>558.329421</ele>
        <time>2026-04-08T14:01:25.000Z</time>
      </trkpt>
      <trkpt lat="51.655296" lon="10.786910">
        <ele>558.477531</ele>
        <time>2026-04-08T14:01:26.000Z</time>
      </trkpt>
      <trkpt lat="51.655274" lon="10.786950">
        <ele>558.633108</ele>
        <time>2026-04-08T14:01:27.000Z</time>
      </trkpt>
      <trkpt lat="51.655252" lon="10.786986">
        <ele>558.780177</ele>
        <time>2026-04-08T14:01:28.000Z</time>
      </trkpt>
      <trkpt lat="51.655231" lon="10.787027">
        <ele>558.934916</ele>
        <time>2026-04-08T14:01:29.000Z</time>
      </trkpt>
      <trkpt lat="51.655209" lon="10.787064">
        <ele>559.084072</ele>
        <time>2026-04-08T14:01:30.000Z</time>
      </trkpt>
      <trkpt lat="51.655190" lon="10.787100">
        <ele>559.221630</ele>
        <time>2026-04-08T14:01:31.000Z</time>
      </trkpt>
      <trkpt lat="51.655168" lon="10.787137">
        <ele>559.370787</ele>
        <time>2026-04-08T14:01:32.000Z</time>
      </trkpt>
      <trkpt lat="51.655145" lon="10.787175">
        <ele>559.525297</ele>
        <time>2026-04-08T14:01:33.000Z</time>
      </trkpt>
      <trkpt lat="51.655122" lon="10.787213">
        <ele>559.679806</ele>
        <time>2026-04-08T14:01:34.000Z</time>
      </trkpt>
      <trkpt lat="51.655098" lon="10.787251">
        <ele>559.837628</ele>
        <time>2026-04-08T14:01:35.000Z</time>
      </trkpt>
      <trkpt lat="51.655079" lon="10.787284">
        <ele>559.968659</ele>
        <time>2026-04-08T14:01:36.000Z</time>
      </trkpt>
      <trkpt lat="51.655057" lon="10.787320">
        <ele>560.115728</ele>
        <time>2026-04-08T14:01:37.000Z</time>
      </trkpt>
      <trkpt lat="51.655034" lon="10.787353">
        <ele>560.260179</ele>
        <time>2026-04-08T14:01:38.000Z</time>
      </trkpt>
      <trkpt lat="51.655014" lon="10.787393">
        <ele>560.409698</ele>
        <time>2026-04-08T14:01:39.000Z</time>
      </trkpt>
      <trkpt lat="51.654992" lon="10.787432">
        <ele>560.563110</ele>
        <time>2026-04-08T14:01:40.000Z</time>
      </trkpt>
      <trkpt lat="51.654975" lon="10.787481">
        <ele>560.726504</ele>
        <time>2026-04-08T14:01:41.000Z</time>
      </trkpt>
      <trkpt lat="51.654960" lon="10.787532">
        <ele>560.890771</ele>
        <time>2026-04-08T14:01:42.000Z</time>
      </trkpt>
      <trkpt lat="51.654948" lon="10.787586">
        <ele>561.057711</ele>
        <time>2026-04-08T14:01:43.000Z</time>
      </trkpt>
      <trkpt lat="51.654936" lon="10.787644">
        <ele>561.235654</ele>
        <time>2026-04-08T14:01:44.000Z</time>
      </trkpt>
      <trkpt lat="51.654931" lon="10.787706">
        <ele>561.417618</ele>
        <time>2026-04-08T14:01:45.000Z</time>
      </trkpt>
      <trkpt lat="51.654927" lon="10.787762">
        <ele>561.581678</ele>
        <time>2026-04-08T14:01:46.000Z</time>
      </trkpt>
      <trkpt lat="51.654926" lon="10.787823">
        <ele>561.759275</ele>
        <time>2026-04-08T14:01:47.000Z</time>
      </trkpt>
      <trkpt lat="51.654929" lon="10.787879">
        <ele>561.922865</ele>
        <time>2026-04-08T14:01:48.000Z</time>
      </trkpt>
      <trkpt lat="51.654930" lon="10.787933">
        <ele>562.080097</ele>
        <time>2026-04-08T14:01:49.000Z</time>
      </trkpt>
      <trkpt lat="51.654939" lon="10.787983">
        <ele>562.227658</ele>
        <time>2026-04-08T14:01:50.000Z</time>
      </trkpt>
      <trkpt lat="51.654948" lon="10.788035">
        <ele>562.349363</ele>
        <time>2026-04-08T14:01:51.000Z</time>
      </trkpt>
      <trkpt lat="51.654955" lon="10.788082">
        <ele>562.458329</ele>
        <time>2026-04-08T14:01:52.000Z</time>
      </trkpt>
      <trkpt lat="51.654966" lon="10.788137">
        <ele>562.588604</ele>
        <time>2026-04-08T14:01:53.000Z</time>
      </trkpt>
      <trkpt lat="51.654974" lon="10.788190">
        <ele>562.711572</ele>
        <time>2026-04-08T14:01:54.000Z</time>
      </trkpt>
      <trkpt lat="51.654985" lon="10.788243">
        <ele>562.837563</ele>
        <time>2026-04-08T14:01:55.000Z</time>
      </trkpt>
      <trkpt lat="51.654996" lon="10.788299">
        <ele>562.969985</ele>
        <time>2026-04-08T14:01:56.000Z</time>
      </trkpt>
      <trkpt lat="51.655008" lon="10.788357">
        <ele>563.107819</ele>
        <time>2026-04-08T14:01:57.000Z</time>
      </trkpt>
      <trkpt lat="51.655019" lon="10.788411">
        <ele>563.235950</ele>
        <time>2026-04-08T14:01:58.000Z</time>
      </trkpt>
      <trkpt lat="51.655028" lon="10.788471">
        <ele>563.375110</ele>
        <time>2026-04-08T14:01:59.000Z</time>
      </trkpt>
      <trkpt lat="51.655035" lon="10.788528">
        <ele>563.506103</ele>
        <time>2026-04-08T14:02:00.000Z</time>
      </trkpt>
      <trkpt lat="51.655046" lon="10.788584">
        <ele>563.638525</ele>
        <time>2026-04-08T14:02:01.000Z</time>
      </trkpt>
      <trkpt lat="51.655054" lon="10.788644">
        <ele>563.776877</ele>
        <time>2026-04-08T14:02:02.000Z</time>
      </trkpt>
      <trkpt lat="51.655062" lon="10.788703">
        <ele>563.913025</ele>
        <time>2026-04-08T14:02:03.000Z</time>
      </trkpt>
      <trkpt lat="51.655073" lon="10.788757">
        <ele>564.041155</ele>
        <time>2026-04-08T14:02:04.000Z</time>
      </trkpt>
      <trkpt lat="51.655078" lon="10.788815">
        <ele>564.173166</ele>
        <time>2026-04-08T14:02:05.000Z</time>
      </trkpt>
      <trkpt lat="51.655085" lon="10.788868">
        <ele>564.295325</ele>
        <time>2026-04-08T14:02:06.000Z</time>
      </trkpt>
      <trkpt lat="51.655092" lon="10.788920">
        <ele>564.415281</ele>
        <time>2026-04-08T14:02:07.000Z</time>
      </trkpt>
      <trkpt lat="51.655100" lon="10.788974">
        <ele>564.540440</ele>
        <time>2026-04-08T14:02:08.000Z</time>
      </trkpt>
      <trkpt lat="51.655108" lon="10.789029">
        <ele>564.667793</ele>
        <time>2026-04-08T14:02:09.000Z</time>
      </trkpt>
      <trkpt lat="51.655112" lon="10.789077">
        <ele>564.776975</ele>
        <time>2026-04-08T14:02:10.000Z</time>
      </trkpt>
      <trkpt lat="51.655119" lon="10.789126">
        <ele>564.890330</ele>
        <time>2026-04-08T14:02:11.000Z</time>
      </trkpt>
      <trkpt lat="51.655127" lon="10.789176">
        <ele>565.006737</ele>
        <time>2026-04-08T14:02:12.000Z</time>
      </trkpt>
      <trkpt lat="51.655132" lon="10.789226">
        <ele>565.120911</ele>
        <time>2026-04-08T14:02:13.000Z</time>
      </trkpt>
      <trkpt lat="51.655138" lon="10.789274">
        <ele>565.231296</ele>
        <time>2026-04-08T14:02:14.000Z</time>
      </trkpt>
      <trkpt lat="51.655146" lon="10.789322">
        <ele>565.343342</ele>
        <time>2026-04-08T14:02:15.000Z</time>
      </trkpt>
      <trkpt lat="51.655150" lon="10.789369">
        <ele>565.450290</ele>
        <time>2026-04-08T14:02:16.000Z</time>
      </trkpt>
      <trkpt lat="51.655158" lon="10.789415">
        <ele>565.557989</ele>
        <time>2026-04-08T14:02:17.000Z</time>
      </trkpt>
      <trkpt lat="51.655168" lon="10.789459">
        <ele>565.663628</ele>
        <time>2026-04-08T14:02:18.000Z</time>
      </trkpt>
      <trkpt lat="51.655179" lon="10.789500">
        <ele>565.764330</ele>
        <time>2026-04-08T14:02:19.000Z</time>
      </trkpt>
      <trkpt lat="51.655191" lon="10.789540">
        <ele>565.864495</ele>
        <time>2026-04-08T14:02:20.000Z</time>
      </trkpt>
      <trkpt lat="51.655205" lon="10.789580">
        <ele>565.968030</ele>
        <time>2026-04-08T14:02:21.000Z</time>
      </trkpt>
      <trkpt lat="51.655220" lon="10.789615">
        <ele>566.063929</ele>
        <time>2026-04-08T14:02:22.000Z</time>
      </trkpt>
      <trkpt lat="51.655236" lon="10.789645">
        <ele>566.153116</ele>
        <time>2026-04-08T14:02:23.000Z</time>
      </trkpt>
      <trkpt lat="51.655248" lon="10.789665">
        <ele>566.215840</ele>
        <time>2026-04-08T14:02:24.000Z</time>
      </trkpt>
      <trkpt lat="51.655260" lon="10.789677">
        <ele>566.267155</ele>
        <time>2026-04-08T14:02:25.000Z</time>
      </trkpt>
      <trkpt lat="51.655271" lon="10.789686">
        <ele>566.311982</ele>
        <time>2026-04-08T14:02:26.000Z</time>
      </trkpt>
      <trkpt lat="51.655277" lon="10.789691">
        <ele>566.336526</ele>
        <time>2026-04-08T14:02:27.000Z</time>
      </trkpt>
      <trkpt lat="51.655283" lon="10.789697">
        <ele>566.362183</ele>
        <time>2026-04-08T14:02:28.000Z</time>
      </trkpt>
      <trkpt lat="51.655298" lon="10.789703">
        <ele>566.418343</ele>
        <time>2026-04-08T14:02:29.000Z</time>
      </trkpt>
      <trkpt lat="51.655313" lon="10.789709">
        <ele>566.474503</ele>
        <time>2026-04-08T14:02:30.000Z</time>
      </trkpt>
      <trkpt lat="51.655333" lon="10.789717">
        <ele>566.549383</ele>
        <time>2026-04-08T14:02:31.000Z</time>
      </trkpt>
      <trkpt lat="51.655358" lon="10.789722">
        <ele>566.640925</ele>
        <time>2026-04-08T14:02:32.000Z</time>
      </trkpt>
      <trkpt lat="51.655387" lon="10.789726">
        <ele>566.746689</ele>
        <time>2026-04-08T14:02:33.000Z</time>
      </trkpt>
      <trkpt lat="51.655412" lon="10.789728">
        <ele>566.837646</ele>
        <time>2026-04-08T14:02:34.000Z</time>
      </trkpt>
      <trkpt lat="51.655442" lon="10.789727">
        <ele>566.946683</ele>
        <time>2026-04-08T14:02:35.000Z</time>
      </trkpt>
      <trkpt lat="51.655473" lon="10.789720">
        <ele>567.060430</ele>
        <time>2026-04-08T14:02:36.000Z</time>
      </trkpt>
      <trkpt lat="51.655502" lon="10.789705">
        <ele>567.171102</ele>
        <time>2026-04-08T14:02:37.000Z</time>
      </trkpt>
      <trkpt lat="51.655530" lon="10.789684">
        <ele>567.283323</ele>
        <time>2026-04-08T14:02:38.000Z</time>
      </trkpt>
      <trkpt lat="51.655561" lon="10.789657">
        <ele>567.411363</ele>
        <time>2026-04-08T14:02:39.000Z</time>
      </trkpt>
      <trkpt lat="51.655587" lon="10.789628">
        <ele>567.526255</ele>
        <time>2026-04-08T14:02:40.000Z</time>
      </trkpt>
      <trkpt lat="51.655617" lon="10.789591">
        <ele>567.663519</ele>
        <time>2026-04-08T14:02:41.000Z</time>
      </trkpt>
      <trkpt lat="51.655650" lon="10.789548">
        <ele>567.817715</ele>
        <time>2026-04-08T14:02:42.000Z</time>
      </trkpt>
      <trkpt lat="51.655689" lon="10.789499">
        <ele>567.997398</ele>
        <time>2026-04-08T14:02:43.000Z</time>
      </trkpt>
      <trkpt lat="51.655731" lon="10.789444">
        <ele>568.194034</ele>
        <time>2026-04-08T14:02:44.000Z</time>
      </trkpt>
      <trkpt lat="51.655767" lon="10.789386">
        <ele>568.378991</ele>
        <time>2026-04-08T14:02:45.000Z</time>
      </trkpt>
      <trkpt lat="51.655800" lon="10.789333">
        <ele>568.548269</ele>
        <time>2026-04-08T14:02:46.000Z</time>
      </trkpt>
      <trkpt lat="51.655835" lon="10.789271">
        <ele>568.737242</ele>
        <time>2026-04-08T14:02:47.000Z</time>
      </trkpt>
      <trkpt lat="51.655873" lon="10.789211">
        <ele>568.932515</ele>
        <time>2026-04-08T14:02:48.000Z</time>
      </trkpt>
      <trkpt lat="51.655907" lon="10.789151">
        <ele>569.117716</ele>
        <time>2026-04-08T14:02:49.000Z</time>
      </trkpt>
      <trkpt lat="51.655941" lon="10.789093">
        <ele>569.299577</ele>
        <time>2026-04-08T14:02:50.000Z</time>
      </trkpt>
      <trkpt lat="51.655976" lon="10.789032">
        <ele>569.488942</ele>
        <time>2026-04-08T14:02:51.000Z</time>
      </trkpt>
      <trkpt lat="51.656010" lon="10.788975">
        <ele>569.669153</ele>
        <time>2026-04-08T14:02:52.000Z</time>
      </trkpt>
      <trkpt lat="51.656046" lon="10.788919">
        <ele>569.852942</ele>
        <time>2026-04-08T14:02:53.000Z</time>
      </trkpt>
      <trkpt lat="51.656079" lon="10.788867">
        <ele>570.022474</ele>
        <time>2026-04-08T14:02:54.000Z</time>
      </trkpt>
      <trkpt lat="51.656112" lon="10.788813">
        <ele>570.195223</ele>
        <time>2026-04-08T14:02:55.000Z</time>
      </trkpt>
      <trkpt lat="51.656151" lon="10.788767">
        <ele>570.372754</ele>
        <time>2026-04-08T14:02:56.000Z</time>
      </trkpt>
      <trkpt lat="51.656187" lon="10.788724">
        <ele>570.537356</ele>
        <time>2026-04-08T14:02:57.000Z</time>
      </trkpt>
      <trkpt lat="51.656220" lon="10.788690">
        <ele>570.681233</ele>
        <time>2026-04-08T14:02:58.000Z</time>
      </trkpt>
      <trkpt lat="51.656258" lon="10.788655">
        <ele>570.842013</ele>
        <time>2026-04-08T14:02:59.000Z</time>
      </trkpt>
      <trkpt lat="51.656293" lon="10.788631">
        <ele>570.981739</ele>
        <time>2026-04-08T14:03:00.000Z</time>
      </trkpt>
      <trkpt lat="51.656327" lon="10.788607">
        <ele>571.118094</ele>
        <time>2026-04-08T14:03:01.000Z</time>
      </trkpt>
      <trkpt lat="51.656365" lon="10.788584">
        <ele>571.267208</ele>
        <time>2026-04-08T14:03:02.000Z</time>
      </trkpt>
      <trkpt lat="51.656401" lon="10.788563">
        <ele>571.407851</ele>
        <time>2026-04-08T14:03:03.000Z</time>
      </trkpt>
      <trkpt lat="51.656434" lon="10.788548">
        <ele>571.533808</ele>
        <time>2026-04-08T14:03:04.000Z</time>
      </trkpt>
      <trkpt lat="51.656468" lon="10.788532">
        <ele>571.663925</ele>
        <time>2026-04-08T14:03:05.000Z</time>
      </trkpt>
      <trkpt lat="51.656503" lon="10.788516">
        <ele>571.797572</ele>
        <time>2026-04-08T14:03:06.000Z</time>
      </trkpt>
      <trkpt lat="51.656534" lon="10.788506">
        <ele>571.913712</ele>
        <time>2026-04-08T14:03:07.000Z</time>
      </trkpt>
      <trkpt lat="51.656567" lon="10.788501">
        <ele>572.035475</ele>
        <time>2026-04-08T14:03:08.000Z</time>
      </trkpt>
      <trkpt lat="51.656599" lon="10.788497">
        <ele>572.153384</ele>
        <time>2026-04-08T14:03:09.000Z</time>
      </trkpt>
      <trkpt lat="51.656632" lon="10.788494">
        <ele>572.274806</ele>
        <time>2026-04-08T14:03:10.000Z</time>
      </trkpt>
      <trkpt lat="51.656663" lon="10.788489">
        <ele>572.389256</ele>
        <time>2026-04-08T14:03:11.000Z</time>
      </trkpt>
      <trkpt lat="51.656694" lon="10.788485">
        <ele>572.503503</ele>
        <time>2026-04-08T14:03:12.000Z</time>
      </trkpt>
      <trkpt lat="51.656727" lon="10.788481">
        <ele>572.625074</ele>
        <time>2026-04-08T14:03:13.000Z</time>
      </trkpt>
      <trkpt lat="51.656759" lon="10.788480">
        <ele>572.742652</ele>
        <time>2026-04-08T14:03:14.000Z</time>
      </trkpt>
      <trkpt lat="51.656797" lon="10.788483">
        <ele>572.882416</ele>
        <time>2026-04-08T14:03:15.000Z</time>
      </trkpt>
      <trkpt lat="51.656831" lon="10.788489">
        <ele>573.008065</ele>
        <time>2026-04-08T14:03:16.000Z</time>
      </trkpt>
      <trkpt lat="51.656869" lon="10.788496">
        <ele>573.148571</ele>
        <time>2026-04-08T14:03:17.000Z</time>
      </trkpt>
      <trkpt lat="51.656903" lon="10.788503">
        <ele>573.274489</ele>
        <time>2026-04-08T14:03:18.000Z</time>
      </trkpt>
      <trkpt lat="51.656941" lon="10.788515">
        <ele>573.416739</ele>
        <time>2026-04-08T14:03:19.000Z</time>
      </trkpt>
      <trkpt lat="51.656973" lon="10.788526">
        <ele>573.536938</ele>
        <time>2026-04-08T14:03:20.000Z</time>
      </trkpt>
      <trkpt lat="51.657006" lon="10.788543">
        <ele>573.664208</ele>
        <time>2026-04-08T14:03:21.000Z</time>
      </trkpt>
      <trkpt lat="51.657037" lon="10.788564">
        <ele>573.787737</ele>
        <time>2026-04-08T14:03:22.000Z</time>
      </trkpt>
      <trkpt lat="51.657068" lon="10.788594">
        <ele>573.920566</ele>
        <time>2026-04-08T14:03:23.000Z</time>
      </trkpt>
      <trkpt lat="51.657099" lon="10.788629">
        <ele>574.059604</ele>
        <time>2026-04-08T14:03:24.000Z</time>
      </trkpt>
      <trkpt lat="51.657129" lon="10.788666">
        <ele>574.198371</ele>
        <time>2026-04-08T14:03:25.000Z</time>
      </trkpt>
      <trkpt lat="51.657156" lon="10.788711">
        <ele>574.341043</ele>
        <time>2026-04-08T14:03:26.000Z</time>
      </trkpt>
      <trkpt lat="51.657183" lon="10.788762">
        <ele>574.493841</ele>
        <time>2026-04-08T14:03:27.000Z</time>
      </trkpt>
      <trkpt lat="51.657209" lon="10.788813">
        <ele>574.644280</ele>
        <time>2026-04-08T14:03:28.000Z</time>
      </trkpt>
      <trkpt lat="51.657236" lon="10.788874">
        <ele>574.815055</ele>
        <time>2026-04-08T14:03:29.000Z</time>
      </trkpt>
      <trkpt lat="51.657262" lon="10.788938">
        <ele>574.989401</ele>
        <time>2026-04-08T14:03:30.000Z</time>
      </trkpt>
      <trkpt lat="51.657285" lon="10.789002">
        <ele>575.157961</ele>
        <time>2026-04-08T14:03:31.000Z</time>
      </trkpt>
      <trkpt lat="51.657305" lon="10.789074">
        <ele>575.337746</ele>
        <time>2026-04-08T14:03:32.000Z</time>
      </trkpt>
      <trkpt lat="51.657325" lon="10.789145">
        <ele>575.533911</ele>
        <time>2026-04-08T14:03:33.000Z</time>
      </trkpt>
      <trkpt lat="51.657344" lon="10.789213">
        <ele>575.723729</ele>
        <time>2026-04-08T14:03:34.000Z</time>
      </trkpt>
      <trkpt lat="51.657361" lon="10.789282">
        <ele>575.912691</ele>
        <time>2026-04-08T14:03:35.000Z</time>
      </trkpt>
      <trkpt lat="51.657376" lon="10.789348">
        <ele>576.091593</ele>
        <time>2026-04-08T14:03:36.000Z</time>
      </trkpt>
      <trkpt lat="51.657388" lon="10.789415">
        <ele>576.269086</ele>
        <time>2026-04-08T14:03:37.000Z</time>
      </trkpt>
      <trkpt lat="51.657399" lon="10.789477">
        <ele>576.433215</ele>
        <time>2026-04-08T14:03:38.000Z</time>
      </trkpt>
      <trkpt lat="51.657411" lon="10.789544">
        <ele>576.610708</ele>
        <time>2026-04-08T14:03:39.000Z</time>
      </trkpt>
      <trkpt lat="51.657416" lon="10.789603">
        <ele>576.762269</ele>
        <time>2026-04-08T14:03:40.000Z</time>
      </trkpt>
      <trkpt lat="51.657423" lon="10.789663">
        <ele>576.917658</ele>
        <time>2026-04-08T14:03:41.000Z</time>
      </trkpt>
      <trkpt lat="51.657428" lon="10.789723">
        <ele>577.071742</ele>
        <time>2026-04-08T14:03:42.000Z</time>
      </trkpt>
      <trkpt lat="51.657432" lon="10.789786">
        <ele>577.232927</ele>
        <time>2026-04-08T14:03:43.000Z</time>
      </trkpt>
      <trkpt lat="51.657436" lon="10.789844">
        <ele>577.381457</ele>
        <time>2026-04-08T14:03:44.000Z</time>
      </trkpt>
      <trkpt lat="51.657436" lon="10.789902">
        <ele>577.529079</ele>
        <time>2026-04-08T14:03:45.000Z</time>
      </trkpt>
      <trkpt lat="51.657433" lon="10.789959">
        <ele>577.674676</ele>
        <time>2026-04-08T14:03:46.000Z</time>
      </trkpt>
      <trkpt lat="51.657429" lon="10.790018">
        <ele>577.825737</ele>
        <time>2026-04-08T14:03:47.000Z</time>
      </trkpt>
      <trkpt lat="51.657426" lon="10.790073">
        <ele>577.966263</ele>
        <time>2026-04-08T14:03:48.000Z</time>
      </trkpt>
      <trkpt lat="51.657422" lon="10.790135">
        <ele>578.124916</ele>
        <time>2026-04-08T14:03:49.000Z</time>
      </trkpt>
      <trkpt lat="51.657418" lon="10.790198">
        <ele>578.286101</ele>
        <time>2026-04-08T14:03:50.000Z</time>
      </trkpt>
      <trkpt lat="51.657414" lon="10.790260">
        <ele>578.444754</ele>
        <time>2026-04-08T14:03:51.000Z</time>
      </trkpt>
      <trkpt lat="51.657404" lon="10.790322">
        <ele>578.607803</ele>
        <time>2026-04-08T14:03:52.000Z</time>
      </trkpt>
      <trkpt lat="51.657393" lon="10.790386">
        <ele>578.776832</ele>
        <time>2026-04-08T14:03:53.000Z</time>
      </trkpt>
      <trkpt lat="51.657381" lon="10.790444">
        <ele>578.932447</ele>
        <time>2026-04-08T14:03:54.000Z</time>
      </trkpt>
      <trkpt lat="51.657373" lon="10.790502">
        <ele>579.083673</ele>
        <time>2026-04-08T14:03:55.000Z</time>
      </trkpt>
      <trkpt lat="51.657359" lon="10.790558">
        <ele>579.237343</ele>
        <time>2026-04-08T14:03:56.000Z</time>
      </trkpt>
      <trkpt lat="51.657347" lon="10.790615">
        <ele>579.390545</ele>
        <time>2026-04-08T14:03:57.000Z</time>
      </trkpt>
      <trkpt lat="51.657336" lon="10.790669">
        <ele>579.535206</ele>
        <time>2026-04-08T14:03:58.000Z</time>
      </trkpt>
      <trkpt lat="51.657321" lon="10.790725">
        <ele>579.690456</ele>
        <time>2026-04-08T14:03:59.000Z</time>
      </trkpt>
      <trkpt lat="51.657305" lon="10.790779">
        <ele>579.842769</ele>
        <time>2026-04-08T14:04:00.000Z</time>
      </trkpt>
      <trkpt lat="51.657291" lon="10.790830">
        <ele>579.984715</ele>
        <time>2026-04-08T14:04:01.000Z</time>
      </trkpt>
      <trkpt lat="51.657275" lon="10.790882">
        <ele>580.132451</ele>
        <time>2026-04-08T14:04:02.000Z</time>
      </trkpt>
      <trkpt lat="51.657260" lon="10.790931">
        <ele>580.271523</ele>
        <time>2026-04-08T14:04:03.000Z</time>
      </trkpt>
      <trkpt lat="51.657248" lon="10.790975">
        <ele>580.393857</ele>
        <time>2026-04-08T14:04:04.000Z</time>
      </trkpt>
      <trkpt lat="51.657233" lon="10.791019">
        <ele>580.521641</ele>
        <time>2026-04-08T14:04:05.000Z</time>
      </trkpt>
      <trkpt lat="51.657218" lon="10.791065">
        <ele>580.653910</ele>
        <time>2026-04-08T14:04:06.000Z</time>
      </trkpt>
      <trkpt lat="51.657203" lon="10.791109">
        <ele>580.781694</ele>
        <time>2026-04-08T14:04:07.000Z</time>
      </trkpt>
      <trkpt lat="51.657191" lon="10.791156">
        <ele>580.911054</ele>
        <time>2026-04-08T14:04:08.000Z</time>
      </trkpt>
      <trkpt lat="51.657172" lon="10.791203">
        <ele>581.053836</ele>
        <time>2026-04-08T14:04:09.000Z</time>
      </trkpt>
      <trkpt lat="51.657154" lon="10.791247">
        <ele>581.187983</ele>
        <time>2026-04-08T14:04:10.000Z</time>
      </trkpt>
      <trkpt lat="51.657139" lon="10.791292">
        <ele>581.318004</ele>
        <time>2026-04-08T14:04:11.000Z</time>
      </trkpt>
      <trkpt lat="51.657123" lon="10.791340">
        <ele>581.456694</ele>
        <time>2026-04-08T14:04:12.000Z</time>
      </trkpt>
      <trkpt lat="51.657111" lon="10.791385">
        <ele>581.581362</ele>
        <time>2026-04-08T14:04:13.000Z</time>
      </trkpt>
      <trkpt lat="51.657099" lon="10.791430">
        <ele>581.706030</ele>
        <time>2026-04-08T14:04:14.000Z</time>
      </trkpt>
      <trkpt lat="51.657084" lon="10.791479">
        <ele>581.845103</ele>
        <time>2026-04-08T14:04:15.000Z</time>
      </trkpt>
      <trkpt lat="51.657072" lon="10.791524">
        <ele>581.969771</ele>
        <time>2026-04-08T14:04:16.000Z</time>
      </trkpt>
      <trkpt lat="51.657061" lon="10.791570">
        <ele>582.095248</ele>
        <time>2026-04-08T14:04:17.000Z</time>
      </trkpt>
      <trkpt lat="51.657050" lon="10.791614">
        <ele>582.215989</ele>
        <time>2026-04-08T14:04:18.000Z</time>
      </trkpt>
      <trkpt lat="51.657041" lon="10.791660">
        <ele>582.338753</ele>
        <time>2026-04-08T14:04:19.000Z</time>
      </trkpt>
      <trkpt lat="51.657034" lon="10.791708">
        <ele>582.464254</ele>
        <time>2026-04-08T14:04:20.000Z</time>
      </trkpt>
      <trkpt lat="51.657029" lon="10.791756">
        <ele>582.588135</ele>
        <time>2026-04-08T14:04:21.000Z</time>
      </trkpt>
      <trkpt lat="51.657019" lon="10.791801">
        <ele>582.709796</ele>
        <time>2026-04-08T14:04:22.000Z</time>
      </trkpt>
      <trkpt lat="51.657014" lon="10.791849">
        <ele>582.879084</ele>
        <time>2026-04-08T14:04:23.000Z</time>
      </trkpt>
      <trkpt lat="51.657010" lon="10.791896">
        <ele>583.056452</ele>
        <time>2026-04-08T14:04:24.000Z</time>
      </trkpt>
      <trkpt lat="51.657006" lon="10.791943">
        <ele>583.233820</ele>
        <time>2026-04-08T14:04:25.000Z</time>
      </trkpt>
      <trkpt lat="51.657002" lon="10.791991">
        <ele>583.414893</ele>
        <time>2026-04-08T14:04:26.000Z</time>
      </trkpt>
      <trkpt lat="51.657001" lon="10.792040">
        <ele>583.598191</ele>
        <time>2026-04-08T14:04:27.000Z</time>
      </trkpt>
      <trkpt lat="51.657001" lon="10.792086">
        <ele>583.770175</ele>
        <time>2026-04-08T14:04:28.000Z</time>
      </trkpt>
      <trkpt lat="51.657001" lon="10.792135">
        <ele>583.953374</ele>
        <time>2026-04-08T14:04:29.000Z</time>
      </trkpt>
      <trkpt lat="51.657001" lon="10.792177">
        <ele>584.110403</ele>
        <time>2026-04-08T14:04:30.000Z</time>
      </trkpt>
      <trkpt lat="51.657004" lon="10.792222">
        <ele>584.279616</ele>
        <time>2026-04-08T14:04:31.000Z</time>
      </trkpt>
      <trkpt lat="51.657005" lon="10.792267">
        <ele>584.447969</ele>
        <time>2026-04-08T14:04:32.000Z</time>
      </trkpt>
      <trkpt lat="51.657009" lon="10.792310">
        <ele>584.610533</ele>
        <time>2026-04-08T14:04:33.000Z</time>
      </trkpt>
      <trkpt lat="51.657012" lon="10.792352">
        <ele>584.768599</ele>
        <time>2026-04-08T14:04:34.000Z</time>
      </trkpt>
      <trkpt lat="51.657016" lon="10.792394">
        <ele>584.927467</ele>
        <time>2026-04-08T14:04:35.000Z</time>
      </trkpt>
      <trkpt lat="51.657020" lon="10.792439">
        <ele>585.097429</ele>
        <time>2026-04-08T14:04:36.000Z</time>
      </trkpt>
      <trkpt lat="51.657024" lon="10.792484">
        <ele>585.267392</ele>
        <time>2026-04-08T14:04:37.000Z</time>
      </trkpt>
      <trkpt lat="51.657027" lon="10.792529">
        <ele>585.436605</ele>
        <time>2026-04-08T14:04:38.000Z</time>
      </trkpt>
      <trkpt lat="51.657031" lon="10.792577">
        <ele>585.617678</ele>
        <time>2026-04-08T14:04:39.000Z</time>
      </trkpt>
      <trkpt lat="51.657041" lon="10.792619">
        <ele>585.785874</ele>
        <time>2026-04-08T14:04:40.000Z</time>
      </trkpt>
      <trkpt lat="51.657046" lon="10.792661">
        <ele>585.945768</ele>
        <time>2026-04-08T14:04:41.000Z</time>
      </trkpt>
      <trkpt lat="51.657056" lon="10.792703">
        <ele>586.113964</ele>
        <time>2026-04-08T14:04:42.000Z</time>
      </trkpt>
      <trkpt lat="51.657065" lon="10.792747">
        <ele>586.287181</ele>
        <time>2026-04-08T14:04:43.000Z</time>
      </trkpt>
      <trkpt lat="51.657072" lon="10.792793">
        <ele>586.464262</ele>
        <time>2026-04-08T14:04:44.000Z</time>
      </trkpt>
      <trkpt lat="51.657080" lon="10.792842">
        <ele>586.653700</ele>
        <time>2026-04-08T14:04:45.000Z</time>
      </trkpt>
      <trkpt lat="51.657091" lon="10.792890">
        <ele>586.845014</ele>
        <time>2026-04-08T14:04:46.000Z</time>
      </trkpt>
      <trkpt lat="51.657096" lon="10.792942">
        <ele>587.041751</ele>
        <time>2026-04-08T14:04:47.000Z</time>
      </trkpt>
      <trkpt lat="51.657106" lon="10.792990">
        <ele>587.231060</ele>
        <time>2026-04-08T14:04:48.000Z</time>
      </trkpt>
      <trkpt lat="51.657117" lon="10.793032">
        <ele>587.401509</ele>
        <time>2026-04-08T14:04:49.000Z</time>
      </trkpt>
      <trkpt lat="51.657126" lon="10.793080">
        <ele>587.588987</ele>
        <time>2026-04-08T14:04:50.000Z</time>
      </trkpt>
      <trkpt lat="51.657137" lon="10.793132">
        <ele>587.794394</ele>
        <time>2026-04-08T14:04:51.000Z</time>
      </trkpt>
      <trkpt lat="51.657148" lon="10.793186">
        <ele>588.006893</ele>
        <time>2026-04-08T14:04:52.000Z</time>
      </trkpt>
      <trkpt lat="51.657158" lon="10.793249">
        <ele>588.250022</ele>
        <time>2026-04-08T14:04:53.000Z</time>
      </trkpt>
      <trkpt lat="51.657168" lon="10.793314">
        <ele>588.500403</ele>
        <time>2026-04-08T14:04:54.000Z</time>
      </trkpt>
      <trkpt lat="51.657175" lon="10.793375">
        <ele>588.732336</ele>
        <time>2026-04-08T14:04:55.000Z</time>
      </trkpt>
      <trkpt lat="51.657186" lon="10.793435">
        <ele>588.966252</ele>
        <time>2026-04-08T14:04:56.000Z</time>
      </trkpt>
      <trkpt lat="51.657198" lon="10.793495">
        <ele>589.201947</ele>
        <time>2026-04-08T14:04:57.000Z</time>
      </trkpt>
      <trkpt lat="51.657211" lon="10.793554">
        <ele>589.436034</ele>
        <time>2026-04-08T14:04:58.000Z</time>
      </trkpt>
      <trkpt lat="51.657224" lon="10.793613">
        <ele>589.670120</ele>
        <time>2026-04-08T14:04:59.000Z</time>
      </trkpt>
      <trkpt lat="51.657236" lon="10.793675">
        <ele>589.912943</ele>
        <time>2026-04-08T14:05:00.000Z</time>
      </trkpt>
      <trkpt lat="51.657246" lon="10.793739">
        <ele>590.159695</ele>
        <time>2026-04-08T14:05:01.000Z</time>
      </trkpt>
      <trkpt lat="51.657255" lon="10.793804">
        <ele>590.408694</ele>
        <time>2026-04-08T14:05:02.000Z</time>
      </trkpt>
      <trkpt lat="51.657269" lon="10.793872">
        <ele>590.676564</ele>
        <time>2026-04-08T14:05:03.000Z</time>
      </trkpt>
      <trkpt lat="51.657288" lon="10.793946">
        <ele>590.975991</ele>
        <time>2026-04-08T14:05:04.000Z</time>
      </trkpt>
      <trkpt lat="51.657307" lon="10.794021">
        <ele>591.278876</ele>
        <time>2026-04-08T14:05:05.000Z</time>
      </trkpt>
      <trkpt lat="51.657326" lon="10.794095">
        <ele>591.578303</ele>
        <time>2026-04-08T14:05:06.000Z</time>
      </trkpt>
      <trkpt lat="51.657345" lon="10.794171">
        <ele>591.884652</ele>
        <time>2026-04-08T14:05:07.000Z</time>
      </trkpt>
      <trkpt lat="51.657367" lon="10.794245">
        <ele>592.191448</ele>
        <time>2026-04-08T14:05:08.000Z</time>
      </trkpt>
      <trkpt lat="51.657387" lon="10.794321">
        <ele>592.500101</ele>
        <time>2026-04-08T14:05:09.000Z</time>
      </trkpt>
      <trkpt lat="51.657405" lon="10.794386">
        <ele>592.766232</ele>
        <time>2026-04-08T14:05:10.000Z</time>
      </trkpt>
      <trkpt lat="51.657425" lon="10.794457">
        <ele>593.057766</ele>
        <time>2026-04-08T14:05:11.000Z</time>
      </trkpt>
      <trkpt lat="51.657444" lon="10.794521">
        <ele>593.323033</ele>
        <time>2026-04-08T14:05:12.000Z</time>
      </trkpt>
      <trkpt lat="51.657464" lon="10.794578">
        <ele>593.567866</ele>
        <time>2026-04-08T14:05:13.000Z</time>
      </trkpt>
      <trkpt lat="51.657479" lon="10.794635">
        <ele>593.667413</ele>
        <time>2026-04-08T14:05:14.000Z</time>
      </trkpt>
      <trkpt lat="51.657492" lon="10.794694">
        <ele>593.762766</ele>
        <time>2026-04-08T14:05:15.000Z</time>
      </trkpt>
      <trkpt lat="51.657503" lon="10.794742">
        <ele>593.840696</ele>
        <time>2026-04-08T14:05:16.000Z</time>
      </trkpt>
      <trkpt lat="51.657518" lon="10.794792">
        <ele>593.925279</ele>
        <time>2026-04-08T14:05:17.000Z</time>
      </trkpt>
      <trkpt lat="51.657527" lon="10.794822">
        <ele>593.976029</ele>
        <time>2026-04-08T14:05:18.000Z</time>
      </trkpt>
      <trkpt lat="51.657528" lon="10.794832">
        <ele>593.991455</ele>
        <time>2026-04-08T14:05:19.000Z</time>
      </trkpt>
      <trkpt lat="51.657528" lon="10.794833">
        <ele>593.992978</ele>
        <time>2026-04-08T14:05:20.000Z</time>
      </trkpt>
      <trkpt lat="51.657528" lon="10.794833">
        <ele>593.992978</ele>
        <time>2026-04-08T14:05:21.000Z</time>
      </trkpt>
      <trkpt lat="51.657535" lon="10.794857">
        <ele>594.033367</ele>
        <time>2026-04-08T14:05:28.000Z</time>
      </trkpt>
      <trkpt lat="51.657542" lon="10.794883">
        <ele>594.076532</ele>
        <time>2026-04-08T14:05:29.000Z</time>
      </trkpt>
      <trkpt lat="51.657553" lon="10.794914">
        <ele>594.130920</ele>
        <time>2026-04-08T14:05:30.000Z</time>
      </trkpt>
      <trkpt lat="51.657564" lon="10.794952">
        <ele>594.194782</ele>
        <time>2026-04-08T14:05:31.000Z</time>
      </trkpt>
      <trkpt lat="51.657572" lon="10.794997">
        <ele>594.266073</ele>
        <time>2026-04-08T14:05:32.000Z</time>
      </trkpt>
      <trkpt lat="51.657583" lon="10.795050">
        <ele>594.351187</ele>
        <time>2026-04-08T14:05:33.000Z</time>
      </trkpt>
      <trkpt lat="51.657594" lon="10.795103">
        <ele>594.436300</ele>
        <time>2026-04-08T14:05:34.000Z</time>
      </trkpt>
      <trkpt lat="51.657609" lon="10.795160">
        <ele>594.530595</ele>
        <time>2026-04-08T14:05:35.000Z</time>
      </trkpt>
      <trkpt lat="51.657621" lon="10.795219">
        <ele>594.625154</ele>
        <time>2026-04-08T14:05:36.000Z</time>
      </trkpt>
      <trkpt lat="51.657632" lon="10.795277">
        <ele>594.717520</ele>
        <time>2026-04-08T14:05:37.000Z</time>
      </trkpt>
      <trkpt lat="51.657644" lon="10.795339">
        <ele>594.816431</ele>
        <time>2026-04-08T14:05:38.000Z</time>
      </trkpt>
      <trkpt lat="51.657656" lon="10.795402">
        <ele>594.916797</ele>
        <time>2026-04-08T14:05:39.000Z</time>
      </trkpt>
      <trkpt lat="51.657661" lon="10.795464">
        <ele>595.012014</ele>
        <time>2026-04-08T14:05:40.000Z</time>
      </trkpt>
      <trkpt lat="51.657668" lon="10.795527">
        <ele>595.109486</ele>
        <time>2026-04-08T14:05:41.000Z</time>
      </trkpt>
      <trkpt lat="51.657675" lon="10.795592">
        <ele>595.209957</ele>
        <time>2026-04-08T14:05:42.000Z</time>
      </trkpt>
      <trkpt lat="51.657680" lon="10.795656">
        <ele>595.308195</ele>
        <time>2026-04-08T14:05:43.000Z</time>
      </trkpt>
      <trkpt lat="51.657687" lon="10.795721">
        <ele>595.408666</ele>
        <time>2026-04-08T14:05:44.000Z</time>
      </trkpt>
      <trkpt lat="51.657691" lon="10.795787">
        <ele>595.509659</ele>
        <time>2026-04-08T14:05:45.000Z</time>
      </trkpt>
      <trkpt lat="51.657689" lon="10.795849">
        <ele>595.604208</ele>
        <time>2026-04-08T14:05:46.000Z</time>
      </trkpt>
      <trkpt lat="51.657688" lon="10.795916">
        <ele>595.706275</ele>
        <time>2026-04-08T14:05:47.000Z</time>
      </trkpt>
      <trkpt lat="51.657688" lon="10.795983">
        <ele>595.808311</ele>
        <time>2026-04-08T14:05:48.000Z</time>
      </trkpt>
      <trkpt lat="51.657691" lon="10.796048">
        <ele>595.907576</ele>
        <time>2026-04-08T14:05:49.000Z</time>
      </trkpt>
      <trkpt lat="51.657695" lon="10.796112">
        <ele>596.005537</ele>
        <time>2026-04-08T14:05:50.000Z</time>
      </trkpt>
      <trkpt lat="51.657693" lon="10.796176">
        <ele>596.103129</ele>
        <time>2026-04-08T14:05:51.000Z</time>
      </trkpt>
      <trkpt lat="51.657686" lon="10.796239">
        <ele>596.200600</ele>
        <time>2026-04-08T14:05:52.000Z</time>
      </trkpt>
      <trkpt lat="51.657681" lon="10.796312">
        <ele>596.312450</ele>
        <time>2026-04-08T14:05:53.000Z</time>
      </trkpt>
      <trkpt lat="51.657677" lon="10.796383">
        <ele>596.421024</ele>
        <time>2026-04-08T14:05:54.000Z</time>
      </trkpt>
      <trkpt lat="51.657674" lon="10.796447">
        <ele>596.518770</ele>
        <time>2026-04-08T14:05:55.000Z</time>
      </trkpt>
      <trkpt lat="51.657673" lon="10.796515">
        <ele>596.622358</ele>
        <time>2026-04-08T14:05:56.000Z</time>
      </trkpt>
      <trkpt lat="51.657666" lon="10.796575">
        <ele>596.715336</ele>
        <time>2026-04-08T14:05:57.000Z</time>
      </trkpt>
      <trkpt lat="51.657662" lon="10.796629">
        <ele>596.798159</ele>
        <time>2026-04-08T14:05:58.000Z</time>
      </trkpt>
      <trkpt lat="51.657655" lon="10.796690">
        <ele>596.892634</ele>
        <time>2026-04-08T14:05:59.000Z</time>
      </trkpt>
      <trkpt lat="51.657644" lon="10.796747">
        <ele>596.983545</ele>
        <time>2026-04-08T14:06:00.000Z</time>
      </trkpt>
      <trkpt lat="51.657636" lon="10.796804">
        <ele>597.072547</ele>
        <time>2026-04-08T14:06:01.000Z</time>
      </trkpt>
      <trkpt lat="51.657632" lon="10.796864">
        <ele>597.164449</ele>
        <time>2026-04-08T14:06:02.000Z</time>
      </trkpt>
      <trkpt lat="51.657625" lon="10.796929">
        <ele>597.264921</ele>
        <time>2026-04-08T14:06:03.000Z</time>
      </trkpt>
      <trkpt lat="51.657617" lon="10.796990">
        <ele>597.359873</ele>
        <time>2026-04-08T14:06:04.000Z</time>
      </trkpt>
      <trkpt lat="51.657610" lon="10.797058">
        <ele>597.464849</ele>
        <time>2026-04-08T14:06:05.000Z</time>
      </trkpt>
      <trkpt lat="51.657602" lon="10.797125">
        <ele>597.568759</ele>
        <time>2026-04-08T14:06:06.000Z</time>
      </trkpt>
      <trkpt lat="51.657597" lon="10.797191">
        <ele>597.670019</ele>
        <time>2026-04-08T14:06:07.000Z</time>
      </trkpt>
      <trkpt lat="51.657591" lon="10.797256">
        <ele>597.770100</ele>
        <time>2026-04-08T14:06:08.000Z</time>
      </trkpt>
      <trkpt lat="51.657586" lon="10.797319">
        <ele>597.866828</ele>
        <time>2026-04-08T14:06:09.000Z</time>
      </trkpt>
      <trkpt lat="51.657582" lon="10.797378">
        <ele>597.957216</ele>
        <time>2026-04-08T14:06:10.000Z</time>
      </trkpt>
      <trkpt lat="51.657575" lon="10.797436">
        <ele>598.063338</ele>
        <time>2026-04-08T14:06:11.000Z</time>
      </trkpt>
      <trkpt lat="51.657571" lon="10.797495">
        <ele>598.180276</ele>
        <time>2026-04-08T14:06:12.000Z</time>
      </trkpt>
      <trkpt lat="51.657567" lon="10.797549">
        <ele>598.287427</ele>
        <time>2026-04-08T14:06:13.000Z</time>
      </trkpt>
      <trkpt lat="51.657563" lon="10.797604">
        <ele>598.396534</ele>
        <time>2026-04-08T14:06:14.000Z</time>
      </trkpt>
      <trkpt lat="51.657559" lon="10.797662">
        <ele>598.511514</ele>
        <time>2026-04-08T14:06:15.000Z</time>
      </trkpt>
      <trkpt lat="51.657552" lon="10.797718">
        <ele>598.624066</ele>
        <time>2026-04-08T14:06:16.000Z</time>
      </trkpt>
      <trkpt lat="51.657548" lon="10.797778">
        <ele>598.742964</ele>
        <time>2026-04-08T14:06:17.000Z</time>
      </trkpt>
      <trkpt lat="51.657544" lon="10.797838">
        <ele>598.861861</ele>
        <time>2026-04-08T14:06:18.000Z</time>
      </trkpt>
      <trkpt lat="51.657543" lon="10.797905">
        <ele>598.993907</ele>
        <time>2026-04-08T14:06:19.000Z</time>
      </trkpt>
      <trkpt lat="51.657537" lon="10.797973">
        <ele>599.129234</ele>
        <time>2026-04-08T14:06:20.000Z</time>
      </trkpt>
      <trkpt lat="51.657536" lon="10.798044">
        <ele>599.269160</ele>
        <time>2026-04-08T14:06:21.000Z</time>
      </trkpt>
      <trkpt lat="51.657533" lon="10.798111">
        <ele>599.401512</ele>
        <time>2026-04-08T14:06:22.000Z</time>
      </trkpt>
      <trkpt lat="51.657532" lon="10.798184">
        <ele>599.545377</ele>
        <time>2026-04-08T14:06:23.000Z</time>
      </trkpt>
      <trkpt lat="51.657529" lon="10.798253">
        <ele>599.681659</ele>
        <time>2026-04-08T14:06:24.000Z</time>
      </trkpt>
      <trkpt lat="51.657528" lon="10.798322">
        <ele>599.817645</ele>
        <time>2026-04-08T14:06:25.000Z</time>
      </trkpt>
      <trkpt lat="51.657531" lon="10.798389">
        <ele>599.949997</ele>
        <time>2026-04-08T14:06:26.000Z</time>
      </trkpt>
      <trkpt lat="51.657532" lon="10.798460">
        <ele>600.089923</ele>
        <time>2026-04-08T14:06:27.000Z</time>
      </trkpt>
      <trkpt lat="51.657532" lon="10.798522">
        <ele>600.212080</ele>
        <time>2026-04-08T14:06:28.000Z</time>
      </trkpt>
      <trkpt lat="51.657538" lon="10.798589">
        <ele>600.345456</ele>
        <time>2026-04-08T14:06:29.000Z</time>
      </trkpt>
      <trkpt lat="51.657542" lon="10.798651">
        <ele>600.468272</ele>
        <time>2026-04-08T14:06:30.000Z</time>
      </trkpt>
      <trkpt lat="51.657543" lon="10.798714">
        <ele>600.592440</ele>
        <time>2026-04-08T14:06:31.000Z</time>
      </trkpt>
      <trkpt lat="51.657546" lon="10.798779">
        <ele>600.720862</ele>
        <time>2026-04-08T14:06:32.000Z</time>
      </trkpt>
      <trkpt lat="51.657553" lon="10.798844">
        <ele>600.850845</ele>
        <time>2026-04-08T14:06:33.000Z</time>
      </trkpt>
      <trkpt lat="51.657558" lon="10.798902">
        <ele>600.966219</ele>
        <time>2026-04-08T14:06:34.000Z</time>
      </trkpt>
      <trkpt lat="51.657561" lon="10.798964">
        <ele>601.088747</ele>
        <time>2026-04-08T14:06:35.000Z</time>
      </trkpt>
      <trkpt lat="51.657565" lon="10.799023">
        <ele>601.205685</ele>
        <time>2026-04-08T14:06:36.000Z</time>
      </trkpt>
      <trkpt lat="51.657572" lon="10.799081">
        <ele>601.322104</ele>
        <time>2026-04-08T14:06:37.000Z</time>
      </trkpt>
      <trkpt lat="51.657580" lon="10.799140">
        <ele>601.441094</ele>
        <time>2026-04-08T14:06:38.000Z</time>
      </trkpt>
      <trkpt lat="51.657587" lon="10.799195">
        <ele>601.551716</ele>
        <time>2026-04-08T14:06:39.000Z</time>
      </trkpt>
      <trkpt lat="51.657598" lon="10.799248">
        <ele>601.661830</ele>
        <time>2026-04-08T14:06:40.000Z</time>
      </trkpt>
      <trkpt lat="51.657609" lon="10.799304">
        <ele>601.777564</ele>
        <time>2026-04-08T14:06:41.000Z</time>
      </trkpt>
      <trkpt lat="51.657624" lon="10.799357">
        <ele>601.892342</ele>
        <time>2026-04-08T14:06:42.000Z</time>
      </trkpt>
      <trkpt lat="51.657636" lon="10.799413">
        <ele>602.009074</ele>
        <time>2026-04-08T14:06:43.000Z</time>
      </trkpt>
      <trkpt lat="51.657648" lon="10.799470">
        <ele>602.127670</ele>
        <time>2026-04-08T14:06:44.000Z</time>
      </trkpt>
      <trkpt lat="51.657663" lon="10.799530">
        <ele>602.255125</ele>
        <time>2026-04-08T14:06:45.000Z</time>
      </trkpt>
      <trkpt lat="51.657674" lon="10.799583">
        <ele>602.365238</ele>
        <time>2026-04-08T14:06:46.000Z</time>
      </trkpt>
      <trkpt lat="51.657692" lon="10.799640">
        <ele>602.491257</ele>
        <time>2026-04-08T14:06:47.000Z</time>
      </trkpt>
      <trkpt lat="51.657708" lon="10.799695">
        <ele>602.610945</ele>
        <time>2026-04-08T14:06:48.000Z</time>
      </trkpt>
      <trkpt lat="51.657726" lon="10.799750">
        <ele>602.733465</ele>
        <time>2026-04-08T14:06:49.000Z</time>
      </trkpt>
      <trkpt lat="51.657742" lon="10.799808">
        <ele>602.858529</ele>
        <time>2026-04-08T14:06:50.000Z</time>
      </trkpt>
      <trkpt lat="51.657761" lon="10.799867">
        <ele>602.989504</ele>
        <time>2026-04-08T14:06:51.000Z</time>
      </trkpt>
      <trkpt lat="51.657773" lon="10.799928">
        <ele>603.115589</ele>
        <time>2026-04-08T14:06:52.000Z</time>
      </trkpt>
      <trkpt lat="51.657776" lon="10.799993">
        <ele>603.244010</ele>
        <time>2026-04-08T14:06:53.000Z</time>
      </trkpt>
      <trkpt lat="51.657767" lon="10.800047">
        <ele>603.354177</ele>
        <time>2026-04-08T14:06:54.000Z</time>
      </trkpt>
      <trkpt lat="51.657743" lon="10.800089">
        <ele>603.466684</ele>
        <time>2026-04-08T14:06:55.000Z</time>
      </trkpt>
      <trkpt lat="51.657711" lon="10.800110">
        <ele>603.576416</ele>
        <time>2026-04-08T14:06:56.000Z</time>
      </trkpt>
      <trkpt lat="51.657676" lon="10.800118">
        <ele>603.688689</ele>
        <time>2026-04-08T14:06:57.000Z</time>
      </trkpt>
      <trkpt lat="51.657642" lon="10.800110">
        <ele>603.936842</ele>
        <time>2026-04-08T14:06:58.000Z</time>
      </trkpt>
      <trkpt lat="51.657603" lon="10.800093">
        <ele>604.256912</ele>
        <time>2026-04-08T14:06:59.000Z</time>
      </trkpt>
      <trkpt lat="51.657569" lon="10.800075">
        <ele>604.540428</ele>
        <time>2026-04-08T14:07:00.000Z</time>
      </trkpt>
      <trkpt lat="51.657539" lon="10.800060">
        <ele>604.789270</ele>
        <time>2026-04-08T14:07:01.000Z</time>
      </trkpt>
      <trkpt lat="51.657504" lon="10.800048">
        <ele>605.072756</ele>
        <time>2026-04-08T14:07:02.000Z</time>
      </trkpt>
      <trkpt lat="51.657468" lon="10.800036">
        <ele>605.363995</ele>
        <time>2026-04-08T14:07:03.000Z</time>
      </trkpt>
      <trkpt lat="51.657434" lon="10.800023">
        <ele>605.640830</ele>
        <time>2026-04-08T14:07:04.000Z</time>
      </trkpt>
      <trkpt lat="51.657395" lon="10.800011">
        <ele>605.955381</ele>
        <time>2026-04-08T14:07:05.000Z</time>
      </trkpt>
      <trkpt lat="51.657360" lon="10.800001">
        <ele>606.236986</ele>
        <time>2026-04-08T14:07:06.000Z</time>
      </trkpt>
      <trkpt lat="51.657327" lon="10.799992">
        <ele>606.502140</ele>
        <time>2026-04-08T14:07:07.000Z</time>
      </trkpt>
      <trkpt lat="51.657292" lon="10.799982">
        <ele>606.783745</ele>
        <time>2026-04-08T14:07:08.000Z</time>
      </trkpt>
      <trkpt lat="51.657256" lon="10.799972">
        <ele>607.073154</ele>
        <time>2026-04-08T14:07:09.000Z</time>
      </trkpt>
      <trkpt lat="51.657223" lon="10.799962">
        <ele>607.339172</ele>
        <time>2026-04-08T14:07:10.000Z</time>
      </trkpt>
      <trkpt lat="51.657191" lon="10.799953">
        <ele>607.596517</ele>
        <time>2026-04-08T14:07:11.000Z</time>
      </trkpt>
      <trkpt lat="51.657161" lon="10.799946">
        <ele>607.836666</ele>
        <time>2026-04-08T14:07:12.000Z</time>
      </trkpt>
      <trkpt lat="51.657130" lon="10.799937">
        <ele>608.086211</ele>
        <time>2026-04-08T14:07:13.000Z</time>
      </trkpt>
      <trkpt lat="51.657103" lon="10.799926">
        <ele>608.306841</ele>
        <time>2026-04-08T14:07:14.000Z</time>
      </trkpt>
      <trkpt lat="51.657075" lon="10.799915">
        <ele>608.535160</ele>
        <time>2026-04-08T14:07:15.000Z</time>
      </trkpt>
      <trkpt lat="51.657052" lon="10.799905">
        <ele>608.723887</ele>
        <time>2026-04-08T14:07:16.000Z</time>
      </trkpt>
      <trkpt lat="51.657030" lon="10.799892">
        <ele>608.909521</ele>
        <time>2026-04-08T14:07:17.000Z</time>
      </trkpt>
      <trkpt lat="51.657007" lon="10.799878">
        <ele>609.104294</ele>
        <time>2026-04-08T14:07:18.000Z</time>
      </trkpt>
      <trkpt lat="51.656981" lon="10.799861">
        <ele>609.326576</ele>
        <time>2026-04-08T14:07:19.000Z</time>
      </trkpt>
      <trkpt lat="51.656960" lon="10.799840">
        <ele>609.522360</ele>
        <time>2026-04-08T14:07:20.000Z</time>
      </trkpt>
      <trkpt lat="51.656941" lon="10.799816">
        <ele>609.713596</ele>
        <time>2026-04-08T14:07:21.000Z</time>
      </trkpt>
      <trkpt lat="51.656922" lon="10.799790">
        <ele>609.911046</ele>
        <time>2026-04-08T14:07:22.000Z</time>
      </trkpt>
      <trkpt lat="51.656906" lon="10.799757">
        <ele>610.116893</ele>
        <time>2026-04-08T14:07:23.000Z</time>
      </trkpt>
      <trkpt lat="51.656887" lon="10.799722">
        <ele>610.345471</ele>
        <time>2026-04-08T14:07:24.000Z</time>
      </trkpt>
      <trkpt lat="51.656875" lon="10.799690">
        <ele>610.529245</ele>
        <time>2026-04-08T14:07:25.000Z</time>
      </trkpt>
      <trkpt lat="51.656860" lon="10.799653">
        <ele>610.746479</ele>
        <time>2026-04-08T14:07:26.000Z</time>
      </trkpt>
      <trkpt lat="51.656844" lon="10.799611">
        <ele>610.988713</ele>
        <time>2026-04-08T14:07:27.000Z</time>
      </trkpt>
      <trkpt lat="51.656829" lon="10.799570">
        <ele>611.222651</ele>
        <time>2026-04-08T14:07:28.000Z</time>
      </trkpt>
      <trkpt lat="51.656817" lon="10.799527">
        <ele>611.454386</ele>
        <time>2026-04-08T14:07:29.000Z</time>
      </trkpt>
      <trkpt lat="51.656800" lon="10.799487">
        <ele>611.692687</ele>
        <time>2026-04-08T14:07:30.000Z</time>
      </trkpt>
      <trkpt lat="51.656784" lon="10.799443">
        <ele>611.943351</ele>
        <time>2026-04-08T14:07:31.000Z</time>
      </trkpt>
      <trkpt lat="51.656768" lon="10.799400">
        <ele>612.189787</ele>
        <time>2026-04-08T14:07:32.000Z</time>
      </trkpt>
      <trkpt lat="51.656756" lon="10.799355">
        <ele>612.430521</ele>
        <time>2026-04-08T14:07:33.000Z</time>
      </trkpt>
      <trkpt lat="51.656742" lon="10.799312">
        <ele>612.669194</ele>
        <time>2026-04-08T14:07:34.000Z</time>
      </trkpt>
      <trkpt lat="51.656729" lon="10.799271">
        <ele>612.895495</ele>
        <time>2026-04-08T14:07:35.000Z</time>
      </trkpt>
      <trkpt lat="51.656715" lon="10.799229">
        <ele>613.129828</ele>
        <time>2026-04-08T14:07:36.000Z</time>
      </trkpt>
      <trkpt lat="51.656702" lon="10.799187">
        <ele>613.360517</ele>
        <time>2026-04-08T14:07:37.000Z</time>
      </trkpt>
      <trkpt lat="51.656691" lon="10.799146">
        <ele>613.580062</ele>
        <time>2026-04-08T14:07:38.000Z</time>
      </trkpt>
      <trkpt lat="51.656679" lon="10.799105">
        <ele>613.802869</ele>
        <time>2026-04-08T14:07:39.000Z</time>
      </trkpt>
      <trkpt lat="51.656671" lon="10.799065">
        <ele>614.009426</ele>
        <time>2026-04-08T14:07:40.000Z</time>
      </trkpt>
      <trkpt lat="51.656661" lon="10.799022">
        <ele>614.235125</ele>
        <time>2026-04-08T14:07:41.000Z</time>
      </trkpt>
      <trkpt lat="51.656655" lon="10.798981">
        <ele>614.442163</ele>
        <time>2026-04-08T14:07:42.000Z</time>
      </trkpt>
      <trkpt lat="51.656648" lon="10.798941">
        <ele>614.646428</ele>
        <time>2026-04-08T14:07:43.000Z</time>
      </trkpt>
      <trkpt lat="51.656641" lon="10.798897">
        <ele>614.869678</ele>
        <time>2026-04-08T14:07:44.000Z</time>
      </trkpt>
      <trkpt lat="51.656633" lon="10.798854">
        <ele>615.090314</ele>
        <time>2026-04-08T14:07:45.000Z</time>
      </trkpt>
      <trkpt lat="51.656626" lon="10.798816">
        <ele>615.285137</ele>
        <time>2026-04-08T14:07:46.000Z</time>
      </trkpt>
      <trkpt lat="51.656621" lon="10.798775">
        <ele>615.490502</ele>
        <time>2026-04-08T14:07:47.000Z</time>
      </trkpt>
      <trkpt lat="51.656620" lon="10.798736">
        <ele>615.682344</ele>
        <time>2026-04-08T14:07:48.000Z</time>
      </trkpt>
      <trkpt lat="51.656614" lon="10.798701">
        <ele>615.860809</ele>
        <time>2026-04-08T14:07:49.000Z</time>
      </trkpt>
      <trkpt lat="51.656606" lon="10.798666">
        <ele>616.044133</ele>
        <time>2026-04-08T14:07:50.000Z</time>
      </trkpt>
      <trkpt lat="51.656602" lon="10.798631">
        <ele>616.219046</ele>
        <time>2026-04-08T14:07:51.000Z</time>
      </trkpt>
      <trkpt lat="51.656601" lon="10.798598">
        <ele>616.381429</ele>
        <time>2026-04-08T14:07:52.000Z</time>
      </trkpt>
      <trkpt lat="51.656598" lon="10.798564">
        <ele>616.550215</ele>
        <time>2026-04-08T14:07:53.000Z</time>
      </trkpt>
      <trkpt lat="51.656594" lon="10.798533">
        <ele>616.705835</ele>
        <time>2026-04-08T14:07:54.000Z</time>
      </trkpt>
      <trkpt lat="51.656590" lon="10.798503">
        <ele>616.856647</ele>
        <time>2026-04-08T14:07:55.000Z</time>
      </trkpt>
      <trkpt lat="51.656589" lon="10.798473">
        <ele>617.004305</ele>
        <time>2026-04-08T14:07:56.000Z</time>
      </trkpt>
      <trkpt lat="51.656586" lon="10.798439">
        <ele>617.173091</ele>
        <time>2026-04-08T14:07:57.000Z</time>
      </trkpt>
      <trkpt lat="51.656586" lon="10.798408">
        <ele>617.325450</ele>
        <time>2026-04-08T14:07:58.000Z</time>
      </trkpt>
      <trkpt lat="51.656586" lon="10.798372">
        <ele>617.502384</ele>
        <time>2026-04-08T14:07:59.000Z</time>
      </trkpt>
      <trkpt lat="51.656583" lon="10.798341">
        <ele>617.656587</ele>
        <time>2026-04-08T14:08:00.000Z</time>
      </trkpt>
      <trkpt lat="51.656582" lon="10.798312">
        <ele>617.799337</ele>
        <time>2026-04-08T14:08:01.000Z</time>
      </trkpt>
      <trkpt lat="51.656582" lon="10.798280">
        <ele>617.955629</ele>
        <time>2026-04-08T14:08:02.000Z</time>
      </trkpt>
      <trkpt lat="51.656579" lon="10.798245">
        <ele>618.055047</ele>
        <time>2026-04-08T14:08:03.000Z</time>
      </trkpt>
      <trkpt lat="51.656578" lon="10.798211">
        <ele>618.150823</ele>
        <time>2026-04-08T14:08:04.000Z</time>
      </trkpt>
      <trkpt lat="51.656575" lon="10.798175">
        <ele>618.253030</ele>
        <time>2026-04-08T14:08:05.000Z</time>
      </trkpt>
      <trkpt lat="51.656574" lon="10.798143">
        <ele>618.343185</ele>
        <time>2026-04-08T14:08:06.000Z</time>
      </trkpt>
      <trkpt lat="51.656571" lon="10.798109">
        <ele>618.439817</ele>
        <time>2026-04-08T14:08:07.000Z</time>
      </trkpt>
      <trkpt lat="51.656570" lon="10.798075">
        <ele>618.535593</ele>
        <time>2026-04-08T14:08:08.000Z</time>
      </trkpt>
      <trkpt lat="51.656570" lon="10.798043">
        <ele>618.625634</ele>
        <time>2026-04-08T14:08:09.000Z</time>
      </trkpt>
      <trkpt lat="51.656570" lon="10.798012">
        <ele>618.712862</ele>
        <time>2026-04-08T14:08:10.000Z</time>
      </trkpt>
      <trkpt lat="51.656569" lon="10.797980">
        <ele>618.803017</ele>
        <time>2026-04-08T14:08:11.000Z</time>
      </trkpt>
      <trkpt lat="51.656567" lon="10.797949">
        <ele>618.890715</ele>
        <time>2026-04-08T14:08:12.000Z</time>
      </trkpt>
      <trkpt lat="51.656567" lon="10.797920">
        <ele>618.972315</ele>
        <time>2026-04-08T14:08:13.000Z</time>
      </trkpt>
      <trkpt lat="51.656567" lon="10.797892">
        <ele>619.051101</ele>
        <time>2026-04-08T14:08:14.000Z</time>
      </trkpt>
      <trkpt lat="51.656567" lon="10.797863">
        <ele>619.132701</ele>
        <time>2026-04-08T14:08:15.000Z</time>
      </trkpt>
      <trkpt lat="51.656564" lon="10.797835">
        <ele>619.212654</ele>
        <time>2026-04-08T14:08:16.000Z</time>
      </trkpt>
      <trkpt lat="51.656560" lon="10.797805">
        <ele>619.298995</ele>
        <time>2026-04-08T14:08:17.000Z</time>
      </trkpt>
      <trkpt lat="51.656556" lon="10.797773">
        <ele>619.390846</ele>
        <time>2026-04-08T14:08:18.000Z</time>
      </trkpt>
      <trkpt lat="51.656554" lon="10.797743">
        <ele>619.475746</ele>
        <time>2026-04-08T14:08:19.000Z</time>
      </trkpt>
      <trkpt lat="51.656552" lon="10.797714">
        <ele>619.557848</ele>
        <time>2026-04-08T14:08:20.000Z</time>
      </trkpt>
      <trkpt lat="51.656551" lon="10.797685">
        <ele>619.639574</ele>
        <time>2026-04-08T14:08:21.000Z</time>
      </trkpt>
      <trkpt lat="51.656551" lon="10.797659">
        <ele>619.712733</ele>
        <time>2026-04-08T14:08:22.000Z</time>
      </trkpt>
      <trkpt lat="51.656548" lon="10.797631">
        <ele>619.792685</ele>
        <time>2026-04-08T14:08:23.000Z</time>
      </trkpt>
      <trkpt lat="51.656542" lon="10.797604">
        <ele>619.873385</ele>
        <time>2026-04-08T14:08:24.000Z</time>
      </trkpt>
      <trkpt lat="51.656540" lon="10.797576">
        <ele>619.952691</ele>
        <time>2026-04-08T14:08:25.000Z</time>
      </trkpt>
      <trkpt lat="51.656537" lon="10.797550">
        <ele>620.027104</ele>
        <time>2026-04-08T14:08:26.000Z</time>
      </trkpt>
      <trkpt lat="51.656533" lon="10.797523">
        <ele>620.105213</ele>
        <time>2026-04-08T14:08:27.000Z</time>
      </trkpt>
      <trkpt lat="51.656532" lon="10.797496">
        <ele>620.181321</ele>
        <time>2026-04-08T14:08:28.000Z</time>
      </trkpt>
      <trkpt lat="51.656529" lon="10.797465">
        <ele>620.269603</ele>
        <time>2026-04-08T14:08:29.000Z</time>
      </trkpt>
      <trkpt lat="51.656525" lon="10.797437">
        <ele>620.350451</ele>
        <time>2026-04-08T14:08:30.000Z</time>
      </trkpt>
      <trkpt lat="51.656522" lon="10.797411">
        <ele>620.424864</ele>
        <time>2026-04-08T14:08:31.000Z</time>
      </trkpt>
      <trkpt lat="51.656518" lon="10.797381">
        <ele>620.511206</ele>
        <time>2026-04-08T14:08:32.000Z</time>
      </trkpt>
      <trkpt lat="51.656514" lon="10.797352">
        <ele>620.594798</ele>
        <time>2026-04-08T14:08:33.000Z</time>
      </trkpt>
      <trkpt lat="51.656507" lon="10.797324">
        <ele>620.679741</ele>
        <time>2026-04-08T14:08:34.000Z</time>
      </trkpt>
      <trkpt lat="51.656502" lon="10.797296">
        <ele>620.761727</ele>
        <time>2026-04-08T14:08:35.000Z</time>
      </trkpt>
      <trkpt lat="51.656496" lon="10.797272">
        <ele>620.834535</ele>
        <time>2026-04-08T14:08:36.000Z</time>
      </trkpt>
      <trkpt lat="51.656491" lon="10.797245">
        <ele>620.913820</ele>
        <time>2026-04-08T14:08:37.000Z</time>
      </trkpt>
      <trkpt lat="51.656487" lon="10.797217">
        <ele>620.994668</ele>
        <time>2026-04-08T14:08:38.000Z</time>
      </trkpt>
      <trkpt lat="51.656486" lon="10.797188">
        <ele>621.076394</ele>
        <time>2026-04-08T14:08:39.000Z</time>
      </trkpt>
      <trkpt lat="51.656480" lon="10.797163">
        <ele>621.151819</ele>
        <time>2026-04-08T14:08:40.000Z</time>
      </trkpt>
      <trkpt lat="51.656476" lon="10.797139">
        <ele>621.221745</ele>
        <time>2026-04-08T14:08:41.000Z</time>
      </trkpt>
      <trkpt lat="51.656472" lon="10.797112">
        <ele>621.299854</ele>
        <time>2026-04-08T14:08:42.000Z</time>
      </trkpt>
      <trkpt lat="51.656465" lon="10.797086">
        <ele>621.379605</ele>
        <time>2026-04-08T14:08:43.000Z</time>
      </trkpt>
      <trkpt lat="51.656460" lon="10.797061">
        <ele>621.453515</ele>
        <time>2026-04-08T14:08:44.000Z</time>
      </trkpt>
      <trkpt lat="51.656457" lon="10.797035">
        <ele>621.527928</ele>
        <time>2026-04-08T14:08:45.000Z</time>
      </trkpt>
      <trkpt lat="51.656453" lon="10.797011">
        <ele>621.597854</ele>
        <time>2026-04-08T14:08:46.000Z</time>
      </trkpt>
      <trkpt lat="51.656449" lon="10.796986">
        <ele>621.670501</ele>
        <time>2026-04-08T14:08:47.000Z</time>
      </trkpt>
      <trkpt lat="51.656448" lon="10.796963">
        <ele>621.735377</ele>
        <time>2026-04-08T14:08:48.000Z</time>
      </trkpt>
      <trkpt lat="51.656445" lon="10.796940">
        <ele>621.801509</ele>
        <time>2026-04-08T14:08:49.000Z</time>
      </trkpt>
      <trkpt lat="51.656441" lon="10.796919">
        <ele>621.863321</ele>
        <time>2026-04-08T14:08:50.000Z</time>
      </trkpt>
      <trkpt lat="51.656438" lon="10.796897">
        <ele>621.926703</ele>
        <time>2026-04-08T14:08:51.000Z</time>
      </trkpt>
      <trkpt lat="51.656434" lon="10.796875">
        <ele>621.991210</ele>
        <time>2026-04-08T14:08:52.000Z</time>
      </trkpt>
      <trkpt lat="51.656430" lon="10.796852">
        <ele>622.058422</ele>
        <time>2026-04-08T14:08:53.000Z</time>
      </trkpt>
      <trkpt lat="51.656426" lon="10.796834">
        <ele>622.112222</ele>
        <time>2026-04-08T14:08:54.000Z</time>
      </trkpt>
      <trkpt lat="51.656422" lon="10.796829">
        <ele>622.135181</ele>
        <time>2026-04-08T14:08:55.000Z</time>
      </trkpt>
      <trkpt lat="51.656425" lon="10.796826">
        <ele>622.151193</ele>
        <time>2026-04-08T14:08:56.000Z</time>
      </trkpt>
      <trkpt lat="51.656425" lon="10.796825">
        <ele>622.154007</ele>
        <time>2026-04-08T14:08:57.000Z</time>
      </trkpt>
      <trkpt lat="51.656412" lon="10.796768">
        <ele>622.324889</ele>
        <time>2026-04-08T14:19:46.000Z</time>
      </trkpt>
      <trkpt lat="51.656410" lon="10.796750">
        <ele>622.376343</ele>
        <time>2026-04-08T14:19:47.000Z</time>
      </trkpt>
      <trkpt lat="51.656404" lon="10.796729">
        <ele>622.441398</ele>
        <time>2026-04-08T14:19:48.000Z</time>
      </trkpt>
      <trkpt lat="51.656396" lon="10.796707">
        <ele>622.513152</ele>
        <time>2026-04-08T14:19:49.000Z</time>
      </trkpt>
      <trkpt lat="51.656395" lon="10.796685">
        <ele>622.575222</ele>
        <time>2026-04-08T14:19:50.000Z</time>
      </trkpt>
      <trkpt lat="51.656392" lon="10.796659">
        <ele>622.649635</ele>
        <time>2026-04-08T14:19:51.000Z</time>
      </trkpt>
      <trkpt lat="51.656385" lon="10.796635">
        <ele>622.724258</ele>
        <time>2026-04-08T14:19:52.000Z</time>
      </trkpt>
      <trkpt lat="51.656377" lon="10.796605">
        <ele>622.816140</ele>
        <time>2026-04-08T14:19:53.000Z</time>
      </trkpt>
      <trkpt lat="51.656376" lon="10.796573">
        <ele>622.906296</ele>
        <time>2026-04-08T14:19:54.000Z</time>
      </trkpt>
      <trkpt lat="51.656373" lon="10.796540">
        <ele>623.000143</ele>
        <time>2026-04-08T14:19:55.000Z</time>
      </trkpt>
      <trkpt lat="51.656369" lon="10.796508">
        <ele>623.091994</ele>
        <time>2026-04-08T14:19:56.000Z</time>
      </trkpt>
      <trkpt lat="51.656362" lon="10.796470">
        <ele>623.203533</ele>
        <time>2026-04-08T14:19:57.000Z</time>
      </trkpt>
      <trkpt lat="51.656358" lon="10.796432">
        <ele>623.311986</ele>
        <time>2026-04-08T14:19:58.000Z</time>
      </trkpt>
      <trkpt lat="51.656354" lon="10.796388">
        <ele>623.437115</ele>
        <time>2026-04-08T14:19:59.000Z</time>
      </trkpt>
      <trkpt lat="51.656350" lon="10.796340">
        <ele>623.573391</ele>
        <time>2026-04-08T14:20:00.000Z</time>
      </trkpt>
      <trkpt lat="51.656343" lon="10.796297">
        <ele>623.698481</ele>
        <time>2026-04-08T14:20:01.000Z</time>
      </trkpt>
      <trkpt lat="51.656333" lon="10.796253">
        <ele>623.830335</ele>
        <time>2026-04-08T14:20:02.000Z</time>
      </trkpt>
      <trkpt lat="51.656317" lon="10.796213">
        <ele>623.964254</ele>
        <time>2026-04-08T14:20:03.000Z</time>
      </trkpt>
      <trkpt lat="51.656309" lon="10.796175">
        <ele>624.077168</ele>
        <time>2026-04-08T14:20:04.000Z</time>
      </trkpt>
      <trkpt lat="51.656304" lon="10.796132">
        <ele>624.200268</ele>
        <time>2026-04-08T14:20:05.000Z</time>
      </trkpt>
      <trkpt lat="51.656297" lon="10.796085">
        <ele>624.336275</ele>
        <time>2026-04-08T14:20:06.000Z</time>
      </trkpt>
      <trkpt lat="51.656289" lon="10.796036">
        <ele>624.478846</ele>
        <time>2026-04-08T14:20:07.000Z</time>
      </trkpt>
      <trkpt lat="51.656279" lon="10.795990">
        <ele>624.615998</ele>
        <time>2026-04-08T14:20:08.000Z</time>
      </trkpt>
      <trkpt lat="51.656277" lon="10.795940">
        <ele>624.756981</ele>
        <time>2026-04-08T14:20:09.000Z</time>
      </trkpt>
      <trkpt lat="51.656270" lon="10.795890">
        <ele>624.901209</ele>
        <time>2026-04-08T14:20:10.000Z</time>
      </trkpt>
      <trkpt lat="51.656263" lon="10.795837">
        <ele>625.053683</ele>
        <time>2026-04-08T14:20:11.000Z</time>
      </trkpt>
      <trkpt lat="51.656258" lon="10.795782">
        <ele>625.210096</ele>
        <time>2026-04-08T14:20:12.000Z</time>
      </trkpt>
      <trkpt lat="51.656254" lon="10.795729">
        <ele>625.360327</ele>
        <time>2026-04-08T14:20:13.000Z</time>
      </trkpt>
      <trkpt lat="51.656251" lon="10.795675">
        <ele>625.512881</ele>
        <time>2026-04-08T14:20:14.000Z</time>
      </trkpt>
      <trkpt lat="51.656247" lon="10.795617">
        <ele>625.677087</ele>
        <time>2026-04-08T14:20:15.000Z</time>
      </trkpt>
      <trkpt lat="51.656246" lon="10.795555">
        <ele>625.851602</ele>
        <time>2026-04-08T14:20:16.000Z</time>
      </trkpt>
      <trkpt lat="51.656246" lon="10.795484">
        <ele>626.051383</ele>
        <time>2026-04-08T14:20:17.000Z</time>
      </trkpt>
      <trkpt lat="51.656240" lon="10.795418">
        <ele>625.782630</ele>
        <time>2026-04-08T14:20:18.000Z</time>
      </trkpt>
      <trkpt lat="51.656236" lon="10.795351">
        <ele>625.290096</ele>
        <time>2026-04-08T14:20:19.000Z</time>
      </trkpt>
      <trkpt lat="51.656226" lon="10.795286">
        <ele>624.800056</ele>
        <time>2026-04-08T14:20:20.000Z</time>
      </trkpt>
      <trkpt lat="51.656220" lon="10.795217">
        <ele>624.290216</ele>
        <time>2026-04-08T14:20:21.000Z</time>
      </trkpt>
      <trkpt lat="51.656213" lon="10.795153">
        <ele>623.814677</ele>
        <time>2026-04-08T14:20:22.000Z</time>
      </trkpt>
      <trkpt lat="51.656212" lon="10.795087">
        <ele>623.331582</ele>
        <time>2026-04-08T14:20:23.000Z</time>
      </trkpt>
      <trkpt lat="51.656212" lon="10.795021">
        <ele>622.848630</ele>
        <time>2026-04-08T14:20:24.000Z</time>
      </trkpt>
      <trkpt lat="51.656215" lon="10.794950">
        <ele>622.327888</ele>
        <time>2026-04-08T14:20:25.000Z</time>
      </trkpt>
      <trkpt lat="51.656219" lon="10.794877">
        <ele>621.791635</ele>
        <time>2026-04-08T14:20:26.000Z</time>
      </trkpt>
      <trkpt lat="51.656223" lon="10.794802">
        <ele>621.240802</ele>
        <time>2026-04-08T14:20:27.000Z</time>
      </trkpt>
      <trkpt lat="51.656229" lon="10.794732">
        <ele>620.723715</ele>
        <time>2026-04-08T14:20:28.000Z</time>
      </trkpt>
      <trkpt lat="51.656237" lon="10.794663">
        <ele>620.210070</ele>
        <time>2026-04-08T14:20:29.000Z</time>
      </trkpt>
      <trkpt lat="51.656245" lon="10.794599">
        <ele>619.732342</ele>
        <time>2026-04-08T14:20:30.000Z</time>
      </trkpt>
      <trkpt lat="51.656249" lon="10.794532">
        <ele>619.239809</ele>
        <time>2026-04-08T14:20:31.000Z</time>
      </trkpt>
      <trkpt lat="51.656253" lon="10.794464">
        <ele>618.739991</ele>
        <time>2026-04-08T14:20:32.000Z</time>
      </trkpt>
      <trkpt lat="51.656257" lon="10.794393">
        <ele>618.218315</ele>
        <time>2026-04-08T14:20:33.000Z</time>
      </trkpt>
      <trkpt lat="51.656258" lon="10.794331">
        <ele>617.764480</ele>
        <time>2026-04-08T14:20:34.000Z</time>
      </trkpt>
      <trkpt lat="51.656261" lon="10.794255">
        <ele>617.207230</ele>
        <time>2026-04-08T14:20:35.000Z</time>
      </trkpt>
      <trkpt lat="51.656261" lon="10.794183">
        <ele>616.680375</ele>
        <time>2026-04-08T14:20:36.000Z</time>
      </trkpt>
      <trkpt lat="51.656261" lon="10.794108">
        <ele>616.131567</ele>
        <time>2026-04-08T14:20:37.000Z</time>
      </trkpt>
      <trkpt lat="51.656258" lon="10.794031">
        <ele>615.567014</ele>
        <time>2026-04-08T14:20:38.000Z</time>
      </trkpt>
      <trkpt lat="51.656258" lon="10.793951">
        <ele>614.981619</ele>
        <time>2026-04-08T14:20:39.000Z</time>
      </trkpt>
      <trkpt lat="51.656258" lon="10.793882">
        <ele>614.476716</ele>
        <time>2026-04-08T14:20:40.000Z</time>
      </trkpt>
      <trkpt lat="51.656251" lon="10.793816">
        <ele>613.986758</ele>
        <time>2026-04-08T14:20:41.000Z</time>
      </trkpt>
      <trkpt lat="51.656244" lon="10.793746">
        <ele>613.467925</ele>
        <time>2026-04-08T14:20:42.000Z</time>
      </trkpt>
      <trkpt lat="51.656227" lon="10.793671">
        <ele>612.883633</ele>
        <time>2026-04-08T14:20:43.000Z</time>
      </trkpt>
      <trkpt lat="51.656211" lon="10.793592">
        <ele>612.275529</ele>
        <time>2026-04-08T14:20:44.000Z</time>
      </trkpt>
      <trkpt lat="51.656195" lon="10.793518">
        <ele>611.702093</ele>
        <time>2026-04-08T14:20:45.000Z</time>
      </trkpt>
      <trkpt lat="51.656181" lon="10.793443">
        <ele>611.128980</ele>
        <time>2026-04-08T14:20:46.000Z</time>
      </trkpt>
      <trkpt lat="51.656162" lon="10.793362">
        <ele>610.495313</ele>
        <time>2026-04-08T14:20:47.000Z</time>
      </trkpt>
      <trkpt lat="51.656146" lon="10.793293">
        <ele>609.956291</ele>
        <time>2026-04-08T14:20:48.000Z</time>
      </trkpt>
      <trkpt lat="51.656131" lon="10.793224">
        <ele>609.421285</ele>
        <time>2026-04-08T14:20:49.000Z</time>
      </trkpt>
      <trkpt lat="51.656109" lon="10.793163">
        <ele>608.904972</ele>
        <time>2026-04-08T14:20:50.000Z</time>
      </trkpt>
      <trkpt lat="51.656092" lon="10.793093">
        <ele>608.354901</ele>
        <time>2026-04-08T14:20:51.000Z</time>
      </trkpt>
      <trkpt lat="51.656077" lon="10.793021">
        <ele>607.799129</ele>
        <time>2026-04-08T14:20:52.000Z</time>
      </trkpt>
      <trkpt lat="51.656059" lon="10.792946">
        <ele>607.210683</ele>
        <time>2026-04-08T14:20:53.000Z</time>
      </trkpt>
      <trkpt lat="51.656037" lon="10.792875">
        <ele>606.629943</ele>
        <time>2026-04-08T14:20:54.000Z</time>
      </trkpt>
      <trkpt lat="51.656011" lon="10.792810">
        <ele>606.064012</ele>
        <time>2026-04-08T14:20:55.000Z</time>
      </trkpt>
      <trkpt lat="51.655982" lon="10.792746">
        <ele>605.484075</ele>
        <time>2026-04-08T14:20:56.000Z</time>
      </trkpt>
      <trkpt lat="51.655950" lon="10.792673">
        <ele>604.813729</ele>
        <time>2026-04-08T14:20:57.000Z</time>
      </trkpt>
      <trkpt lat="51.655914" lon="10.792606">
        <ele>604.007762</ele>
        <time>2026-04-08T14:20:58.000Z</time>
      </trkpt>
      <trkpt lat="51.655875" lon="10.792533">
        <ele>603.131763</ele>
        <time>2026-04-08T14:20:59.000Z</time>
      </trkpt>
      <trkpt lat="51.655835" lon="10.792458">
        <ele>602.232418</ele>
        <time>2026-04-08T14:21:00.000Z</time>
      </trkpt>
      <trkpt lat="51.655794" lon="10.792384">
        <ele>601.330252</ele>
        <time>2026-04-08T14:21:01.000Z</time>
      </trkpt>
      <trkpt lat="51.655751" lon="10.792304">
        <ele>600.367757</ele>
        <time>2026-04-08T14:21:02.000Z</time>
      </trkpt>
      <trkpt lat="51.655711" lon="10.792225">
        <ele>599.440526</ele>
        <time>2026-04-08T14:21:03.000Z</time>
      </trkpt>
      <trkpt lat="51.655671" lon="10.792148">
        <ele>598.527312</ele>
        <time>2026-04-08T14:21:04.000Z</time>
      </trkpt>
      <trkpt lat="51.655625" lon="10.792066">
        <ele>597.522052</ele>
        <time>2026-04-08T14:21:05.000Z</time>
      </trkpt>
      <trkpt lat="51.655583" lon="10.791987">
        <ele>596.576012</ele>
        <time>2026-04-08T14:21:06.000Z</time>
      </trkpt>
      <trkpt lat="51.655537" lon="10.791907">
        <ele>595.584165</ele>
        <time>2026-04-08T14:21:07.000Z</time>
      </trkpt>
      <trkpt lat="51.655491" lon="10.791826">
        <ele>594.585629</ele>
        <time>2026-04-08T14:21:08.000Z</time>
      </trkpt>
      <trkpt lat="51.655444" lon="10.791741">
        <ele>593.550276</ele>
        <time>2026-04-08T14:21:09.000Z</time>
      </trkpt>
      <trkpt lat="51.655400" lon="10.791661">
        <ele>592.578116</ele>
        <time>2026-04-08T14:21:10.000Z</time>
      </trkpt>
      <trkpt lat="51.655352" lon="10.791577">
        <ele>591.539659</ele>
        <time>2026-04-08T14:21:11.000Z</time>
      </trkpt>
      <trkpt lat="51.655302" lon="10.791489">
        <ele>590.454583</ele>
        <time>2026-04-08T14:21:12.000Z</time>
      </trkpt>
      <trkpt lat="51.655254" lon="10.791404">
        <ele>589.409418</ele>
        <time>2026-04-08T14:21:13.000Z</time>
      </trkpt>
      <trkpt lat="51.655197" lon="10.791309">
        <ele>588.207661</ele>
        <time>2026-04-08T14:21:14.000Z</time>
      </trkpt>
      <trkpt lat="51.655137" lon="10.791210">
        <ele>586.949173</ele>
        <time>2026-04-08T14:21:15.000Z</time>
      </trkpt>
      <trkpt lat="51.655085" lon="10.791117">
        <ele>585.810730</ele>
        <time>2026-04-08T14:21:16.000Z</time>
      </trkpt>
      <trkpt lat="51.655025" lon="10.791015">
        <ele>584.532585</ele>
        <time>2026-04-08T14:21:17.000Z</time>
      </trkpt>
      <trkpt lat="51.654964" lon="10.790913">
        <ele>583.244310</ele>
        <time>2026-04-08T14:21:18.000Z</time>
      </trkpt>
      <trkpt lat="51.654897" lon="10.790802">
        <ele>581.836065</ele>
        <time>2026-04-08T14:21:19.000Z</time>
      </trkpt>
      <trkpt lat="51.654828" lon="10.790691">
        <ele>580.407222</ele>
        <time>2026-04-08T14:21:20.000Z</time>
      </trkpt>
      <trkpt lat="51.654765" lon="10.790582">
        <ele>579.052576</ele>
        <time>2026-04-08T14:21:21.000Z</time>
      </trkpt>
      <trkpt lat="51.654708" lon="10.790475">
        <ele>578.188364</ele>
        <time>2026-04-08T14:21:22.000Z</time>
      </trkpt>
      <trkpt lat="51.654656" lon="10.790365">
        <ele>577.619187</ele>
        <time>2026-04-08T14:21:23.000Z</time>
      </trkpt>
      <trkpt lat="51.654611" lon="10.790268">
        <ele>577.120692</ele>
        <time>2026-04-08T14:21:24.000Z</time>
      </trkpt>
      <trkpt lat="51.654568" lon="10.790175">
        <ele>576.643326</ele>
        <time>2026-04-08T14:21:25.000Z</time>
      </trkpt>
      <trkpt lat="51.654526" lon="10.790093">
        <ele>576.205684</ele>
        <time>2026-04-08T14:21:26.000Z</time>
      </trkpt>
      <trkpt lat="51.654493" lon="10.790020">
        <ele>575.833939</ele>
        <time>2026-04-08T14:21:27.000Z</time>
      </trkpt>
      <trkpt lat="51.654464" lon="10.789964">
        <ele>575.533718</ele>
        <time>2026-04-08T14:21:28.000Z</time>
      </trkpt>
      <trkpt lat="51.654432" lon="10.789915">
        <ele>575.240910</ele>
        <time>2026-04-08T14:21:29.000Z</time>
      </trkpt>
      <trkpt lat="51.654409" lon="10.789887">
        <ele>575.049701</ele>
        <time>2026-04-08T14:21:30.000Z</time>
      </trkpt>
      <trkpt lat="51.654387" lon="10.789860">
        <ele>574.866264</ele>
        <time>2026-04-08T14:21:31.000Z</time>
      </trkpt>
      <trkpt lat="51.654375" lon="10.789847">
        <ele>574.770347</ele>
        <time>2026-04-08T14:21:32.000Z</time>
      </trkpt>
      <trkpt lat="51.654373" lon="10.789846">
        <ele>574.756455</ele>
        <time>2026-04-08T14:21:33.000Z</time>
      </trkpt>
      <trkpt lat="51.654373" lon="10.789846">
        <ele>574.756455</ele>
        <time>2026-04-08T14:21:35.000Z</time>
      </trkpt>
      <trkpt lat="51.654353" lon="10.789829">
        <ele>574.606458</ele>
        <time>2026-04-08T14:22:01.000Z</time>
      </trkpt>
      <trkpt lat="51.654341" lon="10.789821">
        <ele>574.520311</ele>
        <time>2026-04-08T14:22:02.000Z</time>
      </trkpt>
      <trkpt lat="51.654327" lon="10.789807">
        <ele>574.411013</ele>
        <time>2026-04-08T14:22:03.000Z</time>
      </trkpt>
      <trkpt lat="51.654311" lon="10.789789">
        <ele>574.281574</ele>
        <time>2026-04-08T14:22:04.000Z</time>
      </trkpt>
      <trkpt lat="51.654296" lon="10.789773">
        <ele>574.162248</ele>
        <time>2026-04-08T14:22:05.000Z</time>
      </trkpt>
      <trkpt lat="51.654275" lon="10.789756">
        <ele>574.006353</ele>
        <time>2026-04-08T14:22:06.000Z</time>
      </trkpt>
      <trkpt lat="51.654259" lon="10.789738">
        <ele>573.876913</ele>
        <time>2026-04-08T14:22:07.000Z</time>
      </trkpt>
      <trkpt lat="51.654236" lon="10.789716">
        <ele>573.699488</ele>
        <time>2026-04-08T14:22:08.000Z</time>
      </trkpt>
      <trkpt lat="51.654213" lon="10.789698">
        <ele>573.529873</ele>
        <time>2026-04-08T14:22:09.000Z</time>
      </trkpt>
      <trkpt lat="51.654188" lon="10.789677">
        <ele>573.342855</ele>
        <time>2026-04-08T14:22:10.000Z</time>
      </trkpt>
      <trkpt lat="51.654165" lon="10.789653">
        <ele>573.161091</ele>
        <time>2026-04-08T14:22:11.000Z</time>
      </trkpt>
      <trkpt lat="51.654138" lon="10.789623">
        <ele>572.943541</ele>
        <time>2026-04-08T14:22:12.000Z</time>
      </trkpt>
      <trkpt lat="51.654112" lon="10.789592">
        <ele>572.728998</ele>
        <time>2026-04-08T14:22:13.000Z</time>
      </trkpt>
      <trkpt lat="51.654082" lon="10.789557">
        <ele>572.483317</ele>
        <time>2026-04-08T14:22:14.000Z</time>
      </trkpt>
      <trkpt lat="51.654049" lon="10.789522">
        <ele>572.221254</ele>
        <time>2026-04-08T14:22:15.000Z</time>
      </trkpt>
      <trkpt lat="51.654014" lon="10.789488">
        <ele>571.950158</ele>
        <time>2026-04-08T14:22:16.000Z</time>
      </trkpt>
      <trkpt lat="51.653980" lon="10.789451">
        <ele>571.678010</ele>
        <time>2026-04-08T14:22:17.000Z</time>
      </trkpt>
      <trkpt lat="51.653947" lon="10.789412">
        <ele>571.406549</ele>
        <time>2026-04-08T14:22:18.000Z</time>
      </trkpt>
      <trkpt lat="51.653912" lon="10.789376">
        <ele>571.131113</ele>
        <time>2026-04-08T14:22:19.000Z</time>
      </trkpt>
      <trkpt lat="51.653877" lon="10.789342">
        <ele>570.860017</ele>
        <time>2026-04-08T14:22:20.000Z</time>
      </trkpt>
      <trkpt lat="51.653843" lon="10.789308">
        <ele>570.594580</ele>
        <time>2026-04-08T14:22:21.000Z</time>
      </trkpt>
      <trkpt lat="51.653806" lon="10.789278">
        <ele>570.319818</ele>
        <time>2026-04-08T14:22:22.000Z</time>
      </trkpt>
      <trkpt lat="51.653767" lon="10.789250">
        <ele>570.036589</ele>
        <time>2026-04-08T14:22:23.000Z</time>
      </trkpt>
      <trkpt lat="51.653729" lon="10.789225">
        <ele>569.764308</ele>
        <time>2026-04-08T14:22:24.000Z</time>
      </trkpt>
      <trkpt lat="51.653689" lon="10.789203">
        <ele>569.483927</ele>
        <time>2026-04-08T14:22:25.000Z</time>
      </trkpt>
      <trkpt lat="51.653646" lon="10.789179">
        <ele>569.182049</ele>
        <time>2026-04-08T14:22:26.000Z</time>
      </trkpt>
      <trkpt lat="51.653601" lon="10.789154">
        <ele>568.866287</ele>
        <time>2026-04-08T14:22:27.000Z</time>
      </trkpt>
      <trkpt lat="51.653555" lon="10.789130">
        <ele>568.545537</ele>
        <time>2026-04-08T14:22:28.000Z</time>
      </trkpt>
      <trkpt lat="51.653503" lon="10.789103">
        <ele>568.183114</ele>
        <time>2026-04-08T14:22:29.000Z</time>
      </trkpt>
      <trkpt lat="51.653447" lon="10.789067">
        <ele>567.783156</ele>
        <time>2026-04-08T14:22:30.000Z</time>
      </trkpt>
      <trkpt lat="51.653393" lon="10.789026">
        <ele>567.387168</ele>
        <time>2026-04-08T14:22:31.000Z</time>
      </trkpt>
      <trkpt lat="51.653334" lon="10.788984">
        <ele>566.959291</ele>
        <time>2026-04-08T14:22:32.000Z</time>
      </trkpt>
      <trkpt lat="51.653276" lon="10.788935">
        <ele>566.519362</ele>
        <time>2026-04-08T14:22:33.000Z</time>
      </trkpt>
      <trkpt lat="51.653215" lon="10.788885">
        <ele>566.032972</ele>
        <time>2026-04-08T14:22:34.000Z</time>
      </trkpt>
      <trkpt lat="51.653153" lon="10.788831">
        <ele>565.532095</ele>
        <time>2026-04-08T14:22:35.000Z</time>
      </trkpt>
      <trkpt lat="51.653090" lon="10.788776">
        <ele>565.022869</ele>
        <time>2026-04-08T14:22:36.000Z</time>
      </trkpt>
      <trkpt lat="51.653031" lon="10.788724">
        <ele>564.544937</ele>
        <time>2026-04-08T14:22:37.000Z</time>
      </trkpt>
      <trkpt lat="51.652973" lon="10.788673">
        <ele>564.075357</ele>
        <time>2026-04-08T14:22:38.000Z</time>
      </trkpt>
      <trkpt lat="51.652912" lon="10.788630">
        <ele>563.602157</ele>
        <time>2026-04-08T14:22:39.000Z</time>
      </trkpt>
      <trkpt lat="51.652849" lon="10.788585">
        <ele>563.112394</ele>
        <time>2026-04-08T14:22:40.000Z</time>
      </trkpt>
      <trkpt lat="51.652789" lon="10.788538">
        <ele>562.638258</ele>
        <time>2026-04-08T14:22:41.000Z</time>
      </trkpt>
      <trkpt lat="51.652733" lon="10.788483">
        <ele>562.172174</ele>
        <time>2026-04-08T14:22:42.000Z</time>
      </trkpt>
      <trkpt lat="51.652679" lon="10.788431">
        <ele>561.725096</ele>
        <time>2026-04-08T14:22:43.000Z</time>
      </trkpt>
      <trkpt lat="51.652618" lon="10.788374">
        <ele>561.223957</ele>
        <time>2026-04-08T14:22:44.000Z</time>
      </trkpt>
      <trkpt lat="51.652561" lon="10.788323">
        <ele>560.760602</ele>
        <time>2026-04-08T14:22:45.000Z</time>
      </trkpt>
      <trkpt lat="51.652506" lon="10.788273">
        <ele>560.311805</ele>
        <time>2026-04-08T14:22:46.000Z</time>
      </trkpt>
      <trkpt lat="51.652449" lon="10.788229">
        <ele>559.862620</ele>
        <time>2026-04-08T14:22:47.000Z</time>
      </trkpt>
      <trkpt lat="51.652387" lon="10.788193">
        <ele>559.394241</ele>
        <time>2026-04-08T14:22:48.000Z</time>
      </trkpt>
      <trkpt lat="51.652324" lon="10.788162">
        <ele>558.926076</ele>
        <time>2026-04-08T14:22:49.000Z</time>
      </trkpt>
      <trkpt lat="51.652254" lon="10.788127">
        <ele>558.405171</ele>
        <time>2026-04-08T14:22:50.000Z</time>
      </trkpt>
      <trkpt lat="51.652187" lon="10.788086">
        <ele>557.895811</ele>
        <time>2026-04-08T14:22:51.000Z</time>
      </trkpt>
      <trkpt lat="51.652123" lon="10.788044">
        <ele>557.404681</ele>
        <time>2026-04-08T14:22:52.000Z</time>
      </trkpt>
      <trkpt lat="51.652058" lon="10.788012">
        <ele>556.921632</ele>
        <time>2026-04-08T14:22:53.000Z</time>
      </trkpt>
      <trkpt lat="51.651998" lon="10.787980">
        <ele>556.472450</ele>
        <time>2026-04-08T14:22:54.000Z</time>
      </trkpt>
      <trkpt lat="51.651934" lon="10.787938">
        <ele>555.981319</ele>
        <time>2026-04-08T14:22:55.000Z</time>
      </trkpt>
      <trkpt lat="51.651874" lon="10.787884">
        <ele>555.492898</ele>
        <time>2026-04-08T14:22:56.000Z</time>
      </trkpt>
      <trkpt lat="51.651828" lon="10.787833">
        <ele>555.096078</ele>
        <time>2026-04-08T14:22:57.000Z</time>
      </trkpt>
      <trkpt lat="51.651773" lon="10.787775">
        <ele>554.628936</ele>
        <time>2026-04-08T14:22:58.000Z</time>
      </trkpt>
      <trkpt lat="51.651721" lon="10.787725">
        <ele>554.198582</ele>
        <time>2026-04-08T14:22:59.000Z</time>
      </trkpt>
      <trkpt lat="51.651672" lon="10.787684">
        <ele>553.807766</ele>
        <time>2026-04-08T14:23:00.000Z</time>
      </trkpt>
      <trkpt lat="51.651630" lon="10.787648">
        <ele>553.513141</ele>
        <time>2026-04-08T14:23:01.000Z</time>
      </trkpt>
      <trkpt lat="51.651592" lon="10.787618">
        <ele>553.251070</ele>
        <time>2026-04-08T14:23:02.000Z</time>
      </trkpt>
      <trkpt lat="51.651548" lon="10.787586">
        <ele>552.952096</ele>
        <time>2026-04-08T14:23:03.000Z</time>
      </trkpt>
      <trkpt lat="51.651511" lon="10.787559">
        <ele>552.700542</ele>
        <time>2026-04-08T14:23:04.000Z</time>
      </trkpt>
      <trkpt lat="51.651473" lon="10.787529">
        <ele>552.438471</ele>
        <time>2026-04-08T14:23:05.000Z</time>
      </trkpt>
      <trkpt lat="51.651434" lon="10.787499">
        <ele>552.170823</ele>
        <time>2026-04-08T14:23:06.000Z</time>
      </trkpt>
      <trkpt lat="51.651401" lon="10.787464">
        <ele>551.926154</ele>
        <time>2026-04-08T14:23:07.000Z</time>
      </trkpt>
      <trkpt lat="51.651366" lon="10.787431">
        <ele>551.675014</ele>
        <time>2026-04-08T14:23:08.000Z</time>
      </trkpt>
      <trkpt lat="51.651333" lon="10.787405">
        <ele>551.447514</ele>
        <time>2026-04-08T14:23:09.000Z</time>
      </trkpt>
      <trkpt lat="51.651295" lon="10.787377">
        <ele>551.188731</ele>
        <time>2026-04-08T14:23:10.000Z</time>
      </trkpt>
      <trkpt lat="51.651264" lon="10.787359">
        <ele>550.984653</ele>
        <time>2026-04-08T14:23:11.000Z</time>
      </trkpt>
      <trkpt lat="51.651238" lon="10.787335">
        <ele>550.799081</ele>
        <time>2026-04-08T14:23:12.000Z</time>
      </trkpt>
      <trkpt lat="51.651216" lon="10.787314">
        <ele>550.640720</ele>
        <time>2026-04-08T14:23:13.000Z</time>
      </trkpt>
      <trkpt lat="51.651192" lon="10.787293">
        <ele>550.471583</ele>
        <time>2026-04-08T14:23:14.000Z</time>
      </trkpt>
      <trkpt lat="51.651170" lon="10.787271">
        <ele>550.311229</ele>
        <time>2026-04-08T14:23:15.000Z</time>
      </trkpt>
      <trkpt lat="51.651144" lon="10.787246">
        <ele>550.123718</ele>
        <time>2026-04-08T14:23:16.000Z</time>
      </trkpt>
      <trkpt lat="51.651115" lon="10.787218">
        <ele>549.914343</ele>
        <time>2026-04-08T14:23:17.000Z</time>
      </trkpt>
      <trkpt lat="51.651080" lon="10.787183">
        <ele>549.659235</ele>
        <time>2026-04-08T14:23:18.000Z</time>
      </trkpt>
      <trkpt lat="51.651040" lon="10.787159">
        <ele>549.394884</ele>
        <time>2026-04-08T14:23:19.000Z</time>
      </trkpt>
      <trkpt lat="51.651000" lon="10.787137">
        <ele>549.133116</ele>
        <time>2026-04-08T14:23:20.000Z</time>
      </trkpt>
      <trkpt lat="51.650964" lon="10.787121">
        <ele>548.901827</ele>
        <time>2026-04-08T14:23:21.000Z</time>
      </trkpt>
      <trkpt lat="51.650927" lon="10.787096">
        <ele>548.653344</ele>
        <time>2026-04-08T14:23:22.000Z</time>
      </trkpt>
      <trkpt lat="51.650893" lon="10.787070">
        <ele>548.420264</ele>
        <time>2026-04-08T14:23:23.000Z</time>
      </trkpt>
      <trkpt lat="51.650856" lon="10.787045">
        <ele>548.171781</ele>
        <time>2026-04-08T14:23:24.000Z</time>
      </trkpt>
      <trkpt lat="51.650825" lon="10.787023">
        <ele>547.961993</ele>
        <time>2026-04-08T14:23:25.000Z</time>
      </trkpt>
      <trkpt lat="51.650794" lon="10.786987">
        <ele>547.725346</ele>
        <time>2026-04-08T14:23:26.000Z</time>
      </trkpt>
      <trkpt lat="51.650763" lon="10.786951">
        <ele>547.488699</ele>
        <time>2026-04-08T14:23:27.000Z</time>
      </trkpt>
      <trkpt lat="51.650739" lon="10.786907">
        <ele>547.263567</ele>
        <time>2026-04-08T14:23:28.000Z</time>
      </trkpt>
      <trkpt lat="51.650725" lon="10.786859">
        <ele>547.059749</ele>
        <time>2026-04-08T14:23:29.000Z</time>
      </trkpt>
      <trkpt lat="51.650720" lon="10.786808">
        <ele>546.861335</ele>
        <time>2026-04-08T14:23:30.000Z</time>
      </trkpt>
      <trkpt lat="51.650716" lon="10.786760">
        <ele>546.675224</ele>
        <time>2026-04-08T14:23:31.000Z</time>
      </trkpt>
      <trkpt lat="51.650715" lon="10.786711">
        <ele>546.486825</ele>
        <time>2026-04-08T14:23:32.000Z</time>
      </trkpt>
      <trkpt lat="51.650712" lon="10.786659">
        <ele>546.286138</ele>
        <time>2026-04-08T14:23:33.000Z</time>
      </trkpt>
      <trkpt lat="51.650708" lon="10.786601">
        <ele>546.061883</ele>
        <time>2026-04-08T14:23:34.000Z</time>
      </trkpt>
      <trkpt lat="51.650704" lon="10.786544">
        <ele>545.841447</ele>
        <time>2026-04-08T14:23:35.000Z</time>
      </trkpt>
      <trkpt lat="51.650700" lon="10.786483">
        <ele>545.605731</ele>
        <time>2026-04-08T14:23:36.000Z</time>
      </trkpt>
      <trkpt lat="51.650700" lon="10.786424">
        <ele>545.379006</ele>
        <time>2026-04-08T14:23:37.000Z</time>
      </trkpt>
      <trkpt lat="51.650697" lon="10.786358">
        <ele>545.124701</ele>
        <time>2026-04-08T14:23:38.000Z</time>
      </trkpt>
      <trkpt lat="51.650696" lon="10.786295">
        <ele>544.882526</ele>
        <time>2026-04-08T14:23:39.000Z</time>
      </trkpt>
      <trkpt lat="51.650693" lon="10.786228">
        <ele>544.624389</ele>
        <time>2026-04-08T14:23:40.000Z</time>
      </trkpt>
      <trkpt lat="51.650692" lon="10.786166">
        <ele>544.386055</ele>
        <time>2026-04-08T14:23:41.000Z</time>
      </trkpt>
      <trkpt lat="51.650695" lon="10.786098">
        <ele>544.124084</ele>
        <time>2026-04-08T14:23:42.000Z</time>
      </trkpt>
      <trkpt lat="51.650702" lon="10.786029">
        <ele>543.855410</ele>
        <time>2026-04-08T14:23:43.000Z</time>
      </trkpt>
      <trkpt lat="51.650710" lon="10.785958">
        <ele>543.578109</ele>
        <time>2026-04-08T14:23:44.000Z</time>
      </trkpt>
      <trkpt lat="51.650720" lon="10.785890">
        <ele>543.309559</ele>
        <time>2026-04-08T14:23:45.000Z</time>
      </trkpt>
      <trkpt lat="51.650735" lon="10.785820">
        <ele>543.024973</ele>
        <time>2026-04-08T14:23:46.000Z</time>
      </trkpt>
      <trkpt lat="51.650749" lon="10.785755">
        <ele>542.760569</ele>
        <time>2026-04-08T14:23:47.000Z</time>
      </trkpt>
      <trkpt lat="51.650768" lon="10.785685">
        <ele>542.734149</ele>
        <time>2026-04-08T14:23:48.000Z</time>
      </trkpt>
      <trkpt lat="51.650790" lon="10.785618">
        <ele>542.810735</ele>
        <time>2026-04-08T14:23:49.000Z</time>
      </trkpt>
      <trkpt lat="51.650817" lon="10.785552">
        <ele>542.890606</ele>
        <time>2026-04-08T14:23:50.000Z</time>
      </trkpt>
      <trkpt lat="51.650849" lon="10.785493">
        <ele>542.969779</ele>
        <time>2026-04-08T14:23:51.000Z</time>
      </trkpt>
      <trkpt lat="51.650881" lon="10.785434">
        <ele>543.048952</ele>
        <time>2026-04-08T14:23:52.000Z</time>
      </trkpt>
      <trkpt lat="51.650914" lon="10.785378">
        <ele>543.126981</ele>
        <time>2026-04-08T14:23:53.000Z</time>
      </trkpt>
      <trkpt lat="51.650947" lon="10.785323">
        <ele>543.204280</ele>
        <time>2026-04-08T14:23:54.000Z</time>
      </trkpt>
      <trkpt lat="51.650984" lon="10.785274">
        <ele>543.282259</ele>
        <time>2026-04-08T14:23:55.000Z</time>
      </trkpt>
      <trkpt lat="51.651024" lon="10.785225">
        <ele>543.364071</ele>
        <time>2026-04-08T14:23:56.000Z</time>
      </trkpt>
      <trkpt lat="51.651065" lon="10.785178">
        <ele>543.445998</ele>
        <time>2026-04-08T14:23:57.000Z</time>
      </trkpt>
      <trkpt lat="51.651110" lon="10.785132">
        <ele>543.532769</ele>
        <time>2026-04-08T14:23:58.000Z</time>
      </trkpt>
      <trkpt lat="51.651156" lon="10.785086">
        <ele>543.620919</ele>
        <time>2026-04-08T14:23:59.000Z</time>
      </trkpt>
      <trkpt lat="51.651205" lon="10.785038">
        <ele>543.714290</ele>
        <time>2026-04-08T14:24:00.000Z</time>
      </trkpt>
      <trkpt lat="51.651248" lon="10.784994">
        <ele>543.797228</ele>
        <time>2026-04-08T14:24:01.000Z</time>
      </trkpt>
      <trkpt lat="51.651298" lon="10.784945">
        <ele>543.892515</ele>
        <time>2026-04-08T14:24:02.000Z</time>
      </trkpt>
      <trkpt lat="51.651347" lon="10.784895">
        <ele>543.986950</ele>
        <time>2026-04-08T14:24:03.000Z</time>
      </trkpt>
      <trkpt lat="51.651393" lon="10.784845">
        <ele>544.077296</ele>
        <time>2026-04-08T14:24:04.000Z</time>
      </trkpt>
      <trkpt lat="51.651434" lon="10.784798">
        <ele>544.159223</ele>
        <time>2026-04-08T14:24:05.000Z</time>
      </trkpt>
      <trkpt lat="51.651475" lon="10.784751">
        <ele>544.241149</ele>
        <time>2026-04-08T14:24:06.000Z</time>
      </trkpt>
      <trkpt lat="51.651512" lon="10.784707">
        <ele>544.316023</ele>
        <time>2026-04-08T14:24:07.000Z</time>
      </trkpt>
      <trkpt lat="51.651552" lon="10.784671">
        <ele>544.390624</ele>
        <time>2026-04-08T14:24:08.000Z</time>
      </trkpt>
      <trkpt lat="51.651596" lon="10.784643">
        <ele>544.467653</ele>
        <time>2026-04-08T14:24:09.000Z</time>
      </trkpt>
      <trkpt lat="51.651640" lon="10.784619">
        <ele>544.543293</ele>
        <time>2026-04-08T14:24:10.000Z</time>
      </trkpt>
      <trkpt lat="51.651681" lon="10.784594">
        <ele>544.614673</ele>
        <time>2026-04-08T14:24:11.000Z</time>
      </trkpt>
      <trkpt lat="51.651721" lon="10.784574">
        <ele>544.682869</ele>
        <time>2026-04-08T14:24:12.000Z</time>
      </trkpt>
      <trkpt lat="51.651760" lon="10.784559">
        <ele>544.748158</ele>
        <time>2026-04-08T14:24:13.000Z</time>
      </trkpt>
      <trkpt lat="51.651799" lon="10.784545">
        <ele>544.813220</ele>
        <time>2026-04-08T14:24:14.000Z</time>
      </trkpt>
      <trkpt lat="51.651837" lon="10.784531">
        <ele>544.876693</ele>
        <time>2026-04-08T14:24:15.000Z</time>
      </trkpt>
      <trkpt lat="51.651870" lon="10.784521">
        <ele>544.931370</ele>
        <time>2026-04-08T14:24:16.000Z</time>
      </trkpt>
      <trkpt lat="51.651908" lon="10.784509">
        <ele>544.994424</ele>
        <time>2026-04-08T14:24:17.000Z</time>
      </trkpt>
      <trkpt lat="51.651944" lon="10.784498">
        <ele>545.054089</ele>
        <time>2026-04-08T14:24:18.000Z</time>
      </trkpt>
      <trkpt lat="51.651978" lon="10.784487">
        <ele>545.110557</ele>
        <time>2026-04-08T14:24:19.000Z</time>
      </trkpt>
      <trkpt lat="51.652010" lon="10.784477">
        <ele>545.163634</ele>
        <time>2026-04-08T14:24:20.000Z</time>
      </trkpt>
      <trkpt lat="51.652039" lon="10.784469">
        <ele>545.211543</ele>
        <time>2026-04-08T14:24:21.000Z</time>
      </trkpt>
      <trkpt lat="51.652070" lon="10.784460">
        <ele>545.262835</ele>
        <time>2026-04-08T14:24:22.000Z</time>
      </trkpt>
      <trkpt lat="51.652103" lon="10.784453">
        <ele>545.317033</ele>
        <time>2026-04-08T14:24:23.000Z</time>
      </trkpt>
      <trkpt lat="51.652135" lon="10.784446">
        <ele>545.369618</ele>
        <time>2026-04-08T14:24:24.000Z</time>
      </trkpt>
      <trkpt lat="51.652165" lon="10.784437">
        <ele>545.419308</ele>
        <time>2026-04-08T14:24:25.000Z</time>
      </trkpt>
      <trkpt lat="51.652196" lon="10.784429">
        <ele>545.470430</ele>
        <time>2026-04-08T14:24:26.000Z</time>
      </trkpt>
      <trkpt lat="51.652227" lon="10.784421">
        <ele>545.521552</ele>
        <time>2026-04-08T14:24:27.000Z</time>
      </trkpt>
      <trkpt lat="51.652253" lon="10.784416">
        <ele>545.564189</ele>
        <time>2026-04-08T14:24:28.000Z</time>
      </trkpt>
      <trkpt lat="51.652280" lon="10.784412">
        <ele>545.611836</ele>
        <time>2026-04-08T14:24:29.000Z</time>
      </trkpt>
      <trkpt lat="51.652310" lon="10.784408">
        <ele>545.833697</ele>
        <time>2026-04-08T14:24:30.000Z</time>
      </trkpt>
      <trkpt lat="51.652335" lon="10.784403">
        <ele>546.019364</ele>
        <time>2026-04-08T14:24:31.000Z</time>
      </trkpt>
      <trkpt lat="51.652363" lon="10.784396">
        <ele>546.228197</ele>
        <time>2026-04-08T14:24:32.000Z</time>
      </trkpt>
      <trkpt lat="51.652392" lon="10.784388">
        <ele>546.445041</ele>
        <time>2026-04-08T14:24:33.000Z</time>
      </trkpt>
      <trkpt lat="51.652419" lon="10.784381">
        <ele>546.646594</ele>
        <time>2026-04-08T14:24:34.000Z</time>
      </trkpt>
      <trkpt lat="51.652442" lon="10.784376">
        <ele>546.817643</ele>
        <time>2026-04-08T14:24:35.000Z</time>
      </trkpt>
      <trkpt lat="51.652468" lon="10.784372">
        <ele>547.010139</ele>
        <time>2026-04-08T14:24:36.000Z</time>
      </trkpt>
      <trkpt lat="51.652494" lon="10.784371">
        <ele>547.201819</ele>
        <time>2026-04-08T14:24:37.000Z</time>
      </trkpt>
      <trkpt lat="51.652521" lon="10.784370">
        <ele>547.400866</ele>
        <time>2026-04-08T14:24:38.000Z</time>
      </trkpt>
      <trkpt lat="51.652547" lon="10.784375">
        <ele>547.593850</ele>
        <time>2026-04-08T14:24:39.000Z</time>
      </trkpt>
      <trkpt lat="51.652571" lon="10.784382">
        <ele>547.773608</ele>
        <time>2026-04-08T14:24:40.000Z</time>
      </trkpt>
      <trkpt lat="51.652597" lon="10.784387">
        <ele>547.966592</ele>
        <time>2026-04-08T14:24:41.000Z</time>
      </trkpt>
      <trkpt lat="51.652623" lon="10.784395">
        <ele>548.161677</ele>
        <time>2026-04-08T14:24:42.000Z</time>
      </trkpt>
      <trkpt lat="51.652647" lon="10.784403">
        <ele>548.342305</ele>
        <time>2026-04-08T14:24:43.000Z</time>
      </trkpt>
      <trkpt lat="51.652670" lon="10.784415">
        <ele>548.520479</ele>
        <time>2026-04-08T14:24:44.000Z</time>
      </trkpt>
      <trkpt lat="51.652694" lon="10.784432">
        <ele>548.713691</ele>
        <time>2026-04-08T14:24:45.000Z</time>
      </trkpt>
      <trkpt lat="51.652716" lon="10.784451">
        <ele>548.897645</ele>
        <time>2026-04-08T14:24:46.000Z</time>
      </trkpt>
      <trkpt lat="51.652736" lon="10.784472">
        <ele>549.073568</ele>
        <time>2026-04-08T14:24:47.000Z</time>
      </trkpt>
      <trkpt lat="51.652758" lon="10.784493">
        <ele>549.262014</ele>
        <time>2026-04-08T14:24:48.000Z</time>
      </trkpt>
      <trkpt lat="51.652778" lon="10.784516">
        <ele>549.443090</ele>
        <time>2026-04-08T14:24:49.000Z</time>
      </trkpt>
      <trkpt lat="51.652798" lon="10.784541">
        <ele>549.629628</ele>
        <time>2026-04-08T14:24:50.000Z</time>
      </trkpt>
      <trkpt lat="51.652813" lon="10.784564">
        <ele>549.782215</ele>
        <time>2026-04-08T14:24:51.000Z</time>
      </trkpt>
      <trkpt lat="51.652834" lon="10.784585">
        <ele>549.964358</ele>
        <time>2026-04-08T14:24:52.000Z</time>
      </trkpt>
      <trkpt lat="51.652854" lon="10.784608">
        <ele>550.145434</ele>
        <time>2026-04-08T14:24:53.000Z</time>
      </trkpt>
      <trkpt lat="51.652877" lon="10.784634">
        <ele>550.352484</ele>
        <time>2026-04-08T14:24:54.000Z</time>
      </trkpt>
      <trkpt lat="51.652896" lon="10.784661">
        <ele>550.539172</ele>
        <time>2026-04-08T14:24:55.000Z</time>
      </trkpt>
      <trkpt lat="51.652915" lon="10.784688">
        <ele>550.725859</ele>
        <time>2026-04-08T14:24:56.000Z</time>
      </trkpt>
      <trkpt lat="51.652935" lon="10.784710">
        <ele>550.904318</ele>
        <time>2026-04-08T14:24:57.000Z</time>
      </trkpt>
      <trkpt lat="51.652954" lon="10.784732">
        <ele>551.076741</ele>
        <time>2026-04-08T14:24:58.000Z</time>
      </trkpt>
      <trkpt lat="51.652973" lon="10.784752">
        <ele>551.243992</ele>
        <time>2026-04-08T14:24:59.000Z</time>
      </trkpt>
      <trkpt lat="51.652989" lon="10.784774">
        <ele>551.398995</ele>
        <time>2026-04-08T14:25:00.000Z</time>
      </trkpt>
      <trkpt lat="51.653007" lon="10.784797">
        <ele>551.568288</ele>
        <time>2026-04-08T14:25:01.000Z</time>
      </trkpt>
      <trkpt lat="51.653026" lon="10.784820">
        <ele>551.743418</ele>
        <time>2026-04-08T14:25:02.000Z</time>
      </trkpt>
      <trkpt lat="51.653042" lon="10.784845">
        <ele>551.907655</ele>
        <time>2026-04-08T14:25:03.000Z</time>
      </trkpt>
      <trkpt lat="51.653061" lon="10.784868">
        <ele>552.082784</ele>
        <time>2026-04-08T14:25:04.000Z</time>
      </trkpt>
      <trkpt lat="51.653077" lon="10.784894">
        <ele>552.250237</ele>
        <time>2026-04-08T14:25:05.000Z</time>
      </trkpt>
      <trkpt lat="51.653095" lon="10.784919">
        <ele>552.425358</ele>
        <time>2026-04-08T14:25:06.000Z</time>
      </trkpt>
      <trkpt lat="51.653110" lon="10.784942">
        <ele>552.577945</ele>
        <time>2026-04-08T14:25:07.000Z</time>
      </trkpt>
      <trkpt lat="51.653126" lon="10.784968">
        <ele>552.745397</ele>
        <time>2026-04-08T14:25:08.000Z</time>
      </trkpt>
      <trkpt lat="51.653141" lon="10.784996">
        <ele>552.914556</ele>
        <time>2026-04-08T14:25:09.000Z</time>
      </trkpt>
      <trkpt lat="51.653156" lon="10.785021">
        <ele>553.073584</ele>
        <time>2026-04-08T14:25:10.000Z</time>
      </trkpt>
      <trkpt lat="51.653170" lon="10.785045">
        <ele>553.224216</ele>
        <time>2026-04-08T14:25:11.000Z</time>
      </trkpt>
      <trkpt lat="51.653184" lon="10.785070">
        <ele>553.378212</ele>
        <time>2026-04-08T14:25:12.000Z</time>
      </trkpt>
      <trkpt lat="51.653197" lon="10.785094">
        <ele>553.523895</ele>
        <time>2026-04-08T14:25:13.000Z</time>
      </trkpt>
      <trkpt lat="51.653210" lon="10.785118">
        <ele>553.669578</ele>
        <time>2026-04-08T14:25:14.000Z</time>
      </trkpt>
      <trkpt lat="51.653222" lon="10.785142">
        <ele>553.810523</ele>
        <time>2026-04-08T14:25:15.000Z</time>
      </trkpt>
      <trkpt lat="51.653236" lon="10.785164">
        <ele>553.954628</ele>
        <time>2026-04-08T14:25:16.000Z</time>
      </trkpt>
      <trkpt lat="51.653252" lon="10.785182">
        <ele>554.098435</ele>
        <time>2026-04-08T14:25:17.000Z</time>
      </trkpt>
      <trkpt lat="51.653271" lon="10.785194">
        <ele>554.248835</ele>
        <time>2026-04-08T14:25:18.000Z</time>
      </trkpt>
      <trkpt lat="51.653289" lon="10.785204">
        <ele>554.389158</ele>
        <time>2026-04-08T14:25:19.000Z</time>
      </trkpt>
      <trkpt lat="51.653312" lon="10.785211">
        <ele>554.561668</ele>
        <time>2026-04-08T14:25:20.000Z</time>
      </trkpt>
      <trkpt lat="51.653336" lon="10.785210">
        <ele>554.738612</ele>
        <time>2026-04-08T14:25:21.000Z</time>
      </trkpt>
      <trkpt lat="51.653364" lon="10.785204">
        <ele>554.946793</ele>
        <time>2026-04-08T14:25:22.000Z</time>
      </trkpt>
      <trkpt lat="51.653389" lon="10.785186">
        <ele>555.148595</ele>
        <time>2026-04-08T14:25:23.000Z</time>
      </trkpt>
      <trkpt lat="51.653410" lon="10.785158">
        <ele>555.349462</ele>
        <time>2026-04-08T14:25:24.000Z</time>
      </trkpt>
      <trkpt lat="51.653429" lon="10.785120">
        <ele>555.572624</ele>
        <time>2026-04-08T14:25:25.000Z</time>
      </trkpt>
      <trkpt lat="51.653444" lon="10.785068">
        <ele>555.834843</ele>
        <time>2026-04-08T14:25:26.000Z</time>
      </trkpt>
      <trkpt lat="51.653452" lon="10.785017">
        <ele>556.075383</ele>
        <time>2026-04-08T14:25:27.000Z</time>
      </trkpt>
      <trkpt lat="51.653457" lon="10.784966">
        <ele>556.311479</ele>
        <time>2026-04-08T14:25:28.000Z</time>
      </trkpt>
      <trkpt lat="51.653458" lon="10.784914">
        <ele>556.549367</ele>
        <time>2026-04-08T14:25:29.000Z</time>
      </trkpt>
      <trkpt lat="51.653454" lon="10.784861">
        <ele>556.793501</ele>
        <time>2026-04-08T14:25:30.000Z</time>
      </trkpt>
      <trkpt lat="51.653448" lon="10.784812">
        <ele>557.021880</ele>
        <time>2026-04-08T14:25:31.000Z</time>
      </trkpt>
      <trkpt lat="51.653440" lon="10.784754">
        <ele>557.293565</ele>
        <time>2026-04-08T14:25:32.000Z</time>
      </trkpt>
      <trkpt lat="51.653432" lon="10.784698">
        <ele>557.556331</ele>
        <time>2026-04-08T14:25:33.000Z</time>
      </trkpt>
      <trkpt lat="51.653422" lon="10.784641">
        <ele>557.827188</ele>
        <time>2026-04-08T14:25:34.000Z</time>
      </trkpt>
      <trkpt lat="51.653413" lon="10.784584">
        <ele>558.096134</ele>
        <time>2026-04-08T14:25:35.000Z</time>
      </trkpt>
      <trkpt lat="51.653402" lon="10.784524">
        <ele>558.382218</ele>
        <time>2026-04-08T14:25:36.000Z</time>
      </trkpt>
      <trkpt lat="51.653394" lon="10.784466">
        <ele>558.653903</ele>
        <time>2026-04-08T14:25:37.000Z</time>
      </trkpt>
      <trkpt lat="51.653387" lon="10.784404">
        <ele>558.890691</ele>
        <time>2026-04-08T14:25:38.000Z</time>
      </trkpt>
      <trkpt lat="51.653382" lon="10.784346">
        <ele>558.982938</ele>
        <time>2026-04-08T14:25:39.000Z</time>
      </trkpt>
      <trkpt lat="51.653375" lon="10.784280">
        <ele>559.088418</ele>
        <time>2026-04-08T14:25:40.000Z</time>
      </trkpt>
      <trkpt lat="51.653371" lon="10.784218">
        <ele>559.186616</ele>
        <time>2026-04-08T14:25:41.000Z</time>
      </trkpt>
      <trkpt lat="51.653367" lon="10.784152">
        <ele>559.291082</ele>
        <time>2026-04-08T14:25:42.000Z</time>
      </trkpt>
      <trkpt lat="51.653363" lon="10.784086">
        <ele>559.395549</ele>
        <time>2026-04-08T14:25:43.000Z</time>
      </trkpt>
      <trkpt lat="51.653362" lon="10.784015">
        <ele>559.507426</ele>
        <time>2026-04-08T14:25:44.000Z</time>
      </trkpt>
      <trkpt lat="51.653362" lon="10.783948">
        <ele>559.612974</ele>
        <time>2026-04-08T14:25:45.000Z</time>
      </trkpt>
      <trkpt lat="51.653359" lon="10.783880">
        <ele>559.720367</ele>
        <time>2026-04-08T14:25:46.000Z</time>
      </trkpt>
      <trkpt lat="51.653358" lon="10.783816">
        <ele>559.821220</ele>
        <time>2026-04-08T14:25:47.000Z</time>
      </trkpt>
      <trkpt lat="51.653355" lon="10.783748">
        <ele>559.928613</ele>
        <time>2026-04-08T14:25:48.000Z</time>
      </trkpt>
      <trkpt lat="51.653352" lon="10.783678">
        <ele>560.039149</ele>
        <time>2026-04-08T14:25:49.000Z</time>
      </trkpt>
      <trkpt lat="51.653341" lon="10.783608">
        <ele>560.152904</ele>
        <time>2026-04-08T14:25:50.000Z</time>
      </trkpt>
      <trkpt lat="51.653330" lon="10.783545">
        <ele>560.256005</ele>
        <time>2026-04-08T14:25:51.000Z</time>
      </trkpt>
      <trkpt lat="51.653316" lon="10.783486">
        <ele>560.355516</ele>
        <time>2026-04-08T14:25:52.000Z</time>
      </trkpt>
      <trkpt lat="51.653297" lon="10.783430">
        <ele>560.456064</ele>
        <time>2026-04-08T14:25:53.000Z</time>
      </trkpt>
      <trkpt lat="51.653281" lon="10.783373">
        <ele>560.554621</ele>
        <time>2026-04-08T14:25:54.000Z</time>
      </trkpt>
      <trkpt lat="51.653267" lon="10.783319">
        <ele>560.646818</ele>
        <time>2026-04-08T14:25:55.000Z</time>
      </trkpt>
      <trkpt lat="51.653248" lon="10.783260">
        <ele>560.751538</ele>
        <time>2026-04-08T14:25:56.000Z</time>
      </trkpt>
      <trkpt lat="51.653229" lon="10.783205">
        <ele>560.850707</ele>
        <time>2026-04-08T14:25:57.000Z</time>
      </trkpt>
      <trkpt lat="51.653213" lon="10.783150">
        <ele>560.946402</ele>
        <time>2026-04-08T14:25:58.000Z</time>
      </trkpt>
      <trkpt lat="51.653198" lon="10.783094">
        <ele>561.042492</ele>
        <time>2026-04-08T14:25:59.000Z</time>
      </trkpt>
      <trkpt lat="51.653179" lon="10.783035">
        <ele>561.147211</ele>
        <time>2026-04-08T14:26:00.000Z</time>
      </trkpt>
      <trkpt lat="51.653164" lon="10.782981">
        <ele>561.240417</ele>
        <time>2026-04-08T14:26:01.000Z</time>
      </trkpt>
      <trkpt lat="51.653145" lon="10.782921">
        <ele>561.346537</ele>
        <time>2026-04-08T14:26:02.000Z</time>
      </trkpt>
      <trkpt lat="51.653129" lon="10.782861">
        <ele>561.449419</ele>
        <time>2026-04-08T14:26:03.000Z</time>
      </trkpt>
      <trkpt lat="51.653111" lon="10.782807">
        <ele>561.545987</ele>
        <time>2026-04-08T14:26:04.000Z</time>
      </trkpt>
      <trkpt lat="51.653092" lon="10.782747">
        <ele>561.652108</ele>
        <time>2026-04-08T14:26:05.000Z</time>
      </trkpt>
      <trkpt lat="51.653069" lon="10.782688">
        <ele>561.761878</ele>
        <time>2026-04-08T14:26:06.000Z</time>
      </trkpt>
      <trkpt lat="51.653047" lon="10.782635">
        <ele>561.862334</ele>
        <time>2026-04-08T14:26:07.000Z</time>
      </trkpt>
      <trkpt lat="51.653027" lon="10.782577">
        <ele>561.966868</ele>
        <time>2026-04-08T14:26:08.000Z</time>
      </trkpt>
      <trkpt lat="51.653004" lon="10.782523">
        <ele>562.070054</ele>
        <time>2026-04-08T14:26:09.000Z</time>
      </trkpt>
      <trkpt lat="51.652981" lon="10.782476">
        <ele>562.164355</ele>
        <time>2026-04-08T14:26:10.000Z</time>
      </trkpt>
      <trkpt lat="51.652960" lon="10.782432">
        <ele>562.251807</ele>
        <time>2026-04-08T14:26:11.000Z</time>
      </trkpt>
      <trkpt lat="51.652933" lon="10.782387">
        <ele>562.350425</ele>
        <time>2026-04-08T14:26:12.000Z</time>
      </trkpt>
      <trkpt lat="51.652910" lon="10.782349">
        <ele>562.434056</ele>
        <time>2026-04-08T14:26:13.000Z</time>
      </trkpt>
      <trkpt lat="51.652883" lon="10.782310">
        <ele>562.526115</ele>
        <time>2026-04-08T14:26:14.000Z</time>
      </trkpt>
      <trkpt lat="51.652856" lon="10.782271">
        <ele>562.618173</ele>
        <time>2026-04-08T14:26:15.000Z</time>
      </trkpt>
      <trkpt lat="51.652830" lon="10.782237">
        <ele>562.703186</ele>
        <time>2026-04-08T14:26:16.000Z</time>
      </trkpt>
      <trkpt lat="51.652803" lon="10.782203">
        <ele>562.790186</ele>
        <time>2026-04-08T14:26:17.000Z</time>
      </trkpt>
      <trkpt lat="51.652778" lon="10.782169">
        <ele>562.873243</ele>
        <time>2026-04-08T14:26:18.000Z</time>
      </trkpt>
      <trkpt lat="51.652752" lon="10.782135">
        <ele>562.958256</ele>
        <time>2026-04-08T14:26:19.000Z</time>
      </trkpt>
      <trkpt lat="51.652723" lon="10.782096">
        <ele>563.054156</ele>
        <time>2026-04-08T14:26:20.000Z</time>
      </trkpt>
      <trkpt lat="51.652698" lon="10.782061">
        <ele>563.138237</ele>
        <time>2026-04-08T14:26:21.000Z</time>
      </trkpt>
      <trkpt lat="51.652670" lon="10.782022">
        <ele>563.232202</ele>
        <time>2026-04-08T14:26:22.000Z</time>
      </trkpt>
      <trkpt lat="51.652643" lon="10.781982">
        <ele>563.325319</ele>
        <time>2026-04-08T14:26:23.000Z</time>
      </trkpt>
      <trkpt lat="51.652618" lon="10.781941">
        <ele>563.415881</ele>
        <time>2026-04-08T14:26:24.000Z</time>
      </trkpt>
      <trkpt lat="51.652597" lon="10.781904">
        <ele>563.406452</ele>
        <time>2026-04-08T14:26:25.000Z</time>
      </trkpt>
      <trkpt lat="51.652571" lon="10.781862">
        <ele>563.371117</ele>
        <time>2026-04-08T14:26:26.000Z</time>
      </trkpt>
      <trkpt lat="51.652550" lon="10.781817">
        <ele>563.337582</ele>
        <time>2026-04-08T14:26:27.000Z</time>
      </trkpt>
      <trkpt lat="51.652528" lon="10.781772">
        <ele>563.303462</ele>
        <time>2026-04-08T14:26:28.000Z</time>
      </trkpt>
      <trkpt lat="51.652505" lon="10.781726">
        <ele>563.268277</ele>
        <time>2026-04-08T14:26:29.000Z</time>
      </trkpt>
      <trkpt lat="51.652485" lon="10.781676">
        <ele>563.232847</ele>
        <time>2026-04-08T14:26:30.000Z</time>
      </trkpt>
      <trkpt lat="51.652464" lon="10.781629">
        <ele>563.198353</ele>
        <time>2026-04-08T14:26:31.000Z</time>
      </trkpt>
      <trkpt lat="51.652443" lon="10.781577">
        <ele>563.161401</ele>
        <time>2026-04-08T14:26:32.000Z</time>
      </trkpt>
      <trkpt lat="51.652421" lon="10.781525">
        <ele>563.123917</ele>
        <time>2026-04-08T14:26:33.000Z</time>
      </trkpt>
      <trkpt lat="51.652398" lon="10.781474">
        <ele>563.086368</ele>
        <time>2026-04-08T14:26:34.000Z</time>
      </trkpt>
      <trkpt lat="51.652372" lon="10.781425">
        <ele>563.047969</ele>
        <time>2026-04-08T14:26:35.000Z</time>
      </trkpt>
      <trkpt lat="51.652345" lon="10.781372">
        <ele>563.007127</ele>
        <time>2026-04-08T14:26:36.000Z</time>
      </trkpt>
      <trkpt lat="51.652320" lon="10.781325">
        <ele>562.970257</ele>
        <time>2026-04-08T14:26:37.000Z</time>
      </trkpt>
      <trkpt lat="51.652286" lon="10.781272">
        <ele>562.924854</ele>
        <time>2026-04-08T14:26:38.000Z</time>
      </trkpt>
      <trkpt lat="51.652254" lon="10.781221">
        <ele>562.881656</ele>
        <time>2026-04-08T14:26:39.000Z</time>
      </trkpt>
      <trkpt lat="51.652224" lon="10.781171">
        <ele>562.840231</ele>
        <time>2026-04-08T14:26:40.000Z</time>
      </trkpt>
      <trkpt lat="51.652195" lon="10.781118">
        <ele>562.798145</ele>
        <time>2026-04-08T14:26:41.000Z</time>
      </trkpt>
      <trkpt lat="51.652163" lon="10.781055">
        <ele>562.749655</ele>
        <time>2026-04-08T14:26:42.000Z</time>
      </trkpt>
      <trkpt lat="51.652136" lon="10.780993">
        <ele>562.704542</ele>
        <time>2026-04-08T14:26:43.000Z</time>
      </trkpt>
      <trkpt lat="51.652109" lon="10.780922">
        <ele>562.654946</ele>
        <time>2026-04-08T14:26:44.000Z</time>
      </trkpt>
      <trkpt lat="51.652085" lon="10.780849">
        <ele>562.605744</ele>
        <time>2026-04-08T14:26:45.000Z</time>
      </trkpt>
      <trkpt lat="51.652065" lon="10.780773">
        <ele>562.556578</ele>
        <time>2026-04-08T14:26:46.000Z</time>
      </trkpt>
      <trkpt lat="51.652053" lon="10.780694">
        <ele>562.508139</ele>
        <time>2026-04-08T14:26:47.000Z</time>
      </trkpt>
      <trkpt lat="51.652038" lon="10.780608">
        <ele>562.454936</ele>
        <time>2026-04-08T14:26:48.000Z</time>
      </trkpt>
      <trkpt lat="51.652026" lon="10.780525">
        <ele>562.404180</ele>
        <time>2026-04-08T14:26:49.000Z</time>
      </trkpt>
      <trkpt lat="51.652008" lon="10.780434">
        <ele>562.347296</ele>
        <time>2026-04-08T14:26:50.000Z</time>
      </trkpt>
      <trkpt lat="51.651989" lon="10.780346">
        <ele>562.291804</ele>
        <time>2026-04-08T14:26:51.000Z</time>
      </trkpt>
      <trkpt lat="51.651967" lon="10.780257">
        <ele>562.234747</ele>
        <time>2026-04-08T14:26:52.000Z</time>
      </trkpt>
      <trkpt lat="51.651944" lon="10.780166">
        <ele>562.176226</ele>
        <time>2026-04-08T14:26:53.000Z</time>
      </trkpt>
      <trkpt lat="51.651918" lon="10.780077">
        <ele>562.117639</ele>
        <time>2026-04-08T14:26:54.000Z</time>
      </trkpt>
      <trkpt lat="51.651893" lon="10.780000">
        <ele>562.065882</ele>
        <time>2026-04-08T14:26:55.000Z</time>
      </trkpt>
      <trkpt lat="51.651863" lon="10.779914">
        <ele>562.007123</ele>
        <time>2026-04-08T14:26:56.000Z</time>
      </trkpt>
      <trkpt lat="51.651828" lon="10.779823">
        <ele>561.943358</ele>
        <time>2026-04-08T14:26:57.000Z</time>
      </trkpt>
      <trkpt lat="51.651786" lon="10.779744">
        <ele>561.881398</ele>
        <time>2026-04-08T14:26:58.000Z</time>
      </trkpt>
      <trkpt lat="51.651740" lon="10.779673">
        <ele>561.820260</ele>
        <time>2026-04-08T14:26:59.000Z</time>
      </trkpt>
      <trkpt lat="51.651688" lon="10.779606">
        <ele>561.756356</ele>
        <time>2026-04-08T14:27:00.000Z</time>
      </trkpt>
      <trkpt lat="51.651637" lon="10.779549">
        <ele>561.658015</ele>
        <time>2026-04-08T14:27:01.000Z</time>
      </trkpt>
      <trkpt lat="51.651575" lon="10.779492">
        <ele>561.230407</ele>
        <time>2026-04-08T14:27:02.000Z</time>
      </trkpt>
      <trkpt lat="51.651517" lon="10.779439">
        <ele>560.830980</ele>
        <time>2026-04-08T14:27:03.000Z</time>
      </trkpt>
      <trkpt lat="51.651457" lon="10.779386">
        <ele>560.421087</ele>
        <time>2026-04-08T14:27:04.000Z</time>
      </trkpt>
      <trkpt lat="51.651395" lon="10.779323">
        <ele>559.982001</ele>
        <time>2026-04-08T14:27:05.000Z</time>
      </trkpt>
      <trkpt lat="51.651336" lon="10.779254">
        <ele>559.545297</ele>
        <time>2026-04-08T14:27:06.000Z</time>
      </trkpt>
      <trkpt lat="51.651283" lon="10.779187">
        <ele>559.141770</ele>
        <time>2026-04-08T14:27:07.000Z</time>
      </trkpt>
      <trkpt lat="51.651225" lon="10.779116">
        <ele>558.705444</ele>
        <time>2026-04-08T14:27:08.000Z</time>
      </trkpt>
      <trkpt lat="51.651171" lon="10.779044">
        <ele>558.285590</ele>
        <time>2026-04-08T14:27:09.000Z</time>
      </trkpt>
      <trkpt lat="51.651115" lon="10.778977">
        <ele>557.867773</ele>
        <time>2026-04-08T14:27:10.000Z</time>
      </trkpt>
      <trkpt lat="51.651062" lon="10.778918">
        <ele>557.481887</ele>
        <time>2026-04-08T14:27:11.000Z</time>
      </trkpt>
      <trkpt lat="51.650996" lon="10.778859">
        <ele>557.029747</ele>
        <time>2026-04-08T14:27:12.000Z</time>
      </trkpt>
      <trkpt lat="51.650932" lon="10.778815">
        <ele>556.612910</ele>
        <time>2026-04-08T14:27:13.000Z</time>
      </trkpt>
      <trkpt lat="51.650858" lon="10.778777">
        <ele>556.147632</ele>
        <time>2026-04-08T14:27:14.000Z</time>
      </trkpt>
      <trkpt lat="51.650783" lon="10.778753">
        <ele>555.689550</ele>
        <time>2026-04-08T14:27:15.000Z</time>
      </trkpt>
      <trkpt lat="51.650709" lon="10.778740">
        <ele>555.243603</ele>
        <time>2026-04-08T14:27:16.000Z</time>
      </trkpt>
      <trkpt lat="51.650632" lon="10.778736">
        <ele>554.782071</ele>
        <time>2026-04-08T14:27:17.000Z</time>
      </trkpt>
      <trkpt lat="51.650558" lon="10.778730">
        <ele>554.338189</ele>
        <time>2026-04-08T14:27:18.000Z</time>
      </trkpt>
      <trkpt lat="51.650487" lon="10.778725">
        <ele>553.912435</ele>
        <time>2026-04-08T14:27:19.000Z</time>
      </trkpt>
      <trkpt lat="51.650418" lon="10.778715">
        <ele>553.497401</ele>
        <time>2026-04-08T14:27:20.000Z</time>
      </trkpt>
      <trkpt lat="51.650358" lon="10.778689">
        <ele>553.125186</ele>
        <time>2026-04-08T14:27:21.000Z</time>
      </trkpt>
      <trkpt lat="51.650299" lon="10.778636">
        <ele>552.720534</ele>
        <time>2026-04-08T14:27:22.000Z</time>
      </trkpt>
      <trkpt lat="51.650251" lon="10.778556">
        <ele>552.306872</ele>
        <time>2026-04-08T14:27:23.000Z</time>
      </trkpt>
      <trkpt lat="51.650214" lon="10.778458">
        <ele>551.880459</ele>
        <time>2026-04-08T14:27:24.000Z</time>
      </trkpt>
      <trkpt lat="51.650193" lon="10.778352">
        <ele>551.466852</ele>
        <time>2026-04-08T14:27:25.000Z</time>
      </trkpt>
      <trkpt lat="51.650185" lon="10.778228">
        <ele>551.003450</ele>
        <time>2026-04-08T14:27:26.000Z</time>
      </trkpt>
      <trkpt lat="51.650191" lon="10.778105">
        <ele>550.578896</ele>
        <time>2026-04-08T14:27:27.000Z</time>
      </trkpt>
      <trkpt lat="51.650210" lon="10.777985">
        <ele>550.159382</ele>
        <time>2026-04-08T14:27:28.000Z</time>
      </trkpt>
      <trkpt lat="51.650245" lon="10.777869">
        <ele>549.722447</ele>
        <time>2026-04-08T14:27:29.000Z</time>
      </trkpt>
      <trkpt lat="51.650291" lon="10.777758">
        <ele>549.270291</ele>
        <time>2026-04-08T14:27:30.000Z</time>
      </trkpt>
      <trkpt lat="51.650338" lon="10.777663">
        <ele>548.858711</ele>
        <time>2026-04-08T14:27:31.000Z</time>
      </trkpt>
      <trkpt lat="51.650391" lon="10.777561">
        <ele>548.408040</ele>
        <time>2026-04-08T14:27:32.000Z</time>
      </trkpt>
      <trkpt lat="51.650446" lon="10.777454">
        <ele>547.937368</ele>
        <time>2026-04-08T14:27:33.000Z</time>
      </trkpt>
      <trkpt lat="51.650502" lon="10.777351">
        <ele>547.473469</ele>
        <time>2026-04-08T14:27:34.000Z</time>
      </trkpt>
      <trkpt lat="51.650549" lon="10.777248">
        <ele>547.040373</ele>
        <time>2026-04-08T14:27:35.000Z</time>
      </trkpt>
      <trkpt lat="51.650589" lon="10.777140">
        <ele>546.614315</ele>
        <time>2026-04-08T14:27:36.000Z</time>
      </trkpt>
      <trkpt lat="51.650615" lon="10.777026">
        <ele>546.202893</ele>
        <time>2026-04-08T14:27:37.000Z</time>
      </trkpt>
      <trkpt lat="51.650626" lon="10.776908">
        <ele>545.798698</ele>
        <time>2026-04-08T14:27:38.000Z</time>
      </trkpt>
      <trkpt lat="51.650630" lon="10.776795">
        <ele>545.415303</ele>
        <time>2026-04-08T14:27:39.000Z</time>
      </trkpt>
      <trkpt lat="51.650634" lon="10.776689">
        <ele>545.055579</ele>
        <time>2026-04-08T14:27:40.000Z</time>
      </trkpt>
      <trkpt lat="51.650632" lon="10.776593">
        <ele>544.730209</ele>
        <time>2026-04-08T14:27:41.000Z</time>
      </trkpt>
      <trkpt lat="51.650619" lon="10.776496">
        <ele>544.394057</ele>
        <time>2026-04-08T14:27:42.000Z</time>
      </trkpt>
      <trkpt lat="51.650601" lon="10.776397">
        <ele>544.044606</ele>
        <time>2026-04-08T14:27:43.000Z</time>
      </trkpt>
      <trkpt lat="51.650567" lon="10.776314">
        <ele>543.707705</ele>
        <time>2026-04-08T14:27:44.000Z</time>
      </trkpt>
      <trkpt lat="51.650522" lon="10.776247">
        <ele>543.373243</ele>
        <time>2026-04-08T14:27:45.000Z</time>
      </trkpt>
      <trkpt lat="51.650473" lon="10.776182">
        <ele>543.026771</ele>
        <time>2026-04-08T14:27:46.000Z</time>
      </trkpt>
      <trkpt lat="51.650424" lon="10.776113">
        <ele>542.671534</ele>
        <time>2026-04-08T14:27:47.000Z</time>
      </trkpt>
      <trkpt lat="51.650380" lon="10.776033">
        <ele>542.309401</ele>
        <time>2026-04-08T14:27:48.000Z</time>
      </trkpt>
      <trkpt lat="51.650349" lon="10.775952">
        <ele>541.987024</ele>
        <time>2026-04-08T14:27:49.000Z</time>
      </trkpt>
      <trkpt lat="51.650326" lon="10.775856">
        <ele>541.638434</ele>
        <time>2026-04-08T14:27:50.000Z</time>
      </trkpt>
      <trkpt lat="51.650307" lon="10.775765">
        <ele>541.313197</ele>
        <time>2026-04-08T14:27:51.000Z</time>
      </trkpt>
      <trkpt lat="51.650285" lon="10.775675">
        <ele>541.165495</ele>
        <time>2026-04-08T14:27:52.000Z</time>
      </trkpt>
      <trkpt lat="51.650262" lon="10.775586">
        <ele>541.314266</ele>
        <time>2026-04-08T14:27:53.000Z</time>
      </trkpt>
      <trkpt lat="51.650238" lon="10.775495">
        <ele>541.466847</ele>
        <time>2026-04-08T14:27:54.000Z</time>
      </trkpt>
      <trkpt lat="51.650213" lon="10.775406">
        <ele>541.617601</ele>
        <time>2026-04-08T14:27:55.000Z</time>
      </trkpt>
      <trkpt lat="51.650182" lon="10.775317">
        <ele>541.775097</ele>
        <time>2026-04-08T14:27:56.000Z</time>
      </trkpt>
      <trkpt lat="51.650152" lon="10.775236">
        <ele>541.920663</ele>
        <time>2026-04-08T14:27:57.000Z</time>
      </trkpt>
      <trkpt lat="51.650122" lon="10.775157">
        <ele>542.063588</ele>
        <time>2026-04-08T14:27:58.000Z</time>
      </trkpt>
      <trkpt lat="51.650089" lon="10.775081">
        <ele>542.206728</ele>
        <time>2026-04-08T14:27:59.000Z</time>
      </trkpt>
      <trkpt lat="51.650057" lon="10.775005">
        <ele>542.348458</ele>
        <time>2026-04-08T14:28:00.000Z</time>
      </trkpt>
      <trkpt lat="51.650025" lon="10.774938">
        <ele>542.478929</ele>
        <time>2026-04-08T14:28:01.000Z</time>
      </trkpt>
      <trkpt lat="51.649986" lon="10.774867">
        <ele>542.625255</ele>
        <time>2026-04-08T14:28:02.000Z</time>
      </trkpt>
      <trkpt lat="51.649948" lon="10.774801">
        <ele>542.764193</ele>
        <time>2026-04-08T14:28:03.000Z</time>
      </trkpt>
      <trkpt lat="51.649910" lon="10.774738">
        <ele>542.899774</ele>
        <time>2026-04-08T14:28:04.000Z</time>
      </trkpt>
      <trkpt lat="51.649872" lon="10.774674">
        <ele>543.036467</ele>
        <time>2026-04-08T14:28:05.000Z</time>
      </trkpt>
      <trkpt lat="51.649830" lon="10.774604">
        <ele>543.186728</ele>
        <time>2026-04-08T14:28:06.000Z</time>
      </trkpt>
      <trkpt lat="51.649793" lon="10.774543">
        <ele>543.318364</ele>
        <time>2026-04-08T14:28:07.000Z</time>
      </trkpt>
      <trkpt lat="51.649747" lon="10.774480">
        <ele>543.468494</ele>
        <time>2026-04-08T14:28:08.000Z</time>
      </trkpt>
      <trkpt lat="51.649704" lon="10.774420">
        <ele>543.609946</ele>
        <time>2026-04-08T14:28:09.000Z</time>
      </trkpt>
      <trkpt lat="51.649659" lon="10.774363">
        <ele>543.752289</ele>
        <time>2026-04-08T14:28:10.000Z</time>
      </trkpt>
      <trkpt lat="51.649615" lon="10.774311">
        <ele>543.887985</ele>
        <time>2026-04-08T14:28:11.000Z</time>
      </trkpt>
      <trkpt lat="51.649571" lon="10.774262">
        <ele>544.020996</ele>
        <time>2026-04-08T14:28:12.000Z</time>
      </trkpt>
      <trkpt lat="51.649530" lon="10.774219">
        <ele>544.142652</ele>
        <time>2026-04-08T14:28:13.000Z</time>
      </trkpt>
      <trkpt lat="51.649486" lon="10.774180">
        <ele>544.267538</ele>
        <time>2026-04-08T14:28:14.000Z</time>
      </trkpt>
      <trkpt lat="51.649451" lon="10.774145">
        <ele>544.369978</ele>
        <time>2026-04-08T14:28:15.000Z</time>
      </trkpt>
      <trkpt lat="51.649417" lon="10.774110">
        <ele>544.470313</ele>
        <time>2026-04-08T14:28:16.000Z</time>
      </trkpt>
      <trkpt lat="51.649384" lon="10.774076">
        <ele>544.567722</ele>
        <time>2026-04-08T14:28:17.000Z</time>
      </trkpt>
      <trkpt lat="51.649351" lon="10.774043">
        <ele>544.664308</ele>
        <time>2026-04-08T14:28:18.000Z</time>
      </trkpt>
      <trkpt lat="51.649323" lon="10.774011">
        <ele>544.749675</ele>
        <time>2026-04-08T14:28:19.000Z</time>
      </trkpt>
      <trkpt lat="51.649293" lon="10.773976">
        <ele>544.841782</ele>
        <time>2026-04-08T14:28:20.000Z</time>
      </trkpt>
      <trkpt lat="51.649262" lon="10.773939">
        <ele>544.937720</ele>
        <time>2026-04-08T14:28:21.000Z</time>
      </trkpt>
      <trkpt lat="51.649230" lon="10.773898">
        <ele>545.039388</ele>
        <time>2026-04-08T14:28:22.000Z</time>
      </trkpt>
      <trkpt lat="51.649202" lon="10.773857">
        <ele>545.133474</ele>
        <time>2026-04-08T14:28:23.000Z</time>
      </trkpt>
      <trkpt lat="51.649178" lon="10.773811">
        <ele>545.226218</ele>
        <time>2026-04-08T14:28:24.000Z</time>
      </trkpt>
      <trkpt lat="51.649156" lon="10.773767">
        <ele>545.313417</ele>
        <time>2026-04-08T14:28:25.000Z</time>
      </trkpt>
      <trkpt lat="51.649133" lon="10.773720">
        <ele>545.405787</ele>
        <time>2026-04-08T14:28:26.000Z</time>
      </trkpt>
      <trkpt lat="51.649110" lon="10.773674">
        <ele>545.496950</ele>
        <time>2026-04-08T14:28:27.000Z</time>
      </trkpt>
      <trkpt lat="51.649090" lon="10.773627">
        <ele>545.585383</ele>
        <time>2026-04-08T14:28:28.000Z</time>
      </trkpt>
      <trkpt lat="51.649068" lon="10.773581">
        <ele>545.692683</ele>
        <time>2026-04-08T14:28:29.000Z</time>
      </trkpt>
      <trkpt lat="51.649048" lon="10.773536">
        <ele>545.794946</ele>
        <time>2026-04-08T14:28:30.000Z</time>
      </trkpt>
      <trkpt lat="51.649029" lon="10.773491">
        <ele>545.895505</ele>
        <time>2026-04-08T14:28:31.000Z</time>
      </trkpt>
      <trkpt lat="51.649009" lon="10.773443">
        <ele>546.002323</ele>
        <time>2026-04-08T14:28:32.000Z</time>
      </trkpt>
      <trkpt lat="51.648991" lon="10.773399">
        <ele>546.099690</ele>
        <time>2026-04-08T14:28:33.000Z</time>
      </trkpt>
      <trkpt lat="51.648972" lon="10.773357">
        <ele>546.195717</ele>
        <time>2026-04-08T14:28:34.000Z</time>
      </trkpt>
      <trkpt lat="51.648952" lon="10.773312">
        <ele>546.297981</ele>
        <time>2026-04-08T14:28:35.000Z</time>
      </trkpt>
      <trkpt lat="51.648933" lon="10.773270">
        <ele>546.394009</ele>
        <time>2026-04-08T14:28:36.000Z</time>
      </trkpt>
      <trkpt lat="51.648915" lon="10.773229">
        <ele>546.486798</ele>
        <time>2026-04-08T14:28:37.000Z</time>
      </trkpt>
      <trkpt lat="51.648895" lon="10.773184">
        <ele>546.589062</ele>
        <time>2026-04-08T14:28:38.000Z</time>
      </trkpt>
      <trkpt lat="51.648876" lon="10.773137">
        <ele>546.692697</ele>
        <time>2026-04-08T14:28:39.000Z</time>
      </trkpt>
      <trkpt lat="51.648857" lon="10.773089">
        <ele>546.797884</ele>
        <time>2026-04-08T14:28:40.000Z</time>
      </trkpt>
      <trkpt lat="51.648835" lon="10.773043">
        <ele>546.905184</ele>
        <time>2026-04-08T14:28:41.000Z</time>
      </trkpt>
      <trkpt lat="51.648818" lon="10.772995">
        <ele>547.007292</ele>
        <time>2026-04-08T14:28:42.000Z</time>
      </trkpt>
      <trkpt lat="51.648804" lon="10.772949">
        <ele>547.101949</ele>
        <time>2026-04-08T14:28:43.000Z</time>
      </trkpt>
      <trkpt lat="51.648788" lon="10.772898">
        <ele>547.207530</ele>
        <time>2026-04-08T14:28:44.000Z</time>
      </trkpt>
      <trkpt lat="51.648770" lon="10.772848">
        <ele>547.314326</ele>
        <time>2026-04-08T14:28:45.000Z</time>
      </trkpt>
      <trkpt lat="51.648751" lon="10.772796">
        <ele>547.425815</ele>
        <time>2026-04-08T14:28:46.000Z</time>
      </trkpt>
      <trkpt lat="51.648731" lon="10.772745">
        <ele>547.537278</ele>
        <time>2026-04-08T14:28:47.000Z</time>
      </trkpt>
      <trkpt lat="51.648712" lon="10.772695">
        <ele>547.645599</ele>
        <time>2026-04-08T14:28:48.000Z</time>
      </trkpt>
      <trkpt lat="51.648691" lon="10.772647">
        <ele>547.754105</ele>
        <time>2026-04-08T14:28:49.000Z</time>
      </trkpt>
      <trkpt lat="51.648670" lon="10.772599">
        <ele>547.862612</ele>
        <time>2026-04-08T14:28:50.000Z</time>
      </trkpt>
      <trkpt lat="51.648648" lon="10.772552">
        <ele>547.971381</ele>
        <time>2026-04-08T14:28:51.000Z</time>
      </trkpt>
      <trkpt lat="51.648622" lon="10.772508">
        <ele>548.083636</ele>
        <time>2026-04-08T14:28:52.000Z</time>
      </trkpt>
      <trkpt lat="51.648599" lon="10.772467">
        <ele>548.185751</ele>
        <time>2026-04-08T14:28:53.000Z</time>
      </trkpt>
      <trkpt lat="51.648575" lon="10.772423">
        <ele>548.293984</ele>
        <time>2026-04-08T14:28:54.000Z</time>
      </trkpt>
      <trkpt lat="51.648550" lon="10.772380">
        <ele>548.402851</ele>
        <time>2026-04-08T14:28:55.000Z</time>
      </trkpt>
      <trkpt lat="51.648525" lon="10.772337">
        <ele>548.511718</ele>
        <time>2026-04-08T14:28:56.000Z</time>
      </trkpt>
      <trkpt lat="51.648500" lon="10.772295">
        <ele>548.619244</ele>
        <time>2026-04-08T14:28:57.000Z</time>
      </trkpt>
      <trkpt lat="51.648470" lon="10.772250">
        <ele>548.741272</ele>
        <time>2026-04-08T14:28:58.000Z</time>
      </trkpt>
      <trkpt lat="51.648443" lon="10.772204">
        <ele>548.858257</ele>
        <time>2026-04-08T14:28:59.000Z</time>
      </trkpt>
      <trkpt lat="51.648413" lon="10.772157">
        <ele>548.982831</ele>
        <time>2026-04-08T14:29:00.000Z</time>
      </trkpt>
      <trkpt lat="51.648385" lon="10.772116">
        <ele>549.095473</ele>
        <time>2026-04-08T14:29:01.000Z</time>
      </trkpt>
      <trkpt lat="51.648355" lon="10.772067">
        <ele>549.222651</ele>
        <time>2026-04-08T14:29:02.000Z</time>
      </trkpt>
      <trkpt lat="51.648325" lon="10.772015">
        <ele>549.353832</ele>
        <time>2026-04-08T14:29:03.000Z</time>
      </trkpt>
      <trkpt lat="51.648292" lon="10.771964">
        <ele>549.489966</ele>
        <time>2026-04-08T14:29:04.000Z</time>
      </trkpt>
      <trkpt lat="51.648262" lon="10.771914">
        <ele>549.618465</ele>
        <time>2026-04-08T14:29:05.000Z</time>
      </trkpt>
      <trkpt lat="51.648227" lon="10.771857">
        <ele>549.766621</ele>
        <time>2026-04-08T14:29:06.000Z</time>
      </trkpt>
      <trkpt lat="51.648193" lon="10.771805">
        <ele>549.906184</ele>
        <time>2026-04-08T14:29:07.000Z</time>
      </trkpt>
      <trkpt lat="51.648158" lon="10.771748">
        <ele>550.054340</ele>
        <time>2026-04-08T14:29:08.000Z</time>
      </trkpt>
      <trkpt lat="51.648121" lon="10.771689">
        <ele>550.209319</ele>
        <time>2026-04-08T14:29:09.000Z</time>
      </trkpt>
      <trkpt lat="51.648080" lon="10.771629">
        <ele>550.374215</ele>
        <time>2026-04-08T14:29:10.000Z</time>
      </trkpt>
      <trkpt lat="51.648036" lon="10.771569">
        <ele>550.545830</ele>
        <time>2026-04-08T14:29:11.000Z</time>
      </trkpt>
      <trkpt lat="51.647992" lon="10.771505">
        <ele>550.722308</ele>
        <time>2026-04-08T14:29:12.000Z</time>
      </trkpt>
      <trkpt lat="51.647945" lon="10.771445">
        <ele>550.900835</ele>
        <time>2026-04-08T14:29:13.000Z</time>
      </trkpt>
      <trkpt lat="51.647897" lon="10.771379">
        <ele>550.735615</ele>
        <time>2026-04-08T14:29:14.000Z</time>
      </trkpt>
      <trkpt lat="51.647844" lon="10.771314">
        <ele>550.469656</ele>
        <time>2026-04-08T14:29:15.000Z</time>
      </trkpt>
      <trkpt lat="51.647795" lon="10.771254">
        <ele>550.223911</ele>
        <time>2026-04-08T14:29:16.000Z</time>
      </trkpt>
      <trkpt lat="51.647743" lon="10.771197">
        <ele>549.972778</ele>
        <time>2026-04-08T14:29:17.000Z</time>
      </trkpt>
      <trkpt lat="51.647690" lon="10.771136">
        <ele>549.712701</ele>
        <time>2026-04-08T14:29:18.000Z</time>
      </trkpt>
      <trkpt lat="51.647639" lon="10.771076">
        <ele>549.460550</ele>
        <time>2026-04-08T14:29:19.000Z</time>
      </trkpt>
      <trkpt lat="51.647582" lon="10.771007">
        <ele>549.175872</ele>
        <time>2026-04-08T14:29:20.000Z</time>
      </trkpt>
      <trkpt lat="51.647530" lon="10.770939">
        <ele>548.908458</ele>
        <time>2026-04-08T14:29:21.000Z</time>
      </trkpt>
      <trkpt lat="51.647475" lon="10.770869">
        <ele>548.628595</ele>
        <time>2026-04-08T14:29:22.000Z</time>
      </trkpt>
      <trkpt lat="51.647419" lon="10.770794">
        <ele>548.337829</ele>
        <time>2026-04-08T14:29:23.000Z</time>
      </trkpt>
      <trkpt lat="51.647360" lon="10.770715">
        <ele>548.031514</ele>
        <time>2026-04-08T14:29:24.000Z</time>
      </trkpt>
      <trkpt lat="51.647309" lon="10.770638">
        <ele>547.752444</ele>
        <time>2026-04-08T14:29:25.000Z</time>
      </trkpt>
      <trkpt lat="51.647253" lon="10.770551">
        <ele>547.441830</ele>
        <time>2026-04-08T14:29:26.000Z</time>
      </trkpt>
      <trkpt lat="51.647193" lon="10.770467">
        <ele>547.124450</ele>
        <time>2026-04-08T14:29:27.000Z</time>
      </trkpt>
      <trkpt lat="51.647140" lon="10.770386">
        <ele>546.832769</ele>
        <time>2026-04-08T14:29:28.000Z</time>
      </trkpt>
      <trkpt lat="51.647088" lon="10.770300">
        <ele>546.535229</ele>
        <time>2026-04-08T14:29:29.000Z</time>
      </trkpt>
      <trkpt lat="51.647029" lon="10.770207">
        <ele>546.205662</ele>
        <time>2026-04-08T14:29:30.000Z</time>
      </trkpt>
      <trkpt lat="51.646977" lon="10.770121">
        <ele>545.908122</ele>
        <time>2026-04-08T14:29:31.000Z</time>
      </trkpt>
      <trkpt lat="51.646919" lon="10.770031">
        <ele>545.586598</ele>
        <time>2026-04-08T14:29:32.000Z</time>
      </trkpt>
      <trkpt lat="51.646862" lon="10.769943">
        <ele>545.271386</ele>
        <time>2026-04-08T14:29:33.000Z</time>
      </trkpt>
      <trkpt lat="51.646805" lon="10.769856">
        <ele>544.957884</ele>
        <time>2026-04-08T14:29:34.000Z</time>
      </trkpt>
      <trkpt lat="51.646749" lon="10.769774">
        <ele>544.655735</ele>
        <time>2026-04-08T14:29:35.000Z</time>
      </trkpt>
      <trkpt lat="51.646686" lon="10.769690">
        <ele>544.329215</ele>
        <time>2026-04-08T14:29:36.000Z</time>
      </trkpt>
      <trkpt lat="51.646635" lon="10.769617">
        <ele>544.056823</ele>
        <time>2026-04-08T14:29:37.000Z</time>
      </trkpt>
      <trkpt lat="51.646575" lon="10.769543">
        <ele>543.754975</ele>
        <time>2026-04-08T14:29:38.000Z</time>
      </trkpt>
      <trkpt lat="51.646511" lon="10.769468">
        <ele>543.229939</ele>
        <time>2026-04-08T14:29:39.000Z</time>
      </trkpt>
      <trkpt lat="51.646447" lon="10.769405">
        <ele>542.732352</ele>
        <time>2026-04-08T14:29:40.000Z</time>
      </trkpt>
      <trkpt lat="51.646387" lon="10.769353">
        <ele>542.280339</ele>
        <time>2026-04-08T14:29:41.000Z</time>
      </trkpt>
      <trkpt lat="51.646318" lon="10.769308">
        <ele>541.786460</ele>
        <time>2026-04-08T14:29:42.000Z</time>
      </trkpt>
      <trkpt lat="51.646258" lon="10.769278">
        <ele>541.369642</ele>
        <time>2026-04-08T14:29:43.000Z</time>
      </trkpt>
      <trkpt lat="51.646181" lon="10.769253">
        <ele>540.848485</ele>
        <time>2026-04-08T14:29:44.000Z</time>
      </trkpt>
      <trkpt lat="51.646109" lon="10.769234">
        <ele>540.364405</ele>
        <time>2026-04-08T14:29:45.000Z</time>
      </trkpt>
      <trkpt lat="51.646038" lon="10.769219">
        <ele>539.889292</ele>
        <time>2026-04-08T14:29:46.000Z</time>
      </trkpt>
      <trkpt lat="51.645968" lon="10.769200">
        <ele>539.418303</ele>
        <time>2026-04-08T14:29:47.000Z</time>
      </trkpt>
      <trkpt lat="51.645897" lon="10.769183">
        <ele>538.942049</ele>
        <time>2026-04-08T14:29:48.000Z</time>
      </trkpt>
      <trkpt lat="51.645828" lon="10.769168">
        <ele>538.480090</ele>
        <time>2026-04-08T14:29:49.000Z</time>
      </trkpt>
      <trkpt lat="51.645767" lon="10.769158">
        <ele>538.073268</ele>
        <time>2026-04-08T14:29:50.000Z</time>
      </trkpt>
      <trkpt lat="51.645719" lon="10.769149">
        <ele>537.752642</ele>
        <time>2026-04-08T14:29:51.000Z</time>
      </trkpt>
      <trkpt lat="51.645667" lon="10.769150">
        <ele>537.407599</ele>
        <time>2026-04-08T14:29:52.000Z</time>
      </trkpt>
      <trkpt lat="51.645612" lon="10.769172">
        <ele>537.031603</ele>
        <time>2026-04-08T14:29:53.000Z</time>
      </trkpt>
      <trkpt lat="51.645562" lon="10.769216">
        <ele>536.653616</ele>
        <time>2026-04-08T14:29:54.000Z</time>
      </trkpt>
      <trkpt lat="51.645511" lon="10.769279">
        <ele>536.227258</ele>
        <time>2026-04-08T14:29:55.000Z</time>
      </trkpt>
      <trkpt lat="51.645458" lon="10.769361">
        <ele>535.739776</ele>
        <time>2026-04-08T14:29:56.000Z</time>
      </trkpt>
      <trkpt lat="51.645404" lon="10.769448">
        <ele>535.233146</ele>
        <time>2026-04-08T14:29:57.000Z</time>
      </trkpt>
      <trkpt lat="51.645355" lon="10.769528">
        <ele>534.770344</ele>
        <time>2026-04-08T14:29:58.000Z</time>
      </trkpt>
      <trkpt lat="51.645309" lon="10.769606">
        <ele>534.327306</ele>
        <time>2026-04-08T14:29:59.000Z</time>
      </trkpt>
      <trkpt lat="51.645260" lon="10.769688">
        <ele>533.858607</ele>
        <time>2026-04-08T14:30:00.000Z</time>
      </trkpt>
      <trkpt lat="51.645209" lon="10.769768">
        <ele>533.386388</ele>
        <time>2026-04-08T14:30:01.000Z</time>
      </trkpt>
      <trkpt lat="51.645158" lon="10.769853">
        <ele>532.899586</ele>
        <time>2026-04-08T14:30:02.000Z</time>
      </trkpt>
      <trkpt lat="51.645102" lon="10.769940">
        <ele>532.383486</ele>
        <time>2026-04-08T14:30:03.000Z</time>
      </trkpt>
      <trkpt lat="51.645051" lon="10.770026">
        <ele>531.893715</ele>
        <time>2026-04-08T14:30:04.000Z</time>
      </trkpt>
      <trkpt lat="51.644999" lon="10.770117">
        <ele>531.416012</ele>
        <time>2026-04-08T14:30:05.000Z</time>
      </trkpt>
      <trkpt lat="51.644955" lon="10.770216">
        <ele>530.950926</ele>
        <time>2026-04-08T14:30:06.000Z</time>
      </trkpt>
      <trkpt lat="51.644913" lon="10.770322">
        <ele>530.470591</ele>
        <time>2026-04-08T14:30:07.000Z</time>
      </trkpt>
      <trkpt lat="51.644870" lon="10.770434">
        <ele>529.967579</ele>
        <time>2026-04-08T14:30:08.000Z</time>
      </trkpt>
      <trkpt lat="51.644830" lon="10.770553">
        <ele>529.450688</ele>
        <time>2026-04-08T14:30:09.000Z</time>
      </trkpt>
      <trkpt lat="51.644795" lon="10.770667">
        <ele>528.964913</ele>
        <time>2026-04-08T14:30:10.000Z</time>
      </trkpt>
      <trkpt lat="51.644764" lon="10.770782">
        <ele>528.486042</ele>
        <time>2026-04-08T14:30:11.000Z</time>
      </trkpt>
      <trkpt lat="51.644730" lon="10.770906">
        <ele>527.968277</ele>
        <time>2026-04-08T14:30:12.000Z</time>
      </trkpt>
      <trkpt lat="51.644703" lon="10.771026">
        <ele>527.480764</ele>
        <time>2026-04-08T14:30:13.000Z</time>
      </trkpt>
      <trkpt lat="51.644672" lon="10.771155">
        <ele>526.952420</ele>
        <time>2026-04-08T14:30:14.000Z</time>
      </trkpt>
      <trkpt lat="51.644647" lon="10.771287">
        <ele>526.425314</ele>
        <time>2026-04-08T14:30:15.000Z</time>
      </trkpt>
      <trkpt lat="51.644621" lon="10.771414">
        <ele>525.914547</ele>
        <time>2026-04-08T14:30:16.000Z</time>
      </trkpt>
      <trkpt lat="51.644598" lon="10.771539">
        <ele>525.416589</ele>
        <time>2026-04-08T14:30:17.000Z</time>
      </trkpt>
      <trkpt lat="51.644572" lon="10.771668">
        <ele>524.898562</ele>
        <time>2026-04-08T14:30:18.000Z</time>
      </trkpt>
      <trkpt lat="51.644548" lon="10.771795">
        <ele>524.391516</ele>
        <time>2026-04-08T14:30:19.000Z</time>
      </trkpt>
      <trkpt lat="51.644520" lon="10.771935">
        <ele>523.829727</ele>
        <time>2026-04-08T14:30:20.000Z</time>
      </trkpt>
      <trkpt lat="51.644498" lon="10.772059">
        <ele>523.337156</ele>
        <time>2026-04-08T14:30:21.000Z</time>
      </trkpt>
      <trkpt lat="51.644476" lon="10.772185">
        <ele>522.837235</ele>
        <time>2026-04-08T14:30:22.000Z</time>
      </trkpt>
      <trkpt lat="51.644455" lon="10.772322">
        <ele>522.298262</ele>
        <time>2026-04-08T14:30:23.000Z</time>
      </trkpt>
      <trkpt lat="51.644436" lon="10.772456">
        <ele>521.773283</ele>
        <time>2026-04-08T14:30:24.000Z</time>
      </trkpt>
      <trkpt lat="51.644420" lon="10.772589">
        <ele>521.255856</ele>
        <time>2026-04-08T14:30:25.000Z</time>
      </trkpt>
      <trkpt lat="51.644405" lon="10.772727">
        <ele>520.718129</ele>
        <time>2026-04-08T14:30:26.000Z</time>
      </trkpt>
      <trkpt lat="51.644392" lon="10.772862">
        <ele>520.150893</ele>
        <time>2026-04-08T14:30:27.000Z</time>
      </trkpt>
      <trkpt lat="51.644381" lon="10.772992">
        <ele>519.606132</ele>
        <time>2026-04-08T14:30:28.000Z</time>
      </trkpt>
      <trkpt lat="51.644373" lon="10.773120">
        <ele>519.071981</ele>
        <time>2026-04-08T14:30:29.000Z</time>
      </trkpt>
      <trkpt lat="51.644365" lon="10.773251">
        <ele>518.525435</ele>
        <time>2026-04-08T14:30:30.000Z</time>
      </trkpt>
      <trkpt lat="51.644355" lon="10.773379">
        <ele>517.989778</ele>
        <time>2026-04-08T14:30:31.000Z</time>
      </trkpt>
      <trkpt lat="51.644343" lon="10.773513">
        <ele>517.427639</ele>
        <time>2026-04-08T14:30:32.000Z</time>
      </trkpt>
      <trkpt lat="51.644332" lon="10.773647">
        <ele>516.866417</ele>
        <time>2026-04-08T14:30:33.000Z</time>
      </trkpt>
      <trkpt lat="51.644315" lon="10.773773">
        <ele>516.331035</ele>
        <time>2026-04-08T14:30:34.000Z</time>
      </trkpt>
      <trkpt lat="51.644298" lon="10.773905">
        <ele>515.771285</ele>
        <time>2026-04-08T14:30:35.000Z</time>
      </trkpt>
      <trkpt lat="51.644286" lon="10.774035">
        <ele>515.225578</ele>
        <time>2026-04-08T14:30:36.000Z</time>
      </trkpt>
      <trkpt lat="51.644280" lon="10.774166">
        <ele>514.680179</ele>
        <time>2026-04-08T14:30:37.000Z</time>
      </trkpt>
      <trkpt lat="51.644277" lon="10.774296">
        <ele>514.140039</ele>
        <time>2026-04-08T14:30:38.000Z</time>
      </trkpt>
      <trkpt lat="51.644276" lon="10.774431">
        <ele>513.579471</ele>
        <time>2026-04-08T14:30:39.000Z</time>
      </trkpt>
      <trkpt lat="51.644281" lon="10.774569">
        <ele>513.005511</ele>
        <time>2026-04-08T14:30:40.000Z</time>
      </trkpt>
      <trkpt lat="51.644283" lon="10.774710">
        <ele>512.419918</ele>
        <time>2026-04-08T14:30:41.000Z</time>
      </trkpt>
      <trkpt lat="51.644289" lon="10.774857">
        <ele>511.808247</ele>
        <time>2026-04-08T14:30:42.000Z</time>
      </trkpt>
      <trkpt lat="51.644294" lon="10.775006">
        <ele>511.188687</ele>
        <time>2026-04-08T14:30:43.000Z</time>
      </trkpt>
      <trkpt lat="51.644298" lon="10.775152">
        <ele>510.581896</ele>
        <time>2026-04-08T14:30:44.000Z</time>
      </trkpt>
      <trkpt lat="51.644305" lon="10.775301">
        <ele>509.961470</ele>
        <time>2026-04-08T14:30:45.000Z</time>
      </trkpt>
      <trkpt lat="51.644309" lon="10.775449">
        <ele>509.346383</ele>
        <time>2026-04-08T14:30:46.000Z</time>
      </trkpt>
      <trkpt lat="51.644313" lon="10.775600">
        <ele>508.718852</ele>
        <time>2026-04-08T14:30:47.000Z</time>
      </trkpt>
      <trkpt lat="51.644320" lon="10.775752">
        <ele>508.180964</ele>
        <time>2026-04-08T14:30:48.000Z</time>
      </trkpt>
      <trkpt lat="51.644324" lon="10.775905">
        <ele>507.640932</ele>
        <time>2026-04-08T14:30:49.000Z</time>
      </trkpt>
      <trkpt lat="51.644328" lon="10.776066">
        <ele>507.072711</ele>
        <time>2026-04-08T14:30:50.000Z</time>
      </trkpt>
      <trkpt lat="51.644329" lon="10.776223">
        <ele>506.519023</ele>
        <time>2026-04-08T14:30:51.000Z</time>
      </trkpt>
      <trkpt lat="51.644323" lon="10.776373">
        <ele>505.988951</ele>
        <time>2026-04-08T14:30:52.000Z</time>
      </trkpt>
      <trkpt lat="51.644309" lon="10.776524">
        <ele>505.450540</ele>
        <time>2026-04-08T14:30:53.000Z</time>
      </trkpt>
      <trkpt lat="51.644288" lon="10.776669">
        <ele>504.925456</ele>
        <time>2026-04-08T14:30:54.000Z</time>
      </trkpt>
      <trkpt lat="51.644263" lon="10.776812">
        <ele>504.401536</ele>
        <time>2026-04-08T14:30:55.000Z</time>
      </trkpt>
      <trkpt lat="51.644229" lon="10.776960">
        <ele>503.844997</ele>
        <time>2026-04-08T14:30:56.000Z</time>
      </trkpt>
      <trkpt lat="51.644194" lon="10.777106">
        <ele>503.293043</ele>
        <time>2026-04-08T14:30:57.000Z</time>
      </trkpt>
      <trkpt lat="51.644157" lon="10.777244">
        <ele>502.762903</ele>
        <time>2026-04-08T14:30:58.000Z</time>
      </trkpt>
      <trkpt lat="51.644119" lon="10.777381">
        <ele>502.233705</ele>
        <time>2026-04-08T14:30:59.000Z</time>
      </trkpt>
      <trkpt lat="51.644080" lon="10.777521">
        <ele>501.692528</ele>
        <time>2026-04-08T14:31:00.000Z</time>
      </trkpt>
      <trkpt lat="51.644043" lon="10.777654">
        <ele>501.178525</ele>
        <time>2026-04-08T14:31:01.000Z</time>
      </trkpt>
      <trkpt lat="51.644009" lon="10.777791">
        <ele>500.658188</ele>
        <time>2026-04-08T14:31:02.000Z</time>
      </trkpt>
      <trkpt lat="51.643973" lon="10.777935">
        <ele>500.110707</ele>
        <time>2026-04-08T14:31:03.000Z</time>
      </trkpt>
      <trkpt lat="51.643938" lon="10.778066">
        <ele>499.607734</ele>
        <time>2026-04-08T14:31:04.000Z</time>
      </trkpt>
      <trkpt lat="51.643902" lon="10.778216">
        <ele>499.040571</ele>
        <time>2026-04-08T14:31:05.000Z</time>
      </trkpt>
      <trkpt lat="51.643868" lon="10.778376">
        <ele>498.451180</ele>
        <time>2026-04-08T14:31:06.000Z</time>
      </trkpt>
      <trkpt lat="51.643840" lon="10.778514">
        <ele>498.010248</ele>
        <time>2026-04-08T14:31:07.000Z</time>
      </trkpt>
      <trkpt lat="51.643812" lon="10.778671">
        <ele>497.514147</ele>
        <time>2026-04-08T14:31:08.000Z</time>
      </trkpt>
      <trkpt lat="51.643782" lon="10.778828">
        <ele>497.015254</ele>
        <time>2026-04-08T14:31:09.000Z</time>
      </trkpt>
      <trkpt lat="51.643755" lon="10.778978">
        <ele>496.540934</ele>
        <time>2026-04-08T14:31:10.000Z</time>
      </trkpt>
      <trkpt lat="51.643729" lon="10.779126">
        <ele>496.073801</ele>
        <time>2026-04-08T14:31:11.000Z</time>
      </trkpt>
      <trkpt lat="51.643701" lon="10.779275">
        <ele>495.601002</ele>
        <time>2026-04-08T14:31:12.000Z</time>
      </trkpt>
      <trkpt lat="51.643674" lon="10.779408">
        <ele>495.176023</ele>
        <time>2026-04-08T14:31:13.000Z</time>
      </trkpt>
      <trkpt lat="51.643641" lon="10.779535">
        <ele>494.757882</ele>
        <time>2026-04-08T14:31:14.000Z</time>
      </trkpt>
      <trkpt lat="51.643607" lon="10.779664">
        <ele>494.332242</ele>
        <time>2026-04-08T14:31:15.000Z</time>
      </trkpt>
      <trkpt lat="51.643579" lon="10.779787">
        <ele>493.934355</ele>
        <time>2026-04-08T14:31:16.000Z</time>
      </trkpt>
      <trkpt lat="51.643558" lon="10.779919">
        <ele>493.520511</ele>
        <time>2026-04-08T14:31:17.000Z</time>
      </trkpt>
      <trkpt lat="51.643545" lon="10.780053">
        <ele>493.108615</ele>
        <time>2026-04-08T14:31:18.000Z</time>
      </trkpt>
      <trkpt lat="51.643537" lon="10.780191">
        <ele>492.687689</ele>
        <time>2026-04-08T14:31:19.000Z</time>
      </trkpt>
      <trkpt lat="51.643527" lon="10.780334">
        <ele>492.250655</ele>
        <time>2026-04-08T14:31:20.000Z</time>
      </trkpt>
      <trkpt lat="51.643518" lon="10.780477">
        <ele>491.814141</ele>
        <time>2026-04-08T14:31:21.000Z</time>
      </trkpt>
      <trkpt lat="51.643510" lon="10.780621">
        <ele>491.375069</ele>
        <time>2026-04-08T14:31:22.000Z</time>
      </trkpt>
      <trkpt lat="51.643503" lon="10.780766">
        <ele>490.933378</ele>
        <time>2026-04-08T14:31:23.000Z</time>
      </trkpt>
      <trkpt lat="51.643492" lon="10.780905">
        <ele>490.507821</ele>
        <time>2026-04-08T14:31:24.000Z</time>
      </trkpt>
      <trkpt lat="51.643481" lon="10.781038">
        <ele>490.100333</ele>
        <time>2026-04-08T14:31:25.000Z</time>
      </trkpt>
      <trkpt lat="51.643468" lon="10.781176">
        <ele>489.681542</ele>
        <time>2026-04-08T14:31:26.000Z</time>
      </trkpt>
      <trkpt lat="51.643454" lon="10.781316">
        <ele>489.390382</ele>
        <time>2026-04-08T14:31:27.000Z</time>
      </trkpt>
      <trkpt lat="51.643431" lon="10.781438">
        <ele>489.128583</ele>
        <time>2026-04-08T14:31:28.000Z</time>
      </trkpt>
      <trkpt lat="51.643403" lon="10.781558">
        <ele>488.865354</ele>
        <time>2026-04-08T14:31:29.000Z</time>
      </trkpt>
      <trkpt lat="51.643374" lon="10.781677">
        <ele>488.602854</ele>
        <time>2026-04-08T14:31:30.000Z</time>
      </trkpt>
      <trkpt lat="51.643334" lon="10.781784">
        <ele>488.346373</ele>
        <time>2026-04-08T14:31:31.000Z</time>
      </trkpt>
      <trkpt lat="51.643292" lon="10.781888">
        <ele>488.091600</ele>
        <time>2026-04-08T14:31:32.000Z</time>
      </trkpt>
      <trkpt lat="51.643244" lon="10.781975">
        <ele>487.852577</ele>
        <time>2026-04-08T14:31:33.000Z</time>
      </trkpt>
      <trkpt lat="51.643187" lon="10.782049">
        <ele>487.610390</ele>
        <time>2026-04-08T14:31:34.000Z</time>
      </trkpt>
      <trkpt lat="51.643122" lon="10.782121">
        <ele>487.349415</ele>
        <time>2026-04-08T14:31:35.000Z</time>
      </trkpt>
      <trkpt lat="51.643055" lon="10.782203">
        <ele>487.071044</ele>
        <time>2026-04-08T14:31:36.000Z</time>
      </trkpt>
      <trkpt lat="51.642998" lon="10.782279">
        <ele>486.826260</ele>
        <time>2026-04-08T14:31:37.000Z</time>
      </trkpt>
      <trkpt lat="51.642937" lon="10.782362">
        <ele>486.562104</ele>
        <time>2026-04-08T14:31:38.000Z</time>
      </trkpt>
      <trkpt lat="51.642882" lon="10.782454">
        <ele>486.299808</ele>
        <time>2026-04-08T14:31:39.000Z</time>
      </trkpt>
      <trkpt lat="51.642831" lon="10.782545">
        <ele>486.048042</ele>
        <time>2026-04-08T14:31:40.000Z</time>
      </trkpt>
      <trkpt lat="51.642776" lon="10.782653">
        <ele>485.761179</ele>
        <time>2026-04-08T14:31:41.000Z</time>
      </trkpt>
      <trkpt lat="51.642729" lon="10.782752">
        <ele>485.505244</ele>
        <time>2026-04-08T14:31:42.000Z</time>
      </trkpt>
      <trkpt lat="51.642680" lon="10.782856">
        <ele>485.237132</ele>
        <time>2026-04-08T14:31:43.000Z</time>
      </trkpt>
      <trkpt lat="51.642633" lon="10.782960">
        <ele>484.972969</ele>
        <time>2026-04-08T14:31:44.000Z</time>
      </trkpt>
      <trkpt lat="51.642584" lon="10.783076">
        <ele>484.684847</ele>
        <time>2026-04-08T14:31:45.000Z</time>
      </trkpt>
      <trkpt lat="51.642541" lon="10.783176">
        <ele>484.435045</ele>
        <time>2026-04-08T14:31:46.000Z</time>
      </trkpt>
      <trkpt lat="51.642500" lon="10.783295">
        <ele>484.155573</ele>
        <time>2026-04-08T14:31:47.000Z</time>
      </trkpt>
      <trkpt lat="51.642467" lon="10.783407">
        <ele>483.901002</ele>
        <time>2026-04-08T14:31:48.000Z</time>
      </trkpt>
      <trkpt lat="51.642434" lon="10.783538">
        <ele>483.573743</ele>
        <time>2026-04-08T14:31:49.000Z</time>
      </trkpt>
      <trkpt lat="51.642407" lon="10.783665">
        <ele>483.219920</ele>
        <time>2026-04-08T14:31:50.000Z</time>
      </trkpt>
      <trkpt lat="51.642379" lon="10.783801">
        <ele>482.842262</ele>
        <time>2026-04-08T14:31:51.000Z</time>
      </trkpt>
      <trkpt lat="51.642351" lon="10.783923">
        <ele>482.499428</ele>
        <time>2026-04-08T14:31:52.000Z</time>
      </trkpt>
      <trkpt lat="51.642319" lon="10.784058">
        <ele>482.118544</ele>
        <time>2026-04-08T14:31:53.000Z</time>
      </trkpt>
      <trkpt lat="51.642286" lon="10.784177">
        <ele>481.775012</ele>
        <time>2026-04-08T14:31:54.000Z</time>
      </trkpt>
      <trkpt lat="51.642248" lon="10.784298">
        <ele>481.417587</ele>
        <time>2026-04-08T14:31:55.000Z</time>
      </trkpt>
      <trkpt lat="51.642204" lon="10.784403">
        <ele>481.083658</ele>
        <time>2026-04-08T14:31:56.000Z</time>
      </trkpt>
      <trkpt lat="51.642152" lon="10.784512">
        <ele>480.721294</ele>
        <time>2026-04-08T14:31:57.000Z</time>
      </trkpt>
      <trkpt lat="51.642109" lon="10.784605">
        <ele>480.415624</ele>
        <time>2026-04-08T14:31:58.000Z</time>
      </trkpt>
      <trkpt lat="51.642057" lon="10.784707">
        <ele>480.067704</ele>
        <time>2026-04-08T14:31:59.000Z</time>
      </trkpt>
      <trkpt lat="51.642014" lon="10.784799">
        <ele>479.764143</ele>
        <time>2026-04-08T14:32:00.000Z</time>
      </trkpt>
      <trkpt lat="51.641968" lon="10.784900">
        <ele>479.433943</ele>
        <time>2026-04-08T14:32:01.000Z</time>
      </trkpt>
      <trkpt lat="51.641926" lon="10.785001">
        <ele>479.113502</ele>
        <time>2026-04-08T14:32:02.000Z</time>
      </trkpt>
      <trkpt lat="51.641886" lon="10.785110">
        <ele>478.779743</ele>
        <time>2026-04-08T14:32:03.000Z</time>
      </trkpt>
      <trkpt lat="51.641848" lon="10.785219">
        <ele>478.450226</ele>
        <time>2026-04-08T14:32:04.000Z</time>
      </trkpt>
      <trkpt lat="51.641817" lon="10.785329">
        <ele>478.131807</ele>
        <time>2026-04-08T14:32:05.000Z</time>
      </trkpt>
      <trkpt lat="51.641784" lon="10.785454">
        <ele>477.773776</ele>
        <time>2026-04-08T14:32:06.000Z</time>
      </trkpt>
      <trkpt lat="51.641756" lon="10.785564">
        <ele>477.460411</ele>
        <time>2026-04-08T14:32:07.000Z</time>
      </trkpt>
      <trkpt lat="51.641724" lon="10.785690">
        <ele>477.101582</ele>
        <time>2026-04-08T14:32:08.000Z</time>
      </trkpt>
      <trkpt lat="51.641698" lon="10.785808">
        <ele>476.771551</ele>
        <time>2026-04-08T14:32:09.000Z</time>
      </trkpt>
      <trkpt lat="51.641670" lon="10.785932">
        <ele>476.423764</ele>
        <time>2026-04-08T14:32:10.000Z</time>
      </trkpt>
      <trkpt lat="51.641641" lon="10.786047">
        <ele>476.096654</ele>
        <time>2026-04-08T14:32:11.000Z</time>
      </trkpt>
      <trkpt lat="51.641612" lon="10.786175">
        <ele>475.741693</ele>
        <time>2026-04-08T14:32:12.000Z</time>
      </trkpt>
      <trkpt lat="51.641587" lon="10.786291">
        <ele>475.421814</ele>
        <time>2026-04-08T14:32:13.000Z</time>
      </trkpt>
      <trkpt lat="51.641562" lon="10.786425">
        <ele>475.057316</ele>
        <time>2026-04-08T14:32:14.000Z</time>
      </trkpt>
      <trkpt lat="51.641540" lon="10.786549">
        <ele>474.721359</ele>
        <time>2026-04-08T14:32:15.000Z</time>
      </trkpt>
      <trkpt lat="51.641517" lon="10.786683">
        <ele>474.359188</ele>
        <time>2026-04-08T14:32:16.000Z</time>
      </trkpt>
      <trkpt lat="51.641498" lon="10.786811">
        <ele>474.016346</ele>
        <time>2026-04-08T14:32:17.000Z</time>
      </trkpt>
      <trkpt lat="51.641485" lon="10.786955">
        <ele>473.637282</ele>
        <time>2026-04-08T14:32:18.000Z</time>
      </trkpt>
      <trkpt lat="51.641477" lon="10.787077">
        <ele>473.317707</ele>
        <time>2026-04-08T14:32:19.000Z</time>
      </trkpt>
      <trkpt lat="51.641479" lon="10.787212">
        <ele>472.965936</ele>
        <time>2026-04-08T14:32:20.000Z</time>
      </trkpt>
      <trkpt lat="51.641482" lon="10.787353">
        <ele>472.598420</ele>
        <time>2026-04-08T14:32:21.000Z</time>
      </trkpt>
      <trkpt lat="51.641487" lon="10.787500">
        <ele>472.214915</ele>
        <time>2026-04-08T14:32:22.000Z</time>
      </trkpt>
      <trkpt lat="51.641493" lon="10.787634">
        <ele>471.864941</ele>
        <time>2026-04-08T14:32:23.000Z</time>
      </trkpt>
      <trkpt lat="51.641498" lon="10.787774">
        <ele>471.499643</ele>
        <time>2026-04-08T14:32:24.000Z</time>
      </trkpt>
      <trkpt lat="51.641499" lon="10.787901">
        <ele>471.168785</ele>
        <time>2026-04-08T14:32:25.000Z</time>
      </trkpt>
      <trkpt lat="51.641502" lon="10.788041">
        <ele>470.803872</ele>
        <time>2026-04-08T14:32:26.000Z</time>
      </trkpt>
      <trkpt lat="51.641499" lon="10.788175">
        <ele>470.454580</ele>
        <time>2026-04-08T14:32:27.000Z</time>
      </trkpt>
      <trkpt lat="51.641495" lon="10.788312">
        <ele>470.097304</ele>
        <time>2026-04-08T14:32:28.000Z</time>
      </trkpt>
      <trkpt lat="51.641485" lon="10.788445">
        <ele>469.748310</ele>
        <time>2026-04-08T14:32:29.000Z</time>
      </trkpt>
      <trkpt lat="51.641476" lon="10.788588">
        <ele>469.373889</ele>
        <time>2026-04-08T14:32:30.000Z</time>
      </trkpt>
      <trkpt lat="51.641473" lon="10.788710">
        <ele>469.055833</ele>
        <time>2026-04-08T14:32:31.000Z</time>
      </trkpt>
      <trkpt lat="51.641482" lon="10.788853">
        <ele>468.681412</ele>
        <time>2026-04-08T14:32:32.000Z</time>
      </trkpt>
      <trkpt lat="51.641496" lon="10.788987">
        <ele>468.502536</ele>
        <time>2026-04-08T14:32:33.000Z</time>
      </trkpt>
      <trkpt lat="51.641512" lon="10.789127">
        <ele>468.420977</ele>
        <time>2026-04-08T14:32:34.000Z</time>
      </trkpt>
      <trkpt lat="51.641529" lon="10.789252">
        <ele>468.347660</ele>
        <time>2026-04-08T14:32:35.000Z</time>
      </trkpt>
      <trkpt lat="51.641548" lon="10.789382">
        <ele>468.271142</ele>
        <time>2026-04-08T14:32:36.000Z</time>
      </trkpt>
      <trkpt lat="51.641567" lon="10.789514">
        <ele>468.193507</ele>
        <time>2026-04-08T14:32:37.000Z</time>
      </trkpt>
      <trkpt lat="51.641584" lon="10.789647">
        <ele>468.115708</ele>
        <time>2026-04-08T14:32:38.000Z</time>
      </trkpt>
      <trkpt lat="51.641602" lon="10.789781">
        <ele>468.037157</ele>
        <time>2026-04-08T14:32:39.000Z</time>
      </trkpt>
      <trkpt lat="51.641610" lon="10.789916">
        <ele>467.959460</ele>
        <time>2026-04-08T14:32:40.000Z</time>
      </trkpt>
      <trkpt lat="51.641616" lon="10.790052">
        <ele>467.881344</ele>
        <time>2026-04-08T14:32:41.000Z</time>
      </trkpt>
      <trkpt lat="51.641613" lon="10.790194">
        <ele>467.799941</ele>
        <time>2026-04-08T14:32:42.000Z</time>
      </trkpt>
      <trkpt lat="51.641607" lon="10.790311">
        <ele>467.732680</ele>
        <time>2026-04-08T14:32:43.000Z</time>
      </trkpt>
      <trkpt lat="51.641601" lon="10.790436">
        <ele>467.660849</ele>
        <time>2026-04-08T14:32:44.000Z</time>
      </trkpt>
      <trkpt lat="51.641595" lon="10.790563">
        <ele>467.587877</ele>
        <time>2026-04-08T14:32:45.000Z</time>
      </trkpt>
      <trkpt lat="51.641587" lon="10.790694">
        <ele>467.512460</ele>
        <time>2026-04-08T14:32:46.000Z</time>
      </trkpt>
      <trkpt lat="51.641580" lon="10.790803">
        <ele>467.449677</ele>
        <time>2026-04-08T14:32:47.000Z</time>
      </trkpt>
      <trkpt lat="51.641572" lon="10.790900">
        <ele>467.393614</ele>
        <time>2026-04-08T14:32:48.000Z</time>
      </trkpt>
      <trkpt lat="51.641565" lon="10.790996">
        <ele>467.338235</ele>
        <time>2026-04-08T14:32:49.000Z</time>
      </trkpt>
      <trkpt lat="51.641550" lon="10.791081">
        <ele>467.287605</ele>
        <time>2026-04-08T14:32:50.000Z</time>
      </trkpt>
      <trkpt lat="51.641533" lon="10.791134">
        <ele>467.253423</ele>
        <time>2026-04-08T14:32:51.000Z</time>
      </trkpt>
      <trkpt lat="51.641511" lon="10.791169">
        <ele>467.224881</ele>
        <time>2026-04-08T14:32:52.000Z</time>
      </trkpt>
      <trkpt lat="51.641487" lon="10.791199">
        <ele>467.196839</ele>
        <time>2026-04-08T14:32:53.000Z</time>
      </trkpt>
      <trkpt lat="51.641461" lon="10.791195">
        <ele>467.172726</ele>
        <time>2026-04-08T14:32:54.000Z</time>
      </trkpt>
      <trkpt lat="51.641436" lon="10.791168">
        <ele>467.144941</ele>
        <time>2026-04-08T14:32:55.000Z</time>
      </trkpt>
      <trkpt lat="51.641419" lon="10.791127">
        <ele>467.116690</ele>
        <time>2026-04-08T14:32:56.000Z</time>
      </trkpt>
      <trkpt lat="51.641405" lon="10.791082">
        <ele>467.087850</ele>
        <time>2026-04-08T14:32:57.000Z</time>
      </trkpt>
      <trkpt lat="51.641396" lon="10.791039">
        <ele>467.061850</ele>
        <time>2026-04-08T14:32:58.000Z</time>
      </trkpt>
      <trkpt lat="51.641389" lon="10.790998">
        <ele>467.037487</ele>
        <time>2026-04-08T14:32:59.000Z</time>
      </trkpt>
      <trkpt lat="51.641377" lon="10.790955">
        <ele>467.010475</ele>
        <time>2026-04-08T14:33:00.000Z</time>
      </trkpt>
      <trkpt lat="51.641370" lon="10.790915">
        <ele>466.986663</ele>
        <time>2026-04-08T14:33:01.000Z</time>
      </trkpt>
      <trkpt lat="51.641359" lon="10.790872">
        <ele>466.960016</ele>
        <time>2026-04-08T14:33:02.000Z</time>
      </trkpt>
      <trkpt lat="51.641351" lon="10.790831">
        <ele>466.935392</ele>
        <time>2026-04-08T14:33:03.000Z</time>
      </trkpt>
      <trkpt lat="51.641343" lon="10.790791">
        <ele>466.911314</ele>
        <time>2026-04-08T14:33:04.000Z</time>
      </trkpt>
      <trkpt lat="51.641336" lon="10.790750">
        <ele>466.932967</ele>
        <time>2026-04-08T14:33:05.000Z</time>
      </trkpt>
      <trkpt lat="51.641328" lon="10.790711">
        <ele>467.154948</ele>
        <time>2026-04-08T14:33:06.000Z</time>
      </trkpt>
      <trkpt lat="51.641321" lon="10.790677">
        <ele>467.348541</ele>
        <time>2026-04-08T14:33:07.000Z</time>
      </trkpt>
      <trkpt lat="51.641313" lon="10.790641">
        <ele>467.555191</ele>
        <time>2026-04-08T14:33:08.000Z</time>
      </trkpt>
      <trkpt lat="51.641308" lon="10.790607">
        <ele>467.744024</ele>
        <time>2026-04-08T14:33:09.000Z</time>
      </trkpt>
      <trkpt lat="51.641305" lon="10.790571">
        <ele>467.940323</ele>
        <time>2026-04-08T14:33:10.000Z</time>
      </trkpt>
      <trkpt lat="51.641301" lon="10.790538">
        <ele>468.122034</ele>
        <time>2026-04-08T14:33:11.000Z</time>
      </trkpt>
      <trkpt lat="51.641296" lon="10.790504">
        <ele>468.310867</ele>
        <time>2026-04-08T14:33:12.000Z</time>
      </trkpt>
      <trkpt lat="51.641290" lon="10.790469">
        <ele>468.507100</ele>
        <time>2026-04-08T14:33:13.000Z</time>
      </trkpt>
      <trkpt lat="51.641284" lon="10.790432">
        <ele>468.713771</ele>
        <time>2026-04-08T14:33:14.000Z</time>
      </trkpt>
      <trkpt lat="51.641278" lon="10.790395">
        <ele>468.920442</ele>
        <time>2026-04-08T14:33:15.000Z</time>
      </trkpt>
      <trkpt lat="51.641274" lon="10.790360">
        <ele>469.112772</ele>
        <time>2026-04-08T14:33:16.000Z</time>
      </trkpt>
      <trkpt lat="51.641270" lon="10.790326">
        <ele>469.299789</ele>
        <time>2026-04-08T14:33:17.000Z</time>
      </trkpt>
      <trkpt lat="51.641263" lon="10.790285">
        <ele>469.529596</ele>
        <time>2026-04-08T14:33:18.000Z</time>
      </trkpt>
      <trkpt lat="51.641259" lon="10.790250">
        <ele>469.721925</ele>
        <time>2026-04-08T14:33:19.000Z</time>
      </trkpt>
      <trkpt lat="51.641254" lon="10.790216">
        <ele>469.910759</ele>
        <time>2026-04-08T14:33:20.000Z</time>
      </trkpt>
      <trkpt lat="51.641248" lon="10.790182">
        <ele>470.101788</ele>
        <time>2026-04-08T14:33:21.000Z</time>
      </trkpt>
      <trkpt lat="51.641243" lon="10.790141">
        <ele>470.327600</ele>
        <time>2026-04-08T14:33:22.000Z</time>
      </trkpt>
      <trkpt lat="51.641237" lon="10.790102">
        <ele>470.544746</ele>
        <time>2026-04-08T14:33:23.000Z</time>
      </trkpt>
      <trkpt lat="51.641232" lon="10.790060">
        <ele>470.775864</ele>
        <time>2026-04-08T14:33:24.000Z</time>
      </trkpt>
      <trkpt lat="51.641222" lon="10.790030">
        <ele>470.959899</ele>
        <time>2026-04-08T14:33:25.000Z</time>
      </trkpt>
      <trkpt lat="51.641215" lon="10.790000">
        <ele>471.133108</ele>
        <time>2026-04-08T14:33:26.000Z</time>
      </trkpt>
      <trkpt lat="51.641210" lon="10.789970">
        <ele>471.300981</ele>
        <time>2026-04-08T14:33:27.000Z</time>
      </trkpt>
      <trkpt lat="51.641205" lon="10.789941">
        <ele>471.463641</ele>
        <time>2026-04-08T14:33:28.000Z</time>
      </trkpt>
      <trkpt lat="51.641195" lon="10.789917">
        <ele>471.619866</ele>
        <time>2026-04-08T14:33:29.000Z</time>
      </trkpt>
      <trkpt lat="51.641190" lon="10.789893">
        <ele>471.756682</ele>
        <time>2026-04-08T14:33:30.000Z</time>
      </trkpt>
      <trkpt lat="51.641183" lon="10.789873">
        <ele>471.880772</ele>
        <time>2026-04-08T14:33:31.000Z</time>
      </trkpt>
      <trkpt lat="51.641179" lon="10.789846">
        <ele>472.030787</ele>
        <time>2026-04-08T14:33:32.000Z</time>
      </trkpt>
      <trkpt lat="51.641175" lon="10.789818">
        <ele>472.186064</ele>
        <time>2026-04-08T14:33:33.000Z</time>
      </trkpt>
      <trkpt lat="51.641171" lon="10.789789">
        <ele>472.346612</ele>
        <time>2026-04-08T14:33:34.000Z</time>
      </trkpt>
      <trkpt lat="51.641167" lon="10.789764">
        <ele>472.486137</ele>
        <time>2026-04-08T14:33:35.000Z</time>
      </trkpt>
      <trkpt lat="51.641163" lon="10.789739">
        <ele>472.625662</ele>
        <time>2026-04-08T14:33:36.000Z</time>
      </trkpt>
      <trkpt lat="51.641163" lon="10.789716">
        <ele>472.749960</ele>
        <time>2026-04-08T14:33:37.000Z</time>
      </trkpt>
      <trkpt lat="51.641166" lon="10.789701">
        <ele>472.835130</ele>
        <time>2026-04-08T14:33:38.000Z</time>
      </trkpt>
      <trkpt lat="51.641167" lon="10.789696">
        <ele>472.863520</ele>
        <time>2026-04-08T14:33:39.000Z</time>
      </trkpt>
      <trkpt lat="51.641167" lon="10.789695">
        <ele>472.868924</ele>
        <time>2026-04-08T14:33:40.000Z</time>
      </trkpt>
      <trkpt lat="51.641141" lon="10.789657">
        <ele>473.174601</ele>
        <time>2026-04-08T14:33:51.000Z</time>
      </trkpt>
      <trkpt lat="51.641127" lon="10.789641">
        <ele>473.324068</ele>
        <time>2026-04-08T14:33:52.000Z</time>
      </trkpt>
      <trkpt lat="51.641115" lon="10.789624">
        <ele>473.463212</ele>
        <time>2026-04-08T14:33:53.000Z</time>
      </trkpt>
      <trkpt lat="51.641103" lon="10.789595">
        <ele>473.651580</ele>
        <time>2026-04-08T14:33:54.000Z</time>
      </trkpt>
      <trkpt lat="51.641092" lon="10.789565">
        <ele>473.839893</ele>
        <time>2026-04-08T14:33:55.000Z</time>
      </trkpt>
      <trkpt lat="51.641080" lon="10.789530">
        <ele>474.055990</ele>
        <time>2026-04-08T14:33:56.000Z</time>
      </trkpt>
      <trkpt lat="51.641069" lon="10.789500">
        <ele>474.244302</ele>
        <time>2026-04-08T14:33:57.000Z</time>
      </trkpt>
      <trkpt lat="51.641057" lon="10.789462">
        <ele>474.474724</ele>
        <time>2026-04-08T14:33:58.000Z</time>
      </trkpt>
      <trkpt lat="51.641050" lon="10.789426">
        <ele>474.678604</ele>
        <time>2026-04-08T14:33:59.000Z</time>
      </trkpt>
      <trkpt lat="51.641038" lon="10.789386">
        <ele>474.918709</ele>
        <time>2026-04-08T14:34:00.000Z</time>
      </trkpt>
      <trkpt lat="51.641028" lon="10.789351">
        <ele>475.126943</ele>
        <time>2026-04-08T14:34:01.000Z</time>
      </trkpt>
      <trkpt lat="51.641015" lon="10.789314">
        <ele>475.356724</ele>
        <time>2026-04-08T14:34:02.000Z</time>
      </trkpt>
      <trkpt lat="51.641004" lon="10.789277">
        <ele>475.578444</ele>
        <time>2026-04-08T14:34:03.000Z</time>
      </trkpt>
      <trkpt lat="51.640996" lon="10.789240">
        <ele>475.790191</ele>
        <time>2026-04-08T14:34:04.000Z</time>
      </trkpt>
      <trkpt lat="51.640986" lon="10.789207">
        <ele>475.988658</ele>
        <time>2026-04-08T14:34:05.000Z</time>
      </trkpt>
      <trkpt lat="51.640973" lon="10.789172">
        <ele>476.209099</ele>
        <time>2026-04-08T14:34:06.000Z</time>
      </trkpt>
      <trkpt lat="51.640966" lon="10.789143">
        <ele>476.377261</ele>
        <time>2026-04-08T14:34:07.000Z</time>
      </trkpt>
      <trkpt lat="51.640954" lon="10.789112">
        <ele>476.574714</ele>
        <time>2026-04-08T14:34:08.000Z</time>
      </trkpt>
      <trkpt lat="51.640943" lon="10.789083">
        <ele>476.758394</ele>
        <time>2026-04-08T14:34:09.000Z</time>
      </trkpt>
      <trkpt lat="51.640931" lon="10.789053">
        <ele>476.951283</ele>
        <time>2026-04-08T14:34:10.000Z</time>
      </trkpt>
      <trkpt lat="51.640924" lon="10.789026">
        <ele>477.109420</ele>
        <time>2026-04-08T14:34:11.000Z</time>
      </trkpt>
      <trkpt lat="51.640912" lon="10.788998">
        <ele>477.293318</ele>
        <time>2026-04-08T14:34:12.000Z</time>
      </trkpt>
      <trkpt lat="51.640901" lon="10.788971">
        <ele>477.467867</ele>
        <time>2026-04-08T14:34:13.000Z</time>
      </trkpt>
      <trkpt lat="51.640889" lon="10.788943">
        <ele>477.651764</ele>
        <time>2026-04-08T14:34:14.000Z</time>
      </trkpt>
      <trkpt lat="51.640875" lon="10.788915">
        <ele>477.846088</ele>
        <time>2026-04-08T14:34:15.000Z</time>
      </trkpt>
      <trkpt lat="51.640863" lon="10.788884">
        <ele>478.043541</ele>
        <time>2026-04-08T14:34:16.000Z</time>
      </trkpt>
      <trkpt lat="51.640855" lon="10.788857">
        <ele>478.205235</ele>
        <time>2026-04-08T14:34:17.000Z</time>
      </trkpt>
      <trkpt lat="51.640847" lon="10.788828">
        <ele>478.376746</ele>
        <time>2026-04-08T14:34:18.000Z</time>
      </trkpt>
      <trkpt lat="51.640837" lon="10.788803">
        <ele>478.537487</ele>
        <time>2026-04-08T14:34:19.000Z</time>
      </trkpt>
      <trkpt lat="51.640825" lon="10.788775">
        <ele>478.721384</ele>
        <time>2026-04-08T14:34:20.000Z</time>
      </trkpt>
      <trkpt lat="51.640811" lon="10.788751">
        <ele>478.899392</ele>
        <time>2026-04-08T14:34:21.000Z</time>
      </trkpt>
      <trkpt lat="51.640798" lon="10.788726">
        <ele>479.075660</ele>
        <time>2026-04-08T14:34:22.000Z</time>
      </trkpt>
      <trkpt lat="51.640787" lon="10.788700">
        <ele>479.245718</ele>
        <time>2026-04-08T14:34:23.000Z</time>
      </trkpt>
      <trkpt lat="51.640771" lon="10.788675">
        <ele>479.439800</ele>
        <time>2026-04-08T14:34:24.000Z</time>
      </trkpt>
      <trkpt lat="51.640761" lon="10.788657">
        <ele>479.570362</ele>
        <time>2026-04-08T14:34:25.000Z</time>
      </trkpt>
      <trkpt lat="51.640745" lon="10.788638">
        <ele>479.743445</ele>
        <time>2026-04-08T14:34:26.000Z</time>
      </trkpt>
      <trkpt lat="51.640727" lon="10.788618">
        <ele>479.933848</ele>
        <time>2026-04-08T14:34:27.000Z</time>
      </trkpt>
      <trkpt lat="51.640714" lon="10.788599">
        <ele>480.086687</ele>
        <time>2026-04-08T14:34:28.000Z</time>
      </trkpt>
      <trkpt lat="51.640700" lon="10.788581">
        <ele>480.242657</ele>
        <time>2026-04-08T14:34:29.000Z</time>
      </trkpt>
      <trkpt lat="51.640683" lon="10.788563">
        <ele>480.419799</ele>
        <time>2026-04-08T14:34:30.000Z</time>
      </trkpt>
      <trkpt lat="51.640673" lon="10.788546">
        <ele>480.546386</ele>
        <time>2026-04-08T14:34:31.000Z</time>
      </trkpt>
      <trkpt lat="51.640661" lon="10.788524">
        <ele>480.704678</ele>
        <time>2026-04-08T14:34:32.000Z</time>
      </trkpt>
      <trkpt lat="51.640650" lon="10.788506">
        <ele>480.841203</ele>
        <time>2026-04-08T14:34:33.000Z</time>
      </trkpt>
      <trkpt lat="51.640635" lon="10.788487">
        <ele>481.007356</ele>
        <time>2026-04-08T14:34:34.000Z</time>
      </trkpt>
      <trkpt lat="51.640620" lon="10.788469">
        <ele>481.170223</ele>
        <time>2026-04-08T14:34:35.000Z</time>
      </trkpt>
      <trkpt lat="51.640604" lon="10.788449">
        <ele>481.346566</ele>
        <time>2026-04-08T14:34:36.000Z</time>
      </trkpt>
      <trkpt lat="51.640589" lon="10.788429">
        <ele>481.516111</ele>
        <time>2026-04-08T14:34:37.000Z</time>
      </trkpt>
      <trkpt lat="51.640573" lon="10.788407">
        <ele>481.699278</ele>
        <time>2026-04-08T14:34:38.000Z</time>
      </trkpt>
      <trkpt lat="51.640562" lon="10.788388">
        <ele>481.839705</ele>
        <time>2026-04-08T14:34:39.000Z</time>
      </trkpt>
      <trkpt lat="51.640547" lon="10.788362">
        <ele>482.031556</ele>
        <time>2026-04-08T14:34:40.000Z</time>
      </trkpt>
      <trkpt lat="51.640535" lon="10.788339">
        <ele>482.193947</ele>
        <time>2026-04-08T14:34:41.000Z</time>
      </trkpt>
      <trkpt lat="51.640520" lon="10.788312">
        <ele>482.389790</ele>
        <time>2026-04-08T14:34:42.000Z</time>
      </trkpt>
      <trkpt lat="51.640509" lon="10.788288">
        <ele>482.551033</ele>
        <time>2026-04-08T14:34:43.000Z</time>
      </trkpt>
      <trkpt lat="51.640497" lon="10.788262">
        <ele>482.759990</ele>
        <time>2026-04-08T14:34:44.000Z</time>
      </trkpt>
      <trkpt lat="51.640486" lon="10.788235">
        <ele>482.968975</ele>
        <time>2026-04-08T14:34:45.000Z</time>
      </trkpt>
      <trkpt lat="51.640474" lon="10.788207">
        <ele>483.189150</ele>
        <time>2026-04-08T14:34:46.000Z</time>
      </trkpt>
      <trkpt lat="51.640463" lon="10.788179">
        <ele>483.403573</ele>
        <time>2026-04-08T14:34:47.000Z</time>
      </trkpt>
      <trkpt lat="51.640451" lon="10.788151">
        <ele>483.623749</ele>
        <time>2026-04-08T14:34:48.000Z</time>
      </trkpt>
      <trkpt lat="51.640439" lon="10.788124">
        <ele>483.838632</ele>
        <time>2026-04-08T14:34:49.000Z</time>
      </trkpt>
      <trkpt lat="51.640428" lon="10.788096">
        <ele>484.053054</ele>
        <time>2026-04-08T14:34:50.000Z</time>
      </trkpt>
      <trkpt lat="51.640416" lon="10.788069">
        <ele>484.267937</ele>
        <time>2026-04-08T14:34:51.000Z</time>
      </trkpt>
      <trkpt lat="51.640405" lon="10.788041">
        <ele>484.482360</ele>
        <time>2026-04-08T14:34:52.000Z</time>
      </trkpt>
      <trkpt lat="51.640395" lon="10.788014">
        <ele>484.685810</ele>
        <time>2026-04-08T14:34:53.000Z</time>
      </trkpt>
      <trkpt lat="51.640386" lon="10.787987">
        <ele>484.884118</ele>
        <time>2026-04-08T14:34:54.000Z</time>
      </trkpt>
      <trkpt lat="51.640372" lon="10.787963">
        <ele>485.097242</ele>
        <time>2026-04-08T14:34:55.000Z</time>
      </trkpt>
      <trkpt lat="51.640359" lon="10.787940">
        <ele>485.298536</ele>
        <time>2026-04-08T14:34:56.000Z</time>
      </trkpt>
      <trkpt lat="51.640345" lon="10.787917">
        <ele>485.506992</ele>
        <time>2026-04-08T14:34:57.000Z</time>
      </trkpt>
      <trkpt lat="51.640332" lon="10.787889">
        <ele>485.733256</ele>
        <time>2026-04-08T14:34:58.000Z</time>
      </trkpt>
      <trkpt lat="51.640319" lon="10.787867">
        <ele>485.929814</ele>
        <time>2026-04-08T14:34:59.000Z</time>
      </trkpt>
      <trkpt lat="51.640306" lon="10.787844">
        <ele>486.131107</ele>
        <time>2026-04-08T14:35:00.000Z</time>
      </trkpt>
      <trkpt lat="51.640293" lon="10.787824">
        <ele>486.318506</ele>
        <time>2026-04-08T14:35:01.000Z</time>
      </trkpt>
      <trkpt lat="51.640280" lon="10.787805">
        <ele>486.501496</ele>
        <time>2026-04-08T14:35:02.000Z</time>
      </trkpt>
      <trkpt lat="51.640265" lon="10.787783">
        <ele>486.712973</ele>
        <time>2026-04-08T14:35:03.000Z</time>
      </trkpt>
      <trkpt lat="51.640252" lon="10.787764">
        <ele>486.895964</ele>
        <time>2026-04-08T14:35:04.000Z</time>
      </trkpt>
      <trkpt lat="51.640237" lon="10.787744">
        <ele>487.098956</ele>
        <time>2026-04-08T14:35:05.000Z</time>
      </trkpt>
      <trkpt lat="51.640222" lon="10.787725">
        <ele>487.297886</ele>
        <time>2026-04-08T14:35:06.000Z</time>
      </trkpt>
      <trkpt lat="51.640211" lon="10.787706">
        <ele>487.466015</ele>
        <time>2026-04-08T14:35:07.000Z</time>
      </trkpt>
      <trkpt lat="51.640195" lon="10.787688">
        <ele>487.669470</ele>
        <time>2026-04-08T14:35:08.000Z</time>
      </trkpt>
      <trkpt lat="51.640178" lon="10.787671">
        <ele>487.878074</ele>
        <time>2026-04-08T14:35:09.000Z</time>
      </trkpt>
      <trkpt lat="51.640165" lon="10.787652">
        <ele>488.061065</ele>
        <time>2026-04-08T14:35:10.000Z</time>
      </trkpt>
      <trkpt lat="51.640151" lon="10.787632">
        <ele>488.256138</ele>
        <time>2026-04-08T14:35:11.000Z</time>
      </trkpt>
      <trkpt lat="51.640137" lon="10.787613">
        <ele>488.446980</ele>
        <time>2026-04-08T14:35:12.000Z</time>
      </trkpt>
      <trkpt lat="51.640124" lon="10.787595">
        <ele>488.625687</ele>
        <time>2026-04-08T14:35:13.000Z</time>
      </trkpt>
      <trkpt lat="51.640108" lon="10.787577">
        <ele>488.829142</ele>
        <time>2026-04-08T14:35:14.000Z</time>
      </trkpt>
      <trkpt lat="51.640091" lon="10.787562">
        <ele>489.031222</ele>
        <time>2026-04-08T14:35:15.000Z</time>
      </trkpt>
      <trkpt lat="51.640074" lon="10.787549">
        <ele>489.227415</ele>
        <time>2026-04-08T14:35:16.000Z</time>
      </trkpt>
      <trkpt lat="51.640059" lon="10.787536">
        <ele>489.404995</ele>
        <time>2026-04-08T14:35:17.000Z</time>
      </trkpt>
      <trkpt lat="51.640043" lon="10.787523">
        <ele>489.591822</ele>
        <time>2026-04-08T14:35:18.000Z</time>
      </trkpt>
      <trkpt lat="51.640025" lon="10.787509">
        <ele>489.800214</ele>
        <time>2026-04-08T14:35:19.000Z</time>
      </trkpt>
      <trkpt lat="51.640006" lon="10.787495">
        <ele>490.018042</ele>
        <time>2026-04-08T14:35:20.000Z</time>
      </trkpt>
      <trkpt lat="51.639988" lon="10.787484">
        <ele>490.218758</ele>
        <time>2026-04-08T14:35:21.000Z</time>
      </trkpt>
      <trkpt lat="51.639971" lon="10.787473">
        <ele>490.409761</ele>
        <time>2026-04-08T14:35:22.000Z</time>
      </trkpt>
      <trkpt lat="51.639952" lon="10.787461">
        <ele>490.622533</ele>
        <time>2026-04-08T14:35:23.000Z</time>
      </trkpt>
      <trkpt lat="51.639933" lon="10.787448">
        <ele>490.837750</ele>
        <time>2026-04-08T14:35:24.000Z</time>
      </trkpt>
      <trkpt lat="51.639918" lon="10.787440">
        <ele>491.002488</ele>
        <time>2026-04-08T14:35:25.000Z</time>
      </trkpt>
      <trkpt lat="51.639902" lon="10.787426">
        <ele>491.192317</ele>
        <time>2026-04-08T14:35:26.000Z</time>
      </trkpt>
      <trkpt lat="51.639884" lon="10.787416">
        <ele>491.390830</ele>
        <time>2026-04-08T14:35:27.000Z</time>
      </trkpt>
      <trkpt lat="51.639864" lon="10.787406">
        <ele>491.609163</ele>
        <time>2026-04-08T14:35:28.000Z</time>
      </trkpt>
      <trkpt lat="51.639846" lon="10.787396">
        <ele>491.807677</ele>
        <time>2026-04-08T14:35:29.000Z</time>
      </trkpt>
      <trkpt lat="51.639830" lon="10.787390">
        <ele>491.978955</ele>
        <time>2026-04-08T14:35:30.000Z</time>
      </trkpt>
      <trkpt lat="51.639811" lon="10.787383">
        <ele>492.182165</ele>
        <time>2026-04-08T14:35:31.000Z</time>
      </trkpt>
      <trkpt lat="51.639792" lon="10.787376">
        <ele>492.385376</ele>
        <time>2026-04-08T14:35:32.000Z</time>
      </trkpt>
      <trkpt lat="51.639777" lon="10.787371">
        <ele>492.545081</ele>
        <time>2026-04-08T14:35:33.000Z</time>
      </trkpt>
      <trkpt lat="51.639760" lon="10.787364">
        <ele>492.728022</ele>
        <time>2026-04-08T14:35:34.000Z</time>
      </trkpt>
      <trkpt lat="51.639746" lon="10.787357">
        <ele>492.880856</ele>
        <time>2026-04-08T14:35:35.000Z</time>
      </trkpt>
      <trkpt lat="51.639726" lon="10.787349">
        <ele>493.095709</ele>
        <time>2026-04-08T14:35:36.000Z</time>
      </trkpt>
      <trkpt lat="51.639709" lon="10.787345">
        <ele>493.274835</ele>
        <time>2026-04-08T14:35:37.000Z</time>
      </trkpt>
      <trkpt lat="51.639692" lon="10.787341">
        <ele>493.453961</ele>
        <time>2026-04-08T14:35:38.000Z</time>
      </trkpt>
      <trkpt lat="51.639677" lon="10.787336">
        <ele>493.613666</ele>
        <time>2026-04-08T14:35:39.000Z</time>
      </trkpt>
      <trkpt lat="51.639658" lon="10.787332">
        <ele>493.813448</ele>
        <time>2026-04-08T14:35:40.000Z</time>
      </trkpt>
      <trkpt lat="51.639637" lon="10.787329">
        <ele>494.033258</ele>
        <time>2026-04-08T14:35:41.000Z</time>
      </trkpt>
      <trkpt lat="51.639617" lon="10.787325">
        <ele>494.243382</ele>
        <time>2026-04-08T14:35:42.000Z</time>
      </trkpt>
      <trkpt lat="51.639598" lon="10.787321">
        <ele>494.443165</ele>
        <time>2026-04-08T14:35:43.000Z</time>
      </trkpt>
      <trkpt lat="51.639579" lon="10.787316">
        <ele>494.643887</ele>
        <time>2026-04-08T14:35:44.000Z</time>
      </trkpt>
      <trkpt lat="51.639558" lon="10.787311">
        <ele>494.865216</ele>
        <time>2026-04-08T14:35:45.000Z</time>
      </trkpt>
      <trkpt lat="51.639536" lon="10.787305">
        <ele>495.097855</ele>
        <time>2026-04-08T14:35:46.000Z</time>
      </trkpt>
      <trkpt lat="51.639518" lon="10.787305">
        <ele>495.285528</ele>
        <time>2026-04-08T14:35:47.000Z</time>
      </trkpt>
      <trkpt lat="51.639498" lon="10.787307">
        <ele>495.494453</ele>
        <time>2026-04-08T14:35:48.000Z</time>
      </trkpt>
      <trkpt lat="51.639477" lon="10.787308">
        <ele>495.713500</ele>
        <time>2026-04-08T14:35:49.000Z</time>
      </trkpt>
      <trkpt lat="51.639457" lon="10.787309">
        <ele>495.922125</ele>
        <time>2026-04-08T14:35:50.000Z</time>
      </trkpt>
      <trkpt lat="51.639438" lon="10.787309">
        <ele>496.120223</ele>
        <time>2026-04-08T14:35:51.000Z</time>
      </trkpt>
      <trkpt lat="51.639422" lon="10.787309">
        <ele>496.287043</ele>
        <time>2026-04-08T14:35:52.000Z</time>
      </trkpt>
      <trkpt lat="51.639404" lon="10.787309">
        <ele>496.474715</ele>
        <time>2026-04-08T14:35:53.000Z</time>
      </trkpt>
      <trkpt lat="51.639384" lon="10.787309">
        <ele>496.683240</ele>
        <time>2026-04-08T14:35:54.000Z</time>
      </trkpt>
      <trkpt lat="51.639366" lon="10.787311">
        <ele>496.871358</ele>
        <time>2026-04-08T14:35:55.000Z</time>
      </trkpt>
      <trkpt lat="51.639345" lon="10.787312">
        <ele>497.090405</ele>
        <time>2026-04-08T14:35:56.000Z</time>
      </trkpt>
      <trkpt lat="51.639330" lon="10.787316">
        <ele>497.248925</ele>
        <time>2026-04-08T14:35:57.000Z</time>
      </trkpt>
      <trkpt lat="51.639311" lon="10.787321">
        <ele>497.449648</ele>
        <time>2026-04-08T14:35:58.000Z</time>
      </trkpt>
      <trkpt lat="51.639293" lon="10.787328">
        <ele>497.642709</ele>
        <time>2026-04-08T14:35:59.000Z</time>
      </trkpt>
      <trkpt lat="51.639277" lon="10.787331">
        <ele>497.810654</ele>
        <time>2026-04-08T14:36:00.000Z</time>
      </trkpt>
      <trkpt lat="51.639259" lon="10.787339">
        <ele>498.005335</ele>
        <time>2026-04-08T14:36:01.000Z</time>
      </trkpt>
      <trkpt lat="51.639246" lon="10.787350">
        <ele>498.158428</ele>
        <time>2026-04-08T14:36:02.000Z</time>
      </trkpt>
      <trkpt lat="51.639231" lon="10.787361">
        <ele>498.330257</ele>
        <time>2026-04-08T14:36:03.000Z</time>
      </trkpt>
      <trkpt lat="51.639215" lon="10.787371">
        <ele>498.509186</ele>
        <time>2026-04-08T14:36:04.000Z</time>
      </trkpt>
      <trkpt lat="51.639201" lon="10.787377">
        <ele>498.660228</ele>
        <time>2026-04-08T14:36:05.000Z</time>
      </trkpt>
      <trkpt lat="51.639181" lon="10.787390">
        <ele>498.885081</ele>
        <time>2026-04-08T14:36:06.000Z</time>
      </trkpt>
      <trkpt lat="51.639166" lon="10.787405">
        <ele>499.069144</ele>
        <time>2026-04-08T14:36:07.000Z</time>
      </trkpt>
      <trkpt lat="51.639150" lon="10.787424">
        <ele>499.276373</ele>
        <time>2026-04-08T14:36:08.000Z</time>
      </trkpt>
      <trkpt lat="51.639136" lon="10.787437">
        <ele>499.444843</ele>
        <time>2026-04-08T14:36:09.000Z</time>
      </trkpt>
      <trkpt lat="51.639112" lon="10.787446">
        <ele>499.701760</ele>
        <time>2026-04-08T14:36:10.000Z</time>
      </trkpt>
      <trkpt lat="51.639094" lon="10.787458">
        <ele>499.904861</ele>
        <time>2026-04-08T14:36:11.000Z</time>
      </trkpt>
      <trkpt lat="51.639074" lon="10.787472">
        <ele>500.132214</ele>
        <time>2026-04-08T14:36:12.000Z</time>
      </trkpt>
      <trkpt lat="51.639056" lon="10.787480">
        <ele>500.326894</ele>
        <time>2026-04-08T14:36:13.000Z</time>
      </trkpt>
      <trkpt lat="51.639036" lon="10.787492">
        <ele>500.549406</ele>
        <time>2026-04-08T14:36:14.000Z</time>
      </trkpt>
      <trkpt lat="51.639018" lon="10.787504">
        <ele>500.752508</ele>
        <time>2026-04-08T14:36:15.000Z</time>
      </trkpt>
      <trkpt lat="51.638998" lon="10.787522">
        <ele>500.991355</ele>
        <time>2026-04-08T14:36:16.000Z</time>
      </trkpt>
      <trkpt lat="51.638980" lon="10.787535">
        <ele>501.197017</ele>
        <time>2026-04-08T14:36:17.000Z</time>
      </trkpt>
      <trkpt lat="51.638960" lon="10.787551">
        <ele>501.424670</ele>
        <time>2026-04-08T14:36:18.000Z</time>
      </trkpt>
      <trkpt lat="51.638942" lon="10.787566">
        <ele>501.627035</ele>
        <time>2026-04-08T14:36:19.000Z</time>
      </trkpt>
      <trkpt lat="51.638922" lon="10.787588">
        <ele>501.868858</ele>
        <time>2026-04-08T14:36:20.000Z</time>
      </trkpt>
      <trkpt lat="51.638907" lon="10.787603">
        <ele>502.045151</ele>
        <time>2026-04-08T14:36:21.000Z</time>
      </trkpt>
      <trkpt lat="51.638887" lon="10.787612">
        <ele>502.252514</ele>
        <time>2026-04-08T14:36:22.000Z</time>
      </trkpt>
      <trkpt lat="51.638869" lon="10.787620">
        <ele>502.438976</ele>
        <time>2026-04-08T14:36:23.000Z</time>
      </trkpt>
      <trkpt lat="51.638853" lon="10.787631">
        <ele>502.612688</ele>
        <time>2026-04-08T14:36:24.000Z</time>
      </trkpt>
      <trkpt lat="51.638835" lon="10.787640">
        <ele>502.800892</ele>
        <time>2026-04-08T14:36:25.000Z</time>
      </trkpt>
      <trkpt lat="51.638815" lon="10.787649">
        <ele>503.008255</ele>
        <time>2026-04-08T14:36:26.000Z</time>
      </trkpt>
      <trkpt lat="51.638800" lon="10.787657">
        <ele>503.166038</ele>
        <time>2026-04-08T14:36:27.000Z</time>
      </trkpt>
      <trkpt lat="51.638781" lon="10.787671">
        <ele>503.374670</ele>
        <time>2026-04-08T14:36:28.000Z</time>
      </trkpt>
      <trkpt lat="51.638766" lon="10.787682">
        <ele>503.539245</ele>
        <time>2026-04-08T14:36:29.000Z</time>
      </trkpt>
      <trkpt lat="51.638742" lon="10.787694">
        <ele>503.790183</ele>
        <time>2026-04-08T14:36:30.000Z</time>
      </trkpt>
      <trkpt lat="51.638725" lon="10.787704">
        <ele>503.970905</ele>
        <time>2026-04-08T14:36:31.000Z</time>
      </trkpt>
      <trkpt lat="51.638705" lon="10.787711">
        <ele>504.175283</ele>
        <time>2026-04-08T14:36:32.000Z</time>
      </trkpt>
      <trkpt lat="51.638686" lon="10.787718">
        <ele>504.369914</ele>
        <time>2026-04-08T14:36:33.000Z</time>
      </trkpt>
      <trkpt lat="51.638666" lon="10.787725">
        <ele>504.574293</ele>
        <time>2026-04-08T14:36:34.000Z</time>
      </trkpt>
      <trkpt lat="51.638648" lon="10.787731">
        <ele>504.757847</ele>
        <time>2026-04-08T14:36:35.000Z</time>
      </trkpt>
      <trkpt lat="51.638627" lon="10.787733">
        <ele>504.967920</ele>
        <time>2026-04-08T14:36:36.000Z</time>
      </trkpt>
      <trkpt lat="51.638610" lon="10.787738">
        <ele>505.140488</ele>
        <time>2026-04-08T14:36:37.000Z</time>
      </trkpt>
      <trkpt lat="51.638589" lon="10.787745">
        <ele>505.354635</ele>
        <time>2026-04-08T14:36:38.000Z</time>
      </trkpt>
      <trkpt lat="51.638572" lon="10.787748">
        <ele>505.525413</ele>
        <time>2026-04-08T14:36:39.000Z</time>
      </trkpt>
      <trkpt lat="51.638551" lon="10.787753">
        <ele>505.737397</ele>
        <time>2026-04-08T14:36:40.000Z</time>
      </trkpt>
      <trkpt lat="51.638533" lon="10.787759">
        <ele>505.920951</ele>
        <time>2026-04-08T14:36:41.000Z</time>
      </trkpt>
      <trkpt lat="51.638514" lon="10.787758">
        <ele>506.110787</ele>
        <time>2026-04-08T14:36:42.000Z</time>
      </trkpt>
      <trkpt lat="51.638496" lon="10.787759">
        <ele>506.290643</ele>
        <time>2026-04-08T14:36:43.000Z</time>
      </trkpt>
      <trkpt lat="51.638476" lon="10.787760">
        <ele>506.490460</ele>
        <time>2026-04-08T14:36:44.000Z</time>
      </trkpt>
      <trkpt lat="51.638461" lon="10.787764">
        <ele>506.642288</ele>
        <time>2026-04-08T14:36:45.000Z</time>
      </trkpt>
      <trkpt lat="51.638438" lon="10.787770">
        <ele>506.874957</ele>
        <time>2026-04-08T14:36:46.000Z</time>
      </trkpt>
      <trkpt lat="51.638423" lon="10.787774">
        <ele>507.026785</ele>
        <time>2026-04-08T14:36:47.000Z</time>
      </trkpt>
      <trkpt lat="51.638403" lon="10.787779">
        <ele>507.228896</ele>
        <time>2026-04-08T14:36:48.000Z</time>
      </trkpt>
      <trkpt lat="51.638384" lon="10.787782">
        <ele>507.419539</ele>
        <time>2026-04-08T14:36:49.000Z</time>
      </trkpt>
      <trkpt lat="51.638365" lon="10.787784">
        <ele>507.609679</ele>
        <time>2026-04-08T14:36:50.000Z</time>
      </trkpt>
      <trkpt lat="51.638347" lon="10.787788">
        <ele>507.791129</ele>
        <time>2026-04-08T14:36:51.000Z</time>
      </trkpt>
      <trkpt lat="51.638328" lon="10.787792">
        <ele>507.982476</ele>
        <time>2026-04-08T14:36:52.000Z</time>
      </trkpt>
      <trkpt lat="51.638309" lon="10.787797">
        <ele>508.174725</ele>
        <time>2026-04-08T14:36:53.000Z</time>
      </trkpt>
      <trkpt lat="51.638289" lon="10.787794">
        <ele>508.375309</ele>
        <time>2026-04-08T14:36:54.000Z</time>
      </trkpt>
      <trkpt lat="51.638274" lon="10.787791">
        <ele>508.526249</ele>
        <time>2026-04-08T14:36:55.000Z</time>
      </trkpt>
      <trkpt lat="51.638251" lon="10.787787">
        <ele>508.757262</ele>
        <time>2026-04-08T14:36:56.000Z</time>
      </trkpt>
      <trkpt lat="51.638235" lon="10.787788">
        <ele>508.917159</ele>
        <time>2026-04-08T14:36:57.000Z</time>
      </trkpt>
      <trkpt lat="51.638217" lon="10.787784">
        <ele>509.098609</ele>
        <time>2026-04-08T14:36:58.000Z</time>
      </trkpt>
      <trkpt lat="51.638198" lon="10.787778">
        <ele>509.291953</ele>
        <time>2026-04-08T14:36:59.000Z</time>
      </trkpt>
      <trkpt lat="51.638178" lon="10.787769">
        <ele>509.499317</ele>
        <time>2026-04-08T14:37:00.000Z</time>
      </trkpt>
      <trkpt lat="51.638160" lon="10.787764">
        <ele>509.681717</ele>
        <time>2026-04-08T14:37:01.000Z</time>
      </trkpt>
      <trkpt lat="51.638140" lon="10.787758">
        <ele>509.884870</ele>
        <time>2026-04-08T14:37:02.000Z</time>
      </trkpt>
      <trkpt lat="51.638121" lon="10.787755">
        <ele>510.075514</ele>
        <time>2026-04-08T14:37:03.000Z</time>
      </trkpt>
      <trkpt lat="51.638105" lon="10.787749">
        <ele>510.239560</ele>
        <time>2026-04-08T14:37:04.000Z</time>
      </trkpt>
      <trkpt lat="51.638087" lon="10.787747">
        <ele>510.419736</ele>
        <time>2026-04-08T14:37:05.000Z</time>
      </trkpt>
      <trkpt lat="51.638064" lon="10.787744">
        <ele>510.650166</ele>
        <time>2026-04-08T14:37:06.000Z</time>
      </trkpt>
      <trkpt lat="51.638046" lon="10.787740">
        <ele>510.831616</ele>
        <time>2026-04-08T14:37:07.000Z</time>
      </trkpt>
      <trkpt lat="51.638027" lon="10.787736">
        <ele>511.022964</ele>
        <time>2026-04-08T14:37:08.000Z</time>
      </trkpt>
      <trkpt lat="51.638007" lon="10.787734">
        <ele>511.223069</ele>
        <time>2026-04-08T14:37:09.000Z</time>
      </trkpt>
      <trkpt lat="51.637987" lon="10.787733">
        <ele>511.422886</ele>
        <time>2026-04-08T14:37:10.000Z</time>
      </trkpt>
      <trkpt lat="51.637969" lon="10.787731">
        <ele>511.603061</ele>
        <time>2026-04-08T14:37:11.000Z</time>
      </trkpt>
      <trkpt lat="51.637949" lon="10.787728">
        <ele>511.803646</ele>
        <time>2026-04-08T14:37:12.000Z</time>
      </trkpt>
      <trkpt lat="51.637931" lon="10.787730">
        <ele>511.983821</ele>
        <time>2026-04-08T14:37:13.000Z</time>
      </trkpt>
      <trkpt lat="51.637911" lon="10.787727">
        <ele>512.184406</ele>
        <time>2026-04-08T14:37:14.000Z</time>
      </trkpt>
      <trkpt lat="51.637893" lon="10.787726">
        <ele>512.364261</ele>
        <time>2026-04-08T14:37:15.000Z</time>
      </trkpt>
      <trkpt lat="51.637873" lon="10.787728">
        <ele>512.564366</ele>
        <time>2026-04-08T14:37:16.000Z</time>
      </trkpt>
      <trkpt lat="51.637855" lon="10.787728">
        <ele>512.744115</ele>
        <time>2026-04-08T14:37:17.000Z</time>
      </trkpt>
      <trkpt lat="51.637834" lon="10.787730">
        <ele>512.954188</ele>
        <time>2026-04-08T14:37:18.000Z</time>
      </trkpt>
      <trkpt lat="51.637817" lon="10.787733">
        <ele>513.124965</ele>
        <time>2026-04-08T14:37:19.000Z</time>
      </trkpt>
      <trkpt lat="51.637800" lon="10.787735">
        <ele>513.295180</ele>
        <time>2026-04-08T14:37:20.000Z</time>
      </trkpt>
      <trkpt lat="51.637782" lon="10.787738">
        <ele>513.475888</ele>
        <time>2026-04-08T14:37:21.000Z</time>
      </trkpt>
      <trkpt lat="51.637763" lon="10.787745">
        <ele>513.670519</ele>
        <time>2026-04-08T14:37:22.000Z</time>
      </trkpt>
      <trkpt lat="51.637747" lon="10.787748">
        <ele>513.831374</ele>
        <time>2026-04-08T14:37:23.000Z</time>
      </trkpt>
      <trkpt lat="51.637728" lon="10.787754">
        <ele>514.024718</ele>
        <time>2026-04-08T14:37:24.000Z</time>
      </trkpt>
      <trkpt lat="51.637713" lon="10.787759">
        <ele>514.177681</ele>
        <time>2026-04-08T14:37:25.000Z</time>
      </trkpt>
      <trkpt lat="51.637697" lon="10.787767">
        <ele>514.344974</ele>
        <time>2026-04-08T14:37:26.000Z</time>
      </trkpt>
      <trkpt lat="51.637679" lon="10.787775">
        <ele>514.531435</ele>
        <time>2026-04-08T14:37:27.000Z</time>
      </trkpt>
      <trkpt lat="51.637660" lon="10.787785">
        <ele>514.731036</ele>
        <time>2026-04-08T14:37:28.000Z</time>
      </trkpt>
      <trkpt lat="51.637644" lon="10.787794">
        <ele>514.900269</ele>
        <time>2026-04-08T14:37:29.000Z</time>
      </trkpt>
      <trkpt lat="51.637625" lon="10.787804">
        <ele>515.099869</ele>
        <time>2026-04-08T14:37:30.000Z</time>
      </trkpt>
      <trkpt lat="51.637607" lon="10.787812">
        <ele>515.286331</ele>
        <time>2026-04-08T14:37:31.000Z</time>
      </trkpt>
      <trkpt lat="51.637590" lon="10.787820">
        <ele>515.463186</ele>
        <time>2026-04-08T14:37:32.000Z</time>
      </trkpt>
      <trkpt lat="51.637572" lon="10.787829">
        <ele>515.651390</ele>
        <time>2026-04-08T14:37:33.000Z</time>
      </trkpt>
      <trkpt lat="51.637552" lon="10.787837">
        <ele>515.857173</ele>
        <time>2026-04-08T14:37:34.000Z</time>
      </trkpt>
      <trkpt lat="51.637534" lon="10.787844">
        <ele>516.042083</ele>
        <time>2026-04-08T14:37:35.000Z</time>
      </trkpt>
      <trkpt lat="51.637514" lon="10.787848">
        <ele>516.243337</ele>
        <time>2026-04-08T14:37:36.000Z</time>
      </trkpt>
      <trkpt lat="51.637496" lon="10.787854">
        <ele>516.426892</ele>
        <time>2026-04-08T14:37:37.000Z</time>
      </trkpt>
      <trkpt lat="51.637479" lon="10.787862">
        <ele>516.603747</ele>
        <time>2026-04-08T14:37:38.000Z</time>
      </trkpt>
      <trkpt lat="51.637461" lon="10.787870">
        <ele>516.790208</ele>
        <time>2026-04-08T14:37:39.000Z</time>
      </trkpt>
      <trkpt lat="51.637446" lon="10.787879">
        <ele>516.950047</ele>
        <time>2026-04-08T14:37:40.000Z</time>
      </trkpt>
      <trkpt lat="51.637428" lon="10.787887">
        <ele>517.136509</ele>
        <time>2026-04-08T14:37:41.000Z</time>
      </trkpt>
      <trkpt lat="51.637407" lon="10.787893">
        <ele>517.349487</ele>
        <time>2026-04-08T14:37:42.000Z</time>
      </trkpt>
      <trkpt lat="51.637393" lon="10.787899">
        <ele>517.494153</ele>
        <time>2026-04-08T14:37:43.000Z</time>
      </trkpt>
      <trkpt lat="51.637375" lon="10.787904">
        <ele>517.676553</ele>
        <time>2026-04-08T14:37:44.000Z</time>
      </trkpt>
      <trkpt lat="51.637355" lon="10.787910">
        <ele>517.879706</ele>
        <time>2026-04-08T14:37:45.000Z</time>
      </trkpt>
      <trkpt lat="51.637335" lon="10.787913">
        <ele>518.080291</ele>
        <time>2026-04-08T14:37:46.000Z</time>
      </trkpt>
      <trkpt lat="51.637317" lon="10.787913">
        <ele>518.260039</ele>
        <time>2026-04-08T14:37:47.000Z</time>
      </trkpt>
      <trkpt lat="51.637297" lon="10.787913">
        <ele>518.459760</ele>
        <time>2026-04-08T14:37:48.000Z</time>
      </trkpt>
      <trkpt lat="51.637282" lon="10.787915">
        <ele>518.610063</ele>
        <time>2026-04-08T14:37:49.000Z</time>
      </trkpt>
      <trkpt lat="51.637262" lon="10.787912">
        <ele>518.810647</ele>
        <time>2026-04-08T14:37:50.000Z</time>
      </trkpt>
      <trkpt lat="51.637248" lon="10.787915">
        <ele>518.951683</ele>
        <time>2026-04-08T14:37:51.000Z</time>
      </trkpt>
      <trkpt lat="51.637229" lon="10.787918">
        <ele>519.142326</ele>
        <time>2026-04-08T14:37:52.000Z</time>
      </trkpt>
      <trkpt lat="51.637210" lon="10.787916">
        <ele>519.318722</ele>
        <time>2026-04-08T14:37:53.000Z</time>
      </trkpt>
      <trkpt lat="51.637193" lon="10.787915">
        <ele>519.451826</ele>
        <time>2026-04-08T14:37:54.000Z</time>
      </trkpt>
      <trkpt lat="51.637175" lon="10.787912">
        <ele>519.593417</ele>
        <time>2026-04-08T14:37:55.000Z</time>
      </trkpt>
      <trkpt lat="51.637156" lon="10.787911">
        <ele>519.742160</ele>
        <time>2026-04-08T14:37:56.000Z</time>
      </trkpt>
      <trkpt lat="51.637137" lon="10.787909">
        <ele>519.891141</ele>
        <time>2026-04-08T14:37:57.000Z</time>
      </trkpt>
      <trkpt lat="51.637118" lon="10.787910">
        <ele>520.039884</ele>
        <time>2026-04-08T14:37:58.000Z</time>
      </trkpt>
      <trkpt lat="51.637100" lon="10.787911">
        <ele>520.180807</ele>
        <time>2026-04-08T14:37:59.000Z</time>
      </trkpt>
      <trkpt lat="51.637080" lon="10.787913">
        <ele>520.337597</ele>
        <time>2026-04-08T14:38:00.000Z</time>
      </trkpt>
      <trkpt lat="51.637062" lon="10.787915">
        <ele>520.478771</ele>
        <time>2026-04-08T14:38:01.000Z</time>
      </trkpt>
      <trkpt lat="51.637044" lon="10.787918">
        <ele>520.620362</ele>
        <time>2026-04-08T14:38:02.000Z</time>
      </trkpt>
      <trkpt lat="51.637027" lon="10.787922">
        <ele>520.754788</ele>
        <time>2026-04-08T14:38:03.000Z</time>
      </trkpt>
      <trkpt lat="51.637007" lon="10.787926">
        <ele>520.912478</ele>
        <time>2026-04-08T14:38:04.000Z</time>
      </trkpt>
      <trkpt lat="51.636989" lon="10.787928">
        <ele>521.053652</ele>
        <time>2026-04-08T14:38:05.000Z</time>
      </trkpt>
      <trkpt lat="51.636969" lon="10.787929">
        <ele>521.210215</ele>
        <time>2026-04-08T14:38:06.000Z</time>
      </trkpt>
      <trkpt lat="51.636948" lon="10.787929">
        <ele>521.374528</ele>
        <time>2026-04-08T14:38:07.000Z</time>
      </trkpt>
      <trkpt lat="51.636926" lon="10.787930">
        <ele>521.546734</ele>
        <time>2026-04-08T14:38:08.000Z</time>
      </trkpt>
      <trkpt lat="51.636905" lon="10.787931">
        <ele>521.711119</ele>
        <time>2026-04-08T14:38:09.000Z</time>
      </trkpt>
      <trkpt lat="51.636886" lon="10.787935">
        <ele>521.861046</ele>
        <time>2026-04-08T14:38:10.000Z</time>
      </trkpt>
      <trkpt lat="51.636864" lon="10.787936">
        <ele>522.033252</ele>
        <time>2026-04-08T14:38:11.000Z</time>
      </trkpt>
      <trkpt lat="51.636840" lon="10.787938">
        <ele>522.221289</ele>
        <time>2026-04-08T14:38:12.000Z</time>
      </trkpt>
      <trkpt lat="51.636821" lon="10.787940">
        <ele>522.370270</ele>
        <time>2026-04-08T14:38:13.000Z</time>
      </trkpt>
      <trkpt lat="51.636797" lon="10.787946">
        <ele>522.560303</ele>
        <time>2026-04-08T14:38:14.000Z</time>
      </trkpt>
      <trkpt lat="51.636772" lon="10.787952">
        <ele>522.758072</ele>
        <time>2026-04-08T14:38:15.000Z</time>
      </trkpt>
      <trkpt lat="51.636748" lon="10.787962">
        <ele>522.952036</ele>
        <time>2026-04-08T14:38:16.000Z</time>
      </trkpt>
      <trkpt lat="51.636726" lon="10.787969">
        <ele>523.127497</ele>
        <time>2026-04-08T14:38:17.000Z</time>
      </trkpt>
      <trkpt lat="51.636706" lon="10.787977">
        <ele>523.288736</ele>
        <time>2026-04-08T14:38:18.000Z</time>
      </trkpt>
      <trkpt lat="51.636685" lon="10.787987">
        <ele>523.460075</ele>
        <time>2026-04-08T14:38:19.000Z</time>
      </trkpt>
      <trkpt lat="51.636664" lon="10.788000">
        <ele>523.636098</ele>
        <time>2026-04-08T14:38:20.000Z</time>
      </trkpt>
      <trkpt lat="51.636642" lon="10.788014">
        <ele>523.821175</ele>
        <time>2026-04-08T14:38:21.000Z</time>
      </trkpt>
      <trkpt lat="51.636625" lon="10.788033">
        <ele>523.983059</ele>
        <time>2026-04-08T14:38:22.000Z</time>
      </trkpt>
      <trkpt lat="51.636607" lon="10.788051">
        <ele>524.148819</ele>
        <time>2026-04-08T14:38:23.000Z</time>
      </trkpt>
      <trkpt lat="51.636587" lon="10.788068">
        <ele>524.325749</ele>
        <time>2026-04-08T14:38:24.000Z</time>
      </trkpt>
      <trkpt lat="51.636569" lon="10.788086">
        <ele>524.491510</ele>
        <time>2026-04-08T14:38:25.000Z</time>
      </trkpt>
      <trkpt lat="51.636549" lon="10.788103">
        <ele>524.668439</ele>
        <time>2026-04-08T14:38:26.000Z</time>
      </trkpt>
      <trkpt lat="51.636531" lon="10.788116">
        <ele>524.822781</ele>
        <time>2026-04-08T14:38:27.000Z</time>
      </trkpt>
      <trkpt lat="51.636512" lon="10.788131">
        <ele>524.988331</ele>
        <time>2026-04-08T14:38:28.000Z</time>
      </trkpt>
      <trkpt lat="51.636493" lon="10.788142">
        <ele>525.146301</ele>
        <time>2026-04-08T14:38:29.000Z</time>
      </trkpt>
      <trkpt lat="51.636473" lon="10.788153">
        <ele>525.311656</ele>
        <time>2026-04-08T14:38:30.000Z</time>
      </trkpt>
      <trkpt lat="51.636455" lon="10.788167">
        <ele>525.468047</ele>
        <time>2026-04-08T14:38:31.000Z</time>
      </trkpt>
      <trkpt lat="51.636435" lon="10.788185">
        <ele>525.647294</ele>
        <time>2026-04-08T14:38:32.000Z</time>
      </trkpt>
      <trkpt lat="51.636413" lon="10.788199">
        <ele>525.832371</ele>
        <time>2026-04-08T14:38:33.000Z</time>
      </trkpt>
      <trkpt lat="51.636392" lon="10.788215">
        <ele>526.014129</ele>
        <time>2026-04-08T14:38:34.000Z</time>
      </trkpt>
      <trkpt lat="51.636374" lon="10.788226">
        <ele>526.164758</ele>
        <time>2026-04-08T14:38:35.000Z</time>
      </trkpt>
      <trkpt lat="51.636351" lon="10.788239">
        <ele>526.355472</ele>
        <time>2026-04-08T14:38:36.000Z</time>
      </trkpt>
      <trkpt lat="51.636333" lon="10.788248">
        <ele>526.502937</ele>
        <time>2026-04-08T14:38:37.000Z</time>
      </trkpt>
      <trkpt lat="51.636314" lon="10.788259">
        <ele>526.660908</ele>
        <time>2026-04-08T14:38:38.000Z</time>
      </trkpt>
      <trkpt lat="51.636295" lon="10.788271">
        <ele>526.820585</ele>
        <time>2026-04-08T14:38:39.000Z</time>
      </trkpt>
      <trkpt lat="51.636275" lon="10.788286">
        <ele>526.993197</ele>
        <time>2026-04-08T14:38:40.000Z</time>
      </trkpt>
      <trkpt lat="51.636257" lon="10.788298">
        <ele>527.145617</ele>
        <time>2026-04-08T14:38:41.000Z</time>
      </trkpt>
      <trkpt lat="51.636237" lon="10.788312">
        <ele>527.316236</ele>
        <time>2026-04-08T14:38:42.000Z</time>
      </trkpt>
      <trkpt lat="51.636218" lon="10.788326">
        <ele>527.479708</ele>
        <time>2026-04-08T14:38:43.000Z</time>
      </trkpt>
      <trkpt lat="51.636203" lon="10.788339">
        <ele>527.612976</ele>
        <time>2026-04-08T14:38:44.000Z</time>
      </trkpt>
      <trkpt lat="51.636187" lon="10.788356">
        <ele>527.762937</ele>
        <time>2026-04-08T14:38:45.000Z</time>
      </trkpt>
      <trkpt lat="51.636169" lon="10.788372">
        <ele>527.923788</ele>
        <time>2026-04-08T14:38:46.000Z</time>
      </trkpt>
      <trkpt lat="51.636152" lon="10.788388">
        <ele>528.077835</ele>
        <time>2026-04-08T14:38:47.000Z</time>
      </trkpt>
      <trkpt lat="51.636134" lon="10.788404">
        <ele>528.238686</ele>
        <time>2026-04-08T14:38:48.000Z</time>
      </trkpt>
      <trkpt lat="51.636115" lon="10.788423">
        <ele>528.413656</ele>
        <time>2026-04-08T14:38:49.000Z</time>
      </trkpt>
      <trkpt lat="51.636099" lon="10.788441">
        <ele>528.566344</ele>
        <time>2026-04-08T14:38:50.000Z</time>
      </trkpt>
      <trkpt lat="51.636080" lon="10.788461">
        <ele>528.743923</ele>
        <time>2026-04-08T14:38:51.000Z</time>
      </trkpt>
      <trkpt lat="51.636062" lon="10.788482">
        <ele>528.917808</ele>
        <time>2026-04-08T14:38:52.000Z</time>
      </trkpt>
      <trkpt lat="51.636042" lon="10.788507">
        <ele>529.115870</ele>
        <time>2026-04-08T14:38:53.000Z</time>
      </trkpt>
      <trkpt lat="51.636024" lon="10.788530">
        <ele>529.295623</ele>
        <time>2026-04-08T14:38:54.000Z</time>
      </trkpt>
      <trkpt lat="51.636008" lon="10.788554">
        <ele>529.466669</ele>
        <time>2026-04-08T14:38:55.000Z</time>
      </trkpt>
      <trkpt lat="51.635990" lon="10.788579">
        <ele>529.652614</ele>
        <time>2026-04-08T14:38:56.000Z</time>
      </trkpt>
      <trkpt lat="51.635970" lon="10.788605">
        <ele>529.853688</ele>
        <time>2026-04-08T14:38:57.000Z</time>
      </trkpt>
      <trkpt lat="51.635952" lon="10.788629">
        <ele>530.036499</ele>
        <time>2026-04-08T14:38:58.000Z</time>
      </trkpt>
      <trkpt lat="51.635935" lon="10.788654">
        <ele>530.216590</ele>
        <time>2026-04-08T14:38:59.000Z</time>
      </trkpt>
      <trkpt lat="51.635921" lon="10.788678">
        <ele>530.376538</ele>
        <time>2026-04-08T14:39:00.000Z</time>
      </trkpt>
      <trkpt lat="51.635905" lon="10.788702">
        <ele>530.547584</ele>
        <time>2026-04-08T14:39:01.000Z</time>
      </trkpt>
      <trkpt lat="51.635887" lon="10.788730">
        <ele>530.743353</ele>
        <time>2026-04-08T14:39:02.000Z</time>
      </trkpt>
      <trkpt lat="51.635871" lon="10.788756">
        <ele>530.921159</ele>
        <time>2026-04-08T14:39:03.000Z</time>
      </trkpt>
      <trkpt lat="51.635850" lon="10.788782">
        <ele>531.128382</ele>
        <time>2026-04-08T14:39:04.000Z</time>
      </trkpt>
      <trkpt lat="51.635829" lon="10.788814">
        <ele>531.354541</ele>
        <time>2026-04-08T14:39:05.000Z</time>
      </trkpt>
      <trkpt lat="51.635811" lon="10.788844">
        <ele>531.557176</ele>
        <time>2026-04-08T14:39:06.000Z</time>
      </trkpt>
      <trkpt lat="51.635791" lon="10.788876">
        <ele>531.777717</ele>
        <time>2026-04-08T14:39:07.000Z</time>
      </trkpt>
      <trkpt lat="51.635770" lon="10.788913">
        <ele>532.021201</ele>
        <time>2026-04-08T14:39:08.000Z</time>
      </trkpt>
      <trkpt lat="51.635749" lon="10.788947">
        <ele>532.254142</ele>
        <time>2026-04-08T14:39:09.000Z</time>
      </trkpt>
      <trkpt lat="51.635731" lon="10.788978">
        <ele>532.460297</ele>
        <time>2026-04-08T14:39:10.000Z</time>
      </trkpt>
      <trkpt lat="51.635709" lon="10.789015">
        <ele>532.709128</ele>
        <time>2026-04-08T14:39:11.000Z</time>
      </trkpt>
      <trkpt lat="51.635689" lon="10.789049">
        <ele>532.936617</ele>
        <time>2026-04-08T14:39:12.000Z</time>
      </trkpt>
      <trkpt lat="51.635667" lon="10.789083">
        <ele>533.175142</ele>
        <time>2026-04-08T14:39:13.000Z</time>
      </trkpt>
      <trkpt lat="51.635647" lon="10.789117">
        <ele>533.344994</ele>
        <time>2026-04-08T14:39:14.000Z</time>
      </trkpt>
      <trkpt lat="51.635624" lon="10.789150">
        <ele>533.355691</ele>
        <time>2026-04-08T14:39:15.000Z</time>
      </trkpt>
      <trkpt lat="51.635605" lon="10.789182">
        <ele>533.365237</ele>
        <time>2026-04-08T14:39:16.000Z</time>
      </trkpt>
      <trkpt lat="51.635586" lon="10.789220">
        <ele>533.375755</ele>
        <time>2026-04-08T14:39:17.000Z</time>
      </trkpt>
      <trkpt lat="51.635564" lon="10.789257">
        <ele>533.386801</ele>
        <time>2026-04-08T14:39:18.000Z</time>
      </trkpt>
      <trkpt lat="51.635538" lon="10.789291">
        <ele>533.398431</ele>
        <time>2026-04-08T14:39:19.000Z</time>
      </trkpt>
      <trkpt lat="51.635514" lon="10.789325">
        <ele>533.409530</ele>
        <time>2026-04-08T14:39:20.000Z</time>
      </trkpt>
      <trkpt lat="51.635487" lon="10.789362">
        <ele>533.421840</ele>
        <time>2026-04-08T14:39:21.000Z</time>
      </trkpt>
      <trkpt lat="51.635464" lon="10.789401">
        <ele>533.433437</ele>
        <time>2026-04-08T14:39:22.000Z</time>
      </trkpt>
      <trkpt lat="51.635442" lon="10.789441">
        <ele>533.444958</ele>
        <time>2026-04-08T14:39:23.000Z</time>
      </trkpt>
      <trkpt lat="51.635418" lon="10.789478">
        <ele>533.456494</ele>
        <time>2026-04-08T14:39:24.000Z</time>
      </trkpt>
      <trkpt lat="51.635395" lon="10.789515">
        <ele>533.467783</ele>
        <time>2026-04-08T14:39:25.000Z</time>
      </trkpt>
      <trkpt lat="51.635373" lon="10.789553">
        <ele>533.478984</ele>
        <time>2026-04-08T14:39:26.000Z</time>
      </trkpt>
      <trkpt lat="51.635348" lon="10.789594">
        <ele>533.491374</ele>
        <time>2026-04-08T14:39:27.000Z</time>
      </trkpt>
      <trkpt lat="51.635324" lon="10.789627">
        <ele>533.502332</ele>
        <time>2026-04-08T14:39:28.000Z</time>
      </trkpt>
      <trkpt lat="51.635298" lon="10.789659">
        <ele>533.513695</ele>
        <time>2026-04-08T14:39:29.000Z</time>
      </trkpt>
      <trkpt lat="51.635271" lon="10.789692">
        <ele>533.525466</ele>
        <time>2026-04-08T14:39:30.000Z</time>
      </trkpt>
      <trkpt lat="51.635242" lon="10.789726">
        <ele>533.537922</ele>
        <time>2026-04-08T14:39:31.000Z</time>
      </trkpt>
      <trkpt lat="51.635214" lon="10.789764">
        <ele>533.550637</ele>
        <time>2026-04-08T14:39:32.000Z</time>
      </trkpt>
      <trkpt lat="51.635185" lon="10.789803">
        <ele>533.563756</ele>
        <time>2026-04-08T14:39:33.000Z</time>
      </trkpt>
      <trkpt lat="51.635163" lon="10.789839">
        <ele>533.574647</ele>
        <time>2026-04-08T14:39:34.000Z</time>
      </trkpt>
      <trkpt lat="51.635136" lon="10.789874">
        <ele>533.586683</ele>
        <time>2026-04-08T14:39:35.000Z</time>
      </trkpt>
      <trkpt lat="51.635107" lon="10.789911">
        <ele>533.599530</ele>
        <time>2026-04-08T14:39:36.000Z</time>
      </trkpt>
      <trkpt lat="51.635079" lon="10.789949">
        <ele>533.612245</ele>
        <time>2026-04-08T14:39:37.000Z</time>
      </trkpt>
      <trkpt lat="51.635050" lon="10.789986">
        <ele>533.625092</ele>
        <time>2026-04-08T14:39:38.000Z</time>
      </trkpt>
      <trkpt lat="51.635022" lon="10.790027">
        <ele>533.638233</ele>
        <time>2026-04-08T14:39:39.000Z</time>
      </trkpt>
      <trkpt lat="51.634996" lon="10.790067">
        <ele>533.650719</ele>
        <time>2026-04-08T14:39:40.000Z</time>
      </trkpt>
      <trkpt lat="51.634969" lon="10.790111">
        <ele>533.664057</ele>
        <time>2026-04-08T14:39:41.000Z</time>
      </trkpt>
      <trkpt lat="51.634943" lon="10.790157">
        <ele>533.677468</ele>
        <time>2026-04-08T14:39:42.000Z</time>
      </trkpt>
      <trkpt lat="51.634915" lon="10.790201">
        <ele>533.691052</ele>
        <time>2026-04-08T14:39:43.000Z</time>
      </trkpt>
      <trkpt lat="51.634886" lon="10.790238">
        <ele>533.703900</ele>
        <time>2026-04-08T14:39:44.000Z</time>
      </trkpt>
      <trkpt lat="51.634851" lon="10.790278">
        <ele>533.718803</ele>
        <time>2026-04-08T14:39:45.000Z</time>
      </trkpt>
      <trkpt lat="51.634819" lon="10.790316">
        <ele>533.732610</ele>
        <time>2026-04-08T14:39:46.000Z</time>
      </trkpt>
      <trkpt lat="51.634786" lon="10.790361">
        <ele>533.747625</ele>
        <time>2026-04-08T14:39:47.000Z</time>
      </trkpt>
      <trkpt lat="51.634753" lon="10.790408">
        <ele>533.762922</ele>
        <time>2026-04-08T14:39:48.000Z</time>
      </trkpt>
      <trkpt lat="51.634720" lon="10.790452">
        <ele>533.777799</ele>
        <time>2026-04-08T14:39:49.000Z</time>
      </trkpt>
      <trkpt lat="51.634685" lon="10.790497">
        <ele>533.793351</ele>
        <time>2026-04-08T14:39:50.000Z</time>
      </trkpt>
      <trkpt lat="51.634648" lon="10.790544">
        <ele>533.809715</ele>
        <time>2026-04-08T14:39:51.000Z</time>
      </trkpt>
      <trkpt lat="51.634618" lon="10.790589">
        <ele>533.823951</ele>
        <time>2026-04-08T14:39:52.000Z</time>
      </trkpt>
      <trkpt lat="51.634584" lon="10.790634">
        <ele>533.839233</ele>
        <time>2026-04-08T14:39:53.000Z</time>
      </trkpt>
      <trkpt lat="51.634551" lon="10.790682">
        <ele>533.854674</ele>
        <time>2026-04-08T14:39:54.000Z</time>
      </trkpt>
      <trkpt lat="51.634516" lon="10.790738">
        <ele>533.871805</ele>
        <time>2026-04-08T14:39:55.000Z</time>
      </trkpt>
      <trkpt lat="51.634492" lon="10.790795">
        <ele>533.886653</ele>
        <time>2026-04-08T14:39:56.000Z</time>
      </trkpt>
      <trkpt lat="51.634468" lon="10.790859">
        <ele>533.902772</ele>
        <time>2026-04-08T14:39:57.000Z</time>
      </trkpt>
      <trkpt lat="51.634449" lon="10.790919">
        <ele>533.917292</ele>
        <time>2026-04-08T14:39:58.000Z</time>
      </trkpt>
      <trkpt lat="51.634433" lon="10.790973">
        <ele>533.930191</ele>
        <time>2026-04-08T14:39:59.000Z</time>
      </trkpt>
      <trkpt lat="51.634414" lon="10.791019">
        <ele>533.942102</ele>
        <time>2026-04-08T14:40:00.000Z</time>
      </trkpt>
      <trkpt lat="51.634396" lon="10.791059">
        <ele>533.952753</ele>
        <time>2026-04-08T14:40:01.000Z</time>
      </trkpt>
      <trkpt lat="51.634374" lon="10.791089">
        <ele>533.962763</ele>
        <time>2026-04-08T14:40:02.000Z</time>
      </trkpt>
      <trkpt lat="51.634353" lon="10.791108">
        <ele>533.930642</ele>
        <time>2026-04-08T14:40:03.000Z</time>
      </trkpt>
      <trkpt lat="51.634328" lon="10.791118">
        <ele>533.851796</ele>
        <time>2026-04-08T14:40:04.000Z</time>
      </trkpt>
      <trkpt lat="51.634301" lon="10.791120">
        <ele>533.769064</ele>
        <time>2026-04-08T14:40:05.000Z</time>
      </trkpt>
      <trkpt lat="51.634272" lon="10.791101">
        <ele>533.673239</ele>
        <time>2026-04-08T14:40:06.000Z</time>
      </trkpt>
      <trkpt lat="51.634241" lon="10.791067">
        <ele>533.558451</ele>
        <time>2026-04-08T14:40:07.000Z</time>
      </trkpt>
      <trkpt lat="51.634217" lon="10.791017">
        <ele>533.438367</ele>
        <time>2026-04-08T14:40:08.000Z</time>
      </trkpt>
      <trkpt lat="51.634190" lon="10.790954">
        <ele>533.292916</ele>
        <time>2026-04-08T14:40:09.000Z</time>
      </trkpt>
      <trkpt lat="51.634165" lon="10.790890">
        <ele>533.149250</ele>
        <time>2026-04-08T14:40:10.000Z</time>
      </trkpt>
      <trkpt lat="51.634135" lon="10.790818">
        <ele>532.984498</ele>
        <time>2026-04-08T14:40:11.000Z</time>
      </trkpt>
      <trkpt lat="51.634104" lon="10.790741">
        <ele>532.810130</ele>
        <time>2026-04-08T14:40:12.000Z</time>
      </trkpt>
      <trkpt lat="51.634069" lon="10.790658">
        <ele>532.619492</ele>
        <time>2026-04-08T14:40:13.000Z</time>
      </trkpt>
      <trkpt lat="51.634036" lon="10.790575">
        <ele>532.432227</ele>
        <time>2026-04-08T14:40:14.000Z</time>
      </trkpt>
      <trkpt lat="51.633994" lon="10.790484">
        <ele>532.216781</ele>
        <time>2026-04-08T14:40:15.000Z</time>
      </trkpt>
      <trkpt lat="51.633953" lon="10.790394">
        <ele>532.004681</ele>
        <time>2026-04-08T14:40:16.000Z</time>
      </trkpt>
      <trkpt lat="51.633910" lon="10.790294">
        <ele>531.773557</ele>
        <time>2026-04-08T14:40:17.000Z</time>
      </trkpt>
      <trkpt lat="51.633866" lon="10.790195">
        <ele>531.542224</ele>
        <time>2026-04-08T14:40:18.000Z</time>
      </trkpt>
      <trkpt lat="51.633820" lon="10.790087">
        <ele>531.293375</ele>
        <time>2026-04-08T14:40:19.000Z</time>
      </trkpt>
      <trkpt lat="51.633774" lon="10.789981">
        <ele>531.047648</ele>
        <time>2026-04-08T14:40:20.000Z</time>
      </trkpt>
      <trkpt lat="51.633725" lon="10.789872">
        <ele>530.791954</ele>
        <time>2026-04-08T14:40:21.000Z</time>
      </trkpt>
      <trkpt lat="51.633680" lon="10.789762">
        <ele>530.541659</ele>
        <time>2026-04-08T14:40:22.000Z</time>
      </trkpt>
      <trkpt lat="51.633632" lon="10.789648">
        <ele>530.279942</ele>
        <time>2026-04-08T14:40:23.000Z</time>
      </trkpt>
      <trkpt lat="51.633588" lon="10.789536">
        <ele>530.028116</ele>
        <time>2026-04-08T14:40:24.000Z</time>
      </trkpt>
      <trkpt lat="51.633552" lon="10.789418">
        <ele>529.778313</ele>
        <time>2026-04-08T14:40:25.000Z</time>
      </trkpt>
      <trkpt lat="51.633529" lon="10.789282">
        <ele>529.510511</ele>
        <time>2026-04-08T14:40:26.000Z</time>
      </trkpt>
      <trkpt lat="51.633533" lon="10.789143">
        <ele>529.246145</ele>
        <time>2026-04-08T14:40:27.000Z</time>
      </trkpt>
      <trkpt lat="51.633549" lon="10.789025">
        <ele>529.016673</ele>
        <time>2026-04-08T14:40:28.000Z</time>
      </trkpt>
      <trkpt lat="51.633575" lon="10.788905">
        <ele>528.775197</ele>
        <time>2026-04-08T14:40:29.000Z</time>
      </trkpt>
      <trkpt lat="51.633595" lon="10.788796">
        <ele>528.559252</ele>
        <time>2026-04-08T14:40:30.000Z</time>
      </trkpt>
      <trkpt lat="51.633614" lon="10.788686">
        <ele>528.742783</ele>
        <time>2026-04-08T14:40:31.000Z</time>
      </trkpt>
      <trkpt lat="51.633633" lon="10.788587">
        <ele>529.207374</ele>
        <time>2026-04-08T14:40:32.000Z</time>
      </trkpt>
      <trkpt lat="51.633646" lon="10.788495">
        <ele>529.630401</ele>
        <time>2026-04-08T14:40:33.000Z</time>
      </trkpt>
      <trkpt lat="51.633657" lon="10.788410">
        <ele>530.019686</ele>
        <time>2026-04-08T14:40:34.000Z</time>
      </trkpt>
      <trkpt lat="51.633669" lon="10.788323">
        <ele>530.419257</ele>
        <time>2026-04-08T14:40:35.000Z</time>
      </trkpt>
      <trkpt lat="51.633677" lon="10.788244">
        <ele>530.778129</ele>
        <time>2026-04-08T14:40:36.000Z</time>
      </trkpt>
      <trkpt lat="51.633685" lon="10.788165">
        <ele>531.137001</ele>
        <time>2026-04-08T14:40:37.000Z</time>
      </trkpt>
      <trkpt lat="51.633689" lon="10.788088">
        <ele>531.483429</ele>
        <time>2026-04-08T14:40:38.000Z</time>
      </trkpt>
      <trkpt lat="51.633693" lon="10.788008">
        <ele>531.843263</ele>
        <time>2026-04-08T14:40:39.000Z</time>
      </trkpt>
      <trkpt lat="51.633694" lon="10.787935">
        <ele>532.170631</ele>
        <time>2026-04-08T14:40:40.000Z</time>
      </trkpt>
      <trkpt lat="51.633697" lon="10.787858">
        <ele>532.516533</ele>
        <time>2026-04-08T14:40:41.000Z</time>
      </trkpt>
      <trkpt lat="51.633701" lon="10.787784">
        <ele>532.849560</ele>
        <time>2026-04-08T14:40:42.000Z</time>
      </trkpt>
      <trkpt lat="51.633701" lon="10.787711">
        <ele>533.176848</ele>
        <time>2026-04-08T14:40:43.000Z</time>
      </trkpt>
      <trkpt lat="51.633704" lon="10.787638">
        <ele>533.504853</ele>
        <time>2026-04-08T14:40:44.000Z</time>
      </trkpt>
      <trkpt lat="51.633705" lon="10.787561">
        <ele>533.850151</ele>
        <time>2026-04-08T14:40:45.000Z</time>
      </trkpt>
      <trkpt lat="51.633705" lon="10.787491">
        <ele>534.163989</ele>
        <time>2026-04-08T14:40:46.000Z</time>
      </trkpt>
      <trkpt lat="51.633705" lon="10.787418">
        <ele>534.491277</ele>
        <time>2026-04-08T14:40:47.000Z</time>
      </trkpt>
      <trkpt lat="51.633708" lon="10.787349">
        <ele>534.801390</ele>
        <time>2026-04-08T14:40:48.000Z</time>
      </trkpt>
      <trkpt lat="51.633709" lon="10.787278">
        <ele>535.119793</ele>
        <time>2026-04-08T14:40:49.000Z</time>
      </trkpt>
      <trkpt lat="51.633706" lon="10.787211">
        <ele>535.420961</ele>
        <time>2026-04-08T14:40:50.000Z</time>
      </trkpt>
      <trkpt lat="51.633705" lon="10.787142">
        <ele>535.730400</ele>
        <time>2026-04-08T14:40:51.000Z</time>
      </trkpt>
      <trkpt lat="51.633702" lon="10.787079">
        <ele>536.013684</ele>
        <time>2026-04-08T14:40:52.000Z</time>
      </trkpt>
      <trkpt lat="51.633701" lon="10.787011">
        <ele>536.318641</ele>
        <time>2026-04-08T14:40:53.000Z</time>
      </trkpt>
      <trkpt lat="51.633704" lon="10.786946">
        <ele>536.610867</ele>
        <time>2026-04-08T14:40:54.000Z</time>
      </trkpt>
      <trkpt lat="51.633708" lon="10.786880">
        <ele>536.908179</ele>
        <time>2026-04-08T14:40:55.000Z</time>
      </trkpt>
      <trkpt lat="51.633709" lon="10.786817">
        <ele>537.190725</ele>
        <time>2026-04-08T14:40:56.000Z</time>
      </trkpt>
      <trkpt lat="51.633709" lon="10.786750">
        <ele>537.491113</ele>
        <time>2026-04-08T14:40:57.000Z</time>
      </trkpt>
      <trkpt lat="51.633712" lon="10.786690">
        <ele>537.760988</ele>
        <time>2026-04-08T14:40:58.000Z</time>
      </trkpt>
      <trkpt lat="51.633713" lon="10.786624">
        <ele>538.056981</ele>
        <time>2026-04-08T14:40:59.000Z</time>
      </trkpt>
      <trkpt lat="51.633713" lon="10.786557">
        <ele>538.357368</ele>
        <time>2026-04-08T14:41:00.000Z</time>
      </trkpt>
      <trkpt lat="51.633713" lon="10.786487">
        <ele>538.671206</ele>
        <time>2026-04-08T14:41:01.000Z</time>
      </trkpt>
      <trkpt lat="51.633713" lon="10.786412">
        <ele>539.007461</ele>
        <time>2026-04-08T14:41:02.000Z</time>
      </trkpt>
      <trkpt lat="51.633713" lon="10.786337">
        <ele>539.343716</ele>
        <time>2026-04-08T14:41:03.000Z</time>
      </trkpt>
      <trkpt lat="51.633713" lon="10.786273">
        <ele>539.630654</ele>
        <time>2026-04-08T14:41:04.000Z</time>
      </trkpt>
      <trkpt lat="51.633713" lon="10.786205">
        <ele>539.935525</ele>
        <time>2026-04-08T14:41:05.000Z</time>
      </trkpt>
      <trkpt lat="51.633713" lon="10.786141">
        <ele>540.222463</ele>
        <time>2026-04-08T14:41:06.000Z</time>
      </trkpt>
      <trkpt lat="51.633713" lon="10.786081">
        <ele>540.491467</ele>
        <time>2026-04-08T14:41:07.000Z</time>
      </trkpt>
      <trkpt lat="51.633713" lon="10.786017">
        <ele>540.778404</ele>
        <time>2026-04-08T14:41:08.000Z</time>
      </trkpt>
      <trkpt lat="51.633713" lon="10.785952">
        <ele>541.069825</ele>
        <time>2026-04-08T14:41:09.000Z</time>
      </trkpt>
      <trkpt lat="51.633713" lon="10.785893">
        <ele>541.334346</ele>
        <time>2026-04-08T14:41:10.000Z</time>
      </trkpt>
      <trkpt lat="51.633713" lon="10.785831">
        <ele>541.562949</ele>
        <time>2026-04-08T14:41:11.000Z</time>
      </trkpt>
      <trkpt lat="51.633716" lon="10.785771">
        <ele>541.748861</ele>
        <time>2026-04-08T14:41:12.000Z</time>
      </trkpt>
      <trkpt lat="51.633717" lon="10.785710">
        <ele>541.937327</ele>
        <time>2026-04-08T14:41:13.000Z</time>
      </trkpt>
      <trkpt lat="51.633717" lon="10.785651">
        <ele>542.119551</ele>
        <time>2026-04-08T14:41:14.000Z</time>
      </trkpt>
      <trkpt lat="51.633713" lon="10.785586">
        <ele>542.321290</ele>
        <time>2026-04-08T14:41:15.000Z</time>
      </trkpt>
      <trkpt lat="51.633713" lon="10.785524">
        <ele>542.512779</ele>
        <time>2026-04-08T14:41:16.000Z</time>
      </trkpt>
      <trkpt lat="51.633713" lon="10.785463">
        <ele>542.701180</ele>
        <time>2026-04-08T14:41:17.000Z</time>
      </trkpt>
      <trkpt lat="51.633713" lon="10.785402">
        <ele>542.889581</ele>
        <time>2026-04-08T14:41:18.000Z</time>
      </trkpt>
      <trkpt lat="51.633713" lon="10.785344">
        <ele>543.068716</ele>
        <time>2026-04-08T14:41:19.000Z</time>
      </trkpt>
      <trkpt lat="51.633713" lon="10.785283">
        <ele>543.257117</ele>
        <time>2026-04-08T14:41:20.000Z</time>
      </trkpt>
      <trkpt lat="51.633713" lon="10.785222">
        <ele>543.445517</ele>
        <time>2026-04-08T14:41:21.000Z</time>
      </trkpt>
      <trkpt lat="51.633714" lon="10.785150">
        <ele>543.667948</ele>
        <time>2026-04-08T14:41:22.000Z</time>
      </trkpt>
      <trkpt lat="51.633716" lon="10.785076">
        <ele>543.896716</ele>
        <time>2026-04-08T14:41:23.000Z</time>
      </trkpt>
      <trkpt lat="51.633720" lon="10.784992">
        <ele>544.156915</ele>
        <time>2026-04-08T14:41:24.000Z</time>
      </trkpt>
      <trkpt lat="51.633724" lon="10.784905">
        <ele>544.426354</ele>
        <time>2026-04-08T14:41:25.000Z</time>
      </trkpt>
      <trkpt lat="51.633727" lon="10.784824">
        <ele>544.676970</ele>
        <time>2026-04-08T14:41:26.000Z</time>
      </trkpt>
      <trkpt lat="51.633725" lon="10.784743">
        <ele>544.927340</ele>
        <time>2026-04-08T14:41:27.000Z</time>
      </trkpt>
      <trkpt lat="51.633724" lon="10.784674">
        <ele>545.140507</ele>
        <time>2026-04-08T14:41:28.000Z</time>
      </trkpt>
      <trkpt lat="51.633724" lon="10.784600">
        <ele>545.369058</ele>
        <time>2026-04-08T14:41:29.000Z</time>
      </trkpt>
      <trkpt lat="51.633724" lon="10.784528">
        <ele>545.591433</ele>
        <time>2026-04-08T14:41:30.000Z</time>
      </trkpt>
      <trkpt lat="51.633724" lon="10.784460">
        <ele>545.801453</ele>
        <time>2026-04-08T14:41:31.000Z</time>
      </trkpt>
      <trkpt lat="51.633724" lon="10.784392">
        <ele>546.011474</ele>
        <time>2026-04-08T14:41:32.000Z</time>
      </trkpt>
      <trkpt lat="51.633724" lon="10.784322">
        <ele>546.227671</ele>
        <time>2026-04-08T14:41:33.000Z</time>
      </trkpt>
      <trkpt lat="51.633727" lon="10.784258">
        <ele>546.425900</ele>
        <time>2026-04-08T14:41:34.000Z</time>
      </trkpt>
      <trkpt lat="51.633728" lon="10.784188">
        <ele>546.642155</ele>
        <time>2026-04-08T14:41:35.000Z</time>
      </trkpt>
      <trkpt lat="51.633728" lon="10.784127">
        <ele>546.830556</ele>
        <time>2026-04-08T14:41:36.000Z</time>
      </trkpt>
      <trkpt lat="51.633728" lon="10.784063">
        <ele>547.028222</ele>
        <time>2026-04-08T14:41:37.000Z</time>
      </trkpt>
      <trkpt lat="51.633728" lon="10.783997">
        <ele>547.232065</ele>
        <time>2026-04-08T14:41:38.000Z</time>
      </trkpt>
      <trkpt lat="51.633728" lon="10.783929">
        <ele>547.442086</ele>
        <time>2026-04-08T14:41:39.000Z</time>
      </trkpt>
      <trkpt lat="51.633728" lon="10.783872">
        <ele>547.618132</ele>
        <time>2026-04-08T14:41:40.000Z</time>
      </trkpt>
      <trkpt lat="51.633728" lon="10.783808">
        <ele>547.815799</ele>
        <time>2026-04-08T14:41:41.000Z</time>
      </trkpt>
      <trkpt lat="51.633728" lon="10.783746">
        <ele>548.007288</ele>
        <time>2026-04-08T14:41:42.000Z</time>
      </trkpt>
      <trkpt lat="51.633728" lon="10.783687">
        <ele>548.189511</ele>
        <time>2026-04-08T14:41:43.000Z</time>
      </trkpt>
      <trkpt lat="51.633728" lon="10.783627">
        <ele>548.374823</ele>
        <time>2026-04-08T14:41:44.000Z</time>
      </trkpt>
      <trkpt lat="51.633725" lon="10.783565">
        <ele>548.566894</ele>
        <time>2026-04-08T14:41:45.000Z</time>
      </trkpt>
      <trkpt lat="51.633727" lon="10.783508">
        <ele>548.743221</ele>
        <time>2026-04-08T14:41:46.000Z</time>
      </trkpt>
      <trkpt lat="51.633728" lon="10.783446">
        <ele>548.934775</ele>
        <time>2026-04-08T14:41:47.000Z</time>
      </trkpt>
      <trkpt lat="51.633728" lon="10.783389">
        <ele>549.110822</ele>
        <time>2026-04-08T14:41:48.000Z</time>
      </trkpt>
      <trkpt lat="51.633728" lon="10.783329">
        <ele>549.296134</ele>
        <time>2026-04-08T14:41:49.000Z</time>
      </trkpt>
      <trkpt lat="51.633728" lon="10.783268">
        <ele>549.484534</ele>
        <time>2026-04-08T14:41:50.000Z</time>
      </trkpt>
      <trkpt lat="51.633731" lon="10.783205">
        <ele>549.679684</ele>
        <time>2026-04-08T14:41:51.000Z</time>
      </trkpt>
      <trkpt lat="51.633732" lon="10.783150">
        <ele>549.849626</ele>
        <time>2026-04-08T14:41:52.000Z</time>
      </trkpt>
      <trkpt lat="51.633730" lon="10.783088">
        <ele>550.041374</ele>
        <time>2026-04-08T14:41:53.000Z</time>
      </trkpt>
      <trkpt lat="51.633728" lon="10.783023">
        <ele>550.242375</ele>
        <time>2026-04-08T14:41:54.000Z</time>
      </trkpt>
      <trkpt lat="51.633728" lon="10.782964">
        <ele>550.410447</ele>
        <time>2026-04-08T14:41:55.000Z</time>
      </trkpt>
      <trkpt lat="51.633728" lon="10.782901">
        <ele>550.473350</ele>
        <time>2026-04-08T14:41:56.000Z</time>
      </trkpt>
      <trkpt lat="51.633728" lon="10.782837">
        <ele>550.537252</ele>
        <time>2026-04-08T14:41:57.000Z</time>
      </trkpt>
      <trkpt lat="51.633731" lon="10.782778">
        <ele>550.596359</ele>
        <time>2026-04-08T14:41:58.000Z</time>
      </trkpt>
      <trkpt lat="51.633732" lon="10.782715">
        <ele>550.659283</ele>
        <time>2026-04-08T14:41:59.000Z</time>
      </trkpt>
      <trkpt lat="51.633732" lon="10.782655">
        <ele>550.719191</ele>
        <time>2026-04-08T14:42:00.000Z</time>
      </trkpt>
      <trkpt lat="51.633732" lon="10.782594">
        <ele>550.780098</ele>
        <time>2026-04-08T14:42:01.000Z</time>
      </trkpt>
      <trkpt lat="51.633732" lon="10.782531">
        <ele>550.843001</ele>
        <time>2026-04-08T14:42:02.000Z</time>
      </trkpt>
      <trkpt lat="51.633732" lon="10.782466">
        <ele>550.907902</ele>
        <time>2026-04-08T14:42:03.000Z</time>
      </trkpt>
      <trkpt lat="51.633732" lon="10.782408">
        <ele>550.965813</ele>
        <time>2026-04-08T14:42:04.000Z</time>
      </trkpt>
      <trkpt lat="51.633732" lon="10.782346">
        <ele>551.027718</ele>
        <time>2026-04-08T14:42:05.000Z</time>
      </trkpt>
      <trkpt lat="51.633732" lon="10.782282">
        <ele>551.091620</ele>
        <time>2026-04-08T14:42:06.000Z</time>
      </trkpt>
      <trkpt lat="51.633732" lon="10.782221">
        <ele>551.152527</ele>
        <time>2026-04-08T14:42:07.000Z</time>
      </trkpt>
      <trkpt lat="51.633732" lon="10.782160">
        <ele>551.213433</ele>
        <time>2026-04-08T14:42:08.000Z</time>
      </trkpt>
      <trkpt lat="51.633732" lon="10.782095">
        <ele>551.278334</ele>
        <time>2026-04-08T14:42:09.000Z</time>
      </trkpt>
      <trkpt lat="51.633732" lon="10.782036">
        <ele>551.337243</ele>
        <time>2026-04-08T14:42:10.000Z</time>
      </trkpt>
      <trkpt lat="51.633732" lon="10.781972">
        <ele>551.401145</ele>
        <time>2026-04-08T14:42:11.000Z</time>
      </trkpt>
      <trkpt lat="51.633735" lon="10.781906">
        <ele>551.467221</ele>
        <time>2026-04-08T14:42:12.000Z</time>
      </trkpt>
      <trkpt lat="51.633736" lon="10.781840">
        <ele>551.533139</ele>
        <time>2026-04-08T14:42:13.000Z</time>
      </trkpt>
      <trkpt lat="51.633736" lon="10.781774">
        <ele>551.599038</ele>
        <time>2026-04-08T14:42:14.000Z</time>
      </trkpt>
      <trkpt lat="51.633736" lon="10.781702">
        <ele>551.670928</ele>
        <time>2026-04-08T14:42:15.000Z</time>
      </trkpt>
      <trkpt lat="51.633739" lon="10.781635">
        <ele>551.737999</ele>
        <time>2026-04-08T14:42:16.000Z</time>
      </trkpt>
      <trkpt lat="51.633743" lon="10.781559">
        <ele>551.814155</ele>
        <time>2026-04-08T14:42:17.000Z</time>
      </trkpt>
      <trkpt lat="51.633743" lon="10.781486">
        <ele>551.887043</ele>
        <time>2026-04-08T14:42:18.000Z</time>
      </trkpt>
      <trkpt lat="51.633743" lon="10.781410">
        <ele>551.962927</ele>
        <time>2026-04-08T14:42:19.000Z</time>
      </trkpt>
      <trkpt lat="51.633746" lon="10.781335">
        <ele>552.037967</ele>
        <time>2026-04-08T14:42:20.000Z</time>
      </trkpt>
      <trkpt lat="51.633750" lon="10.781252">
        <ele>552.121089</ele>
        <time>2026-04-08T14:42:21.000Z</time>
      </trkpt>
      <trkpt lat="51.633754" lon="10.781171">
        <ele>552.202221</ele>
        <time>2026-04-08T14:42:22.000Z</time>
      </trkpt>
      <trkpt lat="51.633761" lon="10.781081">
        <ele>552.292786</ele>
        <time>2026-04-08T14:42:23.000Z</time>
      </trkpt>
      <trkpt lat="51.633769" lon="10.780988">
        <ele>552.386531</ele>
        <time>2026-04-08T14:42:24.000Z</time>
      </trkpt>
      <trkpt lat="51.633780" lon="10.780892">
        <ele>552.484003</ele>
        <time>2026-04-08T14:42:25.000Z</time>
      </trkpt>
      <trkpt lat="51.633791" lon="10.780798">
        <ele>552.579513</ele>
        <time>2026-04-08T14:42:26.000Z</time>
      </trkpt>
      <trkpt lat="51.633802" lon="10.780704">
        <ele>552.675022</ele>
        <time>2026-04-08T14:42:27.000Z</time>
      </trkpt>
      <trkpt lat="51.633813" lon="10.780615">
        <ele>552.765630</ele>
        <time>2026-04-08T14:42:28.000Z</time>
      </trkpt>
      <trkpt lat="51.633829" lon="10.780520">
        <ele>552.863915</ele>
        <time>2026-04-08T14:42:29.000Z</time>
      </trkpt>
      <trkpt lat="51.633840" lon="10.780433">
        <ele>552.952565</ele>
        <time>2026-04-08T14:42:30.000Z</time>
      </trkpt>
      <trkpt lat="51.633857" lon="10.780348">
        <ele>553.041732</ele>
        <time>2026-04-08T14:42:31.000Z</time>
      </trkpt>
      <trkpt lat="51.633874" lon="10.780256">
        <ele>553.137575</ele>
        <time>2026-04-08T14:42:32.000Z</time>
      </trkpt>
      <trkpt lat="51.633894" lon="10.780166">
        <ele>553.233023</ele>
        <time>2026-04-08T14:42:33.000Z</time>
      </trkpt>
      <trkpt lat="51.633912" lon="10.780086">
        <ele>553.322829</ele>
        <time>2026-04-08T14:42:34.000Z</time>
      </trkpt>
      <trkpt lat="51.633934" lon="10.780002">
        <ele>553.434942</ele>
        <time>2026-04-08T14:42:35.000Z</time>
      </trkpt>
      <trkpt lat="51.633956" lon="10.779923">
        <ele>553.541417</ele>
        <time>2026-04-08T14:42:36.000Z</time>
      </trkpt>
      <trkpt lat="51.633980" lon="10.779838">
        <ele>553.656248</ele>
        <time>2026-04-08T14:42:37.000Z</time>
      </trkpt>
      <trkpt lat="51.634002" lon="10.779758">
        <ele>553.763846</ele>
        <time>2026-04-08T14:42:38.000Z</time>
      </trkpt>
      <trkpt lat="51.634025" lon="10.779677">
        <ele>553.873379</ele>
        <time>2026-04-08T14:42:39.000Z</time>
      </trkpt>
      <trkpt lat="51.634051" lon="10.779598">
        <ele>553.983336</ele>
        <time>2026-04-08T14:42:40.000Z</time>
      </trkpt>
      <trkpt lat="51.634074" lon="10.779518">
        <ele>554.091752</ele>
        <time>2026-04-08T14:42:41.000Z</time>
      </trkpt>
      <trkpt lat="51.634100" lon="10.779441">
        <ele>554.199543</ele>
        <time>2026-04-08T14:42:42.000Z</time>
      </trkpt>
      <trkpt lat="51.634130" lon="10.779360">
        <ele>554.315533</ele>
        <time>2026-04-08T14:42:43.000Z</time>
      </trkpt>
      <trkpt lat="51.634158" lon="10.779283">
        <ele>554.425272</ele>
        <time>2026-04-08T14:42:44.000Z</time>
      </trkpt>
      <trkpt lat="51.634189" lon="10.779201">
        <ele>554.543337</ele>
        <time>2026-04-08T14:42:45.000Z</time>
      </trkpt>
      <trkpt lat="51.634218" lon="10.779128">
        <ele>554.649916</ele>
        <time>2026-04-08T14:42:46.000Z</time>
      </trkpt>
      <trkpt lat="51.634249" lon="10.779051">
        <ele>554.762776</ele>
        <time>2026-04-08T14:42:47.000Z</time>
      </trkpt>
      <trkpt lat="51.634279" lon="10.778976">
        <ele>554.872495</ele>
        <time>2026-04-08T14:42:48.000Z</time>
      </trkpt>
      <trkpt lat="51.634306" lon="10.778904">
        <ele>554.975937</ele>
        <time>2026-04-08T14:42:49.000Z</time>
      </trkpt>
      <trkpt lat="51.634335" lon="10.778831">
        <ele>555.082516</ele>
        <time>2026-04-08T14:42:50.000Z</time>
      </trkpt>
      <trkpt lat="51.634367" lon="10.778756">
        <ele>555.194431</ele>
        <time>2026-04-08T14:42:51.000Z</time>
      </trkpt>
      <trkpt lat="51.634397" lon="10.778686">
        <ele>555.299035</ele>
        <time>2026-04-08T14:42:52.000Z</time>
      </trkpt>
      <trkpt lat="51.634426" lon="10.778612">
        <ele>555.406651</ele>
        <time>2026-04-08T14:42:53.000Z</time>
      </trkpt>
      <trkpt lat="51.634452" lon="10.778545">
        <ele>555.503817</ele>
        <time>2026-04-08T14:42:54.000Z</time>
      </trkpt>
      <trkpt lat="51.634481" lon="10.778474">
        <ele>555.608333</ele>
        <time>2026-04-08T14:42:55.000Z</time>
      </trkpt>
      <trkpt lat="51.634512" lon="10.778399">
        <ele>555.719137</ele>
        <time>2026-04-08T14:42:56.000Z</time>
      </trkpt>
      <trkpt lat="51.634540" lon="10.778320">
        <ele>555.831004</ele>
        <time>2026-04-08T14:42:57.000Z</time>
      </trkpt>
      <trkpt lat="51.634560" lon="10.778243">
        <ele>555.933646</ele>
        <time>2026-04-08T14:42:58.000Z</time>
      </trkpt>
      <trkpt lat="51.634576" lon="10.778159">
        <ele>556.041693</ele>
        <time>2026-04-08T14:42:59.000Z</time>
      </trkpt>
      <trkpt lat="51.634588" lon="10.778081">
        <ele>556.140510</ele>
        <time>2026-04-08T14:43:00.000Z</time>
      </trkpt>
      <trkpt lat="51.634600" lon="10.778002">
        <ele>556.240521</ele>
        <time>2026-04-08T14:43:01.000Z</time>
      </trkpt>
      <trkpt lat="51.634608" lon="10.777925">
        <ele>556.336523</ele>
        <time>2026-04-08T14:43:02.000Z</time>
      </trkpt>
      <trkpt lat="51.634612" lon="10.777848">
        <ele>556.431539</ele>
        <time>2026-04-08T14:43:03.000Z</time>
      </trkpt>
      <trkpt lat="51.634613" lon="10.777773">
        <ele>556.523785</ele>
        <time>2026-04-08T14:43:04.000Z</time>
      </trkpt>
      <trkpt lat="51.634613" lon="10.777700">
        <ele>556.613551</ele>
        <time>2026-04-08T14:43:05.000Z</time>
      </trkpt>
      <trkpt lat="51.634613" lon="10.777623">
        <ele>556.708236</ele>
        <time>2026-04-08T14:43:06.000Z</time>
      </trkpt>
      <trkpt lat="51.634613" lon="10.777554">
        <ele>556.793083</ele>
        <time>2026-04-08T14:43:07.000Z</time>
      </trkpt>
      <trkpt lat="51.634610" lon="10.777482">
        <ele>556.894661</ele>
        <time>2026-04-08T14:43:08.000Z</time>
      </trkpt>
      <trkpt lat="51.634606" lon="10.777408">
        <ele>557.041088</ele>
        <time>2026-04-08T14:43:09.000Z</time>
      </trkpt>
      <trkpt lat="51.634602" lon="10.777336">
        <ele>557.183589</ele>
        <time>2026-04-08T14:43:10.000Z</time>
      </trkpt>
      <trkpt lat="51.634599" lon="10.777268">
        <ele>557.317975</ele>
        <time>2026-04-08T14:43:11.000Z</time>
      </trkpt>
      <trkpt lat="51.634595" lon="10.777195">
        <ele>557.462439</ele>
        <time>2026-04-08T14:43:12.000Z</time>
      </trkpt>
      <trkpt lat="51.634591" lon="10.777126">
        <ele>557.599050</ele>
        <time>2026-04-08T14:43:13.000Z</time>
      </trkpt>
      <trkpt lat="51.634590" lon="10.777051">
        <ele>557.746931</ele>
        <time>2026-04-08T14:43:14.000Z</time>
      </trkpt>
      <trkpt lat="51.634590" lon="10.776984">
        <ele>557.879007</ele>
        <time>2026-04-08T14:43:15.000Z</time>
      </trkpt>
      <trkpt lat="51.634587" lon="10.776915">
        <ele>558.015360</ele>
        <time>2026-04-08T14:43:16.000Z</time>
      </trkpt>
      <trkpt lat="51.634583" lon="10.776846">
        <ele>558.151971</ele>
        <time>2026-04-08T14:43:17.000Z</time>
      </trkpt>
      <trkpt lat="51.634579" lon="10.776774">
        <ele>558.294472</ele>
        <time>2026-04-08T14:43:18.000Z</time>
      </trkpt>
      <trkpt lat="51.634576" lon="10.776710">
        <ele>558.420994</ele>
        <time>2026-04-08T14:43:19.000Z</time>
      </trkpt>
      <trkpt lat="51.634575" lon="10.776637">
        <ele>558.564933</ele>
        <time>2026-04-08T14:43:20.000Z</time>
      </trkpt>
      <trkpt lat="51.634575" lon="10.776571">
        <ele>558.695038</ele>
        <time>2026-04-08T14:43:21.000Z</time>
      </trkpt>
      <trkpt lat="51.634572" lon="10.776502">
        <ele>558.831391</ele>
        <time>2026-04-08T14:43:22.000Z</time>
      </trkpt>
      <trkpt lat="51.634571" lon="10.776432">
        <ele>558.969418</ele>
        <time>2026-04-08T14:43:23.000Z</time>
      </trkpt>
      <trkpt lat="51.634568" lon="10.776358">
        <ele>559.115604</ele>
        <time>2026-04-08T14:43:24.000Z</time>
      </trkpt>
      <trkpt lat="51.634567" lon="10.776295">
        <ele>559.239836</ele>
        <time>2026-04-08T14:43:25.000Z</time>
      </trkpt>
      <trkpt lat="51.634567" lon="10.776225">
        <ele>559.377827</ele>
        <time>2026-04-08T14:43:26.000Z</time>
      </trkpt>
      <trkpt lat="51.634567" lon="10.776153">
        <ele>559.519760</ele>
        <time>2026-04-08T14:43:27.000Z</time>
      </trkpt>
      <trkpt lat="51.634567" lon="10.776082">
        <ele>559.659722</ele>
        <time>2026-04-08T14:43:28.000Z</time>
      </trkpt>
      <trkpt lat="51.634573" lon="10.776013">
        <ele>559.797069</ele>
        <time>2026-04-08T14:43:29.000Z</time>
      </trkpt>
      <trkpt lat="51.634575" lon="10.775938">
        <ele>559.945053</ele>
        <time>2026-04-08T14:43:30.000Z</time>
      </trkpt>
      <trkpt lat="51.634578" lon="10.775873">
        <ele>560.073541</ele>
        <time>2026-04-08T14:43:31.000Z</time>
      </trkpt>
      <trkpt lat="51.634582" lon="10.775799">
        <ele>560.219968</ele>
        <time>2026-04-08T14:43:32.000Z</time>
      </trkpt>
      <trkpt lat="51.634589" lon="10.775731">
        <ele>560.355847</ele>
        <time>2026-04-08T14:43:33.000Z</time>
      </trkpt>
      <trkpt lat="51.634596" lon="10.775665">
        <ele>560.487838</ele>
        <time>2026-04-08T14:43:34.000Z</time>
      </trkpt>
      <trkpt lat="51.634610" lon="10.775598">
        <ele>560.627199</ele>
        <time>2026-04-08T14:43:35.000Z</time>
      </trkpt>
      <trkpt lat="51.634622" lon="10.775533">
        <ele>560.760881</ele>
        <time>2026-04-08T14:43:36.000Z</time>
      </trkpt>
      <trkpt lat="51.634639" lon="10.775469">
        <ele>560.898111</ele>
        <time>2026-04-08T14:43:37.000Z</time>
      </trkpt>
      <trkpt lat="51.634656" lon="10.775401">
        <ele>561.042624</ele>
        <time>2026-04-08T14:43:38.000Z</time>
      </trkpt>
      <trkpt lat="51.634678" lon="10.775341">
        <ele>561.179999</ele>
        <time>2026-04-08T14:43:39.000Z</time>
      </trkpt>
      <trkpt lat="51.634697" lon="10.775282">
        <ele>561.311028</ele>
        <time>2026-04-08T14:43:40.000Z</time>
      </trkpt>
      <trkpt lat="51.634721" lon="10.775226">
        <ele>561.445180</ele>
        <time>2026-04-08T14:43:41.000Z</time>
      </trkpt>
      <trkpt lat="51.634746" lon="10.775164">
        <ele>561.590927</ele>
        <time>2026-04-08T14:43:42.000Z</time>
      </trkpt>
      <trkpt lat="51.634770" lon="10.775113">
        <ele>561.717092</ele>
        <time>2026-04-08T14:43:43.000Z</time>
      </trkpt>
      <trkpt lat="51.634799" lon="10.775052">
        <ele>561.868562</ele>
        <time>2026-04-08T14:43:44.000Z</time>
      </trkpt>
      <trkpt lat="51.634828" lon="10.774998">
        <ele>562.009327</ele>
        <time>2026-04-08T14:43:45.000Z</time>
      </trkpt>
      <trkpt lat="51.634856" lon="10.774944">
        <ele>562.148035</ele>
        <time>2026-04-08T14:43:46.000Z</time>
      </trkpt>
      <trkpt lat="51.634886" lon="10.774893">
        <ele>562.286548</ele>
        <time>2026-04-08T14:43:47.000Z</time>
      </trkpt>
      <trkpt lat="51.634917" lon="10.774839">
        <ele>562.431549</ele>
        <time>2026-04-08T14:43:48.000Z</time>
      </trkpt>
      <trkpt lat="51.634948" lon="10.774792">
        <ele>562.566744</ele>
        <time>2026-04-08T14:43:49.000Z</time>
      </trkpt>
      <trkpt lat="51.634984" lon="10.774738">
        <ele>562.630771</ele>
        <time>2026-04-08T14:43:50.000Z</time>
      </trkpt>
      <trkpt lat="51.635018" lon="10.774686">
        <ele>562.688065</ele>
        <time>2026-04-08T14:43:51.000Z</time>
      </trkpt>
      <trkpt lat="51.635053" lon="10.774630">
        <ele>562.748350</ele>
        <time>2026-04-08T14:43:52.000Z</time>
      </trkpt>
      <trkpt lat="51.635084" lon="10.774575">
        <ele>562.804706</ele>
        <time>2026-04-08T14:43:53.000Z</time>
      </trkpt>
      <trkpt lat="51.635118" lon="10.774518">
        <ele>562.864674</ele>
        <time>2026-04-08T14:43:54.000Z</time>
      </trkpt>
      <trkpt lat="51.635152" lon="10.774462">
        <ele>562.924098</ele>
        <time>2026-04-08T14:43:55.000Z</time>
      </trkpt>
      <trkpt lat="51.635187" lon="10.774403">
        <ele>562.986007</ele>
        <time>2026-04-08T14:43:56.000Z</time>
      </trkpt>
      <trkpt lat="51.635218" lon="10.774345">
        <ele>563.044068</ele>
        <time>2026-04-08T14:43:57.000Z</time>
      </trkpt>
      <trkpt lat="51.635252" lon="10.774285">
        <ele>563.105698</ele>
        <time>2026-04-08T14:43:58.000Z</time>
      </trkpt>
      <trkpt lat="51.635286" lon="10.774228">
        <ele>563.165666</ele>
        <time>2026-04-08T14:43:59.000Z</time>
      </trkpt>
      <trkpt lat="51.635318" lon="10.774166">
        <ele>563.226833</ele>
        <time>2026-04-08T14:44:00.000Z</time>
      </trkpt>
      <trkpt lat="51.635349" lon="10.774111">
        <ele>563.283189</ele>
        <time>2026-04-08T14:44:01.000Z</time>
      </trkpt>
      <trkpt lat="51.635382" lon="10.774051">
        <ele>563.344001</ele>
        <time>2026-04-08T14:44:02.000Z</time>
      </trkpt>
      <trkpt lat="51.635416" lon="10.773989">
        <ele>563.406758</ele>
        <time>2026-04-08T14:44:03.000Z</time>
      </trkpt>
      <trkpt lat="51.635450" lon="10.773929">
        <ele>563.468388</ele>
        <time>2026-04-08T14:44:04.000Z</time>
      </trkpt>
      <trkpt lat="51.635480" lon="10.773871">
        <ele>563.525658</ele>
        <time>2026-04-08T14:44:05.000Z</time>
      </trkpt>
      <trkpt lat="51.635513" lon="10.773806">
        <ele>563.589358</ele>
        <time>2026-04-08T14:44:06.000Z</time>
      </trkpt>
      <trkpt lat="51.635545" lon="10.773747">
        <ele>563.648793</ele>
        <time>2026-04-08T14:44:07.000Z</time>
      </trkpt>
      <trkpt lat="51.635576" lon="10.773684">
        <ele>563.709778</ele>
        <time>2026-04-08T14:44:08.000Z</time>
      </trkpt>
      <trkpt lat="51.635607" lon="10.773621">
        <ele>563.770763</ele>
        <time>2026-04-08T14:44:09.000Z</time>
      </trkpt>
      <trkpt lat="51.635641" lon="10.773557">
        <ele>563.834666</ele>
        <time>2026-04-08T14:44:10.000Z</time>
      </trkpt>
      <trkpt lat="51.635671" lon="10.773496">
        <ele>563.893703</ele>
        <time>2026-04-08T14:44:11.000Z</time>
      </trkpt>
      <trkpt lat="51.635703" lon="10.773429">
        <ele>563.957831</ele>
        <time>2026-04-08T14:44:12.000Z</time>
      </trkpt>
      <trkpt lat="51.635732" lon="10.773367">
        <ele>564.016721</ele>
        <time>2026-04-08T14:44:13.000Z</time>
      </trkpt>
      <trkpt lat="51.635767" lon="10.773297">
        <ele>564.084906</ele>
        <time>2026-04-08T14:44:14.000Z</time>
      </trkpt>
      <trkpt lat="51.635798" lon="10.773233">
        <ele>564.146487</ele>
        <time>2026-04-08T14:44:15.000Z</time>
      </trkpt>
      <trkpt lat="51.635829" lon="10.773168">
        <ele>564.208668</ele>
        <time>2026-04-08T14:44:16.000Z</time>
      </trkpt>
      <trkpt lat="51.635862" lon="10.773104">
        <ele>564.271782</ele>
        <time>2026-04-08T14:44:17.000Z</time>
      </trkpt>
      <trkpt lat="51.635894" lon="10.773038">
        <ele>564.335311</ele>
        <time>2026-04-08T14:44:18.000Z</time>
      </trkpt>
      <trkpt lat="51.635922" lon="10.772979">
        <ele>564.391649</ele>
        <time>2026-04-08T14:44:19.000Z</time>
      </trkpt>
      <trkpt lat="51.635954" lon="10.772912">
        <ele>564.455778</ele>
        <time>2026-04-08T14:44:20.000Z</time>
      </trkpt>
      <trkpt lat="51.635983" lon="10.772851">
        <ele>564.514063</ele>
        <time>2026-04-08T14:44:21.000Z</time>
      </trkpt>
      <trkpt lat="51.636014" lon="10.772784">
        <ele>564.577454</ele>
        <time>2026-04-08T14:44:22.000Z</time>
      </trkpt>
      <trkpt lat="51.636048" lon="10.772719">
        <ele>564.641934</ele>
        <time>2026-04-08T14:44:23.000Z</time>
      </trkpt>
      <trkpt lat="51.636080" lon="10.772654">
        <ele>564.704867</ele>
        <time>2026-04-08T14:44:24.000Z</time>
      </trkpt>
      <trkpt lat="51.636112" lon="10.772592">
        <ele>564.766033</ele>
        <time>2026-04-08T14:44:25.000Z</time>
      </trkpt>
      <trkpt lat="51.636148" lon="10.772532">
        <ele>564.792379</ele>
        <time>2026-04-08T14:44:26.000Z</time>
      </trkpt>
      <trkpt lat="51.636190" lon="10.772488">
        <ele>564.814591</ele>
        <time>2026-04-08T14:44:27.000Z</time>
      </trkpt>
      <trkpt lat="51.636236" lon="10.772451">
        <ele>564.837387</ele>
        <time>2026-04-08T14:44:28.000Z</time>
      </trkpt>
      <trkpt lat="51.636281" lon="10.772420">
        <ele>564.859086</ele>
        <time>2026-04-08T14:44:29.000Z</time>
      </trkpt>
      <trkpt lat="51.636332" lon="10.772389">
        <ele>564.883254</ele>
        <time>2026-04-08T14:44:30.000Z</time>
      </trkpt>
      <trkpt lat="51.636377" lon="10.772358">
        <ele>564.904953</ele>
        <time>2026-04-08T14:44:31.000Z</time>
      </trkpt>
      <trkpt lat="51.636422" lon="10.772323">
        <ele>564.927107</ele>
        <time>2026-04-08T14:44:32.000Z</time>
      </trkpt>
      <trkpt lat="51.636462" lon="10.772294">
        <ele>564.946555</ele>
        <time>2026-04-08T14:44:33.000Z</time>
      </trkpt>
      <trkpt lat="51.636504" lon="10.772271">
        <ele>564.966223</ele>
        <time>2026-04-08T14:44:34.000Z</time>
      </trkpt>
      <trkpt lat="51.636543" lon="10.772254">
        <ele>564.984136</ele>
        <time>2026-04-08T14:44:35.000Z</time>
      </trkpt>
      <trkpt lat="51.636582" lon="10.772236">
        <ele>565.002123</ele>
        <time>2026-04-08T14:44:36.000Z</time>
      </trkpt>
      <trkpt lat="51.636615" lon="10.772217">
        <ele>565.017661</ele>
        <time>2026-04-08T14:44:37.000Z</time>
      </trkpt>
      <trkpt lat="51.636642" lon="10.772186">
        <ele>565.032361</ele>
        <time>2026-04-08T14:44:38.000Z</time>
      </trkpt>
      <trkpt lat="51.636659" lon="10.772156">
        <ele>565.043539</ele>
        <time>2026-04-08T14:44:39.000Z</time>
      </trkpt>
      <trkpt lat="51.636674" lon="10.772126">
        <ele>565.054140</ele>
        <time>2026-04-08T14:44:40.000Z</time>
      </trkpt>
      <trkpt lat="51.636680" lon="10.772091">
        <ele>565.064132</ele>
        <time>2026-04-08T14:44:41.000Z</time>
      </trkpt>
      <trkpt lat="51.636681" lon="10.772056">
        <ele>565.073774</ele>
        <time>2026-04-08T14:44:42.000Z</time>
      </trkpt>
      <trkpt lat="51.636685" lon="10.772013">
        <ele>565.085739</ele>
        <time>2026-04-08T14:44:43.000Z</time>
      </trkpt>
      <trkpt lat="51.636691" lon="10.771966">
        <ele>565.098943</ele>
        <time>2026-04-08T14:44:44.000Z</time>
      </trkpt>
      <trkpt lat="51.636701" lon="10.771911">
        <ele>565.114714</ele>
        <time>2026-04-08T14:44:45.000Z</time>
      </trkpt>
      <trkpt lat="51.636713" lon="10.771853">
        <ele>565.131537</ele>
        <time>2026-04-08T14:44:46.000Z</time>
      </trkpt>
      <trkpt lat="51.636724" lon="10.771795">
        <ele>565.148226</ele>
        <time>2026-04-08T14:44:47.000Z</time>
      </trkpt>
      <trkpt lat="51.636739" lon="10.771737">
        <ele>565.165517</ele>
        <time>2026-04-08T14:44:48.000Z</time>
      </trkpt>
      <trkpt lat="51.636753" lon="10.771676">
        <ele>565.183414</ele>
        <time>2026-04-08T14:44:49.000Z</time>
      </trkpt>
      <trkpt lat="51.636766" lon="10.771615">
        <ele>565.201162</ele>
        <time>2026-04-08T14:44:50.000Z</time>
      </trkpt>
      <trkpt lat="51.636778" lon="10.771552">
        <ele>565.219296</ele>
        <time>2026-04-08T14:44:51.000Z</time>
      </trkpt>
      <trkpt lat="51.636789" lon="10.771488">
        <ele>565.237570</ele>
        <time>2026-04-08T14:44:52.000Z</time>
      </trkpt>
      <trkpt lat="51.636797" lon="10.771425">
        <ele>565.255266</ele>
        <time>2026-04-08T14:44:53.000Z</time>
      </trkpt>
      <trkpt lat="51.636812" lon="10.771358">
        <ele>565.274865</ele>
        <time>2026-04-08T14:44:54.000Z</time>
      </trkpt>
      <trkpt lat="51.636825" lon="10.771292">
        <ele>565.293920</ele>
        <time>2026-04-08T14:44:55.000Z</time>
      </trkpt>
      <trkpt lat="51.636839" lon="10.771227">
        <ele>565.312853</ele>
        <time>2026-04-08T14:44:56.000Z</time>
      </trkpt>
      <trkpt lat="51.636856" lon="10.771164">
        <ele>565.331757</ele>
        <time>2026-04-08T14:44:57.000Z</time>
      </trkpt>
      <trkpt lat="51.636872" lon="10.771100">
        <ele>565.350743</ele>
        <time>2026-04-08T14:44:58.000Z</time>
      </trkpt>
      <trkpt lat="51.636887" lon="10.771036">
        <ele>565.369568</ele>
        <time>2026-04-08T14:44:59.000Z</time>
      </trkpt>
      <trkpt lat="51.636903" lon="10.770968">
        <ele>565.389580</ele>
        <time>2026-04-08T14:45:00.000Z</time>
      </trkpt>
      <trkpt lat="51.636918" lon="10.770907">
        <ele>565.407635</ele>
        <time>2026-04-08T14:45:01.000Z</time>
      </trkpt>
      <trkpt lat="51.636934" lon="10.770839">
        <ele>565.427647</ele>
        <time>2026-04-08T14:45:02.000Z</time>
      </trkpt>
      <trkpt lat="51.636949" lon="10.770773">
        <ele>565.446988</ele>
        <time>2026-04-08T14:45:03.000Z</time>
      </trkpt>
      <trkpt lat="51.636961" lon="10.770707">
        <ele>565.465913</ele>
        <time>2026-04-08T14:45:04.000Z</time>
      </trkpt>
      <trkpt lat="51.636974" lon="10.770639">
        <ele>565.485493</ele>
        <time>2026-04-08T14:45:05.000Z</time>
      </trkpt>
      <trkpt lat="51.636991" lon="10.770564">
        <ele>565.507464</ele>
        <time>2026-04-08T14:45:06.000Z</time>
      </trkpt>
      <trkpt lat="51.637005" lon="10.770497">
        <ele>565.526918</ele>
        <time>2026-04-08T14:45:07.000Z</time>
      </trkpt>
      <trkpt lat="51.637024" lon="10.770425">
        <ele>565.548447</ele>
        <time>2026-04-08T14:45:08.000Z</time>
      </trkpt>
      <trkpt lat="51.637043" lon="10.770355">
        <ele>565.564937</ele>
        <time>2026-04-08T14:45:09.000Z</time>
      </trkpt>
      <trkpt lat="51.637062" lon="10.770286">
        <ele>565.442582</ele>
        <time>2026-04-08T14:45:10.000Z</time>
      </trkpt>
      <trkpt lat="51.637080" lon="10.770219">
        <ele>565.324244</ele>
        <time>2026-04-08T14:45:11.000Z</time>
      </trkpt>
      <trkpt lat="51.637101" lon="10.770139">
        <ele>565.183452</ele>
        <time>2026-04-08T14:45:12.000Z</time>
      </trkpt>
      <trkpt lat="51.637119" lon="10.770069">
        <ele>565.060636</ele>
        <time>2026-04-08T14:45:13.000Z</time>
      </trkpt>
      <trkpt lat="51.637136" lon="10.769987">
        <ele>564.920504</ele>
        <time>2026-04-08T14:45:14.000Z</time>
      </trkpt>
      <trkpt lat="51.637154" lon="10.769911">
        <ele>564.788652</ele>
        <time>2026-04-08T14:45:15.000Z</time>
      </trkpt>
      <trkpt lat="51.637170" lon="10.769839">
        <ele>564.664693</ele>
        <time>2026-04-08T14:45:16.000Z</time>
      </trkpt>
      <trkpt lat="51.637185" lon="10.769770">
        <ele>564.546189</ele>
        <time>2026-04-08T14:45:17.000Z</time>
      </trkpt>
      <trkpt lat="51.637201" lon="10.769703">
        <ele>564.429828</ele>
        <time>2026-04-08T14:45:18.000Z</time>
      </trkpt>
      <trkpt lat="51.637215" lon="10.769639">
        <ele>564.319837</ele>
        <time>2026-04-08T14:45:19.000Z</time>
      </trkpt>
      <trkpt lat="51.637231" lon="10.769572">
        <ele>564.203476</ele>
        <time>2026-04-08T14:45:20.000Z</time>
      </trkpt>
      <trkpt lat="51.637246" lon="10.769510">
        <ele>564.095615</ele>
        <time>2026-04-08T14:45:21.000Z</time>
      </trkpt>
      <trkpt lat="51.637267" lon="10.769451">
        <ele>563.985373</ele>
        <time>2026-04-08T14:45:22.000Z</time>
      </trkpt>
      <trkpt lat="51.637287" lon="10.769398">
        <ele>563.884833</ele>
        <time>2026-04-08T14:45:23.000Z</time>
      </trkpt>
      <trkpt lat="51.637310" lon="10.769347">
        <ele>563.782649</ele>
        <time>2026-04-08T14:45:24.000Z</time>
      </trkpt>
      <trkpt lat="51.637332" lon="10.769298">
        <ele>563.684622</ele>
        <time>2026-04-08T14:45:25.000Z</time>
      </trkpt>
      <trkpt lat="51.637356" lon="10.769244">
        <ele>563.576966</ele>
        <time>2026-04-08T14:45:26.000Z</time>
      </trkpt>
      <trkpt lat="51.637378" lon="10.769192">
        <ele>563.474960</ele>
        <time>2026-04-08T14:45:27.000Z</time>
      </trkpt>
      <trkpt lat="51.637401" lon="10.769140">
        <ele>563.371460</ele>
        <time>2026-04-08T14:45:28.000Z</time>
      </trkpt>
      <trkpt lat="51.637427" lon="10.769087">
        <ele>563.261958</ele>
        <time>2026-04-08T14:45:29.000Z</time>
      </trkpt>
      <trkpt lat="51.637451" lon="10.769031">
        <ele>563.151650</ele>
        <time>2026-04-08T14:45:30.000Z</time>
      </trkpt>
      <trkpt lat="51.637475" lon="10.768980">
        <ele>563.047910</ele>
        <time>2026-04-08T14:45:31.000Z</time>
      </trkpt>
      <trkpt lat="51.637507" lon="10.768915">
        <ele>562.913431</ele>
        <time>2026-04-08T14:45:32.000Z</time>
      </trkpt>
      <trkpt lat="51.637537" lon="10.768848">
        <ele>562.779520</ele>
        <time>2026-04-08T14:45:33.000Z</time>
      </trkpt>
      <trkpt lat="51.637571" lon="10.768776">
        <ele>562.632877</ele>
        <time>2026-04-08T14:45:34.000Z</time>
      </trkpt>
      <trkpt lat="51.637608" lon="10.768700">
        <ele>562.476313</ele>
        <time>2026-04-08T14:45:35.000Z</time>
      </trkpt>
      <trkpt lat="51.637647" lon="10.768615">
        <ele>562.304977</ele>
        <time>2026-04-08T14:45:36.000Z</time>
      </trkpt>
      <trkpt lat="51.637687" lon="10.768531">
        <ele>562.133365</ele>
        <time>2026-04-08T14:45:37.000Z</time>
      </trkpt>
      <trkpt lat="51.637726" lon="10.768445">
        <ele>561.960723</ele>
        <time>2026-04-08T14:45:38.000Z</time>
      </trkpt>
      <trkpt lat="51.637767" lon="10.768354">
        <ele>561.778456</ele>
        <time>2026-04-08T14:45:39.000Z</time>
      </trkpt>
      <trkpt lat="51.637812" lon="10.768260">
        <ele>561.586035</ele>
        <time>2026-04-08T14:45:40.000Z</time>
      </trkpt>
      <trkpt lat="51.637851" lon="10.768170">
        <ele>561.408118</ele>
        <time>2026-04-08T14:45:41.000Z</time>
      </trkpt>
      <trkpt lat="51.637884" lon="10.768070">
        <ele>561.224543</ele>
        <time>2026-04-08T14:45:42.000Z</time>
      </trkpt>
      <trkpt lat="51.637908" lon="10.767974">
        <ele>561.056791</ele>
        <time>2026-04-08T14:45:43.000Z</time>
      </trkpt>
      <trkpt lat="51.637922" lon="10.767866">
        <ele>560.877960</ele>
        <time>2026-04-08T14:45:44.000Z</time>
      </trkpt>
      <trkpt lat="51.637924" lon="10.767761">
        <ele>560.736423</ele>
        <time>2026-04-08T14:45:45.000Z</time>
      </trkpt>
      <trkpt lat="51.637912" lon="10.767659">
        <ele>560.597684</ele>
        <time>2026-04-08T14:45:46.000Z</time>
      </trkpt>
      <trkpt lat="51.637893" lon="10.767560">
        <ele>560.459200</ele>
        <time>2026-04-08T14:45:47.000Z</time>
      </trkpt>
      <trkpt lat="51.637874" lon="10.767461">
        <ele>560.320716</ele>
        <time>2026-04-08T14:45:48.000Z</time>
      </trkpt>
      <trkpt lat="51.637865" lon="10.767369">
        <ele>560.196250</ele>
        <time>2026-04-08T14:45:49.000Z</time>
      </trkpt>
      <trkpt lat="51.637872" lon="10.767270">
        <ele>560.063092</ele>
        <time>2026-04-08T14:45:50.000Z</time>
      </trkpt>
      <trkpt lat="51.637895" lon="10.767188">
        <ele>559.942836</ele>
        <time>2026-04-08T14:45:51.000Z</time>
      </trkpt>
      <trkpt lat="51.637931" lon="10.767122">
        <ele>559.825411</ele>
        <time>2026-04-08T14:45:52.000Z</time>
      </trkpt>
      <trkpt lat="51.637973" lon="10.767074">
        <ele>559.714534</ele>
        <time>2026-04-08T14:45:53.000Z</time>
      </trkpt>
      <trkpt lat="51.638015" lon="10.767034">
        <ele>559.609479</ele>
        <time>2026-04-08T14:45:54.000Z</time>
      </trkpt>
      <trkpt lat="51.638059" lon="10.767001">
        <ele>559.504974</ele>
        <time>2026-04-08T14:45:55.000Z</time>
      </trkpt>
      <trkpt lat="51.638110" lon="10.766963">
        <ele>559.383983</ele>
        <time>2026-04-08T14:45:56.000Z</time>
      </trkpt>
      <trkpt lat="51.638159" lon="10.766924">
        <ele>559.266302</ele>
        <time>2026-04-08T14:45:57.000Z</time>
      </trkpt>
      <trkpt lat="51.638208" lon="10.766882">
        <ele>559.146791</ele>
        <time>2026-04-08T14:45:58.000Z</time>
      </trkpt>
      <trkpt lat="51.638261" lon="10.766841">
        <ele>559.020196</ele>
        <time>2026-04-08T14:45:59.000Z</time>
      </trkpt>
      <trkpt lat="51.638309" lon="10.766800">
        <ele>558.903213</ele>
        <time>2026-04-08T14:46:00.000Z</time>
      </trkpt>
      <trkpt lat="51.638353" lon="10.766769">
        <ele>558.799808</ele>
        <time>2026-04-08T14:46:01.000Z</time>
      </trkpt>
      <trkpt lat="51.638398" lon="10.766734">
        <ele>558.692212</ele>
        <time>2026-04-08T14:46:02.000Z</time>
      </trkpt>
      <trkpt lat="51.638436" lon="10.766703">
        <ele>558.600497</ele>
        <time>2026-04-08T14:46:03.000Z</time>
      </trkpt>
      <trkpt lat="51.638474" lon="10.766670">
        <ele>558.507545</ele>
        <time>2026-04-08T14:46:04.000Z</time>
      </trkpt>
      <trkpt lat="51.638512" lon="10.766633">
        <ele>558.411941</ele>
        <time>2026-04-08T14:46:05.000Z</time>
      </trkpt>
      <trkpt lat="51.638553" lon="10.766593">
        <ele>558.308735</ele>
        <time>2026-04-08T14:46:06.000Z</time>
      </trkpt>
      <trkpt lat="51.638593" lon="10.766552">
        <ele>558.206653</ele>
        <time>2026-04-08T14:46:07.000Z</time>
      </trkpt>
      <trkpt lat="51.638637" lon="10.766500">
        <ele>558.089156</ele>
        <time>2026-04-08T14:46:08.000Z</time>
      </trkpt>
      <trkpt lat="51.638676" lon="10.766445">
        <ele>557.977556</ele>
        <time>2026-04-08T14:46:09.000Z</time>
      </trkpt>
      <trkpt lat="51.638713" lon="10.766384">
        <ele>557.863570</ele>
        <time>2026-04-08T14:46:10.000Z</time>
      </trkpt>
      <trkpt lat="51.638753" lon="10.766315">
        <ele>557.737391</ele>
        <time>2026-04-08T14:46:11.000Z</time>
      </trkpt>
      <trkpt lat="51.638807" lon="10.766251">
        <ele>557.593047</ele>
        <time>2026-04-08T14:46:12.000Z</time>
      </trkpt>
      <trkpt lat="51.638859" lon="10.766194">
        <ele>557.457623</ele>
        <time>2026-04-08T14:46:13.000Z</time>
      </trkpt>
      <trkpt lat="51.638905" lon="10.766138">
        <ele>557.333480</ele>
        <time>2026-04-08T14:46:14.000Z</time>
      </trkpt>
      <trkpt lat="51.638950" lon="10.766089">
        <ele>557.216531</ele>
        <time>2026-04-08T14:46:15.000Z</time>
      </trkpt>
      <trkpt lat="51.638988" lon="10.766043">
        <ele>557.114188</ele>
        <time>2026-04-08T14:46:16.000Z</time>
      </trkpt>
      <trkpt lat="51.639027" lon="10.765991">
        <ele>557.005187</ele>
        <time>2026-04-08T14:46:17.000Z</time>
      </trkpt>
      <trkpt lat="51.639069" lon="10.765935">
        <ele>556.877973</ele>
        <time>2026-04-08T14:46:18.000Z</time>
      </trkpt>
      <trkpt lat="51.639110" lon="10.765881">
        <ele>556.753818</ele>
        <time>2026-04-08T14:46:19.000Z</time>
      </trkpt>
      <trkpt lat="51.639157" lon="10.765821">
        <ele>556.613229</ele>
        <time>2026-04-08T14:46:20.000Z</time>
      </trkpt>
      <trkpt lat="51.639198" lon="10.765760">
        <ele>556.482390</ele>
        <time>2026-04-08T14:46:21.000Z</time>
      </trkpt>
      <trkpt lat="51.639243" lon="10.765692">
        <ele>556.337747</ele>
        <time>2026-04-08T14:46:22.000Z</time>
      </trkpt>
      <trkpt lat="51.639286" lon="10.765628">
        <ele>556.200501</ele>
        <time>2026-04-08T14:46:23.000Z</time>
      </trkpt>
      <trkpt lat="51.639328" lon="10.765571">
        <ele>556.071754</ele>
        <time>2026-04-08T14:46:24.000Z</time>
      </trkpt>
      <trkpt lat="51.639367" lon="10.765517">
        <ele>555.951193</ele>
        <time>2026-04-08T14:46:25.000Z</time>
      </trkpt>
      <trkpt lat="51.639410" lon="10.765455">
        <ele>555.815906</ele>
        <time>2026-04-08T14:46:26.000Z</time>
      </trkpt>
      <trkpt lat="51.639453" lon="10.765390">
        <ele>555.677669</ele>
        <time>2026-04-08T14:46:27.000Z</time>
      </trkpt>
      <trkpt lat="51.639496" lon="10.765324">
        <ele>555.538433</ele>
        <time>2026-04-08T14:46:28.000Z</time>
      </trkpt>
      <trkpt lat="51.639537" lon="10.765257">
        <ele>555.401521</ele>
        <time>2026-04-08T14:46:29.000Z</time>
      </trkpt>
      <trkpt lat="51.639580" lon="10.765181">
        <ele>555.251878</ele>
        <time>2026-04-08T14:46:30.000Z</time>
      </trkpt>
      <trkpt lat="51.639623" lon="10.765112">
        <ele>555.109596</ele>
        <time>2026-04-08T14:46:31.000Z</time>
      </trkpt>
      <trkpt lat="51.639668" lon="10.765039">
        <ele>554.959882</ele>
        <time>2026-04-08T14:46:32.000Z</time>
      </trkpt>
      <trkpt lat="51.639710" lon="10.764967">
        <ele>554.816103</ele>
        <time>2026-04-08T14:46:33.000Z</time>
      </trkpt>
      <trkpt lat="51.639758" lon="10.764897">
        <ele>554.664315</ele>
        <time>2026-04-08T14:46:34.000Z</time>
      </trkpt>
      <trkpt lat="51.639807" lon="10.764823">
        <ele>554.506859</ele>
        <time>2026-04-08T14:46:35.000Z</time>
      </trkpt>
      <trkpt lat="51.639848" lon="10.764740">
        <ele>554.352503</ele>
        <time>2026-04-08T14:46:36.000Z</time>
      </trkpt>
      <trkpt lat="51.639879" lon="10.764659">
        <ele>554.214034</ele>
        <time>2026-04-08T14:46:37.000Z</time>
      </trkpt>
      <trkpt lat="51.639897" lon="10.764570">
        <ele>554.077831</ele>
        <time>2026-04-08T14:46:38.000Z</time>
      </trkpt>
      <trkpt lat="51.639916" lon="10.764479">
        <ele>553.938129</ele>
        <time>2026-04-08T14:46:39.000Z</time>
      </trkpt>
      <trkpt lat="51.639932" lon="10.764384">
        <ele>553.794899</ele>
        <time>2026-04-08T14:46:40.000Z</time>
      </trkpt>
      <trkpt lat="51.639947" lon="10.764294">
        <ele>553.659304</ele>
        <time>2026-04-08T14:46:41.000Z</time>
      </trkpt>
      <trkpt lat="51.639963" lon="10.764199">
        <ele>553.516074</ele>
        <time>2026-04-08T14:46:42.000Z</time>
      </trkpt>
      <trkpt lat="51.639977" lon="10.764117">
        <ele>553.392327</ele>
        <time>2026-04-08T14:46:43.000Z</time>
      </trkpt>
      <trkpt lat="51.639990" lon="10.764029">
        <ele>553.260704</ele>
        <time>2026-04-08T14:46:44.000Z</time>
      </trkpt>
      <trkpt lat="51.640001" lon="10.763947">
        <ele>553.138635</ele>
        <time>2026-04-08T14:46:45.000Z</time>
      </trkpt>
      <trkpt lat="51.640016" lon="10.763869">
        <ele>553.019817</ele>
        <time>2026-04-08T14:46:46.000Z</time>
      </trkpt>
      <trkpt lat="51.640031" lon="10.763794">
        <ele>552.905161</ele>
        <time>2026-04-08T14:46:47.000Z</time>
      </trkpt>
      <trkpt lat="51.640043" lon="10.763718">
        <ele>552.791054</ele>
        <time>2026-04-08T14:46:48.000Z</time>
      </trkpt>
      <trkpt lat="51.640051" lon="10.763650">
        <ele>552.984034</ele>
        <time>2026-04-08T14:46:49.000Z</time>
      </trkpt>
      <trkpt lat="51.640062" lon="10.763577">
        <ele>553.227499</ele>
        <time>2026-04-08T14:46:50.000Z</time>
      </trkpt>
      <trkpt lat="51.640070" lon="10.763509">
        <ele>553.451810</ele>
        <time>2026-04-08T14:46:51.000Z</time>
      </trkpt>
      <trkpt lat="51.640081" lon="10.763443">
        <ele>553.673293</ele>
        <time>2026-04-08T14:46:52.000Z</time>
      </trkpt>
      <trkpt lat="51.640092" lon="10.763378">
        <ele>553.891648</ele>
        <time>2026-04-08T14:46:53.000Z</time>
      </trkpt>
      <trkpt lat="51.640101" lon="10.763312">
        <ele>554.110654</ele>
        <time>2026-04-08T14:46:54.000Z</time>
      </trkpt>
      <trkpt lat="51.640109" lon="10.763250">
        <ele>554.315892</ele>
        <time>2026-04-08T14:46:55.000Z</time>
      </trkpt>
      <trkpt lat="51.640113" lon="10.763185">
        <ele>554.527588</ele>
        <time>2026-04-08T14:46:56.000Z</time>
      </trkpt>
      <trkpt lat="51.640120" lon="10.763123">
        <ele>554.731826</ele>
        <time>2026-04-08T14:46:57.000Z</time>
      </trkpt>
      <trkpt lat="51.640125" lon="10.763062">
        <ele>554.931241</ele>
        <time>2026-04-08T14:46:58.000Z</time>
      </trkpt>
      <trkpt lat="51.640131" lon="10.763004">
        <ele>555.121811</ele>
        <time>2026-04-08T14:46:59.000Z</time>
      </trkpt>
      <trkpt lat="51.640136" lon="10.762945">
        <ele>555.314802</ele>
        <time>2026-04-08T14:47:00.000Z</time>
      </trkpt>
      <trkpt lat="51.640137" lon="10.762892">
        <ele>555.486653</ele>
        <time>2026-04-08T14:47:01.000Z</time>
      </trkpt>
      <trkpt lat="51.640138" lon="10.762834">
        <ele>555.674701</ele>
        <time>2026-04-08T14:47:02.000Z</time>
      </trkpt>
      <trkpt lat="51.640140" lon="10.762775">
        <ele>555.866203</ele>
        <time>2026-04-08T14:47:03.000Z</time>
      </trkpt>
      <trkpt lat="51.640144" lon="10.762718">
        <ele>556.052115</ele>
        <time>2026-04-08T14:47:04.000Z</time>
      </trkpt>
      <trkpt lat="51.640144" lon="10.762661">
        <ele>556.236850</ele>
        <time>2026-04-08T14:47:05.000Z</time>
      </trkpt>
      <trkpt lat="51.640144" lon="10.762602">
        <ele>556.428067</ele>
        <time>2026-04-08T14:47:06.000Z</time>
      </trkpt>
      <trkpt lat="51.640144" lon="10.762549">
        <ele>556.599838</ele>
        <time>2026-04-08T14:47:07.000Z</time>
      </trkpt>
      <trkpt lat="51.640141" lon="10.762488">
        <ele>556.798157</ele>
        <time>2026-04-08T14:47:08.000Z</time>
      </trkpt>
      <trkpt lat="51.640141" lon="10.762432">
        <ele>556.979651</ele>
        <time>2026-04-08T14:47:09.000Z</time>
      </trkpt>
      <trkpt lat="51.640137" lon="10.762375">
        <ele>557.165563</ele>
        <time>2026-04-08T14:47:10.000Z</time>
      </trkpt>
      <trkpt lat="51.640137" lon="10.762318">
        <ele>557.350298</ele>
        <time>2026-04-08T14:47:11.000Z</time>
      </trkpt>
      <trkpt lat="51.640134" lon="10.762259">
        <ele>557.542156</ele>
        <time>2026-04-08T14:47:12.000Z</time>
      </trkpt>
      <trkpt lat="51.640130" lon="10.762205">
        <ele>557.718410</ele>
        <time>2026-04-08T14:47:13.000Z</time>
      </trkpt>
      <trkpt lat="51.640127" lon="10.762157">
        <ele>557.874763</ele>
        <time>2026-04-08T14:47:14.000Z</time>
      </trkpt>
      <trkpt lat="51.640122" lon="10.762096">
        <ele>558.074179</ele>
        <time>2026-04-08T14:47:15.000Z</time>
      </trkpt>
      <trkpt lat="51.640115" lon="10.762039">
        <ele>558.262496</ele>
        <time>2026-04-08T14:47:16.000Z</time>
      </trkpt>
      <trkpt lat="51.640111" lon="10.761985">
        <ele>558.438751</ele>
        <time>2026-04-08T14:47:17.000Z</time>
      </trkpt>
      <trkpt lat="51.640104" lon="10.761930">
        <ele>558.620714</ele>
        <time>2026-04-08T14:47:18.000Z</time>
      </trkpt>
      <trkpt lat="51.640097" lon="10.761880">
        <ele>558.786834</ele>
        <time>2026-04-08T14:47:19.000Z</time>
      </trkpt>
      <trkpt lat="51.640089" lon="10.761828">
        <ele>558.960466</ele>
        <time>2026-04-08T14:47:20.000Z</time>
      </trkpt>
      <trkpt lat="51.640081" lon="10.761774">
        <ele>559.140396</ele>
        <time>2026-04-08T14:47:21.000Z</time>
      </trkpt>
      <trkpt lat="51.640073" lon="10.761722">
        <ele>559.314027</ele>
        <time>2026-04-08T14:47:22.000Z</time>
      </trkpt>
      <trkpt lat="51.640063" lon="10.761672">
        <ele>559.484283</ele>
        <time>2026-04-08T14:47:23.000Z</time>
      </trkpt>
      <trkpt lat="51.640051" lon="10.761620">
        <ele>559.664088</ele>
        <time>2026-04-08T14:47:24.000Z</time>
      </trkpt>
      <trkpt lat="51.640043" lon="10.761571">
        <ele>559.828299</ele>
        <time>2026-04-08T14:47:25.000Z</time>
      </trkpt>
      <trkpt lat="51.640032" lon="10.761519">
        <ele>560.006351</ele>
        <time>2026-04-08T14:47:26.000Z</time>
      </trkpt>
      <trkpt lat="51.640024" lon="10.761472">
        <ele>560.164302</ele>
        <time>2026-04-08T14:47:27.000Z</time>
      </trkpt>
      <trkpt lat="51.640016" lon="10.761423">
        <ele>560.328513</ele>
        <time>2026-04-08T14:47:28.000Z</time>
      </trkpt>
      <trkpt lat="51.640005" lon="10.761372">
        <ele>560.503500</ele>
        <time>2026-04-08T14:47:29.000Z</time>
      </trkpt>
      <trkpt lat="51.639997" lon="10.761321">
        <ele>560.673988</ele>
        <time>2026-04-08T14:47:30.000Z</time>
      </trkpt>
      <trkpt lat="51.639987" lon="10.761272">
        <ele>560.841162</ele>
        <time>2026-04-08T14:47:31.000Z</time>
      </trkpt>
      <trkpt lat="51.639978" lon="10.761223">
        <ele>561.006779</ele>
        <time>2026-04-08T14:47:32.000Z</time>
      </trkpt>
      <trkpt lat="51.639970" lon="10.761173">
        <ele>561.174127</ele>
        <time>2026-04-08T14:47:33.000Z</time>
      </trkpt>
      <trkpt lat="51.639962" lon="10.761125">
        <ele>561.335206</ele>
        <time>2026-04-08T14:47:34.000Z</time>
      </trkpt>
      <trkpt lat="51.639958" lon="10.761075">
        <ele>561.498596</ele>
        <time>2026-04-08T14:47:35.000Z</time>
      </trkpt>
      <trkpt lat="51.639951" lon="10.761025">
        <ele>561.664717</ele>
        <time>2026-04-08T14:47:36.000Z</time>
      </trkpt>
      <trkpt lat="51.639947" lon="10.760976">
        <ele>561.824893</ele>
        <time>2026-04-08T14:47:37.000Z</time>
      </trkpt>
      <trkpt lat="51.639943" lon="10.760921">
        <ele>562.004366</ele>
        <time>2026-04-08T14:47:38.000Z</time>
      </trkpt>
      <trkpt lat="51.639939" lon="10.760869">
        <ele>562.174187</ele>
        <time>2026-04-08T14:47:39.000Z</time>
      </trkpt>
      <trkpt lat="51.639935" lon="10.760818">
        <ele>562.363353</ele>
        <time>2026-04-08T14:47:40.000Z</time>
      </trkpt>
      <trkpt lat="51.639931" lon="10.760767">
        <ele>562.552553</ele>
        <time>2026-04-08T14:47:41.000Z</time>
      </trkpt>
      <trkpt lat="51.639924" lon="10.760715">
        <ele>562.748391</ele>
        <time>2026-04-08T14:47:42.000Z</time>
      </trkpt>
      <trkpt lat="51.639923" lon="10.760665">
        <ele>562.932513</ele>
        <time>2026-04-08T14:47:43.000Z</time>
      </trkpt>
      <trkpt lat="51.639920" lon="10.760612">
        <ele>563.128390</ele>
        <time>2026-04-08T14:47:44.000Z</time>
      </trkpt>
      <trkpt lat="51.639916" lon="10.760559">
        <ele>563.324895</ele>
        <time>2026-04-08T14:47:45.000Z</time>
      </trkpt>
      <trkpt lat="51.639919" lon="10.760506">
        <ele>563.520773</ele>
        <time>2026-04-08T14:47:46.000Z</time>
      </trkpt>
      <trkpt lat="51.639916" lon="10.760454">
        <ele>563.712985</ele>
        <time>2026-04-08T14:47:47.000Z</time>
      </trkpt>
      <trkpt lat="51.639915" lon="10.760400">
        <ele>563.911822</ele>
        <time>2026-04-08T14:47:48.000Z</time>
      </trkpt>
      <trkpt lat="51.639915" lon="10.760344">
        <ele>564.117931</ele>
        <time>2026-04-08T14:47:49.000Z</time>
      </trkpt>
      <trkpt lat="51.639912" lon="10.760288">
        <ele>564.324807</ele>
        <time>2026-04-08T14:47:50.000Z</time>
      </trkpt>
      <trkpt lat="51.639912" lon="10.760231">
        <ele>564.534597</ele>
        <time>2026-04-08T14:47:51.000Z</time>
      </trkpt>
      <trkpt lat="51.639909" lon="10.760176">
        <ele>564.737806</ele>
        <time>2026-04-08T14:47:52.000Z</time>
      </trkpt>
      <trkpt lat="51.639908" lon="10.760120">
        <ele>564.944001</ele>
        <time>2026-04-08T14:47:53.000Z</time>
      </trkpt>
      <trkpt lat="51.639902" lon="10.760065">
        <ele>565.149534</ele>
        <time>2026-04-08T14:47:54.000Z</time>
      </trkpt>
      <trkpt lat="51.639897" lon="10.760013">
        <ele>565.343205</ele>
        <time>2026-04-08T14:47:55.000Z</time>
      </trkpt>
      <trkpt lat="51.639892" lon="10.759958">
        <ele>565.547794</ele>
        <time>2026-04-08T14:47:56.000Z</time>
      </trkpt>
      <trkpt lat="51.639886" lon="10.759902">
        <ele>565.756953</ele>
        <time>2026-04-08T14:47:57.000Z</time>
      </trkpt>
      <trkpt lat="51.639876" lon="10.759851">
        <ele>565.953805</ele>
        <time>2026-04-08T14:47:58.000Z</time>
      </trkpt>
      <trkpt lat="51.639865" lon="10.759802">
        <ele>566.145588</ele>
        <time>2026-04-08T14:47:59.000Z</time>
      </trkpt>
      <trkpt lat="51.639853" lon="10.759752">
        <ele>566.342896</ele>
        <time>2026-04-08T14:48:00.000Z</time>
      </trkpt>
      <trkpt lat="51.639842" lon="10.759703">
        <ele>566.534678</ele>
        <time>2026-04-08T14:48:01.000Z</time>
      </trkpt>
      <trkpt lat="51.639830" lon="10.759654">
        <ele>566.728558</ele>
        <time>2026-04-08T14:48:02.000Z</time>
      </trkpt>
      <trkpt lat="51.639818" lon="10.759607">
        <ele>566.915610</ele>
        <time>2026-04-08T14:48:03.000Z</time>
      </trkpt>
      <trkpt lat="51.639804" lon="10.759562">
        <ele>567.100880</ele>
        <time>2026-04-08T14:48:04.000Z</time>
      </trkpt>
      <trkpt lat="51.639789" lon="10.759518">
        <ele>567.285649</ele>
        <time>2026-04-08T14:48:05.000Z</time>
      </trkpt>
      <trkpt lat="51.639773" lon="10.759475">
        <ele>567.470178</ele>
        <time>2026-04-08T14:48:06.000Z</time>
      </trkpt>
      <trkpt lat="51.639758" lon="10.759431">
        <ele>567.654947</ele>
        <time>2026-04-08T14:48:07.000Z</time>
      </trkpt>
      <trkpt lat="51.639742" lon="10.759388">
        <ele>567.839476</ele>
        <time>2026-04-08T14:48:08.000Z</time>
      </trkpt>
      <trkpt lat="51.639726" lon="10.759346">
        <ele>568.020859</ele>
        <time>2026-04-08T14:48:09.000Z</time>
      </trkpt>
      <trkpt lat="51.639709" lon="10.759303">
        <ele>568.208507</ele>
        <time>2026-04-08T14:48:10.000Z</time>
      </trkpt>
      <trkpt lat="51.639692" lon="10.759263">
        <ele>568.386942</ele>
        <time>2026-04-08T14:48:11.000Z</time>
      </trkpt>
      <trkpt lat="51.639675" lon="10.759223">
        <ele>568.565376</ele>
        <time>2026-04-08T14:48:12.000Z</time>
      </trkpt>
      <trkpt lat="51.639656" lon="10.759187">
        <ele>568.739311</ele>
        <time>2026-04-08T14:48:13.000Z</time>
      </trkpt>
      <trkpt lat="51.639637" lon="10.759152">
        <ele>568.910458</ele>
        <time>2026-04-08T14:48:14.000Z</time>
      </trkpt>
      <trkpt lat="51.639615" lon="10.759122">
        <ele>569.081382</ele>
        <time>2026-04-08T14:48:15.000Z</time>
      </trkpt>
      <trkpt lat="51.639593" lon="10.759091">
        <ele>569.254706</ele>
        <time>2026-04-08T14:48:16.000Z</time>
      </trkpt>
      <trkpt lat="51.639573" lon="10.759059">
        <ele>569.421859</ele>
        <time>2026-04-08T14:48:17.000Z</time>
      </trkpt>
      <trkpt lat="51.639550" lon="10.759030">
        <ele>569.595060</ele>
        <time>2026-04-08T14:48:18.000Z</time>
      </trkpt>
      <trkpt lat="51.639534" lon="10.758998">
        <ele>569.746306</ele>
        <time>2026-04-08T14:48:19.000Z</time>
      </trkpt>
      <trkpt lat="51.639521" lon="10.758956">
        <ele>569.919049</ele>
        <time>2026-04-08T14:48:20.000Z</time>
      </trkpt>
      <trkpt lat="51.639522" lon="10.758914">
        <ele>570.073746</ele>
        <time>2026-04-08T14:48:21.000Z</time>
      </trkpt>
      <trkpt lat="51.639535" lon="10.758880">
        <ele>570.220729</ele>
        <time>2026-04-08T14:48:22.000Z</time>
      </trkpt>
      <trkpt lat="51.639552" lon="10.758853">
        <ele>570.362291</ele>
        <time>2026-04-08T14:48:23.000Z</time>
      </trkpt>
      <trkpt lat="51.639576" lon="10.758828">
        <ele>570.531777</ele>
        <time>2026-04-08T14:48:24.000Z</time>
      </trkpt>
      <trkpt lat="51.639598" lon="10.758813">
        <ele>570.673450</ele>
        <time>2026-04-08T14:48:25.000Z</time>
      </trkpt>
      <trkpt lat="51.639619" lon="10.758797">
        <ele>570.811212</ele>
        <time>2026-04-08T14:48:26.000Z</time>
      </trkpt>
      <trkpt lat="51.639637" lon="10.758782">
        <ele>570.931394</ele>
        <time>2026-04-08T14:48:27.000Z</time>
      </trkpt>
      <trkpt lat="51.639650" lon="10.758772">
        <ele>571.016826</ele>
        <time>2026-04-08T14:48:28.000Z</time>
      </trkpt>
      <trkpt lat="51.639668" lon="10.758761">
        <ele>571.130996</ele>
        <time>2026-04-08T14:48:29.000Z</time>
      </trkpt>
      <trkpt lat="51.639684" lon="10.758748">
        <ele>571.237266</ele>
        <time>2026-04-08T14:48:30.000Z</time>
      </trkpt>
      <trkpt lat="51.639700" lon="10.758734">
        <ele>571.345243</ele>
        <time>2026-04-08T14:48:31.000Z</time>
      </trkpt>
      <trkpt lat="51.639724" lon="10.758714">
        <ele>571.505485</ele>
        <time>2026-04-08T14:48:32.000Z</time>
      </trkpt>
      <trkpt lat="51.639751" lon="10.758692">
        <ele>571.684919</ele>
        <time>2026-04-08T14:48:33.000Z</time>
      </trkpt>
      <trkpt lat="51.639777" lon="10.758666">
        <ele>571.866395</ele>
        <time>2026-04-08T14:48:34.000Z</time>
      </trkpt>
      <trkpt lat="51.639800" lon="10.758641">
        <ele>572.030932</ele>
        <time>2026-04-08T14:48:35.000Z</time>
      </trkpt>
      <trkpt lat="51.639824" lon="10.758623">
        <ele>572.187928</ele>
        <time>2026-04-08T14:48:36.000Z</time>
      </trkpt>
      <trkpt lat="51.639843" lon="10.758609">
        <ele>572.311832</ele>
        <time>2026-04-08T14:48:37.000Z</time>
      </trkpt>
      <trkpt lat="51.639865" lon="10.758592">
        <ele>572.456531</ele>
        <time>2026-04-08T14:48:38.000Z</time>
      </trkpt>
      <trkpt lat="51.639888" lon="10.758571">
        <ele>572.613311</ele>
        <time>2026-04-08T14:48:39.000Z</time>
      </trkpt>
      <trkpt lat="51.639911" lon="10.758544">
        <ele>572.782074</ele>
        <time>2026-04-08T14:48:40.000Z</time>
      </trkpt>
      <trkpt lat="51.639936" lon="10.758515">
        <ele>572.747407</ele>
        <time>2026-04-08T14:48:41.000Z</time>
      </trkpt>
      <trkpt lat="51.639964" lon="10.758483">
        <ele>572.592221</ele>
        <time>2026-04-08T14:48:42.000Z</time>
      </trkpt>
      <trkpt lat="51.639990" lon="10.758450">
        <ele>572.442597</ele>
        <time>2026-04-08T14:48:43.000Z</time>
      </trkpt>
      <trkpt lat="51.640018" lon="10.758417">
        <ele>572.285770</ele>
        <time>2026-04-08T14:48:44.000Z</time>
      </trkpt>
      <trkpt lat="51.640047" lon="10.758388">
        <ele>572.131474</ele>
        <time>2026-04-08T14:48:45.000Z</time>
      </trkpt>
      <trkpt lat="51.640074" lon="10.758354">
        <ele>571.976562</ele>
        <time>2026-04-08T14:48:46.000Z</time>
      </trkpt>
      <trkpt lat="51.640098" lon="10.758316">
        <ele>571.824450</ele>
        <time>2026-04-08T14:48:47.000Z</time>
      </trkpt>
      <trkpt lat="51.640118" lon="10.758278">
        <ele>571.684661</ele>
        <time>2026-04-08T14:48:48.000Z</time>
      </trkpt>
      <trkpt lat="51.640139" lon="10.758237">
        <ele>571.535516</ele>
        <time>2026-04-08T14:48:49.000Z</time>
      </trkpt>
      <trkpt lat="51.640165" lon="10.758194">
        <ele>571.367084</ele>
        <time>2026-04-08T14:48:50.000Z</time>
      </trkpt>
      <trkpt lat="51.640192" lon="10.758150">
        <ele>571.193483</ele>
        <time>2026-04-08T14:48:51.000Z</time>
      </trkpt>
      <trkpt lat="51.640222" lon="10.758108">
        <ele>571.013822</ele>
        <time>2026-04-08T14:48:52.000Z</time>
      </trkpt>
      <trkpt lat="51.640249" lon="10.758065">
        <ele>570.842204</ele>
        <time>2026-04-08T14:48:53.000Z</time>
      </trkpt>
      <trkpt lat="51.640280" lon="10.758014">
        <ele>570.641922</ele>
        <time>2026-04-08T14:48:54.000Z</time>
      </trkpt>
      <trkpt lat="51.640309" lon="10.757965">
        <ele>570.451958</ele>
        <time>2026-04-08T14:48:55.000Z</time>
      </trkpt>
      <trkpt lat="51.640341" lon="10.757910">
        <ele>570.240445</ele>
        <time>2026-04-08T14:48:56.000Z</time>
      </trkpt>
      <trkpt lat="51.640377" lon="10.757856">
        <ele>570.018096</ele>
        <time>2026-04-08T14:48:57.000Z</time>
      </trkpt>
      <trkpt lat="51.640415" lon="10.757805">
        <ele>569.794525</ele>
        <time>2026-04-08T14:48:58.000Z</time>
      </trkpt>
      <trkpt lat="51.640457" lon="10.757758">
        <ele>569.563358</ele>
        <time>2026-04-08T14:48:59.000Z</time>
      </trkpt>
      <trkpt lat="51.640499" lon="10.757705">
        <ele>569.322192</ele>
        <time>2026-04-08T14:49:00.000Z</time>
      </trkpt>
      <trkpt lat="51.640540" lon="10.757656">
        <ele>569.091425</ele>
        <time>2026-04-08T14:49:01.000Z</time>
      </trkpt>
      <trkpt lat="51.640586" lon="10.757599">
        <ele>568.829093</ele>
        <time>2026-04-08T14:49:02.000Z</time>
      </trkpt>
      <trkpt lat="51.640636" lon="10.757537">
        <ele>568.543875</ele>
        <time>2026-04-08T14:49:03.000Z</time>
      </trkpt>
      <trkpt lat="51.640672" lon="10.757493">
        <ele>568.339608</ele>
        <time>2026-04-08T14:49:04.000Z</time>
      </trkpt>
      <trkpt lat="51.640700" lon="10.757455">
        <ele>568.174114</ele>
        <time>2026-04-08T14:49:05.000Z</time>
      </trkpt>
      <trkpt lat="51.640728" lon="10.757414">
        <ele>568.003076</ele>
        <time>2026-04-08T14:49:06.000Z</time>
      </trkpt>
      <trkpt lat="51.640756" lon="10.757375">
        <ele>567.835760</ele>
        <time>2026-04-08T14:49:07.000Z</time>
      </trkpt>
      <trkpt lat="51.640791" lon="10.757328">
        <ele>567.629793</ele>
        <time>2026-04-08T14:49:08.000Z</time>
      </trkpt>
      <trkpt lat="51.640823" lon="10.757286">
        <ele>567.443213</ele>
        <time>2026-04-08T14:49:09.000Z</time>
      </trkpt>
      <trkpt lat="51.640858" lon="10.757236">
        <ele>567.231759</ele>
        <time>2026-04-08T14:49:10.000Z</time>
      </trkpt>
      <trkpt lat="51.640894" lon="10.757185">
        <ele>567.015059</ele>
        <time>2026-04-08T14:49:11.000Z</time>
      </trkpt>
      <trkpt lat="51.640931" lon="10.757131">
        <ele>566.789382</ele>
        <time>2026-04-08T14:49:12.000Z</time>
      </trkpt>
      <trkpt lat="51.640968" lon="10.757082">
        <ele>566.572872</ele>
        <time>2026-04-08T14:49:13.000Z</time>
      </trkpt>
      <trkpt lat="51.641007" lon="10.757031">
        <ele>566.345810</ele>
        <time>2026-04-08T14:49:14.000Z</time>
      </trkpt>
      <trkpt lat="51.641042" lon="10.756988">
        <ele>566.146840</ele>
        <time>2026-04-08T14:49:15.000Z</time>
      </trkpt>
      <trkpt lat="51.641073" lon="10.756951">
        <ele>565.972440</ele>
        <time>2026-04-08T14:49:16.000Z</time>
      </trkpt>
      <trkpt lat="51.641103" lon="10.756915">
        <ele>565.803342</ele>
        <time>2026-04-08T14:49:17.000Z</time>
      </trkpt>
      <trkpt lat="51.641132" lon="10.756879">
        <ele>565.637848</ele>
        <time>2026-04-08T14:49:18.000Z</time>
      </trkpt>
      <trkpt lat="51.641158" lon="10.756846">
        <ele>565.488226</ele>
        <time>2026-04-08T14:49:19.000Z</time>
      </trkpt>
      <trkpt lat="51.641189" lon="10.756813">
        <ele>565.320263</ele>
        <time>2026-04-08T14:49:20.000Z</time>
      </trkpt>
      <trkpt lat="51.641218" lon="10.756781">
        <ele>565.161369</ele>
        <time>2026-04-08T14:49:21.000Z</time>
      </trkpt>
      <trkpt lat="51.641245" lon="10.756749">
        <ele>565.009849</ele>
        <time>2026-04-08T14:49:22.000Z</time>
      </trkpt>
      <trkpt lat="51.641269" lon="10.756710">
        <ele>564.855760</ele>
        <time>2026-04-08T14:49:23.000Z</time>
      </trkpt>
      <trkpt lat="51.641289" lon="10.756662">
        <ele>564.704980</ele>
        <time>2026-04-08T14:49:24.000Z</time>
      </trkpt>
      <trkpt lat="51.641298" lon="10.756603">
        <ele>564.651406</ele>
        <time>2026-04-08T14:49:25.000Z</time>
      </trkpt>
      <trkpt lat="51.641297" lon="10.756532">
        <ele>564.588784</ele>
        <time>2026-04-08T14:49:26.000Z</time>
      </trkpt>
      <trkpt lat="51.641278" lon="10.756475">
        <ele>564.531731</ele>
        <time>2026-04-08T14:49:27.000Z</time>
      </trkpt>
      <trkpt lat="51.641251" lon="10.756428">
        <ele>564.475257</ele>
        <time>2026-04-08T14:49:28.000Z</time>
      </trkpt>
      <trkpt lat="51.641216" lon="10.756388">
        <ele>564.414287</ele>
        <time>2026-04-08T14:49:29.000Z</time>
      </trkpt>
      <trkpt lat="51.641180" lon="10.756348">
        <ele>564.352154</ele>
        <time>2026-04-08T14:49:30.000Z</time>
      </trkpt>
      <trkpt lat="51.641145" lon="10.756312">
        <ele>564.293155</ele>
        <time>2026-04-08T14:49:31.000Z</time>
      </trkpt>
      <trkpt lat="51.641105" lon="10.756274">
        <ele>564.227177</ele>
        <time>2026-04-08T14:49:32.000Z</time>
      </trkpt>
      <trkpt lat="51.641064" lon="10.756244">
        <ele>564.163196</ele>
        <time>2026-04-08T14:49:33.000Z</time>
      </trkpt>
      <trkpt lat="51.641022" lon="10.756212">
        <ele>564.097184</ele>
        <time>2026-04-08T14:49:34.000Z</time>
      </trkpt>
      <trkpt lat="51.640980" lon="10.756178">
        <ele>564.030399</ele>
        <time>2026-04-08T14:49:35.000Z</time>
      </trkpt>
      <trkpt lat="51.640940" lon="10.756138">
        <ele>563.963509</ele>
        <time>2026-04-08T14:49:36.000Z</time>
      </trkpt>
      <trkpt lat="51.640909" lon="10.756093">
        <ele>563.904224</ele>
        <time>2026-04-08T14:49:37.000Z</time>
      </trkpt>
      <trkpt lat="51.640884" lon="10.756037">
        <ele>563.843395</ele>
        <time>2026-04-08T14:49:38.000Z</time>
      </trkpt>
      <trkpt lat="51.640865" lon="10.755981">
        <ele>563.787117</ele>
        <time>2026-04-08T14:49:39.000Z</time>
      </trkpt>
      <trkpt lat="51.640843" lon="10.755924">
        <ele>563.727927</ele>
        <time>2026-04-08T14:49:40.000Z</time>
      </trkpt>
      <trkpt lat="51.640821" lon="10.755868">
        <ele>563.669484</ele>
        <time>2026-04-08T14:49:41.000Z</time>
      </trkpt>
      <trkpt lat="51.640797" lon="10.755809">
        <ele>563.607278</ele>
        <time>2026-04-08T14:49:42.000Z</time>
      </trkpt>
      <trkpt lat="51.640775" lon="10.755756">
        <ele>563.551053</ele>
        <time>2026-04-08T14:49:43.000Z</time>
      </trkpt>
      <trkpt lat="51.640752" lon="10.755699">
        <ele>563.491101</ele>
        <time>2026-04-08T14:49:44.000Z</time>
      </trkpt>
      <trkpt lat="51.640729" lon="10.755645">
        <ele>563.433348</ele>
        <time>2026-04-08T14:49:45.000Z</time>
      </trkpt>
      <trkpt lat="51.640709" lon="10.755592">
        <ele>563.378652</ele>
        <time>2026-04-08T14:49:46.000Z</time>
      </trkpt>
      <trkpt lat="51.640690" lon="10.755536">
        <ele>563.322374</ele>
        <time>2026-04-08T14:49:47.000Z</time>
      </trkpt>
      <trkpt lat="51.640668" lon="10.755479">
        <ele>563.263184</ele>
        <time>2026-04-08T14:49:48.000Z</time>
      </trkpt>
      <trkpt lat="51.640654" lon="10.755417">
        <ele>563.205006</ele>
        <time>2026-04-08T14:49:49.000Z</time>
      </trkpt>
      <trkpt lat="51.640645" lon="10.755343">
        <ele>563.138512</ele>
        <time>2026-04-08T14:49:50.000Z</time>
      </trkpt>
      <trkpt lat="51.640641" lon="10.755272">
        <ele>563.075648</ele>
        <time>2026-04-08T14:49:51.000Z</time>
      </trkpt>
      <trkpt lat="51.640640" lon="10.755190">
        <ele>563.003327</ele>
        <time>2026-04-08T14:49:52.000Z</time>
      </trkpt>
      <trkpt lat="51.640643" lon="10.755104">
        <ele>562.927373</ele>
        <time>2026-04-08T14:49:53.000Z</time>
      </trkpt>
      <trkpt lat="51.640650" lon="10.755021">
        <ele>562.853512</ele>
        <time>2026-04-08T14:49:54.000Z</time>
      </trkpt>
      <trkpt lat="51.640664" lon="10.754941">
        <ele>562.780218</ele>
        <time>2026-04-08T14:49:55.000Z</time>
      </trkpt>
      <trkpt lat="51.640676" lon="10.754860">
        <ele>562.706786</ele>
        <time>2026-04-08T14:49:56.000Z</time>
      </trkpt>
      <trkpt lat="51.640694" lon="10.754785">
        <ele>562.635878</ele>
        <time>2026-04-08T14:49:57.000Z</time>
      </trkpt>
      <trkpt lat="51.640713" lon="10.754712">
        <ele>562.566076</ele>
        <time>2026-04-08T14:49:58.000Z</time>
      </trkpt>
      <trkpt lat="51.640735" lon="10.754644">
        <ele>562.498455</ele>
        <time>2026-04-08T14:49:59.000Z</time>
      </trkpt>
      <trkpt lat="51.640759" lon="10.754574">
        <ele>562.427936</ele>
        <time>2026-04-08T14:50:00.000Z</time>
      </trkpt>
      <trkpt lat="51.640777" lon="10.754510">
        <ele>562.365977</ele>
        <time>2026-04-08T14:50:01.000Z</time>
      </trkpt>
      <trkpt lat="51.640800" lon="10.754440">
        <ele>562.296134</ele>
        <time>2026-04-08T14:50:02.000Z</time>
      </trkpt>
      <trkpt lat="51.640820" lon="10.754375">
        <ele>562.232159</ele>
        <time>2026-04-08T14:50:03.000Z</time>
      </trkpt>
      <trkpt lat="51.640842" lon="10.754308">
        <ele>562.165320</ele>
        <time>2026-04-08T14:50:04.000Z</time>
      </trkpt>
      <trkpt lat="51.640862" lon="10.754245">
        <ele>562.254650</ele>
        <time>2026-04-08T14:50:05.000Z</time>
      </trkpt>
      <trkpt lat="51.640885" lon="10.754181">
        <ele>562.381102</ele>
        <time>2026-04-08T14:50:06.000Z</time>
      </trkpt>
      <trkpt lat="51.640904" lon="10.754122">
        <ele>562.494755</ele>
        <time>2026-04-08T14:50:07.000Z</time>
      </trkpt>
      <trkpt lat="51.640923" lon="10.754054">
        <ele>562.622264</ele>
        <time>2026-04-08T14:50:08.000Z</time>
      </trkpt>
      <trkpt lat="51.640939" lon="10.753989">
        <ele>562.741826</ele>
        <time>2026-04-08T14:50:09.000Z</time>
      </trkpt>
      <trkpt lat="51.640954" lon="10.753918">
        <ele>562.870066</ele>
        <time>2026-04-08T14:50:10.000Z</time>
      </trkpt>
      <trkpt lat="51.640966" lon="10.753848">
        <ele>562.994236</ele>
        <time>2026-04-08T14:50:11.000Z</time>
      </trkpt>
      <trkpt lat="51.640975" lon="10.753771">
        <ele>563.128207</ele>
        <time>2026-04-08T14:50:12.000Z</time>
      </trkpt>
      <trkpt lat="51.640979" lon="10.753697">
        <ele>563.255212</ele>
        <time>2026-04-08T14:50:13.000Z</time>
      </trkpt>
      <trkpt lat="51.640980" lon="10.753619">
        <ele>563.388607</ele>
        <time>2026-04-08T14:50:14.000Z</time>
      </trkpt>
      <trkpt lat="51.640980" lon="10.753546">
        <ele>563.513424</ele>
        <time>2026-04-08T14:50:15.000Z</time>
      </trkpt>
      <trkpt lat="51.640980" lon="10.753473">
        <ele>563.638241</ele>
        <time>2026-04-08T14:50:16.000Z</time>
      </trkpt>
      <trkpt lat="51.640980" lon="10.753402">
        <ele>563.759638</ele>
        <time>2026-04-08T14:50:17.000Z</time>
      </trkpt>
      <trkpt lat="51.640977" lon="10.753328">
        <ele>563.886435</ele>
        <time>2026-04-08T14:50:18.000Z</time>
      </trkpt>
      <trkpt lat="51.640976" lon="10.753260">
        <ele>564.002735</ele>
        <time>2026-04-08T14:50:19.000Z</time>
      </trkpt>
      <trkpt lat="51.640976" lon="10.753184">
        <ele>564.132681</ele>
        <time>2026-04-08T14:50:20.000Z</time>
      </trkpt>
      <trkpt lat="51.640973" lon="10.753114">
        <ele>564.252654</ele>
        <time>2026-04-08T14:50:21.000Z</time>
      </trkpt>
      <trkpt lat="51.640969" lon="10.753041">
        <ele>564.377957</ele>
        <time>2026-04-08T14:50:22.000Z</time>
      </trkpt>
      <trkpt lat="51.640968" lon="10.752969">
        <ele>564.501095</ele>
        <time>2026-04-08T14:50:23.000Z</time>
      </trkpt>
      <trkpt lat="51.640968" lon="10.752895">
        <ele>564.627621</ele>
        <time>2026-04-08T14:50:24.000Z</time>
      </trkpt>
      <trkpt lat="51.640968" lon="10.752823">
        <ele>564.750728</ele>
        <time>2026-04-08T14:50:25.000Z</time>
      </trkpt>
      <trkpt lat="51.640965" lon="10.752746">
        <ele>564.882644</ele>
        <time>2026-04-08T14:50:26.000Z</time>
      </trkpt>
      <trkpt lat="51.640965" lon="10.752674">
        <ele>565.005751</ele>
        <time>2026-04-08T14:50:27.000Z</time>
      </trkpt>
      <trkpt lat="51.640961" lon="10.752602">
        <ele>565.129351</ele>
        <time>2026-04-08T14:50:28.000Z</time>
      </trkpt>
      <trkpt lat="51.640961" lon="10.752530">
        <ele>565.252458</ele>
        <time>2026-04-08T14:50:29.000Z</time>
      </trkpt>
      <trkpt lat="51.640961" lon="10.752459">
        <ele>565.373855</ele>
        <time>2026-04-08T14:50:30.000Z</time>
      </trkpt>
      <trkpt lat="51.640958" lon="10.752389">
        <ele>565.493828</ele>
        <time>2026-04-08T14:50:31.000Z</time>
      </trkpt>
      <trkpt lat="51.640954" lon="10.752318">
        <ele>565.615724</ele>
        <time>2026-04-08T14:50:32.000Z</time>
      </trkpt>
      <trkpt lat="51.640950" lon="10.752247">
        <ele>565.737621</ele>
        <time>2026-04-08T14:50:33.000Z</time>
      </trkpt>
      <trkpt lat="51.640946" lon="10.752175">
        <ele>565.861220</ele>
        <time>2026-04-08T14:50:34.000Z</time>
      </trkpt>
      <trkpt lat="51.640945" lon="10.752105">
        <ele>565.980940</ele>
        <time>2026-04-08T14:50:35.000Z</time>
      </trkpt>
      <trkpt lat="51.640945" lon="10.752031">
        <ele>566.107466</ele>
        <time>2026-04-08T14:50:36.000Z</time>
      </trkpt>
      <trkpt lat="51.640945" lon="10.751962">
        <ele>566.225444</ele>
        <time>2026-04-08T14:50:37.000Z</time>
      </trkpt>
      <trkpt lat="51.640942" lon="10.751890">
        <ele>566.348829</ele>
        <time>2026-04-08T14:50:38.000Z</time>
      </trkpt>
      <trkpt lat="51.640942" lon="10.751822">
        <ele>566.465097</ele>
        <time>2026-04-08T14:50:39.000Z</time>
      </trkpt>
      <trkpt lat="51.640942" lon="10.751752">
        <ele>566.584784</ele>
        <time>2026-04-08T14:50:40.000Z</time>
      </trkpt>
      <trkpt lat="51.640939" lon="10.751682">
        <ele>566.704757</ele>
        <time>2026-04-08T14:50:41.000Z</time>
      </trkpt>
      <trkpt lat="51.640935" lon="10.751609">
        <ele>566.830059</ele>
        <time>2026-04-08T14:50:42.000Z</time>
      </trkpt>
      <trkpt lat="51.640931" lon="10.751536">
        <ele>566.955362</ele>
        <time>2026-04-08T14:50:43.000Z</time>
      </trkpt>
      <trkpt lat="51.640927" lon="10.751460">
        <ele>567.085775</ele>
        <time>2026-04-08T14:50:44.000Z</time>
      </trkpt>
      <trkpt lat="51.640923" lon="10.751391">
        <ele>567.228662</ele>
        <time>2026-04-08T14:50:45.000Z</time>
      </trkpt>
      <trkpt lat="51.640916" lon="10.751317">
        <ele>567.389812</ele>
        <time>2026-04-08T14:50:46.000Z</time>
      </trkpt>
      <trkpt lat="51.640915" lon="10.751247">
        <ele>567.540550</ele>
        <time>2026-04-08T14:50:47.000Z</time>
      </trkpt>
      <trkpt lat="51.640912" lon="10.751175">
        <ele>567.695903</ele>
        <time>2026-04-08T14:50:48.000Z</time>
      </trkpt>
      <trkpt lat="51.640905" lon="10.751107">
        <ele>567.844295</ele>
        <time>2026-04-08T14:50:49.000Z</time>
      </trkpt>
      <trkpt lat="51.640900" lon="10.751032">
        <ele>568.006687</ele>
        <time>2026-04-08T14:50:50.000Z</time>
      </trkpt>
      <trkpt lat="51.640893" lon="10.750960">
        <ele>568.163581</ele>
        <time>2026-04-08T14:50:51.000Z</time>
      </trkpt>
      <trkpt lat="51.640886" lon="10.750888">
        <ele>568.320475</ele>
        <time>2026-04-08T14:50:52.000Z</time>
      </trkpt>
      <trkpt lat="51.640881" lon="10.750817">
        <ele>568.474307</ele>
        <time>2026-04-08T14:50:53.000Z</time>
      </trkpt>
      <trkpt lat="51.640874" lon="10.750744">
        <ele>568.633329</ele>
        <time>2026-04-08T14:50:54.000Z</time>
      </trkpt>
      <trkpt lat="51.640867" lon="10.750679">
        <ele>568.775354</ele>
        <time>2026-04-08T14:50:55.000Z</time>
      </trkpt>
      <trkpt lat="51.640856" lon="10.750609">
        <ele>568.930809</ele>
        <time>2026-04-08T14:50:56.000Z</time>
      </trkpt>
      <trkpt lat="51.640848" lon="10.750544">
        <ele>569.073468</ele>
        <time>2026-04-08T14:50:57.000Z</time>
      </trkpt>
      <trkpt lat="51.640840" lon="10.750478">
        <ele>569.218240</ele>
        <time>2026-04-08T14:50:58.000Z</time>
      </trkpt>
      <trkpt lat="51.640832" lon="10.750411">
        <ele>569.365126</ele>
        <time>2026-04-08T14:50:59.000Z</time>
      </trkpt>
      <trkpt lat="51.640825" lon="10.750343">
        <ele>569.513519</ele>
        <time>2026-04-08T14:51:00.000Z</time>
      </trkpt>
      <trkpt lat="51.640814" lon="10.750278">
        <ele>569.658562</ele>
        <time>2026-04-08T14:51:01.000Z</time>
      </trkpt>
      <trkpt lat="51.640805" lon="10.750210">
        <ele>569.808247</ele>
        <time>2026-04-08T14:51:02.000Z</time>
      </trkpt>
      <trkpt lat="51.640798" lon="10.750147">
        <ele>569.946033</ele>
        <time>2026-04-08T14:51:03.000Z</time>
      </trkpt>
      <trkpt lat="51.640787" lon="10.750084">
        <ele>570.086927</ele>
        <time>2026-04-08T14:51:04.000Z</time>
      </trkpt>
      <trkpt lat="51.640776" lon="10.750022">
        <ele>570.225750</ele>
        <time>2026-04-08T14:51:05.000Z</time>
      </trkpt>
      <trkpt lat="51.640767" lon="10.749954">
        <ele>570.375436</ele>
        <time>2026-04-08T14:51:06.000Z</time>
      </trkpt>
      <trkpt lat="51.640760" lon="10.749892">
        <ele>570.511102</ele>
        <time>2026-04-08T14:51:07.000Z</time>
      </trkpt>
      <trkpt lat="51.640755" lon="10.749823">
        <ele>570.660657</ele>
        <time>2026-04-08T14:51:08.000Z</time>
      </trkpt>
      <trkpt lat="51.640748" lon="10.749759">
        <ele>570.800562</ele>
        <time>2026-04-08T14:51:09.000Z</time>
      </trkpt>
      <trkpt lat="51.640741" lon="10.749692">
        <ele>570.946832</ele>
        <time>2026-04-08T14:51:10.000Z</time>
      </trkpt>
      <trkpt lat="51.640736" lon="10.749626">
        <ele>571.089974</ele>
        <time>2026-04-08T14:51:11.000Z</time>
      </trkpt>
      <trkpt lat="51.640732" lon="10.749557">
        <ele>571.239167</ele>
        <time>2026-04-08T14:51:12.000Z</time>
      </trkpt>
      <trkpt lat="51.640732" lon="10.749489">
        <ele>571.385560</ele>
        <time>2026-04-08T14:51:13.000Z</time>
      </trkpt>
      <trkpt lat="51.640732" lon="10.749414">
        <ele>571.547023</ele>
        <time>2026-04-08T14:51:14.000Z</time>
      </trkpt>
      <trkpt lat="51.640732" lon="10.749343">
        <ele>571.699874</ele>
        <time>2026-04-08T14:51:15.000Z</time>
      </trkpt>
      <trkpt lat="51.640735" lon="10.749270">
        <ele>571.857376</ele>
        <time>2026-04-08T14:51:16.000Z</time>
      </trkpt>
      <trkpt lat="51.640742" lon="10.749198">
        <ele>572.014271</ele>
        <time>2026-04-08T14:51:17.000Z</time>
      </trkpt>
      <trkpt lat="51.640743" lon="10.749127">
        <ele>572.167161</ele>
        <time>2026-04-08T14:51:18.000Z</time>
      </trkpt>
      <trkpt lat="51.640748" lon="10.749058">
        <ele>572.316716</ele>
        <time>2026-04-08T14:51:19.000Z</time>
      </trkpt>
      <trkpt lat="51.640754" lon="10.748989">
        <ele>572.466713</ele>
        <time>2026-04-08T14:51:20.000Z</time>
      </trkpt>
      <trkpt lat="51.640760" lon="10.748924">
        <ele>572.608187</ele>
        <time>2026-04-08T14:51:21.000Z</time>
      </trkpt>
      <trkpt lat="51.640765" lon="10.748859">
        <ele>572.749193</ele>
        <time>2026-04-08T14:51:22.000Z</time>
      </trkpt>
      <trkpt lat="51.640769" lon="10.748796">
        <ele>572.885529</ele>
        <time>2026-04-08T14:51:23.000Z</time>
      </trkpt>
      <trkpt lat="51.640770" lon="10.748731">
        <ele>573.025507</ele>
        <time>2026-04-08T14:51:24.000Z</time>
      </trkpt>
      <trkpt lat="51.640775" lon="10.748667">
        <ele>573.164376</ele>
        <time>2026-04-08T14:51:25.000Z</time>
      </trkpt>
      <trkpt lat="51.640780" lon="10.748602">
        <ele>573.305381</ele>
        <time>2026-04-08T14:51:26.000Z</time>
      </trkpt>
      <trkpt lat="51.640784" lon="10.748540">
        <ele>573.483252</ele>
        <time>2026-04-08T14:51:27.000Z</time>
      </trkpt>
      <trkpt lat="51.640788" lon="10.748479">
        <ele>573.679429</ele>
        <time>2026-04-08T14:51:28.000Z</time>
      </trkpt>
      <trkpt lat="51.640794" lon="10.748416">
        <ele>573.883276</ele>
        <time>2026-04-08T14:51:29.000Z</time>
      </trkpt>
      <trkpt lat="51.640799" lon="10.748353">
        <ele>574.086404</ele>
        <time>2026-04-08T14:51:30.000Z</time>
      </trkpt>
      <trkpt lat="51.640803" lon="10.748296">
        <ele>574.269864</ele>
        <time>2026-04-08T14:51:31.000Z</time>
      </trkpt>
      <trkpt lat="51.640807" lon="10.748234">
        <ele>574.469222</ele>
        <time>2026-04-08T14:51:32.000Z</time>
      </trkpt>
      <trkpt lat="51.640811" lon="10.748170">
        <ele>574.674943</ele>
        <time>2026-04-08T14:51:33.000Z</time>
      </trkpt>
      <trkpt lat="51.640815" lon="10.748107">
        <ele>574.877482</ele>
        <time>2026-04-08T14:51:34.000Z</time>
      </trkpt>
      <trkpt lat="51.640822" lon="10.748047">
        <ele>575.072736</ele>
        <time>2026-04-08T14:51:35.000Z</time>
      </trkpt>
      <trkpt lat="51.640823" lon="10.747988">
        <ele>575.261501</ele>
        <time>2026-04-08T14:51:36.000Z</time>
      </trkpt>
      <trkpt lat="51.640827" lon="10.747929">
        <ele>575.451318</ele>
        <time>2026-04-08T14:51:37.000Z</time>
      </trkpt>
      <trkpt lat="51.640830" lon="10.747870">
        <ele>575.640645</ele>
        <time>2026-04-08T14:51:38.000Z</time>
      </trkpt>
      <trkpt lat="51.640834" lon="10.747816">
        <ele>575.814574</ele>
        <time>2026-04-08T14:51:39.000Z</time>
      </trkpt>
      <trkpt lat="51.640835" lon="10.747763">
        <ele>575.984158</ele>
        <time>2026-04-08T14:51:40.000Z</time>
      </trkpt>
      <trkpt lat="51.640835" lon="10.747709">
        <ele>576.156861</ele>
        <time>2026-04-08T14:51:41.000Z</time>
      </trkpt>
      <trkpt lat="51.640838" lon="10.747651">
        <ele>576.343001</ele>
        <time>2026-04-08T14:51:42.000Z</time>
      </trkpt>
      <trkpt lat="51.640841" lon="10.747599">
        <ele>576.510025</ele>
        <time>2026-04-08T14:51:43.000Z</time>
      </trkpt>
      <trkpt lat="51.640846" lon="10.747538">
        <ele>576.706810</ele>
        <time>2026-04-08T14:51:44.000Z</time>
      </trkpt>
      <trkpt lat="51.640849" lon="10.747481">
        <ele>576.889762</ele>
        <time>2026-04-08T14:51:45.000Z</time>
      </trkpt>
      <trkpt lat="51.640853" lon="10.747425">
        <ele>577.070045</ele>
        <time>2026-04-08T14:51:46.000Z</time>
      </trkpt>
      <trkpt lat="51.640854" lon="10.747367">
        <ele>577.255612</ele>
        <time>2026-04-08T14:51:47.000Z</time>
      </trkpt>
      <trkpt lat="51.640860" lon="10.747312">
        <ele>577.434211</ele>
        <time>2026-04-08T14:51:48.000Z</time>
      </trkpt>
      <trkpt lat="51.640862" lon="10.747257">
        <ele>577.610414</ele>
        <time>2026-04-08T14:51:49.000Z</time>
      </trkpt>
      <trkpt lat="51.640866" lon="10.747200">
        <ele>577.793874</ele>
        <time>2026-04-08T14:51:50.000Z</time>
      </trkpt>
      <trkpt lat="51.640872" lon="10.747142">
        <ele>577.981929</ele>
        <time>2026-04-08T14:51:51.000Z</time>
      </trkpt>
      <trkpt lat="51.640873" lon="10.747088">
        <ele>578.154710</ele>
        <time>2026-04-08T14:51:52.000Z</time>
      </trkpt>
      <trkpt lat="51.640876" lon="10.747038">
        <ele>578.315366</ele>
        <time>2026-04-08T14:51:53.000Z</time>
      </trkpt>
      <trkpt lat="51.640877" lon="10.746987">
        <ele>578.478556</ele>
        <time>2026-04-08T14:51:54.000Z</time>
      </trkpt>
      <trkpt lat="51.640877" lon="10.746942">
        <ele>578.622475</ele>
        <time>2026-04-08T14:51:55.000Z</time>
      </trkpt>
      <trkpt lat="51.640880" lon="10.746889">
        <ele>578.792684</ele>
        <time>2026-04-08T14:51:56.000Z</time>
      </trkpt>
      <trkpt lat="51.640884" lon="10.746837">
        <ele>578.960263</ele>
        <time>2026-04-08T14:51:57.000Z</time>
      </trkpt>
      <trkpt lat="51.640888" lon="10.746784">
        <ele>579.131017</ele>
        <time>2026-04-08T14:51:58.000Z</time>
      </trkpt>
      <trkpt lat="51.640894" lon="10.746731">
        <ele>579.303319</ele>
        <time>2026-04-08T14:51:59.000Z</time>
      </trkpt>
      <trkpt lat="51.640902" lon="10.746676">
        <ele>579.483988</ele>
        <time>2026-04-08T14:52:00.000Z</time>
      </trkpt>
      <trkpt lat="51.640906" lon="10.746624">
        <ele>579.651567</ele>
        <time>2026-04-08T14:52:01.000Z</time>
      </trkpt>
      <trkpt lat="51.640913" lon="10.746564">
        <ele>579.846821</ele>
        <time>2026-04-08T14:52:02.000Z</time>
      </trkpt>
      <trkpt lat="51.640915" lon="10.746505">
        <ele>580.035796</ele>
        <time>2026-04-08T14:52:03.000Z</time>
      </trkpt>
      <trkpt lat="51.640918" lon="10.746451">
        <ele>580.209190</ele>
        <time>2026-04-08T14:52:04.000Z</time>
      </trkpt>
      <trkpt lat="51.640925" lon="10.746398">
        <ele>580.382491</ele>
        <time>2026-04-08T14:52:05.000Z</time>
      </trkpt>
      <trkpt lat="51.640930" lon="10.746342">
        <ele>580.563435</ele>
        <time>2026-04-08T14:52:06.000Z</time>
      </trkpt>
      <trkpt lat="51.640933" lon="10.746290">
        <ele>580.730458</ele>
        <time>2026-04-08T14:52:07.000Z</time>
      </trkpt>
      <trkpt lat="51.640940" lon="10.746234">
        <ele>580.913155</ele>
        <time>2026-04-08T14:52:08.000Z</time>
      </trkpt>
      <trkpt lat="51.640945" lon="10.746182">
        <ele>581.081446</ele>
        <time>2026-04-08T14:52:09.000Z</time>
      </trkpt>
      <trkpt lat="51.640952" lon="10.746130">
        <ele>581.251620</ele>
        <time>2026-04-08T14:52:10.000Z</time>
      </trkpt>
      <trkpt lat="51.640959" lon="10.746078">
        <ele>581.421794</ele>
        <time>2026-04-08T14:52:11.000Z</time>
      </trkpt>
      <trkpt lat="51.640964" lon="10.746023">
        <ele>581.599572</ele>
        <time>2026-04-08T14:52:12.000Z</time>
      </trkpt>
      <trkpt lat="51.640968" lon="10.745973">
        <ele>581.760806</ele>
        <time>2026-04-08T14:52:13.000Z</time>
      </trkpt>
      <trkpt lat="51.640975" lon="10.745918">
        <ele>581.940368</ele>
        <time>2026-04-08T14:52:14.000Z</time>
      </trkpt>
      <trkpt lat="51.640979" lon="10.745864">
        <ele>582.114297</ele>
        <time>2026-04-08T14:52:15.000Z</time>
      </trkpt>
      <trkpt lat="51.640986" lon="10.745813">
        <ele>582.281347</ele>
        <time>2026-04-08T14:52:16.000Z</time>
      </trkpt>
      <trkpt lat="51.640994" lon="10.745759">
        <ele>582.458902</ele>
        <time>2026-04-08T14:52:17.000Z</time>
      </trkpt>
      <trkpt lat="51.641001" lon="10.745708">
        <ele>582.620911</ele>
        <time>2026-04-08T14:52:18.000Z</time>
      </trkpt>
      <trkpt lat="51.641009" lon="10.745659">
        <ele>582.666239</ele>
        <time>2026-04-08T14:52:19.000Z</time>
      </trkpt>
      <trkpt lat="51.641017" lon="10.745607">
        <ele>582.714167</ele>
        <time>2026-04-08T14:52:20.000Z</time>
      </trkpt>
      <trkpt lat="51.641021" lon="10.745561">
        <ele>582.755721</ele>
        <time>2026-04-08T14:52:21.000Z</time>
      </trkpt>
      <trkpt lat="51.641031" lon="10.745512">
        <ele>582.801867</ele>
        <time>2026-04-08T14:52:22.000Z</time>
      </trkpt>
      <trkpt lat="51.641036" lon="10.745461">
        <ele>582.848058</ele>
        <time>2026-04-08T14:52:23.000Z</time>
      </trkpt>
      <trkpt lat="51.641047" lon="10.745409">
        <ele>582.897207</ele>
        <time>2026-04-08T14:52:24.000Z</time>
      </trkpt>
      <trkpt lat="51.641054" lon="10.745359">
        <ele>582.943062</ele>
        <time>2026-04-08T14:52:25.000Z</time>
      </trkpt>
      <trkpt lat="51.641062" lon="10.745302">
        <ele>582.995343</ele>
        <time>2026-04-08T14:52:26.000Z</time>
      </trkpt>
      <trkpt lat="51.641073" lon="10.745246">
        <ele>583.047891</ele>
        <time>2026-04-08T14:52:27.000Z</time>
      </trkpt>
      <trkpt lat="51.641084" lon="10.745192">
        <ele>583.098736</ele>
        <time>2026-04-08T14:52:28.000Z</time>
      </trkpt>
      <trkpt lat="51.641096" lon="10.745138">
        <ele>583.150049</ele>
        <time>2026-04-08T14:52:29.000Z</time>
      </trkpt>
      <trkpt lat="51.641107" lon="10.745087">
        <ele>583.198351</ele>
        <time>2026-04-08T14:52:30.000Z</time>
      </trkpt>
      <trkpt lat="51.641121" lon="10.745035">
        <ele>583.249061</ele>
        <time>2026-04-08T14:52:31.000Z</time>
      </trkpt>
      <trkpt lat="51.641134" lon="10.744978">
        <ele>583.303388</ele>
        <time>2026-04-08T14:52:32.000Z</time>
      </trkpt>
      <trkpt lat="51.641149" lon="10.744920">
        <ele>583.359601</ele>
        <time>2026-04-08T14:52:33.000Z</time>
      </trkpt>
      <trkpt lat="51.641161" lon="10.744861">
        <ele>583.415146</ele>
        <time>2026-04-08T14:52:34.000Z</time>
      </trkpt>
      <trkpt lat="51.641176" lon="10.744797">
        <ele>583.476348</ele>
        <time>2026-04-08T14:52:35.000Z</time>
      </trkpt>
      <trkpt lat="51.641191" lon="10.744731">
        <ele>583.539228</ele>
        <time>2026-04-08T14:52:36.000Z</time>
      </trkpt>
      <trkpt lat="51.641206" lon="10.744664">
        <ele>583.602948</ele>
        <time>2026-04-08T14:52:37.000Z</time>
      </trkpt>
      <trkpt lat="51.641225" lon="10.744592">
        <ele>583.672942</ele>
        <time>2026-04-08T14:52:38.000Z</time>
      </trkpt>
      <trkpt lat="51.641244" lon="10.744522">
        <ele>583.741293</ele>
        <time>2026-04-08T14:52:39.000Z</time>
      </trkpt>
      <trkpt lat="51.641256" lon="10.744451">
        <ele>583.807124</ele>
        <time>2026-04-08T14:52:40.000Z</time>
      </trkpt>
      <trkpt lat="51.641267" lon="10.744380">
        <ele>583.872591</ele>
        <time>2026-04-08T14:52:41.000Z</time>
      </trkpt>
      <trkpt lat="51.641282" lon="10.744304">
        <ele>583.943937</ele>
        <time>2026-04-08T14:52:42.000Z</time>
      </trkpt>
      <trkpt lat="51.641294" lon="10.744233">
        <ele>584.009768</ele>
        <time>2026-04-08T14:52:43.000Z</time>
      </trkpt>
      <trkpt lat="51.641309" lon="10.744154">
        <ele>584.083676</ele>
        <time>2026-04-08T14:52:44.000Z</time>
      </trkpt>
      <trkpt lat="51.641324" lon="10.744082">
        <ele>584.151621</ele>
        <time>2026-04-08T14:52:45.000Z</time>
      </trkpt>
      <trkpt lat="51.641336" lon="10.744006">
        <ele>584.221777</ele>
        <time>2026-04-08T14:52:46.000Z</time>
      </trkpt>
      <trkpt lat="51.641351" lon="10.743929">
        <ele>584.293976</ele>
        <time>2026-04-08T14:52:47.000Z</time>
      </trkpt>
      <trkpt lat="51.641363" lon="10.743854">
        <ele>584.363266</ele>
        <time>2026-04-08T14:52:48.000Z</time>
      </trkpt>
      <trkpt lat="51.641374" lon="10.743777">
        <ele>584.433953</ele>
        <time>2026-04-08T14:52:49.000Z</time>
      </trkpt>
      <trkpt lat="51.641389" lon="10.743697">
        <ele>584.508717</ele>
        <time>2026-04-08T14:52:50.000Z</time>
      </trkpt>
      <trkpt lat="51.641401" lon="10.743619">
        <ele>584.580609</ele>
        <time>2026-04-08T14:52:51.000Z</time>
      </trkpt>
      <trkpt lat="51.641416" lon="10.743539">
        <ele>584.655373</ele>
        <time>2026-04-08T14:52:52.000Z</time>
      </trkpt>
      <trkpt lat="51.641428" lon="10.743454">
        <ele>584.733357</ele>
        <time>2026-04-08T14:52:53.000Z</time>
      </trkpt>
      <trkpt lat="51.641439" lon="10.743369">
        <ele>584.811035</ele>
        <time>2026-04-08T14:52:54.000Z</time>
      </trkpt>
      <trkpt lat="51.641450" lon="10.743285">
        <ele>584.887837</ele>
        <time>2026-04-08T14:52:55.000Z</time>
      </trkpt>
      <trkpt lat="51.641465" lon="10.743190">
        <ele>584.975532</ele>
        <time>2026-04-08T14:52:56.000Z</time>
      </trkpt>
      <trkpt lat="51.641481" lon="10.743096">
        <ele>585.062731</ele>
        <time>2026-04-08T14:52:57.000Z</time>
      </trkpt>
      <trkpt lat="51.641493" lon="10.743000">
        <ele>585.150338</ele>
        <time>2026-04-08T14:52:58.000Z</time>
      </trkpt>
      <trkpt lat="51.641507" lon="10.742902">
        <ele>585.179993</ele>
        <time>2026-04-08T14:52:59.000Z</time>
      </trkpt>
      <trkpt lat="51.641523" lon="10.742801">
        <ele>585.075813</ele>
        <time>2026-04-08T14:53:00.000Z</time>
      </trkpt>
      <trkpt lat="51.641537" lon="10.742705">
        <ele>584.977253</ele>
        <time>2026-04-08T14:53:01.000Z</time>
      </trkpt>
      <trkpt lat="51.641550" lon="10.742598">
        <ele>584.868283</ele>
        <time>2026-04-08T14:53:02.000Z</time>
      </trkpt>
      <trkpt lat="51.641567" lon="10.742498">
        <ele>584.764656</ele>
        <time>2026-04-08T14:53:03.000Z</time>
      </trkpt>
      <trkpt lat="51.641586" lon="10.742395">
        <ele>584.657263</ele>
        <time>2026-04-08T14:53:04.000Z</time>
      </trkpt>
      <trkpt lat="51.641603" lon="10.742291">
        <ele>584.549776</ele>
        <time>2026-04-08T14:53:05.000Z</time>
      </trkpt>
      <trkpt lat="51.641622" lon="10.742187">
        <ele>584.441424</ele>
        <time>2026-04-08T14:53:06.000Z</time>
      </trkpt>
      <trkpt lat="51.641640" lon="10.742090">
        <ele>584.340237</ele>
        <time>2026-04-08T14:53:07.000Z</time>
      </trkpt>
      <trkpt lat="51.641656" lon="10.741989">
        <ele>584.236057</ele>
        <time>2026-04-08T14:53:08.000Z</time>
      </trkpt>
      <trkpt lat="51.641677" lon="10.741895">
        <ele>584.136208</ele>
        <time>2026-04-08T14:53:09.000Z</time>
      </trkpt>
      <trkpt lat="51.641700" lon="10.741799">
        <ele>584.033360</ele>
        <time>2026-04-08T14:53:10.000Z</time>
      </trkpt>
      <trkpt lat="51.641725" lon="10.741706">
        <ele>583.932067</ele>
        <time>2026-04-08T14:53:11.000Z</time>
      </trkpt>
      <trkpt lat="51.641755" lon="10.741612">
        <ele>583.826424</ele>
        <time>2026-04-08T14:53:12.000Z</time>
      </trkpt>
      <trkpt lat="51.641786" lon="10.741527">
        <ele>583.727888</ele>
        <time>2026-04-08T14:53:13.000Z</time>
      </trkpt>
      <trkpt lat="51.641820" lon="10.741440">
        <ele>583.625132</ele>
        <time>2026-04-08T14:53:14.000Z</time>
      </trkpt>
      <trkpt lat="51.641852" lon="10.741357">
        <ele>583.527474</ele>
        <time>2026-04-08T14:53:15.000Z</time>
      </trkpt>
      <trkpt lat="51.641878" lon="10.741272">
        <ele>583.432763</ele>
        <time>2026-04-08T14:53:16.000Z</time>
      </trkpt>
      <trkpt lat="51.641905" lon="10.741184">
        <ele>583.334651</ele>
        <time>2026-04-08T14:53:17.000Z</time>
      </trkpt>
      <trkpt lat="51.641929" lon="10.741089">
        <ele>583.232139</ele>
        <time>2026-04-08T14:53:18.000Z</time>
      </trkpt>
      <trkpt lat="51.641943" lon="10.740994">
        <ele>583.134553</ele>
        <time>2026-04-08T14:53:19.000Z</time>
      </trkpt>
      <trkpt lat="51.641958" lon="10.740888">
        <ele>583.025894</ele>
        <time>2026-04-08T14:53:20.000Z</time>
      </trkpt>
      <trkpt lat="51.641963" lon="10.740787">
        <ele>582.924631</ele>
        <time>2026-04-08T14:53:21.000Z</time>
      </trkpt>
      <trkpt lat="51.641967" lon="10.740678">
        <ele>582.815503</ele>
        <time>2026-04-08T14:53:22.000Z</time>
      </trkpt>
      <trkpt lat="51.641968" lon="10.740569">
        <ele>582.706553</ele>
        <time>2026-04-08T14:53:23.000Z</time>
      </trkpt>
      <trkpt lat="51.641965" lon="10.740455">
        <ele>582.592516</ele>
        <time>2026-04-08T14:53:24.000Z</time>
      </trkpt>
      <trkpt lat="51.641964" lon="10.740342">
        <ele>582.479568</ele>
        <time>2026-04-08T14:53:25.000Z</time>
      </trkpt>
      <trkpt lat="51.641964" lon="10.740221">
        <ele>582.358637</ele>
        <time>2026-04-08T14:53:26.000Z</time>
      </trkpt>
      <trkpt lat="51.641970" lon="10.740099">
        <ele>582.217589</ele>
        <time>2026-04-08T14:53:27.000Z</time>
      </trkpt>
      <trkpt lat="51.641984" lon="10.739986">
        <ele>582.075039</ele>
        <time>2026-04-08T14:53:28.000Z</time>
      </trkpt>
      <trkpt lat="51.642005" lon="10.739873">
        <ele>581.929114</ele>
        <time>2026-04-08T14:53:29.000Z</time>
      </trkpt>
      <trkpt lat="51.642032" lon="10.739764">
        <ele>581.783926</ele>
        <time>2026-04-08T14:53:30.000Z</time>
      </trkpt>
      <trkpt lat="51.642058" lon="10.739668">
        <ele>581.654349</ele>
        <time>2026-04-08T14:53:31.000Z</time>
      </trkpt>
      <trkpt lat="51.642088" lon="10.739564">
        <ele>581.512471</ele>
        <time>2026-04-08T14:53:32.000Z</time>
      </trkpt>
      <trkpt lat="51.642122" lon="10.739465">
        <ele>581.372496</ele>
        <time>2026-04-08T14:53:33.000Z</time>
      </trkpt>
      <trkpt lat="51.642153" lon="10.739367">
        <ele>581.236420</ele>
        <time>2026-04-08T14:53:34.000Z</time>
      </trkpt>
      <trkpt lat="51.642184" lon="10.739268">
        <ele>581.099241</ele>
        <time>2026-04-08T14:53:35.000Z</time>
      </trkpt>
      <trkpt lat="51.642211" lon="10.739164">
        <ele>580.959779</ele>
        <time>2026-04-08T14:53:36.000Z</time>
      </trkpt>
      <trkpt lat="51.642234" lon="10.739062">
        <ele>580.825525</ele>
        <time>2026-04-08T14:53:37.000Z</time>
      </trkpt>
      <trkpt lat="51.642258" lon="10.738956">
        <ele>580.685939</ele>
        <time>2026-04-08T14:53:38.000Z</time>
      </trkpt>
      <trkpt lat="51.642277" lon="10.738850">
        <ele>580.549447</ele>
        <time>2026-04-08T14:53:39.000Z</time>
      </trkpt>
      <trkpt lat="51.642296" lon="10.738750">
        <ele>580.420071</ele>
        <time>2026-04-08T14:53:40.000Z</time>
      </trkpt>
      <trkpt lat="51.642312" lon="10.738649">
        <ele>580.291119</ele>
        <time>2026-04-08T14:53:41.000Z</time>
      </trkpt>
      <trkpt lat="51.642328" lon="10.738538">
        <ele>580.150147</ele>
        <time>2026-04-08T14:53:42.000Z</time>
      </trkpt>
      <trkpt lat="51.642343" lon="10.738434">
        <ele>580.018062</ele>
        <time>2026-04-08T14:53:43.000Z</time>
      </trkpt>
      <trkpt lat="51.642361" lon="10.738329">
        <ele>579.883303</ele>
        <time>2026-04-08T14:53:44.000Z</time>
      </trkpt>
      <trkpt lat="51.642377" lon="10.738224">
        <ele>579.749551</ele>
        <time>2026-04-08T14:53:45.000Z</time>
      </trkpt>
      <trkpt lat="51.642395" lon="10.738121">
        <ele>579.617176</ele>
        <time>2026-04-08T14:53:46.000Z</time>
      </trkpt>
      <trkpt lat="51.642418" lon="10.738020">
        <ele>579.484084</ele>
        <time>2026-04-08T14:53:47.000Z</time>
      </trkpt>
      <trkpt lat="51.642450" lon="10.737922">
        <ele>579.347092</ele>
        <time>2026-04-08T14:53:48.000Z</time>
      </trkpt>
      <trkpt lat="51.642487" lon="10.737832">
        <ele>579.213540</ele>
        <time>2026-04-08T14:53:49.000Z</time>
      </trkpt>
      <trkpt lat="51.642536" lon="10.737744">
        <ele>579.067279</ele>
        <time>2026-04-08T14:53:50.000Z</time>
      </trkpt>
      <trkpt lat="51.642584" lon="10.737664">
        <ele>578.929619</ele>
        <time>2026-04-08T14:53:51.000Z</time>
      </trkpt>
      <trkpt lat="51.642640" lon="10.737585">
        <ele>578.781251</ele>
        <time>2026-04-08T14:53:52.000Z</time>
      </trkpt>
      <trkpt lat="51.642697" lon="10.737504">
        <ele>578.355625</ele>
        <time>2026-04-08T14:53:53.000Z</time>
      </trkpt>
      <trkpt lat="51.642752" lon="10.737417">
        <ele>577.780116</ele>
        <time>2026-04-08T14:53:54.000Z</time>
      </trkpt>
      <trkpt lat="51.642806" lon="10.737335">
        <ele>577.226052</ele>
        <time>2026-04-08T14:53:55.000Z</time>
      </trkpt>
      <trkpt lat="51.642862" lon="10.737244">
        <ele>576.632176</ele>
        <time>2026-04-08T14:53:56.000Z</time>
      </trkpt>
      <trkpt lat="51.642913" lon="10.737148">
        <ele>576.046571</ele>
        <time>2026-04-08T14:53:57.000Z</time>
      </trkpt>
      <trkpt lat="51.642962" lon="10.737053">
        <ele>575.474138</ele>
        <time>2026-04-08T14:53:58.000Z</time>
      </trkpt>
      <trkpt lat="51.643009" lon="10.736953">
        <ele>574.892839</ele>
        <time>2026-04-08T14:53:59.000Z</time>
      </trkpt>
      <trkpt lat="51.643051" lon="10.736852">
        <ele>574.329446</ele>
        <time>2026-04-08T14:54:00.000Z</time>
      </trkpt>
      <trkpt lat="51.643089" lon="10.736748">
        <ele>573.770185</ele>
        <time>2026-04-08T14:54:01.000Z</time>
      </trkpt>
      <trkpt lat="51.643122" lon="10.736628">
        <ele>573.161960</ele>
        <time>2026-04-08T14:54:02.000Z</time>
      </trkpt>
      <trkpt lat="51.643149" lon="10.736507">
        <ele>572.566109</ele>
        <time>2026-04-08T14:54:03.000Z</time>
      </trkpt>
      <trkpt lat="51.643173" lon="10.736377">
        <ele>571.937607</ele>
        <time>2026-04-08T14:54:04.000Z</time>
      </trkpt>
      <trkpt lat="51.643193" lon="10.736241">
        <ele>571.289942</ele>
        <time>2026-04-08T14:54:05.000Z</time>
      </trkpt>
      <trkpt lat="51.643212" lon="10.736101">
        <ele>570.625862</ele>
        <time>2026-04-08T14:54:06.000Z</time>
      </trkpt>
      <trkpt lat="51.643225" lon="10.735966">
        <ele>569.992798</ele>
        <time>2026-04-08T14:54:07.000Z</time>
      </trkpt>
      <trkpt lat="51.643239" lon="10.735830">
        <ele>569.353975</ele>
        <time>2026-04-08T14:54:08.000Z</time>
      </trkpt>
      <trkpt lat="51.643255" lon="10.735697">
        <ele>568.726192</ele>
        <time>2026-04-08T14:54:09.000Z</time>
      </trkpt>
      <trkpt lat="51.643270" lon="10.735562">
        <ele>568.090667</ele>
        <time>2026-04-08T14:54:10.000Z</time>
      </trkpt>
      <trkpt lat="51.643285" lon="10.735433">
        <ele>567.482490</ele>
        <time>2026-04-08T14:54:11.000Z</time>
      </trkpt>
      <trkpt lat="51.643304" lon="10.735289">
        <ele>566.800292</ele>
        <time>2026-04-08T14:54:12.000Z</time>
      </trkpt>
      <trkpt lat="51.643322" lon="10.735152">
        <ele>566.151376</ele>
        <time>2026-04-08T14:54:13.000Z</time>
      </trkpt>
      <trkpt lat="51.643345" lon="10.734996">
        <ele>565.408366</ele>
        <time>2026-04-08T14:54:14.000Z</time>
      </trkpt>
      <trkpt lat="51.643374" lon="10.734844">
        <ele>564.806652</ele>
        <time>2026-04-08T14:54:15.000Z</time>
      </trkpt>
      <trkpt lat="51.643407" lon="10.734697">
        <ele>564.238431</ele>
        <time>2026-04-08T14:54:16.000Z</time>
      </trkpt>
      <trkpt lat="51.643445" lon="10.734544">
        <ele>563.639400</ele>
        <time>2026-04-08T14:54:17.000Z</time>
      </trkpt>
      <trkpt lat="51.643484" lon="10.734387">
        <ele>563.024694</ele>
        <time>2026-04-08T14:54:18.000Z</time>
      </trkpt>
      <trkpt lat="51.643521" lon="10.734236">
        <ele>562.434583</ele>
        <time>2026-04-08T14:54:19.000Z</time>
      </trkpt>
      <trkpt lat="51.643560" lon="10.734075">
        <ele>561.806357</ele>
        <time>2026-04-08T14:54:20.000Z</time>
      </trkpt>
      <trkpt lat="51.643601" lon="10.733920">
        <ele>561.193898</ele>
        <time>2026-04-08T14:54:21.000Z</time>
      </trkpt>
      <trkpt lat="51.643643" lon="10.733763">
        <ele>560.572449</ele>
        <time>2026-04-08T14:54:22.000Z</time>
      </trkpt>
      <trkpt lat="51.643682" lon="10.733604">
        <ele>559.950991</ele>
        <time>2026-04-08T14:54:23.000Z</time>
      </trkpt>
      <trkpt lat="51.643724" lon="10.733443">
        <ele>559.316165</ele>
        <time>2026-04-08T14:54:24.000Z</time>
      </trkpt>
      <trkpt lat="51.643761" lon="10.733290">
        <ele>558.719290</ele>
        <time>2026-04-08T14:54:25.000Z</time>
      </trkpt>
      <trkpt lat="51.643796" lon="10.733132">
        <ele>558.109483</ele>
        <time>2026-04-08T14:54:26.000Z</time>
      </trkpt>
      <trkpt lat="51.643834" lon="10.732978">
        <ele>557.507080</ele>
        <time>2026-04-08T14:54:27.000Z</time>
      </trkpt>
      <trkpt lat="51.643875" lon="10.732835">
        <ele>556.934493</ele>
        <time>2026-04-08T14:54:28.000Z</time>
      </trkpt>
      <trkpt lat="51.643917" lon="10.732694">
        <ele>556.365988</ele>
        <time>2026-04-08T14:54:29.000Z</time>
      </trkpt>
      <trkpt lat="51.643959" lon="10.732557">
        <ele>555.810556</ele>
        <time>2026-04-08T14:54:30.000Z</time>
      </trkpt>
      <trkpt lat="51.644002" lon="10.732428">
        <ele>555.278291</ele>
        <time>2026-04-08T14:54:31.000Z</time>
      </trkpt>
      <trkpt lat="51.644047" lon="10.732288">
        <ele>554.721873</ele>
        <time>2026-04-08T14:54:32.000Z</time>
      </trkpt>
      <trkpt lat="51.644093" lon="10.732154">
        <ele>554.326116</ele>
        <time>2026-04-08T14:54:33.000Z</time>
      </trkpt>
      <trkpt lat="51.644139" lon="10.732023">
        <ele>553.937126</ele>
        <time>2026-04-08T14:54:34.000Z</time>
      </trkpt>
      <trkpt lat="51.644181" lon="10.731892">
        <ele>553.556065</ele>
        <time>2026-04-08T14:54:35.000Z</time>
      </trkpt>
      <trkpt lat="51.644219" lon="10.731764">
        <ele>553.189366</ele>
        <time>2026-04-08T14:54:36.000Z</time>
      </trkpt>
      <trkpt lat="51.644254" lon="10.731637">
        <ele>552.830246</ele>
        <time>2026-04-08T14:54:37.000Z</time>
      </trkpt>
      <trkpt lat="51.644279" lon="10.731512">
        <ele>552.490844</ele>
        <time>2026-04-08T14:54:38.000Z</time>
      </trkpt>
      <trkpt lat="51.644290" lon="10.731393">
        <ele>552.179917</ele>
        <time>2026-04-08T14:54:39.000Z</time>
      </trkpt>
      <trkpt lat="51.644282" lon="10.731276">
        <ele>551.875723</ele>
        <time>2026-04-08T14:54:40.000Z</time>
      </trkpt>
      <trkpt lat="51.644264" lon="10.731158">
        <ele>551.561695</ele>
        <time>2026-04-08T14:54:41.000Z</time>
      </trkpt>
      <trkpt lat="51.644242" lon="10.731046">
        <ele>551.258097</ele>
        <time>2026-04-08T14:54:42.000Z</time>
      </trkpt>
      <trkpt lat="51.644216" lon="10.730935">
        <ele>550.951483</ele>
        <time>2026-04-08T14:54:43.000Z</time>
      </trkpt>
      <trkpt lat="51.644188" lon="10.730823">
        <ele>550.639433</ele>
        <time>2026-04-08T14:54:44.000Z</time>
      </trkpt>
      <trkpt lat="51.644162" lon="10.730711">
        <ele>550.330399</ele>
        <time>2026-04-08T14:54:45.000Z</time>
      </trkpt>
      <trkpt lat="51.644139" lon="10.730591">
        <ele>550.005825</ele>
        <time>2026-04-08T14:54:46.000Z</time>
      </trkpt>
      <trkpt lat="51.644119" lon="10.730469">
        <ele>549.679721</ele>
        <time>2026-04-08T14:54:47.000Z</time>
      </trkpt>
      <trkpt lat="51.644103" lon="10.730346">
        <ele>549.354941</ele>
        <time>2026-04-08T14:54:48.000Z</time>
      </trkpt>
      <trkpt lat="51.644094" lon="10.730219">
        <ele>549.024598</ele>
        <time>2026-04-08T14:54:49.000Z</time>
      </trkpt>
      <trkpt lat="51.644086" lon="10.730092">
        <ele>548.694703</ele>
        <time>2026-04-08T14:54:50.000Z</time>
      </trkpt>
      <trkpt lat="51.644079" lon="10.729965">
        <ele>548.365202</ele>
        <time>2026-04-08T14:54:51.000Z</time>
      </trkpt>
      <trkpt lat="51.644074" lon="10.729833">
        <ele>548.023436</ele>
        <time>2026-04-08T14:54:52.000Z</time>
      </trkpt>
      <trkpt lat="51.644073" lon="10.729708">
        <ele>547.700369</ele>
        <time>2026-04-08T14:54:53.000Z</time>
      </trkpt>
      <trkpt lat="51.644070" lon="10.729586">
        <ele>547.384834</ele>
        <time>2026-04-08T14:54:54.000Z</time>
      </trkpt>
      <trkpt lat="51.644070" lon="10.729465">
        <ele>547.137955</ele>
        <time>2026-04-08T14:54:55.000Z</time>
      </trkpt>
      <trkpt lat="51.644073" lon="10.729337">
        <ele>546.915802</ele>
        <time>2026-04-08T14:54:56.000Z</time>
      </trkpt>
      <trkpt lat="51.644083" lon="10.729212">
        <ele>546.697216</ele>
        <time>2026-04-08T14:54:57.000Z</time>
      </trkpt>
      <trkpt lat="51.644094" lon="10.729092">
        <ele>546.486838</ele>
        <time>2026-04-08T14:54:58.000Z</time>
      </trkpt>
      <trkpt lat="51.644109" lon="10.728976">
        <ele>546.281335</ele>
        <time>2026-04-08T14:54:59.000Z</time>
      </trkpt>
      <trkpt lat="51.644118" lon="10.728857">
        <ele>546.073422</ele>
        <time>2026-04-08T14:55:00.000Z</time>
      </trkpt>
      <trkpt lat="51.644119" lon="10.728737">
        <ele>545.865284</ele>
        <time>2026-04-08T14:55:01.000Z</time>
      </trkpt>
      <trkpt lat="51.644114" lon="10.728622">
        <ele>545.665347</ele>
        <time>2026-04-08T14:55:02.000Z</time>
      </trkpt>
      <trkpt lat="51.644096" lon="10.728491">
        <ele>545.432647</ele>
        <time>2026-04-08T14:55:03.000Z</time>
      </trkpt>
      <trkpt lat="51.644074" lon="10.728369">
        <ele>545.212306</ele>
        <time>2026-04-08T14:55:04.000Z</time>
      </trkpt>
      <trkpt lat="51.644044" lon="10.728247">
        <ele>544.984710</ele>
        <time>2026-04-08T14:55:05.000Z</time>
      </trkpt>
      <trkpt lat="51.644010" lon="10.728132">
        <ele>544.763782</ele>
        <time>2026-04-08T14:55:06.000Z</time>
      </trkpt>
      <trkpt lat="51.643973" lon="10.728022">
        <ele>544.546781</ele>
        <time>2026-04-08T14:55:07.000Z</time>
      </trkpt>
      <trkpt lat="51.643932" lon="10.727911">
        <ele>544.322747</ele>
        <time>2026-04-08T14:55:08.000Z</time>
      </trkpt>
      <trkpt lat="51.643889" lon="10.727796">
        <ele>544.089889</ele>
        <time>2026-04-08T14:55:09.000Z</time>
      </trkpt>
      <trkpt lat="51.643852" lon="10.727690">
        <ele>543.878961</ele>
        <time>2026-04-08T14:55:10.000Z</time>
      </trkpt>
      <trkpt lat="51.643813" lon="10.727577">
        <ele>543.654709</ele>
        <time>2026-04-08T14:55:11.000Z</time>
      </trkpt>
      <trkpt lat="51.643778" lon="10.727466">
        <ele>543.438770</ele>
        <time>2026-04-08T14:55:12.000Z</time>
      </trkpt>
      <trkpt lat="51.643743" lon="10.727359">
        <ele>543.228992</ele>
        <time>2026-04-08T14:55:13.000Z</time>
      </trkpt>
      <trkpt lat="51.643716" lon="10.727256">
        <ele>543.035070</ele>
        <time>2026-04-08T14:55:14.000Z</time>
      </trkpt>
      <trkpt lat="51.643691" lon="10.727149">
        <ele>542.836778</ele>
        <time>2026-04-08T14:55:15.000Z</time>
      </trkpt>
      <trkpt lat="51.643676" lon="10.727045">
        <ele>542.651598</ele>
        <time>2026-04-08T14:55:16.000Z</time>
      </trkpt>
      <trkpt lat="51.643667" lon="10.726931">
        <ele>542.452289</ele>
        <time>2026-04-08T14:55:17.000Z</time>
      </trkpt>
      <trkpt lat="51.643665" lon="10.726821">
        <ele>542.261429</ele>
        <time>2026-04-08T14:55:18.000Z</time>
      </trkpt>
      <trkpt lat="51.643662" lon="10.726709">
        <ele>542.484967</ele>
        <time>2026-04-08T14:55:19.000Z</time>
      </trkpt>
      <trkpt lat="51.643655" lon="10.726600">
        <ele>542.740384</ele>
        <time>2026-04-08T14:55:20.000Z</time>
      </trkpt>
      <trkpt lat="51.643651" lon="10.726495">
        <ele>542.985581</ele>
        <time>2026-04-08T14:55:21.000Z</time>
      </trkpt>
      <trkpt lat="51.643637" lon="10.726392">
        <ele>543.231348</ele>
        <time>2026-04-08T14:55:22.000Z</time>
      </trkpt>
      <trkpt lat="51.643622" lon="10.726290">
        <ele>543.475677</ele>
        <time>2026-04-08T14:55:23.000Z</time>
      </trkpt>
      <trkpt lat="51.643600" lon="10.726192">
        <ele>543.718585</ele>
        <time>2026-04-08T14:55:24.000Z</time>
      </trkpt>
      <trkpt lat="51.643575" lon="10.726095">
        <ele>543.963400</ele>
        <time>2026-04-08T14:55:25.000Z</time>
      </trkpt>
      <trkpt lat="51.643544" lon="10.725998">
        <ele>544.217713</ele>
        <time>2026-04-08T14:55:26.000Z</time>
      </trkpt>
      <trkpt lat="51.643507" lon="10.725905">
        <ele>544.475204</ele>
        <time>2026-04-08T14:55:27.000Z</time>
      </trkpt>
      <trkpt lat="51.643470" lon="10.725816">
        <ele>544.724898</ele>
        <time>2026-04-08T14:55:28.000Z</time>
      </trkpt>
      <trkpt lat="51.643428" lon="10.725727">
        <ele>544.985512</ele>
        <time>2026-04-08T14:55:29.000Z</time>
      </trkpt>
      <trkpt lat="51.643383" lon="10.725644">
        <ele>545.242408</ele>
        <time>2026-04-08T14:55:30.000Z</time>
      </trkpt>
      <trkpt lat="51.643340" lon="10.725557">
        <ele>545.501650</ele>
        <time>2026-04-08T14:55:31.000Z</time>
      </trkpt>
      <trkpt lat="51.643299" lon="10.725474">
        <ele>545.748920</ele>
        <time>2026-04-08T14:55:32.000Z</time>
      </trkpt>
      <trkpt lat="51.643256" lon="10.725389">
        <ele>546.004533</ele>
        <time>2026-04-08T14:55:33.000Z</time>
      </trkpt>
      <trkpt lat="51.643214" lon="10.725304">
        <ele>546.257789</ele>
        <time>2026-04-08T14:55:34.000Z</time>
      </trkpt>
      <trkpt lat="51.643175" lon="10.725218">
        <ele>546.506063</ele>
        <time>2026-04-08T14:55:35.000Z</time>
      </trkpt>
      <trkpt lat="51.643134" lon="10.725136">
        <ele>546.751514</ele>
        <time>2026-04-08T14:55:36.000Z</time>
      </trkpt>
      <trkpt lat="51.643098" lon="10.725051">
        <ele>546.991381</ele>
        <time>2026-04-08T14:55:37.000Z</time>
      </trkpt>
      <trkpt lat="51.643064" lon="10.724973">
        <ele>547.213558</ele>
        <time>2026-04-08T14:55:38.000Z</time>
      </trkpt>
      <trkpt lat="51.643037" lon="10.724897">
        <ele>547.417678</ele>
        <time>2026-04-08T14:55:39.000Z</time>
      </trkpt>
      <trkpt lat="51.643011" lon="10.724826">
        <ele>547.609835</ele>
        <time>2026-04-08T14:55:40.000Z</time>
      </trkpt>
      <trkpt lat="51.642990" lon="10.724759">
        <ele>547.784792</ele>
        <time>2026-04-08T14:55:41.000Z</time>
      </trkpt>
      <trkpt lat="51.642971" lon="10.724693">
        <ele>547.954376</ele>
        <time>2026-04-08T14:55:42.000Z</time>
      </trkpt>
      <trkpt lat="51.642952" lon="10.724636">
        <ele>548.105189</ele>
        <time>2026-04-08T14:55:43.000Z</time>
      </trkpt>
      <trkpt lat="51.642935" lon="10.724578">
        <ele>548.254700</ele>
        <time>2026-04-08T14:55:44.000Z</time>
      </trkpt>
      <trkpt lat="51.642920" lon="10.724520">
        <ele>548.401161</ele>
        <time>2026-04-08T14:55:45.000Z</time>
      </trkpt>
      <trkpt lat="51.642905" lon="10.724463">
        <ele>548.545472</ele>
        <time>2026-04-08T14:55:46.000Z</time>
      </trkpt>
      <trkpt lat="51.642889" lon="10.724401">
        <ele>548.701984</ele>
        <time>2026-04-08T14:55:47.000Z</time>
      </trkpt>
      <trkpt lat="51.642874" lon="10.724342">
        <ele>548.850598</ele>
        <time>2026-04-08T14:55:48.000Z</time>
      </trkpt>
      <trkpt lat="51.642859" lon="10.724283">
        <ele>548.999213</ele>
        <time>2026-04-08T14:55:49.000Z</time>
      </trkpt>
      <trkpt lat="51.642844" lon="10.724223">
        <ele>549.143832</ele>
        <time>2026-04-08T14:55:50.000Z</time>
      </trkpt>
      <trkpt lat="51.642832" lon="10.724165">
        <ele>549.280444</ele>
        <time>2026-04-08T14:55:51.000Z</time>
      </trkpt>
      <trkpt lat="51.642820" lon="10.724106">
        <ele>549.419179</ele>
        <time>2026-04-08T14:55:52.000Z</time>
      </trkpt>
      <trkpt lat="51.642805" lon="10.724041">
        <ele>549.574137</ele>
        <time>2026-04-08T14:55:53.000Z</time>
      </trkpt>
      <trkpt lat="51.642797" lon="10.723979">
        <ele>549.715638</ele>
        <time>2026-04-08T14:55:54.000Z</time>
      </trkpt>
      <trkpt lat="51.642789" lon="10.723916">
        <ele>549.859327</ele>
        <time>2026-04-08T14:55:55.000Z</time>
      </trkpt>
      <trkpt lat="51.642779" lon="10.723851">
        <ele>550.008964</ele>
        <time>2026-04-08T14:55:56.000Z</time>
      </trkpt>
      <trkpt lat="51.642770" lon="10.723787">
        <ele>550.155597</ele>
        <time>2026-04-08T14:55:57.000Z</time>
      </trkpt>
      <trkpt lat="51.642766" lon="10.723727">
        <ele>550.290437</ele>
        <time>2026-04-08T14:55:58.000Z</time>
      </trkpt>
      <trkpt lat="51.642762" lon="10.723660">
        <ele>550.440838</ele>
        <time>2026-04-08T14:55:59.000Z</time>
      </trkpt>
      <trkpt lat="51.642755" lon="10.723598">
        <ele>550.581650</ele>
        <time>2026-04-08T14:56:00.000Z</time>
      </trkpt>
      <trkpt lat="51.642751" lon="10.723535">
        <ele>550.723157</ele>
        <time>2026-04-08T14:56:01.000Z</time>
      </trkpt>
      <trkpt lat="51.642750" lon="10.723467">
        <ele>550.875144</ele>
        <time>2026-04-08T14:56:02.000Z</time>
      </trkpt>
      <trkpt lat="51.642750" lon="10.723398">
        <ele>551.029323</ele>
        <time>2026-04-08T14:56:03.000Z</time>
      </trkpt>
      <trkpt lat="51.642750" lon="10.723338">
        <ele>551.163392</ele>
        <time>2026-04-08T14:56:04.000Z</time>
      </trkpt>
      <trkpt lat="51.642747" lon="10.723274">
        <ele>551.306806</ele>
        <time>2026-04-08T14:56:05.000Z</time>
      </trkpt>
      <trkpt lat="51.642746" lon="10.723213">
        <ele>551.443157</ele>
        <time>2026-04-08T14:56:06.000Z</time>
      </trkpt>
      <trkpt lat="51.642746" lon="10.723152">
        <ele>551.579460</ele>
        <time>2026-04-08T14:56:07.000Z</time>
      </trkpt>
      <trkpt lat="51.642746" lon="10.723091">
        <ele>551.715763</ele>
        <time>2026-04-08T14:56:08.000Z</time>
      </trkpt>
      <trkpt lat="51.642746" lon="10.723027">
        <ele>551.858770</ele>
        <time>2026-04-08T14:56:09.000Z</time>
      </trkpt>
      <trkpt lat="51.642746" lon="10.722965">
        <ele>551.997307</ele>
        <time>2026-04-08T14:56:10.000Z</time>
      </trkpt>
      <trkpt lat="51.642746" lon="10.722904">
        <ele>552.133610</ele>
        <time>2026-04-08T14:56:11.000Z</time>
      </trkpt>
      <trkpt lat="51.642743" lon="10.722840">
        <ele>552.277024</ele>
        <time>2026-04-08T14:56:12.000Z</time>
      </trkpt>
      <trkpt lat="51.642742" lon="10.722779">
        <ele>552.413375</ele>
        <time>2026-04-08T14:56:13.000Z</time>
      </trkpt>
      <trkpt lat="51.642742" lon="10.722718">
        <ele>552.549678</ele>
        <time>2026-04-08T14:56:14.000Z</time>
      </trkpt>
      <trkpt lat="51.642739" lon="10.722658">
        <ele>552.684182</ele>
        <time>2026-04-08T14:56:15.000Z</time>
      </trkpt>
      <trkpt lat="51.642738" lon="10.722595">
        <ele>552.825000</ele>
        <time>2026-04-08T14:56:16.000Z</time>
      </trkpt>
      <trkpt lat="51.642735" lon="10.722531">
        <ele>552.968414</ele>
        <time>2026-04-08T14:56:17.000Z</time>
      </trkpt>
      <trkpt lat="51.642731" lon="10.722468">
        <ele>553.109921</ele>
        <time>2026-04-08T14:56:18.000Z</time>
      </trkpt>
      <trkpt lat="51.642734" lon="10.722408">
        <ele>553.244424</ele>
        <time>2026-04-08T14:56:19.000Z</time>
      </trkpt>
      <trkpt lat="51.642735" lon="10.722343">
        <ele>553.389710</ele>
        <time>2026-04-08T14:56:20.000Z</time>
      </trkpt>
      <trkpt lat="51.642735" lon="10.722281">
        <ele>553.528248</ele>
        <time>2026-04-08T14:56:21.000Z</time>
      </trkpt>
      <trkpt lat="51.642731" lon="10.722222">
        <ele>553.660866</ele>
        <time>2026-04-08T14:56:22.000Z</time>
      </trkpt>
      <trkpt lat="51.642727" lon="10.722159">
        <ele>553.802373</ele>
        <time>2026-04-08T14:56:23.000Z</time>
      </trkpt>
      <trkpt lat="51.642727" lon="10.722101">
        <ele>553.931973</ele>
        <time>2026-04-08T14:56:24.000Z</time>
      </trkpt>
      <trkpt lat="51.642724" lon="10.722039">
        <ele>554.070932</ele>
        <time>2026-04-08T14:56:25.000Z</time>
      </trkpt>
      <trkpt lat="51.642723" lon="10.721977">
        <ele>554.209516</ele>
        <time>2026-04-08T14:56:26.000Z</time>
      </trkpt>
      <trkpt lat="51.642720" lon="10.721912">
        <ele>554.355158</ele>
        <time>2026-04-08T14:56:27.000Z</time>
      </trkpt>
      <trkpt lat="51.642713" lon="10.721853">
        <ele>554.489381</ele>
        <time>2026-04-08T14:56:28.000Z</time>
      </trkpt>
      <trkpt lat="51.642705" lon="10.721788">
        <ele>554.637451</ele>
        <time>2026-04-08T14:56:29.000Z</time>
      </trkpt>
      <trkpt lat="51.642698" lon="10.721725">
        <ele>554.780462</ele>
        <time>2026-04-08T14:56:30.000Z</time>
      </trkpt>
      <trkpt lat="51.642690" lon="10.721662">
        <ele>554.924151</ele>
        <time>2026-04-08T14:56:31.000Z</time>
      </trkpt>
      <trkpt lat="51.642682" lon="10.721596">
        <ele>555.074414</ele>
        <time>2026-04-08T14:56:32.000Z</time>
      </trkpt>
      <trkpt lat="51.642675" lon="10.721531">
        <ele>555.221826</ele>
        <time>2026-04-08T14:56:33.000Z</time>
      </trkpt>
      <trkpt lat="51.642664" lon="10.721467">
        <ele>555.370216</ele>
        <time>2026-04-08T14:56:34.000Z</time>
      </trkpt>
      <trkpt lat="51.642656" lon="10.721404">
        <ele>555.515997</ele>
        <time>2026-04-08T14:56:35.000Z</time>
      </trkpt>
      <trkpt lat="51.642648" lon="10.721340">
        <ele>555.670269</ele>
        <time>2026-04-08T14:56:36.000Z</time>
      </trkpt>
      <trkpt lat="51.642637" lon="10.721278">
        <ele>555.822647</ele>
        <time>2026-04-08T14:56:37.000Z</time>
      </trkpt>
      <trkpt lat="51.642632" lon="10.721218">
        <ele>555.965702</ele>
        <time>2026-04-08T14:56:38.000Z</time>
      </trkpt>
      <trkpt lat="51.642622" lon="10.721155">
        <ele>556.119366</ele>
        <time>2026-04-08T14:56:39.000Z</time>
      </trkpt>
      <trkpt lat="51.642608" lon="10.721096">
        <ele>556.268630</ele>
        <time>2026-04-08T14:56:40.000Z</time>
      </trkpt>
      <trkpt lat="51.642596" lon="10.721033">
        <ele>556.424356</ele>
        <time>2026-04-08T14:56:41.000Z</time>
      </trkpt>
      <trkpt lat="51.642587" lon="10.720968">
        <ele>556.581731</ele>
        <time>2026-04-08T14:56:42.000Z</time>
      </trkpt>
      <trkpt lat="51.642576" lon="10.720904">
        <ele>556.738659</ele>
        <time>2026-04-08T14:56:43.000Z</time>
      </trkpt>
      <trkpt lat="51.642568" lon="10.720839">
        <ele>556.895248</ele>
        <time>2026-04-08T14:56:44.000Z</time>
      </trkpt>
      <trkpt lat="51.642560" lon="10.720769">
        <ele>557.063442</ele>
        <time>2026-04-08T14:56:45.000Z</time>
      </trkpt>
      <trkpt lat="51.642550" lon="10.720704">
        <ele>557.221690</ele>
        <time>2026-04-08T14:56:46.000Z</time>
      </trkpt>
      <trkpt lat="51.642535" lon="10.720637">
        <ele>557.390002</ele>
        <time>2026-04-08T14:56:47.000Z</time>
      </trkpt>
      <trkpt lat="51.642523" lon="10.720572">
        <ele>557.550252</ele>
        <time>2026-04-08T14:56:48.000Z</time>
      </trkpt>
      <trkpt lat="51.642504" lon="10.720506">
        <ele>557.722178</ele>
        <time>2026-04-08T14:56:49.000Z</time>
      </trkpt>
      <trkpt lat="51.642489" lon="10.720440">
        <ele>557.888269</ele>
        <time>2026-04-08T14:56:50.000Z</time>
      </trkpt>
      <trkpt lat="51.642474" lon="10.720372">
        <ele>558.058806</ele>
        <time>2026-04-08T14:56:51.000Z</time>
      </trkpt>
      <trkpt lat="51.642459" lon="10.720309">
        <ele>558.218259</ele>
        <time>2026-04-08T14:56:52.000Z</time>
      </trkpt>
      <trkpt lat="51.642437" lon="10.720239">
        <ele>558.403676</ele>
        <time>2026-04-08T14:56:53.000Z</time>
      </trkpt>
      <trkpt lat="51.642417" lon="10.720171">
        <ele>558.581497</ele>
        <time>2026-04-08T14:56:54.000Z</time>
      </trkpt>
      <trkpt lat="51.642398" lon="10.720104">
        <ele>558.755569</ele>
        <time>2026-04-08T14:56:55.000Z</time>
      </trkpt>
      <trkpt lat="51.642382" lon="10.720034">
        <ele>558.931846</ele>
        <time>2026-04-08T14:56:56.000Z</time>
      </trkpt>
      <trkpt lat="51.642360" lon="10.719965">
        <ele>559.115159</ele>
        <time>2026-04-08T14:56:57.000Z</time>
      </trkpt>
      <trkpt lat="51.642331" lon="10.719901">
        <ele>559.302419</ele>
        <time>2026-04-08T14:56:58.000Z</time>
      </trkpt>
      <trkpt lat="51.642304" lon="10.719837">
        <ele>559.485293</ele>
        <time>2026-04-08T14:56:59.000Z</time>
      </trkpt>
      <trkpt lat="51.642274" lon="10.719774">
        <ele>559.672944</ele>
        <time>2026-04-08T14:57:00.000Z</time>
      </trkpt>
      <trkpt lat="51.642240" lon="10.719714">
        <ele>559.864945</ele>
        <time>2026-04-08T14:57:01.000Z</time>
      </trkpt>
      <trkpt lat="51.642203" lon="10.719657">
        <ele>560.059863</ele>
        <time>2026-04-08T14:57:02.000Z</time>
      </trkpt>
      <trkpt lat="51.642167" lon="10.719601">
        <ele>560.250398</ele>
        <time>2026-04-08T14:57:03.000Z</time>
      </trkpt>
      <trkpt lat="51.642128" lon="10.719554">
        <ele>560.435842</ele>
        <time>2026-04-08T14:57:04.000Z</time>
      </trkpt>
      <trkpt lat="51.642086" lon="10.719515">
        <ele>560.620427</ele>
        <time>2026-04-08T14:57:05.000Z</time>
      </trkpt>
      <trkpt lat="51.642041" lon="10.719490">
        <ele>560.801679</ele>
        <time>2026-04-08T14:57:06.000Z</time>
      </trkpt>
      <trkpt lat="51.641996" lon="10.719481">
        <ele>560.974349</ele>
        <time>2026-04-08T14:57:07.000Z</time>
      </trkpt>
      <trkpt lat="51.641949" lon="10.719484">
        <ele>561.153459</ele>
        <time>2026-04-08T14:57:08.000Z</time>
      </trkpt>
      <trkpt lat="51.641912" lon="10.719497">
        <ele>561.297661</ele>
        <time>2026-04-08T14:57:09.000Z</time>
      </trkpt>
      <trkpt lat="51.641883" lon="10.719511">
        <ele>561.412939</ele>
        <time>2026-04-08T14:57:10.000Z</time>
      </trkpt>
      <trkpt lat="51.641855" lon="10.719527">
        <ele>561.526065</ele>
        <time>2026-04-08T14:57:11.000Z</time>
      </trkpt>
      <trkpt lat="51.641828" lon="10.719543">
        <ele>561.635610</ele>
        <time>2026-04-08T14:57:12.000Z</time>
      </trkpt>
      <trkpt lat="51.641801" lon="10.719556">
        <ele>561.742914</ele>
        <time>2026-04-08T14:57:13.000Z</time>
      </trkpt>
      <trkpt lat="51.641774" lon="10.719571">
        <ele>561.851666</ele>
        <time>2026-04-08T14:57:14.000Z</time>
      </trkpt>
      <trkpt lat="51.641750" lon="10.719589">
        <ele>561.952469</ele>
        <time>2026-04-08T14:57:15.000Z</time>
      </trkpt>
      <trkpt lat="51.641727" lon="10.719602">
        <ele>562.045281</ele>
        <time>2026-04-08T14:57:16.000Z</time>
      </trkpt>
      <trkpt lat="51.641707" lon="10.719613">
        <ele>562.125753</ele>
        <time>2026-04-08T14:57:17.000Z</time>
      </trkpt>
      <trkpt lat="51.641686" lon="10.719624">
        <ele>562.209837</ele>
        <time>2026-04-08T14:57:18.000Z</time>
      </trkpt>
      <trkpt lat="51.641666" lon="10.719635">
        <ele>562.290309</ele>
        <time>2026-04-08T14:57:19.000Z</time>
      </trkpt>
      <trkpt lat="51.641646" lon="10.719645">
        <ele>562.441259</ele>
        <time>2026-04-08T14:57:20.000Z</time>
      </trkpt>
      <trkpt lat="51.641628" lon="10.719655">
        <ele>562.632540</ele>
        <time>2026-04-08T14:57:21.000Z</time>
      </trkpt>
      <trkpt lat="51.641605" lon="10.719670">
        <ele>562.881814</ele>
        <time>2026-04-08T14:57:22.000Z</time>
      </trkpt>
      <trkpt lat="51.641582" lon="10.719679">
        <ele>563.119597</ele>
        <time>2026-04-08T14:57:23.000Z</time>
      </trkpt>
      <trkpt lat="51.641564" lon="10.719687">
        <ele>563.307184</ele>
        <time>2026-04-08T14:57:24.000Z</time>
      </trkpt>
      <trkpt lat="51.641544" lon="10.719695">
        <ele>563.514210</ele>
        <time>2026-04-08T14:57:25.000Z</time>
      </trkpt>
      <trkpt lat="51.641525" lon="10.719707">
        <ele>563.719230</ele>
        <time>2026-04-08T14:57:26.000Z</time>
      </trkpt>
      <trkpt lat="51.641508" lon="10.719718">
        <ele>563.903273</ele>
        <time>2026-04-08T14:57:27.000Z</time>
      </trkpt>
      <trkpt lat="51.641490" lon="10.719732">
        <ele>564.104071</ele>
        <time>2026-04-08T14:57:28.000Z</time>
      </trkpt>
      <trkpt lat="51.641471" lon="10.719745">
        <ele>564.311447</ele>
        <time>2026-04-08T14:57:29.000Z</time>
      </trkpt>
      <trkpt lat="51.641452" lon="10.719754">
        <ele>564.510405</ele>
        <time>2026-04-08T14:57:30.000Z</time>
      </trkpt>
      <trkpt lat="51.641431" lon="10.719759">
        <ele>564.723670</ele>
        <time>2026-04-08T14:57:31.000Z</time>
      </trkpt>
      <trkpt lat="51.641410" lon="10.719767">
        <ele>564.940460</ele>
        <time>2026-04-08T14:57:32.000Z</time>
      </trkpt>
      <trkpt lat="51.641394" lon="10.719774">
        <ele>565.107021</ele>
        <time>2026-04-08T14:57:33.000Z</time>
      </trkpt>
      <trkpt lat="51.641376" lon="10.719781">
        <ele>565.293048</ele>
        <time>2026-04-08T14:57:34.000Z</time>
      </trkpt>
      <trkpt lat="51.641353" lon="10.719790">
        <ele>565.530831</ele>
        <time>2026-04-08T14:57:35.000Z</time>
      </trkpt>
      <trkpt lat="51.641335" lon="10.719798">
        <ele>565.718418</ele>
        <time>2026-04-08T14:57:36.000Z</time>
      </trkpt>
      <trkpt lat="51.641315" lon="10.719808">
        <ele>565.928796</ele>
        <time>2026-04-08T14:57:37.000Z</time>
      </trkpt>
      <trkpt lat="51.641299" lon="10.719818">
        <ele>566.101206</ele>
        <time>2026-04-08T14:57:38.000Z</time>
      </trkpt>
      <trkpt lat="51.641280" lon="10.719830">
        <ele>566.306226</ele>
        <time>2026-04-08T14:57:39.000Z</time>
      </trkpt>
      <trkpt lat="51.641262" lon="10.719842">
        <ele>566.501926</ele>
        <time>2026-04-08T14:57:40.000Z</time>
      </trkpt>
      <trkpt lat="51.641243" lon="10.719852">
        <ele>566.702732</ele>
        <time>2026-04-08T14:57:41.000Z</time>
      </trkpt>
      <trkpt lat="51.641223" lon="10.719863">
        <ele>566.915041</ele>
        <time>2026-04-08T14:57:42.000Z</time>
      </trkpt>
      <trkpt lat="51.641207" lon="10.719874">
        <ele>567.089802</ele>
        <time>2026-04-08T14:57:43.000Z</time>
      </trkpt>
      <trkpt lat="51.641192" lon="10.719889">
        <ele>567.267158</ele>
        <time>2026-04-08T14:57:44.000Z</time>
      </trkpt>
      <trkpt lat="51.641173" lon="10.719906">
        <ele>567.485491</ele>
        <time>2026-04-08T14:57:45.000Z</time>
      </trkpt>
      <trkpt lat="51.641158" lon="10.719922">
        <ele>567.666213</ele>
        <time>2026-04-08T14:57:46.000Z</time>
      </trkpt>
      <trkpt lat="51.641142" lon="10.719940">
        <ele>567.862254</ele>
        <time>2026-04-08T14:57:47.000Z</time>
      </trkpt>
      <trkpt lat="51.641130" lon="10.719956">
        <ele>568.018730</ele>
        <time>2026-04-08T14:57:48.000Z</time>
      </trkpt>
      <trkpt lat="51.641113" lon="10.719972">
        <ele>568.216517</ele>
        <time>2026-04-08T14:57:49.000Z</time>
      </trkpt>
      <trkpt lat="51.641094" lon="10.719989">
        <ele>568.434850</ele>
        <time>2026-04-08T14:57:50.000Z</time>
      </trkpt>
      <trkpt lat="51.641078" lon="10.720004">
        <ele>568.620818</ele>
        <time>2026-04-08T14:57:51.000Z</time>
      </trkpt>
      <trkpt lat="51.641063" lon="10.720018">
        <ele>568.794967</ele>
        <time>2026-04-08T14:57:52.000Z</time>
      </trkpt>
      <trkpt lat="51.641044" lon="10.720032">
        <ele>569.004859</ele>
        <time>2026-04-08T14:57:53.000Z</time>
      </trkpt>
      <trkpt lat="51.641028" lon="10.720045">
        <ele>569.184879</ele>
        <time>2026-04-08T14:57:54.000Z</time>
      </trkpt>
      <trkpt lat="51.641010" lon="10.720055">
        <ele>569.376160</ele>
        <time>2026-04-08T14:57:55.000Z</time>
      </trkpt>
      <trkpt lat="51.640994" lon="10.720063">
        <ele>569.544463</ele>
        <time>2026-04-08T14:57:56.000Z</time>
      </trkpt>
      <trkpt lat="51.640976" lon="10.720072">
        <ele>569.733803</ele>
        <time>2026-04-08T14:57:57.000Z</time>
      </trkpt>
      <trkpt lat="51.640957" lon="10.720083">
        <ele>569.936631</ele>
        <time>2026-04-08T14:57:58.000Z</time>
      </trkpt>
      <trkpt lat="51.640937" lon="10.720092">
        <ele>570.145247</ele>
        <time>2026-04-08T14:57:59.000Z</time>
      </trkpt>
      <trkpt lat="51.640922" lon="10.720105">
        <ele>570.316357</ele>
        <time>2026-04-08T14:58:00.000Z</time>
      </trkpt>
      <trkpt lat="51.640906" lon="10.720120">
        <ele>570.502325</ele>
        <time>2026-04-08T14:58:01.000Z</time>
      </trkpt>
      <trkpt lat="51.640891" lon="10.720136">
        <ele>570.683046</ele>
        <time>2026-04-08T14:58:02.000Z</time>
      </trkpt>
      <trkpt lat="51.640875" lon="10.720151">
        <ele>570.869014</ele>
        <time>2026-04-08T14:58:03.000Z</time>
      </trkpt>
      <trkpt lat="51.640857" lon="10.720164">
        <ele>571.067182</ele>
        <time>2026-04-08T14:58:04.000Z</time>
      </trkpt>
      <trkpt lat="51.640841" lon="10.720179">
        <ele>571.253150</ele>
        <time>2026-04-08T14:58:05.000Z</time>
      </trkpt>
      <trkpt lat="51.640826" lon="10.720196">
        <ele>571.437387</ele>
        <time>2026-04-08T14:58:06.000Z</time>
      </trkpt>
      <trkpt lat="51.640811" lon="10.720208">
        <ele>571.605633</ele>
        <time>2026-04-08T14:58:07.000Z</time>
      </trkpt>
      <trkpt lat="51.640797" lon="10.720222">
        <ele>571.771165</ele>
        <time>2026-04-08T14:58:08.000Z</time>
      </trkpt>
      <trkpt lat="51.640783" lon="10.720237">
        <ele>571.940069</ele>
        <time>2026-04-08T14:58:09.000Z</time>
      </trkpt>
      <trkpt lat="51.640772" lon="10.720254">
        <ele>572.093191</ele>
        <time>2026-04-08T14:58:10.000Z</time>
      </trkpt>
      <trkpt lat="51.640758" lon="10.720269">
        <ele>572.262094</ele>
        <time>2026-04-08T14:58:11.000Z</time>
      </trkpt>
      <trkpt lat="51.640742" lon="10.720284">
        <ele>572.448062</ele>
        <time>2026-04-08T14:58:12.000Z</time>
      </trkpt>
      <trkpt lat="51.640727" lon="10.720299">
        <ele>572.625419</ele>
        <time>2026-04-08T14:58:13.000Z</time>
      </trkpt>
      <trkpt lat="51.640712" lon="10.720314">
        <ele>572.802775</ele>
        <time>2026-04-08T14:58:14.000Z</time>
      </trkpt>
      <trkpt lat="51.640692" lon="10.720331">
        <ele>573.029944</ele>
        <time>2026-04-08T14:58:15.000Z</time>
      </trkpt>
      <trkpt lat="51.640678" lon="10.720342">
        <ele>573.186424</ele>
        <time>2026-04-08T14:58:16.000Z</time>
      </trkpt>
      <trkpt lat="51.640658" lon="10.720355">
        <ele>573.403083</ele>
        <time>2026-04-08T14:58:17.000Z</time>
      </trkpt>
      <trkpt lat="51.640640" lon="10.720368">
        <ele>573.601251</ele>
        <time>2026-04-08T14:58:18.000Z</time>
      </trkpt>
      <trkpt lat="51.640627" lon="10.720382">
        <ele>573.758337</ele>
        <time>2026-04-08T14:58:19.000Z</time>
      </trkpt>
      <trkpt lat="51.640612" lon="10.720396">
        <ele>573.932487</ele>
        <time>2026-04-08T14:58:20.000Z</time>
      </trkpt>
      <trkpt lat="51.640595" lon="10.720408">
        <ele>574.118944</ele>
        <time>2026-04-08T14:58:21.000Z</time>
      </trkpt>
      <trkpt lat="51.640579" lon="10.720423">
        <ele>574.304912</ele>
        <time>2026-04-08T14:58:22.000Z</time>
      </trkpt>
      <trkpt lat="51.640560" lon="10.720437">
        <ele>574.514804</ele>
        <time>2026-04-08T14:58:23.000Z</time>
      </trkpt>
      <trkpt lat="51.640544" lon="10.720454">
        <ele>574.707345</ele>
        <time>2026-04-08T14:58:24.000Z</time>
      </trkpt>
      <trkpt lat="51.640529" lon="10.720468">
        <ele>574.881495</ele>
        <time>2026-04-08T14:58:25.000Z</time>
      </trkpt>
      <trkpt lat="51.640510" lon="10.720478">
        <ele>575.082301</ele>
        <time>2026-04-08T14:58:26.000Z</time>
      </trkpt>
      <trkpt lat="51.640494" lon="10.720493">
        <ele>575.268269</ele>
        <time>2026-04-08T14:58:27.000Z</time>
      </trkpt>
      <trkpt lat="51.640483" lon="10.720505">
        <ele>575.401723</ele>
        <time>2026-04-08T14:58:28.000Z</time>
      </trkpt>
      <trkpt lat="51.640464" lon="10.720521">
        <ele>575.617100</ele>
        <time>2026-04-08T14:58:29.000Z</time>
      </trkpt>
      <trkpt lat="51.640445" lon="10.720536">
        <ele>575.829660</ele>
        <time>2026-04-08T14:58:30.000Z</time>
      </trkpt>
      <trkpt lat="51.640429" lon="10.720553">
        <ele>576.022201</ele>
        <time>2026-04-08T14:58:31.000Z</time>
      </trkpt>
      <trkpt lat="51.640414" lon="10.720570">
        <ele>576.206438</ele>
        <time>2026-04-08T14:58:32.000Z</time>
      </trkpt>
      <trkpt lat="51.640395" lon="10.720587">
        <ele>576.424772</ele>
        <time>2026-04-08T14:58:33.000Z</time>
      </trkpt>
      <trkpt lat="51.640380" lon="10.720602">
        <ele>576.602129</ele>
        <time>2026-04-08T14:58:34.000Z</time>
      </trkpt>
      <trkpt lat="51.640364" lon="10.720618">
        <ele>576.791310</ele>
        <time>2026-04-08T14:58:35.000Z</time>
      </trkpt>
      <trkpt lat="51.640349" lon="10.720633">
        <ele>576.968667</ele>
        <time>2026-04-08T14:58:36.000Z</time>
      </trkpt>
      <trkpt lat="51.640334" lon="10.720642">
        <ele>577.129470</ele>
        <time>2026-04-08T14:58:37.000Z</time>
      </trkpt>
      <trkpt lat="51.640315" lon="10.720656">
        <ele>577.339363</ele>
        <time>2026-04-08T14:58:38.000Z</time>
      </trkpt>
      <trkpt lat="51.640296" lon="10.720668">
        <ele>577.544383</ele>
        <time>2026-04-08T14:58:39.000Z</time>
      </trkpt>
      <trkpt lat="51.640281" lon="10.720684">
        <ele>577.725105</ele>
        <time>2026-04-08T14:58:40.000Z</time>
      </trkpt>
      <trkpt lat="51.640262" lon="10.720702">
        <ele>577.946533</ele>
        <time>2026-04-08T14:58:41.000Z</time>
      </trkpt>
      <trkpt lat="51.640243" lon="10.720719">
        <ele>578.164867</ele>
        <time>2026-04-08T14:58:42.000Z</time>
      </trkpt>
      <trkpt lat="51.640227" lon="10.720732">
        <ele>578.344888</ele>
        <time>2026-04-08T14:58:43.000Z</time>
      </trkpt>
      <trkpt lat="51.640208" lon="10.720746">
        <ele>578.554780</ele>
        <time>2026-04-08T14:58:44.000Z</time>
      </trkpt>
      <trkpt lat="51.640189" lon="10.720759">
        <ele>578.762157</ele>
        <time>2026-04-08T14:58:45.000Z</time>
      </trkpt>
      <trkpt lat="51.640174" lon="10.720774">
        <ele>578.939514</ele>
        <time>2026-04-08T14:58:46.000Z</time>
      </trkpt>
      <trkpt lat="51.640155" lon="10.720792">
        <ele>579.160942</ele>
        <time>2026-04-08T14:58:47.000Z</time>
      </trkpt>
      <trkpt lat="51.640139" lon="10.720807">
        <ele>579.346911</ele>
        <time>2026-04-08T14:58:48.000Z</time>
      </trkpt>
      <trkpt lat="51.640122" lon="10.720822">
        <ele>579.541629</ele>
        <time>2026-04-08T14:58:49.000Z</time>
      </trkpt>
      <trkpt lat="51.640105" lon="10.720836">
        <ele>579.733430</ele>
        <time>2026-04-08T14:58:50.000Z</time>
      </trkpt>
      <trkpt lat="51.640086" lon="10.720851">
        <ele>579.945991</ele>
        <time>2026-04-08T14:58:51.000Z</time>
      </trkpt>
      <trkpt lat="51.640068" lon="10.720867">
        <ele>580.152516</ele>
        <time>2026-04-08T14:58:52.000Z</time>
      </trkpt>
      <trkpt lat="51.640048" lon="10.720883">
        <ele>580.376845</ele>
        <time>2026-04-08T14:58:53.000Z</time>
      </trkpt>
      <trkpt lat="51.640032" lon="10.720899">
        <ele>580.558939</ele>
        <time>2026-04-08T14:58:54.000Z</time>
      </trkpt>
      <trkpt lat="51.640014" lon="10.720916">
        <ele>580.759786</ele>
        <time>2026-04-08T14:58:55.000Z</time>
      </trkpt>
      <trkpt lat="51.639995" lon="10.720930">
        <ele>580.960905</ele>
        <time>2026-04-08T14:58:56.000Z</time>
      </trkpt>
      <trkpt lat="51.639979" lon="10.720948">
        <ele>581.148754</ele>
        <time>2026-04-08T14:58:57.000Z</time>
      </trkpt>
      <trkpt lat="51.639961" lon="10.720961">
        <ele>581.338640</ele>
        <time>2026-04-08T14:58:58.000Z</time>
      </trkpt>
      <trkpt lat="51.639941" lon="10.720977">
        <ele>581.553592</ele>
        <time>2026-04-08T14:58:59.000Z</time>
      </trkpt>
      <trkpt lat="51.639922" lon="10.720991">
        <ele>581.754712</ele>
        <time>2026-04-08T14:59:00.000Z</time>
      </trkpt>
      <trkpt lat="51.639904" lon="10.721007">
        <ele>581.952605</ele>
        <time>2026-04-08T14:59:01.000Z</time>
      </trkpt>
      <trkpt lat="51.639884" lon="10.721024">
        <ele>582.170280</ele>
        <time>2026-04-08T14:59:02.000Z</time>
      </trkpt>
      <trkpt lat="51.639865" lon="10.721041">
        <ele>582.379489</ele>
        <time>2026-04-08T14:59:03.000Z</time>
      </trkpt>
      <trkpt lat="51.639850" lon="10.721054">
        <ele>582.543447</ele>
        <time>2026-04-08T14:59:04.000Z</time>
      </trkpt>
      <trkpt lat="51.639831" lon="10.721067">
        <ele>582.742157</ele>
        <time>2026-04-08T14:59:05.000Z</time>
      </trkpt>
      <trkpt lat="51.639809" lon="10.721081">
        <ele>582.969857</ele>
        <time>2026-04-08T14:59:06.000Z</time>
      </trkpt>
      <trkpt lat="51.639789" lon="10.721098">
        <ele>583.187532</ele>
        <time>2026-04-08T14:59:07.000Z</time>
      </trkpt>
      <trkpt lat="51.639770" lon="10.721113">
        <ele>583.391208</ele>
        <time>2026-04-08T14:59:08.000Z</time>
      </trkpt>
      <trkpt lat="51.639750" lon="10.721127">
        <ele>583.601121</ele>
        <time>2026-04-08T14:59:09.000Z</time>
      </trkpt>
      <trkpt lat="51.639732" lon="10.721138">
        <ele>583.786440</ele>
        <time>2026-04-08T14:59:10.000Z</time>
      </trkpt>
      <trkpt lat="51.639716" lon="10.721151">
        <ele>583.958937</ele>
        <time>2026-04-08T14:59:11.000Z</time>
      </trkpt>
      <trkpt lat="51.639697" lon="10.721166">
        <ele>584.162614</ele>
        <time>2026-04-08T14:59:12.000Z</time>
      </trkpt>
      <trkpt lat="51.639678" lon="10.721180">
        <ele>584.363733</ele>
        <time>2026-04-08T14:59:13.000Z</time>
      </trkpt>
      <trkpt lat="51.639662" lon="10.721196">
        <ele>584.545008</ele>
        <time>2026-04-08T14:59:14.000Z</time>
      </trkpt>
      <trkpt lat="51.639643" lon="10.721214">
        <ele>584.757181</ele>
        <time>2026-04-08T14:59:15.000Z</time>
      </trkpt>
      <trkpt lat="51.639625" lon="10.721232">
        <ele>584.961115</ele>
        <time>2026-04-08T14:59:16.000Z</time>
      </trkpt>
      <trkpt lat="51.639609" lon="10.721251">
        <ele>585.152447</ele>
        <time>2026-04-08T14:59:17.000Z</time>
      </trkpt>
      <trkpt lat="51.639594" lon="10.721266">
        <ele>585.322392</ele>
        <time>2026-04-08T14:59:18.000Z</time>
      </trkpt>
      <trkpt lat="51.639579" lon="10.721283">
        <ele>585.498929</ele>
        <time>2026-04-08T14:59:19.000Z</time>
      </trkpt>
      <trkpt lat="51.639560" lon="10.721302">
        <ele>585.714192</ele>
        <time>2026-04-08T14:59:20.000Z</time>
      </trkpt>
      <trkpt lat="51.639544" lon="10.721317">
        <ele>585.892389</ele>
        <time>2026-04-08T14:59:21.000Z</time>
      </trkpt>
      <trkpt lat="51.639526" lon="10.721333">
        <ele>586.090282</ele>
        <time>2026-04-08T14:59:22.000Z</time>
      </trkpt>
      <trkpt lat="51.639510" lon="10.721348">
        <ele>586.268479</ele>
        <time>2026-04-08T14:59:23.000Z</time>
      </trkpt>
      <trkpt lat="51.639491" lon="10.721363">
        <ele>586.472155</ele>
        <time>2026-04-08T14:59:24.000Z</time>
      </trkpt>
      <trkpt lat="51.639476" lon="10.721377">
        <ele>586.639027</ele>
        <time>2026-04-08T14:59:25.000Z</time>
      </trkpt>
      <trkpt lat="51.639457" lon="10.721392">
        <ele>586.842704</ele>
        <time>2026-04-08T14:59:26.000Z</time>
      </trkpt>
      <trkpt lat="51.639438" lon="10.721409">
        <ele>587.051913</ele>
        <time>2026-04-08T14:59:27.000Z</time>
      </trkpt>
      <trkpt lat="51.639422" lon="10.721427">
        <ele>587.239763</ele>
        <time>2026-04-08T14:59:28.000Z</time>
      </trkpt>
      <trkpt lat="51.639407" lon="10.721447">
        <ele>587.427186</ele>
        <time>2026-04-08T14:59:29.000Z</time>
      </trkpt>
      <trkpt lat="51.639388" lon="10.721463">
        <ele>587.633561</ele>
        <time>2026-04-08T14:59:30.000Z</time>
      </trkpt>
      <trkpt lat="51.639373" lon="10.721478">
        <ele>587.803506</ele>
        <time>2026-04-08T14:59:31.000Z</time>
      </trkpt>
      <trkpt lat="51.639357" lon="10.721494">
        <ele>587.984780</ele>
        <time>2026-04-08T14:59:32.000Z</time>
      </trkpt>
      <trkpt lat="51.639339" lon="10.721510">
        <ele>588.182674</ele>
        <time>2026-04-08T14:59:33.000Z</time>
      </trkpt>
      <trkpt lat="51.639323" lon="10.721525">
        <ele>588.360871</ele>
        <time>2026-04-08T14:59:34.000Z</time>
      </trkpt>
      <trkpt lat="51.639307" lon="10.721539">
        <ele>588.536139</ele>
        <time>2026-04-08T14:59:35.000Z</time>
      </trkpt>
      <trkpt lat="51.639289" lon="10.721554">
        <ele>588.731217</ele>
        <time>2026-04-08T14:59:36.000Z</time>
      </trkpt>
      <trkpt lat="51.639271" lon="10.721566">
        <ele>588.918739</ele>
        <time>2026-04-08T14:59:37.000Z</time>
      </trkpt>
      <trkpt lat="51.639252" lon="10.721577">
        <ele>589.113090</ele>
        <time>2026-04-08T14:59:38.000Z</time>
      </trkpt>
      <trkpt lat="51.639232" lon="10.721594">
        <ele>589.330766</ele>
        <time>2026-04-08T14:59:39.000Z</time>
      </trkpt>
      <trkpt lat="51.639216" lon="10.721613">
        <ele>589.522098</ele>
        <time>2026-04-08T14:59:40.000Z</time>
      </trkpt>
      <trkpt lat="51.639198" lon="10.721632">
        <ele>589.729245</ele>
        <time>2026-04-08T14:59:41.000Z</time>
      </trkpt>
      <trkpt lat="51.639182" lon="10.721650">
        <ele>589.917095</ele>
        <time>2026-04-08T14:59:42.000Z</time>
      </trkpt>
      <trkpt lat="51.639163" lon="10.721669">
        <ele>590.132359</ele>
        <time>2026-04-08T14:59:43.000Z</time>
      </trkpt>
      <trkpt lat="51.639147" lon="10.721687">
        <ele>590.320209</ele>
        <time>2026-04-08T14:59:44.000Z</time>
      </trkpt>
      <trkpt lat="51.639129" lon="10.721704">
        <ele>590.521057</ele>
        <time>2026-04-08T14:59:45.000Z</time>
      </trkpt>
      <trkpt lat="51.639110" lon="10.721721">
        <ele>590.730266</ele>
        <time>2026-04-08T14:59:46.000Z</time>
      </trkpt>
      <trkpt lat="51.639090" lon="10.721735">
        <ele>590.940179</ele>
        <time>2026-04-08T14:59:47.000Z</time>
      </trkpt>
      <trkpt lat="51.639075" lon="10.721751">
        <ele>591.113349</ele>
        <time>2026-04-08T14:59:48.000Z</time>
      </trkpt>
      <trkpt lat="51.639056" lon="10.721768">
        <ele>591.322559</ele>
        <time>2026-04-08T14:59:49.000Z</time>
      </trkpt>
      <trkpt lat="51.639040" lon="10.721782">
        <ele>591.497827</ele>
        <time>2026-04-08T14:59:50.000Z</time>
      </trkpt>
      <trkpt lat="51.639022" lon="10.721796">
        <ele>591.690234</ele>
        <time>2026-04-08T14:59:51.000Z</time>
      </trkpt>
      <trkpt lat="51.639003" lon="10.721809">
        <ele>591.888944</ele>
        <time>2026-04-08T14:59:52.000Z</time>
      </trkpt>
      <trkpt lat="51.638987" lon="10.721824">
        <ele>592.067141</ele>
        <time>2026-04-08T14:59:53.000Z</time>
      </trkpt>
      <trkpt lat="51.638969" lon="10.721838">
        <ele>592.259548</ele>
        <time>2026-04-08T14:59:54.000Z</time>
      </trkpt>
      <trkpt lat="51.638950" lon="10.721851">
        <ele>592.458258</ele>
        <time>2026-04-08T14:59:55.000Z</time>
      </trkpt>
      <trkpt lat="51.638934" lon="10.721866">
        <ele>592.636455</ele>
        <time>2026-04-08T14:59:56.000Z</time>
      </trkpt>
      <trkpt lat="51.638915" lon="10.721880">
        <ele>592.837576</ele>
        <time>2026-04-08T14:59:57.000Z</time>
      </trkpt>
      <trkpt lat="51.638896" lon="10.721890">
        <ele>593.029989</ele>
        <time>2026-04-08T14:59:58.000Z</time>
      </trkpt>
      <trkpt lat="51.638880" lon="10.721903">
        <ele>593.202486</ele>
        <time>2026-04-08T14:59:59.000Z</time>
      </trkpt>
      <trkpt lat="51.638859" lon="10.721916">
        <ele>593.419048</ele>
        <time>2026-04-08T15:00:00.000Z</time>
      </trkpt>
      <trkpt lat="51.638842" lon="10.721928">
        <ele>593.597713</ele>
        <time>2026-04-08T15:00:01.000Z</time>
      </trkpt>
      <trkpt lat="51.638821" lon="10.721940">
        <ele>593.812205</ele>
        <time>2026-04-08T15:00:02.000Z</time>
      </trkpt>
      <trkpt lat="51.638801" lon="10.721950">
        <ele>594.013791</ele>
        <time>2026-04-08T15:00:03.000Z</time>
      </trkpt>
      <trkpt lat="51.638780" lon="10.721960">
        <ele>594.224591</ele>
        <time>2026-04-08T15:00:04.000Z</time>
      </trkpt>
      <trkpt lat="51.638762" lon="10.721973">
        <ele>594.414477</ele>
        <time>2026-04-08T15:00:05.000Z</time>
      </trkpt>
      <trkpt lat="51.638744" lon="10.721986">
        <ele>594.604364</ele>
        <time>2026-04-08T15:00:06.000Z</time>
      </trkpt>
      <trkpt lat="51.638725" lon="10.722000">
        <ele>594.805484</ele>
        <time>2026-04-08T15:00:07.000Z</time>
      </trkpt>
      <trkpt lat="51.638706" lon="10.722015">
        <ele>595.009162</ele>
        <time>2026-04-08T15:00:08.000Z</time>
      </trkpt>
      <trkpt lat="51.638686" lon="10.722027">
        <ele>595.214606</ele>
        <time>2026-04-08T15:00:09.000Z</time>
      </trkpt>
      <trkpt lat="51.638671" lon="10.722038">
        <ele>595.373255</ele>
        <time>2026-04-08T15:00:10.000Z</time>
      </trkpt>
      <trkpt lat="51.638652" lon="10.722050">
        <ele>595.569707</ele>
        <time>2026-04-08T15:00:11.000Z</time>
      </trkpt>
      <trkpt lat="51.638633" lon="10.722060">
        <ele>595.762120</ele>
        <time>2026-04-08T15:00:12.000Z</time>
      </trkpt>
      <trkpt lat="51.638618" lon="10.722068">
        <ele>595.914222</ele>
        <time>2026-04-08T15:00:13.000Z</time>
      </trkpt>
      <trkpt lat="51.638596" lon="10.722080">
        <ele>596.137810</ele>
        <time>2026-04-08T15:00:14.000Z</time>
      </trkpt>
      <trkpt lat="51.638579" lon="10.722092">
        <ele>596.316475</ele>
        <time>2026-04-08T15:00:15.000Z</time>
      </trkpt>
      <trkpt lat="51.638561" lon="10.722103">
        <ele>596.501796</ele>
        <time>2026-04-08T15:00:16.000Z</time>
      </trkpt>
      <trkpt lat="51.638541" lon="10.722112">
        <ele>596.701693</ele>
        <time>2026-04-08T15:00:17.000Z</time>
      </trkpt>
      <trkpt lat="51.638522" lon="10.722120">
        <ele>596.890737</ele>
        <time>2026-04-08T15:00:18.000Z</time>
      </trkpt>
      <trkpt lat="51.638503" lon="10.722127">
        <ele>597.078361</ele>
        <time>2026-04-08T15:00:19.000Z</time>
      </trkpt>
      <trkpt lat="51.638488" lon="10.722133">
        <ele>597.227141</ele>
        <time>2026-04-08T15:00:20.000Z</time>
      </trkpt>
      <trkpt lat="51.638466" lon="10.722139">
        <ele>597.441936</ele>
        <time>2026-04-08T15:00:21.000Z</time>
      </trkpt>
      <trkpt lat="51.638450" lon="10.722146">
        <ele>597.601536</ele>
        <time>2026-04-08T15:00:22.000Z</time>
      </trkpt>
      <trkpt lat="51.638427" lon="10.722151">
        <ele>597.744469</ele>
        <time>2026-04-08T15:00:23.000Z</time>
      </trkpt>
      <trkpt lat="51.638408" lon="10.722156">
        <ele>597.798829</ele>
        <time>2026-04-08T15:00:24.000Z</time>
      </trkpt>
      <trkpt lat="51.638389" lon="10.722160">
        <ele>597.852934</ele>
        <time>2026-04-08T15:00:25.000Z</time>
      </trkpt>
      <trkpt lat="51.638370" lon="10.722167">
        <ele>597.907967</ele>
        <time>2026-04-08T15:00:26.000Z</time>
      </trkpt>
      <trkpt lat="51.638350" lon="10.722174">
        <ele>597.965757</ele>
        <time>2026-04-08T15:00:27.000Z</time>
      </trkpt>
      <trkpt lat="51.638329" lon="10.722182">
        <ele>598.026688</ele>
        <time>2026-04-08T15:00:28.000Z</time>
      </trkpt>
      <trkpt lat="51.638308" lon="10.722193">
        <ele>598.089039</ele>
        <time>2026-04-08T15:00:29.000Z</time>
      </trkpt>
      <trkpt lat="51.638290" lon="10.722199">
        <ele>598.140941</ele>
        <time>2026-04-08T15:00:30.000Z</time>
      </trkpt>
      <trkpt lat="51.638268" lon="10.722208">
        <ele>598.205032</ele>
        <time>2026-04-08T15:00:31.000Z</time>
      </trkpt>
      <trkpt lat="51.638245" lon="10.722215">
        <ele>598.271124</ele>
        <time>2026-04-08T15:00:32.000Z</time>
      </trkpt>
      <trkpt lat="51.638222" lon="10.722226">
        <ele>598.338868</ele>
        <time>2026-04-08T15:00:33.000Z</time>
      </trkpt>
      <trkpt lat="51.638196" lon="10.722237">
        <ele>598.414771</ele>
        <time>2026-04-08T15:00:34.000Z</time>
      </trkpt>
      <trkpt lat="51.638172" lon="10.722247">
        <ele>598.484767</ele>
        <time>2026-04-08T15:00:35.000Z</time>
      </trkpt>
      <trkpt lat="51.638143" lon="10.722259">
        <ele>598.569310</ele>
        <time>2026-04-08T15:00:36.000Z</time>
      </trkpt>
      <trkpt lat="51.638119" lon="10.722271">
        <ele>598.640265</ele>
        <time>2026-04-08T15:00:37.000Z</time>
      </trkpt>
      <trkpt lat="51.638093" lon="10.722281">
        <ele>598.715742</ele>
        <time>2026-04-08T15:00:38.000Z</time>
      </trkpt>
      <trkpt lat="51.638066" lon="10.722291">
        <ele>598.793968</ele>
        <time>2026-04-08T15:00:39.000Z</time>
      </trkpt>
      <trkpt lat="51.638040" lon="10.722303">
        <ele>598.870335</ele>
        <time>2026-04-08T15:00:40.000Z</time>
      </trkpt>
      <trkpt lat="51.638013" lon="10.722313">
        <ele>598.948562</ele>
        <time>2026-04-08T15:00:41.000Z</time>
      </trkpt>
      <trkpt lat="51.637989" lon="10.722324">
        <ele>599.019017</ele>
        <time>2026-04-08T15:00:42.000Z</time>
      </trkpt>
      <trkpt lat="51.637966" lon="10.722332">
        <ele>599.085457</ele>
        <time>2026-04-08T15:00:43.000Z</time>
      </trkpt>
      <trkpt lat="51.637940" lon="10.722340">
        <ele>599.160198</ele>
        <time>2026-04-08T15:00:44.000Z</time>
      </trkpt>
      <trkpt lat="51.637913" lon="10.722351">
        <ele>599.238835</ele>
        <time>2026-04-08T15:00:45.000Z</time>
      </trkpt>
      <trkpt lat="51.637890" lon="10.722358">
        <ele>599.304927</ele>
        <time>2026-04-08T15:00:46.000Z</time>
      </trkpt>
      <trkpt lat="51.637864" lon="10.722367">
        <ele>599.380017</ele>
        <time>2026-04-08T15:00:47.000Z</time>
      </trkpt>
      <trkpt lat="51.637837" lon="10.722374">
        <ele>599.457236</ele>
        <time>2026-04-08T15:00:48.000Z</time>
      </trkpt>
      <trkpt lat="51.637811" lon="10.722378">
        <ele>599.530984</ele>
        <time>2026-04-08T15:00:49.000Z</time>
      </trkpt>
      <trkpt lat="51.637781" lon="10.722383">
        <ele>599.616145</ele>
        <time>2026-04-08T15:00:50.000Z</time>
      </trkpt>
      <trkpt lat="51.637753" lon="10.722388">
        <ele>599.695691</ele>
        <time>2026-04-08T15:00:51.000Z</time>
      </trkpt>
      <trkpt lat="51.637727" lon="10.722391">
        <ele>599.769293</ele>
        <time>2026-04-08T15:00:52.000Z</time>
      </trkpt>
      <trkpt lat="51.637696" lon="10.722394">
        <ele>599.856984</ele>
        <time>2026-04-08T15:00:53.000Z</time>
      </trkpt>
      <trkpt lat="51.637669" lon="10.722398">
        <ele>599.933544</ele>
        <time>2026-04-08T15:00:54.000Z</time>
      </trkpt>
      <trkpt lat="51.637639" lon="10.722403">
        <ele>600.018705</ele>
        <time>2026-04-08T15:00:55.000Z</time>
      </trkpt>
      <trkpt lat="51.637609" lon="10.722406">
        <ele>600.103577</ele>
        <time>2026-04-08T15:00:56.000Z</time>
      </trkpt>
      <trkpt lat="51.637578" lon="10.722408">
        <ele>600.191180</ele>
        <time>2026-04-08T15:00:57.000Z</time>
      </trkpt>
      <trkpt lat="51.637552" lon="10.722414">
        <ele>600.265343</ele>
        <time>2026-04-08T15:00:58.000Z</time>
      </trkpt>
      <trkpt lat="51.637521" lon="10.722418">
        <ele>600.353156</ele>
        <time>2026-04-08T15:00:59.000Z</time>
      </trkpt>
      <trkpt lat="51.637491" lon="10.722427">
        <ele>600.439321</ele>
        <time>2026-04-08T15:01:00.000Z</time>
      </trkpt>
      <trkpt lat="51.637461" lon="10.722434">
        <ele>600.524914</ele>
        <time>2026-04-08T15:01:01.000Z</time>
      </trkpt>
      <trkpt lat="51.637430" lon="10.722442">
        <ele>600.613562</ele>
        <time>2026-04-08T15:01:02.000Z</time>
      </trkpt>
      <trkpt lat="51.637399" lon="10.722452">
        <ele>600.702832</ele>
        <time>2026-04-08T15:01:03.000Z</time>
      </trkpt>
      <trkpt lat="51.637373" lon="10.722458">
        <ele>600.776995</ele>
        <time>2026-04-08T15:01:04.000Z</time>
      </trkpt>
      <trkpt lat="51.637343" lon="10.722463">
        <ele>600.862156</ele>
        <time>2026-04-08T15:01:05.000Z</time>
      </trkpt>
      <trkpt lat="51.637312" lon="10.722469">
        <ele>600.950318</ele>
        <time>2026-04-08T15:01:06.000Z</time>
      </trkpt>
      <trkpt lat="51.637282" lon="10.722474">
        <ele>601.035479</ele>
        <time>2026-04-08T15:01:07.000Z</time>
      </trkpt>
      <trkpt lat="51.637251" lon="10.722477">
        <ele>601.123170</ele>
        <time>2026-04-08T15:01:08.000Z</time>
      </trkpt>
      <trkpt lat="51.637215" lon="10.722478">
        <ele>601.224836</ele>
        <time>2026-04-08T15:01:09.000Z</time>
      </trkpt>
      <trkpt lat="51.637183" lon="10.722478">
        <ele>601.315192</ele>
        <time>2026-04-08T15:01:10.000Z</time>
      </trkpt>
      <trkpt lat="51.637148" lon="10.722481">
        <ele>601.414159</ele>
        <time>2026-04-08T15:01:11.000Z</time>
      </trkpt>
      <trkpt lat="51.637110" lon="10.722479">
        <ele>601.521514</ele>
        <time>2026-04-08T15:01:12.000Z</time>
      </trkpt>
      <trkpt lat="51.637072" lon="10.722471">
        <ele>601.629725</ele>
        <time>2026-04-08T15:01:13.000Z</time>
      </trkpt>
      <trkpt lat="51.637034" lon="10.722460">
        <ele>601.738741</ele>
        <time>2026-04-08T15:01:14.000Z</time>
      </trkpt>
      <trkpt lat="51.636995" lon="10.722446">
        <ele>601.851562</ele>
        <time>2026-04-08T15:01:15.000Z</time>
      </trkpt>
      <trkpt lat="51.636955" lon="10.722435">
        <ele>601.966141</ele>
        <time>2026-04-08T15:01:16.000Z</time>
      </trkpt>
      <trkpt lat="51.636922" lon="10.722427">
        <ele>602.060370</ele>
        <time>2026-04-08T15:01:17.000Z</time>
      </trkpt>
      <trkpt lat="51.636895" lon="10.722422">
        <ele>602.137110</ele>
        <time>2026-04-08T15:01:18.000Z</time>
      </trkpt>
      <trkpt lat="51.636872" lon="10.722416">
        <ele>602.202899</ele>
        <time>2026-04-08T15:01:19.000Z</time>
      </trkpt>
      <trkpt lat="51.636861" lon="10.722415">
        <ele>602.234009</ele>
        <time>2026-04-08T15:01:20.000Z</time>
      </trkpt>
      <trkpt lat="51.636860" lon="10.722415">
        <ele>602.236832</ele>
        <time>2026-04-08T15:01:21.000Z</time>
      </trkpt>
      <trkpt lat="51.636860" lon="10.722415">
        <ele>602.236832</ele>
        <time>2026-04-08T15:01:22.000Z</time>
      </trkpt>
      <trkpt lat="51.636761" lon="10.722435">
        <ele>602.518561</ele>
        <time>2026-04-08T15:12:51.000Z</time>
      </trkpt>
      <trkpt lat="51.636730" lon="10.722434">
        <ele>602.606111</ele>
        <time>2026-04-08T15:12:52.000Z</time>
      </trkpt>
      <trkpt lat="51.636698" lon="10.722433">
        <ele>602.696484</ele>
        <time>2026-04-08T15:12:53.000Z</time>
      </trkpt>
      <trkpt lat="51.636657" lon="10.722432">
        <ele>602.731834</ele>
        <time>2026-04-08T15:12:54.000Z</time>
      </trkpt>
      <trkpt lat="51.636615" lon="10.722425">
        <ele>602.424679</ele>
        <time>2026-04-08T15:12:55.000Z</time>
      </trkpt>
      <trkpt lat="51.636572" lon="10.722420">
        <ele>602.111066</ele>
        <time>2026-04-08T15:12:56.000Z</time>
      </trkpt>
      <trkpt lat="51.636527" lon="10.722419">
        <ele>601.783687</ele>
        <time>2026-04-08T15:12:57.000Z</time>
      </trkpt>
      <trkpt lat="51.636478" lon="10.722409">
        <ele>601.424393</ele>
        <time>2026-04-08T15:12:58.000Z</time>
      </trkpt>
      <trkpt lat="51.636429" lon="10.722399">
        <ele>601.065099</ele>
        <time>2026-04-08T15:12:59.000Z</time>
      </trkpt>
      <trkpt lat="51.636379" lon="10.722386">
        <ele>600.696674</ele>
        <time>2026-04-08T15:13:00.000Z</time>
      </trkpt>
      <trkpt lat="51.636328" lon="10.722362">
        <ele>600.310179</ele>
        <time>2026-04-08T15:13:01.000Z</time>
      </trkpt>
      <trkpt lat="51.636276" lon="10.722337">
        <ele>599.915429</ele>
        <time>2026-04-08T15:13:02.000Z</time>
      </trkpt>
      <trkpt lat="51.636227" lon="10.722305">
        <ele>599.530817</ele>
        <time>2026-04-08T15:13:03.000Z</time>
      </trkpt>
      <trkpt lat="51.636179" lon="10.722271">
        <ele>599.149392</ele>
        <time>2026-04-08T15:13:04.000Z</time>
      </trkpt>
      <trkpt lat="51.636132" lon="10.722238">
        <ele>598.776442</ele>
        <time>2026-04-08T15:13:05.000Z</time>
      </trkpt>
      <trkpt lat="51.636080" lon="10.722207">
        <ele>598.373110</ele>
        <time>2026-04-08T15:13:06.000Z</time>
      </trkpt>
      <trkpt lat="51.636021" lon="10.722187">
        <ele>597.934524</ele>
        <time>2026-04-08T15:13:07.000Z</time>
      </trkpt>
      <trkpt lat="51.635962" lon="10.722170">
        <ele>597.498526</ele>
        <time>2026-04-08T15:13:08.000Z</time>
      </trkpt>
      <trkpt lat="51.635897" lon="10.722154">
        <ele>597.020203</ele>
        <time>2026-04-08T15:13:09.000Z</time>
      </trkpt>
      <trkpt lat="51.635834" lon="10.722137">
        <ele>596.555533</ele>
        <time>2026-04-08T15:13:10.000Z</time>
      </trkpt>
      <trkpt lat="51.635766" lon="10.722124">
        <ele>596.057403</ele>
        <time>2026-04-08T15:13:11.000Z</time>
      </trkpt>
      <trkpt lat="51.635697" lon="10.722109">
        <ele>595.550921</ele>
        <time>2026-04-08T15:13:12.000Z</time>
      </trkpt>
      <trkpt lat="51.635629" lon="10.722097">
        <ele>595.053304</ele>
        <time>2026-04-08T15:13:13.000Z</time>
      </trkpt>
      <trkpt lat="51.635560" lon="10.722083">
        <ele>594.547406</ele>
        <time>2026-04-08T15:13:14.000Z</time>
      </trkpt>
      <trkpt lat="51.635496" lon="10.722067">
        <ele>594.076273</ele>
        <time>2026-04-08T15:13:15.000Z</time>
      </trkpt>
      <trkpt lat="51.635432" lon="10.722051">
        <ele>593.605140</ele>
        <time>2026-04-08T15:13:16.000Z</time>
      </trkpt>
      <trkpt lat="51.635375" lon="10.722035">
        <ele>593.184253</ele>
        <time>2026-04-08T15:13:17.000Z</time>
      </trkpt>
      <trkpt lat="51.635315" lon="10.722013">
        <ele>592.736629</ele>
        <time>2026-04-08T15:13:18.000Z</time>
      </trkpt>
      <trkpt lat="51.635256" lon="10.721994">
        <ele>592.298950</ele>
        <time>2026-04-08T15:13:19.000Z</time>
      </trkpt>
      <trkpt lat="51.635191" lon="10.721995">
        <ele>591.826092</ele>
        <time>2026-04-08T15:13:20.000Z</time>
      </trkpt>
      <trkpt lat="51.635127" lon="10.722005">
        <ele>591.358346</ele>
        <time>2026-04-08T15:13:21.000Z</time>
      </trkpt>
      <trkpt lat="51.635062" lon="10.722015">
        <ele>590.883359</ele>
        <time>2026-04-08T15:13:22.000Z</time>
      </trkpt>
      <trkpt lat="51.634994" lon="10.722032">
        <ele>590.382780</ele>
        <time>2026-04-08T15:13:23.000Z</time>
      </trkpt>
      <trkpt lat="51.634921" lon="10.722055">
        <ele>589.841691</ele>
        <time>2026-04-08T15:13:24.000Z</time>
      </trkpt>
      <trkpt lat="51.634851" lon="10.722083">
        <ele>589.214177</ele>
        <time>2026-04-08T15:13:25.000Z</time>
      </trkpt>
      <trkpt lat="51.634782" lon="10.722114">
        <ele>588.555217</ele>
        <time>2026-04-08T15:13:26.000Z</time>
      </trkpt>
      <trkpt lat="51.634713" lon="10.722144">
        <ele>587.897768</ele>
        <time>2026-04-08T15:13:27.000Z</time>
      </trkpt>
      <trkpt lat="51.634649" lon="10.722174">
        <ele>587.284609</ele>
        <time>2026-04-08T15:13:28.000Z</time>
      </trkpt>
      <trkpt lat="51.634585" lon="10.722202">
        <ele>586.674542</ele>
        <time>2026-04-08T15:13:29.000Z</time>
      </trkpt>
      <trkpt lat="51.634520" lon="10.722231">
        <ele>586.054093</ele>
        <time>2026-04-08T15:13:30.000Z</time>
      </trkpt>
      <trkpt lat="51.634453" lon="10.722260">
        <ele>585.415894</ele>
        <time>2026-04-08T15:13:31.000Z</time>
      </trkpt>
      <trkpt lat="51.634385" lon="10.722294">
        <ele>584.760919</ele>
        <time>2026-04-08T15:13:32.000Z</time>
      </trkpt>
      <trkpt lat="51.634312" lon="10.722327">
        <ele>584.063446</ele>
        <time>2026-04-08T15:13:33.000Z</time>
      </trkpt>
      <trkpt lat="51.634238" lon="10.722362">
        <ele>583.353980</ele>
        <time>2026-04-08T15:13:34.000Z</time>
      </trkpt>
      <trkpt lat="51.634166" lon="10.722395">
        <ele>582.665360</ele>
        <time>2026-04-08T15:13:35.000Z</time>
      </trkpt>
      <trkpt lat="51.634090" lon="10.722428">
        <ele>581.941277</ele>
        <time>2026-04-08T15:13:36.000Z</time>
      </trkpt>
      <trkpt lat="51.634021" lon="10.722463">
        <ele>581.275818</ele>
        <time>2026-04-08T15:13:37.000Z</time>
      </trkpt>
      <trkpt lat="51.633952" lon="10.722499">
        <ele>580.608622</ele>
        <time>2026-04-08T15:13:38.000Z</time>
      </trkpt>
      <trkpt lat="51.633886" lon="10.722537">
        <ele>579.963872</ele>
        <time>2026-04-08T15:13:39.000Z</time>
      </trkpt>
      <trkpt lat="51.633821" lon="10.722574">
        <ele>579.329702</ele>
        <time>2026-04-08T15:13:40.000Z</time>
      </trkpt>
      <trkpt lat="51.633760" lon="10.722611">
        <ele>578.730102</ele>
        <time>2026-04-08T15:13:41.000Z</time>
      </trkpt>
      <trkpt lat="51.633702" lon="10.722648">
        <ele>578.156246</ele>
        <time>2026-04-08T15:13:42.000Z</time>
      </trkpt>
      <trkpt lat="51.633651" lon="10.722680">
        <ele>577.652765</ele>
        <time>2026-04-08T15:13:43.000Z</time>
      </trkpt>
      <trkpt lat="51.633601" lon="10.722712">
        <ele>577.157844</ele>
        <time>2026-04-08T15:13:44.000Z</time>
      </trkpt>
      <trkpt lat="51.633556" lon="10.722742">
        <ele>576.709841</ele>
        <time>2026-04-08T15:13:45.000Z</time>
      </trkpt>
      <trkpt lat="51.633517" lon="10.722756">
        <ele>576.342275</ele>
        <time>2026-04-08T15:13:46.000Z</time>
      </trkpt>
      <trkpt lat="51.633489" lon="10.722749">
        <ele>576.081616</ele>
        <time>2026-04-08T15:13:47.000Z</time>
      </trkpt>
      <trkpt lat="51.633468" lon="10.722723">
        <ele>575.837979</ele>
        <time>2026-04-08T15:13:48.000Z</time>
      </trkpt>
      <trkpt lat="51.633462" lon="10.722685">
        <ele>575.614095</ele>
        <time>2026-04-08T15:13:49.000Z</time>
      </trkpt>
      <trkpt lat="51.633461" lon="10.722650">
        <ele>575.414039</ele>
        <time>2026-04-08T15:13:50.000Z</time>
      </trkpt>
      <trkpt lat="51.633467" lon="10.722617">
        <ele>575.217697</ele>
        <time>2026-04-08T15:13:51.000Z</time>
      </trkpt>
      <trkpt lat="51.633482" lon="10.722585">
        <ele>574.988731</ele>
        <time>2026-04-08T15:13:52.000Z</time>
      </trkpt>
      <trkpt lat="51.633510" lon="10.722557">
        <ele>574.685571</ele>
        <time>2026-04-08T15:13:53.000Z</time>
      </trkpt>
      <trkpt lat="51.633544" lon="10.722539">
        <ele>574.356346</ele>
        <time>2026-04-08T15:13:54.000Z</time>
      </trkpt>
      <trkpt lat="51.633581" lon="10.722526">
        <ele>574.007977</ele>
        <time>2026-04-08T15:13:55.000Z</time>
      </trkpt>
      <trkpt lat="51.633627" lon="10.722509">
        <ele>573.573824</ele>
        <time>2026-04-08T15:13:56.000Z</time>
      </trkpt>
      <trkpt lat="51.633668" lon="10.722488">
        <ele>573.178057</ele>
        <time>2026-04-08T15:13:57.000Z</time>
      </trkpt>
      <trkpt lat="51.633706" lon="10.722464">
        <ele>573.333709</ele>
        <time>2026-04-08T15:13:58.000Z</time>
      </trkpt>
      <trkpt lat="51.633744" lon="10.722438">
        <ele>573.518790</ele>
        <time>2026-04-08T15:13:59.000Z</time>
      </trkpt>
      <trkpt lat="51.633779" lon="10.722411">
        <ele>573.692756</ele>
        <time>2026-04-08T15:14:00.000Z</time>
      </trkpt>
      <trkpt lat="51.633812" lon="10.722383">
        <ele>573.859958</ele>
        <time>2026-04-08T15:14:01.000Z</time>
      </trkpt>
      <trkpt lat="51.633844" lon="10.722354">
        <ele>574.024553</ele>
        <time>2026-04-08T15:14:02.000Z</time>
      </trkpt>
      <trkpt lat="51.633875" lon="10.722324">
        <ele>574.186671</ele>
        <time>2026-04-08T15:14:03.000Z</time>
      </trkpt>
      <trkpt lat="51.633909" lon="10.722295">
        <ele>574.359137</ele>
        <time>2026-04-08T15:14:04.000Z</time>
      </trkpt>
      <trkpt lat="51.633940" lon="10.722267">
        <ele>574.518461</ele>
        <time>2026-04-08T15:14:05.000Z</time>
      </trkpt>
      <trkpt lat="51.633971" lon="10.722234">
        <ele>574.685031</ele>
        <time>2026-04-08T15:14:06.000Z</time>
      </trkpt>
      <trkpt lat="51.634001" lon="10.722200">
        <ele>574.849464</ele>
        <time>2026-04-08T15:14:07.000Z</time>
      </trkpt>
      <trkpt lat="51.634029" lon="10.722166">
        <ele>575.006649</ele>
        <time>2026-04-08T15:14:08.000Z</time>
      </trkpt>
      <trkpt lat="51.634056" lon="10.722136">
        <ele>575.153685</ele>
        <time>2026-04-08T15:14:09.000Z</time>
      </trkpt>
      <trkpt lat="51.634086" lon="10.722105">
        <ele>575.313461</ele>
        <time>2026-04-08T15:14:10.000Z</time>
      </trkpt>
      <trkpt lat="51.634116" lon="10.722071">
        <ele>575.477894</ele>
        <time>2026-04-08T15:14:11.000Z</time>
      </trkpt>
      <trkpt lat="51.634154" lon="10.722032">
        <ele>575.679878</ele>
        <time>2026-04-08T15:14:12.000Z</time>
      </trkpt>
      <trkpt lat="51.634188" lon="10.721993">
        <ele>575.866986</ele>
        <time>2026-04-08T15:14:13.000Z</time>
      </trkpt>
      <trkpt lat="51.634225" lon="10.721950">
        <ele>576.071509</ele>
        <time>2026-04-08T15:14:14.000Z</time>
      </trkpt>
      <trkpt lat="51.634264" lon="10.721907">
        <ele>576.283368</ele>
        <time>2026-04-08T15:14:15.000Z</time>
      </trkpt>
      <trkpt lat="51.634296" lon="10.721868">
        <ele>576.463247</ele>
        <time>2026-04-08T15:14:16.000Z</time>
      </trkpt>
      <trkpt lat="51.634329" lon="10.721824">
        <ele>576.655277</ele>
        <time>2026-04-08T15:14:17.000Z</time>
      </trkpt>
      <trkpt lat="51.634366" lon="10.721781">
        <ele>576.859800</ele>
        <time>2026-04-08T15:14:18.000Z</time>
      </trkpt>
      <trkpt lat="51.634407" lon="10.721740">
        <ele>577.076131</ele>
        <time>2026-04-08T15:14:19.000Z</time>
      </trkpt>
      <trkpt lat="51.634451" lon="10.721694">
        <ele>577.311274</ele>
        <time>2026-04-08T15:14:20.000Z</time>
      </trkpt>
      <trkpt lat="51.634488" lon="10.721652">
        <ele>577.514181</ele>
        <time>2026-04-08T15:14:21.000Z</time>
      </trkpt>
      <trkpt lat="51.634527" lon="10.721609">
        <ele>577.726040</ele>
        <time>2026-04-08T15:14:22.000Z</time>
      </trkpt>
      <trkpt lat="51.634567" lon="10.721567">
        <ele>577.940082</ele>
        <time>2026-04-08T15:14:23.000Z</time>
      </trkpt>
      <trkpt lat="51.634607" lon="10.721523">
        <ele>578.157212</ele>
        <time>2026-04-08T15:14:24.000Z</time>
      </trkpt>
      <trkpt lat="51.634644" lon="10.721478">
        <ele>578.365039</ele>
        <time>2026-04-08T15:14:25.000Z</time>
      </trkpt>
      <trkpt lat="51.634676" lon="10.721435">
        <ele>578.551843</ele>
        <time>2026-04-08T15:14:26.000Z</time>
      </trkpt>
      <trkpt lat="51.634707" lon="10.721396">
        <ele>578.728166</ele>
        <time>2026-04-08T15:14:27.000Z</time>
      </trkpt>
      <trkpt lat="51.634738" lon="10.721363">
        <ele>578.894736</ele>
        <time>2026-04-08T15:14:28.000Z</time>
      </trkpt>
      <trkpt lat="51.634768" lon="10.721331">
        <ele>579.056030</ele>
        <time>2026-04-08T15:14:29.000Z</time>
      </trkpt>
      <trkpt lat="51.634799" lon="10.721297">
        <ele>579.224149</ele>
        <time>2026-04-08T15:14:30.000Z</time>
      </trkpt>
      <trkpt lat="51.634832" lon="10.721261">
        <ele>579.402812</ele>
        <time>2026-04-08T15:14:31.000Z</time>
      </trkpt>
      <trkpt lat="51.634867" lon="10.721222">
        <ele>579.593589</ele>
        <time>2026-04-08T15:14:32.000Z</time>
      </trkpt>
      <trkpt lat="51.634902" lon="10.721183">
        <ele>579.784365</ele>
        <time>2026-04-08T15:14:33.000Z</time>
      </trkpt>
      <trkpt lat="51.634939" lon="10.721148">
        <ele>579.976714</ele>
        <time>2026-04-08T15:14:34.000Z</time>
      </trkpt>
      <trkpt lat="51.634974" lon="10.721110">
        <ele>580.165921</ele>
        <time>2026-04-08T15:14:35.000Z</time>
      </trkpt>
      <trkpt lat="51.635007" lon="10.721071">
        <ele>580.349394</ele>
        <time>2026-04-08T15:14:36.000Z</time>
      </trkpt>
      <trkpt lat="51.635045" lon="10.721033">
        <ele>580.549896</ele>
        <time>2026-04-08T15:14:37.000Z</time>
      </trkpt>
      <trkpt lat="51.635080" lon="10.720992">
        <ele>580.743891</ele>
        <time>2026-04-08T15:14:38.000Z</time>
      </trkpt>
      <trkpt lat="51.635119" lon="10.720949">
        <ele>580.955750</ele>
        <time>2026-04-08T15:14:39.000Z</time>
      </trkpt>
      <trkpt lat="51.635153" lon="10.720910">
        <ele>581.142856</ele>
        <time>2026-04-08T15:14:40.000Z</time>
      </trkpt>
      <trkpt lat="51.635191" lon="10.720868">
        <ele>581.285861</ele>
        <time>2026-04-08T15:14:41.000Z</time>
      </trkpt>
      <trkpt lat="51.635226" lon="10.720828">
        <ele>581.381436</ele>
        <time>2026-04-08T15:14:42.000Z</time>
      </trkpt>
      <trkpt lat="51.635263" lon="10.720787">
        <ele>581.481455</ele>
        <time>2026-04-08T15:14:43.000Z</time>
      </trkpt>
      <trkpt lat="51.635304" lon="10.720747">
        <ele>581.588211</ele>
        <time>2026-04-08T15:14:44.000Z</time>
      </trkpt>
      <trkpt lat="51.635347" lon="10.720704">
        <ele>581.700931</ele>
        <time>2026-04-08T15:14:45.000Z</time>
      </trkpt>
      <trkpt lat="51.635385" lon="10.720663">
        <ele>581.802793</ele>
        <time>2026-04-08T15:14:46.000Z</time>
      </trkpt>
      <trkpt lat="51.635424" lon="10.720619">
        <ele>581.908836</ele>
        <time>2026-04-08T15:14:47.000Z</time>
      </trkpt>
      <trkpt lat="51.635465" lon="10.720576">
        <ele>582.017797</ele>
        <time>2026-04-08T15:14:48.000Z</time>
      </trkpt>
      <trkpt lat="51.635507" lon="10.720534">
        <ele>582.127897</ele>
        <time>2026-04-08T15:14:49.000Z</time>
      </trkpt>
      <trkpt lat="51.635549" lon="10.720487">
        <ele>582.241792</ele>
        <time>2026-04-08T15:14:50.000Z</time>
      </trkpt>
      <trkpt lat="51.635592" lon="10.720438">
        <ele>582.359099</ele>
        <time>2026-04-08T15:14:51.000Z</time>
      </trkpt>
      <trkpt lat="51.635641" lon="10.720387">
        <ele>582.489027</ele>
        <time>2026-04-08T15:14:52.000Z</time>
      </trkpt>
      <trkpt lat="51.635688" lon="10.720335">
        <ele>582.616014</ele>
        <time>2026-04-08T15:14:53.000Z</time>
      </trkpt>
      <trkpt lat="51.635732" lon="10.720285">
        <ele>582.735938</ele>
        <time>2026-04-08T15:14:54.000Z</time>
      </trkpt>
      <trkpt lat="51.635776" lon="10.720237">
        <ele>582.854289</ele>
        <time>2026-04-08T15:14:55.000Z</time>
      </trkpt>
      <trkpt lat="51.635823" lon="10.720189">
        <ele>582.978230</ele>
        <time>2026-04-08T15:14:56.000Z</time>
      </trkpt>
      <trkpt lat="51.635866" lon="10.720141">
        <ele>583.094743</ele>
        <time>2026-04-08T15:14:57.000Z</time>
      </trkpt>
      <trkpt lat="51.635907" lon="10.720096">
        <ele>583.205237</ele>
        <time>2026-04-08T15:14:58.000Z</time>
      </trkpt>
      <trkpt lat="51.635951" lon="10.720051">
        <ele>583.321313</ele>
        <time>2026-04-08T15:14:59.000Z</time>
      </trkpt>
      <trkpt lat="51.635998" lon="10.720005">
        <ele>583.443796</ele>
        <time>2026-04-08T15:15:00.000Z</time>
      </trkpt>
      <trkpt lat="51.636043" lon="10.719963">
        <ele>583.559626</ele>
        <time>2026-04-08T15:15:01.000Z</time>
      </trkpt>
      <trkpt lat="51.636093" lon="10.719917">
        <ele>583.687866</ele>
        <time>2026-04-08T15:15:02.000Z</time>
      </trkpt>
      <trkpt lat="51.636139" lon="10.719872">
        <ele>583.807727</ele>
        <time>2026-04-08T15:15:03.000Z</time>
      </trkpt>
      <trkpt lat="51.636181" lon="10.719828">
        <ele>583.919309</ele>
        <time>2026-04-08T15:15:04.000Z</time>
      </trkpt>
      <trkpt lat="51.636224" lon="10.719779">
        <ele>584.036615</ele>
        <time>2026-04-08T15:15:05.000Z</time>
      </trkpt>
      <trkpt lat="51.636262" lon="10.719729">
        <ele>584.145889</ele>
        <time>2026-04-08T15:15:06.000Z</time>
      </trkpt>
      <trkpt lat="51.636300" lon="10.719675">
        <ele>584.258741</ele>
        <time>2026-04-08T15:15:07.000Z</time>
      </trkpt>
      <trkpt lat="51.636335" lon="10.719615">
        <ele>584.372567</ele>
        <time>2026-04-08T15:15:08.000Z</time>
      </trkpt>
      <trkpt lat="51.636374" lon="10.719554">
        <ele>584.493629</ele>
        <time>2026-04-08T15:15:09.000Z</time>
      </trkpt>
      <trkpt lat="51.636407" lon="10.719496">
        <ele>584.602398</ele>
        <time>2026-04-08T15:15:10.000Z</time>
      </trkpt>
      <trkpt lat="51.636439" lon="10.719432">
        <ele>584.716007</ele>
        <time>2026-04-08T15:15:11.000Z</time>
      </trkpt>
      <trkpt lat="51.636470" lon="10.719366">
        <ele>584.830424</ele>
        <time>2026-04-08T15:15:12.000Z</time>
      </trkpt>
      <trkpt lat="51.636499" lon="10.719304">
        <ele>584.937744</ele>
        <time>2026-04-08T15:15:13.000Z</time>
      </trkpt>
      <trkpt lat="51.636529" lon="10.719240">
        <ele>585.048613</ele>
        <time>2026-04-08T15:15:14.000Z</time>
      </trkpt>
      <trkpt lat="51.636561" lon="10.719173">
        <ele>585.165480</ele>
        <time>2026-04-08T15:15:15.000Z</time>
      </trkpt>
      <trkpt lat="51.636588" lon="10.719106">
        <ele>585.275449</ele>
        <time>2026-04-08T15:15:16.000Z</time>
      </trkpt>
      <trkpt lat="51.636612" lon="10.719032">
        <ele>585.389730</ele>
        <time>2026-04-08T15:15:17.000Z</time>
      </trkpt>
      <trkpt lat="51.636632" lon="10.718961">
        <ele>585.496451</ele>
        <time>2026-04-08T15:15:18.000Z</time>
      </trkpt>
      <trkpt lat="51.636650" lon="10.718884">
        <ele>585.609072</ele>
        <time>2026-04-08T15:15:19.000Z</time>
      </trkpt>
      <trkpt lat="51.636669" lon="10.718806">
        <ele>585.723761</ele>
        <time>2026-04-08T15:15:20.000Z</time>
      </trkpt>
      <trkpt lat="51.636688" lon="10.718729">
        <ele>585.837178</ele>
        <time>2026-04-08T15:15:21.000Z</time>
      </trkpt>
      <trkpt lat="51.636707" lon="10.718649">
        <ele>585.954419</ele>
        <time>2026-04-08T15:15:22.000Z</time>
      </trkpt>
      <trkpt lat="51.636727" lon="10.718566">
        <ele>586.076286</ele>
        <time>2026-04-08T15:15:23.000Z</time>
      </trkpt>
      <trkpt lat="51.636740" lon="10.718485">
        <ele>586.190800</ele>
        <time>2026-04-08T15:15:24.000Z</time>
      </trkpt>
      <trkpt lat="51.636754" lon="10.718407">
        <ele>586.301936</ele>
        <time>2026-04-08T15:15:25.000Z</time>
      </trkpt>
      <trkpt lat="51.636766" lon="10.718327">
        <ele>586.414587</ele>
        <time>2026-04-08T15:15:26.000Z</time>
      </trkpt>
      <trkpt lat="51.636778" lon="10.718243">
        <ele>586.532566</ele>
        <time>2026-04-08T15:15:27.000Z</time>
      </trkpt>
      <trkpt lat="51.636786" lon="10.718159">
        <ele>586.648885</ele>
        <time>2026-04-08T15:15:28.000Z</time>
      </trkpt>
      <trkpt lat="51.636794" lon="10.718072">
        <ele>586.769265</ele>
        <time>2026-04-08T15:15:29.000Z</time>
      </trkpt>
      <trkpt lat="51.636798" lon="10.717980">
        <ele>586.895496</ele>
        <time>2026-04-08T15:15:30.000Z</time>
      </trkpt>
      <trkpt lat="51.636805" lon="10.717899">
        <ele>587.007433</ele>
        <time>2026-04-08T15:15:31.000Z</time>
      </trkpt>
      <trkpt lat="51.636807" lon="10.717808">
        <ele>587.132065</ele>
        <time>2026-04-08T15:15:32.000Z</time>
      </trkpt>
      <trkpt lat="51.636807" lon="10.717714">
        <ele>587.260726</ele>
        <time>2026-04-08T15:15:33.000Z</time>
      </trkpt>
      <trkpt lat="51.636807" lon="10.717620">
        <ele>587.389386</ele>
        <time>2026-04-08T15:15:34.000Z</time>
      </trkpt>
      <trkpt lat="51.636807" lon="10.717534">
        <ele>587.507097</ele>
        <time>2026-04-08T15:15:35.000Z</time>
      </trkpt>
      <trkpt lat="51.636813" lon="10.717440">
        <ele>587.636436</ele>
        <time>2026-04-08T15:15:36.000Z</time>
      </trkpt>
      <trkpt lat="51.636820" lon="10.717359">
        <ele>587.748373</ele>
        <time>2026-04-08T15:15:37.000Z</time>
      </trkpt>
      <trkpt lat="51.636829" lon="10.717266">
        <ele>587.877202</ele>
        <time>2026-04-08T15:15:38.000Z</time>
      </trkpt>
      <trkpt lat="51.636833" lon="10.717182">
        <ele>587.992514</ele>
        <time>2026-04-08T15:15:39.000Z</time>
      </trkpt>
      <trkpt lat="51.636843" lon="10.717094">
        <ele>588.114964</ele>
        <time>2026-04-08T15:15:40.000Z</time>
      </trkpt>
      <trkpt lat="51.636851" lon="10.717013">
        <ele>588.227226</ele>
        <time>2026-04-08T15:15:41.000Z</time>
      </trkpt>
      <trkpt lat="51.636860" lon="10.716927">
        <ele>588.346598</ele>
        <time>2026-04-08T15:15:42.000Z</time>
      </trkpt>
      <trkpt lat="51.636870" lon="10.716839">
        <ele>588.469048</ele>
        <time>2026-04-08T15:15:43.000Z</time>
      </trkpt>
      <trkpt lat="51.636878" lon="10.716748">
        <ele>588.594846</ele>
        <time>2026-04-08T15:15:44.000Z</time>
      </trkpt>
      <trkpt lat="51.636889" lon="10.716667">
        <ele>588.708335</ele>
        <time>2026-04-08T15:15:45.000Z</time>
      </trkpt>
      <trkpt lat="51.636897" lon="10.716578">
        <ele>588.831423</ele>
        <time>2026-04-08T15:15:46.000Z</time>
      </trkpt>
      <trkpt lat="51.636904" lon="10.716498">
        <ele>588.942004</ele>
        <time>2026-04-08T15:15:47.000Z</time>
      </trkpt>
      <trkpt lat="51.636913" lon="10.716409">
        <ele>589.065427</ele>
        <time>2026-04-08T15:15:48.000Z</time>
      </trkpt>
      <trkpt lat="51.636922" lon="10.716335">
        <ele>589.168639</ele>
        <time>2026-04-08T15:15:49.000Z</time>
      </trkpt>
      <trkpt lat="51.636930" lon="10.716251">
        <ele>589.211051</ele>
        <time>2026-04-08T15:15:50.000Z</time>
      </trkpt>
      <trkpt lat="51.636938" lon="10.716162">
        <ele>589.232126</ele>
        <time>2026-04-08T15:15:51.000Z</time>
      </trkpt>
      <trkpt lat="51.636950" lon="10.716074">
        <ele>589.253240</ele>
        <time>2026-04-08T15:15:52.000Z</time>
      </trkpt>
      <trkpt lat="51.636961" lon="10.715997">
        <ele>589.271756</ele>
        <time>2026-04-08T15:15:53.000Z</time>
      </trkpt>
      <trkpt lat="51.636973" lon="10.715908">
        <ele>589.293099</ele>
        <time>2026-04-08T15:15:54.000Z</time>
      </trkpt>
      <trkpt lat="51.636984" lon="10.715833">
        <ele>589.311159</ele>
        <time>2026-04-08T15:15:55.000Z</time>
      </trkpt>
      <trkpt lat="51.636996" lon="10.715747">
        <ele>589.331815</ele>
        <time>2026-04-08T15:15:56.000Z</time>
      </trkpt>
      <trkpt lat="51.637004" lon="10.715674">
        <ele>589.349187</ele>
        <time>2026-04-08T15:15:57.000Z</time>
      </trkpt>
      <trkpt lat="51.637018" lon="10.715594">
        <ele>589.368666</ele>
        <time>2026-04-08T15:15:58.000Z</time>
      </trkpt>
      <trkpt lat="51.637030" lon="10.715522">
        <ele>589.386136</ele>
        <time>2026-04-08T15:15:59.000Z</time>
      </trkpt>
      <trkpt lat="51.637045" lon="10.715441">
        <ele>589.405945</ele>
        <time>2026-04-08T15:16:00.000Z</time>
      </trkpt>
      <trkpt lat="51.637056" lon="10.715371">
        <ele>589.422866</ele>
        <time>2026-04-08T15:16:01.000Z</time>
      </trkpt>
      <trkpt lat="51.637072" lon="10.715287">
        <ele>589.443457</ele>
        <time>2026-04-08T15:16:02.000Z</time>
      </trkpt>
      <trkpt lat="51.637086" lon="10.715213">
        <ele>589.461587</ele>
        <time>2026-04-08T15:16:03.000Z</time>
      </trkpt>
      <trkpt lat="51.637102" lon="10.715132">
        <ele>589.481507</ele>
        <time>2026-04-08T15:16:04.000Z</time>
      </trkpt>
      <trkpt lat="51.637117" lon="10.715054">
        <ele>589.500643</ele>
        <time>2026-04-08T15:16:05.000Z</time>
      </trkpt>
      <trkpt lat="51.637136" lon="10.714970">
        <ele>589.521594</ele>
        <time>2026-04-08T15:16:06.000Z</time>
      </trkpt>
      <trkpt lat="51.637151" lon="10.714896">
        <ele>589.539837</ele>
        <time>2026-04-08T15:16:07.000Z</time>
      </trkpt>
      <trkpt lat="51.637169" lon="10.714813">
        <ele>589.560440</ele>
        <time>2026-04-08T15:16:08.000Z</time>
      </trkpt>
      <trkpt lat="51.637189" lon="10.714728">
        <ele>589.581743</ele>
        <time>2026-04-08T15:16:09.000Z</time>
      </trkpt>
      <trkpt lat="51.637208" lon="10.714645">
        <ele>589.602474</ele>
        <time>2026-04-08T15:16:10.000Z</time>
      </trkpt>
      <trkpt lat="51.637226" lon="10.714569">
        <ele>589.621537</ele>
        <time>2026-04-08T15:16:11.000Z</time>
      </trkpt>
      <trkpt lat="51.637244" lon="10.714485">
        <ele>589.642362</ele>
        <time>2026-04-08T15:16:12.000Z</time>
      </trkpt>
      <trkpt lat="51.637261" lon="10.714398">
        <ele>589.663736</ele>
        <time>2026-04-08T15:16:13.000Z</time>
      </trkpt>
      <trkpt lat="51.637281" lon="10.714304">
        <ele>589.687023</ele>
        <time>2026-04-08T15:16:14.000Z</time>
      </trkpt>
      <trkpt lat="51.637302" lon="10.714218">
        <ele>589.708680</ele>
        <time>2026-04-08T15:16:15.000Z</time>
      </trkpt>
      <trkpt lat="51.637326" lon="10.714120">
        <ele>589.733369</ele>
        <time>2026-04-08T15:16:16.000Z</time>
      </trkpt>
      <trkpt lat="51.637345" lon="10.714027">
        <ele>589.756313</ele>
        <time>2026-04-08T15:16:17.000Z</time>
      </trkpt>
      <trkpt lat="51.637372" lon="10.713919">
        <ele>589.783598</ele>
        <time>2026-04-08T15:16:18.000Z</time>
      </trkpt>
      <trkpt lat="51.637394" lon="10.713816">
        <ele>589.809124</ele>
        <time>2026-04-08T15:16:19.000Z</time>
      </trkpt>
      <trkpt lat="51.637418" lon="10.713698">
        <ele>589.838224</ele>
        <time>2026-04-08T15:16:20.000Z</time>
      </trkpt>
      <trkpt lat="51.637443" lon="10.713589">
        <ele>589.865455</ele>
        <time>2026-04-08T15:16:21.000Z</time>
      </trkpt>
      <trkpt lat="51.637467" lon="10.713465">
        <ele>589.679907</ele>
        <time>2026-04-08T15:16:22.000Z</time>
      </trkpt>
      <trkpt lat="51.637493" lon="10.713343">
        <ele>589.398859</ele>
        <time>2026-04-08T15:16:23.000Z</time>
      </trkpt>
      <trkpt lat="51.637521" lon="10.713210">
        <ele>589.092860</ele>
        <time>2026-04-08T15:16:24.000Z</time>
      </trkpt>
      <trkpt lat="51.637549" lon="10.713093">
        <ele>588.819646</ele>
        <time>2026-04-08T15:16:25.000Z</time>
      </trkpt>
      <trkpt lat="51.637578" lon="10.712963">
        <ele>588.518661</ele>
        <time>2026-04-08T15:16:26.000Z</time>
      </trkpt>
      <trkpt lat="51.637607" lon="10.712830">
        <ele>588.211517</ele>
        <time>2026-04-08T15:16:27.000Z</time>
      </trkpt>
      <trkpt lat="51.637638" lon="10.712698">
        <ele>587.904015</ele>
        <time>2026-04-08T15:16:28.000Z</time>
      </trkpt>
      <trkpt lat="51.637664" lon="10.712570">
        <ele>587.610572</ele>
        <time>2026-04-08T15:16:29.000Z</time>
      </trkpt>
      <trkpt lat="51.637696" lon="10.712427">
        <ele>587.279371</ele>
        <time>2026-04-08T15:16:30.000Z</time>
      </trkpt>
      <trkpt lat="51.637724" lon="10.712306">
        <ele>586.998008</ele>
        <time>2026-04-08T15:16:31.000Z</time>
      </trkpt>
      <trkpt lat="51.637753" lon="10.712169">
        <ele>586.682630</ele>
        <time>2026-04-08T15:16:32.000Z</time>
      </trkpt>
      <trkpt lat="51.637783" lon="10.712026">
        <ele>586.353744</ele>
        <time>2026-04-08T15:16:33.000Z</time>
      </trkpt>
      <trkpt lat="51.637811" lon="10.711875">
        <ele>586.010377</ele>
        <time>2026-04-08T15:16:34.000Z</time>
      </trkpt>
      <trkpt lat="51.637827" lon="10.711737">
        <ele>585.704503</ele>
        <time>2026-04-08T15:16:35.000Z</time>
      </trkpt>
      <trkpt lat="51.637850" lon="10.711584">
        <ele>585.361509</ele>
        <time>2026-04-08T15:16:36.000Z</time>
      </trkpt>
      <trkpt lat="51.637874" lon="10.711456">
        <ele>585.070176</ele>
        <time>2026-04-08T15:16:37.000Z</time>
      </trkpt>
      <trkpt lat="51.637913" lon="10.711324">
        <ele>584.751650</ele>
        <time>2026-04-08T15:16:38.000Z</time>
      </trkpt>
      <trkpt lat="51.637965" lon="10.711222">
        <ele>584.464050</ele>
        <time>2026-04-08T15:16:39.000Z</time>
      </trkpt>
      <trkpt lat="51.638042" lon="10.711145">
        <ele>584.145905</ele>
        <time>2026-04-08T15:16:40.000Z</time>
      </trkpt>
      <trkpt lat="51.638120" lon="10.711103">
        <ele>583.857192</ele>
        <time>2026-04-08T15:16:41.000Z</time>
      </trkpt>
      <trkpt lat="51.638213" lon="10.711069">
        <ele>583.504286</ele>
        <time>2026-04-08T15:16:42.000Z</time>
      </trkpt>
      <trkpt lat="51.638289" lon="10.711037">
        <ele>583.097675</ele>
        <time>2026-04-08T15:16:43.000Z</time>
      </trkpt>
      <trkpt lat="51.638367" lon="10.710990">
        <ele>582.666613</ele>
        <time>2026-04-08T15:16:44.000Z</time>
      </trkpt>
      <trkpt lat="51.638446" lon="10.710938">
        <ele>582.224877</ele>
        <time>2026-04-08T15:16:45.000Z</time>
      </trkpt>
      <trkpt lat="51.638521" lon="10.710869">
        <ele>581.777827</ele>
        <time>2026-04-08T15:16:46.000Z</time>
      </trkpt>
      <trkpt lat="51.638591" lon="10.710797">
        <ele>581.347951</ele>
        <time>2026-04-08T15:16:47.000Z</time>
      </trkpt>
      <trkpt lat="51.638667" lon="10.710720">
        <ele>580.883242</ele>
        <time>2026-04-08T15:16:48.000Z</time>
      </trkpt>
      <trkpt lat="51.638739" lon="10.710650">
        <ele>580.447959</ele>
        <time>2026-04-08T15:16:49.000Z</time>
      </trkpt>
      <trkpt lat="51.638824" lon="10.710573">
        <ele>579.943203</ele>
        <time>2026-04-08T15:16:50.000Z</time>
      </trkpt>
      <trkpt lat="51.638899" lon="10.710508">
        <ele>579.502384</ele>
        <time>2026-04-08T15:16:51.000Z</time>
      </trkpt>
      <trkpt lat="51.638986" lon="10.710431">
        <ele>578.988579</ele>
        <time>2026-04-08T15:16:52.000Z</time>
      </trkpt>
      <trkpt lat="51.639067" lon="10.710354">
        <ele>578.501767</ele>
        <time>2026-04-08T15:16:53.000Z</time>
      </trkpt>
      <trkpt lat="51.639153" lon="10.710270">
        <ele>577.981199</ele>
        <time>2026-04-08T15:16:54.000Z</time>
      </trkpt>
      <trkpt lat="51.639230" lon="10.710195">
        <ele>577.515459</ele>
        <time>2026-04-08T15:16:55.000Z</time>
      </trkpt>
      <trkpt lat="51.639317" lon="10.710112">
        <ele>576.992103</ele>
        <time>2026-04-08T15:16:56.000Z</time>
      </trkpt>
      <trkpt lat="51.639406" lon="10.710028">
        <ele>576.458196</ele>
        <time>2026-04-08T15:16:57.000Z</time>
      </trkpt>
      <trkpt lat="51.639494" lon="10.709942">
        <ele>575.925446</ele>
        <time>2026-04-08T15:16:58.000Z</time>
      </trkpt>
      <trkpt lat="51.639565" lon="10.709875">
        <ele>575.499539</ele>
        <time>2026-04-08T15:16:59.000Z</time>
      </trkpt>
      <trkpt lat="51.639637" lon="10.709815">
        <ele>575.079951</ele>
        <time>2026-04-08T15:17:00.000Z</time>
      </trkpt>
      <trkpt lat="51.639687" lon="10.709769">
        <ele>574.781920</ele>
        <time>2026-04-08T15:17:01.000Z</time>
      </trkpt>
      <trkpt lat="51.639730" lon="10.709720">
        <ele>574.509301</ele>
        <time>2026-04-08T15:17:02.000Z</time>
      </trkpt>
      <trkpt lat="51.639771" lon="10.709670">
        <ele>574.251529</ele>
        <time>2026-04-08T15:17:03.000Z</time>
      </trkpt>
      <trkpt lat="51.639798" lon="10.709608">
        <ele>574.296190</ele>
        <time>2026-04-08T15:17:04.000Z</time>
      </trkpt>
      <trkpt lat="51.639817" lon="10.709539">
        <ele>574.340701</ele>
        <time>2026-04-08T15:17:05.000Z</time>
      </trkpt>
      <trkpt lat="51.639827" lon="10.709457">
        <ele>574.389977</ele>
        <time>2026-04-08T15:17:06.000Z</time>
      </trkpt>
      <trkpt lat="51.639825" lon="10.709388">
        <ele>574.430707</ele>
        <time>2026-04-08T15:17:07.000Z</time>
      </trkpt>
      <trkpt lat="51.639814" lon="10.709323">
        <ele>574.470434</ele>
        <time>2026-04-08T15:17:08.000Z</time>
      </trkpt>
      <trkpt lat="51.639803" lon="10.709280">
        <ele>574.497859</ele>
        <time>2026-04-08T15:17:09.000Z</time>
      </trkpt>
      <trkpt lat="51.639798" lon="10.709241">
        <ele>574.521341</ele>
        <time>2026-04-08T15:17:10.000Z</time>
      </trkpt>
      <trkpt lat="51.639794" lon="10.709208">
        <ele>574.541167</ele>
        <time>2026-04-08T15:17:11.000Z</time>
      </trkpt>
      <trkpt lat="51.639787" lon="10.709174">
        <ele>574.562289</ele>
        <time>2026-04-08T15:17:12.000Z</time>
      </trkpt>
      <trkpt lat="51.639779" lon="10.709139">
        <ele>574.584283</ele>
        <time>2026-04-08T15:17:13.000Z</time>
      </trkpt>
      <trkpt lat="51.639771" lon="10.709090">
        <ele>574.614159</ele>
        <time>2026-04-08T15:17:14.000Z</time>
      </trkpt>
      <trkpt lat="51.639774" lon="10.709046">
        <ele>574.640259</ele>
        <time>2026-04-08T15:17:15.000Z</time>
      </trkpt>
      <trkpt lat="51.639774" lon="10.708991">
        <ele>574.672690</ele>
        <time>2026-04-08T15:17:16.000Z</time>
      </trkpt>
      <trkpt lat="51.639774" lon="10.708939">
        <ele>574.703352</ele>
        <time>2026-04-08T15:17:17.000Z</time>
      </trkpt>
      <trkpt lat="51.639771" lon="10.708880">
        <ele>574.738258</ele>
        <time>2026-04-08T15:17:18.000Z</time>
      </trkpt>
      <trkpt lat="51.639764" lon="10.708828">
        <ele>574.769633</ele>
        <time>2026-04-08T15:17:19.000Z</time>
      </trkpt>
      <trkpt lat="51.639756" lon="10.708770">
        <ele>574.804668</ele>
        <time>2026-04-08T15:17:20.000Z</time>
      </trkpt>
      <trkpt lat="51.639752" lon="10.708721">
        <ele>574.833809</ele>
        <time>2026-04-08T15:17:21.000Z</time>
      </trkpt>
      <trkpt lat="51.639751" lon="10.708666">
        <ele>574.866254</ele>
        <time>2026-04-08T15:17:22.000Z</time>
      </trkpt>
      <trkpt lat="51.639751" lon="10.708620">
        <ele>574.893378</ele>
        <time>2026-04-08T15:17:23.000Z</time>
      </trkpt>
      <trkpt lat="51.639748" lon="10.708568">
        <ele>574.924172</ele>
        <time>2026-04-08T15:17:24.000Z</time>
      </trkpt>
      <trkpt lat="51.639741" lon="10.708524">
        <ele>574.950956</ele>
        <time>2026-04-08T15:17:25.000Z</time>
      </trkpt>
      <trkpt lat="51.639726" lon="10.708470">
        <ele>574.985841</ele>
        <time>2026-04-08T15:17:26.000Z</time>
      </trkpt>
      <trkpt lat="51.639709" lon="10.708425">
        <ele>575.016905</ele>
        <time>2026-04-08T15:17:27.000Z</time>
      </trkpt>
      <trkpt lat="51.639692" lon="10.708369">
        <ele>575.053664</ele>
        <time>2026-04-08T15:17:28.000Z</time>
      </trkpt>
      <trkpt lat="51.639684" lon="10.708316">
        <ele>575.085827</ele>
        <time>2026-04-08T15:17:29.000Z</time>
      </trkpt>
      <trkpt lat="51.639672" lon="10.708257">
        <ele>575.122437</ele>
        <time>2026-04-08T15:17:30.000Z</time>
      </trkpt>
      <trkpt lat="51.639662" lon="10.708205">
        <ele>575.154538</ele>
        <time>2026-04-08T15:17:31.000Z</time>
      </trkpt>
      <trkpt lat="51.639649" lon="10.708147">
        <ele>575.190900</ele>
        <time>2026-04-08T15:17:32.000Z</time>
      </trkpt>
      <trkpt lat="51.639636" lon="10.708086">
        <ele>575.228930</ele>
        <time>2026-04-08T15:17:33.000Z</time>
      </trkpt>
      <trkpt lat="51.639623" lon="10.708020">
        <ele>575.269761</ele>
        <time>2026-04-08T15:17:34.000Z</time>
      </trkpt>
      <trkpt lat="51.639612" lon="10.707961">
        <ele>575.306086</ele>
        <time>2026-04-08T15:17:35.000Z</time>
      </trkpt>
      <trkpt lat="51.639596" lon="10.707894">
        <ele>575.348417</ele>
        <time>2026-04-08T15:17:36.000Z</time>
      </trkpt>
      <trkpt lat="51.639582" lon="10.707839">
        <ele>575.383470</ele>
        <time>2026-04-08T15:17:37.000Z</time>
      </trkpt>
      <trkpt lat="51.639569" lon="10.707773">
        <ele>575.424300</ele>
        <time>2026-04-08T15:17:38.000Z</time>
      </trkpt>
      <trkpt lat="51.639558" lon="10.707714">
        <ele>575.460626</ele>
        <time>2026-04-08T15:17:39.000Z</time>
      </trkpt>
      <trkpt lat="51.639540" lon="10.707652">
        <ele>575.500987</ele>
        <time>2026-04-08T15:17:40.000Z</time>
      </trkpt>
      <trkpt lat="51.639525" lon="10.707590">
        <ele>575.540225</ele>
        <time>2026-04-08T15:17:41.000Z</time>
      </trkpt>
      <trkpt lat="51.639509" lon="10.707517">
        <ele>575.585876</ele>
        <time>2026-04-08T15:17:42.000Z</time>
      </trkpt>
      <trkpt lat="51.639494" lon="10.707454">
        <ele>575.625664</ele>
        <time>2026-04-08T15:17:43.000Z</time>
      </trkpt>
      <trkpt lat="51.639475" lon="10.707386">
        <ele>575.669637</ele>
        <time>2026-04-08T15:17:44.000Z</time>
      </trkpt>
      <trkpt lat="51.639457" lon="10.707327">
        <ele>575.708403</ele>
        <time>2026-04-08T15:17:45.000Z</time>
      </trkpt>
      <trkpt lat="51.639437" lon="10.707267">
        <ele>575.748563</ele>
        <time>2026-04-08T15:17:46.000Z</time>
      </trkpt>
      <trkpt lat="51.639422" lon="10.707216">
        <ele>575.781841</ele>
        <time>2026-04-08T15:17:47.000Z</time>
      </trkpt>
      <trkpt lat="51.639406" lon="10.707162">
        <ele>575.817126</ele>
        <time>2026-04-08T15:17:48.000Z</time>
      </trkpt>
      <trkpt lat="51.639388" lon="10.707115">
        <ele>575.849692</ele>
        <time>2026-04-08T15:17:49.000Z</time>
      </trkpt>
      <trkpt lat="51.639368" lon="10.707063">
        <ele>575.885765</ele>
        <time>2026-04-08T15:17:50.000Z</time>
      </trkpt>
      <trkpt lat="51.639346" lon="10.707010">
        <ele>575.923363</ele>
        <time>2026-04-08T15:17:51.000Z</time>
      </trkpt>
      <trkpt lat="51.639319" lon="10.706957">
        <ele>575.962956</ele>
        <time>2026-04-08T15:17:52.000Z</time>
      </trkpt>
      <trkpt lat="51.639297" lon="10.706906">
        <ele>575.992936</ele>
        <time>2026-04-08T15:17:53.000Z</time>
      </trkpt>
      <trkpt lat="51.639269" lon="10.706850">
        <ele>576.027649</ele>
        <time>2026-04-08T15:17:54.000Z</time>
      </trkpt>
      <trkpt lat="51.639242" lon="10.706803">
        <ele>576.058564</ele>
        <time>2026-04-08T15:17:55.000Z</time>
      </trkpt>
      <trkpt lat="51.639216" lon="10.706752">
        <ele>576.090422</ele>
        <time>2026-04-08T15:17:56.000Z</time>
      </trkpt>
      <trkpt lat="51.639191" lon="10.706700">
        <ele>576.122173</ele>
        <time>2026-04-08T15:17:57.000Z</time>
      </trkpt>
      <trkpt lat="51.639160" lon="10.706653">
        <ele>576.155280</ele>
        <time>2026-04-08T15:17:58.000Z</time>
      </trkpt>
      <trkpt lat="51.639137" lon="10.706610">
        <ele>576.182682</ele>
        <time>2026-04-08T15:17:59.000Z</time>
      </trkpt>
      <trkpt lat="51.639110" lon="10.706563">
        <ele>576.213596</ele>
        <time>2026-04-08T15:18:00.000Z</time>
      </trkpt>
      <trkpt lat="51.639094" lon="10.706517">
        <ele>576.239050</ele>
        <time>2026-04-08T15:18:01.000Z</time>
      </trkpt>
      <trkpt lat="51.639092" lon="10.706467">
        <ele>576.263236</ele>
        <time>2026-04-08T15:18:02.000Z</time>
      </trkpt>
      <trkpt lat="51.639095" lon="10.706424">
        <ele>576.284123</ele>
        <time>2026-04-08T15:18:03.000Z</time>
      </trkpt>
      <trkpt lat="51.639102" lon="10.706375">
        <ele>576.308394</ele>
        <time>2026-04-08T15:18:04.000Z</time>
      </trkpt>
      <trkpt lat="51.639111" lon="10.706326">
        <ele>576.333060</ele>
        <time>2026-04-08T15:18:05.000Z</time>
      </trkpt>
      <trkpt lat="51.639121" lon="10.706277">
        <ele>576.357959</ele>
        <time>2026-04-08T15:18:06.000Z</time>
      </trkpt>
      <trkpt lat="51.639132" lon="10.706230">
        <ele>576.382205</ele>
        <time>2026-04-08T15:18:07.000Z</time>
      </trkpt>
      <trkpt lat="51.639144" lon="10.706174">
        <ele>576.410803</ele>
        <time>2026-04-08T15:18:08.000Z</time>
      </trkpt>
      <trkpt lat="51.639157" lon="10.706116">
        <ele>576.440569</ele>
        <time>2026-04-08T15:18:09.000Z</time>
      </trkpt>
      <trkpt lat="51.639170" lon="10.706059">
        <ele>576.469883</ele>
        <time>2026-04-08T15:18:10.000Z</time>
      </trkpt>
      <trkpt lat="51.639177" lon="10.706002">
        <ele>576.497930</ele>
        <time>2026-04-08T15:18:11.000Z</time>
      </trkpt>
      <trkpt lat="51.639183" lon="10.705945">
        <ele>576.525837</ele>
        <time>2026-04-08T15:18:12.000Z</time>
      </trkpt>
      <trkpt lat="51.639183" lon="10.705893">
        <ele>576.550938</ele>
        <time>2026-04-08T15:18:13.000Z</time>
      </trkpt>
      <trkpt lat="51.639186" lon="10.705824">
        <ele>576.584326</ele>
        <time>2026-04-08T15:18:14.000Z</time>
      </trkpt>
      <trkpt lat="51.639190" lon="10.705752">
        <ele>576.619220</ele>
        <time>2026-04-08T15:18:15.000Z</time>
      </trkpt>
      <trkpt lat="51.639194" lon="10.705679">
        <ele>576.654594</ele>
        <time>2026-04-08T15:18:16.000Z</time>
      </trkpt>
      <trkpt lat="51.639200" lon="10.705605">
        <ele>576.690618</ele>
        <time>2026-04-08T15:18:17.000Z</time>
      </trkpt>
      <trkpt lat="51.639205" lon="10.705531">
        <ele>576.726549</ele>
        <time>2026-04-08T15:18:18.000Z</time>
      </trkpt>
      <trkpt lat="51.639216" lon="10.705457">
        <ele>576.763279</ele>
        <time>2026-04-08T15:18:19.000Z</time>
      </trkpt>
      <trkpt lat="51.639228" lon="10.705383">
        <ele>576.800198</ele>
        <time>2026-04-08T15:18:20.000Z</time>
      </trkpt>
      <trkpt lat="51.639238" lon="10.705310">
        <ele>576.836284</ele>
        <time>2026-04-08T15:18:21.000Z</time>
      </trkpt>
      <trkpt lat="51.639247" lon="10.705236">
        <ele>576.872683</ele>
        <time>2026-04-08T15:18:22.000Z</time>
      </trkpt>
      <trkpt lat="51.639258" lon="10.705169">
        <ele>576.906137</ele>
        <time>2026-04-08T15:18:23.000Z</time>
      </trkpt>
      <trkpt lat="51.639270" lon="10.705094">
        <ele>576.943523</ele>
        <time>2026-04-08T15:18:24.000Z</time>
      </trkpt>
      <trkpt lat="51.639277" lon="10.705019">
        <ele>576.980133</ele>
        <time>2026-04-08T15:18:25.000Z</time>
      </trkpt>
      <trkpt lat="51.639289" lon="10.704941">
        <ele>577.018923</ele>
        <time>2026-04-08T15:18:26.000Z</time>
      </trkpt>
      <trkpt lat="51.639293" lon="10.704872">
        <ele>577.052375</ele>
        <time>2026-04-08T15:18:27.000Z</time>
      </trkpt>
      <trkpt lat="51.639300" lon="10.704804">
        <ele>577.085647</ele>
        <time>2026-04-08T15:18:28.000Z</time>
      </trkpt>
      <trkpt lat="51.639308" lon="10.704742">
        <ele>577.116214</ele>
        <time>2026-04-08T15:18:29.000Z</time>
      </trkpt>
      <trkpt lat="51.639312" lon="10.704673">
        <ele>577.149666</ele>
        <time>2026-04-08T15:18:30.000Z</time>
      </trkpt>
      <trkpt lat="51.639325" lon="10.704610">
        <ele>577.181713</ele>
        <time>2026-04-08T15:18:31.000Z</time>
      </trkpt>
      <trkpt lat="51.639338" lon="10.704547">
        <ele>577.213760</ele>
        <time>2026-04-08T15:18:32.000Z</time>
      </trkpt>
      <trkpt lat="51.639353" lon="10.704483">
        <ele>577.246783</ele>
        <time>2026-04-08T15:18:33.000Z</time>
      </trkpt>
      <trkpt lat="51.639368" lon="10.704420">
        <ele>577.279354</ele>
        <time>2026-04-08T15:18:34.000Z</time>
      </trkpt>
      <trkpt lat="51.639376" lon="10.704356">
        <ele>577.310867</ele>
        <time>2026-04-08T15:18:35.000Z</time>
      </trkpt>
      <trkpt lat="51.639385" lon="10.704290">
        <ele>577.343485</ele>
        <time>2026-04-08T15:18:36.000Z</time>
      </trkpt>
      <trkpt lat="51.639395" lon="10.704237">
        <ele>577.361909</ele>
        <time>2026-04-08T15:18:37.000Z</time>
      </trkpt>
      <trkpt lat="51.639407" lon="10.704170">
        <ele>577.372431</ele>
        <time>2026-04-08T15:18:38.000Z</time>
      </trkpt>
      <trkpt lat="51.639417" lon="10.704110">
        <ele>577.381805</ele>
        <time>2026-04-08T15:18:39.000Z</time>
      </trkpt>
      <trkpt lat="51.639430" lon="10.704040">
        <ele>577.392830</ele>
        <time>2026-04-08T15:18:40.000Z</time>
      </trkpt>
      <trkpt lat="51.639440" lon="10.703979">
        <ele>577.402350</ele>
        <time>2026-04-08T15:18:41.000Z</time>
      </trkpt>
      <trkpt lat="51.639456" lon="10.703911">
        <ele>577.413324</ele>
        <time>2026-04-08T15:18:42.000Z</time>
      </trkpt>
      <trkpt lat="51.639467" lon="10.703853">
        <ele>577.422475</ele>
        <time>2026-04-08T15:18:43.000Z</time>
      </trkpt>
      <trkpt lat="51.639482" lon="10.703794">
        <ele>577.432095</ele>
        <time>2026-04-08T15:18:44.000Z</time>
      </trkpt>
      <trkpt lat="51.639498" lon="10.703728">
        <ele>577.442787</ele>
        <time>2026-04-08T15:18:45.000Z</time>
      </trkpt>
      <trkpt lat="51.639509" lon="10.703677">
        <ele>577.450934</ele>
        <time>2026-04-08T15:18:46.000Z</time>
      </trkpt>
      <trkpt lat="51.639525" lon="10.703622">
        <ele>577.460099</ele>
        <time>2026-04-08T15:18:47.000Z</time>
      </trkpt>
      <trkpt lat="51.639543" lon="10.703564">
        <ele>577.469884</ele>
        <time>2026-04-08T15:18:48.000Z</time>
      </trkpt>
      <trkpt lat="51.639559" lon="10.703509">
        <ele>577.479050</ele>
        <time>2026-04-08T15:18:49.000Z</time>
      </trkpt>
      <trkpt lat="51.639577" lon="10.703459">
        <ele>577.487772</ele>
        <time>2026-04-08T15:18:50.000Z</time>
      </trkpt>
      <trkpt lat="51.639597" lon="10.703404">
        <ele>577.497390</ele>
        <time>2026-04-08T15:18:51.000Z</time>
      </trkpt>
      <trkpt lat="51.639618" lon="10.703363">
        <ele>577.505412</ele>
        <time>2026-04-08T15:18:52.000Z</time>
      </trkpt>
      <trkpt lat="51.639646" lon="10.703310">
        <ele>577.515914</ele>
        <time>2026-04-08T15:18:53.000Z</time>
      </trkpt>
      <trkpt lat="51.639665" lon="10.703258">
        <ele>577.525019</ele>
        <time>2026-04-08T15:18:54.000Z</time>
      </trkpt>
      <trkpt lat="51.639681" lon="10.703203">
        <ele>577.534185</ele>
        <time>2026-04-08T15:18:55.000Z</time>
      </trkpt>
      <trkpt lat="51.639699" lon="10.703150">
        <ele>577.543301</ele>
        <time>2026-04-08T15:18:56.000Z</time>
      </trkpt>
      <trkpt lat="51.639716" lon="10.703093">
        <ele>577.552844</ele>
        <time>2026-04-08T15:18:57.000Z</time>
      </trkpt>
      <trkpt lat="51.639733" lon="10.703042">
        <ele>577.561579</ele>
        <time>2026-04-08T15:18:58.000Z</time>
      </trkpt>
      <trkpt lat="51.639750" lon="10.702982">
        <ele>577.571531</ele>
        <time>2026-04-08T15:18:59.000Z</time>
      </trkpt>
      <trkpt lat="51.639771" lon="10.702935">
        <ele>577.580270</ele>
        <time>2026-04-08T15:19:00.000Z</time>
      </trkpt>
      <trkpt lat="51.639797" lon="10.702885">
        <ele>577.590112</ele>
        <time>2026-04-08T15:19:01.000Z</time>
      </trkpt>
      <trkpt lat="51.639824" lon="10.702838">
        <ele>577.599776</ele>
        <time>2026-04-08T15:19:02.000Z</time>
      </trkpt>
      <trkpt lat="51.639852" lon="10.702792">
        <ele>577.609498</ele>
        <time>2026-04-08T15:19:03.000Z</time>
      </trkpt>
      <trkpt lat="51.639883" lon="10.702762">
        <ele>577.618290</ele>
        <time>2026-04-08T15:19:04.000Z</time>
      </trkpt>
      <trkpt lat="51.639917" lon="10.702734">
        <ele>577.627574</ele>
        <time>2026-04-08T15:19:05.000Z</time>
      </trkpt>
      <trkpt lat="51.639952" lon="10.702706">
        <ele>577.637075</ele>
        <time>2026-04-08T15:19:06.000Z</time>
      </trkpt>
      <trkpt lat="51.639988" lon="10.702684">
        <ele>577.646436</ele>
        <time>2026-04-08T15:19:07.000Z</time>
      </trkpt>
      <trkpt lat="51.640020" lon="10.702663">
        <ele>577.654837</ele>
        <time>2026-04-08T15:19:08.000Z</time>
      </trkpt>
      <trkpt lat="51.640053" lon="10.702641">
        <ele>577.663520</ele>
        <time>2026-04-08T15:19:09.000Z</time>
      </trkpt>
      <trkpt lat="51.640081" lon="10.702622">
        <ele>577.670907</ele>
        <time>2026-04-08T15:19:10.000Z</time>
      </trkpt>
      <trkpt lat="51.640113" lon="10.702594">
        <ele>577.679760</ele>
        <time>2026-04-08T15:19:11.000Z</time>
      </trkpt>
      <trkpt lat="51.640142" lon="10.702566">
        <ele>577.687980</ele>
        <time>2026-04-08T15:19:12.000Z</time>
      </trkpt>
      <trkpt lat="51.640174" lon="10.702533">
        <ele>577.697217</ele>
        <time>2026-04-08T15:19:13.000Z</time>
      </trkpt>
      <trkpt lat="51.640198" lon="10.702495">
        <ele>577.705398</ele>
        <time>2026-04-08T15:19:14.000Z</time>
      </trkpt>
      <trkpt lat="51.640222" lon="10.702470">
        <ele>577.712346</ele>
        <time>2026-04-08T15:19:15.000Z</time>
      </trkpt>
      <trkpt lat="51.640237" lon="10.702458">
        <ele>577.716418</ele>
        <time>2026-04-08T15:19:16.000Z</time>
      </trkpt>
      <trkpt lat="51.640255" lon="10.702454">
        <ele>577.720836</ele>
        <time>2026-04-08T15:19:17.000Z</time>
      </trkpt>
      <trkpt lat="51.640275" lon="10.702450">
        <ele>577.725736</ele>
        <time>2026-04-08T15:19:18.000Z</time>
      </trkpt>
      <trkpt lat="51.640291" lon="10.702441">
        <ele>577.729856</ele>
        <time>2026-04-08T15:19:19.000Z</time>
      </trkpt>
      <trkpt lat="51.640303" lon="10.702434">
        <ele>577.732959</ele>
        <time>2026-04-08T15:19:20.000Z</time>
      </trkpt>
      <trkpt lat="51.640318" lon="10.702423">
        <ele>577.736966</ele>
        <time>2026-04-08T15:19:21.000Z</time>
      </trkpt>
      <trkpt lat="51.640335" lon="10.702407">
        <ele>577.741753</ele>
        <time>2026-04-08T15:19:22.000Z</time>
      </trkpt>
      <trkpt lat="51.640354" lon="10.702387">
        <ele>577.747271</ele>
        <time>2026-04-08T15:19:23.000Z</time>
      </trkpt>
      <trkpt lat="51.640374" lon="10.702367">
        <ele>577.752994</ele>
        <time>2026-04-08T15:19:24.000Z</time>
      </trkpt>
      <trkpt lat="51.640401" lon="10.702343">
        <ele>577.760491</ele>
        <time>2026-04-08T15:19:25.000Z</time>
      </trkpt>
      <trkpt lat="51.640414" lon="10.702321">
        <ele>577.765074</ele>
        <time>2026-04-08T15:19:26.000Z</time>
      </trkpt>
      <trkpt lat="51.640426" lon="10.702306">
        <ele>577.768767</ele>
        <time>2026-04-08T15:19:27.000Z</time>
      </trkpt>
      <trkpt lat="51.640439" lon="10.702301">
        <ele>577.772016</ele>
        <time>2026-04-08T15:19:28.000Z</time>
      </trkpt>
      <trkpt lat="51.640455" lon="10.702300">
        <ele>577.775910</ele>
        <time>2026-04-08T15:19:29.000Z</time>
      </trkpt>
      <trkpt lat="51.640470" lon="10.702302">
        <ele>577.779569</ele>
        <time>2026-04-08T15:19:30.000Z</time>
      </trkpt>
      <trkpt lat="51.640482" lon="10.702305">
        <ele>577.782522</ele>
        <time>2026-04-08T15:19:31.000Z</time>
      </trkpt>
      <trkpt lat="51.640497" lon="10.702305">
        <ele>577.786169</ele>
        <time>2026-04-08T15:19:32.000Z</time>
      </trkpt>
      <trkpt lat="51.640513" lon="10.702296">
        <ele>577.790289</ele>
        <time>2026-04-08T15:19:33.000Z</time>
      </trkpt>
      <trkpt lat="51.640524" lon="10.702279">
        <ele>577.793995</ele>
        <time>2026-04-08T15:19:34.000Z</time>
      </trkpt>
      <trkpt lat="51.640526" lon="10.702263">
        <ele>577.794099</ele>
        <time>2026-04-08T15:19:35.000Z</time>
      </trkpt>
      <trkpt lat="51.640526" lon="10.702247">
        <ele>577.790928</ele>
        <time>2026-04-08T15:19:36.000Z</time>
      </trkpt>
      <trkpt lat="51.640529" lon="10.702225">
        <ele>577.786464</ele>
        <time>2026-04-08T15:19:37.000Z</time>
      </trkpt>
      <trkpt lat="51.640536" lon="10.702201">
        <ele>577.781208</ele>
        <time>2026-04-08T15:19:38.000Z</time>
      </trkpt>
      <trkpt lat="51.640547" lon="10.702179">
        <ele>577.775609</ele>
        <time>2026-04-08T15:19:39.000Z</time>
      </trkpt>
      <trkpt lat="51.640561" lon="10.702157">
        <ele>577.769363</ele>
        <time>2026-04-08T15:19:40.000Z</time>
      </trkpt>
      <trkpt lat="51.640581" lon="10.702129">
        <ele>577.760902</ele>
        <time>2026-04-08T15:19:41.000Z</time>
      </trkpt>
      <trkpt lat="51.640596" lon="10.702098">
        <ele>577.753111</ele>
        <time>2026-04-08T15:19:42.000Z</time>
      </trkpt>
      <trkpt lat="51.640611" lon="10.702060">
        <ele>577.744185</ele>
        <time>2026-04-08T15:19:43.000Z</time>
      </trkpt>
      <trkpt lat="51.640623" lon="10.702020">
        <ele>577.735380</ele>
        <time>2026-04-08T15:19:44.000Z</time>
      </trkpt>
      <trkpt lat="51.640639" lon="10.701982">
        <ele>577.726278</ele>
        <time>2026-04-08T15:19:45.000Z</time>
      </trkpt>
      <trkpt lat="51.640650" lon="10.701949">
        <ele>577.718854</ele>
        <time>2026-04-08T15:19:46.000Z</time>
      </trkpt>
      <trkpt lat="51.640662" lon="10.701913">
        <ele>577.710755</ele>
        <time>2026-04-08T15:19:47.000Z</time>
      </trkpt>
      <trkpt lat="51.640666" lon="10.701883">
        <ele>577.704673</ele>
        <time>2026-04-08T15:19:48.000Z</time>
      </trkpt>
      <trkpt lat="51.640670" lon="10.701855">
        <ele>577.698979</ele>
        <time>2026-04-08T15:19:49.000Z</time>
      </trkpt>
      <trkpt lat="51.640677" lon="10.701832">
        <ele>577.693902</ele>
        <time>2026-04-08T15:19:50.000Z</time>
      </trkpt>
      <trkpt lat="51.640688" lon="10.701805">
        <ele>577.687500</ele>
        <time>2026-04-08T15:19:51.000Z</time>
      </trkpt>
      <trkpt lat="51.640702" lon="10.701779">
        <ele>577.680678</ele>
        <time>2026-04-08T15:19:52.000Z</time>
      </trkpt>
      <trkpt lat="51.640721" lon="10.701762">
        <ele>577.673737</ele>
        <time>2026-04-08T15:19:53.000Z</time>
      </trkpt>
      <trkpt lat="51.640747" lon="10.701770">
        <ele>577.665284</ele>
        <time>2026-04-08T15:19:54.000Z</time>
      </trkpt>
      <trkpt lat="51.640775" lon="10.701790">
        <ele>577.655502</ele>
        <time>2026-04-08T15:19:55.000Z</time>
      </trkpt>
      <trkpt lat="51.640800" lon="10.701811">
        <ele>577.646498</ele>
        <time>2026-04-08T15:19:56.000Z</time>
      </trkpt>
      <trkpt lat="51.640825" lon="10.701822">
        <ele>577.638222</ele>
        <time>2026-04-08T15:19:57.000Z</time>
      </trkpt>
      <trkpt lat="51.640850" lon="10.701819">
        <ele>577.630216</ele>
        <time>2026-04-08T15:19:58.000Z</time>
      </trkpt>
      <trkpt lat="51.640878" lon="10.701806">
        <ele>577.620910</ele>
        <time>2026-04-08T15:19:59.000Z</time>
      </trkpt>
      <trkpt lat="51.640894" lon="10.701788">
        <ele>577.614678</ele>
        <time>2026-04-08T15:20:00.000Z</time>
      </trkpt>
      <trkpt lat="51.640909" lon="10.701770">
        <ele>577.608705</ele>
        <time>2026-04-08T15:20:01.000Z</time>
      </trkpt>
      <trkpt lat="51.640924" lon="10.701761">
        <ele>577.603593</ele>
        <time>2026-04-08T15:20:02.000Z</time>
      </trkpt>
      <trkpt lat="51.640933" lon="10.701760">
        <ele>577.600712</ele>
        <time>2026-04-08T15:20:03.000Z</time>
      </trkpt>
      <trkpt lat="51.640940" lon="10.701768">
        <ele>577.597971</ele>
        <time>2026-04-08T15:20:04.000Z</time>
      </trkpt>
      <trkpt lat="51.640954" lon="10.701784">
        <ele>577.592489</ele>
        <time>2026-04-08T15:20:05.000Z</time>
      </trkpt>
      <trkpt lat="51.640966" lon="10.701807">
        <ele>577.586534</ele>
        <time>2026-04-08T15:20:06.000Z</time>
      </trkpt>
      <trkpt lat="51.640978" lon="10.701832">
        <ele>577.580270</ele>
        <time>2026-04-08T15:20:07.000Z</time>
      </trkpt>
      <trkpt lat="51.640989" lon="10.701856">
        <ele>577.574357</ele>
        <time>2026-04-08T15:20:08.000Z</time>
      </trkpt>
      <trkpt lat="51.641005" lon="10.701873">
        <ele>577.568236</ele>
        <time>2026-04-08T15:20:09.000Z</time>
      </trkpt>
      <trkpt lat="51.641022" lon="10.701887">
        <ele>577.562139</ele>
        <time>2026-04-08T15:20:10.000Z</time>
      </trkpt>
      <trkpt lat="51.641035" lon="10.701906">
        <ele>577.556534</ele>
        <time>2026-04-08T15:20:11.000Z</time>
      </trkpt>
      <trkpt lat="51.641054" lon="10.701930">
        <ele>577.548824</ele>
        <time>2026-04-08T15:20:12.000Z</time>
      </trkpt>
      <trkpt lat="51.641069" lon="10.701953">
        <ele>577.542211</ele>
        <time>2026-04-08T15:20:13.000Z</time>
      </trkpt>
      <trkpt lat="51.641089" lon="10.701981">
        <ele>577.533749</ele>
        <time>2026-04-08T15:20:14.000Z</time>
      </trkpt>
      <trkpt lat="51.641107" lon="10.702002">
        <ele>577.526652</ele>
        <time>2026-04-08T15:20:15.000Z</time>
      </trkpt>
      <trkpt lat="51.641126" lon="10.702024">
        <ele>577.519180</ele>
        <time>2026-04-08T15:20:16.000Z</time>
      </trkpt>
      <trkpt lat="51.641148" lon="10.702042">
        <ele>577.511300</ele>
        <time>2026-04-08T15:20:17.000Z</time>
      </trkpt>
      <trkpt lat="51.641168" lon="10.702063">
        <ele>577.503677</ele>
        <time>2026-04-08T15:20:18.000Z</time>
      </trkpt>
      <trkpt lat="51.641189" lon="10.702077">
        <ele>577.496419</ele>
        <time>2026-04-08T15:20:19.000Z</time>
      </trkpt>
      <trkpt lat="51.641209" lon="10.702096">
        <ele>577.489004</ele>
        <time>2026-04-08T15:20:20.000Z</time>
      </trkpt>
      <trkpt lat="51.641228" lon="10.702116">
        <ele>577.481756</ele>
        <time>2026-04-08T15:20:21.000Z</time>
      </trkpt>
      <trkpt lat="51.641248" lon="10.702130">
        <ele>577.474792</ele>
        <time>2026-04-08T15:20:22.000Z</time>
      </trkpt>
      <trkpt lat="51.641263" lon="10.702140">
        <ele>577.469608</ele>
        <time>2026-04-08T15:20:23.000Z</time>
      </trkpt>
      <trkpt lat="51.641276" lon="10.702154">
        <ele>577.464614</ele>
        <time>2026-04-08T15:20:24.000Z</time>
      </trkpt>
      <trkpt lat="51.641290" lon="10.702166">
        <ele>577.459550</ele>
        <time>2026-04-08T15:20:25.000Z</time>
      </trkpt>
      <trkpt lat="51.641301" lon="10.702173">
        <ele>577.455773</ele>
        <time>2026-04-08T15:20:26.000Z</time>
      </trkpt>
      <trkpt lat="51.641323" lon="10.702187">
        <ele>577.448219</ele>
        <time>2026-04-08T15:20:27.000Z</time>
      </trkpt>
      <trkpt lat="51.641347" lon="10.702205">
        <ele>577.439764</ele>
        <time>2026-04-08T15:20:28.000Z</time>
      </trkpt>
      <trkpt lat="51.641366" lon="10.702222">
        <ele>577.432824</ele>
        <time>2026-04-08T15:20:29.000Z</time>
      </trkpt>
      <trkpt lat="51.641385" lon="10.702238">
        <ele>577.425977</ele>
        <time>2026-04-08T15:20:30.000Z</time>
      </trkpt>
      <trkpt lat="51.641407" lon="10.702251">
        <ele>577.418494</ele>
        <time>2026-04-08T15:20:31.000Z</time>
      </trkpt>
      <trkpt lat="51.641428" lon="10.702264">
        <ele>577.411309</ele>
        <time>2026-04-08T15:20:32.000Z</time>
      </trkpt>
      <trkpt lat="51.641443" lon="10.702275">
        <ele>577.406046</ele>
        <time>2026-04-08T15:20:33.000Z</time>
      </trkpt>
      <trkpt lat="51.641459" lon="10.702287">
        <ele>577.400410</ele>
        <time>2026-04-08T15:20:34.000Z</time>
      </trkpt>
      <trkpt lat="51.641470" lon="10.702294">
        <ele>577.396633</ele>
        <time>2026-04-08T15:20:35.000Z</time>
      </trkpt>
      <trkpt lat="51.641482" lon="10.702307">
        <ele>577.392015</ele>
        <time>2026-04-08T15:20:36.000Z</time>
      </trkpt>
      <trkpt lat="51.641489" lon="10.702325">
        <ele>577.387805</ele>
        <time>2026-04-08T15:20:37.000Z</time>
      </trkpt>
      <trkpt lat="51.641486" lon="10.702352">
        <ele>577.382368</ele>
        <time>2026-04-08T15:20:38.000Z</time>
      </trkpt>
      <trkpt lat="51.641480" lon="10.702381">
        <ele>577.376310</ele>
        <time>2026-04-08T15:20:39.000Z</time>
      </trkpt>
      <trkpt lat="51.641466" lon="10.702422">
        <ele>577.367035</ele>
        <time>2026-04-08T15:20:40.000Z</time>
      </trkpt>
      <trkpt lat="51.641456" lon="10.702458">
        <ele>577.359218</ele>
        <time>2026-04-08T15:20:41.000Z</time>
      </trkpt>
      <trkpt lat="51.641439" lon="10.702496">
        <ele>577.349934</ele>
        <time>2026-04-08T15:20:42.000Z</time>
      </trkpt>
      <trkpt lat="51.641418" lon="10.702536">
        <ele>577.339550</ele>
        <time>2026-04-08T15:20:43.000Z</time>
      </trkpt>
      <trkpt lat="51.641392" lon="10.702547">
        <ele>577.330965</ele>
        <time>2026-04-08T15:20:44.000Z</time>
      </trkpt>
      <trkpt lat="51.641359" lon="10.702540">
        <ele>577.320335</ele>
        <time>2026-04-08T15:20:45.000Z</time>
      </trkpt>
      <trkpt lat="51.641331" lon="10.702516">
        <ele>577.310206</ele>
        <time>2026-04-08T15:20:46.000Z</time>
      </trkpt>
      <trkpt lat="51.641302" lon="10.702488">
        <ele>577.299409</ele>
        <time>2026-04-08T15:20:47.000Z</time>
      </trkpt>
      <trkpt lat="51.641275" lon="10.702456">
        <ele>577.288705</ele>
        <time>2026-04-08T15:20:48.000Z</time>
      </trkpt>
      <trkpt lat="51.641249" lon="10.702427">
        <ele>577.278606</ele>
        <time>2026-04-08T15:20:49.000Z</time>
      </trkpt>
      <trkpt lat="51.641226" lon="10.702391">
        <ele>577.268366</ele>
        <time>2026-04-08T15:20:50.000Z</time>
      </trkpt>
      <trkpt lat="51.641205" lon="10.702354">
        <ele>577.258429</ele>
        <time>2026-04-08T15:20:51.000Z</time>
      </trkpt>
      <trkpt lat="51.641185" lon="10.702322">
        <ele>577.249427</ele>
        <time>2026-04-08T15:20:52.000Z</time>
      </trkpt>
      <trkpt lat="51.641157" lon="10.702283">
        <ele>577.237607</ele>
        <time>2026-04-08T15:20:53.000Z</time>
      </trkpt>
      <trkpt lat="51.641131" lon="10.702237">
        <ele>577.225276</ele>
        <time>2026-04-08T15:20:54.000Z</time>
      </trkpt>
      <trkpt lat="51.641105" lon="10.702195">
        <ele>577.246019</ele>
        <time>2026-04-08T15:20:55.000Z</time>
      </trkpt>
      <trkpt lat="51.641074" lon="10.702154">
        <ele>577.288756</ele>
        <time>2026-04-08T15:20:56.000Z</time>
      </trkpt>
      <trkpt lat="51.641042" lon="10.702114">
        <ele>577.331914</ele>
        <time>2026-04-08T15:20:57.000Z</time>
      </trkpt>
      <trkpt lat="51.641012" lon="10.702088">
        <ele>577.368214</ele>
        <time>2026-04-08T15:20:58.000Z</time>
      </trkpt>
      <trkpt lat="51.640982" lon="10.702061">
        <ele>577.404832</ele>
        <time>2026-04-08T15:20:59.000Z</time>
      </trkpt>
      <trkpt lat="51.640960" lon="10.702031">
        <ele>577.435544</ele>
        <time>2026-04-08T15:21:00.000Z</time>
      </trkpt>
      <trkpt lat="51.640943" lon="10.701995">
        <ele>577.465461</ele>
        <time>2026-04-08T15:21:01.000Z</time>
      </trkpt>
      <trkpt lat="51.640925" lon="10.701964">
        <ele>577.493536</ele>
        <time>2026-04-08T15:21:02.000Z</time>
      </trkpt>
      <trkpt lat="51.640905" lon="10.701933">
        <ele>577.523108</ele>
        <time>2026-04-08T15:21:03.000Z</time>
      </trkpt>
      <trkpt lat="51.640891" lon="10.701900">
        <ele>577.549544</ele>
        <time>2026-04-08T15:21:04.000Z</time>
      </trkpt>
      <trkpt lat="51.640881" lon="10.701859">
        <ele>577.578678</ele>
        <time>2026-04-08T15:21:05.000Z</time>
      </trkpt>
      <trkpt lat="51.640887" lon="10.701823">
        <ele>577.603329</ele>
        <time>2026-04-08T15:21:06.000Z</time>
      </trkpt>
      <trkpt lat="51.640902" lon="10.701791">
        <ele>577.629850</ele>
        <time>2026-04-08T15:21:07.000Z</time>
      </trkpt>
      <trkpt lat="51.640923" lon="10.701771">
        <ele>577.655845</ele>
        <time>2026-04-08T15:21:08.000Z</time>
      </trkpt>
      <trkpt lat="51.640940" lon="10.701744">
        <ele>577.681281</ele>
        <time>2026-04-08T15:21:09.000Z</time>
      </trkpt>
      <trkpt lat="51.640950" lon="10.701722">
        <ele>577.699316</ele>
        <time>2026-04-08T15:21:10.000Z</time>
      </trkpt>
      <trkpt lat="51.640966" lon="10.701705">
        <ele>577.719739</ele>
        <time>2026-04-08T15:21:11.000Z</time>
      </trkpt>
      <trkpt lat="51.640975" lon="10.701692">
        <ele>577.732619</ele>
        <time>2026-04-08T15:21:12.000Z</time>
      </trkpt>
      <trkpt lat="51.640986" lon="10.701677">
        <ele>577.747975</ele>
        <time>2026-04-08T15:21:13.000Z</time>
      </trkpt>
      <trkpt lat="51.640991" lon="10.701661">
        <ele>577.759822</ele>
        <time>2026-04-08T15:21:14.000Z</time>
      </trkpt>
      <trkpt lat="51.640988" lon="10.701646">
        <ele>577.770244</ele>
        <time>2026-04-08T15:21:15.000Z</time>
      </trkpt>
      <trkpt lat="51.640957" lon="10.701687">
        <ele>577.812982</ele>
        <time>2026-04-08T15:21:30.000Z</time>
      </trkpt>
      <trkpt lat="51.640957" lon="10.701718">
        <ele>577.833483</ele>
        <time>2026-04-08T15:21:31.000Z</time>
      </trkpt>
      <trkpt lat="51.640963" lon="10.701754">
        <ele>577.858134</ele>
        <time>2026-04-08T15:21:32.000Z</time>
      </trkpt>
      <trkpt lat="51.640971" lon="10.701799">
        <ele>577.889091</ele>
        <time>2026-04-08T15:21:33.000Z</time>
      </trkpt>
      <trkpt lat="51.640982" lon="10.701835">
        <ele>577.915628</ele>
        <time>2026-04-08T15:21:34.000Z</time>
      </trkpt>
      <trkpt lat="51.640997" lon="10.701861">
        <ele>577.939105</ele>
        <time>2026-04-08T15:21:35.000Z</time>
      </trkpt>
      <trkpt lat="51.641012" lon="10.701875">
        <ele>577.957577</ele>
        <time>2026-04-08T15:21:36.000Z</time>
      </trkpt>
      <trkpt lat="51.641024" lon="10.701880">
        <ele>577.970785</ele>
        <time>2026-04-08T15:21:37.000Z</time>
      </trkpt>
      <trkpt lat="51.641034" lon="10.701875">
        <ele>577.981943</ele>
        <time>2026-04-08T15:21:38.000Z</time>
      </trkpt>
      <trkpt lat="51.641044" lon="10.701869">
        <ele>577.993314</ele>
        <time>2026-04-08T15:21:39.000Z</time>
      </trkpt>
      <trkpt lat="51.641048" lon="10.701866">
        <ele>577.998016</ele>
        <time>2026-04-08T15:21:40.000Z</time>
      </trkpt>
      <trkpt lat="51.641048" lon="10.701865">
        <ele>577.998677</ele>
        <time>2026-04-08T15:21:41.000Z</time>
      </trkpt>
      <trkpt lat="51.641059" lon="10.701885">
        <ele>578.016351</ele>
        <time>2026-04-08T15:22:28.000Z</time>
      </trkpt>
      <trkpt lat="51.641070" lon="10.701902">
        <ele>578.032593</ele>
        <time>2026-04-08T15:22:29.000Z</time>
      </trkpt>
      <trkpt lat="51.641075" lon="10.701916">
        <ele>578.043275</ele>
        <time>2026-04-08T15:22:30.000Z</time>
      </trkpt>
      <trkpt lat="51.641072" lon="10.701940">
        <ele>578.059465</ele>
        <time>2026-04-08T15:22:31.000Z</time>
      </trkpt>
      <trkpt lat="51.641075" lon="10.701968">
        <ele>578.078256</ele>
        <time>2026-04-08T15:22:32.000Z</time>
      </trkpt>
      <trkpt lat="51.641085" lon="10.701991">
        <ele>578.096828</ele>
        <time>2026-04-08T15:22:33.000Z</time>
      </trkpt>
      <trkpt lat="51.641109" lon="10.702009">
        <ele>578.125038</ele>
        <time>2026-04-08T15:22:34.000Z</time>
      </trkpt>
      <trkpt lat="51.641134" lon="10.702034">
        <ele>578.156393</ele>
        <time>2026-04-08T15:22:35.000Z</time>
      </trkpt>
      <trkpt lat="51.641162" lon="10.702056">
        <ele>578.189589</ele>
        <time>2026-04-08T15:22:36.000Z</time>
      </trkpt>
      <trkpt lat="51.641190" lon="10.702080">
        <ele>578.223386</ele>
        <time>2026-04-08T15:22:37.000Z</time>
      </trkpt>
      <trkpt lat="51.641212" lon="10.702100">
        <ele>578.250303</ele>
        <time>2026-04-08T15:22:38.000Z</time>
      </trkpt>
      <trkpt lat="51.641234" lon="10.702118">
        <ele>578.276596</ele>
        <time>2026-04-08T15:22:39.000Z</time>
      </trkpt>
      <trkpt lat="51.641251" lon="10.702131">
        <ele>578.296649</ele>
        <time>2026-04-08T15:22:40.000Z</time>
      </trkpt>
      <trkpt lat="51.641268" lon="10.702147">
        <ele>578.317629</ele>
        <time>2026-04-08T15:22:41.000Z</time>
      </trkpt>
      <trkpt lat="51.641279" lon="10.702158">
        <ele>578.331424</ele>
        <time>2026-04-08T15:22:42.000Z</time>
      </trkpt>
      <trkpt lat="51.641288" lon="10.702164">
        <ele>578.341804</ele>
        <time>2026-04-08T15:22:43.000Z</time>
      </trkpt>
      <trkpt lat="51.641289" lon="10.702165">
        <ele>578.343058</ele>
        <time>2026-04-08T15:22:44.000Z</time>
      </trkpt>
      <trkpt lat="51.641289" lon="10.702165">
        <ele>578.343058</ele>
        <time>2026-04-08T15:22:45.000Z</time>
      </trkpt>
      <trkpt lat="51.641289" lon="10.702166">
        <ele>578.343719</ele>
        <time>2026-04-08T15:22:47.000Z</time>
      </trkpt>
      <trkpt lat="51.641298" lon="10.702172">
        <ele>578.354098</ele>
        <time>2026-04-08T15:22:48.000Z</time>
      </trkpt>
      <trkpt lat="51.641304" lon="10.702178">
        <ele>578.361623</ele>
        <time>2026-04-08T15:22:49.000Z</time>
      </trkpt>
      <trkpt lat="51.641304" lon="10.702178">
        <ele>578.361623</ele>
        <time>2026-04-08T15:22:50.000Z</time>
      </trkpt>
      <trkpt lat="51.641315" lon="10.702184">
        <ele>578.373999</ele>
        <time>2026-04-08T15:22:57.000Z</time>
      </trkpt>
      <trkpt lat="51.641325" lon="10.702195">
        <ele>578.386901</ele>
        <time>2026-04-08T15:22:58.000Z</time>
      </trkpt>
      <trkpt lat="51.641337" lon="10.702206">
        <ele>578.401613</ele>
        <time>2026-04-08T15:22:59.000Z</time>
      </trkpt>
      <trkpt lat="51.641351" lon="10.702215">
        <ele>578.417676</ele>
        <time>2026-04-08T15:23:00.000Z</time>
      </trkpt>
      <trkpt lat="51.641367" lon="10.702229">
        <ele>578.437078</ele>
        <time>2026-04-08T15:23:01.000Z</time>
      </trkpt>
      <trkpt lat="51.641382" lon="10.702244">
        <ele>578.455890</ele>
        <time>2026-04-08T15:23:02.000Z</time>
      </trkpt>
      <trkpt lat="51.641398" lon="10.702255">
        <ele>578.474428</ele>
        <time>2026-04-08T15:23:03.000Z</time>
      </trkpt>
      <trkpt lat="51.641415" lon="10.702262">
        <ele>578.493126</ele>
        <time>2026-04-08T15:23:04.000Z</time>
      </trkpt>
      <trkpt lat="51.641432" lon="10.702274">
        <ele>578.512904</ele>
        <time>2026-04-08T15:23:05.000Z</time>
      </trkpt>
      <trkpt lat="51.641443" lon="10.702285">
        <ele>578.526699</ele>
        <time>2026-04-08T15:23:06.000Z</time>
      </trkpt>
      <trkpt lat="51.641458" lon="10.702293">
        <ele>578.543537</ele>
        <time>2026-04-08T15:23:07.000Z</time>
      </trkpt>
      <trkpt lat="51.641476" lon="10.702290">
        <ele>578.562821</ele>
        <time>2026-04-08T15:23:08.000Z</time>
      </trkpt>
      <trkpt lat="51.641497" lon="10.702277">
        <ele>578.586794</ele>
        <time>2026-04-08T15:23:09.000Z</time>
      </trkpt>
      <trkpt lat="51.641515" lon="10.702255">
        <ele>578.610869</ele>
        <time>2026-04-08T15:23:10.000Z</time>
      </trkpt>
      <trkpt lat="51.641528" lon="10.702222">
        <ele>578.636718</ele>
        <time>2026-04-08T15:23:11.000Z</time>
      </trkpt>
      <trkpt lat="51.641539" lon="10.702184">
        <ele>578.664447</ele>
        <time>2026-04-08T15:23:12.000Z</time>
      </trkpt>
      <trkpt lat="51.641551" lon="10.702136">
        <ele>578.698670</ele>
        <time>2026-04-08T15:23:13.000Z</time>
      </trkpt>
      <trkpt lat="51.641562" lon="10.702091">
        <ele>578.730654</ele>
        <time>2026-04-08T15:23:14.000Z</time>
      </trkpt>
      <trkpt lat="51.641574" lon="10.702037">
        <ele>578.768586</ele>
        <time>2026-04-08T15:23:15.000Z</time>
      </trkpt>
      <trkpt lat="51.641581" lon="10.701984">
        <ele>578.804421</ele>
        <time>2026-04-08T15:23:16.000Z</time>
      </trkpt>
      <trkpt lat="51.641589" lon="10.701928">
        <ele>578.842423</ele>
        <time>2026-04-08T15:23:17.000Z</time>
      </trkpt>
      <trkpt lat="51.641600" lon="10.701878">
        <ele>578.877505</ele>
        <time>2026-04-08T15:23:18.000Z</time>
      </trkpt>
      <trkpt lat="51.641608" lon="10.701822">
        <ele>578.915507</ele>
        <time>2026-04-08T15:23:19.000Z</time>
      </trkpt>
      <trkpt lat="51.641619" lon="10.701768">
        <ele>578.953093</ele>
        <time>2026-04-08T15:23:20.000Z</time>
      </trkpt>
      <trkpt lat="51.641631" lon="10.701709">
        <ele>578.994153</ele>
        <time>2026-04-08T15:23:21.000Z</time>
      </trkpt>
      <trkpt lat="51.641642" lon="10.701656">
        <ele>579.031111</ele>
        <time>2026-04-08T15:23:22.000Z</time>
      </trkpt>
      <trkpt lat="51.641650" lon="10.701599">
        <ele>579.069758</ele>
        <time>2026-04-08T15:23:23.000Z</time>
      </trkpt>
      <trkpt lat="51.641658" lon="10.701547">
        <ele>579.105187</ele>
        <time>2026-04-08T15:23:24.000Z</time>
      </trkpt>
      <trkpt lat="51.641669" lon="10.701484">
        <ele>579.168713</ele>
        <time>2026-04-08T15:23:25.000Z</time>
      </trkpt>
      <trkpt lat="51.641680" lon="10.701428">
        <ele>579.280771</ele>
        <time>2026-04-08T15:23:26.000Z</time>
      </trkpt>
      <trkpt lat="51.641687" lon="10.701376">
        <ele>579.382280</ele>
        <time>2026-04-08T15:23:27.000Z</time>
      </trkpt>
      <trkpt lat="51.641695" lon="10.701311">
        <ele>579.508698</ele>
        <time>2026-04-08T15:23:28.000Z</time>
      </trkpt>
      <trkpt lat="51.641711" lon="10.701245">
        <ele>579.643875</ele>
        <time>2026-04-08T15:23:29.000Z</time>
      </trkpt>
      <trkpt lat="51.641725" lon="10.701186">
        <ele>579.764378</ele>
        <time>2026-04-08T15:23:30.000Z</time>
      </trkpt>
      <trkpt lat="51.641744" lon="10.701123">
        <ele>579.898007</ele>
        <time>2026-04-08T15:23:31.000Z</time>
      </trkpt>
      <trkpt lat="51.641759" lon="10.701061">
        <ele>580.024957</ele>
        <time>2026-04-08T15:23:32.000Z</time>
      </trkpt>
      <trkpt lat="51.641779" lon="10.700997">
        <ele>580.161658</ele>
        <time>2026-04-08T15:23:33.000Z</time>
      </trkpt>
      <trkpt lat="51.641797" lon="10.700946">
        <ele>580.273587</ele>
        <time>2026-04-08T15:23:34.000Z</time>
      </trkpt>
      <trkpt lat="51.641821" lon="10.700887">
        <ele>580.408169</ele>
        <time>2026-04-08T15:23:35.000Z</time>
      </trkpt>
      <trkpt lat="51.641839" lon="10.700834">
        <ele>580.523430</ele>
        <time>2026-04-08T15:23:36.000Z</time>
      </trkpt>
      <trkpt lat="51.641862" lon="10.700776">
        <ele>580.654739</ele>
        <time>2026-04-08T15:23:37.000Z</time>
      </trkpt>
      <trkpt lat="51.641881" lon="10.700721">
        <ele>580.774826</ele>
        <time>2026-04-08T15:23:38.000Z</time>
      </trkpt>
      <trkpt lat="51.641905" lon="10.700660">
        <ele>580.912614</ele>
        <time>2026-04-08T15:23:39.000Z</time>
      </trkpt>
      <trkpt lat="51.641920" lon="10.700608">
        <ele>581.022010</ele>
        <time>2026-04-08T15:23:40.000Z</time>
      </trkpt>
      <trkpt lat="51.641938" lon="10.700549">
        <ele>581.147432</ele>
        <time>2026-04-08T15:23:41.000Z</time>
      </trkpt>
      <trkpt lat="51.641956" lon="10.700495">
        <ele>581.264369</ele>
        <time>2026-04-08T15:23:42.000Z</time>
      </trkpt>
      <trkpt lat="51.641976" lon="10.700438">
        <ele>581.389288</ele>
        <time>2026-04-08T15:23:43.000Z</time>
      </trkpt>
      <trkpt lat="51.641995" lon="10.700381">
        <ele>581.512722</ele>
        <time>2026-04-08T15:23:44.000Z</time>
      </trkpt>
      <trkpt lat="51.642012" lon="10.700324">
        <ele>581.633368</ele>
        <time>2026-04-08T15:23:45.000Z</time>
      </trkpt>
      <trkpt lat="51.642033" lon="10.700275">
        <ele>581.746972</ele>
        <time>2026-04-08T15:23:46.000Z</time>
      </trkpt>
      <trkpt lat="51.642057" lon="10.700220">
        <ele>581.875239</ele>
        <time>2026-04-08T15:23:47.000Z</time>
      </trkpt>
      <trkpt lat="51.642075" lon="10.700170">
        <ele>581.985513</ele>
        <time>2026-04-08T15:23:48.000Z</time>
      </trkpt>
      <trkpt lat="51.642102" lon="10.700118">
        <ele>582.114858</ele>
        <time>2026-04-08T15:23:49.000Z</time>
      </trkpt>
      <trkpt lat="51.642125" lon="10.700067">
        <ele>582.235130</ele>
        <time>2026-04-08T15:23:50.000Z</time>
      </trkpt>
      <trkpt lat="51.642149" lon="10.700015">
        <ele>582.358759</ele>
        <time>2026-04-08T15:23:51.000Z</time>
      </trkpt>
      <trkpt lat="51.642174" lon="10.699967">
        <ele>582.478307</ele>
        <time>2026-04-08T15:23:52.000Z</time>
      </trkpt>
      <trkpt lat="51.642202" lon="10.699917">
        <ele>582.606788</ele>
        <time>2026-04-08T15:23:53.000Z</time>
      </trkpt>
      <trkpt lat="51.642224" lon="10.699867">
        <ele>582.723717</ele>
        <time>2026-04-08T15:23:54.000Z</time>
      </trkpt>
      <trkpt lat="51.642250" lon="10.699816">
        <ele>582.849631</ele>
        <time>2026-04-08T15:23:55.000Z</time>
      </trkpt>
      <trkpt lat="51.642273" lon="10.699768">
        <ele>582.965321</ele>
        <time>2026-04-08T15:23:56.000Z</time>
      </trkpt>
      <trkpt lat="51.642301" lon="10.699715">
        <ele>583.098107</ele>
        <time>2026-04-08T15:23:57.000Z</time>
      </trkpt>
      <trkpt lat="51.642326" lon="10.699668">
        <ele>583.216199</ele>
        <time>2026-04-08T15:23:58.000Z</time>
      </trkpt>
      <trkpt lat="51.642351" lon="10.699614">
        <ele>583.344724</ele>
        <time>2026-04-08T15:23:59.000Z</time>
      </trkpt>
      <trkpt lat="51.642372" lon="10.699564">
        <ele>583.459902</ele>
        <time>2026-04-08T15:24:00.000Z</time>
      </trkpt>
      <trkpt lat="51.642395" lon="10.699510">
        <ele>583.584848</ele>
        <time>2026-04-08T15:24:01.000Z</time>
      </trkpt>
      <trkpt lat="51.642418" lon="10.699458">
        <ele>583.706668</ele>
        <time>2026-04-08T15:24:02.000Z</time>
      </trkpt>
      <trkpt lat="51.642442" lon="10.699398">
        <ele>583.842848</ele>
        <time>2026-04-08T15:24:03.000Z</time>
      </trkpt>
      <trkpt lat="51.642461" lon="10.699349">
        <ele>583.953073</ele>
        <time>2026-04-08T15:24:04.000Z</time>
      </trkpt>
      <trkpt lat="51.642481" lon="10.699293">
        <ele>584.076333</ele>
        <time>2026-04-08T15:24:05.000Z</time>
      </trkpt>
      <trkpt lat="51.642502" lon="10.699241">
        <ele>584.194690</ele>
        <time>2026-04-08T15:24:06.000Z</time>
      </trkpt>
      <trkpt lat="51.642523" lon="10.699185">
        <ele>584.319511</ele>
        <time>2026-04-08T15:24:07.000Z</time>
      </trkpt>
      <trkpt lat="51.642541" lon="10.699134">
        <ele>584.431439</ele>
        <time>2026-04-08T15:24:08.000Z</time>
      </trkpt>
      <trkpt lat="51.642561" lon="10.699077">
        <ele>584.556356</ele>
        <time>2026-04-08T15:24:09.000Z</time>
      </trkpt>
      <trkpt lat="51.642579" lon="10.699026">
        <ele>584.668044</ele>
        <time>2026-04-08T15:24:10.000Z</time>
      </trkpt>
      <trkpt lat="51.642595" lon="10.698973">
        <ele>584.759710</ele>
        <time>2026-04-08T15:24:11.000Z</time>
      </trkpt>
      <trkpt lat="51.642613" lon="10.698919">
        <ele>584.855044</ele>
        <time>2026-04-08T15:24:12.000Z</time>
      </trkpt>
      <trkpt lat="51.642629" lon="10.698861">
        <ele>584.953762</ele>
        <time>2026-04-08T15:24:13.000Z</time>
      </trkpt>
      <trkpt lat="51.642647" lon="10.698802">
        <ele>585.056013</ele>
        <time>2026-04-08T15:24:14.000Z</time>
      </trkpt>
      <trkpt lat="51.642668" lon="10.698740">
        <ele>585.165868</ele>
        <time>2026-04-08T15:24:15.000Z</time>
      </trkpt>
      <trkpt lat="51.642682" lon="10.698685">
        <ele>585.258325</ele>
        <time>2026-04-08T15:24:16.000Z</time>
      </trkpt>
      <trkpt lat="51.642698" lon="10.698622">
        <ele>585.364195</ele>
        <time>2026-04-08T15:24:17.000Z</time>
      </trkpt>
      <trkpt lat="51.642713" lon="10.698564">
        <ele>585.461921</ele>
        <time>2026-04-08T15:24:18.000Z</time>
      </trkpt>
      <trkpt lat="51.642729" lon="10.698499">
        <ele>585.570676</ele>
        <time>2026-04-08T15:24:19.000Z</time>
      </trkpt>
      <trkpt lat="51.642744" lon="10.698441">
        <ele>585.668402</ele>
        <time>2026-04-08T15:24:20.000Z</time>
      </trkpt>
      <trkpt lat="51.642763" lon="10.698380">
        <ele>585.774554</ele>
        <time>2026-04-08T15:24:21.000Z</time>
      </trkpt>
      <trkpt lat="51.642775" lon="10.698322">
        <ele>585.869641</ele>
        <time>2026-04-08T15:24:22.000Z</time>
      </trkpt>
      <trkpt lat="51.642790" lon="10.698256">
        <ele>585.978957</ele>
        <time>2026-04-08T15:24:23.000Z</time>
      </trkpt>
      <trkpt lat="51.642805" lon="10.698201">
        <ele>586.072393</ele>
        <time>2026-04-08T15:24:24.000Z</time>
      </trkpt>
      <trkpt lat="51.642817" lon="10.698141">
        <ele>586.170436</ele>
        <time>2026-04-08T15:24:25.000Z</time>
      </trkpt>
      <trkpt lat="51.642831" lon="10.698088">
        <ele>586.260022</ele>
        <time>2026-04-08T15:24:26.000Z</time>
      </trkpt>
      <trkpt lat="51.642844" lon="10.698026">
        <ele>586.361805</ele>
        <time>2026-04-08T15:24:27.000Z</time>
      </trkpt>
      <trkpt lat="51.642855" lon="10.697971">
        <ele>586.451677</ele>
        <time>2026-04-08T15:24:28.000Z</time>
      </trkpt>
      <trkpt lat="51.642864" lon="10.697909">
        <ele>586.550707</ele>
        <time>2026-04-08T15:24:29.000Z</time>
      </trkpt>
      <trkpt lat="51.642874" lon="10.697846">
        <ele>586.651844</ele>
        <time>2026-04-08T15:24:30.000Z</time>
      </trkpt>
      <trkpt lat="51.642882" lon="10.697779">
        <ele>586.757958</ele>
        <time>2026-04-08T15:24:31.000Z</time>
      </trkpt>
      <trkpt lat="51.642890" lon="10.697712">
        <ele>586.864072</ele>
        <time>2026-04-08T15:24:32.000Z</time>
      </trkpt>
      <trkpt lat="51.642894" lon="10.697636">
        <ele>586.982697</ele>
        <time>2026-04-08T15:24:33.000Z</time>
      </trkpt>
      <trkpt lat="51.642895" lon="10.697569">
        <ele>587.086930</ele>
        <time>2026-04-08T15:24:34.000Z</time>
      </trkpt>
      <trkpt lat="51.642898" lon="10.697493">
        <ele>587.205370</ele>
        <time>2026-04-08T15:24:35.000Z</time>
      </trkpt>
      <trkpt lat="51.642899" lon="10.697428">
        <ele>587.306493</ele>
        <time>2026-04-08T15:24:36.000Z</time>
      </trkpt>
      <trkpt lat="51.642899" lon="10.697361">
        <ele>587.410696</ele>
        <time>2026-04-08T15:24:37.000Z</time>
      </trkpt>
      <trkpt lat="51.642899" lon="10.697298">
        <ele>587.508678</ele>
        <time>2026-04-08T15:24:38.000Z</time>
      </trkpt>
      <trkpt lat="51.642899" lon="10.697233">
        <ele>587.609770</ele>
        <time>2026-04-08T15:24:39.000Z</time>
      </trkpt>
      <trkpt lat="51.642899" lon="10.697173">
        <ele>587.703087</ele>
        <time>2026-04-08T15:24:40.000Z</time>
      </trkpt>
      <trkpt lat="51.642902" lon="10.697104">
        <ele>587.810663</ele>
        <time>2026-04-08T15:24:41.000Z</time>
      </trkpt>
      <trkpt lat="51.642906" lon="10.697039">
        <ele>587.912251</ele>
        <time>2026-04-08T15:24:42.000Z</time>
      </trkpt>
      <trkpt lat="51.642910" lon="10.696969">
        <ele>588.021581</ele>
        <time>2026-04-08T15:24:43.000Z</time>
      </trkpt>
      <trkpt lat="51.642916" lon="10.696906">
        <ele>588.120710</ele>
        <time>2026-04-08T15:24:44.000Z</time>
      </trkpt>
      <trkpt lat="51.642928" lon="10.696835">
        <ele>588.235156</ele>
        <time>2026-04-08T15:24:45.000Z</time>
      </trkpt>
      <trkpt lat="51.642938" lon="10.696773">
        <ele>588.334787</ele>
        <time>2026-04-08T15:24:46.000Z</time>
      </trkpt>
      <trkpt lat="51.642950" lon="10.696702">
        <ele>588.449233</ele>
        <time>2026-04-08T15:24:47.000Z</time>
      </trkpt>
      <trkpt lat="51.642961" lon="10.696636">
        <ele>588.555518</ele>
        <time>2026-04-08T15:24:48.000Z</time>
      </trkpt>
      <trkpt lat="51.642976" lon="10.696566">
        <ele>588.670695</ele>
        <time>2026-04-08T15:24:49.000Z</time>
      </trkpt>
      <trkpt lat="51.642995" lon="10.696500">
        <ele>588.783849</ele>
        <time>2026-04-08T15:24:50.000Z</time>
      </trkpt>
      <trkpt lat="51.643020" lon="10.696433">
        <ele>588.905439</ele>
        <time>2026-04-08T15:24:51.000Z</time>
      </trkpt>
      <trkpt lat="51.643046" lon="10.696370">
        <ele>589.023110</ele>
        <time>2026-04-08T15:24:52.000Z</time>
      </trkpt>
      <trkpt lat="51.643078" lon="10.696316">
        <ele>589.139236</ele>
        <time>2026-04-08T15:24:53.000Z</time>
      </trkpt>
      <trkpt lat="51.643112" lon="10.696264">
        <ele>589.203416</ele>
        <time>2026-04-08T15:24:54.000Z</time>
      </trkpt>
      <trkpt lat="51.643146" lon="10.696212">
        <ele>589.244453</ele>
        <time>2026-04-08T15:24:55.000Z</time>
      </trkpt>
      <trkpt lat="51.643185" lon="10.696177">
        <ele>589.283533</ele>
        <time>2026-04-08T15:24:56.000Z</time>
      </trkpt>
      <trkpt lat="51.643226" lon="10.696144">
        <ele>589.323654</ele>
        <time>2026-04-08T15:24:57.000Z</time>
      </trkpt>
      <trkpt lat="51.643266" lon="10.696119">
        <ele>589.361214</ele>
        <time>2026-04-08T15:24:58.000Z</time>
      </trkpt>
      <trkpt lat="51.643305" lon="10.696094">
        <ele>589.397958</ele>
        <time>2026-04-08T15:24:59.000Z</time>
      </trkpt>
      <trkpt lat="51.643347" lon="10.696070">
        <ele>589.436970</ele>
        <time>2026-04-08T15:25:00.000Z</time>
      </trkpt>
      <trkpt lat="51.643391" lon="10.696046">
        <ele>589.477637</ele>
        <time>2026-04-08T15:25:01.000Z</time>
      </trkpt>
      <trkpt lat="51.643433" lon="10.696020">
        <ele>589.517025</ele>
        <time>2026-04-08T15:25:02.000Z</time>
      </trkpt>
      <trkpt lat="51.643475" lon="10.695994">
        <ele>589.556414</ele>
        <time>2026-04-08T15:25:03.000Z</time>
      </trkpt>
      <trkpt lat="51.643516" lon="10.695972">
        <ele>589.594244</ele>
        <time>2026-04-08T15:25:04.000Z</time>
      </trkpt>
      <trkpt lat="51.643558" lon="10.695951">
        <ele>589.632742</ele>
        <time>2026-04-08T15:25:05.000Z</time>
      </trkpt>
      <trkpt lat="51.643597" lon="10.695929">
        <ele>589.668916</ele>
        <time>2026-04-08T15:25:06.000Z</time>
      </trkpt>
      <trkpt lat="51.643640" lon="10.695905">
        <ele>589.708755</ele>
        <time>2026-04-08T15:25:07.000Z</time>
      </trkpt>
      <trkpt lat="51.643681" lon="10.695882">
        <ele>589.746760</ele>
        <time>2026-04-08T15:25:08.000Z</time>
      </trkpt>
      <trkpt lat="51.643720" lon="10.695857">
        <ele>589.783505</ele>
        <time>2026-04-08T15:25:09.000Z</time>
      </trkpt>
      <trkpt lat="51.643760" lon="10.695832">
        <ele>589.821064</ele>
        <time>2026-04-08T15:25:10.000Z</time>
      </trkpt>
      <trkpt lat="51.643801" lon="10.695807">
        <ele>589.859441</ele>
        <time>2026-04-08T15:25:11.000Z</time>
      </trkpt>
      <trkpt lat="51.643840" lon="10.695783">
        <ele>589.895988</ele>
        <time>2026-04-08T15:25:12.000Z</time>
      </trkpt>
      <trkpt lat="51.643883" lon="10.695761">
        <ele>589.935484</ele>
        <time>2026-04-08T15:25:13.000Z</time>
      </trkpt>
      <trkpt lat="51.643925" lon="10.695737">
        <ele>589.974496</ele>
        <time>2026-04-08T15:25:14.000Z</time>
      </trkpt>
      <trkpt lat="51.643969" lon="10.695711">
        <ele>590.015524</ele>
        <time>2026-04-08T15:25:15.000Z</time>
      </trkpt>
      <trkpt lat="51.644007" lon="10.695687">
        <ele>590.051255</ele>
        <time>2026-04-08T15:25:16.000Z</time>
      </trkpt>
      <trkpt lat="51.644047" lon="10.695662">
        <ele>590.088814</ele>
        <time>2026-04-08T15:25:17.000Z</time>
      </trkpt>
      <trkpt lat="51.644088" lon="10.695637">
        <ele>590.127191</ele>
        <time>2026-04-08T15:25:18.000Z</time>
      </trkpt>
      <trkpt lat="51.644133" lon="10.695609">
        <ele>590.169421</ele>
        <time>2026-04-08T15:25:19.000Z</time>
      </trkpt>
      <trkpt lat="51.644173" lon="10.695586">
        <ele>590.206601</ele>
        <time>2026-04-08T15:25:20.000Z</time>
      </trkpt>
      <trkpt lat="51.644220" lon="10.695566">
        <ele>590.249157</ele>
        <time>2026-04-08T15:25:21.000Z</time>
      </trkpt>
      <trkpt lat="51.644262" lon="10.695554">
        <ele>590.286499</ele>
        <time>2026-04-08T15:25:22.000Z</time>
      </trkpt>
      <trkpt lat="51.644312" lon="10.695552">
        <ele>590.330285</ele>
        <time>2026-04-08T15:25:23.000Z</time>
      </trkpt>
      <trkpt lat="51.644354" lon="10.695568">
        <ele>590.368067</ele>
        <time>2026-04-08T15:25:24.000Z</time>
      </trkpt>
      <trkpt lat="51.644402" lon="10.695593">
        <ele>590.412229</ele>
        <time>2026-04-08T15:25:25.000Z</time>
      </trkpt>
      <trkpt lat="51.644456" lon="10.695632">
        <ele>590.464034</ele>
        <time>2026-04-08T15:25:26.000Z</time>
      </trkpt>
      <trkpt lat="51.644501" lon="10.695669">
        <ele>590.508260</ele>
        <time>2026-04-08T15:25:27.000Z</time>
      </trkpt>
      <trkpt lat="51.644545" lon="10.695710">
        <ele>590.552756</ele>
        <time>2026-04-08T15:25:28.000Z</time>
      </trkpt>
      <trkpt lat="51.644588" lon="10.695743">
        <ele>590.594451</ele>
        <time>2026-04-08T15:25:29.000Z</time>
      </trkpt>
      <trkpt lat="51.644637" lon="10.695782">
        <ele>590.642295</ele>
        <time>2026-04-08T15:25:30.000Z</time>
      </trkpt>
      <trkpt lat="51.644679" lon="10.695820">
        <ele>590.684462</ele>
        <time>2026-04-08T15:25:31.000Z</time>
      </trkpt>
      <trkpt lat="51.644728" lon="10.695855">
        <ele>590.731384</ele>
        <time>2026-04-08T15:25:32.000Z</time>
      </trkpt>
      <trkpt lat="51.644779" lon="10.695890">
        <ele>590.659800</ele>
        <time>2026-04-08T15:25:33.000Z</time>
      </trkpt>
      <trkpt lat="51.644827" lon="10.695924">
        <ele>590.524892</ele>
        <time>2026-04-08T15:25:34.000Z</time>
      </trkpt>
      <trkpt lat="51.644870" lon="10.695955">
        <ele>590.403686</ele>
        <time>2026-04-08T15:25:35.000Z</time>
      </trkpt>
      <trkpt lat="51.644923" lon="10.695986">
        <ele>590.258613</ele>
        <time>2026-04-08T15:25:36.000Z</time>
      </trkpt>
      <trkpt lat="51.644972" lon="10.696007">
        <ele>590.128153</ele>
        <time>2026-04-08T15:25:37.000Z</time>
      </trkpt>
      <trkpt lat="51.645028" lon="10.696029">
        <ele>589.979846</ele>
        <time>2026-04-08T15:25:38.000Z</time>
      </trkpt>
      <trkpt lat="51.645076" lon="10.696048">
        <ele>589.852671</ele>
        <time>2026-04-08T15:25:39.000Z</time>
      </trkpt>
      <trkpt lat="51.645133" lon="10.696065">
        <ele>589.703519</ele>
        <time>2026-04-08T15:25:40.000Z</time>
      </trkpt>
      <trkpt lat="51.645184" lon="10.696076">
        <ele>589.571126</ele>
        <time>2026-04-08T15:25:41.000Z</time>
      </trkpt>
      <trkpt lat="51.645240" lon="10.696084">
        <ele>589.426473</ele>
        <time>2026-04-08T15:25:42.000Z</time>
      </trkpt>
      <trkpt lat="51.645298" lon="10.696092">
        <ele>589.276694</ele>
        <time>2026-04-08T15:25:43.000Z</time>
      </trkpt>
      <trkpt lat="51.645356" lon="10.696087">
        <ele>589.127246</ele>
        <time>2026-04-08T15:25:44.000Z</time>
      </trkpt>
      <trkpt lat="51.645413" lon="10.696080">
        <ele>588.980160</ele>
        <time>2026-04-08T15:25:45.000Z</time>
      </trkpt>
      <trkpt lat="51.645476" lon="10.696063">
        <ele>588.815805</ele>
        <time>2026-04-08T15:25:46.000Z</time>
      </trkpt>
      <trkpt lat="51.645535" lon="10.696035">
        <ele>588.657552</ele>
        <time>2026-04-08T15:25:47.000Z</time>
      </trkpt>
      <trkpt lat="51.645597" lon="10.695992">
        <ele>588.483880</ele>
        <time>2026-04-08T15:25:48.000Z</time>
      </trkpt>
      <trkpt lat="51.645650" lon="10.695945">
        <ele>588.328228</ele>
        <time>2026-04-08T15:25:49.000Z</time>
      </trkpt>
      <trkpt lat="51.645702" lon="10.695884">
        <ele>588.162739</ele>
        <time>2026-04-08T15:25:50.000Z</time>
      </trkpt>
      <trkpt lat="51.645754" lon="10.695818">
        <ele>587.992429</ele>
        <time>2026-04-08T15:25:51.000Z</time>
      </trkpt>
      <trkpt lat="51.645806" lon="10.695744">
        <ele>587.813934</ele>
        <time>2026-04-08T15:25:52.000Z</time>
      </trkpt>
      <trkpt lat="51.645847" lon="10.695675">
        <ele>587.661405</ele>
        <time>2026-04-08T15:25:53.000Z</time>
      </trkpt>
      <trkpt lat="51.645895" lon="10.695595">
        <ele>587.483732</ele>
        <time>2026-04-08T15:25:54.000Z</time>
      </trkpt>
      <trkpt lat="51.645934" lon="10.695521">
        <ele>587.328721</ele>
        <time>2026-04-08T15:25:55.000Z</time>
      </trkpt>
      <trkpt lat="51.645979" lon="10.695444">
        <ele>587.159843</ele>
        <time>2026-04-08T15:25:56.000Z</time>
      </trkpt>
      <trkpt lat="51.646026" lon="10.695366">
        <ele>586.986254</ele>
        <time>2026-04-08T15:25:57.000Z</time>
      </trkpt>
      <trkpt lat="51.646073" lon="10.695288">
        <ele>586.812665</ele>
        <time>2026-04-08T15:25:58.000Z</time>
      </trkpt>
      <trkpt lat="51.646114" lon="10.695218">
        <ele>586.658979</ele>
        <time>2026-04-08T15:25:59.000Z</time>
      </trkpt>
      <trkpt lat="51.646164" lon="10.695153">
        <ele>586.493690</ele>
        <time>2026-04-08T15:26:00.000Z</time>
      </trkpt>
      <trkpt lat="51.646209" lon="10.695099">
        <ele>586.349331</ele>
        <time>2026-04-08T15:26:01.000Z</time>
      </trkpt>
      <trkpt lat="51.646256" lon="10.695043">
        <ele>586.198938</ele>
        <time>2026-04-08T15:26:02.000Z</time>
      </trkpt>
      <trkpt lat="51.646305" lon="10.694985">
        <ele>586.040513</ele>
        <time>2026-04-08T15:26:03.000Z</time>
      </trkpt>
      <trkpt lat="51.646349" lon="10.694929">
        <ele>585.892611</ele>
        <time>2026-04-08T15:26:04.000Z</time>
      </trkpt>
      <trkpt lat="51.646393" lon="10.694876">
        <ele>585.747702</ele>
        <time>2026-04-08T15:26:05.000Z</time>
      </trkpt>
      <trkpt lat="51.646438" lon="10.694821">
        <ele>585.598716</ele>
        <time>2026-04-08T15:26:06.000Z</time>
      </trkpt>
      <trkpt lat="51.646480" lon="10.694772">
        <ele>585.461937</ele>
        <time>2026-04-08T15:26:07.000Z</time>
      </trkpt>
      <trkpt lat="51.646528" lon="10.694717">
        <ele>585.306572</ele>
        <time>2026-04-08T15:26:08.000Z</time>
      </trkpt>
      <trkpt lat="51.646572" lon="10.694661">
        <ele>585.158671</ele>
        <time>2026-04-08T15:26:09.000Z</time>
      </trkpt>
      <trkpt lat="51.646620" lon="10.694603">
        <ele>585.000410</ele>
        <time>2026-04-08T15:26:10.000Z</time>
      </trkpt>
      <trkpt lat="51.646662" lon="10.694549">
        <ele>584.858676</ele>
        <time>2026-04-08T15:26:11.000Z</time>
      </trkpt>
      <trkpt lat="51.646711" lon="10.694484">
        <ele>584.691260</ele>
        <time>2026-04-08T15:26:12.000Z</time>
      </trkpt>
      <trkpt lat="51.646755" lon="10.694424">
        <ele>584.539214</ele>
        <time>2026-04-08T15:26:13.000Z</time>
      </trkpt>
      <trkpt lat="51.646799" lon="10.694359">
        <ele>584.381757</ele>
        <time>2026-04-08T15:26:14.000Z</time>
      </trkpt>
      <trkpt lat="51.646843" lon="10.694291">
        <ele>584.220942</ele>
        <time>2026-04-08T15:26:15.000Z</time>
      </trkpt>
      <trkpt lat="51.646887" lon="10.694233">
        <ele>584.070990</ele>
        <time>2026-04-08T15:26:16.000Z</time>
      </trkpt>
      <trkpt lat="51.646925" lon="10.694172">
        <ele>583.929504</ele>
        <time>2026-04-08T15:26:17.000Z</time>
      </trkpt>
      <trkpt lat="51.646960" lon="10.694097">
        <ele>583.775895</ele>
        <time>2026-04-08T15:26:18.000Z</time>
      </trkpt>
      <trkpt lat="51.646993" lon="10.694022">
        <ele>583.625398</ele>
        <time>2026-04-08T15:26:19.000Z</time>
      </trkpt>
      <trkpt lat="51.647028" lon="10.693936">
        <ele>583.457050</ele>
        <time>2026-04-08T15:26:20.000Z</time>
      </trkpt>
      <trkpt lat="51.647062" lon="10.693851">
        <ele>583.291513</ele>
        <time>2026-04-08T15:26:21.000Z</time>
      </trkpt>
      <trkpt lat="51.647097" lon="10.693770">
        <ele>583.129948</ele>
        <time>2026-04-08T15:26:22.000Z</time>
      </trkpt>
      <trkpt lat="51.647134" lon="10.693691">
        <ele>582.967935</ele>
        <time>2026-04-08T15:26:23.000Z</time>
      </trkpt>
      <trkpt lat="51.647173" lon="10.693609">
        <ele>582.798819</ele>
        <time>2026-04-08T15:26:24.000Z</time>
      </trkpt>
      <trkpt lat="51.647213" lon="10.693535">
        <ele>582.638177</ele>
        <time>2026-04-08T15:26:25.000Z</time>
      </trkpt>
      <trkpt lat="51.647263" lon="10.693463">
        <ele>582.461297</ele>
        <time>2026-04-08T15:26:26.000Z</time>
      </trkpt>
      <trkpt lat="51.647322" lon="10.693401">
        <ele>582.275494</ele>
        <time>2026-04-08T15:26:27.000Z</time>
      </trkpt>
      <trkpt lat="51.647385" lon="10.693357">
        <ele>582.094368</ele>
        <time>2026-04-08T15:26:28.000Z</time>
      </trkpt>
      <trkpt lat="51.647446" lon="10.693326">
        <ele>581.925642</ele>
        <time>2026-04-08T15:26:29.000Z</time>
      </trkpt>
      <trkpt lat="51.647512" lon="10.693311">
        <ele>581.749814</ele>
        <time>2026-04-08T15:26:30.000Z</time>
      </trkpt>
      <trkpt lat="51.647573" lon="10.693317">
        <ele>581.588599</ele>
        <time>2026-04-08T15:26:31.000Z</time>
      </trkpt>
      <trkpt lat="51.647639" lon="10.693343">
        <ele>581.409368</ele>
        <time>2026-04-08T15:26:32.000Z</time>
      </trkpt>
      <trkpt lat="51.647696" lon="10.693386">
        <ele>581.322235</ele>
        <time>2026-04-08T15:26:33.000Z</time>
      </trkpt>
      <trkpt lat="51.647751" lon="10.693440">
        <ele>581.252795</ele>
        <time>2026-04-08T15:26:34.000Z</time>
      </trkpt>
      <trkpt lat="51.647800" lon="10.693494">
        <ele>581.188790</ele>
        <time>2026-04-08T15:26:35.000Z</time>
      </trkpt>
      <trkpt lat="51.647850" lon="10.693550">
        <ele>581.123139</ele>
        <time>2026-04-08T15:26:36.000Z</time>
      </trkpt>
      <trkpt lat="51.647898" lon="10.693598">
        <ele>581.062230</ele>
        <time>2026-04-08T15:26:37.000Z</time>
      </trkpt>
      <trkpt lat="51.647950" lon="10.693648">
        <ele>580.996942</ele>
        <time>2026-04-08T15:26:38.000Z</time>
      </trkpt>
      <trkpt lat="51.648005" lon="10.693700">
        <ele>580.928188</ele>
        <time>2026-04-08T15:26:39.000Z</time>
      </trkpt>
      <trkpt lat="51.648052" lon="10.693741">
        <ele>580.870564</ele>
        <time>2026-04-08T15:26:40.000Z</time>
      </trkpt>
      <trkpt lat="51.648102" lon="10.693775">
        <ele>580.812050</ele>
        <time>2026-04-08T15:26:41.000Z</time>
      </trkpt>
      <trkpt lat="51.648152" lon="10.693805">
        <ele>580.754524</ele>
        <time>2026-04-08T15:26:42.000Z</time>
      </trkpt>
      <trkpt lat="51.648199" lon="10.693825">
        <ele>580.702110</ele>
        <time>2026-04-08T15:26:43.000Z</time>
      </trkpt>
      <trkpt lat="51.648250" lon="10.693840">
        <ele>580.646213</ele>
        <time>2026-04-08T15:26:44.000Z</time>
      </trkpt>
      <trkpt lat="51.648303" lon="10.693846">
        <ele>580.588926</ele>
        <time>2026-04-08T15:26:45.000Z</time>
      </trkpt>
      <trkpt lat="51.648357" lon="10.693847">
        <ele>580.530698</ele>
        <time>2026-04-08T15:26:46.000Z</time>
      </trkpt>
      <trkpt lat="51.648404" lon="10.693854">
        <ele>580.479805</ele>
        <time>2026-04-08T15:26:47.000Z</time>
      </trkpt>
      <trkpt lat="51.648456" lon="10.693856">
        <ele>580.423721</ele>
        <time>2026-04-08T15:26:48.000Z</time>
      </trkpt>
      <trkpt lat="51.648505" lon="10.693850">
        <ele>580.370736</ele>
        <time>2026-04-08T15:26:49.000Z</time>
      </trkpt>
      <trkpt lat="51.648559" lon="10.693844">
        <ele>580.312374</ele>
        <time>2026-04-08T15:26:50.000Z</time>
      </trkpt>
      <trkpt lat="51.648607" lon="10.693844">
        <ele>580.260619</ele>
        <time>2026-04-08T15:26:51.000Z</time>
      </trkpt>
      <trkpt lat="51.648661" lon="10.693843">
        <ele>580.202391</ele>
        <time>2026-04-08T15:26:52.000Z</time>
      </trkpt>
      <trkpt lat="51.648714" lon="10.693837">
        <ele>580.145104</ele>
        <time>2026-04-08T15:26:53.000Z</time>
      </trkpt>
      <trkpt lat="51.648770" lon="10.693830">
        <ele>580.084542</ele>
        <time>2026-04-08T15:26:54.000Z</time>
      </trkpt>
      <trkpt lat="51.648818" lon="10.693816">
        <ele>580.031946</ele>
        <time>2026-04-08T15:26:55.000Z</time>
      </trkpt>
      <trkpt lat="51.648873" lon="10.693796">
        <ele>579.971153</ele>
        <time>2026-04-08T15:26:56.000Z</time>
      </trkpt>
      <trkpt lat="51.648932" lon="10.693775">
        <ele>579.906005</ele>
        <time>2026-04-08T15:26:57.000Z</time>
      </trkpt>
      <trkpt lat="51.648989" lon="10.693752">
        <ele>579.842649</ele>
        <time>2026-04-08T15:26:58.000Z</time>
      </trkpt>
      <trkpt lat="51.649042" lon="10.693731">
        <ele>579.783801</ele>
        <time>2026-04-08T15:26:59.000Z</time>
      </trkpt>
      <trkpt lat="51.649097" lon="10.693701">
        <ele>579.721194</ele>
        <time>2026-04-08T15:27:00.000Z</time>
      </trkpt>
      <trkpt lat="51.649148" lon="10.693670">
        <ele>579.662424</ele>
        <time>2026-04-08T15:27:01.000Z</time>
      </trkpt>
      <trkpt lat="51.649204" lon="10.693631">
        <ele>579.596647</ele>
        <time>2026-04-08T15:27:02.000Z</time>
      </trkpt>
      <trkpt lat="51.649258" lon="10.693588">
        <ele>579.531704</ele>
        <time>2026-04-08T15:27:03.000Z</time>
      </trkpt>
      <trkpt lat="51.649308" lon="10.693542">
        <ele>579.469627</ele>
        <time>2026-04-08T15:27:04.000Z</time>
      </trkpt>
      <trkpt lat="51.649359" lon="10.693493">
        <ele>579.378520</ele>
        <time>2026-04-08T15:27:05.000Z</time>
      </trkpt>
      <trkpt lat="51.649414" lon="10.693439">
        <ele>579.249963</ele>
        <time>2026-04-08T15:27:06.000Z</time>
      </trkpt>
      <trkpt lat="51.649463" lon="10.693379">
        <ele>579.127122</ele>
        <time>2026-04-08T15:27:07.000Z</time>
      </trkpt>
      <trkpt lat="51.649514" lon="10.693311">
        <ele>578.994995</ele>
        <time>2026-04-08T15:27:08.000Z</time>
      </trkpt>
      <trkpt lat="51.649562" lon="10.693243">
        <ele>578.867425</ele>
        <time>2026-04-08T15:27:09.000Z</time>
      </trkpt>
      <trkpt lat="51.649611" lon="10.693177">
        <ele>578.739952</ele>
        <time>2026-04-08T15:27:10.000Z</time>
      </trkpt>
      <trkpt lat="51.649663" lon="10.693107">
        <ele>578.604706</ele>
        <time>2026-04-08T15:27:11.000Z</time>
      </trkpt>
      <trkpt lat="51.649719" lon="10.693031">
        <ele>578.458567</ele>
        <time>2026-04-08T15:27:12.000Z</time>
      </trkpt>
      <trkpt lat="51.649765" lon="10.692963">
        <ele>578.333968</ele>
        <time>2026-04-08T15:27:13.000Z</time>
      </trkpt>
      <trkpt lat="51.649818" lon="10.692888">
        <ele>578.193178</ele>
        <time>2026-04-08T15:27:14.000Z</time>
      </trkpt>
      <trkpt lat="51.649874" lon="10.692810">
        <ele>578.045432</ele>
        <time>2026-04-08T15:27:15.000Z</time>
      </trkpt>
      <trkpt lat="51.649926" lon="10.692735">
        <ele>577.906136</ele>
        <time>2026-04-08T15:27:16.000Z</time>
      </trkpt>
      <trkpt lat="51.649971" lon="10.692666">
        <ele>577.782150</ele>
        <time>2026-04-08T15:27:17.000Z</time>
      </trkpt>
      <trkpt lat="51.650020" lon="10.692595">
        <ele>577.650620</ele>
        <time>2026-04-08T15:27:18.000Z</time>
      </trkpt>
      <trkpt lat="51.650063" lon="10.692528">
        <ele>577.531231</ele>
        <time>2026-04-08T15:27:19.000Z</time>
      </trkpt>
      <trkpt lat="51.650109" lon="10.692458">
        <ele>577.404944</ele>
        <time>2026-04-08T15:27:20.000Z</time>
      </trkpt>
      <trkpt lat="51.650145" lon="10.692389">
        <ele>577.293286</ele>
        <time>2026-04-08T15:27:21.000Z</time>
      </trkpt>
      <trkpt lat="51.650186" lon="10.692312">
        <ele>577.167615</ele>
        <time>2026-04-08T15:27:22.000Z</time>
      </trkpt>
      <trkpt lat="51.650227" lon="10.692245">
        <ele>577.051063</ele>
        <time>2026-04-08T15:27:23.000Z</time>
      </trkpt>
      <trkpt lat="51.650267" lon="10.692175">
        <ele>576.933198</ele>
        <time>2026-04-08T15:27:24.000Z</time>
      </trkpt>
      <trkpt lat="51.650301" lon="10.692105">
        <ele>576.823095</ele>
        <time>2026-04-08T15:27:25.000Z</time>
      </trkpt>
      <trkpt lat="51.650336" lon="10.692032">
        <ele>576.708832</ele>
        <time>2026-04-08T15:27:26.000Z</time>
      </trkpt>
      <trkpt lat="51.650369" lon="10.691961">
        <ele>576.598959</ele>
        <time>2026-04-08T15:27:27.000Z</time>
      </trkpt>
      <trkpt lat="51.650401" lon="10.691886">
        <ele>576.486225</ele>
        <time>2026-04-08T15:27:28.000Z</time>
      </trkpt>
      <trkpt lat="51.650433" lon="10.691816">
        <ele>576.378537</ele>
        <time>2026-04-08T15:27:29.000Z</time>
      </trkpt>
      <trkpt lat="51.650472" lon="10.691741">
        <ele>576.257337</ele>
        <time>2026-04-08T15:27:30.000Z</time>
      </trkpt>
      <trkpt lat="51.650505" lon="10.691681">
        <ele>576.158031</ele>
        <time>2026-04-08T15:27:31.000Z</time>
      </trkpt>
      <trkpt lat="51.650545" lon="10.691615">
        <ele>576.043762</ele>
        <time>2026-04-08T15:27:32.000Z</time>
      </trkpt>
      <trkpt lat="51.650583" lon="10.691553">
        <ele>575.935825</ele>
        <time>2026-04-08T15:27:33.000Z</time>
      </trkpt>
      <trkpt lat="51.650625" lon="10.691493">
        <ele>575.858680</ele>
        <time>2026-04-08T15:27:34.000Z</time>
      </trkpt>
      <trkpt lat="51.650663" lon="10.691441">
        <ele>575.908569</ele>
        <time>2026-04-08T15:27:35.000Z</time>
      </trkpt>
      <trkpt lat="51.650704" lon="10.691393">
        <ele>575.959284</ele>
        <time>2026-04-08T15:27:36.000Z</time>
      </trkpt>
      <trkpt lat="51.650744" lon="10.691350">
        <ele>576.007403</ele>
        <time>2026-04-08T15:27:37.000Z</time>
      </trkpt>
      <trkpt lat="51.650785" lon="10.691313">
        <ele>576.054429</ele>
        <time>2026-04-08T15:27:38.000Z</time>
      </trkpt>
      <trkpt lat="51.650820" lon="10.691276">
        <ele>576.096319</ele>
        <time>2026-04-08T15:27:39.000Z</time>
      </trkpt>
      <trkpt lat="51.650851" lon="10.691243">
        <ele>576.133500</ele>
        <time>2026-04-08T15:27:40.000Z</time>
      </trkpt>
      <trkpt lat="51.650884" lon="10.691208">
        <ele>576.173035</ele>
        <time>2026-04-08T15:27:41.000Z</time>
      </trkpt>
      <trkpt lat="51.650913" lon="10.691164">
        <ele>576.212895</ele>
        <time>2026-04-08T15:27:42.000Z</time>
      </trkpt>
      <trkpt lat="51.650944" lon="10.691119">
        <ele>576.254648</ele>
        <time>2026-04-08T15:27:43.000Z</time>
      </trkpt>
      <trkpt lat="51.650974" lon="10.691070">
        <ele>576.297393</ele>
        <time>2026-04-08T15:27:44.000Z</time>
      </trkpt>
      <trkpt lat="51.651001" lon="10.691027">
        <ele>576.335380</ele>
        <time>2026-04-08T15:27:45.000Z</time>
      </trkpt>
      <trkpt lat="51.651041" lon="10.690995">
        <ele>576.380072</ele>
        <time>2026-04-08T15:27:46.000Z</time>
      </trkpt>
      <trkpt lat="51.651079" lon="10.690979">
        <ele>576.419378</ele>
        <time>2026-04-08T15:27:47.000Z</time>
      </trkpt>
      <trkpt lat="51.651124" lon="10.690970">
        <ele>576.464759</ele>
        <time>2026-04-08T15:27:48.000Z</time>
      </trkpt>
      <trkpt lat="51.651177" lon="10.690958">
        <ele>576.518322</ele>
        <time>2026-04-08T15:27:49.000Z</time>
      </trkpt>
      <trkpt lat="51.651232" lon="10.690948">
        <ele>576.573714</ele>
        <time>2026-04-08T15:27:50.000Z</time>
      </trkpt>
      <trkpt lat="51.651276" lon="10.690947">
        <ele>576.617753</ele>
        <time>2026-04-08T15:27:51.000Z</time>
      </trkpt>
      <trkpt lat="51.651330" lon="10.690945">
        <ele>576.671810</ele>
        <time>2026-04-08T15:27:52.000Z</time>
      </trkpt>
      <trkpt lat="51.651388" lon="10.690944">
        <ele>576.729859</ele>
        <time>2026-04-08T15:27:53.000Z</time>
      </trkpt>
      <trkpt lat="51.651447" lon="10.690955">
        <ele>576.789300</ele>
        <time>2026-04-08T15:27:54.000Z</time>
      </trkpt>
      <trkpt lat="51.651498" lon="10.690956">
        <ele>576.840344</ele>
        <time>2026-04-08T15:27:55.000Z</time>
      </trkpt>
      <trkpt lat="51.651551" lon="10.690958">
        <ele>576.893400</ele>
        <time>2026-04-08T15:27:56.000Z</time>
      </trkpt>
      <trkpt lat="51.651596" lon="10.690956">
        <ele>576.938453</ele>
        <time>2026-04-08T15:27:57.000Z</time>
      </trkpt>
      <trkpt lat="51.651645" lon="10.690944">
        <ele>576.988054</ele>
        <time>2026-04-08T15:27:58.000Z</time>
      </trkpt>
      <trkpt lat="51.651691" lon="10.690928">
        <ele>577.035150</ele>
        <time>2026-04-08T15:27:59.000Z</time>
      </trkpt>
      <trkpt lat="51.651742" lon="10.690902">
        <ele>577.088683</ele>
        <time>2026-04-08T15:28:00.000Z</time>
      </trkpt>
      <trkpt lat="51.651790" lon="10.690876">
        <ele>577.139361</ele>
        <time>2026-04-08T15:28:01.000Z</time>
      </trkpt>
      <trkpt lat="51.651841" lon="10.690846">
        <ele>577.193694</ele>
        <time>2026-04-08T15:28:02.000Z</time>
      </trkpt>
      <trkpt lat="51.651890" lon="10.690811">
        <ele>577.247332</ele>
        <time>2026-04-08T15:28:03.000Z</time>
      </trkpt>
      <trkpt lat="51.651936" lon="10.690764">
        <ele>577.301840</ele>
        <time>2026-04-08T15:28:04.000Z</time>
      </trkpt>
      <trkpt lat="51.651978" lon="10.690707">
        <ele>577.356789</ele>
        <time>2026-04-08T15:28:05.000Z</time>
      </trkpt>
      <trkpt lat="51.652013" lon="10.690645">
        <ele>577.408837</ele>
        <time>2026-04-08T15:28:06.000Z</time>
      </trkpt>
      <trkpt lat="51.652044" lon="10.690578">
        <ele>577.460733</ele>
        <time>2026-04-08T15:28:07.000Z</time>
      </trkpt>
      <trkpt lat="51.652076" lon="10.690504">
        <ele>577.516741</ele>
        <time>2026-04-08T15:28:08.000Z</time>
      </trkpt>
      <trkpt lat="51.652106" lon="10.690432">
        <ele>577.570594</ele>
        <time>2026-04-08T15:28:09.000Z</time>
      </trkpt>
      <trkpt lat="51.652133" lon="10.690357">
        <ele>577.624434</ele>
        <time>2026-04-08T15:28:10.000Z</time>
      </trkpt>
      <trkpt lat="51.652162" lon="10.690284">
        <ele>577.663203</ele>
        <time>2026-04-08T15:28:11.000Z</time>
      </trkpt>
      <trkpt lat="51.652187" lon="10.690203">
        <ele>577.692242</ele>
        <time>2026-04-08T15:28:12.000Z</time>
      </trkpt>
      <trkpt lat="51.652212" lon="10.690130">
        <ele>577.719007</ele>
        <time>2026-04-08T15:28:13.000Z</time>
      </trkpt>
      <trkpt lat="51.652237" lon="10.690051">
        <ele>577.747474</ele>
        <time>2026-04-08T15:28:14.000Z</time>
      </trkpt>
      <trkpt lat="51.652263" lon="10.689977">
        <ele>577.774771</ele>
        <time>2026-04-08T15:28:15.000Z</time>
      </trkpt>
      <trkpt lat="51.652286" lon="10.689899">
        <ele>577.802492</ele>
        <time>2026-04-08T15:28:16.000Z</time>
      </trkpt>
      <trkpt lat="51.652306" lon="10.689823">
        <ele>577.828991</ele>
        <time>2026-04-08T15:28:17.000Z</time>
      </trkpt>
      <trkpt lat="51.652329" lon="10.689743">
        <ele>577.857294</ele>
        <time>2026-04-08T15:28:18.000Z</time>
      </trkpt>
      <trkpt lat="51.652351" lon="10.689669">
        <ele>577.883633</ele>
        <time>2026-04-08T15:28:19.000Z</time>
      </trkpt>
      <trkpt lat="51.652371" lon="10.689584">
        <ele>577.912813</ele>
        <time>2026-04-08T15:28:20.000Z</time>
      </trkpt>
      <trkpt lat="51.652389" lon="10.689508">
        <ele>577.938925</ele>
        <time>2026-04-08T15:28:21.000Z</time>
      </trkpt>
      <trkpt lat="51.652409" lon="10.689424">
        <ele>577.967806</ele>
        <time>2026-04-08T15:28:22.000Z</time>
      </trkpt>
      <trkpt lat="51.652428" lon="10.689347">
        <ele>577.994405</ele>
        <time>2026-04-08T15:28:23.000Z</time>
      </trkpt>
      <trkpt lat="51.652447" lon="10.689267">
        <ele>578.021901</ele>
        <time>2026-04-08T15:28:24.000Z</time>
      </trkpt>
      <trkpt lat="51.652467" lon="10.689190">
        <ele>578.048696</ele>
        <time>2026-04-08T15:28:25.000Z</time>
      </trkpt>
      <trkpt lat="51.652486" lon="10.689113">
        <ele>578.075295</ele>
        <time>2026-04-08T15:28:26.000Z</time>
      </trkpt>
      <trkpt lat="51.652504" lon="10.689037">
        <ele>578.101407</ele>
        <time>2026-04-08T15:28:27.000Z</time>
      </trkpt>
      <trkpt lat="51.652520" lon="10.688965">
        <ele>578.125956</ele>
        <time>2026-04-08T15:28:28.000Z</time>
      </trkpt>
      <trkpt lat="51.652536" lon="10.688892">
        <ele>578.150807</ele>
        <time>2026-04-08T15:28:29.000Z</time>
      </trkpt>
      <trkpt lat="51.652551" lon="10.688819">
        <ele>578.175491</ele>
        <time>2026-04-08T15:28:30.000Z</time>
      </trkpt>
      <trkpt lat="51.652570" lon="10.688748">
        <ele>578.200311</ele>
        <time>2026-04-08T15:28:31.000Z</time>
      </trkpt>
      <trkpt lat="51.652589" lon="10.688677">
        <ele>578.225130</ele>
        <time>2026-04-08T15:28:32.000Z</time>
      </trkpt>
      <trkpt lat="51.652608" lon="10.688613">
        <ele>578.247904</ele>
        <time>2026-04-08T15:28:33.000Z</time>
      </trkpt>
      <trkpt lat="51.652630" lon="10.688547">
        <ele>578.271953</ele>
        <time>2026-04-08T15:28:34.000Z</time>
      </trkpt>
      <trkpt lat="51.652652" lon="10.688481">
        <ele>578.296003</ele>
        <time>2026-04-08T15:28:35.000Z</time>
      </trkpt>
      <trkpt lat="51.652675" lon="10.688413">
        <ele>578.320863</ele>
        <time>2026-04-08T15:28:36.000Z</time>
      </trkpt>
      <trkpt lat="51.652700" lon="10.688349">
        <ele>578.345138</ele>
        <time>2026-04-08T15:28:37.000Z</time>
      </trkpt>
      <trkpt lat="51.652726" lon="10.688279">
        <ele>578.371326</ele>
        <time>2026-04-08T15:28:38.000Z</time>
      </trkpt>
      <trkpt lat="51.652749" lon="10.688210">
        <ele>578.396468</ele>
        <time>2026-04-08T15:28:39.000Z</time>
      </trkpt>
      <trkpt lat="51.652771" lon="10.688145">
        <ele>578.420235</ele>
        <time>2026-04-08T15:28:40.000Z</time>
      </trkpt>
      <trkpt lat="51.652795" lon="10.688083">
        <ele>578.443692</ele>
        <time>2026-04-08T15:28:41.000Z</time>
      </trkpt>
      <trkpt lat="51.652824" lon="10.688016">
        <ele>578.469915</ele>
        <time>2026-04-08T15:28:42.000Z</time>
      </trkpt>
      <trkpt lat="51.652849" lon="10.687957">
        <ele>578.492848</ele>
        <time>2026-04-08T15:28:43.000Z</time>
      </trkpt>
      <trkpt lat="51.652876" lon="10.687893">
        <ele>578.517691</ele>
        <time>2026-04-08T15:28:44.000Z</time>
      </trkpt>
      <trkpt lat="51.652904" lon="10.687827">
        <ele>578.543355</ele>
        <time>2026-04-08T15:28:45.000Z</time>
      </trkpt>
      <trkpt lat="51.652928" lon="10.687763">
        <ele>578.567359</ele>
        <time>2026-04-08T15:28:46.000Z</time>
      </trkpt>
      <trkpt lat="51.652957" lon="10.687705">
        <ele>578.563959</ele>
        <time>2026-04-08T15:28:47.000Z</time>
      </trkpt>
      <trkpt lat="51.652985" lon="10.687644">
        <ele>578.539490</ele>
        <time>2026-04-08T15:28:48.000Z</time>
      </trkpt>
      <trkpt lat="51.653020" lon="10.687589">
        <ele>578.514084</ele>
        <time>2026-04-08T15:28:49.000Z</time>
      </trkpt>
      <trkpt lat="51.653060" lon="10.687537">
        <ele>578.487375</ele>
        <time>2026-04-08T15:28:50.000Z</time>
      </trkpt>
      <trkpt lat="51.653097" lon="10.687495">
        <ele>578.463854</ele>
        <time>2026-04-08T15:28:51.000Z</time>
      </trkpt>
      <trkpt lat="51.653135" lon="10.687457">
        <ele>578.440611</ele>
        <time>2026-04-08T15:28:52.000Z</time>
      </trkpt>
      <trkpt lat="51.653180" lon="10.687425">
        <ele>578.415047</ele>
        <time>2026-04-08T15:28:53.000Z</time>
      </trkpt>
      <trkpt lat="51.653223" lon="10.687400">
        <ele>578.391288</ele>
        <time>2026-04-08T15:28:54.000Z</time>
      </trkpt>
      <trkpt lat="51.653269" lon="10.687386">
        <ele>578.366958</ele>
        <time>2026-04-08T15:28:55.000Z</time>
      </trkpt>
      <trkpt lat="51.653321" lon="10.687376">
        <ele>578.339739</ele>
        <time>2026-04-08T15:28:56.000Z</time>
      </trkpt>
      <trkpt lat="51.653373" lon="10.687371">
        <ele>578.312664</ele>
        <time>2026-04-08T15:28:57.000Z</time>
      </trkpt>
      <trkpt lat="51.653422" lon="10.687369">
        <ele>578.287188</ele>
        <time>2026-04-08T15:28:58.000Z</time>
      </trkpt>
      <trkpt lat="51.653475" lon="10.687367">
        <ele>578.259634</ele>
        <time>2026-04-08T15:28:59.000Z</time>
      </trkpt>
      <trkpt lat="51.653530" lon="10.687362">
        <ele>578.231002</ele>
        <time>2026-04-08T15:29:00.000Z</time>
      </trkpt>
      <trkpt lat="51.653576" lon="10.687354">
        <ele>578.206955</ele>
        <time>2026-04-08T15:29:01.000Z</time>
      </trkpt>
      <trkpt lat="51.653628" lon="10.687335">
        <ele>578.179242</ele>
        <time>2026-04-08T15:29:02.000Z</time>
      </trkpt>
      <trkpt lat="51.653682" lon="10.687303">
        <ele>578.149339</ele>
        <time>2026-04-08T15:29:03.000Z</time>
      </trkpt>
      <trkpt lat="51.653725" lon="10.687264">
        <ele>578.123695</ele>
        <time>2026-04-08T15:29:04.000Z</time>
      </trkpt>
      <trkpt lat="51.653770" lon="10.687207">
        <ele>578.093948</ele>
        <time>2026-04-08T15:29:05.000Z</time>
      </trkpt>
      <trkpt lat="51.653806" lon="10.687151">
        <ele>578.067945</ele>
        <time>2026-04-08T15:29:06.000Z</time>
      </trkpt>
      <trkpt lat="51.653846" lon="10.687088">
        <ele>578.038877</ele>
        <time>2026-04-08T15:29:07.000Z</time>
      </trkpt>
      <trkpt lat="51.653882" lon="10.687027">
        <ele>578.011730</ele>
        <time>2026-04-08T15:29:08.000Z</time>
      </trkpt>
      <trkpt lat="51.653918" lon="10.686959">
        <ele>577.982904</ele>
        <time>2026-04-08T15:29:09.000Z</time>
      </trkpt>
      <trkpt lat="51.653951" lon="10.686898">
        <ele>577.956807</ele>
        <time>2026-04-08T15:29:10.000Z</time>
      </trkpt>
      <trkpt lat="51.653987" lon="10.686831">
        <ele>577.928226</ele>
        <time>2026-04-08T15:29:11.000Z</time>
      </trkpt>
      <trkpt lat="51.654017" lon="10.686766">
        <ele>577.902103</ele>
        <time>2026-04-08T15:29:12.000Z</time>
      </trkpt>
      <trkpt lat="51.654053" lon="10.686692">
        <ele>577.871780</ele>
        <time>2026-04-08T15:29:13.000Z</time>
      </trkpt>
      <trkpt lat="51.654082" lon="10.686629">
        <ele>577.846484</ele>
        <time>2026-04-08T15:29:14.000Z</time>
      </trkpt>
      <trkpt lat="51.654115" lon="10.686555">
        <ele>577.817097</ele>
        <time>2026-04-08T15:29:15.000Z</time>
      </trkpt>
      <trkpt lat="51.654140" lon="10.686486">
        <ele>577.791332</ele>
        <time>2026-04-08T15:29:16.000Z</time>
      </trkpt>
      <trkpt lat="51.654168" lon="10.686409">
        <ele>577.762552</ele>
        <time>2026-04-08T15:29:17.000Z</time>
      </trkpt>
      <trkpt lat="51.654197" lon="10.686339">
        <ele>577.735410</ele>
        <time>2026-04-08T15:29:18.000Z</time>
      </trkpt>
      <trkpt lat="51.654225" lon="10.686265">
        <ele>577.707461</ele>
        <time>2026-04-08T15:29:19.000Z</time>
      </trkpt>
      <trkpt lat="51.654256" lon="10.686199">
        <ele>577.680768</ele>
        <time>2026-04-08T15:29:20.000Z</time>
      </trkpt>
      <trkpt lat="51.654289" lon="10.686129">
        <ele>577.652419</ele>
        <time>2026-04-08T15:29:21.000Z</time>
      </trkpt>
      <trkpt lat="51.654321" lon="10.686070">
        <ele>577.674369</ele>
        <time>2026-04-08T15:29:22.000Z</time>
      </trkpt>
      <trkpt lat="51.654353" lon="10.686009">
        <ele>577.726307</ele>
        <time>2026-04-08T15:29:23.000Z</time>
      </trkpt>
      <trkpt lat="51.654385" lon="10.685956">
        <ele>577.774391</ele>
        <time>2026-04-08T15:29:24.000Z</time>
      </trkpt>
      <trkpt lat="51.654422" lon="10.685900">
        <ele>577.827581</ele>
        <time>2026-04-08T15:29:25.000Z</time>
      </trkpt>
      <trkpt lat="51.654461" lon="10.685852">
        <ele>577.879005</ele>
        <time>2026-04-08T15:29:26.000Z</time>
      </trkpt>
      <trkpt lat="51.654499" lon="10.685806">
        <ele>577.928809</ele>
        <time>2026-04-08T15:29:27.000Z</time>
      </trkpt>
      <trkpt lat="51.654541" lon="10.685759">
        <ele>577.982392</ele>
        <time>2026-04-08T15:29:28.000Z</time>
      </trkpt>
      <trkpt lat="51.654584" lon="10.685717">
        <ele>578.035083</ele>
        <time>2026-04-08T15:29:29.000Z</time>
      </trkpt>
      <trkpt lat="51.654631" lon="10.685678">
        <ele>578.090482</ele>
        <time>2026-04-08T15:29:30.000Z</time>
      </trkpt>
      <trkpt lat="51.654672" lon="10.685645">
        <ele>578.138509</ele>
        <time>2026-04-08T15:29:31.000Z</time>
      </trkpt>
      <trkpt lat="51.654722" lon="10.685610">
        <ele>578.195636</ele>
        <time>2026-04-08T15:29:32.000Z</time>
      </trkpt>
      <trkpt lat="51.654774" lon="10.685575">
        <ele>578.254692</ele>
        <time>2026-04-08T15:29:33.000Z</time>
      </trkpt>
      <trkpt lat="51.654824" lon="10.685542">
        <ele>578.311313</ele>
        <time>2026-04-08T15:29:34.000Z</time>
      </trkpt>
      <trkpt lat="51.654874" lon="10.685515">
        <ele>578.366575</ele>
        <time>2026-04-08T15:29:35.000Z</time>
      </trkpt>
      <trkpt lat="51.654931" lon="10.685486">
        <ele>578.429215</ele>
        <time>2026-04-08T15:29:36.000Z</time>
      </trkpt>
      <trkpt lat="51.654981" lon="10.685460">
        <ele>578.484274</ele>
        <time>2026-04-08T15:29:37.000Z</time>
      </trkpt>
      <trkpt lat="51.655035" lon="10.685434">
        <ele>578.543336</ele>
        <time>2026-04-08T15:29:38.000Z</time>
      </trkpt>
      <trkpt lat="51.655084" lon="10.685417">
        <ele>578.595863</ele>
        <time>2026-04-08T15:29:39.000Z</time>
      </trkpt>
      <trkpt lat="51.655138" lon="10.685402">
        <ele>578.653288</ele>
        <time>2026-04-08T15:29:40.000Z</time>
      </trkpt>
      <trkpt lat="51.655188" lon="10.685396">
        <ele>578.705833</ele>
        <time>2026-04-08T15:29:41.000Z</time>
      </trkpt>
      <trkpt lat="51.655236" lon="10.685395">
        <ele>578.756140</ele>
        <time>2026-04-08T15:29:42.000Z</time>
      </trkpt>
      <trkpt lat="51.655280" lon="10.685395">
        <ele>578.802252</ele>
        <time>2026-04-08T15:29:43.000Z</time>
      </trkpt>
      <trkpt lat="51.655331" lon="10.685401">
        <ele>578.855841</ele>
        <time>2026-04-08T15:29:44.000Z</time>
      </trkpt>
      <trkpt lat="51.655376" lon="10.685414">
        <ele>578.903752</ele>
        <time>2026-04-08T15:29:45.000Z</time>
      </trkpt>
      <trkpt lat="51.655423" lon="10.685433">
        <ele>578.954532</ele>
        <time>2026-04-08T15:29:46.000Z</time>
      </trkpt>
      <trkpt lat="51.655469" lon="10.685451">
        <ele>579.004140</ele>
        <time>2026-04-08T15:29:47.000Z</time>
      </trkpt>
      <trkpt lat="51.655519" lon="10.685473">
        <ele>579.058456</ele>
        <time>2026-04-08T15:29:48.000Z</time>
      </trkpt>
      <trkpt lat="51.655560" lon="10.685496">
        <ele>579.103952</ele>
        <time>2026-04-08T15:29:49.000Z</time>
      </trkpt>
      <trkpt lat="51.655609" lon="10.685520">
        <ele>579.157621</ele>
        <time>2026-04-08T15:29:50.000Z</time>
      </trkpt>
      <trkpt lat="51.655651" lon="10.685541">
        <ele>579.203705</ele>
        <time>2026-04-08T15:29:51.000Z</time>
      </trkpt>
      <trkpt lat="51.655698" lon="10.685565">
        <ele>579.255373</ele>
        <time>2026-04-08T15:29:52.000Z</time>
      </trkpt>
      <trkpt lat="51.655739" lon="10.685585">
        <ele>579.300265</ele>
        <time>2026-04-08T15:29:53.000Z</time>
      </trkpt>
      <trkpt lat="51.655782" lon="10.685597">
        <ele>579.345999</ele>
        <time>2026-04-08T15:29:54.000Z</time>
      </trkpt>
      <trkpt lat="51.655822" lon="10.685598">
        <ele>579.387923</ele>
        <time>2026-04-08T15:29:55.000Z</time>
      </trkpt>
      <trkpt lat="51.655870" lon="10.685597">
        <ele>579.438231</ele>
        <time>2026-04-08T15:29:56.000Z</time>
      </trkpt>
      <trkpt lat="51.655915" lon="10.685591">
        <ele>579.485551</ele>
        <time>2026-04-08T15:29:57.000Z</time>
      </trkpt>
      <trkpt lat="51.655961" lon="10.685578">
        <ele>579.524687</ele>
        <time>2026-04-08T15:29:58.000Z</time>
      </trkpt>
      <trkpt lat="51.656006" lon="10.685554">
        <ele>579.502073</ele>
        <time>2026-04-08T15:29:59.000Z</time>
      </trkpt>
      <trkpt lat="51.656053" lon="10.685527">
        <ele>579.478267</ele>
        <time>2026-04-08T15:30:00.000Z</time>
      </trkpt>
      <trkpt lat="51.656094" lon="10.685497">
        <ele>579.456785</ele>
        <time>2026-04-08T15:30:01.000Z</time>
      </trkpt>
      <trkpt lat="51.656137" lon="10.685463">
        <ele>579.433934</ele>
        <time>2026-04-08T15:30:02.000Z</time>
      </trkpt>
      <trkpt lat="51.656179" lon="10.685428">
        <ele>579.411376</ele>
        <time>2026-04-08T15:30:03.000Z</time>
      </trkpt>
      <trkpt lat="51.656218" lon="10.685393">
        <ele>579.390080</ele>
        <time>2026-04-08T15:30:04.000Z</time>
      </trkpt>
      <trkpt lat="51.656255" lon="10.685357">
        <ele>579.369460</ele>
        <time>2026-04-08T15:30:05.000Z</time>
      </trkpt>
      <trkpt lat="51.656297" lon="10.685323">
        <ele>579.347036</ele>
        <time>2026-04-08T15:30:06.000Z</time>
      </trkpt>
      <trkpt lat="51.656334" lon="10.685296">
        <ele>579.327659</ele>
        <time>2026-04-08T15:30:07.000Z</time>
      </trkpt>
      <trkpt lat="51.656381" lon="10.685272">
        <ele>579.304137</ele>
        <time>2026-04-08T15:30:08.000Z</time>
      </trkpt>
      <trkpt lat="51.656426" lon="10.685254">
        <ele>579.282016</ele>
        <time>2026-04-08T15:30:09.000Z</time>
      </trkpt>
      <trkpt lat="51.656471" lon="10.685245">
        <ele>579.260381</ele>
        <time>2026-04-08T15:30:10.000Z</time>
      </trkpt>
      <trkpt lat="51.656515" lon="10.685247">
        <ele>579.239380</ele>
        <time>2026-04-08T15:30:11.000Z</time>
      </trkpt>
      <trkpt lat="51.656564" lon="10.685258">
        <ele>579.215776</ele>
        <time>2026-04-08T15:30:12.000Z</time>
      </trkpt>
      <trkpt lat="51.656610" lon="10.685274">
        <ele>579.193324</ele>
        <time>2026-04-08T15:30:13.000Z</time>
      </trkpt>
      <trkpt lat="51.656659" lon="10.685298">
        <ele>579.168891</ele>
        <time>2026-04-08T15:30:14.000Z</time>
      </trkpt>
      <trkpt lat="51.656705" lon="10.685326">
        <ele>579.145431</ele>
        <time>2026-04-08T15:30:15.000Z</time>
      </trkpt>
      <trkpt lat="51.656752" lon="10.685356">
        <ele>579.121313</ele>
        <time>2026-04-08T15:30:16.000Z</time>
      </trkpt>
      <trkpt lat="51.656796" lon="10.685391">
        <ele>579.097904</ele>
        <time>2026-04-08T15:30:17.000Z</time>
      </trkpt>
      <trkpt lat="51.656844" lon="10.685432">
        <ele>579.071986</ele>
        <time>2026-04-08T15:30:18.000Z</time>
      </trkpt>
      <trkpt lat="51.656891" lon="10.685470">
        <ele>579.046899</ele>
        <time>2026-04-08T15:30:19.000Z</time>
      </trkpt>
      <trkpt lat="51.656938" lon="10.685511">
        <ele>579.021402</ele>
        <time>2026-04-08T15:30:20.000Z</time>
      </trkpt>
      <trkpt lat="51.656982" lon="10.685551">
        <ele>578.997301</ele>
        <time>2026-04-08T15:30:21.000Z</time>
      </trkpt>
      <trkpt lat="51.657029" lon="10.685593">
        <ele>578.971662</ele>
        <time>2026-04-08T15:30:22.000Z</time>
      </trkpt>
      <trkpt lat="51.657077" lon="10.685628">
        <ele>578.946527</ele>
        <time>2026-04-08T15:30:23.000Z</time>
      </trkpt>
      <trkpt lat="51.657128" lon="10.685667">
        <ele>578.919595</ele>
        <time>2026-04-08T15:30:24.000Z</time>
      </trkpt>
      <trkpt lat="51.657176" lon="10.685702">
        <ele>578.894460</ele>
        <time>2026-04-08T15:30:25.000Z</time>
      </trkpt>
      <trkpt lat="51.657224" lon="10.685739">
        <ele>578.869075</ele>
        <time>2026-04-08T15:30:26.000Z</time>
      </trkpt>
      <trkpt lat="51.657272" lon="10.685772">
        <ele>578.844178</ele>
        <time>2026-04-08T15:30:27.000Z</time>
      </trkpt>
      <trkpt lat="51.657326" lon="10.685806">
        <ele>578.816519</ele>
        <time>2026-04-08T15:30:28.000Z</time>
      </trkpt>
      <trkpt lat="51.657378" lon="10.685838">
        <ele>578.789963</ele>
        <time>2026-04-08T15:30:29.000Z</time>
      </trkpt>
      <trkpt lat="51.657430" lon="10.685876">
        <ele>578.762723</ele>
        <time>2026-04-08T15:30:30.000Z</time>
      </trkpt>
      <trkpt lat="51.657479" lon="10.685909">
        <ele>578.737387</ele>
        <time>2026-04-08T15:30:31.000Z</time>
      </trkpt>
      <trkpt lat="51.657532" lon="10.685942">
        <ele>578.710279</ele>
        <time>2026-04-08T15:30:32.000Z</time>
      </trkpt>
      <trkpt lat="51.657582" lon="10.685971">
        <ele>578.684927</ele>
        <time>2026-04-08T15:30:33.000Z</time>
      </trkpt>
      <trkpt lat="51.657632" lon="10.685998">
        <ele>578.639156</ele>
        <time>2026-04-08T15:30:34.000Z</time>
      </trkpt>
      <trkpt lat="51.657681" lon="10.686023">
        <ele>578.563284</ele>
        <time>2026-04-08T15:30:35.000Z</time>
      </trkpt>
      <trkpt lat="51.657738" lon="10.686053">
        <ele>578.474768</ele>
        <time>2026-04-08T15:30:36.000Z</time>
      </trkpt>
      <trkpt lat="51.657790" lon="10.686078">
        <ele>578.394663</ele>
        <time>2026-04-08T15:30:37.000Z</time>
      </trkpt>
      <trkpt lat="51.657847" lon="10.686100">
        <ele>578.308140</ele>
        <time>2026-04-08T15:30:38.000Z</time>
      </trkpt>
      <trkpt lat="51.657904" lon="10.686116">
        <ele>578.222729</ele>
        <time>2026-04-08T15:30:39.000Z</time>
      </trkpt>
      <trkpt lat="51.657959" lon="10.686130">
        <ele>578.140531</ele>
        <time>2026-04-08T15:30:40.000Z</time>
      </trkpt>
      <trkpt lat="51.658012" lon="10.686151">
        <ele>578.059962</ele>
        <time>2026-04-08T15:30:41.000Z</time>
      </trkpt>
      <trkpt lat="51.658068" lon="10.686178">
        <ele>577.973675</ele>
        <time>2026-04-08T15:30:42.000Z</time>
      </trkpt>
      <trkpt lat="51.658121" lon="10.686199">
        <ele>577.893107</ele>
        <time>2026-04-08T15:30:43.000Z</time>
      </trkpt>
      <trkpt lat="51.658180" lon="10.686218">
        <ele>577.804289</ele>
        <time>2026-04-08T15:30:44.000Z</time>
      </trkpt>
      <trkpt lat="51.658234" lon="10.686230">
        <ele>577.723819</ele>
        <time>2026-04-08T15:30:45.000Z</time>
      </trkpt>
      <trkpt lat="51.658287" lon="10.686241">
        <ele>577.644933</ele>
        <time>2026-04-08T15:30:46.000Z</time>
      </trkpt>
      <trkpt lat="51.658339" lon="10.686248">
        <ele>577.567902</ele>
        <time>2026-04-08T15:30:47.000Z</time>
      </trkpt>
      <trkpt lat="51.658394" lon="10.686251">
        <ele>577.486664</ele>
        <time>2026-04-08T15:30:48.000Z</time>
      </trkpt>
      <trkpt lat="51.658445" lon="10.686252">
        <ele>577.411371</ele>
        <time>2026-04-08T15:30:49.000Z</time>
      </trkpt>
      <trkpt lat="51.658499" lon="10.686245">
        <ele>577.331398</ele>
        <time>2026-04-08T15:30:50.000Z</time>
      </trkpt>
      <trkpt lat="51.658552" lon="10.686228">
        <ele>577.251624</ele>
        <time>2026-04-08T15:30:51.000Z</time>
      </trkpt>
      <trkpt lat="51.658612" lon="10.686206">
        <ele>577.160788</ele>
        <time>2026-04-08T15:30:52.000Z</time>
      </trkpt>
      <trkpt lat="51.658664" lon="10.686182">
        <ele>577.080940</ele>
        <time>2026-04-08T15:30:53.000Z</time>
      </trkpt>
      <trkpt lat="51.658722" lon="10.686151">
        <ele>576.990736</ele>
        <time>2026-04-08T15:30:54.000Z</time>
      </trkpt>
      <trkpt lat="51.658773" lon="10.686119">
        <ele>576.909946</ele>
        <time>2026-04-08T15:30:55.000Z</time>
      </trkpt>
      <trkpt lat="51.658830" lon="10.686080">
        <ele>576.818536</ele>
        <time>2026-04-08T15:30:56.000Z</time>
      </trkpt>
      <trkpt lat="51.658879" lon="10.686039">
        <ele>576.737037</ele>
        <time>2026-04-08T15:30:57.000Z</time>
      </trkpt>
      <trkpt lat="51.658929" lon="10.685988">
        <ele>576.649691</ele>
        <time>2026-04-08T15:30:58.000Z</time>
      </trkpt>
      <trkpt lat="51.658981" lon="10.685939">
        <ele>576.560775</ele>
        <time>2026-04-08T15:30:59.000Z</time>
      </trkpt>
      <trkpt lat="51.659029" lon="10.685880">
        <ele>576.471667</ele>
        <time>2026-04-08T15:31:00.000Z</time>
      </trkpt>
      <trkpt lat="51.659076" lon="10.685822">
        <ele>576.384288</ele>
        <time>2026-04-08T15:31:01.000Z</time>
      </trkpt>
      <trkpt lat="51.659124" lon="10.685761">
        <ele>576.294059</ele>
        <time>2026-04-08T15:31:02.000Z</time>
      </trkpt>
      <trkpt lat="51.659172" lon="10.685701">
        <ele>576.204393</ele>
        <time>2026-04-08T15:31:03.000Z</time>
      </trkpt>
      <trkpt lat="51.659223" lon="10.685639">
        <ele>576.110097</ele>
        <time>2026-04-08T15:31:04.000Z</time>
      </trkpt>
      <trkpt lat="51.659267" lon="10.685580">
        <ele>576.025609</ele>
        <time>2026-04-08T15:31:05.000Z</time>
      </trkpt>
      <trkpt lat="51.659317" lon="10.685515">
        <ele>576.007242</ele>
        <time>2026-04-08T15:31:06.000Z</time>
      </trkpt>
      <trkpt lat="51.659362" lon="10.685453">
        <ele>575.999747</ele>
        <time>2026-04-08T15:31:07.000Z</time>
      </trkpt>
      <trkpt lat="51.659413" lon="10.685387">
        <ele>575.991465</ele>
        <time>2026-04-08T15:31:08.000Z</time>
      </trkpt>
      <trkpt lat="51.659464" lon="10.685334">
        <ele>575.983782</ele>
        <time>2026-04-08T15:31:09.000Z</time>
      </trkpt>
      <trkpt lat="51.659519" lon="10.685288">
        <ele>575.975936</ele>
        <time>2026-04-08T15:31:10.000Z</time>
      </trkpt>
      <trkpt lat="51.659575" lon="10.685268">
        <ele>575.968673</ele>
        <time>2026-04-08T15:31:11.000Z</time>
      </trkpt>
      <trkpt lat="51.659633" lon="10.685269">
        <ele>575.961328</ele>
        <time>2026-04-08T15:31:12.000Z</time>
      </trkpt>
      <trkpt lat="51.659694" lon="10.685294">
        <ele>575.953358</ele>
        <time>2026-04-08T15:31:13.000Z</time>
      </trkpt>
      <trkpt lat="51.659750" lon="10.685344">
        <ele>575.945252</ele>
        <time>2026-04-08T15:31:14.000Z</time>
      </trkpt>
      <trkpt lat="51.659801" lon="10.685399">
        <ele>575.937482</ele>
        <time>2026-04-08T15:31:15.000Z</time>
      </trkpt>
      <trkpt lat="51.659848" lon="10.685460">
        <ele>575.929842</ele>
        <time>2026-04-08T15:31:16.000Z</time>
      </trkpt>
      <trkpt lat="51.659893" lon="10.685526">
        <ele>575.922138</ele>
        <time>2026-04-08T15:31:17.000Z</time>
      </trkpt>
      <trkpt lat="51.659930" lon="10.685601">
        <ele>575.914611</ele>
        <time>2026-04-08T15:31:18.000Z</time>
      </trkpt>
      <trkpt lat="51.659960" lon="10.685674">
        <ele>575.907733</ele>
        <time>2026-04-08T15:31:19.000Z</time>
      </trkpt>
      <trkpt lat="51.659988" lon="10.685754">
        <ele>575.900517</ele>
        <time>2026-04-08T15:31:20.000Z</time>
      </trkpt>
      <trkpt lat="51.660008" lon="10.685836">
        <ele>575.893596</ele>
        <time>2026-04-08T15:31:21.000Z</time>
      </trkpt>
      <trkpt lat="51.660024" lon="10.685920">
        <ele>575.886694</ele>
        <time>2026-04-08T15:31:22.000Z</time>
      </trkpt>
      <trkpt lat="51.660042" lon="10.686004">
        <ele>575.879713</ele>
        <time>2026-04-08T15:31:23.000Z</time>
      </trkpt>
      <trkpt lat="51.660065" lon="10.686093">
        <ele>575.872140</ele>
        <time>2026-04-08T15:31:24.000Z</time>
      </trkpt>
      <trkpt lat="51.660087" lon="10.686164">
        <ele>575.865906</ele>
        <time>2026-04-08T15:31:25.000Z</time>
      </trkpt>
      <trkpt lat="51.660108" lon="10.686248">
        <ele>575.858792</ele>
        <time>2026-04-08T15:31:26.000Z</time>
      </trkpt>
      <trkpt lat="51.660123" lon="10.686337">
        <ele>575.851548</ele>
        <time>2026-04-08T15:31:27.000Z</time>
      </trkpt>
      <trkpt lat="51.660139" lon="10.686429">
        <ele>575.844043</ele>
        <time>2026-04-08T15:31:28.000Z</time>
      </trkpt>
      <trkpt lat="51.660147" lon="10.686515">
        <ele>575.837212</ele>
        <time>2026-04-08T15:31:29.000Z</time>
      </trkpt>
      <trkpt lat="51.660158" lon="10.686604">
        <ele>575.830084</ele>
        <time>2026-04-08T15:31:30.000Z</time>
      </trkpt>
      <trkpt lat="51.660163" lon="10.686687">
        <ele>575.823533</ele>
        <time>2026-04-08T15:31:31.000Z</time>
      </trkpt>
      <trkpt lat="51.660174" lon="10.686779">
        <ele>575.816174</ele>
        <time>2026-04-08T15:31:32.000Z</time>
      </trkpt>
      <trkpt lat="51.660185" lon="10.686864">
        <ele>575.809353</ele>
        <time>2026-04-08T15:31:33.000Z</time>
      </trkpt>
      <trkpt lat="51.660193" lon="10.686955">
        <ele>575.802134</ele>
        <time>2026-04-08T15:31:34.000Z</time>
      </trkpt>
      <trkpt lat="51.660199" lon="10.687041">
        <ele>575.795336</ele>
        <time>2026-04-08T15:31:35.000Z</time>
      </trkpt>
      <trkpt lat="51.660205" lon="10.687127">
        <ele>575.788538</ele>
        <time>2026-04-08T15:31:36.000Z</time>
      </trkpt>
      <trkpt lat="51.660211" lon="10.687210">
        <ele>575.843082</ele>
        <time>2026-04-08T15:31:37.000Z</time>
      </trkpt>
      <trkpt lat="51.660217" lon="10.687292">
        <ele>575.921169</ele>
        <time>2026-04-08T15:31:38.000Z</time>
      </trkpt>
      <trkpt lat="51.660224" lon="10.687372">
        <ele>575.997576</ele>
        <time>2026-04-08T15:31:39.000Z</time>
      </trkpt>
      <trkpt lat="51.660234" lon="10.687453">
        <ele>576.075682</ele>
        <time>2026-04-08T15:31:40.000Z</time>
      </trkpt>
      <trkpt lat="51.660244" lon="10.687535">
        <ele>576.154716</ele>
        <time>2026-04-08T15:31:41.000Z</time>
      </trkpt>
      <trkpt lat="51.660254" lon="10.687617">
        <ele>576.233750</ele>
        <time>2026-04-08T15:31:42.000Z</time>
      </trkpt>
      <trkpt lat="51.660264" lon="10.687696">
        <ele>576.310002</ele>
        <time>2026-04-08T15:31:43.000Z</time>
      </trkpt>
      <trkpt lat="51.660276" lon="10.687780">
        <ele>576.391523</ele>
        <time>2026-04-08T15:31:44.000Z</time>
      </trkpt>
      <trkpt lat="51.660288" lon="10.687865">
        <ele>576.473965</ele>
        <time>2026-04-08T15:31:45.000Z</time>
      </trkpt>
      <trkpt lat="51.660296" lon="10.687952">
        <ele>576.557142</ele>
        <time>2026-04-08T15:31:46.000Z</time>
      </trkpt>
      <trkpt lat="51.660307" lon="10.688032">
        <ele>576.634636</ele>
        <time>2026-04-08T15:31:47.000Z</time>
      </trkpt>
      <trkpt lat="51.660315" lon="10.688118">
        <ele>576.716878</ele>
        <time>2026-04-08T15:31:48.000Z</time>
      </trkpt>
      <trkpt lat="51.660326" lon="10.688197">
        <ele>576.793450</ele>
        <time>2026-04-08T15:31:49.000Z</time>
      </trkpt>
      <trkpt lat="51.660338" lon="10.688281">
        <ele>576.874970</ele>
        <time>2026-04-08T15:31:50.000Z</time>
      </trkpt>
      <trkpt lat="51.660342" lon="10.688361">
        <ele>576.950873</ele>
        <time>2026-04-08T15:31:51.000Z</time>
      </trkpt>
      <trkpt lat="51.660343" lon="10.688446">
        <ele>577.031274</ele>
        <time>2026-04-08T15:31:52.000Z</time>
      </trkpt>
      <trkpt lat="51.660343" lon="10.688525">
        <ele>577.105987</ele>
        <time>2026-04-08T15:31:53.000Z</time>
      </trkpt>
      <trkpt lat="51.660340" lon="10.688612">
        <ele>577.188392</ele>
        <time>2026-04-08T15:31:54.000Z</time>
      </trkpt>
      <trkpt lat="51.660339" lon="10.688689">
        <ele>577.261228</ele>
        <time>2026-04-08T15:31:55.000Z</time>
      </trkpt>
      <trkpt lat="51.660333" lon="10.688772">
        <ele>577.340255</ele>
        <time>2026-04-08T15:31:56.000Z</time>
      </trkpt>
      <trkpt lat="51.660329" lon="10.688850">
        <ele>577.414273</ele>
        <time>2026-04-08T15:31:57.000Z</time>
      </trkpt>
      <trkpt lat="51.660325" lon="10.688935">
        <ele>577.494891</ele>
        <time>2026-04-08T15:31:58.000Z</time>
      </trkpt>
      <trkpt lat="51.660321" lon="10.689016">
        <ele>577.571737</ele>
        <time>2026-04-08T15:31:59.000Z</time>
      </trkpt>
      <trkpt lat="51.660317" lon="10.689103">
        <ele>577.654240</ele>
        <time>2026-04-08T15:32:00.000Z</time>
      </trkpt>
      <trkpt lat="51.660314" lon="10.689176">
        <ele>577.723430</ele>
        <time>2026-04-08T15:32:01.000Z</time>
      </trkpt>
      <trkpt lat="51.660314" lon="10.689260">
        <ele>577.802871</ele>
        <time>2026-04-08T15:32:02.000Z</time>
      </trkpt>
      <trkpt lat="51.660316" lon="10.689351">
        <ele>577.888986</ele>
        <time>2026-04-08T15:32:03.000Z</time>
      </trkpt>
      <trkpt lat="51.660317" lon="10.689434">
        <ele>577.967496</ele>
        <time>2026-04-08T15:32:04.000Z</time>
      </trkpt>
      <trkpt lat="51.660323" lon="10.689516">
        <ele>578.045583</ele>
        <time>2026-04-08T15:32:05.000Z</time>
      </trkpt>
      <trkpt lat="51.660327" lon="10.689600">
        <ele>578.125257</ele>
        <time>2026-04-08T15:32:06.000Z</time>
      </trkpt>
      <trkpt lat="51.660334" lon="10.689681">
        <ele>578.202601</ele>
        <time>2026-04-08T15:32:07.000Z</time>
      </trkpt>
      <trkpt lat="51.660345" lon="10.689762">
        <ele>578.281019</ele>
        <time>2026-04-08T15:32:08.000Z</time>
      </trkpt>
      <trkpt lat="51.660363" lon="10.689836">
        <ele>578.356191</ele>
        <time>2026-04-08T15:32:09.000Z</time>
      </trkpt>
      <trkpt lat="51.660385" lon="10.689907">
        <ele>578.431248</ele>
        <time>2026-04-08T15:32:10.000Z</time>
      </trkpt>
      <trkpt lat="51.660411" lon="10.689974">
        <ele>578.505989</ele>
        <time>2026-04-08T15:32:11.000Z</time>
      </trkpt>
      <trkpt lat="51.660445" lon="10.690039">
        <ele>578.600663</ele>
        <time>2026-04-08T15:32:12.000Z</time>
      </trkpt>
      <trkpt lat="51.660475" lon="10.690094">
        <ele>578.687085</ele>
        <time>2026-04-08T15:32:13.000Z</time>
      </trkpt>
      <trkpt lat="51.660514" lon="10.690145">
        <ele>578.782613</ele>
        <time>2026-04-08T15:32:14.000Z</time>
      </trkpt>
      <trkpt lat="51.660551" lon="10.690190">
        <ele>578.870781</ele>
        <time>2026-04-08T15:32:15.000Z</time>
      </trkpt>
      <trkpt lat="51.660589" lon="10.690230">
        <ele>578.957112</ele>
        <time>2026-04-08T15:32:16.000Z</time>
      </trkpt>
      <trkpt lat="51.660630" lon="10.690265">
        <ele>579.045365</ele>
        <time>2026-04-08T15:32:17.000Z</time>
      </trkpt>
      <trkpt lat="51.660670" lon="10.690303">
        <ele>579.133685</ele>
        <time>2026-04-08T15:32:18.000Z</time>
      </trkpt>
      <trkpt lat="51.660704" lon="10.690331">
        <ele>579.206313</ele>
        <time>2026-04-08T15:32:19.000Z</time>
      </trkpt>
      <trkpt lat="51.660747" lon="10.690356">
        <ele>579.293267</ele>
        <time>2026-04-08T15:32:20.000Z</time>
      </trkpt>
      <trkpt lat="51.660792" lon="10.690380">
        <ele>579.383432</ele>
        <time>2026-04-08T15:32:21.000Z</time>
      </trkpt>
      <trkpt lat="51.660837" lon="10.690402">
        <ele>579.472884</ele>
        <time>2026-04-08T15:32:22.000Z</time>
      </trkpt>
      <trkpt lat="51.660878" lon="10.690416">
        <ele>579.552607</ele>
        <time>2026-04-08T15:32:23.000Z</time>
      </trkpt>
      <trkpt lat="51.660921" lon="10.690427">
        <ele>579.635428</ele>
        <time>2026-04-08T15:32:24.000Z</time>
      </trkpt>
      <trkpt lat="51.660962" lon="10.690434">
        <ele>579.713857</ele>
        <time>2026-04-08T15:32:25.000Z</time>
      </trkpt>
      <trkpt lat="51.661005" lon="10.690436">
        <ele>579.795688</ele>
        <time>2026-04-08T15:32:26.000Z</time>
      </trkpt>
      <trkpt lat="51.661046" lon="10.690440">
        <ele>579.873824</ele>
        <time>2026-04-08T15:32:27.000Z</time>
      </trkpt>
      <trkpt lat="51.661089" lon="10.690439">
        <ele>579.955629</ele>
        <time>2026-04-08T15:32:28.000Z</time>
      </trkpt>
      <trkpt lat="51.661130" lon="10.690437">
        <ele>580.033658</ele>
        <time>2026-04-08T15:32:29.000Z</time>
      </trkpt>
      <trkpt lat="51.661173" lon="10.690432">
        <ele>580.115668</ele>
        <time>2026-04-08T15:32:30.000Z</time>
      </trkpt>
      <trkpt lat="51.661213" lon="10.690428">
        <ele>580.191904</ele>
        <time>2026-04-08T15:32:31.000Z</time>
      </trkpt>
      <trkpt lat="51.661257" lon="10.690421">
        <ele>580.276011</ele>
        <time>2026-04-08T15:32:32.000Z</time>
      </trkpt>
      <trkpt lat="51.661299" lon="10.690414">
        <ele>580.356332</ele>
        <time>2026-04-08T15:32:33.000Z</time>
      </trkpt>
      <trkpt lat="51.661340" lon="10.690408">
        <ele>580.434645</ele>
        <time>2026-04-08T15:32:34.000Z</time>
      </trkpt>
      <trkpt lat="51.661381" lon="10.690401">
        <ele>580.513074</ele>
        <time>2026-04-08T15:32:35.000Z</time>
      </trkpt>
      <trkpt lat="51.661421" lon="10.690393">
        <ele>580.589748</ele>
        <time>2026-04-08T15:32:36.000Z</time>
      </trkpt>
      <trkpt lat="51.661459" lon="10.690383">
        <ele>580.662991</ele>
        <time>2026-04-08T15:32:37.000Z</time>
      </trkpt>
      <trkpt lat="51.661502" lon="10.690368">
        <ele>580.746681</ele>
        <time>2026-04-08T15:32:38.000Z</time>
      </trkpt>
      <trkpt lat="51.661546" lon="10.690351">
        <ele>580.832751</ele>
        <time>2026-04-08T15:32:39.000Z</time>
      </trkpt>
      <trkpt lat="51.661588" lon="10.690333">
        <ele>580.915421</ele>
        <time>2026-04-08T15:32:40.000Z</time>
      </trkpt>
      <trkpt lat="51.661629" lon="10.690315">
        <ele>580.996254</ele>
        <time>2026-04-08T15:32:41.000Z</time>
      </trkpt>
      <trkpt lat="51.661669" lon="10.690293">
        <ele>581.076651</ele>
        <time>2026-04-08T15:32:42.000Z</time>
      </trkpt>
      <trkpt lat="51.661709" lon="10.690271">
        <ele>581.157048</ele>
        <time>2026-04-08T15:32:43.000Z</time>
      </trkpt>
      <trkpt lat="51.661754" lon="10.690243">
        <ele>581.248805</ele>
        <time>2026-04-08T15:32:44.000Z</time>
      </trkpt>
      <trkpt lat="51.661791" lon="10.690213">
        <ele>581.327589</ele>
        <time>2026-04-08T15:32:45.000Z</time>
      </trkpt>
      <trkpt lat="51.661830" lon="10.690179">
        <ele>581.411930</ele>
        <time>2026-04-08T15:32:46.000Z</time>
      </trkpt>
      <trkpt lat="51.661871" lon="10.690149">
        <ele>581.497581</ele>
        <time>2026-04-08T15:32:47.000Z</time>
      </trkpt>
      <trkpt lat="51.661911" lon="10.690117">
        <ele>581.582525</ele>
        <time>2026-04-08T15:32:48.000Z</time>
      </trkpt>
      <trkpt lat="51.661950" lon="10.690083">
        <ele>581.666866</ele>
        <time>2026-04-08T15:32:49.000Z</time>
      </trkpt>
      <trkpt lat="51.661988" lon="10.690046">
        <ele>581.751314</ele>
        <time>2026-04-08T15:32:50.000Z</time>
      </trkpt>
      <trkpt lat="51.662028" lon="10.690008">
        <ele>581.839633</ele>
        <time>2026-04-08T15:32:51.000Z</time>
      </trkpt>
      <trkpt lat="51.662069" lon="10.689963">
        <ele>581.933985</ele>
        <time>2026-04-08T15:32:52.000Z</time>
      </trkpt>
      <trkpt lat="51.662110" lon="10.689917">
        <ele>581.889687</ele>
        <time>2026-04-08T15:32:53.000Z</time>
      </trkpt>
      <trkpt lat="51.662149" lon="10.689869">
        <ele>581.817782</ele>
        <time>2026-04-08T15:32:54.000Z</time>
      </trkpt>
      <trkpt lat="51.662185" lon="10.689822">
        <ele>581.749895</ele>
        <time>2026-04-08T15:32:55.000Z</time>
      </trkpt>
      <trkpt lat="51.662226" lon="10.689766">
        <ele>581.671146</ele>
        <time>2026-04-08T15:32:56.000Z</time>
      </trkpt>
      <trkpt lat="51.662267" lon="10.689712">
        <ele>581.593559</ele>
        <time>2026-04-08T15:32:57.000Z</time>
      </trkpt>
      <trkpt lat="51.662307" lon="10.689651">
        <ele>581.512869</ele>
        <time>2026-04-08T15:32:58.000Z</time>
      </trkpt>
      <trkpt lat="51.662344" lon="10.689592">
        <ele>581.436604</ele>
        <time>2026-04-08T15:32:59.000Z</time>
      </trkpt>
      <trkpt lat="51.662383" lon="10.689526">
        <ele>581.353743</ele>
        <time>2026-04-08T15:33:00.000Z</time>
      </trkpt>
      <trkpt lat="51.662420" lon="10.689462">
        <ele>581.274215</ele>
        <time>2026-04-08T15:33:01.000Z</time>
      </trkpt>
      <trkpt lat="51.662459" lon="10.689388">
        <ele>581.185946</ele>
        <time>2026-04-08T15:33:02.000Z</time>
      </trkpt>
      <trkpt lat="51.662497" lon="10.689316">
        <ele>581.100012</ele>
        <time>2026-04-08T15:33:03.000Z</time>
      </trkpt>
      <trkpt lat="51.662538" lon="10.689245">
        <ele>581.011833</ele>
        <time>2026-04-08T15:33:04.000Z</time>
      </trkpt>
      <trkpt lat="51.662580" lon="10.689173">
        <ele>580.921989</ele>
        <time>2026-04-08T15:33:05.000Z</time>
      </trkpt>
      <trkpt lat="51.662623" lon="10.689096">
        <ele>580.827808</ele>
        <time>2026-04-08T15:33:06.000Z</time>
      </trkpt>
      <trkpt lat="51.662663" lon="10.689030">
        <ele>580.743930</ele>
        <time>2026-04-08T15:33:07.000Z</time>
      </trkpt>
      <trkpt lat="51.662709" lon="10.688961">
        <ele>580.651852</ele>
        <time>2026-04-08T15:33:08.000Z</time>
      </trkpt>
      <trkpt lat="51.662758" lon="10.688899">
        <ele>580.560568</ele>
        <time>2026-04-08T15:33:09.000Z</time>
      </trkpt>
      <trkpt lat="51.662808" lon="10.688837">
        <ele>580.468128</ele>
        <time>2026-04-08T15:33:10.000Z</time>
      </trkpt>
      <trkpt lat="51.662856" lon="10.688779">
        <ele>580.380220</ele>
        <time>2026-04-08T15:33:11.000Z</time>
      </trkpt>
      <trkpt lat="51.662908" lon="10.688719">
        <ele>580.286509</ele>
        <time>2026-04-08T15:33:12.000Z</time>
      </trkpt>
      <trkpt lat="51.662955" lon="10.688668">
        <ele>580.203484</ele>
        <time>2026-04-08T15:33:13.000Z</time>
      </trkpt>
      <trkpt lat="51.663011" lon="10.688610">
        <ele>580.105941</ele>
        <time>2026-04-08T15:33:14.000Z</time>
      </trkpt>
      <trkpt lat="51.663063" lon="10.688558">
        <ele>580.016268</ele>
        <time>2026-04-08T15:33:15.000Z</time>
      </trkpt>
      <trkpt lat="51.663120" lon="10.688512">
        <ele>579.922855</ele>
        <time>2026-04-08T15:33:16.000Z</time>
      </trkpt>
      <trkpt lat="51.663172" lon="10.688466">
        <ele>579.835932</ele>
        <time>2026-04-08T15:33:17.000Z</time>
      </trkpt>
      <trkpt lat="51.663226" lon="10.688418">
        <ele>579.745566</ele>
        <time>2026-04-08T15:33:18.000Z</time>
      </trkpt>
      <trkpt lat="51.663278" lon="10.688369">
        <ele>579.657299</ele>
        <time>2026-04-08T15:33:19.000Z</time>
      </trkpt>
      <trkpt lat="51.663335" lon="10.688321">
        <ele>579.563059</ele>
        <time>2026-04-08T15:33:20.000Z</time>
      </trkpt>
      <trkpt lat="51.663379" lon="10.688283">
        <ele>579.489909</ele>
        <time>2026-04-08T15:33:21.000Z</time>
      </trkpt>
      <trkpt lat="51.663426" lon="10.688245">
        <ele>579.412856</ele>
        <time>2026-04-08T15:33:22.000Z</time>
      </trkpt>
      <trkpt lat="51.663465" lon="10.688222">
        <ele>579.351999</ele>
        <time>2026-04-08T15:33:23.000Z</time>
      </trkpt>
      <trkpt lat="51.663504" lon="10.688217">
        <ele>579.262013</ele>
        <time>2026-04-08T15:33:24.000Z</time>
      </trkpt>
      <trkpt lat="51.663535" lon="10.688225">
        <ele>579.140122</ele>
        <time>2026-04-08T15:33:25.000Z</time>
      </trkpt>
      <trkpt lat="51.663556" lon="10.688242">
        <ele>579.048887</ele>
        <time>2026-04-08T15:33:26.000Z</time>
      </trkpt>
      <trkpt lat="51.663572" lon="10.688262">
        <ele>578.970281</ele>
        <time>2026-04-08T15:33:27.000Z</time>
      </trkpt>
      <trkpt lat="51.663584" lon="10.688284">
        <ele>578.899728</ele>
        <time>2026-04-08T15:33:28.000Z</time>
      </trkpt>
      <trkpt lat="51.663602" lon="10.688300">
        <ele>578.819924</ele>
        <time>2026-04-08T15:33:29.000Z</time>
      </trkpt>
      <trkpt lat="51.663618" lon="10.688310">
        <ele>578.753299</ele>
        <time>2026-04-08T15:33:30.000Z</time>
      </trkpt>
      <trkpt lat="51.663632" lon="10.688316">
        <ele>578.697055</ele>
        <time>2026-04-08T15:33:31.000Z</time>
      </trkpt>
      <trkpt lat="51.663645" lon="10.688305">
        <ele>578.640053</ele>
        <time>2026-04-08T15:33:32.000Z</time>
      </trkpt>
      <trkpt lat="51.663647" lon="10.688285">
        <ele>578.591266</ele>
        <time>2026-04-08T15:33:33.000Z</time>
      </trkpt>
      <trkpt lat="51.663637" lon="10.688265">
        <ele>578.529401</ele>
        <time>2026-04-08T15:33:34.000Z</time>
      </trkpt>
      <trkpt lat="51.663630" lon="10.688247">
        <ele>578.478237</ele>
        <time>2026-04-08T15:33:35.000Z</time>
      </trkpt>
      <trkpt lat="51.663621" lon="10.688220">
        <ele>578.404420</ele>
        <time>2026-04-08T15:33:36.000Z</time>
      </trkpt>
      <trkpt lat="51.663614" lon="10.688191">
        <ele>578.329479</ele>
        <time>2026-04-08T15:33:37.000Z</time>
      </trkpt>
      <trkpt lat="51.663606" lon="10.688159">
        <ele>578.246391</ele>
        <time>2026-04-08T15:33:38.000Z</time>
      </trkpt>
      <trkpt lat="51.663605" lon="10.688135">
        <ele>578.188462</ele>
        <time>2026-04-08T15:33:39.000Z</time>
      </trkpt>
      <trkpt lat="51.663605" lon="10.688106">
        <ele>578.118623</ele>
        <time>2026-04-08T15:33:40.000Z</time>
      </trkpt>
      <trkpt lat="51.663611" lon="10.688078">
        <ele>578.047281</ele>
        <time>2026-04-08T15:33:41.000Z</time>
      </trkpt>
      <trkpt lat="51.663622" lon="10.688057">
        <ele>577.981088</ele>
        <time>2026-04-08T15:33:42.000Z</time>
      </trkpt>
      <trkpt lat="51.663636" lon="10.688059">
        <ele>577.926519</ele>
        <time>2026-04-08T15:33:43.000Z</time>
      </trkpt>
      <trkpt lat="51.663656" lon="10.688083">
        <ele>577.829719</ele>
        <time>2026-04-08T15:33:44.000Z</time>
      </trkpt>
      <trkpt lat="51.663678" lon="10.688121">
        <ele>577.704537</ele>
        <time>2026-04-08T15:33:45.000Z</time>
      </trkpt>
      <trkpt lat="51.663701" lon="10.688165">
        <ele>577.565964</ele>
        <time>2026-04-08T15:33:46.000Z</time>
      </trkpt>
      <trkpt lat="51.663723" lon="10.688209">
        <ele>577.429861</ele>
        <time>2026-04-08T15:33:47.000Z</time>
      </trkpt>
      <trkpt lat="51.663750" lon="10.688259">
        <ele>577.270211</ele>
        <time>2026-04-08T15:33:48.000Z</time>
      </trkpt>
      <trkpt lat="51.663772" lon="10.688313">
        <ele>577.114623</ele>
        <time>2026-04-08T15:33:49.000Z</time>
      </trkpt>
      <trkpt lat="51.663797" lon="10.688381">
        <ele>576.924258</ele>
        <time>2026-04-08T15:33:50.000Z</time>
      </trkpt>
      <trkpt lat="51.663818" lon="10.688455">
        <ele>576.728282</ele>
        <time>2026-04-08T15:33:51.000Z</time>
      </trkpt>
      <trkpt lat="51.663839" lon="10.688542">
        <ele>576.503460</ele>
        <time>2026-04-08T15:33:52.000Z</time>
      </trkpt>
      <trkpt lat="51.663854" lon="10.688628">
        <ele>576.288318</ele>
        <time>2026-04-08T15:33:53.000Z</time>
      </trkpt>
      <trkpt lat="51.663863" lon="10.688717">
        <ele>576.071155</ele>
        <time>2026-04-08T15:33:54.000Z</time>
      </trkpt>
      <trkpt lat="51.663874" lon="10.688804">
        <ele>575.857330</ele>
        <time>2026-04-08T15:33:55.000Z</time>
      </trkpt>
      <trkpt lat="51.663889" lon="10.688893">
        <ele>575.635226</ele>
        <time>2026-04-08T15:33:56.000Z</time>
      </trkpt>
      <trkpt lat="51.663904" lon="10.688977">
        <ele>575.424717</ele>
        <time>2026-04-08T15:33:57.000Z</time>
      </trkpt>
      <trkpt lat="51.663919" lon="10.689064">
        <ele>575.207257</ele>
        <time>2026-04-08T15:33:58.000Z</time>
      </trkpt>
      <trkpt lat="51.663931" lon="10.689151">
        <ele>574.992623</ele>
        <time>2026-04-08T15:33:59.000Z</time>
      </trkpt>
      <trkpt lat="51.663943" lon="10.689240">
        <ele>574.773284</ele>
        <time>2026-04-08T15:34:00.000Z</time>
      </trkpt>
      <trkpt lat="51.663954" lon="10.689332">
        <ele>574.547648</ele>
        <time>2026-04-08T15:34:01.000Z</time>
      </trkpt>
      <trkpt lat="51.663962" lon="10.689431">
        <ele>574.307218</ele>
        <time>2026-04-08T15:34:02.000Z</time>
      </trkpt>
      <trkpt lat="51.663960" lon="10.689532">
        <ele>574.063863</ele>
        <time>2026-04-08T15:34:03.000Z</time>
      </trkpt>
      <trkpt lat="51.663963" lon="10.689635">
        <ele>573.815541</ele>
        <time>2026-04-08T15:34:04.000Z</time>
      </trkpt>
      <trkpt lat="51.663973" lon="10.689725">
        <ele>573.595350</ele>
        <time>2026-04-08T15:34:05.000Z</time>
      </trkpt>
      <trkpt lat="51.663988" lon="10.689823">
        <ele>573.352264</ele>
        <time>2026-04-08T15:34:06.000Z</time>
      </trkpt>
      <trkpt lat="51.663996" lon="10.689918">
        <ele>573.121383</ele>
        <time>2026-04-08T15:34:07.000Z</time>
      </trkpt>
      <trkpt lat="51.664001" lon="10.690019">
        <ele>572.877378</ele>
        <time>2026-04-08T15:34:08.000Z</time>
      </trkpt>
      <trkpt lat="51.664001" lon="10.690118">
        <ele>572.638963</ele>
        <time>2026-04-08T15:34:09.000Z</time>
      </trkpt>
      <trkpt lat="51.663995" lon="10.690224">
        <ele>572.382629</ele>
        <time>2026-04-08T15:34:10.000Z</time>
      </trkpt>
      <trkpt lat="51.663984" lon="10.690326">
        <ele>572.004526</ele>
        <time>2026-04-08T15:34:11.000Z</time>
      </trkpt>
      <trkpt lat="51.663969" lon="10.690442">
        <ele>571.533425</ele>
        <time>2026-04-08T15:34:12.000Z</time>
      </trkpt>
      <trkpt lat="51.663954" lon="10.690552">
        <ele>571.085649</ele>
        <time>2026-04-08T15:34:13.000Z</time>
      </trkpt>
      <trkpt lat="51.663938" lon="10.690673">
        <ele>570.593774</ele>
        <time>2026-04-08T15:34:14.000Z</time>
      </trkpt>
      <trkpt lat="51.663933" lon="10.690796">
        <ele>570.103708</ele>
        <time>2026-04-08T15:34:15.000Z</time>
      </trkpt>
      <trkpt lat="51.663936" lon="10.690912">
        <ele>569.642120</ele>
        <time>2026-04-08T15:34:16.000Z</time>
      </trkpt>
      <trkpt lat="51.663949" lon="10.691010">
        <ele>569.243687</ele>
        <time>2026-04-08T15:34:17.000Z</time>
      </trkpt>
      <trkpt lat="51.663974" lon="10.691110">
        <ele>568.815034</ele>
        <time>2026-04-08T15:34:18.000Z</time>
      </trkpt>
      <trkpt lat="51.664006" lon="10.691195">
        <ele>568.419721</ele>
        <time>2026-04-08T15:34:19.000Z</time>
      </trkpt>
      <trkpt lat="51.664039" lon="10.691285">
        <ele>568.004062</ele>
        <time>2026-04-08T15:34:20.000Z</time>
      </trkpt>
      <trkpt lat="51.664075" lon="10.691375">
        <ele>567.578295</ele>
        <time>2026-04-08T15:34:21.000Z</time>
      </trkpt>
      <trkpt lat="51.664107" lon="10.691476">
        <ele>567.127394</ele>
        <time>2026-04-08T15:34:22.000Z</time>
      </trkpt>
      <trkpt lat="51.664137" lon="10.691575">
        <ele>566.689337</ele>
        <time>2026-04-08T15:34:23.000Z</time>
      </trkpt>
      <trkpt lat="51.664162" lon="10.691671">
        <ele>566.275393</ele>
        <time>2026-04-08T15:34:24.000Z</time>
      </trkpt>
      <trkpt lat="51.664172" lon="10.691741">
        <ele>565.989806</ele>
        <time>2026-04-08T15:34:25.000Z</time>
      </trkpt>
      <trkpt lat="51.664173" lon="10.691811">
        <ele>565.711432</ele>
        <time>2026-04-08T15:34:26.000Z</time>
      </trkpt>
      <trkpt lat="51.664166" lon="10.691859">
        <ele>565.515393</ele>
        <time>2026-04-08T15:34:27.000Z</time>
      </trkpt>
      <trkpt lat="51.664165" lon="10.691894">
        <ele>565.376095</ele>
        <time>2026-04-08T15:34:28.000Z</time>
      </trkpt>
      <trkpt lat="51.664162" lon="10.691928">
        <ele>565.239560</ele>
        <time>2026-04-08T15:34:29.000Z</time>
      </trkpt>
      <trkpt lat="51.664162" lon="10.691971">
        <ele>565.068603</ele>
        <time>2026-04-08T15:34:30.000Z</time>
      </trkpt>
      <trkpt lat="51.664162" lon="10.692013">
        <ele>564.901623</ele>
        <time>2026-04-08T15:34:31.000Z</time>
      </trkpt>
      <trkpt lat="51.664165" lon="10.692055">
        <ele>564.733539</ele>
        <time>2026-04-08T15:34:32.000Z</time>
      </trkpt>
      <trkpt lat="51.664165" lon="10.692094">
        <ele>564.578485</ele>
        <time>2026-04-08T15:34:33.000Z</time>
      </trkpt>
      <trkpt lat="51.664172" lon="10.692128">
        <ele>564.436059</ele>
        <time>2026-04-08T15:34:34.000Z</time>
      </trkpt>
      <trkpt lat="51.664182" lon="10.692156">
        <ele>564.307604</ele>
        <time>2026-04-08T15:34:35.000Z</time>
      </trkpt>
      <trkpt lat="51.664188" lon="10.692184">
        <ele>564.189828</ele>
        <time>2026-04-08T15:34:36.000Z</time>
      </trkpt>
      <trkpt lat="51.664198" lon="10.692206">
        <ele>564.081390</ele>
        <time>2026-04-08T15:34:37.000Z</time>
      </trkpt>
      <trkpt lat="51.664203" lon="10.692233">
        <ele>563.969364</ele>
        <time>2026-04-08T15:34:38.000Z</time>
      </trkpt>
      <trkpt lat="51.664213" lon="10.692264">
        <ele>563.830446</ele>
        <time>2026-04-08T15:34:39.000Z</time>
      </trkpt>
      <trkpt lat="51.664225" lon="10.692293">
        <ele>563.691848</ele>
        <time>2026-04-08T15:34:40.000Z</time>
      </trkpt>
      <trkpt lat="51.664239" lon="10.692325">
        <ele>563.536162</ele>
        <time>2026-04-08T15:34:41.000Z</time>
      </trkpt>
      <trkpt lat="51.664265" lon="10.692362">
        <ele>563.313875</ele>
        <time>2026-04-08T15:34:42.000Z</time>
      </trkpt>
      <trkpt lat="51.664284" lon="10.692405">
        <ele>563.103977</ele>
        <time>2026-04-08T15:34:43.000Z</time>
      </trkpt>
      <trkpt lat="51.664311" lon="10.692462">
        <ele>562.818837</ele>
        <time>2026-04-08T15:34:44.000Z</time>
      </trkpt>
      <trkpt lat="51.664340" lon="10.692523">
        <ele>562.513277</ele>
        <time>2026-04-08T15:34:45.000Z</time>
      </trkpt>
      <trkpt lat="51.664371" lon="10.692588">
        <ele>562.187296</ele>
        <time>2026-04-08T15:34:46.000Z</time>
      </trkpt>
      <trkpt lat="51.664409" lon="10.692668">
        <ele>561.786690</ele>
        <time>2026-04-08T15:34:47.000Z</time>
      </trkpt>
      <trkpt lat="51.664447" lon="10.692750">
        <ele>561.379743</ele>
        <time>2026-04-08T15:34:48.000Z</time>
      </trkpt>
      <trkpt lat="51.664483" lon="10.692851">
        <ele>560.916619</ele>
        <time>2026-04-08T15:34:49.000Z</time>
      </trkpt>
      <trkpt lat="51.664519" lon="10.692955">
        <ele>560.350170</ele>
        <time>2026-04-08T15:34:50.000Z</time>
      </trkpt>
      <trkpt lat="51.664555" lon="10.693074">
        <ele>559.687629</ele>
        <time>2026-04-08T15:34:51.000Z</time>
      </trkpt>
      <trkpt lat="51.664592" lon="10.693195">
        <ele>559.012550</ele>
        <time>2026-04-08T15:34:52.000Z</time>
      </trkpt>
      <trkpt lat="51.664622" lon="10.693322">
        <ele>558.332502</ele>
        <time>2026-04-08T15:34:53.000Z</time>
      </trkpt>
      <trkpt lat="51.664646" lon="10.693461">
        <ele>557.610486</ele>
        <time>2026-04-08T15:34:54.000Z</time>
      </trkpt>
      <trkpt lat="51.664661" lon="10.693610">
        <ele>556.855119</ele>
        <time>2026-04-08T15:34:55.000Z</time>
      </trkpt>
      <trkpt lat="51.664675" lon="10.693760">
        <ele>556.096055</ele>
        <time>2026-04-08T15:34:56.000Z</time>
      </trkpt>
      <trkpt lat="51.664683" lon="10.693917">
        <ele>555.307766</ele>
        <time>2026-04-08T15:34:57.000Z</time>
      </trkpt>
      <trkpt lat="51.664697" lon="10.694080">
        <ele>554.484316</ele>
        <time>2026-04-08T15:34:58.000Z</time>
      </trkpt>
      <trkpt lat="51.664709" lon="10.694239">
        <ele>553.682797</ele>
        <time>2026-04-08T15:34:59.000Z</time>
      </trkpt>
      <trkpt lat="51.664731" lon="10.694406">
        <ele>552.828474</ele>
        <time>2026-04-08T15:35:00.000Z</time>
      </trkpt>
      <trkpt lat="51.664758" lon="10.694573">
        <ele>551.964869</ele>
        <time>2026-04-08T15:35:01.000Z</time>
      </trkpt>
      <trkpt lat="51.664786" lon="10.694739">
        <ele>551.104024</ele>
        <time>2026-04-08T15:35:02.000Z</time>
      </trkpt>
      <trkpt lat="51.664823" lon="10.694918">
        <ele>550.159865</ele>
        <time>2026-04-08T15:35:03.000Z</time>
      </trkpt>
      <trkpt lat="51.664858" lon="10.695105">
        <ele>549.182428</ele>
        <time>2026-04-08T15:35:04.000Z</time>
      </trkpt>
      <trkpt lat="51.664895" lon="10.695289">
        <ele>548.214500</ele>
        <time>2026-04-08T15:35:05.000Z</time>
      </trkpt>
      <trkpt lat="51.664942" lon="10.695499">
        <ele>547.097329</ele>
        <time>2026-04-08T15:35:06.000Z</time>
      </trkpt>
      <trkpt lat="51.664980" lon="10.695696">
        <ele>546.177530</ele>
        <time>2026-04-08T15:35:07.000Z</time>
      </trkpt>
      <trkpt lat="51.665029" lon="10.695909">
        <ele>545.605549</ele>
        <time>2026-04-08T15:35:08.000Z</time>
      </trkpt>
      <trkpt lat="51.665076" lon="10.696111">
        <ele>545.062354</ele>
        <time>2026-04-08T15:35:09.000Z</time>
      </trkpt>
      <trkpt lat="51.665137" lon="10.696325">
        <ele>544.469381</ele>
        <time>2026-04-08T15:35:10.000Z</time>
      </trkpt>
      <trkpt lat="51.665199" lon="10.696522">
        <ele>543.913186</ele>
        <time>2026-04-08T15:35:11.000Z</time>
      </trkpt>
      <trkpt lat="51.665277" lon="10.696723">
        <ele>543.316233</ele>
        <time>2026-04-08T15:35:12.000Z</time>
      </trkpt>
      <trkpt lat="51.665351" lon="10.696903">
        <ele>542.772529</ele>
        <time>2026-04-08T15:35:13.000Z</time>
      </trkpt>
      <trkpt lat="51.665434" lon="10.697089">
        <ele>542.195626</ele>
        <time>2026-04-08T15:35:14.000Z</time>
      </trkpt>
      <trkpt lat="51.665510" lon="10.697259">
        <ele>541.668018</ele>
        <time>2026-04-08T15:35:15.000Z</time>
      </trkpt>
      <trkpt lat="51.665570" lon="10.697440">
        <ele>541.151307</ele>
        <time>2026-04-08T15:35:16.000Z</time>
      </trkpt>
      <trkpt lat="51.665617" lon="10.697610">
        <ele>540.682698</ele>
        <time>2026-04-08T15:35:17.000Z</time>
      </trkpt>
      <trkpt lat="51.665664" lon="10.697803">
        <ele>540.160665</ele>
        <time>2026-04-08T15:35:18.000Z</time>
      </trkpt>
      <trkpt lat="51.665699" lon="10.697967">
        <ele>539.724000</ele>
        <time>2026-04-08T15:35:19.000Z</time>
      </trkpt>
      <trkpt lat="51.665736" lon="10.698155">
        <ele>539.227410</ele>
        <time>2026-04-08T15:35:20.000Z</time>
      </trkpt>
      <trkpt lat="51.665767" lon="10.698327">
        <ele>539.017940</ele>
        <time>2026-04-08T15:35:21.000Z</time>
      </trkpt>
      <trkpt lat="51.665798" lon="10.698508">
        <ele>539.078700</ele>
        <time>2026-04-08T15:35:22.000Z</time>
      </trkpt>
      <trkpt lat="51.665831" lon="10.698676">
        <ele>539.135723</ele>
        <time>2026-04-08T15:35:23.000Z</time>
      </trkpt>
      <trkpt lat="51.665863" lon="10.698849">
        <ele>539.194140</ele>
        <time>2026-04-08T15:35:24.000Z</time>
      </trkpt>
      <trkpt lat="51.665899" lon="10.699018">
        <ele>539.251960</ele>
        <time>2026-04-08T15:35:25.000Z</time>
      </trkpt>
      <trkpt lat="51.665936" lon="10.699195">
        <ele>539.312400</ele>
        <time>2026-04-08T15:35:26.000Z</time>
      </trkpt>
      <trkpt lat="51.665972" lon="10.699357">
        <ele>539.368083</ele>
        <time>2026-04-08T15:35:27.000Z</time>
      </trkpt>
      <trkpt lat="51.666017" lon="10.699521">
        <ele>539.426112</ele>
        <time>2026-04-08T15:35:28.000Z</time>
      </trkpt>
      <trkpt lat="51.666059" lon="10.699679">
        <ele>539.481735</ele>
        <time>2026-04-08T15:35:29.000Z</time>
      </trkpt>
      <trkpt lat="51.666106" lon="10.699846">
        <ele>539.541076</ele>
        <time>2026-04-08T15:35:30.000Z</time>
      </trkpt>
      <trkpt lat="51.666149" lon="10.699996">
        <ele>539.594547</ele>
        <time>2026-04-08T15:35:31.000Z</time>
      </trkpt>
      <trkpt lat="51.666198" lon="10.700151">
        <ele>539.650841</ele>
        <time>2026-04-08T15:35:32.000Z</time>
      </trkpt>
      <trkpt lat="51.666243" lon="10.700300">
        <ele>539.704466</ele>
        <time>2026-04-08T15:35:33.000Z</time>
      </trkpt>
      <trkpt lat="51.666295" lon="10.700460">
        <ele>539.762916</ele>
        <time>2026-04-08T15:35:34.000Z</time>
      </trkpt>
      <trkpt lat="51.666346" lon="10.700607">
        <ele>539.817418</ele>
        <time>2026-04-08T15:35:35.000Z</time>
      </trkpt>
      <trkpt lat="51.666398" lon="10.700764">
        <ele>539.875010</ele>
        <time>2026-04-08T15:35:36.000Z</time>
      </trkpt>
      <trkpt lat="51.666447" lon="10.700903">
        <ele>539.926744</ele>
        <time>2026-04-08T15:35:37.000Z</time>
      </trkpt>
      <trkpt lat="51.666501" lon="10.701062">
        <ele>539.710494</ele>
        <time>2026-04-08T15:35:38.000Z</time>
      </trkpt>
      <trkpt lat="51.666546" lon="10.701209">
        <ele>539.505946</ele>
        <time>2026-04-08T15:35:39.000Z</time>
      </trkpt>
      <trkpt lat="51.666596" lon="10.701365">
        <ele>539.286838</ele>
        <time>2026-04-08T15:35:40.000Z</time>
      </trkpt>
      <trkpt lat="51.666638" lon="10.701515">
        <ele>539.081483</ele>
        <time>2026-04-08T15:35:41.000Z</time>
      </trkpt>
      <trkpt lat="51.666683" lon="10.701682">
        <ele>538.854289</ele>
        <time>2026-04-08T15:35:42.000Z</time>
      </trkpt>
      <trkpt lat="51.666720" lon="10.701834">
        <ele>538.650543</ele>
        <time>2026-04-08T15:35:43.000Z</time>
      </trkpt>
      <trkpt lat="51.666749" lon="10.702003">
        <ele>538.431748</ele>
        <time>2026-04-08T15:35:44.000Z</time>
      </trkpt>
      <trkpt lat="51.666771" lon="10.702161">
        <ele>538.229693</ele>
        <time>2026-04-08T15:35:45.000Z</time>
      </trkpt>
      <trkpt lat="51.666788" lon="10.702331">
        <ele>538.014832</ele>
        <time>2026-04-08T15:35:46.000Z</time>
      </trkpt>
      <trkpt lat="51.666799" lon="10.702491">
        <ele>537.813966</ele>
        <time>2026-04-08T15:35:47.000Z</time>
      </trkpt>
      <trkpt lat="51.666811" lon="10.702671">
        <ele>537.588073</ele>
        <time>2026-04-08T15:35:48.000Z</time>
      </trkpt>
      <trkpt lat="51.666819" lon="10.702835">
        <ele>537.382807</ele>
        <time>2026-04-08T15:35:49.000Z</time>
      </trkpt>
      <trkpt lat="51.666831" lon="10.703014">
        <ele>537.158155</ele>
        <time>2026-04-08T15:35:50.000Z</time>
      </trkpt>
      <trkpt lat="51.666839" lon="10.703176">
        <ele>536.955377</ele>
        <time>2026-04-08T15:35:51.000Z</time>
      </trkpt>
      <trkpt lat="51.666850" lon="10.703346">
        <ele>536.742104</ele>
        <time>2026-04-08T15:35:52.000Z</time>
      </trkpt>
      <trkpt lat="51.666857" lon="10.703511">
        <ele>536.535741</ele>
        <time>2026-04-08T15:35:53.000Z</time>
      </trkpt>
      <trkpt lat="51.666869" lon="10.703682">
        <ele>536.321011</ele>
        <time>2026-04-08T15:35:54.000Z</time>
      </trkpt>
      <trkpt lat="51.666876" lon="10.703841">
        <ele>536.221775</ele>
        <time>2026-04-08T15:35:55.000Z</time>
      </trkpt>
      <trkpt lat="51.666888" lon="10.704015">
        <ele>536.118998</ele>
        <time>2026-04-08T15:35:56.000Z</time>
      </trkpt>
      <trkpt lat="51.666899" lon="10.704178">
        <ele>536.022743</ele>
        <time>2026-04-08T15:35:57.000Z</time>
      </trkpt>
      <trkpt lat="51.666907" lon="10.704345">
        <ele>535.924413</ele>
        <time>2026-04-08T15:35:58.000Z</time>
      </trkpt>
      <trkpt lat="51.666915" lon="10.704505">
        <ele>535.830179</ele>
        <time>2026-04-08T15:35:59.000Z</time>
      </trkpt>
      <trkpt lat="51.666923" lon="10.704673">
        <ele>535.731264</ele>
        <time>2026-04-08T15:36:00.000Z</time>
      </trkpt>
      <trkpt lat="51.666933" lon="10.704826">
        <ele>535.640947</ele>
        <time>2026-04-08T15:36:01.000Z</time>
      </trkpt>
      <trkpt lat="51.666945" lon="10.704988">
        <ele>535.545169</ele>
        <time>2026-04-08T15:36:02.000Z</time>
      </trkpt>
      <trkpt lat="51.666953" lon="10.705143">
        <ele>535.453861</ele>
        <time>2026-04-08T15:36:03.000Z</time>
      </trkpt>
      <trkpt lat="51.666961" lon="10.705295">
        <ele>535.364308</ele>
        <time>2026-04-08T15:36:04.000Z</time>
      </trkpt>
      <trkpt lat="51.666971" lon="10.705442">
        <ele>535.277494</ele>
        <time>2026-04-08T15:36:05.000Z</time>
      </trkpt>
      <trkpt lat="51.666983" lon="10.705591">
        <ele>535.189288</ele>
        <time>2026-04-08T15:36:06.000Z</time>
      </trkpt>
      <trkpt lat="51.666991" lon="10.705726">
        <ele>535.109675</ele>
        <time>2026-04-08T15:36:07.000Z</time>
      </trkpt>
      <trkpt lat="51.666999" lon="10.705869">
        <ele>535.025386</ele>
        <time>2026-04-08T15:36:08.000Z</time>
      </trkpt>
      <trkpt lat="51.667003" lon="10.706002">
        <ele>534.947216</ele>
        <time>2026-04-08T15:36:09.000Z</time>
      </trkpt>
      <trkpt lat="51.667010" lon="10.706134">
        <ele>534.869442</ele>
        <time>2026-04-08T15:36:10.000Z</time>
      </trkpt>
      <trkpt lat="51.667021" lon="10.706258">
        <ele>534.795907</ele>
        <time>2026-04-08T15:36:11.000Z</time>
      </trkpt>
      <trkpt lat="51.667026" lon="10.706390">
        <ele>534.718271</ele>
        <time>2026-04-08T15:36:12.000Z</time>
      </trkpt>
      <trkpt lat="51.667036" lon="10.706502">
        <ele>534.651843</ele>
        <time>2026-04-08T15:36:13.000Z</time>
      </trkpt>
      <trkpt lat="51.667044" lon="10.706624">
        <ele>534.545574</ele>
        <time>2026-04-08T15:36:14.000Z</time>
      </trkpt>
      <trkpt lat="51.667052" lon="10.706749">
        <ele>534.381789</ele>
        <time>2026-04-08T15:36:15.000Z</time>
      </trkpt>
      <trkpt lat="51.667060" lon="10.706869">
        <ele>534.224484</ele>
        <time>2026-04-08T15:36:16.000Z</time>
      </trkpt>
      <trkpt lat="51.667067" lon="10.706981">
        <ele>534.077767</ele>
        <time>2026-04-08T15:36:17.000Z</time>
      </trkpt>
      <trkpt lat="51.667072" lon="10.707099">
        <ele>533.923612</ele>
        <time>2026-04-08T15:36:18.000Z</time>
      </trkpt>
      <trkpt lat="51.667079" lon="10.707209">
        <ele>533.779489</ele>
        <time>2026-04-08T15:36:19.000Z</time>
      </trkpt>
      <trkpt lat="51.667083" lon="10.707325">
        <ele>533.628065</ele>
        <time>2026-04-08T15:36:20.000Z</time>
      </trkpt>
      <trkpt lat="51.667093" lon="10.707433">
        <ele>533.485742</ele>
        <time>2026-04-08T15:36:21.000Z</time>
      </trkpt>
      <trkpt lat="51.667098" lon="10.707545">
        <ele>533.339387</ele>
        <time>2026-04-08T15:36:22.000Z</time>
      </trkpt>
      <trkpt lat="51.667105" lon="10.707654">
        <ele>533.196561</ele>
        <time>2026-04-08T15:36:23.000Z</time>
      </trkpt>
      <trkpt lat="51.667113" lon="10.707768">
        <ele>533.047029</ele>
        <time>2026-04-08T15:36:24.000Z</time>
      </trkpt>
      <trkpt lat="51.667121" lon="10.707876">
        <ele>532.905266</ele>
        <time>2026-04-08T15:36:25.000Z</time>
      </trkpt>
      <trkpt lat="51.667129" lon="10.707996">
        <ele>532.747961</ele>
        <time>2026-04-08T15:36:26.000Z</time>
      </trkpt>
      <trkpt lat="51.667136" lon="10.708105">
        <ele>532.605135</ele>
        <time>2026-04-08T15:36:27.000Z</time>
      </trkpt>
      <trkpt lat="51.667144" lon="10.708217">
        <ele>532.458193</ele>
        <time>2026-04-08T15:36:28.000Z</time>
      </trkpt>
      <trkpt lat="51.667148" lon="10.708328">
        <ele>532.313276</ele>
        <time>2026-04-08T15:36:29.000Z</time>
      </trkpt>
      <trkpt lat="51.667155" lon="10.708442">
        <ele>532.163966</ele>
        <time>2026-04-08T15:36:30.000Z</time>
      </trkpt>
      <trkpt lat="51.667159" lon="10.708543">
        <ele>532.032058</ele>
        <time>2026-04-08T15:36:31.000Z</time>
      </trkpt>
      <trkpt lat="51.667168" lon="10.708655">
        <ele>531.884861</ele>
        <time>2026-04-08T15:36:32.000Z</time>
      </trkpt>
      <trkpt lat="51.667178" lon="10.708770">
        <ele>531.733509</ele>
        <time>2026-04-08T15:36:33.000Z</time>
      </trkpt>
      <trkpt lat="51.667186" lon="10.708886">
        <ele>531.581387</ele>
        <time>2026-04-08T15:36:34.000Z</time>
      </trkpt>
      <trkpt lat="51.667193" lon="10.708995">
        <ele>531.438561</ele>
        <time>2026-04-08T15:36:35.000Z</time>
      </trkpt>
      <trkpt lat="51.667201" lon="10.709115">
        <ele>531.281257</ele>
        <time>2026-04-08T15:36:36.000Z</time>
      </trkpt>
      <trkpt lat="51.667212" lon="10.709229">
        <ele>531.130886</ele>
        <time>2026-04-08T15:36:37.000Z</time>
      </trkpt>
      <trkpt lat="51.667220" lon="10.709351">
        <ele>530.970990</ele>
        <time>2026-04-08T15:36:38.000Z</time>
      </trkpt>
      <trkpt lat="51.667228" lon="10.709466">
        <ele>530.811019</ele>
        <time>2026-04-08T15:36:39.000Z</time>
      </trkpt>
      <trkpt lat="51.667239" lon="10.709585">
        <ele>530.475375</ele>
        <time>2026-04-08T15:36:40.000Z</time>
      </trkpt>
      <trkpt lat="51.667250" lon="10.709703">
        <ele>530.142491</ele>
        <time>2026-04-08T15:36:41.000Z</time>
      </trkpt>
      <trkpt lat="51.667258" lon="10.709831">
        <ele>529.783598</ele>
        <time>2026-04-08T15:36:42.000Z</time>
      </trkpt>
      <trkpt lat="51.667266" lon="10.709949">
        <ele>529.452450</ele>
        <time>2026-04-08T15:36:43.000Z</time>
      </trkpt>
      <trkpt lat="51.667277" lon="10.710079">
        <ele>529.086428</ele>
        <time>2026-04-08T15:36:44.000Z</time>
      </trkpt>
      <trkpt lat="51.667288" lon="10.710203">
        <ele>528.736982</ele>
        <time>2026-04-08T15:36:45.000Z</time>
      </trkpt>
      <trkpt lat="51.667300" lon="10.710333">
        <ele>528.370324</ele>
        <time>2026-04-08T15:36:46.000Z</time>
      </trkpt>
      <trkpt lat="51.667314" lon="10.710460">
        <ele>528.010478</ele>
        <time>2026-04-08T15:36:47.000Z</time>
      </trkpt>
      <trkpt lat="51.667329" lon="10.710591">
        <ele>527.638849</ele>
        <time>2026-04-08T15:36:48.000Z</time>
      </trkpt>
      <trkpt lat="51.667347" lon="10.710716">
        <ele>527.280860</ele>
        <time>2026-04-08T15:36:49.000Z</time>
      </trkpt>
      <trkpt lat="51.667370" lon="10.710852">
        <ele>526.887607</ele>
        <time>2026-04-08T15:36:50.000Z</time>
      </trkpt>
      <trkpt lat="51.667396" lon="10.710978">
        <ele>526.517160</ele>
        <time>2026-04-08T15:36:51.000Z</time>
      </trkpt>
      <trkpt lat="51.667420" lon="10.711111">
        <ele>526.130744</ele>
        <time>2026-04-08T15:36:52.000Z</time>
      </trkpt>
      <trkpt lat="51.667446" lon="10.711243">
        <ele>525.744379</ele>
        <time>2026-04-08T15:36:53.000Z</time>
      </trkpt>
      <trkpt lat="51.667473" lon="10.711379">
        <ele>525.346016</ele>
        <time>2026-04-08T15:36:54.000Z</time>
      </trkpt>
      <trkpt lat="51.667499" lon="10.711508">
        <ele>524.967619</ele>
        <time>2026-04-08T15:36:55.000Z</time>
      </trkpt>
      <trkpt lat="51.667527" lon="10.711645">
        <ele>524.565214</ele>
        <time>2026-04-08T15:36:56.000Z</time>
      </trkpt>
      <trkpt lat="51.667553" lon="10.711775">
        <ele>524.184163</ele>
        <time>2026-04-08T15:36:57.000Z</time>
      </trkpt>
      <trkpt lat="51.667580" lon="10.711908">
        <ele>523.793764</ele>
        <time>2026-04-08T15:36:58.000Z</time>
      </trkpt>
      <trkpt lat="51.667603" lon="10.712037">
        <ele>523.419318</ele>
        <time>2026-04-08T15:36:59.000Z</time>
      </trkpt>
      <trkpt lat="51.667629" lon="10.712170">
        <ele>523.030294</ele>
        <time>2026-04-08T15:37:00.000Z</time>
      </trkpt>
      <trkpt lat="51.667652" lon="10.712297">
        <ele>522.680427</ele>
        <time>2026-04-08T15:37:01.000Z</time>
      </trkpt>
      <trkpt lat="51.667676" lon="10.712433">
        <ele>522.384608</ele>
        <time>2026-04-08T15:37:02.000Z</time>
      </trkpt>
      <trkpt lat="51.667698" lon="10.712560">
        <ele>522.108742</ele>
        <time>2026-04-08T15:37:03.000Z</time>
      </trkpt>
      <trkpt lat="51.667715" lon="10.712692">
        <ele>521.826693</ele>
        <time>2026-04-08T15:37:04.000Z</time>
      </trkpt>
      <trkpt lat="51.667727" lon="10.712821">
        <ele>521.553793</ele>
        <time>2026-04-08T15:37:05.000Z</time>
      </trkpt>
      <trkpt lat="51.667738" lon="10.712957">
        <ele>521.266857</ele>
        <time>2026-04-08T15:37:06.000Z</time>
      </trkpt>
      <trkpt lat="51.667746" lon="10.713082">
        <ele>521.003956</ele>
        <time>2026-04-08T15:37:07.000Z</time>
      </trkpt>
      <trkpt lat="51.667754" lon="10.713216">
        <ele>520.722318</ele>
        <time>2026-04-08T15:37:08.000Z</time>
      </trkpt>
      <trkpt lat="51.667762" lon="10.713344">
        <ele>520.453173</ele>
        <time>2026-04-08T15:37:09.000Z</time>
      </trkpt>
      <trkpt lat="51.667769" lon="10.713474">
        <ele>520.180176</ele>
        <time>2026-04-08T15:37:10.000Z</time>
      </trkpt>
      <trkpt lat="51.667780" lon="10.713598">
        <ele>519.918115</ele>
        <time>2026-04-08T15:37:11.000Z</time>
      </trkpt>
      <trkpt lat="51.667789" lon="10.713729">
        <ele>519.642374</ele>
        <time>2026-04-08T15:37:12.000Z</time>
      </trkpt>
      <trkpt lat="51.667795" lon="10.713835">
        <ele>519.419689</ele>
        <time>2026-04-08T15:37:13.000Z</time>
      </trkpt>
      <trkpt lat="51.667807" lon="10.713973">
        <ele>519.128156</ele>
        <time>2026-04-08T15:37:14.000Z</time>
      </trkpt>
      <trkpt lat="51.667812" lon="10.714091">
        <ele>518.880712</ele>
        <time>2026-04-08T15:37:15.000Z</time>
      </trkpt>
      <trkpt lat="51.667819" lon="10.714217">
        <ele>518.616052</ele>
        <time>2026-04-08T15:37:16.000Z</time>
      </trkpt>
      <trkpt lat="51.667823" lon="10.714335">
        <ele>518.368816</ele>
        <time>2026-04-08T15:37:17.000Z</time>
      </trkpt>
      <trkpt lat="51.667830" lon="10.714459">
        <ele>518.108323</ele>
        <time>2026-04-08T15:37:18.000Z</time>
      </trkpt>
      <trkpt lat="51.667838" lon="10.714579">
        <ele>517.855825</ele>
        <time>2026-04-08T15:37:19.000Z</time>
      </trkpt>
      <trkpt lat="51.667846" lon="10.714702">
        <ele>517.597086</ele>
        <time>2026-04-08T15:37:20.000Z</time>
      </trkpt>
      <trkpt lat="51.667847" lon="10.714820">
        <ele>517.350195</ele>
        <time>2026-04-08T15:37:21.000Z</time>
      </trkpt>
      <trkpt lat="51.667850" lon="10.714943">
        <ele>517.092668</ele>
        <time>2026-04-08T15:37:22.000Z</time>
      </trkpt>
      <trkpt lat="51.667850" lon="10.715060">
        <ele>516.847893</ele>
        <time>2026-04-08T15:37:23.000Z</time>
      </trkpt>
      <trkpt lat="51.667850" lon="10.715178">
        <ele>516.623723</ele>
        <time>2026-04-08T15:37:24.000Z</time>
      </trkpt>
      <trkpt lat="51.667847" lon="10.715287">
        <ele>516.469549</ele>
        <time>2026-04-08T15:37:25.000Z</time>
      </trkpt>
      <trkpt lat="51.667847" lon="10.715407">
        <ele>516.299982</ele>
        <time>2026-04-08T15:37:26.000Z</time>
      </trkpt>
      <trkpt lat="51.667843" lon="10.715517">
        <ele>516.144280</ele>
        <time>2026-04-08T15:37:27.000Z</time>
      </trkpt>
      <trkpt lat="51.667836" lon="10.715626">
        <ele>515.989434</ele>
        <time>2026-04-08T15:37:28.000Z</time>
      </trkpt>
      <trkpt lat="51.667826" lon="10.715727">
        <ele>515.844908</ele>
        <time>2026-04-08T15:37:29.000Z</time>
      </trkpt>
      <trkpt lat="51.667817" lon="10.715830">
        <ele>515.697926</ele>
        <time>2026-04-08T15:37:30.000Z</time>
      </trkpt>
      <trkpt lat="51.667807" lon="10.715916">
        <ele>515.574287</ele>
        <time>2026-04-08T15:37:31.000Z</time>
      </trkpt>
      <trkpt lat="51.667795" lon="10.716007">
        <ele>515.442824</ele>
        <time>2026-04-08T15:37:32.000Z</time>
      </trkpt>
      <trkpt lat="51.667787" lon="10.716091">
        <ele>515.322737</ele>
        <time>2026-04-08T15:37:33.000Z</time>
      </trkpt>
      <trkpt lat="51.667786" lon="10.716179">
        <ele>515.198367</ele>
        <time>2026-04-08T15:37:34.000Z</time>
      </trkpt>
      <trkpt lat="51.667802" lon="10.716264">
        <ele>515.072848</ele>
        <time>2026-04-08T15:37:35.000Z</time>
      </trkpt>
      <trkpt lat="51.667832" lon="10.716343">
        <ele>514.941954</ele>
        <time>2026-04-08T15:37:36.000Z</time>
      </trkpt>
      <trkpt lat="51.667883" lon="10.716400">
        <ele>514.800574</ele>
        <time>2026-04-08T15:37:37.000Z</time>
      </trkpt>
      <trkpt lat="51.667937" lon="10.716449">
        <ele>514.659399</ele>
        <time>2026-04-08T15:37:38.000Z</time>
      </trkpt>
      <trkpt lat="51.667985" lon="10.716483">
        <ele>514.539953</ele>
        <time>2026-04-08T15:37:39.000Z</time>
      </trkpt>
      <trkpt lat="51.668031" lon="10.716510">
        <ele>514.428422</ele>
        <time>2026-04-08T15:37:40.000Z</time>
      </trkpt>
      <trkpt lat="51.668080" lon="10.716542">
        <ele>514.307975</ele>
        <time>2026-04-08T15:37:41.000Z</time>
      </trkpt>
      <trkpt lat="51.668128" lon="10.716573">
        <ele>514.190169</ele>
        <time>2026-04-08T15:37:42.000Z</time>
      </trkpt>
      <trkpt lat="51.668174" lon="10.716599">
        <ele>514.079114</ele>
        <time>2026-04-08T15:37:43.000Z</time>
      </trkpt>
      <trkpt lat="51.668230" lon="10.716627">
        <ele>513.945534</ele>
        <time>2026-04-08T15:37:44.000Z</time>
      </trkpt>
      <trkpt lat="51.668279" lon="10.716655">
        <ele>513.827093</ele>
        <time>2026-04-08T15:37:45.000Z</time>
      </trkpt>
      <trkpt lat="51.668333" lon="10.716683">
        <ele>513.697859</ele>
        <time>2026-04-08T15:37:46.000Z</time>
      </trkpt>
      <trkpt lat="51.668376" lon="10.716692">
        <ele>513.599070</ele>
        <time>2026-04-08T15:37:47.000Z</time>
      </trkpt>
      <trkpt lat="51.668443" lon="10.716693">
        <ele>513.446417</ele>
        <time>2026-04-08T15:37:48.000Z</time>
      </trkpt>
      <trkpt lat="51.668504" lon="10.716672">
        <ele>513.304307</ele>
        <time>2026-04-08T15:37:49.000Z</time>
      </trkpt>
      <trkpt lat="51.668565" lon="10.716632">
        <ele>513.154276</ele>
        <time>2026-04-08T15:37:50.000Z</time>
      </trkpt>
      <trkpt lat="51.668616" lon="10.716583">
        <ele>513.019017</ele>
        <time>2026-04-08T15:37:51.000Z</time>
      </trkpt>
      <trkpt lat="51.668668" lon="10.716526">
        <ele>512.875760</ele>
        <time>2026-04-08T15:37:52.000Z</time>
      </trkpt>
      <trkpt lat="51.668716" lon="10.716470">
        <ele>512.740775</ele>
        <time>2026-04-08T15:37:53.000Z</time>
      </trkpt>
      <trkpt lat="51.668766" lon="10.716410">
        <ele>512.598773</ele>
        <time>2026-04-08T15:37:54.000Z</time>
      </trkpt>
      <trkpt lat="51.668815" lon="10.716358">
        <ele>512.573088</ele>
        <time>2026-04-08T15:37:55.000Z</time>
      </trkpt>
      <trkpt lat="51.668869" lon="10.716303">
        <ele>512.573088</ele>
        <time>2026-04-08T15:37:56.000Z</time>
      </trkpt>
      <trkpt lat="51.668919" lon="10.716254">
        <ele>512.573088</ele>
        <time>2026-04-08T15:37:57.000Z</time>
      </trkpt>
      <trkpt lat="51.668970" lon="10.716203">
        <ele>512.573088</ele>
        <time>2026-04-08T15:37:58.000Z</time>
      </trkpt>
      <trkpt lat="51.669018" lon="10.716157">
        <ele>512.573088</ele>
        <time>2026-04-08T15:37:59.000Z</time>
      </trkpt>
      <trkpt lat="51.669070" lon="10.716109">
        <ele>512.573088</ele>
        <time>2026-04-08T15:38:00.000Z</time>
      </trkpt>
      <trkpt lat="51.669122" lon="10.716060">
        <ele>512.573088</ele>
        <time>2026-04-08T15:38:01.000Z</time>
      </trkpt>
      <trkpt lat="51.669175" lon="10.716012">
        <ele>512.573088</ele>
        <time>2026-04-08T15:38:02.000Z</time>
      </trkpt>
      <trkpt lat="51.669231" lon="10.715960">
        <ele>512.573088</ele>
        <time>2026-04-08T15:38:03.000Z</time>
      </trkpt>
      <trkpt lat="51.669288" lon="10.715909">
        <ele>512.573088</ele>
        <time>2026-04-08T15:38:04.000Z</time>
      </trkpt>
      <trkpt lat="51.669354" lon="10.715867">
        <ele>512.573088</ele>
        <time>2026-04-08T15:38:05.000Z</time>
      </trkpt>
      <trkpt lat="51.669421" lon="10.715828">
        <ele>512.573088</ele>
        <time>2026-04-08T15:38:06.000Z</time>
      </trkpt>
      <trkpt lat="51.669489" lon="10.715821">
        <ele>512.573088</ele>
        <time>2026-04-08T15:38:07.000Z</time>
      </trkpt>
      <trkpt lat="51.669558" lon="10.715819">
        <ele>512.573088</ele>
        <time>2026-04-08T15:38:08.000Z</time>
      </trkpt>
      <trkpt lat="51.669618" lon="10.715848">
        <ele>512.573088</ele>
        <time>2026-04-08T15:38:09.000Z</time>
      </trkpt>
      <trkpt lat="51.669684" lon="10.715896">
        <ele>512.573088</ele>
        <time>2026-04-08T15:38:10.000Z</time>
      </trkpt>
      <trkpt lat="51.669740" lon="10.715953">
        <ele>512.573088</ele>
        <time>2026-04-08T15:38:11.000Z</time>
      </trkpt>
      <trkpt lat="51.669803" lon="10.716018">
        <ele>512.573088</ele>
        <time>2026-04-08T15:38:12.000Z</time>
      </trkpt>
      <trkpt lat="51.669860" lon="10.716072">
        <ele>512.573088</ele>
        <time>2026-04-08T15:38:13.000Z</time>
      </trkpt>
      <trkpt lat="51.669915" lon="10.716119">
        <ele>512.573088</ele>
        <time>2026-04-08T15:38:14.000Z</time>
      </trkpt>
      <trkpt lat="51.669961" lon="10.716155">
        <ele>512.573088</ele>
        <time>2026-04-08T15:38:15.000Z</time>
      </trkpt>
      <trkpt lat="51.670004" lon="10.716181">
        <ele>512.573088</ele>
        <time>2026-04-08T15:38:16.000Z</time>
      </trkpt>
      <trkpt lat="51.670023" lon="10.716219">
        <ele>512.573088</ele>
        <time>2026-04-08T15:38:17.000Z</time>
      </trkpt>
      <trkpt lat="51.670038" lon="10.716259">
        <ele>512.573088</ele>
        <time>2026-04-08T15:38:18.000Z</time>
      </trkpt>
      <trkpt lat="51.670040" lon="10.716292">
        <ele>512.573088</ele>
        <time>2026-04-08T15:38:19.000Z</time>
      </trkpt>
      <trkpt lat="51.670037" lon="10.716330">
        <ele>512.573088</ele>
        <time>2026-04-08T15:38:20.000Z</time>
      </trkpt>
      <trkpt lat="51.670033" lon="10.716361">
        <ele>512.573088</ele>
        <time>2026-04-08T15:38:21.000Z</time>
      </trkpt>
      <trkpt lat="51.670026" lon="10.716395">
        <ele>512.573088</ele>
        <time>2026-04-08T15:38:22.000Z</time>
      </trkpt>
      <trkpt lat="51.670022" lon="10.716425">
        <ele>512.573088</ele>
        <time>2026-04-08T15:38:23.000Z</time>
      </trkpt>
      <trkpt lat="51.670014" lon="10.716453">
        <ele>512.573088</ele>
        <time>2026-04-08T15:38:24.000Z</time>
      </trkpt>
      <trkpt lat="51.670007" lon="10.716468">
        <ele>512.573088</ele>
        <time>2026-04-08T15:38:25.000Z</time>
      </trkpt>
      <trkpt lat="51.670006" lon="10.716474">
        <ele>512.573088</ele>
        <time>2026-04-08T15:38:26.000Z</time>
      </trkpt>
      <trkpt lat="51.670006" lon="10.716475">
        <ele>512.573088</ele>
        <time>2026-04-08T15:38:27.000Z</time>
      </trkpt>
      <trkpt lat="51.670006" lon="10.716475">
        <ele>512.573088</ele>
        <time>2026-04-08T15:38:28.000Z</time>
      </trkpt>
    </trkseg>
  </trk>
</gpx>