<?xml version='1.0' encoding='UTF-8'?>
<gpx version="1.1" creator="https://www.komoot.de" xmlns="http://www.topografix.com/GPX/1/1" xmlns:xsi="http://www.w3.org/2001/XMLSchema-instance" xsi:schemaLocation="http://www.topografix.com/GPX/1/1 http://www.topografix.com/GPX/1/1/gpx.xsd">
  <metadata>
    <name>Grand Depart Copenhagen - Stage 2 - Part 1</name>
    <author>
      <link href="https://www.komoot.de">
        <text>komoot</text>
        <type>text/html</type>
      </link>
    </author>
  </metadata>
  <trk>
    <name>Grand Depart Copenhagen - Stage 2 - Part 1</name>
    <trkseg>
      <trkpt lat="55.649677" lon="12.079039">
        <ele>2.883748</ele>
        <time>2025-12-29T16:01:41.212Z</time>
      </trkpt>
      <trkpt lat="55.649669" lon="12.079051">
        <ele>2.883748</ele>
        <time>2025-12-29T16:01:41.377Z</time>
      </trkpt>
      <trkpt lat="55.649553" lon="12.079165">
        <ele>2.883748</ele>
        <time>2025-12-29T16:01:43.435Z</time>
      </trkpt>
      <trkpt lat="55.649437" lon="12.079242">
        <ele>2.883748</ele>
        <time>2025-12-29T16:01:45.428Z</time>
      </trkpt>
      <trkpt lat="55.649272" lon="12.079274">
        <ele>2.883748</ele>
        <time>2025-12-29T16:01:48.193Z</time>
      </trkpt>
      <trkpt lat="55.649059" lon="12.079219">
        <ele>2.883748</ele>
        <time>2025-12-29T16:01:52.126Z</time>
      </trkpt>
      <trkpt lat="55.648890" lon="12.079093">
        <ele>2.883748</ele>
        <time>2025-12-29T16:01:55.664Z</time>
      </trkpt>
      <trkpt lat="55.648769" lon="12.078933">
        <ele>3.028228</ele>
        <time>2025-12-29T16:01:58.798Z</time>
      </trkpt>
      <trkpt lat="55.648705" lon="12.078792">
        <ele>3.205501</ele>
        <time>2025-12-29T16:02:00.983Z</time>
      </trkpt>
      <trkpt lat="55.648492" lon="12.078846">
        <ele>3.579062</ele>
        <time>2025-12-29T16:02:05.740Z</time>
      </trkpt>
      <trkpt lat="55.648351" lon="12.078919">
        <ele>3.834089</ele>
        <time>2025-12-29T16:02:09.007Z</time>
      </trkpt>
      <trkpt lat="55.648172" lon="12.079086">
        <ele>4.185290</ele>
        <time>2025-12-29T16:02:13.482Z</time>
      </trkpt>
      <trkpt lat="55.648098" lon="12.079160">
        <ele>4.332806</ele>
        <time>2025-12-29T16:02:15.352Z</time>
      </trkpt>
      <trkpt lat="55.648002" lon="12.079012">
        <ele>4.553714</ele>
        <time>2025-12-29T16:02:18.798Z</time>
      </trkpt>
      <trkpt lat="55.647902" lon="12.079023">
        <ele>4.727661</ele>
        <time>2025-12-29T16:02:21.538Z</time>
      </trkpt>
      <trkpt lat="55.647829" lon="12.079146">
        <ele>4.902539</ele>
        <time>2025-12-29T16:02:24.261Z</time>
      </trkpt>
      <trkpt lat="55.647773" lon="12.079103">
        <ele>5.008496</ele>
        <time>2025-12-29T16:02:25.968Z</time>
      </trkpt>
      <trkpt lat="55.647454" lon="12.078826">
        <ele>5.625233</ele>
        <time>2025-12-29T16:02:35.794Z</time>
      </trkpt>
      <trkpt lat="55.647210" lon="12.078618">
        <ele>6.152982</ele>
        <time>2025-12-29T16:02:43.381Z</time>
      </trkpt>
      <trkpt lat="55.647156" lon="12.078573">
        <ele>6.323802</ele>
        <time>2025-12-29T16:02:45.049Z</time>
      </trkpt>
      <trkpt lat="55.646467" lon="12.077963">
        <ele>8.528597</ele>
        <time>2025-12-29T16:03:07.050Z</time>
      </trkpt>
      <trkpt lat="55.645258" lon="12.076998">
        <ele>13.252994</ele>
        <time>2025-12-29T16:03:52.781Z</time>
      </trkpt>
      <trkpt lat="55.645094" lon="12.076858">
        <ele>14.188010</ele>
        <time>2025-12-29T16:04:00.017Z</time>
      </trkpt>
      <trkpt lat="55.644694" lon="12.076478">
        <ele>16.519191</ele>
        <time>2025-12-29T16:04:18.804Z</time>
      </trkpt>
      <trkpt lat="55.644324" lon="12.076711">
        <ele>18.536093</ele>
        <time>2025-12-29T16:04:33.357Z</time>
      </trkpt>
      <trkpt lat="55.644151" lon="12.076828">
        <ele>19.487206</ele>
        <time>2025-12-29T16:04:40.249Z</time>
      </trkpt>
      <trkpt lat="55.643932" lon="12.076956">
        <ele>20.744000</ele>
        <time>2025-12-29T16:04:49.468Z</time>
      </trkpt>
      <trkpt lat="55.643894" lon="12.076958">
        <ele>20.990086</ele>
        <time>2025-12-29T16:04:51.039Z</time>
      </trkpt>
      <trkpt lat="55.643765" lon="12.076892">
        <ele>21.859225</ele>
        <time>2025-12-29T16:04:56.764Z</time>
      </trkpt>
      <trkpt lat="55.643639" lon="12.076764">
        <ele>22.799361</ele>
        <time>2025-12-29T16:05:03.107Z</time>
      </trkpt>
      <trkpt lat="55.643576" lon="12.076698">
        <ele>23.273106</ele>
        <time>2025-12-29T16:05:06.305Z</time>
      </trkpt>
      <trkpt lat="55.643526" lon="12.076647">
        <ele>23.646552</ele>
        <time>2025-12-29T16:05:08.960Z</time>
      </trkpt>
      <trkpt lat="55.643357" lon="12.076474">
        <ele>24.909931</ele>
        <time>2025-12-29T16:05:17.755Z</time>
      </trkpt>
      <trkpt lat="55.643264" lon="12.076409">
        <ele>25.557065</ele>
        <time>2025-12-29T16:05:22.317Z</time>
      </trkpt>
      <trkpt lat="55.643157" lon="12.076406">
        <ele>26.249773</ele>
        <time>2025-12-29T16:05:27.177Z</time>
      </trkpt>
      <trkpt lat="55.642994" lon="12.076422">
        <ele>27.306506</ele>
        <time>2025-12-29T16:05:34.348Z</time>
      </trkpt>
      <trkpt lat="55.642630" lon="12.076465">
        <ele>29.667944</ele>
        <time>2025-12-29T16:05:49.302Z</time>
      </trkpt>
      <trkpt lat="55.642077" lon="12.076299">
        <ele>32.538295</ele>
        <time>2025-12-29T16:06:10.267Z</time>
      </trkpt>
      <trkpt lat="55.641872" lon="12.076210">
        <ele>33.081440</ele>
        <time>2025-12-29T16:06:17.446Z</time>
      </trkpt>
      <trkpt lat="55.641616" lon="12.076084">
        <ele>33.765165</ele>
        <time>2025-12-29T16:06:25.165Z</time>
      </trkpt>
      <trkpt lat="55.641444" lon="12.076030">
        <ele>34.214679</ele>
        <time>2025-12-29T16:06:29.441Z</time>
      </trkpt>
      <trkpt lat="55.641108" lon="12.076052">
        <ele>35.079921</ele>
        <time>2025-12-29T16:06:36.411Z</time>
      </trkpt>
      <trkpt lat="55.640861" lon="12.076089">
        <ele>35.717811</ele>
        <time>2025-12-29T16:06:40.817Z</time>
      </trkpt>
      <trkpt lat="55.640695" lon="12.076114">
        <ele>36.146531</ele>
        <time>2025-12-29T16:06:43.737Z</time>
      </trkpt>
      <trkpt lat="55.640670" lon="12.076073">
        <ele>36.234193</ele>
        <time>2025-12-29T16:06:44.320Z</time>
      </trkpt>
      <trkpt lat="55.640643" lon="12.075889">
        <ele>36.510313</ele>
        <time>2025-12-29T16:06:46.185Z</time>
      </trkpt>
      <trkpt lat="55.640127" lon="12.076053">
        <ele>37.002618</ele>
        <time>2025-12-29T16:06:57.842Z</time>
      </trkpt>
      <trkpt lat="55.639529" lon="12.076128">
        <ele>37.438547</ele>
        <time>2025-12-29T16:07:08.542Z</time>
      </trkpt>
      <trkpt lat="55.639280" lon="12.076152">
        <ele>37.619877</ele>
        <time>2025-12-29T16:07:13.345Z</time>
      </trkpt>
      <trkpt lat="55.639147" lon="12.076165">
        <ele>37.716736</ele>
        <time>2025-12-29T16:07:15.941Z</time>
      </trkpt>
      <trkpt lat="55.638909" lon="12.076189">
        <ele>37.890080</ele>
        <time>2025-12-29T16:07:20.504Z</time>
      </trkpt>
      <trkpt lat="55.638638" lon="12.076215">
        <ele>37.954730</ele>
        <time>2025-12-29T16:07:25.060Z</time>
      </trkpt>
      <trkpt lat="55.638475" lon="12.076232">
        <ele>37.935683</ele>
        <time>2025-12-29T16:07:27.588Z</time>
      </trkpt>
      <trkpt lat="55.638388" lon="12.076240">
        <ele>37.925521</ele>
        <time>2025-12-29T16:07:28.897Z</time>
      </trkpt>
      <trkpt lat="55.637999" lon="12.076193">
        <ele>37.880040</ele>
        <time>2025-12-29T16:07:34.973Z</time>
      </trkpt>
      <trkpt lat="55.637880" lon="12.076191">
        <ele>37.866158</ele>
        <time>2025-12-29T16:07:37.384Z</time>
      </trkpt>
      <trkpt lat="55.637540" lon="12.076082">
        <ele>37.825854</ele>
        <time>2025-12-29T16:07:43.961Z</time>
      </trkpt>
      <trkpt lat="55.637315" lon="12.076010">
        <ele>37.799184</ele>
        <time>2025-12-29T16:07:48.014Z</time>
      </trkpt>
      <trkpt lat="55.637274" lon="12.075997">
        <ele>37.794325</ele>
        <time>2025-12-29T16:07:48.746Z</time>
      </trkpt>
      <trkpt lat="55.637140" lon="12.075953">
        <ele>37.778428</ele>
        <time>2025-12-29T16:07:51.127Z</time>
      </trkpt>
      <trkpt lat="55.637107" lon="12.075943">
        <ele>37.774523</ele>
        <time>2025-12-29T16:07:51.727Z</time>
      </trkpt>
      <trkpt lat="55.636738" lon="12.075828">
        <ele>37.678283</ele>
        <time>2025-12-29T16:07:58.248Z</time>
      </trkpt>
      <trkpt lat="55.636271" lon="12.075684">
        <ele>37.533463</ele>
        <time>2025-12-29T16:08:07.204Z</time>
      </trkpt>
      <trkpt lat="55.636248" lon="12.075677">
        <ele>37.526334</ele>
        <time>2025-12-29T16:08:07.648Z</time>
      </trkpt>
      <trkpt lat="55.635695" lon="12.075467">
        <ele>37.353547</ele>
        <time>2025-12-29T16:08:18.705Z</time>
      </trkpt>
      <trkpt lat="55.635610" lon="12.075417">
        <ele>37.326185</ele>
        <time>2025-12-29T16:08:20.525Z</time>
      </trkpt>
      <trkpt lat="55.635467" lon="12.075330">
        <ele>37.279992</ele>
        <time>2025-12-29T16:08:23.608Z</time>
      </trkpt>
      <trkpt lat="55.635118" lon="12.075025">
        <ele>37.307249</ele>
        <time>2025-12-29T16:08:31.601Z</time>
      </trkpt>
      <trkpt lat="55.634666" lon="12.074573">
        <ele>37.588791</ele>
        <time>2025-12-29T16:08:42.191Z</time>
      </trkpt>
      <trkpt lat="55.634414" lon="12.074324">
        <ele>37.745308</ele>
        <time>2025-12-29T16:08:48.460Z</time>
      </trkpt>
      <trkpt lat="55.634394" lon="12.074306">
        <ele>37.757476</ele>
        <time>2025-12-29T16:08:48.948Z</time>
      </trkpt>
      <trkpt lat="55.634222" lon="12.074049">
        <ele>37.879528</ele>
        <time>2025-12-29T16:08:53.947Z</time>
      </trkpt>
      <trkpt lat="55.634048" lon="12.073824">
        <ele>37.996380</ele>
        <time>2025-12-29T16:08:58.792Z</time>
      </trkpt>
      <trkpt lat="55.633947" lon="12.073624">
        <ele>38.078548</ele>
        <time>2025-12-29T16:09:02.417Z</time>
      </trkpt>
      <trkpt lat="55.633875" lon="12.073463">
        <ele>38.141440</ele>
        <time>2025-12-29T16:09:05.425Z</time>
      </trkpt>
      <trkpt lat="55.633770" lon="12.072953">
        <ele>38.655954</ele>
        <time>2025-12-29T16:09:13.301Z</time>
      </trkpt>
      <trkpt lat="55.633760" lon="12.072868">
        <ele>38.760837</ele>
        <time>2025-12-29T16:09:14.506Z</time>
      </trkpt>
      <trkpt lat="55.633687" lon="12.072341">
        <ele>39.416319</ele>
        <time>2025-12-29T16:09:23.080Z</time>
      </trkpt>
      <trkpt lat="55.633656" lon="12.072198">
        <ele>39.601358</ele>
        <time>2025-12-29T16:09:25.269Z</time>
      </trkpt>
      <trkpt lat="55.633607" lon="12.072036">
        <ele>39.823371</ele>
        <time>2025-12-29T16:09:28.369Z</time>
      </trkpt>
      <trkpt lat="55.633547" lon="12.071894">
        <ele>40.037634</ele>
        <time>2025-12-29T16:09:31.454Z</time>
      </trkpt>
      <trkpt lat="55.633430" lon="12.071735">
        <ele>40.353192</ele>
        <time>2025-12-29T16:09:36.134Z</time>
      </trkpt>
      <trkpt lat="55.633386" lon="12.071675">
        <ele>40.472015</ele>
        <time>2025-12-29T16:09:37.850Z</time>
      </trkpt>
      <trkpt lat="55.633187" lon="12.071485">
        <ele>40.955776</ele>
        <time>2025-12-29T16:09:44.868Z</time>
      </trkpt>
      <trkpt lat="55.633076" lon="12.071379">
        <ele>41.225624</ele>
        <time>2025-12-29T16:09:48.664Z</time>
      </trkpt>
      <trkpt lat="55.632924" lon="12.071241">
        <ele>41.591126</ele>
        <time>2025-12-29T16:09:53.956Z</time>
      </trkpt>
      <trkpt lat="55.632773" lon="12.071103">
        <ele>41.954725</ele>
        <time>2025-12-29T16:09:59.236Z</time>
      </trkpt>
      <trkpt lat="55.632366" lon="12.070747">
        <ele>42.498329</ele>
        <time>2025-12-29T16:10:12.397Z</time>
      </trkpt>
      <trkpt lat="55.631765" lon="12.070226">
        <ele>43.240212</ele>
        <time>2025-12-29T16:10:29.089Z</time>
      </trkpt>
      <trkpt lat="55.631199" lon="12.069705">
        <ele>43.947447</ele>
        <time>2025-12-29T16:10:42.748Z</time>
      </trkpt>
      <trkpt lat="55.631096" lon="12.069598">
        <ele>44.018425</ele>
        <time>2025-12-29T16:10:45.197Z</time>
      </trkpt>
      <trkpt lat="55.631034" lon="12.069533">
        <ele>43.994266</ele>
        <time>2025-12-29T16:10:46.675Z</time>
      </trkpt>
      <trkpt lat="55.630984" lon="12.069482">
        <ele>43.974919</ele>
        <time>2025-12-29T16:10:47.851Z</time>
      </trkpt>
      <trkpt lat="55.630712" lon="12.069082">
        <ele>43.856373</ele>
        <time>2025-12-29T16:10:55.011Z</time>
      </trkpt>
      <trkpt lat="55.630353" lon="12.068563">
        <ele>43.700985</ele>
        <time>2025-12-29T16:11:04.184Z</time>
      </trkpt>
      <trkpt lat="55.630059" lon="12.068129">
        <ele>43.572651</ele>
        <time>2025-12-29T16:11:11.260Z</time>
      </trkpt>
      <trkpt lat="55.630040" lon="12.068101">
        <ele>43.564363</ele>
        <time>2025-12-29T16:11:11.698Z</time>
      </trkpt>
      <trkpt lat="55.629881" lon="12.067854">
        <ele>43.493446</ele>
        <time>2025-12-29T16:11:15.455Z</time>
      </trkpt>
      <trkpt lat="55.629756" lon="12.067661">
        <ele>43.437841</ele>
        <time>2025-12-29T16:11:18.371Z</time>
      </trkpt>
      <trkpt lat="55.629325" lon="12.066995">
        <ele>43.065679</ele>
        <time>2025-12-29T16:11:28.203Z</time>
      </trkpt>
      <trkpt lat="55.629118" lon="12.066681">
        <ele>42.884458</ele>
        <time>2025-12-29T16:11:32.918Z</time>
      </trkpt>
      <trkpt lat="55.628826" lon="12.066241">
        <ele>42.629539</ele>
        <time>2025-12-29T16:11:39.582Z</time>
      </trkpt>
      <trkpt lat="55.628645" lon="12.065902">
        <ele>42.454378</ele>
        <time>2025-12-29T16:11:44.309Z</time>
      </trkpt>
      <trkpt lat="55.628463" lon="12.065599">
        <ele>42.288291</ele>
        <time>2025-12-29T16:11:49.029Z</time>
      </trkpt>
      <trkpt lat="55.628355" lon="12.065418">
        <ele>42.301092</ele>
        <time>2025-12-29T16:11:51.950Z</time>
      </trkpt>
      <trkpt lat="55.627525" lon="12.064167">
        <ele>43.411478</ele>
        <time>2025-12-29T16:12:17.835Z</time>
      </trkpt>
      <trkpt lat="55.626505" lon="12.062603">
        <ele>45.034419</ele>
        <time>2025-12-29T16:12:54.886Z</time>
      </trkpt>
      <trkpt lat="55.626386" lon="12.062417">
        <ele>45.251912</ele>
        <time>2025-12-29T16:12:59.364Z</time>
      </trkpt>
      <trkpt lat="55.626236" lon="12.062183">
        <ele>45.525831</ele>
        <time>2025-12-29T16:13:04.895Z</time>
      </trkpt>
      <trkpt lat="55.626102" lon="12.061981">
        <ele>45.766966</ele>
        <time>2025-12-29T16:13:09.548Z</time>
      </trkpt>
      <trkpt lat="55.625790" lon="12.061549">
        <ele>46.309667</ele>
        <time>2025-12-29T16:13:19.253Z</time>
      </trkpt>
      <trkpt lat="55.625567" lon="12.061298">
        <ele>46.479985</ele>
        <time>2025-12-29T16:13:24.937Z</time>
      </trkpt>
      <trkpt lat="55.625403" lon="12.061011">
        <ele>46.365693</ele>
        <time>2025-12-29T16:13:29.542Z</time>
      </trkpt>
      <trkpt lat="55.624968" lon="12.060357">
        <ele>46.082829</ele>
        <time>2025-12-29T16:13:40.103Z</time>
      </trkpt>
      <trkpt lat="55.624876" lon="12.060221">
        <ele>46.023422</ele>
        <time>2025-12-29T16:13:42.201Z</time>
      </trkpt>
      <trkpt lat="55.624572" lon="12.059768">
        <ele>45.826473</ele>
        <time>2025-12-29T16:13:49.100Z</time>
      </trkpt>
      <trkpt lat="55.624400" lon="12.059458">
        <ele>45.704820</ele>
        <time>2025-12-29T16:13:53.329Z</time>
      </trkpt>
      <trkpt lat="55.624086" lon="12.058985">
        <ele>45.484000</ele>
        <time>2025-12-29T16:14:00.499Z</time>
      </trkpt>
      <trkpt lat="55.623869" lon="12.058651">
        <ele>45.324567</ele>
        <time>2025-12-29T16:14:05.685Z</time>
      </trkpt>
      <trkpt lat="55.623828" lon="12.058591">
        <ele>45.295072</ele>
        <time>2025-12-29T16:14:06.703Z</time>
      </trkpt>
      <trkpt lat="55.623600" lon="12.058245">
        <ele>45.128564</ele>
        <time>2025-12-29T16:14:12.348Z</time>
      </trkpt>
      <trkpt lat="55.621926" lon="12.055702">
        <ele>44.117200</ele>
        <time>2025-12-29T16:14:53.831Z</time>
      </trkpt>
      <trkpt lat="55.621533" lon="12.055103">
        <ele>43.916343</ele>
        <time>2025-12-29T16:15:03.647Z</time>
      </trkpt>
      <trkpt lat="55.621045" lon="12.054360">
        <ele>43.716337</ele>
        <time>2025-12-29T16:15:15.765Z</time>
      </trkpt>
      <trkpt lat="55.621043" lon="12.054070">
        <ele>43.665441</ele>
        <time>2025-12-29T16:15:17.990Z</time>
      </trkpt>
      <trkpt lat="55.621619" lon="12.053034">
        <ele>43.410297</ele>
        <time>2025-12-29T16:15:29.194Z</time>
      </trkpt>
      <trkpt lat="55.623492" lon="12.049668">
        <ele>43.506564</ele>
        <time>2025-12-29T16:16:09.262Z</time>
      </trkpt>
      <trkpt lat="55.623387" lon="12.049326">
        <ele>43.545366</ele>
        <time>2025-12-29T16:16:12.640Z</time>
      </trkpt>
      <trkpt lat="55.623556" lon="12.049023">
        <ele>43.587818</ele>
        <time>2025-12-29T16:16:16.385Z</time>
      </trkpt>
      <trkpt lat="55.623492" lon="12.048922">
        <ele>43.602951</ele>
        <time>2025-12-29T16:16:17.719Z</time>
      </trkpt>
      <trkpt lat="55.623370" lon="12.048863">
        <ele>43.625276</ele>
        <time>2025-12-29T16:16:19.730Z</time>
      </trkpt>
      <trkpt lat="55.623303" lon="12.048531">
        <ele>43.660418</ele>
        <time>2025-12-29T16:16:22.884Z</time>
      </trkpt>
      <trkpt lat="55.623239" lon="12.047046">
        <ele>43.947215</ele>
        <time>2025-12-29T16:16:36.605Z</time>
      </trkpt>
      <trkpt lat="55.623222" lon="12.045693">
        <ele>44.242095</ele>
        <time>2025-12-29T16:16:49.300Z</time>
      </trkpt>
      <trkpt lat="55.622570" lon="12.030601">
        <ele>46.915018</ele>
        <time>2025-12-29T16:19:05.625Z</time>
      </trkpt>
      <trkpt lat="55.622487" lon="12.030034">
        <ele>47.080600</ele>
        <time>2025-12-29T16:19:11.811Z</time>
      </trkpt>
      <trkpt lat="55.622156" lon="12.028461">
        <ele>47.242749</ele>
        <time>2025-12-29T16:19:28.847Z</time>
      </trkpt>
      <trkpt lat="55.621982" lon="12.027633">
        <ele>47.152296</ele>
        <time>2025-12-29T16:19:36.542Z</time>
      </trkpt>
      <trkpt lat="55.619036" lon="12.013655">
        <ele>40.152212</ele>
        <time>2025-12-29T16:21:20.216Z</time>
      </trkpt>
      <trkpt lat="55.618968" lon="12.012925">
        <ele>40.096238</ele>
        <time>2025-12-29T16:21:25.921Z</time>
      </trkpt>
      <trkpt lat="55.618786" lon="12.012454">
        <ele>40.053061</ele>
        <time>2025-12-29T16:21:30.641Z</time>
      </trkpt>
      <trkpt lat="55.617663" lon="12.007141">
        <ele>40.554445</ele>
        <time>2025-12-29T16:22:25.127Z</time>
      </trkpt>
      <trkpt lat="55.617522" lon="12.006755">
        <ele>40.431274</ele>
        <time>2025-12-29T16:22:28.514Z</time>
      </trkpt>
      <trkpt lat="55.617472" lon="12.006255">
        <ele>40.295225</ele>
        <time>2025-12-29T16:22:32.044Z</time>
      </trkpt>
      <trkpt lat="55.617096" lon="12.004447">
        <ele>38.878921</ele>
        <time>2025-12-29T16:22:44.452Z</time>
      </trkpt>
      <trkpt lat="55.617022" lon="12.004222">
        <ele>38.577242</ele>
        <time>2025-12-29T16:22:46.037Z</time>
      </trkpt>
      <trkpt lat="55.617009" lon="12.004168">
        <ele>38.509228</ele>
        <time>2025-12-29T16:22:46.404Z</time>
      </trkpt>
      <trkpt lat="55.616474" lon="12.001640">
        <ele>35.543472</ele>
        <time>2025-12-29T16:23:02.653Z</time>
      </trkpt>
      <trkpt lat="55.611429" lon="11.977801">
        <ele>11.587747</ele>
        <time>2025-12-29T16:25:45.142Z</time>
      </trkpt>
      <trkpt lat="55.611329" lon="11.977160">
        <ele>11.358843</ele>
        <time>2025-12-29T16:25:50.585Z</time>
      </trkpt>
      <trkpt lat="55.611324" lon="11.977089">
        <ele>11.334214</ele>
        <time>2025-12-29T16:25:51.191Z</time>
      </trkpt>
      <trkpt lat="55.611275" lon="11.976830">
        <ele>11.240194</ele>
        <time>2025-12-29T16:25:53.499Z</time>
      </trkpt>
      <trkpt lat="55.611183" lon="11.976801">
        <ele>11.183243</ele>
        <time>2025-12-29T16:25:54.896Z</time>
      </trkpt>
      <trkpt lat="55.611072" lon="11.976266">
        <ele>10.987055</ele>
        <time>2025-12-29T16:25:59.847Z</time>
      </trkpt>
      <trkpt lat="55.611051" lon="11.976159">
        <ele>10.948063</ele>
        <time>2025-12-29T16:26:00.874Z</time>
      </trkpt>
      <trkpt lat="55.611067" lon="11.975971">
        <ele>10.882620</ele>
        <time>2025-12-29T16:26:02.561Z</time>
      </trkpt>
      <trkpt lat="55.610154" lon="11.971714">
        <ele>9.076962</ele>
        <time>2025-12-29T16:26:34.591Z</time>
      </trkpt>
      <trkpt lat="55.610320" lon="11.971644">
        <ele>9.005710</ele>
        <time>2025-12-29T16:26:36.571Z</time>
      </trkpt>
      <trkpt lat="55.610467" lon="11.971555">
        <ele>8.940842</ele>
        <time>2025-12-29T16:26:38.417Z</time>
      </trkpt>
      <trkpt lat="55.610790" lon="11.971277">
        <ele>8.790883</ele>
        <time>2025-12-29T16:26:42.896Z</time>
      </trkpt>
      <trkpt lat="55.610980" lon="11.971036">
        <ele>8.693292</ele>
        <time>2025-12-29T16:26:46.011Z</time>
      </trkpt>
      <trkpt lat="55.611000" lon="11.971005">
        <ele>8.682193</ele>
        <time>2025-12-29T16:26:46.372Z</time>
      </trkpt>
      <trkpt lat="55.612026" lon="11.969387">
        <ele>10.092096</ele>
        <time>2025-12-29T16:27:14.472Z</time>
      </trkpt>
      <trkpt lat="55.612148" lon="11.969244">
        <ele>10.290661</ele>
        <time>2025-12-29T16:27:17.926Z</time>
      </trkpt>
      <trkpt lat="55.612115" lon="11.969154">
        <ele>10.372908</ele>
        <time>2025-12-29T16:27:25.285Z</time>
      </trkpt>
      <trkpt lat="55.612443" lon="11.968869">
        <ele>10.868763</ele>
        <time>2025-12-29T16:27:33.452Z</time>
      </trkpt>
      <trkpt lat="55.612559" lon="11.968806">
        <ele>11.024930</ele>
        <time>2025-12-29T16:27:36.084Z</time>
      </trkpt>
      <trkpt lat="55.612702" lon="11.968728">
        <ele>11.127802</ele>
        <time>2025-12-29T16:27:39.225Z</time>
      </trkpt>
      <trkpt lat="55.613966" lon="11.968232">
        <ele>12.017888</ele>
        <time>2025-12-29T16:28:01.311Z</time>
      </trkpt>
      <trkpt lat="55.614397" lon="11.968234">
        <ele>12.288605</ele>
        <time>2025-12-29T16:28:07.774Z</time>
      </trkpt>
      <trkpt lat="55.614659" lon="11.968303">
        <ele>12.394829</ele>
        <time>2025-12-29T16:28:12.084Z</time>
      </trkpt>
      <trkpt lat="55.615165" lon="11.968605">
        <ele>12.608965</ele>
        <time>2025-12-29T16:28:21.494Z</time>
      </trkpt>
      <trkpt lat="55.615180" lon="11.968710">
        <ele>12.633494</ele>
        <time>2025-12-29T16:28:22.486Z</time>
      </trkpt>
      <trkpt lat="55.615235" lon="11.968738">
        <ele>12.656444</ele>
        <time>2025-12-29T16:28:23.532Z</time>
      </trkpt>
      <trkpt lat="55.615480" lon="11.968860">
        <ele>12.758506</ele>
        <time>2025-12-29T16:28:27.919Z</time>
      </trkpt>
      <trkpt lat="55.615685" lon="11.968976">
        <ele>12.844812</ele>
        <time>2025-12-29T16:28:31.734Z</time>
      </trkpt>
      <trkpt lat="55.616056" lon="11.969147">
        <ele>12.921698</ele>
        <time>2025-12-29T16:28:37.827Z</time>
      </trkpt>
      <trkpt lat="55.616565" lon="11.969367">
        <ele>12.472108</ele>
        <time>2025-12-29T16:28:44.839Z</time>
      </trkpt>
      <trkpt lat="55.616741" lon="11.969364">
        <ele>12.321078</ele>
        <time>2025-12-29T16:28:47.120Z</time>
      </trkpt>
      <trkpt lat="55.616957" lon="11.969309">
        <ele>12.133824</ele>
        <time>2025-12-29T16:28:49.839Z</time>
      </trkpt>
      <trkpt lat="55.617079" lon="11.969281">
        <ele>12.028262</ele>
        <time>2025-12-29T16:28:51.324Z</time>
      </trkpt>
      <trkpt lat="55.617142" lon="11.969266">
        <ele>11.973716</ele>
        <time>2025-12-29T16:28:52.088Z</time>
      </trkpt>
      <trkpt lat="55.617338" lon="11.969212">
        <ele>11.803507</ele>
        <time>2025-12-29T16:28:54.405Z</time>
      </trkpt>
      <trkpt lat="55.617508" lon="11.969162">
        <ele>11.655634</ele>
        <time>2025-12-29T16:28:56.405Z</time>
      </trkpt>
      <trkpt lat="55.617738" lon="11.969094">
        <ele>11.455542</ele>
        <time>2025-12-29T16:28:59.052Z</time>
      </trkpt>
      <trkpt lat="55.617954" lon="11.969033">
        <ele>11.115842</ele>
        <time>2025-12-29T16:29:01.471Z</time>
      </trkpt>
      <trkpt lat="55.618810" lon="11.968792">
        <ele>9.677745</ele>
        <time>2025-12-29T16:29:11.432Z</time>
      </trkpt>
      <trkpt lat="55.618887" lon="11.968749">
        <ele>9.543786</ele>
        <time>2025-12-29T16:29:12.328Z</time>
      </trkpt>
      <trkpt lat="55.619045" lon="11.968660">
        <ele>9.268693</ele>
        <time>2025-12-29T16:29:14.154Z</time>
      </trkpt>
      <trkpt lat="55.619106" lon="11.968602">
        <ele>9.153817</ele>
        <time>2025-12-29T16:29:14.927Z</time>
      </trkpt>
      <trkpt lat="55.619242" lon="11.968475">
        <ele>8.898717</ele>
        <time>2025-12-29T16:29:16.610Z</time>
      </trkpt>
      <trkpt lat="55.619492" lon="11.968149">
        <ele>8.420733</ele>
        <time>2025-12-29T16:29:20.055Z</time>
      </trkpt>
      <trkpt lat="55.620022" lon="11.967360">
        <ele>7.951165</ele>
        <time>2025-12-29T16:29:27.984Z</time>
      </trkpt>
      <trkpt lat="55.620174" lon="11.967135">
        <ele>7.816811</ele>
        <time>2025-12-29T16:29:30.330Z</time>
      </trkpt>
      <trkpt lat="55.620404" lon="11.966904">
        <ele>7.637489</ele>
        <time>2025-12-29T16:29:33.570Z</time>
      </trkpt>
      <trkpt lat="55.620638" lon="11.966826">
        <ele>7.476007</ele>
        <time>2025-12-29T16:29:36.758Z</time>
      </trkpt>
      <trkpt lat="55.620698" lon="11.966806">
        <ele>7.434601</ele>
        <time>2025-12-29T16:29:37.685Z</time>
      </trkpt>
      <trkpt lat="55.620903" lon="11.966814">
        <ele>7.295539</ele>
        <time>2025-12-29T16:29:41.150Z</time>
      </trkpt>
      <trkpt lat="55.621359" lon="11.966848">
        <ele>8.246459</ele>
        <time>2025-12-29T16:29:50.599Z</time>
      </trkpt>
      <trkpt lat="55.621419" lon="11.966852">
        <ele>8.419083</ele>
        <time>2025-12-29T16:29:52.001Z</time>
      </trkpt>
      <trkpt lat="55.621601" lon="11.966817">
        <ele>8.945414</ele>
        <time>2025-12-29T16:29:56.500Z</time>
      </trkpt>
      <trkpt lat="55.621887" lon="11.966675">
        <ele>9.799374</ele>
        <time>2025-12-29T16:30:04.454Z</time>
      </trkpt>
      <trkpt lat="55.622079" lon="11.966532">
        <ele>10.398207</ele>
        <time>2025-12-29T16:30:10.567Z</time>
      </trkpt>
      <trkpt lat="55.622734" lon="11.966046">
        <ele>12.440207</ele>
        <time>2025-12-29T16:30:32.764Z</time>
      </trkpt>
      <trkpt lat="55.622836" lon="11.965970">
        <ele>12.760357</ele>
        <time>2025-12-29T16:30:36.224Z</time>
      </trkpt>
      <trkpt lat="55.623391" lon="11.965587">
        <ele>14.483624</ele>
        <time>2025-12-29T16:30:53.817Z</time>
      </trkpt>
      <trkpt lat="55.624008" lon="11.965269">
        <ele>16.342724</ele>
        <time>2025-12-29T16:31:10.474Z</time>
      </trkpt>
      <trkpt lat="55.626080" lon="11.963706">
        <ele>20.471677</ele>
        <time>2025-12-29T16:31:58.110Z</time>
      </trkpt>
      <trkpt lat="55.626398" lon="11.963465">
        <ele>20.960983</ele>
        <time>2025-12-29T16:32:05.223Z</time>
      </trkpt>
      <trkpt lat="55.627078" lon="11.962800">
        <ele>22.059822</ele>
        <time>2025-12-29T16:32:21.224Z</time>
      </trkpt>
      <trkpt lat="55.627676" lon="11.962143">
        <ele>23.045523</ele>
        <time>2025-12-29T16:32:35.396Z</time>
      </trkpt>
      <trkpt lat="55.627942" lon="11.961852">
        <ele>23.421495</ele>
        <time>2025-12-29T16:32:41.580Z</time>
      </trkpt>
      <trkpt lat="55.628570" lon="11.961167">
        <ele>24.308404</ele>
        <time>2025-12-29T16:32:55.994Z</time>
      </trkpt>
      <trkpt lat="55.629179" lon="11.960625">
        <ele>25.128002</ele>
        <time>2025-12-29T16:33:09.380Z</time>
      </trkpt>
      <trkpt lat="55.629866" lon="11.960014">
        <ele>25.829645</ele>
        <time>2025-12-29T16:33:24.705Z</time>
      </trkpt>
      <trkpt lat="55.630617" lon="11.959325">
        <ele>26.594757</ele>
        <time>2025-12-29T16:33:40.258Z</time>
      </trkpt>
      <trkpt lat="55.630821" lon="11.959174">
        <ele>26.775125</ele>
        <time>2025-12-29T16:33:43.929Z</time>
      </trkpt>
      <trkpt lat="55.631125" lon="11.959046">
        <ele>26.676513</ele>
        <time>2025-12-29T16:33:48.794Z</time>
      </trkpt>
      <trkpt lat="55.633178" lon="11.958682">
        <ele>25.841491</ele>
        <time>2025-12-29T16:34:15.955Z</time>
      </trkpt>
      <trkpt lat="55.635244" lon="11.958314">
        <ele>24.415309</ele>
        <time>2025-12-29T16:34:42.531Z</time>
      </trkpt>
      <trkpt lat="55.635255" lon="11.958216">
        <ele>24.371788</ele>
        <time>2025-12-29T16:34:43.287Z</time>
      </trkpt>
      <trkpt lat="55.635945" lon="11.958116">
        <ele>23.837571</ele>
        <time>2025-12-29T16:34:52.062Z</time>
      </trkpt>
      <trkpt lat="55.636485" lon="11.958149">
        <ele>23.305694</ele>
        <time>2025-12-29T16:34:58.668Z</time>
      </trkpt>
      <trkpt lat="55.637199" lon="11.958299">
        <ele>22.522170</ele>
        <time>2025-12-29T16:35:07.264Z</time>
      </trkpt>
      <trkpt lat="55.638881" lon="11.958685">
        <ele>20.721739</ele>
        <time>2025-12-29T16:35:27.681Z</time>
      </trkpt>
      <trkpt lat="55.639139" lon="11.958739">
        <ele>20.451338</ele>
        <time>2025-12-29T16:35:30.851Z</time>
      </trkpt>
      <trkpt lat="55.639133" lon="11.958849">
        <ele>20.386417</ele>
        <time>2025-12-29T16:35:31.606Z</time>
      </trkpt>
      <trkpt lat="55.639766" lon="11.958928">
        <ele>19.856901</ele>
        <time>2025-12-29T16:35:39.287Z</time>
      </trkpt>
      <trkpt lat="55.639905" lon="11.958934">
        <ele>19.846227</ele>
        <time>2025-12-29T16:35:41.075Z</time>
      </trkpt>
      <trkpt lat="55.640281" lon="11.958911">
        <ele>19.817346</ele>
        <time>2025-12-29T16:35:46.141Z</time>
      </trkpt>
      <trkpt lat="55.640552" lon="11.958895">
        <ele>19.796532</ele>
        <time>2025-12-29T16:35:49.835Z</time>
      </trkpt>
      <trkpt lat="55.640696" lon="11.958886">
        <ele>19.785471</ele>
        <time>2025-12-29T16:35:51.838Z</time>
      </trkpt>
      <trkpt lat="55.641165" lon="11.958895">
        <ele>19.749466</ele>
        <time>2025-12-29T16:35:59.003Z</time>
      </trkpt>
      <trkpt lat="55.641224" lon="11.958920">
        <ele>19.744809</ele>
        <time>2025-12-29T16:36:00.042Z</time>
      </trkpt>
      <trkpt lat="55.641286" lon="11.958946">
        <ele>19.739918</ele>
        <time>2025-12-29T16:36:07.293Z</time>
      </trkpt>
      <trkpt lat="55.641433" lon="11.958210">
        <ele>20.117954</ele>
        <time>2025-12-29T16:36:15.797Z</time>
      </trkpt>
      <trkpt lat="55.642519" lon="11.952861">
        <ele>24.313372</ele>
        <time>2025-12-29T16:37:22.024Z</time>
      </trkpt>
      <trkpt lat="55.642673" lon="11.952233">
        <ele>24.596500</ele>
        <time>2025-12-29T16:37:28.863Z</time>
      </trkpt>
      <trkpt lat="55.642724" lon="11.951980">
        <ele>24.681355</ele>
        <time>2025-12-29T16:37:31.485Z</time>
      </trkpt>
      <trkpt lat="55.642779" lon="11.951704">
        <ele>24.773805</ele>
        <time>2025-12-29T16:37:34.315Z</time>
      </trkpt>
      <trkpt lat="55.642934" lon="11.950965">
        <ele>25.022818</ele>
        <time>2025-12-29T16:37:41.803Z</time>
      </trkpt>
      <trkpt lat="55.643012" lon="11.950403">
        <ele>25.205615</ele>
        <time>2025-12-29T16:37:47.160Z</time>
      </trkpt>
      <trkpt lat="55.643021" lon="11.950357">
        <ele>25.220993</ele>
        <time>2025-12-29T16:37:47.600Z</time>
      </trkpt>
      <trkpt lat="55.643170" lon="11.949629">
        <ele>25.421482</ele>
        <time>2025-12-29T16:37:54.640Z</time>
      </trkpt>
      <trkpt lat="55.643339" lon="11.948791">
        <ele>25.286597</ele>
        <time>2025-12-29T16:38:02.444Z</time>
      </trkpt>
      <trkpt lat="55.644441" lon="11.943345">
        <ele>23.960368</ele>
        <time>2025-12-29T16:38:45.571Z</time>
      </trkpt>
      <trkpt lat="55.644608" lon="11.942489">
        <ele>23.687127</ele>
        <time>2025-12-29T16:38:53.056Z</time>
      </trkpt>
      <trkpt lat="55.644804" lon="11.941042">
        <ele>23.238187</ele>
        <time>2025-12-29T16:39:04.699Z</time>
      </trkpt>
      <trkpt lat="55.644926" lon="11.939620">
        <ele>21.593030</ele>
        <time>2025-12-29T16:39:14.150Z</time>
      </trkpt>
      <trkpt lat="55.644903" lon="11.938255">
        <ele>19.591054</ele>
        <time>2025-12-29T16:39:21.928Z</time>
      </trkpt>
      <trkpt lat="55.644923" lon="11.937164">
        <ele>17.817387</ele>
        <time>2025-12-29T16:39:28.118Z</time>
      </trkpt>
      <trkpt lat="55.644948" lon="11.936302">
        <ele>16.069492</ele>
        <time>2025-12-29T16:39:32.944Z</time>
      </trkpt>
      <trkpt lat="55.645013" lon="11.935541">
        <ele>14.510881</ele>
        <time>2025-12-29T16:39:37.239Z</time>
      </trkpt>
      <trkpt lat="55.645249" lon="11.933909">
        <ele>11.140792</ele>
        <time>2025-12-29T16:39:46.725Z</time>
      </trkpt>
      <trkpt lat="55.645439" lon="11.932977">
        <ele>9.227577</ele>
        <time>2025-12-29T16:39:52.162Z</time>
      </trkpt>
      <trkpt lat="55.645858" lon="11.931417">
        <ele>5.891984</ele>
        <time>2025-12-29T16:40:01.957Z</time>
      </trkpt>
      <trkpt lat="55.646267" lon="11.930117">
        <ele>4.781199</ele>
        <time>2025-12-29T16:40:11.033Z</time>
      </trkpt>
      <trkpt lat="55.646574" lon="11.928726">
        <ele>3.700724</ele>
        <time>2025-12-29T16:40:21.934Z</time>
      </trkpt>
      <trkpt lat="55.647186" lon="11.924985">
        <ele>4.222564</ele>
        <time>2025-12-29T16:41:00.673Z</time>
      </trkpt>
      <trkpt lat="55.648318" lon="11.925933">
        <ele>3.431588</ele>
        <time>2025-12-29T16:41:15.718Z</time>
      </trkpt>
      <trkpt lat="55.648379" lon="11.926047">
        <ele>3.375583</ele>
        <time>2025-12-29T16:41:16.744Z</time>
      </trkpt>
      <trkpt lat="55.648408" lon="11.926201">
        <ele>3.317708</ele>
        <time>2025-12-29T16:41:17.845Z</time>
      </trkpt>
      <trkpt lat="55.648401" lon="11.926361">
        <ele>3.260500</ele>
        <time>2025-12-29T16:41:18.959Z</time>
      </trkpt>
      <trkpt lat="55.648288" lon="11.926816">
        <ele>3.664087</ele>
        <time>2025-12-29T16:41:22.684Z</time>
      </trkpt>
      <trkpt lat="55.648294" lon="11.926987">
        <ele>3.809306</ele>
        <time>2025-12-29T16:41:24.113Z</time>
      </trkpt>
      <trkpt lat="55.648470" lon="11.927162">
        <ele>4.112445</ele>
        <time>2025-12-29T16:41:27.382Z</time>
      </trkpt>
      <trkpt lat="55.648604" lon="11.927274">
        <ele>4.334990</ele>
        <time>2025-12-29T16:41:30.029Z</time>
      </trkpt>
      <trkpt lat="55.648651" lon="11.927272">
        <ele>4.405610</ele>
        <time>2025-12-29T16:41:30.941Z</time>
      </trkpt>
      <trkpt lat="55.648728" lon="11.927169">
        <ele>4.550521</ele>
        <time>2025-12-29T16:41:32.824Z</time>
      </trkpt>
      <trkpt lat="55.649306" lon="11.924835">
        <ele>7.324713</ele>
        <time>2025-12-29T16:42:10.777Z</time>
      </trkpt>
      <trkpt lat="55.649470" lon="11.924231">
        <ele>8.355371</ele>
        <time>2025-12-29T16:42:21.626Z</time>
      </trkpt>
      <trkpt lat="55.649630" lon="11.923834">
        <ele>9.105526</ele>
        <time>2025-12-29T16:42:29.119Z</time>
      </trkpt>
      <trkpt lat="55.649816" lon="11.923481">
        <ele>9.848164</ele>
        <time>2025-12-29T16:42:36.095Z</time>
      </trkpt>
      <trkpt lat="55.650042" lon="11.923136">
        <ele>10.660990</ele>
        <time>2025-12-29T16:42:43.121Z</time>
      </trkpt>
      <trkpt lat="55.650203" lon="11.922930">
        <ele>10.980907</ele>
        <time>2025-12-29T16:42:47.507Z</time>
      </trkpt>
      <trkpt lat="55.650605" lon="11.922553">
        <ele>11.422690</ele>
        <time>2025-12-29T16:42:56.597Z</time>
      </trkpt>
      <trkpt lat="55.650858" lon="11.922386">
        <ele>11.684934</ele>
        <time>2025-12-29T16:43:01.473Z</time>
      </trkpt>
      <trkpt lat="55.651777" lon="11.922084">
        <ele>12.592824</ele>
        <time>2025-12-29T16:43:17.128Z</time>
      </trkpt>
      <trkpt lat="55.652683" lon="11.921708">
        <ele>13.712420</ele>
        <time>2025-12-29T16:43:34.009Z</time>
      </trkpt>
      <trkpt lat="55.652868" lon="11.921643">
        <ele>13.939968</ele>
        <time>2025-12-29T16:43:37.785Z</time>
      </trkpt>
      <trkpt lat="55.652946" lon="11.921565">
        <ele>14.048021</ele>
        <time>2025-12-29T16:43:39.587Z</time>
      </trkpt>
      <trkpt lat="55.653661" lon="11.921321">
        <ele>15.060140</ele>
        <time>2025-12-29T16:43:55.098Z</time>
      </trkpt>
      <trkpt lat="55.653882" lon="11.921235">
        <ele>15.574803</ele>
        <time>2025-12-29T16:44:00.181Z</time>
      </trkpt>
      <trkpt lat="55.655676" lon="11.920707">
        <ele>19.983930</ele>
        <time>2025-12-29T16:44:44.630Z</time>
      </trkpt>
      <trkpt lat="55.655896" lon="11.920708">
        <ele>20.645869</ele>
        <time>2025-12-29T16:44:50.745Z</time>
      </trkpt>
      <trkpt lat="55.655867" lon="11.920519">
        <ele>20.978342</ele>
        <time>2025-12-29T16:44:53.911Z</time>
      </trkpt>
      <trkpt lat="55.655861" lon="11.920341">
        <ele>21.281028</ele>
        <time>2025-12-29T16:44:56.792Z</time>
      </trkpt>
      <trkpt lat="55.656132" lon="11.919896">
        <ele>22.392528</ele>
        <time>2025-12-29T16:45:07.353Z</time>
      </trkpt>
      <trkpt lat="55.656256" lon="11.919625">
        <ele>22.984815</ele>
        <time>2025-12-29T16:45:13.018Z</time>
      </trkpt>
      <trkpt lat="55.656342" lon="11.919318">
        <ele>23.566635</ele>
        <time>2025-12-29T16:45:18.681Z</time>
      </trkpt>
      <trkpt lat="55.656677" lon="11.917625">
        <ele>25.665591</ele>
        <time>2025-12-29T16:45:44.174Z</time>
      </trkpt>
      <trkpt lat="55.656964" lon="11.916462">
        <ele>26.946356</ele>
        <time>2025-12-29T16:45:58.400Z</time>
      </trkpt>
      <trkpt lat="55.656962" lon="11.916177">
        <ele>27.233929</ele>
        <time>2025-12-29T16:46:01.393Z</time>
      </trkpt>
      <trkpt lat="55.657013" lon="11.915879">
        <ele>27.519920</ele>
        <time>2025-12-29T16:46:04.593Z</time>
      </trkpt>
      <trkpt lat="55.657168" lon="11.915400">
        <ele>27.779190</ele>
        <time>2025-12-29T16:46:10.135Z</time>
      </trkpt>
      <trkpt lat="55.657324" lon="11.915038">
        <ele>27.993069</ele>
        <time>2025-12-29T16:46:14.752Z</time>
      </trkpt>
      <trkpt lat="55.657992" lon="11.912402">
        <ele>29.053521</ele>
        <time>2025-12-29T16:46:44.278Z</time>
      </trkpt>
      <trkpt lat="55.658054" lon="11.912475">
        <ele>29.064126</ele>
        <time>2025-12-29T16:46:45.503Z</time>
      </trkpt>
      <trkpt lat="55.658155" lon="11.912082">
        <ele>29.098839</ele>
        <time>2025-12-29T16:46:50.764Z</time>
      </trkpt>
      <trkpt lat="55.658775" lon="11.909709">
        <ele>28.925713</ele>
        <time>2025-12-29T16:47:19.503Z</time>
      </trkpt>
      <trkpt lat="55.659163" lon="11.908579">
        <ele>28.357789</ele>
        <time>2025-12-29T16:47:32.785Z</time>
      </trkpt>
      <trkpt lat="55.659708" lon="11.907381">
        <ele>27.665616</ele>
        <time>2025-12-29T16:47:47.580Z</time>
      </trkpt>
      <trkpt lat="55.660308" lon="11.906328">
        <ele>26.912434</ele>
        <time>2025-12-29T16:48:02.196Z</time>
      </trkpt>
      <trkpt lat="55.660988" lon="11.905280">
        <ele>26.168278</ele>
        <time>2025-12-29T16:48:18.562Z</time>
      </trkpt>
      <trkpt lat="55.661007" lon="11.905252">
        <ele>26.154129</ele>
        <time>2025-12-29T16:48:19.017Z</time>
      </trkpt>
      <trkpt lat="55.661642" lon="11.904275">
        <ele>25.672630</ele>
        <time>2025-12-29T16:48:34.838Z</time>
      </trkpt>
      <trkpt lat="55.662048" lon="11.903638">
        <ele>25.362149</ele>
        <time>2025-12-29T16:48:44.597Z</time>
      </trkpt>
      <trkpt lat="55.662564" lon="11.902828">
        <ele>24.865680</ele>
        <time>2025-12-29T16:48:56.941Z</time>
      </trkpt>
      <trkpt lat="55.663212" lon="11.901611">
        <ele>24.126971</ele>
        <time>2025-12-29T16:49:13.720Z</time>
      </trkpt>
      <trkpt lat="55.663431" lon="11.901167">
        <ele>23.866632</ele>
        <time>2025-12-29T16:49:19.647Z</time>
      </trkpt>
      <trkpt lat="55.663773" lon="11.900367">
        <ele>23.514562</ele>
        <time>2025-12-29T16:49:29.735Z</time>
      </trkpt>
      <trkpt lat="55.664469" lon="11.898508">
        <ele>22.746125</ele>
        <time>2025-12-29T16:49:52.709Z</time>
      </trkpt>
      <trkpt lat="55.665244" lon="11.896448">
        <ele>22.694056</ele>
        <time>2025-12-29T16:50:20.917Z</time>
      </trkpt>
      <trkpt lat="55.665256" lon="11.896415">
        <ele>22.693330</ele>
        <time>2025-12-29T16:50:21.388Z</time>
      </trkpt>
      <trkpt lat="55.665740" lon="11.895084">
        <ele>22.604193</ele>
        <time>2025-12-29T16:50:40.145Z</time>
      </trkpt>
      <trkpt lat="55.667022" lon="11.891676">
        <ele>21.792951</ele>
        <time>2025-12-29T16:51:24.320Z</time>
      </trkpt>
      <trkpt lat="55.667036" lon="11.891640">
        <ele>21.778013</ele>
        <time>2025-12-29T16:51:24.742Z</time>
      </trkpt>
      <trkpt lat="55.668137" lon="11.888571">
        <ele>20.434853</ele>
        <time>2025-12-29T16:52:00.385Z</time>
      </trkpt>
      <trkpt lat="55.668547" lon="11.887347">
        <ele>20.534450</ele>
        <time>2025-12-29T16:52:15.822Z</time>
      </trkpt>
      <trkpt lat="55.669024" lon="11.885211">
        <ele>22.487659</ele>
        <time>2025-12-29T16:52:49.909Z</time>
      </trkpt>
      <trkpt lat="55.669072" lon="11.884920">
        <ele>22.745430</ele>
        <time>2025-12-29T16:52:55.555Z</time>
      </trkpt>
      <trkpt lat="55.669270" lon="11.883605">
        <ele>25.444792</ele>
        <time>2025-12-29T16:53:22.599Z</time>
      </trkpt>
      <trkpt lat="55.669504" lon="11.882072">
        <ele>28.683211</ele>
        <time>2025-12-29T16:53:55.407Z</time>
      </trkpt>
      <trkpt lat="55.669702" lon="11.880982">
        <ele>30.710065</ele>
        <time>2025-12-29T16:54:16.754Z</time>
      </trkpt>
      <trkpt lat="55.670360" lon="11.877984">
        <ele>35.785372</ele>
        <time>2025-12-29T16:55:13.599Z</time>
      </trkpt>
      <trkpt lat="55.670578" lon="11.876994">
        <ele>37.189082</ele>
        <time>2025-12-29T16:55:31.702Z</time>
      </trkpt>
      <trkpt lat="55.670869" lon="11.875669">
        <ele>38.935605</ele>
        <time>2025-12-29T16:55:54.786Z</time>
      </trkpt>
      <trkpt lat="55.671173" lon="11.874260">
        <ele>39.720340</ele>
        <time>2025-12-29T16:56:16.182Z</time>
      </trkpt>
      <trkpt lat="55.671422" lon="11.873105">
        <ele>40.363541</ele>
        <time>2025-12-29T16:56:27.297Z</time>
      </trkpt>
      <trkpt lat="55.672265" lon="11.869272">
        <ele>41.212054</ele>
        <time>2025-12-29T16:57:03.278Z</time>
      </trkpt>
      <trkpt lat="55.672321" lon="11.868965">
        <ele>41.358582</ele>
        <time>2025-12-29T16:57:06.951Z</time>
      </trkpt>
      <trkpt lat="55.672436" lon="11.868330">
        <ele>41.661455</ele>
        <time>2025-12-29T16:57:14.432Z</time>
      </trkpt>
      <trkpt lat="55.672524" lon="11.867558">
        <ele>42.019128</ele>
        <time>2025-12-29T16:57:23.278Z</time>
      </trkpt>
      <trkpt lat="55.672580" lon="11.867630">
        <ele>42.074830</ele>
        <time>2025-12-29T16:57:31.225Z</time>
      </trkpt>
      <trkpt lat="55.672524" lon="11.867558">
        <ele>42.130533</ele>
        <time>2025-12-29T16:57:39.298Z</time>
      </trkpt>
      <trkpt lat="55.672579" lon="11.866946">
        <ele>42.377858</ele>
        <time>2025-12-29T16:57:45.813Z</time>
      </trkpt>
      <trkpt lat="55.672619" lon="11.865574">
        <ele>42.520922</ele>
        <time>2025-12-29T16:57:57.367Z</time>
      </trkpt>
      <trkpt lat="55.672546" lon="11.864137">
        <ele>42.671169</ele>
        <time>2025-12-29T16:58:09.415Z</time>
      </trkpt>
      <trkpt lat="55.672470" lon="11.863100">
        <ele>42.633709</ele>
        <time>2025-12-29T16:58:18.291Z</time>
      </trkpt>
      <trkpt lat="55.672445" lon="11.862351">
        <ele>42.569282</ele>
        <time>2025-12-29T16:58:24.580Z</time>
      </trkpt>
      <trkpt lat="55.672471" lon="11.861772">
        <ele>42.519407</ele>
        <time>2025-12-29T16:58:29.196Z</time>
      </trkpt>
      <trkpt lat="55.672514" lon="11.861337">
        <ele>42.481485</ele>
        <time>2025-12-29T16:58:32.496Z</time>
      </trkpt>
      <trkpt lat="55.672782" lon="11.859719">
        <ele>43.343624</ele>
        <time>2025-12-29T16:58:45.550Z</time>
      </trkpt>
      <trkpt lat="55.672840" lon="11.858855">
        <ele>44.111440</ele>
        <time>2025-12-29T16:58:54.925Z</time>
      </trkpt>
      <trkpt lat="55.672847" lon="11.857854">
        <ele>44.994835</ele>
        <time>2025-12-29T16:59:09.575Z</time>
      </trkpt>
      <trkpt lat="55.672833" lon="11.856823">
        <ele>46.522076</ele>
        <time>2025-12-29T16:59:28.177Z</time>
      </trkpt>
      <trkpt lat="55.672789" lon="11.856036">
        <ele>47.868326</ele>
        <time>2025-12-29T16:59:43.401Z</time>
      </trkpt>
      <trkpt lat="55.672599" lon="11.854366">
        <ele>50.586842</ele>
        <time>2025-12-29T17:00:08.376Z</time>
      </trkpt>
      <trkpt lat="55.672431" lon="11.853537">
        <ele>49.318661</ele>
        <time>2025-12-29T17:00:14.579Z</time>
      </trkpt>
      <trkpt lat="55.672225" lon="11.852793">
        <ele>48.125427</ele>
        <time>2025-12-29T17:00:19.367Z</time>
      </trkpt>
      <trkpt lat="55.672035" lon="11.852222">
        <ele>47.170952</ele>
        <time>2025-12-29T17:00:22.927Z</time>
      </trkpt>
      <trkpt lat="55.671618" lon="11.851263">
        <ele>45.385111</ele>
        <time>2025-12-29T17:00:29.377Z</time>
      </trkpt>
      <trkpt lat="55.671369" lon="11.850570">
        <ele>44.124956</ele>
        <time>2025-12-29T17:00:33.964Z</time>
      </trkpt>
      <trkpt lat="55.670550" lon="11.847638">
        <ele>40.016321</ele>
        <time>2025-12-29T17:00:54.832Z</time>
      </trkpt>
      <trkpt lat="55.670472" lon="11.847243">
        <ele>39.655057</ele>
        <time>2025-12-29T17:00:57.665Z</time>
      </trkpt>
      <trkpt lat="55.670384" lon="11.846555">
        <ele>39.046088</ele>
        <time>2025-12-29T17:01:02.318Z</time>
      </trkpt>
      <trkpt lat="55.670367" lon="11.846136">
        <ele>38.683470</ele>
        <time>2025-12-29T17:01:05.056Z</time>
      </trkpt>
      <trkpt lat="55.670371" lon="11.845698">
        <ele>38.280539</ele>
        <time>2025-12-29T17:01:07.900Z</time>
      </trkpt>
      <trkpt lat="55.670425" lon="11.844853">
        <ele>37.404942</ele>
        <time>2025-12-29T17:01:13.433Z</time>
      </trkpt>
      <trkpt lat="55.670425" lon="11.843989">
        <ele>36.515351</ele>
        <time>2025-12-29T17:01:18.863Z</time>
      </trkpt>
      <trkpt lat="55.670336" lon="11.843355">
        <ele>35.842652</ele>
        <time>2025-12-29T17:01:22.874Z</time>
      </trkpt>
      <trkpt lat="55.670258" lon="11.843008">
        <ele>35.458038</ele>
        <time>2025-12-29T17:01:25.151Z</time>
      </trkpt>
      <trkpt lat="55.670199" lon="11.842746">
        <ele>35.167566</ele>
        <time>2025-12-29T17:01:26.883Z</time>
      </trkpt>
      <trkpt lat="55.669895" lon="11.841389">
        <ele>33.398780</ele>
        <time>2025-12-29T17:01:35.842Z</time>
      </trkpt>
      <trkpt lat="55.669841" lon="11.841023">
        <ele>32.939686</ele>
        <time>2025-12-29T17:01:38.149Z</time>
      </trkpt>
      <trkpt lat="55.669773" lon="11.840280">
        <ele>32.026248</ele>
        <time>2025-12-29T17:01:42.751Z</time>
      </trkpt>
      <trkpt lat="55.669761" lon="11.839194">
        <ele>30.657307</ele>
        <time>2025-12-29T17:01:49.361Z</time>
      </trkpt>
      <trkpt lat="55.669753" lon="11.838513">
        <ele>29.757268</ele>
        <time>2025-12-29T17:01:53.448Z</time>
      </trkpt>
      <trkpt lat="55.669846" lon="11.837267">
        <ele>28.096504</ele>
        <time>2025-12-29T17:02:00.892Z</time>
      </trkpt>
      <trkpt lat="55.669950" lon="11.836576">
        <ele>27.151495</ele>
        <time>2025-12-29T17:02:05.168Z</time>
      </trkpt>
      <trkpt lat="55.670100" lon="11.835890">
        <ele>26.806071</ele>
        <time>2025-12-29T17:02:09.810Z</time>
      </trkpt>
      <trkpt lat="55.670253" lon="11.835311">
        <ele>26.558622</ele>
        <time>2025-12-29T17:02:14.127Z</time>
      </trkpt>
      <trkpt lat="55.671875" lon="11.830065">
        <ele>25.257148</ele>
        <time>2025-12-29T17:03:04.680Z</time>
      </trkpt>
      <trkpt lat="55.671921" lon="11.829919">
        <ele>25.149638</ele>
        <time>2025-12-29T17:03:05.890Z</time>
      </trkpt>
      <trkpt lat="55.672117" lon="11.829168">
        <ele>24.617666</ele>
        <time>2025-12-29T17:03:11.557Z</time>
      </trkpt>
      <trkpt lat="55.672811" lon="11.826199">
        <ele>21.405732</ele>
        <time>2025-12-29T17:03:31.158Z</time>
      </trkpt>
      <trkpt lat="55.672975" lon="11.825416">
        <ele>20.373762</ele>
        <time>2025-12-29T17:03:36.213Z</time>
      </trkpt>
      <trkpt lat="55.673126" lon="11.824528">
        <ele>19.290575</ele>
        <time>2025-12-29T17:03:41.922Z</time>
      </trkpt>
      <trkpt lat="55.673559" lon="11.821272">
        <ele>15.198845</ele>
        <time>2025-12-29T17:04:02.838Z</time>
      </trkpt>
      <trkpt lat="55.673821" lon="11.819351">
        <ele>11.889275</ele>
        <time>2025-12-29T17:04:14.318Z</time>
      </trkpt>
      <trkpt lat="55.673921" lon="11.818607">
        <ele>10.509383</ele>
        <time>2025-12-29T17:04:18.490Z</time>
      </trkpt>
      <trkpt lat="55.673954" lon="11.817968">
        <ele>9.137597</ele>
        <time>2025-12-29T17:04:21.978Z</time>
      </trkpt>
      <trkpt lat="55.673897" lon="11.817215">
        <ele>7.513376</ele>
        <time>2025-12-29T17:04:26.163Z</time>
      </trkpt>
      <trkpt lat="55.673801" lon="11.816521">
        <ele>5.985737</ele>
        <time>2025-12-29T17:04:30.090Z</time>
      </trkpt>
      <trkpt lat="55.673796" lon="11.816483">
        <ele>5.902317</ele>
        <time>2025-12-29T17:04:30.303Z</time>
      </trkpt>
      <trkpt lat="55.673736" lon="11.816069">
        <ele>4.988491</ele>
        <time>2025-12-29T17:04:32.674Z</time>
      </trkpt>
      <trkpt lat="55.673682" lon="11.815573">
        <ele>4.022873</ele>
        <time>2025-12-29T17:04:35.517Z</time>
      </trkpt>
      <trkpt lat="55.673656" lon="11.815309">
        <ele>3.723571</ele>
        <time>2025-12-29T17:04:37.059Z</time>
      </trkpt>
      <trkpt lat="55.673654" lon="11.815190">
        <ele>3.590610</ele>
        <time>2025-12-29T17:04:37.745Z</time>
      </trkpt>
      <trkpt lat="55.673637" lon="11.813275">
        <ele>1.451642</ele>
        <time>2025-12-29T17:04:49.620Z</time>
      </trkpt>
      <trkpt lat="55.673631" lon="11.811212">
        <ele>0.386050</ele>
        <time>2025-12-29T17:05:04.403Z</time>
      </trkpt>
      <trkpt lat="55.673625" lon="11.808522">
        <ele>0.404839</ele>
        <time>2025-12-29T17:05:27.403Z</time>
      </trkpt>
      <trkpt lat="55.673657" lon="11.808247">
        <ele>0.516610</ele>
        <time>2025-12-29T17:05:29.984Z</time>
      </trkpt>
      <trkpt lat="55.673715" lon="11.807985">
        <ele>0.628649</ele>
        <time>2025-12-29T17:05:32.631Z</time>
      </trkpt>
      <trkpt lat="55.673797" lon="11.807745">
        <ele>0.740349</ele>
        <time>2025-12-29T17:05:35.381Z</time>
      </trkpt>
      <trkpt lat="55.673901" lon="11.807534">
        <ele>0.851899</ele>
        <time>2025-12-29T17:05:38.242Z</time>
      </trkpt>
      <trkpt lat="55.674025" lon="11.807357">
        <ele>0.964262</ele>
        <time>2025-12-29T17:05:41.217Z</time>
      </trkpt>
      <trkpt lat="55.674163" lon="11.807221">
        <ele>1.075706</ele>
        <time>2025-12-29T17:05:44.303Z</time>
      </trkpt>
      <trkpt lat="55.674601" lon="11.806985">
        <ele>1.386848</ele>
        <time>2025-12-29T17:05:53.836Z</time>
      </trkpt>
      <trkpt lat="55.675666" lon="11.806420">
        <ele>1.924285</ele>
        <time>2025-12-29T17:06:15.166Z</time>
      </trkpt>
      <trkpt lat="55.675910" lon="11.806240">
        <ele>2.052050</ele>
        <time>2025-12-29T17:06:19.101Z</time>
      </trkpt>
      <trkpt lat="55.676970" lon="11.805251">
        <ele>1.534187</ele>
        <time>2025-12-29T17:06:33.694Z</time>
      </trkpt>
      <trkpt lat="55.677246" lon="11.805051">
        <ele>1.283783</ele>
        <time>2025-12-29T17:06:37.247Z</time>
      </trkpt>
      <trkpt lat="55.677727" lon="11.804788">
        <ele>0.861048</ele>
        <time>2025-12-29T17:06:43.518Z</time>
      </trkpt>
      <trkpt lat="55.679495" lon="11.804294">
        <ele>0.297904</ele>
        <time>2025-12-29T17:07:08.010Z</time>
      </trkpt>
      <trkpt lat="55.680073" lon="11.804013">
        <ele>0.768726</ele>
        <time>2025-12-29T17:07:17.307Z</time>
      </trkpt>
      <trkpt lat="55.680294" lon="11.803867">
        <ele>1.057414</ele>
        <time>2025-12-29T17:07:21.601Z</time>
      </trkpt>
      <trkpt lat="55.680671" lon="11.803618">
        <ele>1.549867</ele>
        <time>2025-12-29T17:07:29.707Z</time>
      </trkpt>
      <trkpt lat="55.680717" lon="11.803694">
        <ele>1.626822</ele>
        <time>2025-12-29T17:07:31.061Z</time>
      </trkpt>
      <trkpt lat="55.680954" lon="11.803514">
        <ele>1.942418</ele>
        <time>2025-12-29T17:07:36.812Z</time>
      </trkpt>
      <trkpt lat="55.681171" lon="11.803350">
        <ele>2.231162</ele>
        <time>2025-12-29T17:07:42.381Z</time>
      </trkpt>
      <trkpt lat="55.681325" lon="11.803163">
        <ele>2.462800</ele>
        <time>2025-12-29T17:07:46.953Z</time>
      </trkpt>
      <trkpt lat="55.682172" lon="11.802195">
        <ele>4.347002</ele>
        <time>2025-12-29T17:08:10.180Z</time>
      </trkpt>
      <trkpt lat="55.682198" lon="11.802132">
        <ele>4.429315</ele>
        <time>2025-12-29T17:08:11.125Z</time>
      </trkpt>
      <trkpt lat="55.682222" lon="11.801945">
        <ele>4.631508</ele>
        <time>2025-12-29T17:08:13.453Z</time>
      </trkpt>
      <trkpt lat="55.682545" lon="11.801533">
        <ele>5.375480</ele>
        <time>2025-12-29T17:08:21.750Z</time>
      </trkpt>
      <trkpt lat="55.685371" lon="11.797672">
        <ele>11.140574</ele>
        <time>2025-12-29T17:09:38.460Z</time>
      </trkpt>
      <trkpt lat="55.686147" lon="11.796636">
        <ele>11.081770</ele>
        <time>2025-12-29T17:09:56.515Z</time>
      </trkpt>
      <trkpt lat="55.686589" lon="11.796040">
        <ele>10.718120</ele>
        <time>2025-12-29T17:10:03.535Z</time>
      </trkpt>
      <trkpt lat="55.687901" lon="11.794279">
        <ele>8.859182</ele>
        <time>2025-12-29T17:10:20.846Z</time>
      </trkpt>
      <trkpt lat="55.688561" lon="11.793556">
        <ele>8.194304</ele>
        <time>2025-12-29T17:10:30.972Z</time>
      </trkpt>
      <trkpt lat="55.689523" lon="11.792608">
        <ele>11.833987</ele>
        <time>2025-12-29T17:11:00.736Z</time>
      </trkpt>
      <trkpt lat="55.690283" lon="11.791738">
        <ele>15.066787</ele>
        <time>2025-12-29T17:11:33.845Z</time>
      </trkpt>
      <trkpt lat="55.690603" lon="11.791274">
        <ele>16.777537</ele>
        <time>2025-12-29T17:11:48.494Z</time>
      </trkpt>
      <trkpt lat="55.690618" lon="11.791251">
        <ele>16.859605</ele>
        <time>2025-12-29T17:11:49.187Z</time>
      </trkpt>
      <trkpt lat="55.690857" lon="11.790904">
        <ele>18.137983</ele>
        <time>2025-12-29T17:11:59.432Z</time>
      </trkpt>
      <trkpt lat="55.691768" lon="11.789126">
        <ele>22.302535</ele>
        <time>2025-12-29T17:12:35.452Z</time>
      </trkpt>
      <trkpt lat="55.692574" lon="11.787828">
        <ele>24.137978</ele>
        <time>2025-12-29T17:12:57.338Z</time>
      </trkpt>
      <trkpt lat="55.693320" lon="11.786888">
        <ele>24.151338</ele>
        <time>2025-12-29T17:13:11.867Z</time>
      </trkpt>
      <trkpt lat="55.695026" lon="11.784943">
        <ele>23.194127</ele>
        <time>2025-12-29T17:13:37.342Z</time>
      </trkpt>
      <trkpt lat="55.695690" lon="11.784206">
        <ele>22.652337</ele>
        <time>2025-12-29T17:13:47.363Z</time>
      </trkpt>
      <trkpt lat="55.696542" lon="11.783259">
        <ele>22.593816</ele>
        <time>2025-12-29T17:14:01.829Z</time>
      </trkpt>
      <trkpt lat="55.697894" lon="11.781734">
        <ele>22.602435</ele>
        <time>2025-12-29T17:14:26.716Z</time>
      </trkpt>
      <trkpt lat="55.698499" lon="11.781051">
        <ele>22.650319</ele>
        <time>2025-12-29T17:14:37.164Z</time>
      </trkpt>
      <trkpt lat="55.699013" lon="11.780473">
        <ele>22.671117</ele>
        <time>2025-12-29T17:14:46.048Z</time>
      </trkpt>
      <trkpt lat="55.699469" lon="11.779965">
        <ele>22.675841</ele>
        <time>2025-12-29T17:14:54.314Z</time>
      </trkpt>
      <trkpt lat="55.699784" lon="11.779614">
        <ele>22.679105</ele>
        <time>2025-12-29T17:14:59.667Z</time>
      </trkpt>
      <trkpt lat="55.700145" lon="11.779203">
        <ele>22.682868</ele>
        <time>2025-12-29T17:15:05.689Z</time>
      </trkpt>
      <trkpt lat="55.699784" lon="11.779614">
        <ele>22.682379</ele>
        <time>2025-12-29T17:15:12.426Z</time>
      </trkpt>
      <trkpt lat="55.699860" lon="11.779748">
        <ele>22.681856</ele>
        <time>2025-12-29T17:15:14.106Z</time>
      </trkpt>
      <trkpt lat="55.699991" lon="11.779883">
        <ele>22.681118</ele>
        <time>2025-12-29T17:15:16.522Z</time>
      </trkpt>
      <trkpt lat="55.700110" lon="11.779953">
        <ele>22.680507</ele>
        <time>2025-12-29T17:15:18.471Z</time>
      </trkpt>
      <trkpt lat="55.700239" lon="11.779953">
        <ele>22.679878</ele>
        <time>2025-12-29T17:15:20.451Z</time>
      </trkpt>
      <trkpt lat="55.700462" lon="11.779814">
        <ele>22.678726</ele>
        <time>2025-12-29T17:15:23.915Z</time>
      </trkpt>
      <trkpt lat="55.700828" lon="11.779514">
        <ele>22.676760</ele>
        <time>2025-12-29T17:15:29.674Z</time>
      </trkpt>
      <trkpt lat="55.700959" lon="11.779406">
        <ele>22.676056</ele>
        <time>2025-12-29T17:15:31.801Z</time>
      </trkpt>
      <trkpt lat="55.701698" lon="11.778719">
        <ele>22.676387</ele>
        <time>2025-12-29T17:15:43.816Z</time>
      </trkpt>
      <trkpt lat="55.702128" lon="11.778376">
        <ele>22.677307</ele>
        <time>2025-12-29T17:15:50.183Z</time>
      </trkpt>
      <trkpt lat="55.702728" lon="11.777981">
        <ele>22.678556</ele>
        <time>2025-12-29T17:15:59.748Z</time>
      </trkpt>
      <trkpt lat="55.703680" lon="11.777471">
        <ele>23.697438</ele>
        <time>2025-12-29T17:16:18.631Z</time>
      </trkpt>
      <trkpt lat="55.703727" lon="11.777449">
        <ele>23.749494</ele>
        <time>2025-12-29T17:16:19.644Z</time>
      </trkpt>
      <trkpt lat="55.703873" lon="11.777388">
        <ele>23.910128</ele>
        <time>2025-12-29T17:16:22.735Z</time>
      </trkpt>
      <trkpt lat="55.704088" lon="11.777299">
        <ele>24.146564</ele>
        <time>2025-12-29T17:16:27.282Z</time>
      </trkpt>
      <trkpt lat="55.704478" lon="11.777163">
        <ele>24.572223</ele>
        <time>2025-12-29T17:16:35.349Z</time>
      </trkpt>
      <trkpt lat="55.704618" lon="11.777022">
        <ele>24.754718</ele>
        <time>2025-12-29T17:16:38.586Z</time>
      </trkpt>
      <trkpt lat="55.704631" lon="11.776922">
        <ele>24.821125</ele>
        <time>2025-12-29T17:16:39.716Z</time>
      </trkpt>
      <trkpt lat="55.704587" lon="11.776383">
        <ele>25.173537</ele>
        <time>2025-12-29T17:16:45.651Z</time>
      </trkpt>
      <trkpt lat="55.704530" lon="11.775782">
        <ele>25.567897</ele>
        <time>2025-12-29T17:16:52.318Z</time>
      </trkpt>
      <trkpt lat="55.704497" lon="11.775488">
        <ele>25.761874</ele>
        <time>2025-12-29T17:16:55.568Z</time>
      </trkpt>
      <trkpt lat="55.704491" lon="11.775129">
        <ele>25.994275</ele>
        <time>2025-12-29T17:16:59.465Z</time>
      </trkpt>
      <trkpt lat="55.704553" lon="11.774814">
        <ele>26.210180</ele>
        <time>2025-12-29T17:17:03.097Z</time>
      </trkpt>
      <trkpt lat="55.704757" lon="11.774306">
        <ele>26.613831</ele>
        <time>2025-12-29T17:17:10.076Z</time>
      </trkpt>
      <trkpt lat="55.705183" lon="11.773345">
        <ele>27.148446</ele>
        <time>2025-12-29T17:17:22.619Z</time>
      </trkpt>
      <trkpt lat="55.705276" lon="11.773198">
        <ele>27.241507</ele>
        <time>2025-12-29T17:17:24.764Z</time>
      </trkpt>
      <trkpt lat="55.705450" lon="11.773010">
        <ele>27.393730</ele>
        <time>2025-12-29T17:17:28.305Z</time>
      </trkpt>
      <trkpt lat="55.705485" lon="11.772974">
        <ele>27.423959</ele>
        <time>2025-12-29T17:17:28.974Z</time>
      </trkpt>
      <trkpt lat="55.705702" lon="11.772742">
        <ele>27.613264</ele>
        <time>2025-12-29T17:17:33.125Z</time>
      </trkpt>
      <trkpt lat="55.705896" lon="11.772548">
        <ele>27.779660</ele>
        <time>2025-12-29T17:17:36.816Z</time>
      </trkpt>
      <trkpt lat="55.706191" lon="11.772229">
        <ele>28.033043</ele>
        <time>2025-12-29T17:17:42.927Z</time>
      </trkpt>
      <trkpt lat="55.706389" lon="11.771923">
        <ele>28.189191</ele>
        <time>2025-12-29T17:17:47.875Z</time>
      </trkpt>
      <trkpt lat="55.706469" lon="11.772027">
        <ele>28.248169</ele>
        <time>2025-12-29T17:17:49.731Z</time>
      </trkpt>
      <trkpt lat="55.706607" lon="11.772096">
        <ele>28.333439</ele>
        <time>2025-12-29T17:17:52.450Z</time>
      </trkpt>
      <trkpt lat="55.706893" lon="11.772123">
        <ele>28.503777</ele>
        <time>2025-12-29T17:17:57.901Z</time>
      </trkpt>
      <trkpt lat="55.706963" lon="11.772129">
        <ele>28.545458</ele>
        <time>2025-12-29T17:17:59.324Z</time>
      </trkpt>
      <trkpt lat="55.707221" lon="11.772153">
        <ele>28.699114</ele>
        <time>2025-12-29T17:18:04.256Z</time>
      </trkpt>
      <trkpt lat="55.707408" lon="11.772164">
        <ele>28.810393</ele>
        <time>2025-12-29T17:18:07.757Z</time>
      </trkpt>
      <trkpt lat="55.707540" lon="11.772172">
        <ele>28.888945</ele>
        <time>2025-12-29T17:18:10.052Z</time>
      </trkpt>
      <trkpt lat="55.707594" lon="11.772175">
        <ele>28.921078</ele>
        <time>2025-12-29T17:18:10.968Z</time>
      </trkpt>
      <trkpt lat="55.707652" lon="11.772179">
        <ele>28.955599</ele>
        <time>2025-12-29T17:18:11.896Z</time>
      </trkpt>
      <trkpt lat="55.707746" lon="11.772186">
        <ele>29.011555</ele>
        <time>2025-12-29T17:18:13.394Z</time>
      </trkpt>
      <trkpt lat="55.708222" lon="11.772310">
        <ele>28.619940</ele>
        <time>2025-12-29T17:18:19.620Z</time>
      </trkpt>
      <trkpt lat="55.708571" lon="11.772410">
        <ele>28.162572</ele>
        <time>2025-12-29T17:18:23.571Z</time>
      </trkpt>
      <trkpt lat="55.709449" lon="11.772629">
        <ele>27.015489</ele>
        <time>2025-12-29T17:18:33.512Z</time>
      </trkpt>
      <trkpt lat="55.709803" lon="11.772729">
        <ele>26.567769</ele>
        <time>2025-12-29T17:18:37.605Z</time>
      </trkpt>
      <trkpt lat="55.712792" lon="11.773568">
        <ele>23.151375</ele>
        <time>2025-12-29T17:19:14.238Z</time>
      </trkpt>
      <trkpt lat="55.713489" lon="11.773991">
        <ele>22.162058</ele>
        <time>2025-12-29T17:19:23.333Z</time>
      </trkpt>
      <trkpt lat="55.713624" lon="11.774029">
        <ele>21.928145</ele>
        <time>2025-12-29T17:19:24.975Z</time>
      </trkpt>
      <trkpt lat="55.714324" lon="11.773973">
        <ele>20.729017</ele>
        <time>2025-12-29T17:19:32.926Z</time>
      </trkpt>
      <trkpt lat="55.714683" lon="11.773953">
        <ele>20.114357</ele>
        <time>2025-12-29T17:19:36.810Z</time>
      </trkpt>
      <trkpt lat="55.715080" lon="11.773905">
        <ele>19.328200</ele>
        <time>2025-12-29T17:19:41.014Z</time>
      </trkpt>
      <trkpt lat="55.717792" lon="11.773236">
        <ele>12.358691</ele>
        <time>2025-12-29T17:20:09.770Z</time>
      </trkpt>
      <trkpt lat="55.718123" lon="11.772941">
        <ele>11.440244</ele>
        <time>2025-12-29T17:20:13.710Z</time>
      </trkpt>
      <trkpt lat="55.718333" lon="11.772810">
        <ele>10.888267</ele>
        <time>2025-12-29T17:20:16.102Z</time>
      </trkpt>
      <trkpt lat="55.718467" lon="11.772783">
        <ele>10.553837</ele>
        <time>2025-12-29T17:20:17.556Z</time>
      </trkpt>
      <trkpt lat="55.718721" lon="11.772684">
        <ele>9.935570</ele>
        <time>2025-12-29T17:20:20.355Z</time>
      </trkpt>
      <trkpt lat="55.718948" lon="11.772553">
        <ele>9.369188</ele>
        <time>2025-12-29T17:20:22.910Z</time>
      </trkpt>
      <trkpt lat="55.719176" lon="11.772349">
        <ele>8.763355</ele>
        <time>2025-12-29T17:20:25.633Z</time>
      </trkpt>
      <trkpt lat="55.719318" lon="11.772140">
        <ele>8.325680</ele>
        <time>2025-12-29T17:20:27.578Z</time>
      </trkpt>
      <trkpt lat="55.719393" lon="11.771940">
        <ele>8.004554</ele>
        <time>2025-12-29T17:20:28.999Z</time>
      </trkpt>
      <trkpt lat="55.719448" lon="11.771671">
        <ele>7.622078</ele>
        <time>2025-12-29T17:20:30.692Z</time>
      </trkpt>
      <trkpt lat="55.719469" lon="11.771423">
        <ele>7.286900</ele>
        <time>2025-12-29T17:20:32.187Z</time>
      </trkpt>
      <trkpt lat="55.719519" lon="11.771180">
        <ele>6.941137</ele>
        <time>2025-12-29T17:20:33.722Z</time>
      </trkpt>
      <trkpt lat="55.719593" lon="11.771018">
        <ele>6.662370</ele>
        <time>2025-12-29T17:20:34.973Z</time>
      </trkpt>
      <trkpt lat="55.719671" lon="11.770920">
        <ele>6.435630</ele>
        <time>2025-12-29T17:20:36.002Z</time>
      </trkpt>
      <trkpt lat="55.719843" lon="11.770731">
        <ele>6.086980</ele>
        <time>2025-12-29T17:20:38.183Z</time>
      </trkpt>
      <trkpt lat="55.719904" lon="11.770516">
        <ele>5.905009</ele>
        <time>2025-12-29T17:20:39.647Z</time>
      </trkpt>
      <trkpt lat="55.719913" lon="11.770328">
        <ele>5.762390</ele>
        <time>2025-12-29T17:20:40.797Z</time>
      </trkpt>
      <trkpt lat="55.719816" lon="11.769724">
        <ele>5.287635</ele>
        <time>2025-12-29T17:20:44.748Z</time>
      </trkpt>
      <trkpt lat="55.719791" lon="11.769589">
        <ele>5.180216</ele>
        <time>2025-12-29T17:20:45.643Z</time>
      </trkpt>
      <trkpt lat="55.719615" lon="11.768572">
        <ele>4.376003</ele>
        <time>2025-12-29T17:20:52.837Z</time>
      </trkpt>
      <trkpt lat="55.719365" lon="11.766970">
        <ele>3.758110</ele>
        <time>2025-12-29T17:21:05.606Z</time>
      </trkpt>
      <trkpt lat="55.719334" lon="11.766611">
        <ele>3.725532</ele>
        <time>2025-12-29T17:21:08.616Z</time>
      </trkpt>
      <trkpt lat="55.719317" lon="11.766427">
        <ele>3.708807</ele>
        <time>2025-12-29T17:21:10.173Z</time>
      </trkpt>
      <trkpt lat="55.719304" lon="11.762447">
        <ele>3.594937</ele>
        <time>2025-12-29T17:21:43.045Z</time>
      </trkpt>
      <trkpt lat="55.719312" lon="11.761591">
        <ele>3.608841</ele>
        <time>2025-12-29T17:21:50.584Z</time>
      </trkpt>
      <trkpt lat="55.719312" lon="11.761474">
        <ele>3.607784</ele>
        <time>2025-12-29T17:21:51.611Z</time>
      </trkpt>
      <trkpt lat="55.719317" lon="11.761392">
        <ele>3.605863</ele>
        <time>2025-12-29T17:21:52.318Z</time>
      </trkpt>
      <trkpt lat="55.719326" lon="11.761265">
        <ele>3.602883</ele>
        <time>2025-12-29T17:21:53.488Z</time>
      </trkpt>
      <trkpt lat="55.719379" lon="11.760795">
        <ele>3.591721</ele>
        <time>2025-12-29T17:21:57.684Z</time>
      </trkpt>
      <trkpt lat="55.719551" lon="11.759673">
        <ele>3.564645</ele>
        <time>2025-12-29T17:22:07.856Z</time>
      </trkpt>
      <trkpt lat="55.719743" lon="11.758956">
        <ele>3.546158</ele>
        <time>2025-12-29T17:22:14.511Z</time>
      </trkpt>
      <trkpt lat="55.720283" lon="11.757468">
        <ele>3.189005</ele>
        <time>2025-12-29T17:22:27.314Z</time>
      </trkpt>
      <trkpt lat="55.720397" lon="11.757173">
        <ele>3.093603</ele>
        <time>2025-12-29T17:22:29.884Z</time>
      </trkpt>
      <trkpt lat="55.720449" lon="11.757035">
        <ele>3.049328</ele>
        <time>2025-12-29T17:22:31.095Z</time>
      </trkpt>
      <trkpt lat="55.720562" lon="11.756734">
        <ele>2.952867</ele>
        <time>2025-12-29T17:22:33.738Z</time>
      </trkpt>
      <trkpt lat="55.720709" lon="11.756301">
        <ele>2.818049</ele>
        <time>2025-12-29T17:22:37.595Z</time>
      </trkpt>
      <trkpt lat="55.720712" lon="11.756293">
        <ele>2.815486</ele>
        <time>2025-12-29T17:22:37.669Z</time>
      </trkpt>
      <trkpt lat="55.720729" lon="11.756234">
        <ele>2.797814</ele>
        <time>2025-12-29T17:22:38.208Z</time>
      </trkpt>
      <trkpt lat="55.720806" lon="11.755975">
        <ele>2.719718</ele>
        <time>2025-12-29T17:22:40.526Z</time>
      </trkpt>
      <trkpt lat="55.720855" lon="11.755807">
        <ele>2.675640</ele>
        <time>2025-12-29T17:22:42.010Z</time>
      </trkpt>
      <trkpt lat="55.720931" lon="11.755520">
        <ele>2.628671</ele>
        <time>2025-12-29T17:22:44.554Z</time>
      </trkpt>
      <trkpt lat="55.720940" lon="11.755485">
        <ele>2.622973</ele>
        <time>2025-12-29T17:22:44.873Z</time>
      </trkpt>
      <trkpt lat="55.720967" lon="11.755368">
        <ele>2.604247</ele>
        <time>2025-12-29T17:22:45.888Z</time>
      </trkpt>
      <trkpt lat="55.721000" lon="11.755218">
        <ele>2.580397</ele>
        <time>2025-12-29T17:22:47.224Z</time>
      </trkpt>
      <trkpt lat="55.721113" lon="11.754661">
        <ele>2.492717</ele>
        <time>2025-12-29T17:22:52.244Z</time>
      </trkpt>
      <trkpt lat="55.721134" lon="11.754555">
        <ele>2.476076</ele>
        <time>2025-12-29T17:22:53.187Z</time>
      </trkpt>
      <trkpt lat="55.721207" lon="11.754070">
        <ele>2.401727</ele>
        <time>2025-12-29T17:22:57.253Z</time>
      </trkpt>
      <trkpt lat="55.721264" lon="11.753593">
        <ele>2.329510</ele>
        <time>2025-12-29T17:23:01.080Z</time>
      </trkpt>
      <trkpt lat="55.721285" lon="11.753414">
        <ele>2.302432</ele>
        <time>2025-12-29T17:23:02.494Z</time>
      </trkpt>
      <trkpt lat="55.721303" lon="11.753259">
        <ele>2.278993</ele>
        <time>2025-12-29T17:23:03.714Z</time>
      </trkpt>
      <trkpt lat="55.721311" lon="11.753188">
        <ele>2.268270</ele>
        <time>2025-12-29T17:23:04.269Z</time>
      </trkpt>
      <trkpt lat="55.721324" lon="11.753087">
        <ele>2.252926</ele>
        <time>2025-12-29T17:23:05.047Z</time>
      </trkpt>
      <trkpt lat="55.721407" lon="11.752406">
        <ele>2.086042</ele>
        <time>2025-12-29T17:23:10.133Z</time>
      </trkpt>
      <trkpt lat="55.721428" lon="11.752227">
        <ele>2.030645</ele>
        <time>2025-12-29T17:23:11.444Z</time>
      </trkpt>
      <trkpt lat="55.721433" lon="11.752187">
        <ele>2.018231</ele>
        <time>2025-12-29T17:23:11.742Z</time>
      </trkpt>
      <trkpt lat="55.721458" lon="11.751981">
        <ele>1.954384</ele>
        <time>2025-12-29T17:23:13.257Z</time>
      </trkpt>
      <trkpt lat="55.721467" lon="11.751907">
        <ele>1.931447</ele>
        <time>2025-12-29T17:23:13.807Z</time>
      </trkpt>
      <trkpt lat="55.721486" lon="11.751748">
        <ele>1.882201</ele>
        <time>2025-12-29T17:23:14.989Z</time>
      </trkpt>
      <trkpt lat="55.721497" lon="11.751663">
        <ele>1.855777</ele>
        <time>2025-12-29T17:23:15.632Z</time>
      </trkpt>
      <trkpt lat="55.721508" lon="11.751568">
        <ele>1.826392</ele>
        <time>2025-12-29T17:23:16.353Z</time>
      </trkpt>
      <trkpt lat="55.721531" lon="11.751382">
        <ele>1.768695</ele>
        <time>2025-12-29T17:23:17.749Z</time>
      </trkpt>
      <trkpt lat="55.721574" lon="11.751036">
        <ele>1.661343</ele>
        <time>2025-12-29T17:23:20.370Z</time>
      </trkpt>
      <trkpt lat="55.721581" lon="11.750975">
        <ele>1.642482</ele>
        <time>2025-12-29T17:23:20.824Z</time>
      </trkpt>
      <trkpt lat="55.721604" lon="11.750780">
        <ele>1.582119</ele>
        <time>2025-12-29T17:23:22.297Z</time>
      </trkpt>
      <trkpt lat="55.721643" lon="11.750455">
        <ele>1.481441</ele>
        <time>2025-12-29T17:23:24.738Z</time>
      </trkpt>
      <trkpt lat="55.721654" lon="11.750360">
        <ele>1.452057</ele>
        <time>2025-12-29T17:23:25.452Z</time>
      </trkpt>
      <trkpt lat="55.721661" lon="11.750299">
        <ele>1.433195</ele>
        <time>2025-12-29T17:23:25.917Z</time>
      </trkpt>
      <trkpt lat="55.721679" lon="11.750116">
        <ele>1.376911</ele>
        <time>2025-12-29T17:23:27.292Z</time>
      </trkpt>
      <trkpt lat="55.721686" lon="11.750020">
        <ele>1.347583</ele>
        <time>2025-12-29T17:23:28.017Z</time>
      </trkpt>
      <trkpt lat="55.721708" lon="11.749749">
        <ele>1.264627</ele>
        <time>2025-12-29T17:23:30.048Z</time>
      </trkpt>
      <trkpt lat="55.721735" lon="11.749413">
        <ele>1.212363</ele>
        <time>2025-12-29T17:23:32.611Z</time>
      </trkpt>
      <trkpt lat="55.721738" lon="11.749379">
        <ele>1.208423</ele>
        <time>2025-12-29T17:23:32.877Z</time>
      </trkpt>
      <trkpt lat="55.721751" lon="11.748981">
        <ele>1.162786</ele>
        <time>2025-12-29T17:23:35.953Z</time>
      </trkpt>
      <trkpt lat="55.721755" lon="11.748819">
        <ele>1.144223</ele>
        <time>2025-12-29T17:23:37.205Z</time>
      </trkpt>
      <trkpt lat="55.721764" lon="11.748318">
        <ele>1.086842</ele>
        <time>2025-12-29T17:23:41.155Z</time>
      </trkpt>
      <trkpt lat="55.721761" lon="11.748087">
        <ele>1.060392</ele>
        <time>2025-12-29T17:23:42.941Z</time>
      </trkpt>
      <trkpt lat="55.721757" lon="11.747825">
        <ele>1.030388</ele>
        <time>2025-12-29T17:23:44.964Z</time>
      </trkpt>
      <trkpt lat="55.721755" lon="11.747660">
        <ele>1.011496</ele>
        <time>2025-12-29T17:23:46.224Z</time>
      </trkpt>
      <trkpt lat="55.721749" lon="11.747373">
        <ele>0.978619</ele>
        <time>2025-12-29T17:23:48.452Z</time>
      </trkpt>
      <trkpt lat="55.721724" lon="11.747027">
        <ele>0.938686</ele>
        <time>2025-12-29T17:23:51.243Z</time>
      </trkpt>
      <trkpt lat="55.721711" lon="11.746847">
        <ele>0.917912</ele>
        <time>2025-12-29T17:23:52.736Z</time>
      </trkpt>
      <trkpt lat="55.721651" lon="11.746064">
        <ele>0.953452</ele>
        <time>2025-12-29T17:23:59.720Z</time>
      </trkpt>
      <trkpt lat="55.721633" lon="11.745902">
        <ele>0.982146</ele>
        <time>2025-12-29T17:24:01.233Z</time>
      </trkpt>
      <trkpt lat="55.721609" lon="11.745726">
        <ele>1.013613</ele>
        <time>2025-12-29T17:24:02.898Z</time>
      </trkpt>
      <trkpt lat="55.721598" lon="11.745644">
        <ele>1.028261</ele>
        <time>2025-12-29T17:24:03.690Z</time>
      </trkpt>
      <trkpt lat="55.721577" lon="11.745515">
        <ele>1.051596</ele>
        <time>2025-12-29T17:24:04.935Z</time>
      </trkpt>
      <trkpt lat="55.721516" lon="11.745124">
        <ele>1.122099</ele>
        <time>2025-12-29T17:24:08.703Z</time>
      </trkpt>
      <trkpt lat="55.721482" lon="11.744905">
        <ele>1.161575</ele>
        <time>2025-12-29T17:24:10.812Z</time>
      </trkpt>
      <trkpt lat="55.721457" lon="11.744741">
        <ele>1.191099</ele>
        <time>2025-12-29T17:24:12.415Z</time>
      </trkpt>
      <trkpt lat="55.721438" lon="11.744618">
        <ele>1.213262</ele>
        <time>2025-12-29T17:24:13.604Z</time>
      </trkpt>
      <trkpt lat="55.721420" lon="11.744527">
        <ele>1.230023</ele>
        <time>2025-12-29T17:24:14.517Z</time>
      </trkpt>
      <trkpt lat="55.721374" lon="11.744286">
        <ele>1.274241</ele>
        <time>2025-12-29T17:24:16.948Z</time>
      </trkpt>
      <trkpt lat="55.721363" lon="11.744226">
        <ele>1.285206</ele>
        <time>2025-12-29T17:24:17.558Z</time>
      </trkpt>
      <trkpt lat="55.721299" lon="11.743891">
        <ele>1.346678</ele>
        <time>2025-12-29T17:24:20.895Z</time>
      </trkpt>
      <trkpt lat="55.721267" lon="11.743729">
        <ele>1.376511</ele>
        <time>2025-12-29T17:24:22.512Z</time>
      </trkpt>
      <trkpt lat="55.721146" lon="11.743194">
        <ele>1.425461</ele>
        <time>2025-12-29T17:24:27.703Z</time>
      </trkpt>
      <trkpt lat="55.721129" lon="11.743118">
        <ele>1.423220</ele>
        <time>2025-12-29T17:24:28.390Z</time>
      </trkpt>
      <trkpt lat="55.721024" lon="11.742611">
        <ele>1.408419</ele>
        <time>2025-12-29T17:24:32.825Z</time>
      </trkpt>
      <trkpt lat="55.720990" lon="11.742467">
        <ele>1.404140</ele>
        <time>2025-12-29T17:24:34.119Z</time>
      </trkpt>
      <trkpt lat="55.720953" lon="11.742308">
        <ele>1.399426</ele>
        <time>2025-12-29T17:24:35.494Z</time>
      </trkpt>
      <trkpt lat="55.720870" lon="11.741956">
        <ele>1.388970</ele>
        <time>2025-12-29T17:24:38.478Z</time>
      </trkpt>
      <trkpt lat="55.720780" lon="11.741542">
        <ele>1.376810</ele>
        <time>2025-12-29T17:24:41.976Z</time>
      </trkpt>
      <trkpt lat="55.720734" lon="11.741331">
        <ele>1.370610</ele>
        <time>2025-12-29T17:24:43.790Z</time>
      </trkpt>
      <trkpt lat="55.720699" lon="11.741172">
        <ele>1.365933</ele>
        <time>2025-12-29T17:24:45.149Z</time>
      </trkpt>
      <trkpt lat="55.720675" lon="11.741064">
        <ele>1.362751</ele>
        <time>2025-12-29T17:24:46.096Z</time>
      </trkpt>
      <trkpt lat="55.720634" lon="11.740870">
        <ele>1.357074</ele>
        <time>2025-12-29T17:24:47.774Z</time>
      </trkpt>
      <trkpt lat="55.720570" lon="11.740566">
        <ele>1.348181</ele>
        <time>2025-12-29T17:24:50.417Z</time>
      </trkpt>
      <trkpt lat="55.720505" lon="11.740261">
        <ele>1.370770</ele>
        <time>2025-12-29T17:24:53.042Z</time>
      </trkpt>
      <trkpt lat="55.720490" lon="11.740184">
        <ele>1.380907</ele>
        <time>2025-12-29T17:24:53.705Z</time>
      </trkpt>
      <trkpt lat="55.720458" lon="11.740028">
        <ele>1.401565</ele>
        <time>2025-12-29T17:24:55.069Z</time>
      </trkpt>
      <trkpt lat="55.720436" lon="11.739930">
        <ele>1.414691</ele>
        <time>2025-12-29T17:24:55.923Z</time>
      </trkpt>
      <trkpt lat="55.720357" lon="11.739569">
        <ele>1.462879</ele>
        <time>2025-12-29T17:24:59.155Z</time>
      </trkpt>
      <trkpt lat="55.720342" lon="11.739496">
        <ele>1.472547</ele>
        <time>2025-12-29T17:24:59.798Z</time>
      </trkpt>
      <trkpt lat="55.720121" lon="11.738640">
        <ele>1.589710</ele>
        <time>2025-12-29T17:25:07.979Z</time>
      </trkpt>
      <trkpt lat="55.719689" lon="11.737482">
        <ele>1.756735</ele>
        <time>2025-12-29T17:25:21.360Z</time>
      </trkpt>
      <trkpt lat="55.719549" lon="11.736966">
        <ele>1.807611</ele>
        <time>2025-12-29T17:25:26.781Z</time>
      </trkpt>
      <trkpt lat="55.719543" lon="11.736930">
        <ele>1.810946</ele>
        <time>2025-12-29T17:25:27.133Z</time>
      </trkpt>
      <trkpt lat="55.719487" lon="11.736630">
        <ele>1.839020</ele>
        <time>2025-12-29T17:25:29.999Z</time>
      </trkpt>
      <trkpt lat="55.719434" lon="11.735975">
        <ele>1.897801</ele>
        <time>2025-12-29T17:25:35.904Z</time>
      </trkpt>
      <trkpt lat="55.719435" lon="11.735627">
        <ele>1.928713</ele>
        <time>2025-12-29T17:25:38.935Z</time>
      </trkpt>
      <trkpt lat="55.719444" lon="11.735269">
        <ele>1.960546</ele>
        <time>2025-12-29T17:25:41.999Z</time>
      </trkpt>
      <trkpt lat="55.719453" lon="11.734986">
        <ele>1.985724</ele>
        <time>2025-12-29T17:25:44.367Z</time>
      </trkpt>
      <trkpt lat="55.719459" lon="11.734768">
        <ele>2.005112</ele>
        <time>2025-12-29T17:25:46.136Z</time>
      </trkpt>
      <trkpt lat="55.719460" lon="11.734702">
        <ele>2.010977</ele>
        <time>2025-12-29T17:25:46.662Z</time>
      </trkpt>
      <trkpt lat="55.719466" lon="11.734392">
        <ele>2.018337</ele>
        <time>2025-12-29T17:25:49.067Z</time>
      </trkpt>
      <trkpt lat="55.719468" lon="11.734148">
        <ele>2.005268</ele>
        <time>2025-12-29T17:25:50.895Z</time>
      </trkpt>
      <trkpt lat="55.719464" lon="11.733668">
        <ele>1.979557</ele>
        <time>2025-12-29T17:25:54.363Z</time>
      </trkpt>
      <trkpt lat="55.719456" lon="11.733398">
        <ele>1.965076</ele>
        <time>2025-12-29T17:25:56.313Z</time>
      </trkpt>
      <trkpt lat="55.719448" lon="11.733233">
        <ele>1.956206</ele>
        <time>2025-12-29T17:25:57.534Z</time>
      </trkpt>
      <trkpt lat="55.719426" lon="11.732831">
        <ele>1.934574</ele>
        <time>2025-12-29T17:26:00.623Z</time>
      </trkpt>
      <trkpt lat="55.719407" lon="11.732597">
        <ele>1.921912</ele>
        <time>2025-12-29T17:26:02.550Z</time>
      </trkpt>
      <trkpt lat="55.719384" lon="11.732352">
        <ele>1.908609</ele>
        <time>2025-12-29T17:26:04.654Z</time>
      </trkpt>
      <trkpt lat="55.719315" lon="11.731809">
        <ele>1.878796</ele>
        <time>2025-12-29T17:26:09.590Z</time>
      </trkpt>
      <trkpt lat="55.719245" lon="11.731411">
        <ele>1.856464</ele>
        <time>2025-12-29T17:26:13.424Z</time>
      </trkpt>
      <trkpt lat="55.719095" lon="11.730847">
        <ele>2.109389</ele>
        <time>2025-12-29T17:26:19.339Z</time>
      </trkpt>
      <trkpt lat="55.719067" lon="11.730766">
        <ele>2.150070</ele>
        <time>2025-12-29T17:26:20.272Z</time>
      </trkpt>
      <trkpt lat="55.718962" lon="11.730504">
        <ele>2.287710</ele>
        <time>2025-12-29T17:26:23.460Z</time>
      </trkpt>
      <trkpt lat="55.718708" lon="11.729945">
        <ele>2.595145</ele>
        <time>2025-12-29T17:26:31.065Z</time>
      </trkpt>
      <trkpt lat="55.718402" lon="11.729416">
        <ele>2.919728</ele>
        <time>2025-12-29T17:26:39.221Z</time>
      </trkpt>
      <trkpt lat="55.718379" lon="11.729380">
        <ele>2.943030</ele>
        <time>2025-12-29T17:26:39.799Z</time>
      </trkpt>
      <trkpt lat="55.718308" lon="11.729268">
        <ele>3.015210</ele>
        <time>2025-12-29T17:26:41.546Z</time>
      </trkpt>
      <trkpt lat="55.718240" lon="11.729153">
        <ele>3.086580</ele>
        <time>2025-12-29T17:26:43.217Z</time>
      </trkpt>
      <trkpt lat="55.718106" lon="11.728892">
        <ele>3.234041</ele>
        <time>2025-12-29T17:26:46.677Z</time>
      </trkpt>
      <trkpt lat="55.717715" lon="11.727878">
        <ele>3.637703</ele>
        <time>2025-12-29T17:26:58.719Z</time>
      </trkpt>
      <trkpt lat="55.717385" lon="11.726843">
        <ele>4.028383</ele>
        <time>2025-12-29T17:27:10.796Z</time>
      </trkpt>
      <trkpt lat="55.717286" lon="11.726486">
        <ele>4.159097</ele>
        <time>2025-12-29T17:27:14.782Z</time>
      </trkpt>
      <trkpt lat="55.717172" lon="11.725899">
        <ele>4.166879</ele>
        <time>2025-12-29T17:27:20.127Z</time>
      </trkpt>
      <trkpt lat="55.717149" lon="11.725675">
        <ele>4.082729</ele>
        <time>2025-12-29T17:27:21.907Z</time>
      </trkpt>
      <trkpt lat="55.717104" lon="11.725209">
        <ele>3.907993</ele>
        <time>2025-12-29T17:27:25.406Z</time>
      </trkpt>
      <trkpt lat="55.717081" lon="11.724891">
        <ele>3.789502</ele>
        <time>2025-12-29T17:27:27.766Z</time>
      </trkpt>
      <trkpt lat="55.717121" lon="11.724801">
        <ele>3.747133</ele>
        <time>2025-12-29T17:27:28.585Z</time>
      </trkpt>
      <trkpt lat="55.717823" lon="11.724654">
        <ele>3.283345</ele>
        <time>2025-12-29T17:27:37.234Z</time>
      </trkpt>
      <trkpt lat="55.718339" lon="11.724788">
        <ele>2.986835</ele>
        <time>2025-12-29T17:27:43.280Z</time>
      </trkpt>
      <trkpt lat="55.718539" lon="11.722472">
        <ele>2.385445</ele>
        <time>2025-12-29T17:28:01.128Z</time>
      </trkpt>
      <trkpt lat="55.718617" lon="11.721578">
        <ele>2.326990</ele>
        <time>2025-12-29T17:28:09.004Z</time>
      </trkpt>
      <trkpt lat="55.718178" lon="11.721569">
        <ele>2.422098</ele>
        <time>2025-12-29T17:28:15.930Z</time>
      </trkpt>
      <trkpt lat="55.718236" lon="11.720974">
        <ele>2.495780</ele>
        <time>2025-12-29T17:28:21.377Z</time>
      </trkpt>
      <trkpt lat="55.718358" lon="11.720325">
        <ele>2.579265</ele>
        <time>2025-12-29T17:28:27.662Z</time>
      </trkpt>
      <trkpt lat="55.718424" lon="11.719973">
        <ele>2.624534</ele>
        <time>2025-12-29T17:28:31.101Z</time>
      </trkpt>
      <trkpt lat="55.718479" lon="11.719618">
        <ele>2.666989</ele>
        <time>2025-12-29T17:28:34.355Z</time>
      </trkpt>
      <trkpt lat="55.718524" lon="11.718740">
        <ele>2.744385</ele>
        <time>2025-12-29T17:28:41.945Z</time>
      </trkpt>
      <trkpt lat="55.718561" lon="11.718255">
        <ele>2.787351</ele>
        <time>2025-12-29T17:28:46.140Z</time>
      </trkpt>
      <trkpt lat="55.718645" lon="11.717692">
        <ele>2.838481</ele>
        <time>2025-12-29T17:28:50.972Z</time>
      </trkpt>
      <trkpt lat="55.718910" lon="11.716550">
        <ele>2.984750</ele>
        <time>2025-12-29T17:29:01.568Z</time>
      </trkpt>
      <trkpt lat="55.719066" lon="11.715902">
        <ele>3.441743</ele>
        <time>2025-12-29T17:29:07.841Z</time>
      </trkpt>
      <trkpt lat="55.719389" lon="11.714579">
        <ele>4.376814</ele>
        <time>2025-12-29T17:29:21.870Z</time>
      </trkpt>
      <trkpt lat="55.719486" lon="11.714083">
        <ele>4.717296</ele>
        <time>2025-12-29T17:29:28.538Z</time>
      </trkpt>
      <trkpt lat="55.719588" lon="11.713207">
        <ele>5.825905</ele>
        <time>2025-12-29T17:29:41.709Z</time>
      </trkpt>
      <trkpt lat="55.719283" lon="11.713174">
        <ele>6.828837</ele>
        <time>2025-12-29T17:29:50.539Z</time>
      </trkpt>
      <trkpt lat="55.719074" lon="11.713109">
        <ele>7.525266</ele>
        <time>2025-12-29T17:29:57.035Z</time>
      </trkpt>
      <trkpt lat="55.718732" lon="11.713003">
        <ele>8.664760</ele>
        <time>2025-12-29T17:30:07.864Z</time>
      </trkpt>
      <trkpt lat="55.718351" lon="11.712979">
        <ele>9.916071</ele>
        <time>2025-12-29T17:30:19.895Z</time>
      </trkpt>
      <trkpt lat="55.718324" lon="11.712978">
        <ele>10.004710</ele>
        <time>2025-12-29T17:30:20.700Z</time>
      </trkpt>
      <trkpt lat="55.718045" lon="11.712957">
        <ele>10.915395</ele>
        <time>2025-12-29T17:30:28.516Z</time>
      </trkpt>
      <trkpt lat="55.717671" lon="11.712924">
        <ele>10.926508</ele>
        <time>2025-12-29T17:30:37.193Z</time>
      </trkpt>
      <trkpt lat="55.717534" lon="11.712840">
        <ele>10.930810</ele>
        <time>2025-12-29T17:30:39.961Z</time>
      </trkpt>
      <trkpt lat="55.717694" lon="11.711831">
        <ele>10.948334</ele>
        <time>2025-12-29T17:31:01.663Z</time>
      </trkpt>
      <trkpt lat="55.717837" lon="11.710898">
        <ele>10.964498</ele>
        <time>2025-12-29T17:31:19.416Z</time>
      </trkpt>
      <trkpt lat="55.718034" lon="11.709652">
        <ele>9.472036</ele>
        <time>2025-12-29T17:31:41.779Z</time>
      </trkpt>
      <trkpt lat="55.718091" lon="11.709313">
        <ele>8.963593</ele>
        <time>2025-12-29T17:31:47.840Z</time>
      </trkpt>
      <trkpt lat="55.718185" lon="11.708759">
        <ele>8.132065</ele>
        <time>2025-12-29T17:31:57.704Z</time>
      </trkpt>
      <trkpt lat="55.718242" lon="11.708582">
        <ele>7.839048</ele>
        <time>2025-12-29T17:32:01.172Z</time>
      </trkpt>
      <trkpt lat="55.718321" lon="11.708438">
        <ele>7.550157</ele>
        <time>2025-12-29T17:32:04.551Z</time>
      </trkpt>
      <trkpt lat="55.718372" lon="11.708374">
        <ele>7.390806</ele>
        <time>2025-12-29T17:32:06.431Z</time>
      </trkpt>
      <trkpt lat="55.718790" lon="11.707883">
        <ele>6.151618</ele>
        <time>2025-12-29T17:32:21.558Z</time>
      </trkpt>
      <trkpt lat="55.718820" lon="11.707721">
        <ele>5.942854</ele>
        <time>2025-12-29T17:32:24.442Z</time>
      </trkpt>
      <trkpt lat="55.718820" lon="11.706960">
        <ele>5.011237</ele>
        <time>2025-12-29T17:32:28.863Z</time>
      </trkpt>
      <trkpt lat="55.718821" lon="11.706766">
        <ele>4.773732</ele>
        <time>2025-12-29T17:32:29.989Z</time>
      </trkpt>
      <trkpt lat="55.718821" lon="11.706696">
        <ele>4.688038</ele>
        <time>2025-12-29T17:32:30.394Z</time>
      </trkpt>
      <trkpt lat="55.718824" lon="11.706274">
        <ele>4.171384</ele>
        <time>2025-12-29T17:32:32.884Z</time>
      </trkpt>
      <trkpt lat="55.718822" lon="11.706060">
        <ele>3.909369</ele>
        <time>2025-12-29T17:32:34.184Z</time>
      </trkpt>
      <trkpt lat="55.718820" lon="11.705931">
        <ele>3.751387</ele>
        <time>2025-12-29T17:32:34.983Z</time>
      </trkpt>
      <trkpt lat="55.719048" lon="11.705899">
        <ele>3.254296</ele>
        <time>2025-12-29T17:32:37.528Z</time>
      </trkpt>
      <trkpt lat="55.719265" lon="11.705958">
        <ele>2.777161</ele>
        <time>2025-12-29T17:32:40.075Z</time>
      </trkpt>
      <trkpt lat="55.719491" lon="11.705851">
        <ele>2.472782</ele>
        <time>2025-12-29T17:32:42.924Z</time>
      </trkpt>
      <trkpt lat="55.719511" lon="11.705749">
        <ele>2.474438</ele>
        <time>2025-12-29T17:32:43.700Z</time>
      </trkpt>
      <trkpt lat="55.719377" lon="11.705404">
        <ele>2.480863</ele>
        <time>2025-12-29T17:32:46.731Z</time>
      </trkpt>
      <trkpt lat="55.719076" lon="11.702500">
        <ele>2.677906</ele>
        <time>2025-12-29T17:33:14.107Z</time>
      </trkpt>
      <trkpt lat="55.719069" lon="11.702012">
        <ele>2.849641</ele>
        <time>2025-12-29T17:33:18.798Z</time>
      </trkpt>
      <trkpt lat="55.719009" lon="11.700914">
        <ele>3.237736</ele>
        <time>2025-12-29T17:33:29.466Z</time>
      </trkpt>
      <trkpt lat="55.718976" lon="11.699281">
        <ele>3.877229</ele>
        <time>2025-12-29T17:33:45.914Z</time>
      </trkpt>
      <trkpt lat="55.719056" lon="11.698889">
        <ele>4.079685</ele>
        <time>2025-12-29T17:33:50.296Z</time>
      </trkpt>
      <trkpt lat="55.718939" lon="11.697666">
        <ele>4.682052</ele>
        <time>2025-12-29T17:34:03.554Z</time>
      </trkpt>
      <trkpt lat="55.718917" lon="11.696592">
        <ele>5.194544</ele>
        <time>2025-12-29T17:34:14.472Z</time>
      </trkpt>
      <trkpt lat="55.718907" lon="11.696309">
        <ele>5.211288</ele>
        <time>2025-12-29T17:34:17.188Z</time>
      </trkpt>
      <trkpt lat="55.718875" lon="11.696240">
        <ele>5.216566</ele>
        <time>2025-12-29T17:34:18.040Z</time>
      </trkpt>
      <trkpt lat="55.718869" lon="11.695959">
        <ele>5.233171</ele>
        <time>2025-12-29T17:34:20.650Z</time>
      </trkpt>
      <trkpt lat="55.718843" lon="11.694706">
        <ele>5.307210</ele>
        <time>2025-12-29T17:34:31.640Z</time>
      </trkpt>
      <trkpt lat="55.718813" lon="11.693248">
        <ele>5.298643</ele>
        <time>2025-12-29T17:34:43.255Z</time>
      </trkpt>
      <trkpt lat="55.718786" lon="11.693036">
        <ele>5.206230</ele>
        <time>2025-12-29T17:34:44.975Z</time>
      </trkpt>
      <trkpt lat="55.718544" lon="11.690975">
        <ele>4.311104</ele>
        <time>2025-12-29T17:35:00.257Z</time>
      </trkpt>
      <trkpt lat="55.718330" lon="11.689079">
        <ele>3.347484</ele>
        <time>2025-12-29T17:35:12.964Z</time>
      </trkpt>
      <trkpt lat="55.718377" lon="11.688691">
        <ele>3.134140</ele>
        <time>2025-12-29T17:35:15.535Z</time>
      </trkpt>
      <trkpt lat="55.718297" lon="11.687555">
        <ele>2.518712</ele>
        <time>2025-12-29T17:35:23.516Z</time>
      </trkpt>
      <trkpt lat="55.718303" lon="11.687311">
        <ele>2.387421</ele>
        <time>2025-12-29T17:35:25.400Z</time>
      </trkpt>
      <trkpt lat="55.718251" lon="11.686837">
        <ele>2.323392</ele>
        <time>2025-12-29T17:35:29.273Z</time>
      </trkpt>
      <trkpt lat="55.718181" lon="11.686267">
        <ele>2.351105</ele>
        <time>2025-12-29T17:35:34.312Z</time>
      </trkpt>
      <trkpt lat="55.718140" lon="11.686197">
        <ele>2.355902</ele>
        <time>2025-12-29T17:35:35.157Z</time>
      </trkpt>
      <trkpt lat="55.718037" lon="11.686185">
        <ele>2.364608</ele>
        <time>2025-12-29T17:35:36.820Z</time>
      </trkpt>
      <trkpt lat="55.717900" lon="11.685274">
        <ele>2.409400</ele>
        <time>2025-12-29T17:35:45.576Z</time>
      </trkpt>
      <trkpt lat="55.717858" lon="11.684779">
        <ele>2.433180</ele>
        <time>2025-12-29T17:35:50.308Z</time>
      </trkpt>
      <trkpt lat="55.717869" lon="11.684482">
        <ele>2.447319</ele>
        <time>2025-12-29T17:35:53.024Z</time>
      </trkpt>
      <trkpt lat="55.717900" lon="11.683761">
        <ele>2.354210</ele>
        <time>2025-12-29T17:35:58.921Z</time>
      </trkpt>
      <trkpt lat="55.717888" lon="11.682889">
        <ele>2.160543</ele>
        <time>2025-12-29T17:36:05.303Z</time>
      </trkpt>
      <trkpt lat="55.717761" lon="11.682120">
        <ele>1.982615</ele>
        <time>2025-12-29T17:36:11.174Z</time>
      </trkpt>
      <trkpt lat="55.717518" lon="11.681427">
        <ele>1.801369</ele>
        <time>2025-12-29T17:36:17.164Z</time>
      </trkpt>
      <trkpt lat="55.717193" lon="11.680470">
        <ele>1.899144</ele>
        <time>2025-12-29T17:36:25.693Z</time>
      </trkpt>
      <trkpt lat="55.716808" lon="11.679204">
        <ele>2.140687</ele>
        <time>2025-12-29T17:36:39.438Z</time>
      </trkpt>
      <trkpt lat="55.716445" lon="11.678192">
        <ele>2.303706</ele>
        <time>2025-12-29T17:36:51.915Z</time>
      </trkpt>
      <trkpt lat="55.716256" lon="11.677454">
        <ele>2.346143</ele>
        <time>2025-12-29T17:36:59.477Z</time>
      </trkpt>
      <trkpt lat="55.716167" lon="11.676880">
        <ele>2.377308</ele>
        <time>2025-12-29T17:37:04.583Z</time>
      </trkpt>
      <trkpt lat="55.716136" lon="11.676511">
        <ele>2.396838</ele>
        <time>2025-12-29T17:37:07.554Z</time>
      </trkpt>
      <trkpt lat="55.716294" lon="11.675774">
        <ele>2.438118</ele>
        <time>2025-12-29T17:37:13.504Z</time>
      </trkpt>
      <trkpt lat="55.716144" lon="11.674432">
        <ele>2.352307</ele>
        <time>2025-12-29T17:37:23.961Z</time>
      </trkpt>
      <trkpt lat="55.716181" lon="11.673983">
        <ele>2.309618</ele>
        <time>2025-12-29T17:37:27.710Z</time>
      </trkpt>
      <trkpt lat="55.716099" lon="11.673483">
        <ele>2.260628</ele>
        <time>2025-12-29T17:37:31.994Z</time>
      </trkpt>
      <trkpt lat="55.715990" lon="11.673111">
        <ele>2.221180</ele>
        <time>2025-12-29T17:37:35.462Z</time>
      </trkpt>
      <trkpt lat="55.715964" lon="11.672861">
        <ele>2.197264</ele>
        <time>2025-12-29T17:37:37.580Z</time>
      </trkpt>
      <trkpt lat="55.715951" lon="11.672164">
        <ele>2.118657</ele>
        <time>2025-12-29T17:37:43.429Z</time>
      </trkpt>
      <trkpt lat="55.715958" lon="11.671845">
        <ele>2.070387</ele>
        <time>2025-12-29T17:37:46.069Z</time>
      </trkpt>
      <trkpt lat="55.715708" lon="11.670443">
        <ele>1.848031</ele>
        <time>2025-12-29T17:37:57.153Z</time>
      </trkpt>
      <trkpt lat="55.715653" lon="11.669949">
        <ele>1.771891</ele>
        <time>2025-12-29T17:38:00.982Z</time>
      </trkpt>
      <trkpt lat="55.715634" lon="11.669615">
        <ele>1.721132</ele>
        <time>2025-12-29T17:38:03.685Z</time>
      </trkpt>
      <trkpt lat="55.715640" lon="11.669209">
        <ele>1.662954</ele>
        <time>2025-12-29T17:38:06.971Z</time>
      </trkpt>
      <trkpt lat="55.715606" lon="11.668909">
        <ele>1.630873</ele>
        <time>2025-12-29T17:38:09.453Z</time>
      </trkpt>
      <trkpt lat="55.715476" lon="11.668137">
        <ele>1.546400</ele>
        <time>2025-12-29T17:38:15.982Z</time>
      </trkpt>
      <trkpt lat="55.715431" lon="11.667495">
        <ele>1.478575</ele>
        <time>2025-12-29T17:38:21.165Z</time>
      </trkpt>
      <trkpt lat="55.715443" lon="11.667203">
        <ele>1.447881</ele>
        <time>2025-12-29T17:38:23.538Z</time>
      </trkpt>
      <trkpt lat="55.715601" lon="11.666153">
        <ele>1.332795</ele>
        <time>2025-12-29T17:38:32.127Z</time>
      </trkpt>
      <trkpt lat="55.715639" lon="11.665428">
        <ele>1.200783</ele>
        <time>2025-12-29T17:38:37.651Z</time>
      </trkpt>
      <trkpt lat="55.715632" lon="11.664853">
        <ele>1.096510</ele>
        <time>2025-12-29T17:38:42.044Z</time>
      </trkpt>
      <trkpt lat="55.715690" lon="11.664658">
        <ele>1.056531</ele>
        <time>2025-12-29T17:38:45.316Z</time>
      </trkpt>
      <trkpt lat="55.715786" lon="11.664491">
        <ele>1.013271</ele>
        <time>2025-12-29T17:38:48.877Z</time>
      </trkpt>
      <trkpt lat="55.715896" lon="11.664032">
        <ele>0.922836</ele>
        <time>2025-12-29T17:38:56.333Z</time>
      </trkpt>
      <trkpt lat="55.715922" lon="11.663542">
        <ele>0.833605</ele>
        <time>2025-12-29T17:39:03.717Z</time>
      </trkpt>
      <trkpt lat="55.716115" lon="11.662287">
        <ele>0.899880</ele>
        <time>2025-12-29T17:39:23.375Z</time>
      </trkpt>
      <trkpt lat="55.716206" lon="11.661306">
        <ele>1.062437</ele>
        <time>2025-12-29T17:39:39.178Z</time>
      </trkpt>
      <trkpt lat="55.716188" lon="11.661075">
        <ele>1.100566</ele>
        <time>2025-12-29T17:39:43.039Z</time>
      </trkpt>
      <trkpt lat="55.715921" lon="11.660033">
        <ele>1.308377</ele>
        <time>2025-12-29T17:40:03.000Z</time>
      </trkpt>
      <trkpt lat="55.715690" lon="11.659500">
        <ele>1.669251</ele>
        <time>2025-12-29T17:40:15.308Z</time>
      </trkpt>
      <trkpt lat="55.715690" lon="11.659301">
        <ele>1.776038</ele>
        <time>2025-12-29T17:40:19.005Z</time>
      </trkpt>
      <trkpt lat="55.715873" lon="11.658311">
        <ele>2.335160</ele>
        <time>2025-12-29T17:40:38.206Z</time>
      </trkpt>
      <trkpt lat="55.716021" lon="11.657205">
        <ele>2.945171</ele>
        <time>2025-12-29T17:40:58.142Z</time>
      </trkpt>
      <trkpt lat="55.716163" lon="11.656060">
        <ele>3.523515</ele>
        <time>2025-12-29T17:41:17.570Z</time>
      </trkpt>
      <trkpt lat="55.716230" lon="11.655515">
        <ele>3.796736</ele>
        <time>2025-12-29T17:41:27.141Z</time>
      </trkpt>
      <trkpt lat="55.716259" lon="11.654850">
        <ele>4.123423</ele>
        <time>2025-12-29T17:41:39.044Z</time>
      </trkpt>
      <trkpt lat="55.715188" lon="11.654650">
        <ele>4.928577</ele>
        <time>2025-12-29T17:42:14.639Z</time>
      </trkpt>
      <trkpt lat="55.714977" lon="11.654556">
        <ele>5.068452</ele>
        <time>2025-12-29T17:42:21.789Z</time>
      </trkpt>
      <trkpt lat="55.715831" lon="11.651982">
        <ele>5.583604</ele>
        <time>2025-12-29T17:42:47.551Z</time>
      </trkpt>
      <trkpt lat="55.716103" lon="11.651155">
        <ele>5.481437</ele>
        <time>2025-12-29T17:42:54.801Z</time>
      </trkpt>
      <trkpt lat="55.716590" lon="11.649688">
        <ele>5.272114</ele>
        <time>2025-12-29T17:43:07.737Z</time>
      </trkpt>
      <trkpt lat="55.717495" lon="11.646962">
        <ele>4.912414</ele>
        <time>2025-12-29T17:43:32.796Z</time>
      </trkpt>
      <trkpt lat="55.717711" lon="11.646375">
        <ele>4.925138</ele>
        <time>2025-12-29T17:43:38.767Z</time>
      </trkpt>
      <trkpt lat="55.718054" lon="11.645622">
        <ele>4.942713</ele>
        <time>2025-12-29T17:43:47.187Z</time>
      </trkpt>
      <trkpt lat="55.719123" lon="11.643485">
        <ele>4.940835</ele>
        <time>2025-12-29T17:44:11.920Z</time>
      </trkpt>
      <trkpt lat="55.720221" lon="11.641294">
        <ele>4.346981</ele>
        <time>2025-12-29T17:44:35.089Z</time>
      </trkpt>
      <trkpt lat="55.720364" lon="11.641009">
        <ele>4.217702</ele>
        <time>2025-12-29T17:44:37.890Z</time>
      </trkpt>
      <trkpt lat="55.720960" lon="11.639843">
        <ele>3.471938</ele>
        <time>2025-12-29T17:44:48.533Z</time>
      </trkpt>
      <trkpt lat="55.721457" lon="11.639088">
        <ele>2.568908</ele>
        <time>2025-12-29T17:44:55.999Z</time>
      </trkpt>
      <trkpt lat="55.721714" lon="11.638768">
        <ele>2.135543</ele>
        <time>2025-12-29T17:44:59.505Z</time>
      </trkpt>
      <trkpt lat="55.722141" lon="11.638334">
        <ele>1.456273</ele>
        <time>2025-12-29T17:45:05.155Z</time>
      </trkpt>
      <trkpt lat="55.722211" lon="11.638352">
        <ele>1.361464</ele>
        <time>2025-12-29T17:45:06.031Z</time>
      </trkpt>
      <trkpt lat="55.722245" lon="11.638358">
        <ele>1.334823</ele>
        <time>2025-12-29T17:45:06.452Z</time>
      </trkpt>
      <trkpt lat="55.722550" lon="11.638141">
        <ele>1.078630</ele>
        <time>2025-12-29T17:45:10.607Z</time>
      </trkpt>
      <trkpt lat="55.722756" lon="11.638006">
        <ele>0.907418</ele>
        <time>2025-12-29T17:45:13.377Z</time>
      </trkpt>
      <trkpt lat="55.722723" lon="11.637866">
        <ele>0.840772</ele>
        <time>2025-12-29T17:45:14.461Z</time>
      </trkpt>
      <trkpt lat="55.722651" lon="11.637681">
        <ele>0.742023</ele>
        <time>2025-12-29T17:45:16.101Z</time>
      </trkpt>
      <trkpt lat="55.722795" lon="11.637439">
        <ele>0.587427</ele>
        <time>2025-12-29T17:45:18.673Z</time>
      </trkpt>
      <trkpt lat="55.722884" lon="11.637184">
        <ele>0.455690</ele>
        <time>2025-12-29T17:45:20.891Z</time>
      </trkpt>
      <trkpt lat="55.722895" lon="11.637067">
        <ele>0.403601</ele>
        <time>2025-12-29T17:45:21.759Z</time>
      </trkpt>
      <trkpt lat="55.722916" lon="11.636888">
        <ele>0.323309</ele>
        <time>2025-12-29T17:45:23.116Z</time>
      </trkpt>
      <trkpt lat="55.722938" lon="11.636704">
        <ele>0.240709</ele>
        <time>2025-12-29T17:45:24.527Z</time>
      </trkpt>
      <trkpt lat="55.723083" lon="11.636734">
        <ele>0.126886</ele>
        <time>2025-12-29T17:45:26.494Z</time>
      </trkpt>
      <trkpt lat="55.724102" lon="11.637178">
        <ele>-0.137989</ele>
        <time>2025-12-29T17:45:39.715Z</time>
      </trkpt>
      <trkpt lat="55.724899" lon="11.637334">
        <ele>-0.234279</ele>
        <time>2025-12-29T17:45:51.859Z</time>
      </trkpt>
      <trkpt lat="55.724969" lon="11.637346">
        <ele>-0.242724</ele>
        <time>2025-12-29T17:45:53.114Z</time>
      </trkpt>
      <trkpt lat="55.725099" lon="11.637370">
        <ele>-0.178147</ele>
        <time>2025-12-29T17:45:55.468Z</time>
      </trkpt>
      <trkpt lat="55.725287" lon="11.637417">
        <ele>0.154239</ele>
        <time>2025-12-29T17:45:59.108Z</time>
      </trkpt>
      <trkpt lat="55.726146" lon="11.637480">
        <ele>1.659411</ele>
        <time>2025-12-29T17:46:17.902Z</time>
      </trkpt>
      <trkpt lat="55.726621" lon="11.637475">
        <ele>2.491029</ele>
        <time>2025-12-29T17:46:29.221Z</time>
      </trkpt>
      <trkpt lat="55.726872" lon="11.637373">
        <ele>2.959521</ele>
        <time>2025-12-29T17:46:35.263Z</time>
      </trkpt>
      <trkpt lat="55.730007" lon="11.637444">
        <ele>10.910422</ele>
        <time>2025-12-29T17:47:52.719Z</time>
      </trkpt>
      <trkpt lat="55.730310" lon="11.637406">
        <ele>11.725608</ele>
        <time>2025-12-29T17:48:01.027Z</time>
      </trkpt>
      <trkpt lat="55.730797" lon="11.637219">
        <ele>13.068899</ele>
        <time>2025-12-29T17:48:14.981Z</time>
      </trkpt>
      <trkpt lat="55.731037" lon="11.637064">
        <ele>13.758526</ele>
        <time>2025-12-29T17:48:22.262Z</time>
      </trkpt>
      <trkpt lat="55.731450" lon="11.636710">
        <ele>14.996905</ele>
        <time>2025-12-29T17:48:35.244Z</time>
      </trkpt>
      <trkpt lat="55.731585" lon="11.636557">
        <ele>15.429369</ele>
        <time>2025-12-29T17:48:39.443Z</time>
      </trkpt>
      <trkpt lat="55.731738" lon="11.636318">
        <ele>15.979615</ele>
        <time>2025-12-29T17:48:44.491Z</time>
      </trkpt>
      <trkpt lat="55.731898" lon="11.636147">
        <ele>16.483885</ele>
        <time>2025-12-29T17:48:48.809Z</time>
      </trkpt>
      <trkpt lat="55.732206" lon="11.635807">
        <ele>16.888487</ele>
        <time>2025-12-29T17:48:56.430Z</time>
      </trkpt>
      <trkpt lat="55.732342" lon="11.635612">
        <ele>16.845187</ele>
        <time>2025-12-29T17:48:59.652Z</time>
      </trkpt>
      <trkpt lat="55.732899" lon="11.634762">
        <ele>16.663265</ele>
        <time>2025-12-29T17:49:10.052Z</time>
      </trkpt>
      <trkpt lat="55.733302" lon="11.634135">
        <ele>16.530543</ele>
        <time>2025-12-29T17:49:16.268Z</time>
      </trkpt>
      <trkpt lat="55.733986" lon="11.632957">
        <ele>15.479445</ele>
        <time>2025-12-29T17:49:27.093Z</time>
      </trkpt>
      <trkpt lat="55.735074" lon="11.631186">
        <ele>13.861733</ele>
        <time>2025-12-29T17:49:44.968Z</time>
      </trkpt>
      <trkpt lat="55.736150" lon="11.629436">
        <ele>12.849618</ele>
        <time>2025-12-29T17:50:04.021Z</time>
      </trkpt>
      <trkpt lat="55.738309" lon="11.625777">
        <ele>11.920559</ele>
        <time>2025-12-29T17:50:43.926Z</time>
      </trkpt>
      <trkpt lat="55.742141" lon="11.619404">
        <ele>15.295144</ele>
        <time>2025-12-29T17:52:15.502Z</time>
      </trkpt>
      <trkpt lat="55.742511" lon="11.618951">
        <ele>15.737918</ele>
        <time>2025-12-29T17:52:24.303Z</time>
      </trkpt>
      <trkpt lat="55.742933" lon="11.618516">
        <ele>16.736254</ele>
        <time>2025-12-29T17:52:34.962Z</time>
      </trkpt>
      <trkpt lat="55.743482" lon="11.618149">
        <ele>18.297045</ele>
        <time>2025-12-29T17:52:49.808Z</time>
      </trkpt>
      <trkpt lat="55.743974" lon="11.617952">
        <ele>19.639010</ele>
        <time>2025-12-29T17:53:03.955Z</time>
      </trkpt>
      <trkpt lat="55.744187" lon="11.617913">
        <ele>20.208767</ele>
        <time>2025-12-29T17:53:10.095Z</time>
      </trkpt>
      <trkpt lat="55.744392" lon="11.617929">
        <ele>20.735926</ele>
        <time>2025-12-29T17:53:15.903Z</time>
      </trkpt>
      <trkpt lat="55.744918" lon="11.617988">
        <ele>21.654676</ele>
        <time>2025-12-29T17:53:29.794Z</time>
      </trkpt>
      <trkpt lat="55.745363" lon="11.618116">
        <ele>22.440502</ele>
        <time>2025-12-29T17:53:40.136Z</time>
      </trkpt>
      <trkpt lat="55.745738" lon="11.618244">
        <ele>23.106158</ele>
        <time>2025-12-29T17:53:47.550Z</time>
      </trkpt>
      <trkpt lat="55.746229" lon="11.618397">
        <ele>23.779094</ele>
        <time>2025-12-29T17:53:55.906Z</time>
      </trkpt>
      <trkpt lat="55.746790" lon="11.618583">
        <ele>23.376831</ele>
        <time>2025-12-29T17:54:04.151Z</time>
      </trkpt>
      <trkpt lat="55.747441" lon="11.618896">
        <ele>22.901450</ele>
        <time>2025-12-29T17:54:12.742Z</time>
      </trkpt>
      <trkpt lat="55.747817" lon="11.619198">
        <ele>22.610592</ele>
        <time>2025-12-29T17:54:17.484Z</time>
      </trkpt>
      <trkpt lat="55.748363" lon="11.619794">
        <ele>21.201884</ele>
        <time>2025-12-29T17:54:24.402Z</time>
      </trkpt>
      <trkpt lat="55.748616" lon="11.620109">
        <ele>20.474361</ele>
        <time>2025-12-29T17:54:27.595Z</time>
      </trkpt>
      <trkpt lat="55.748695" lon="11.620350">
        <ele>20.104707</ele>
        <time>2025-12-29T17:54:29.225Z</time>
      </trkpt>
      <trkpt lat="55.748995" lon="11.620644">
        <ele>19.297887</ele>
        <time>2025-12-29T17:54:32.785Z</time>
      </trkpt>
      <trkpt lat="55.749346" lon="11.620903">
        <ele>18.402855</ele>
        <time>2025-12-29T17:54:36.798Z</time>
      </trkpt>
      <trkpt lat="55.749791" lon="11.621130">
        <ele>17.678914</ele>
        <time>2025-12-29T17:54:41.874Z</time>
      </trkpt>
      <trkpt lat="55.753583" lon="11.622738">
        <ele>12.211332</ele>
        <time>2025-12-29T17:55:28.198Z</time>
      </trkpt>
      <trkpt lat="55.754946" lon="11.623331">
        <ele>9.978903</ele>
        <time>2025-12-29T17:55:43.687Z</time>
      </trkpt>
      <trkpt lat="55.755639" lon="11.623783">
        <ele>8.865801</ele>
        <time>2025-12-29T17:55:52.137Z</time>
      </trkpt>
      <trkpt lat="55.755969" lon="11.624090">
        <ele>8.304150</ele>
        <time>2025-12-29T17:55:56.522Z</time>
      </trkpt>
      <trkpt lat="55.756254" lon="11.624409">
        <ele>7.796276</ele>
        <time>2025-12-29T17:56:00.519Z</time>
      </trkpt>
      <trkpt lat="55.756586" lon="11.624852">
        <ele>7.211444</ele>
        <time>2025-12-29T17:56:05.428Z</time>
      </trkpt>
      <trkpt lat="55.758804" lon="11.628058">
        <ele>3.196200</ele>
        <time>2025-12-29T17:56:38.456Z</time>
      </trkpt>
      <trkpt lat="55.759030" lon="11.628330">
        <ele>2.813177</ele>
        <time>2025-12-29T17:56:41.681Z</time>
      </trkpt>
      <trkpt lat="55.759506" lon="11.628773">
        <ele>2.463084</ele>
        <time>2025-12-29T17:56:48.197Z</time>
      </trkpt>
      <trkpt lat="55.759989" lon="11.629114">
        <ele>2.175966</ele>
        <time>2025-12-29T17:56:54.854Z</time>
      </trkpt>
      <trkpt lat="55.760588" lon="11.629400">
        <ele>1.833312</ele>
        <time>2025-12-29T17:57:03.348Z</time>
      </trkpt>
      <trkpt lat="55.764379" lon="11.630372">
        <ele>2.564409</ele>
        <time>2025-12-29T17:58:04.100Z</time>
      </trkpt>
      <trkpt lat="55.764903" lon="11.630374">
        <ele>2.531983</ele>
        <time>2025-12-29T17:58:12.338Z</time>
      </trkpt>
      <trkpt lat="55.765228" lon="11.630314">
        <ele>2.511764</ele>
        <time>2025-12-29T17:58:17.361Z</time>
      </trkpt>
      <trkpt lat="55.767732" lon="11.629207">
        <ele>1.858641</ele>
        <time>2025-12-29T17:58:53.150Z</time>
      </trkpt>
      <trkpt lat="55.767873" lon="11.629143">
        <ele>1.796304</ele>
        <time>2025-12-29T17:58:54.990Z</time>
      </trkpt>
      <trkpt lat="55.769723" lon="11.628298">
        <ele>0.428965</ele>
        <time>2025-12-29T17:59:18.882Z</time>
      </trkpt>
      <trkpt lat="55.770057" lon="11.628149">
        <ele>0.249789</ele>
        <time>2025-12-29T17:59:23.633Z</time>
      </trkpt>
      <trkpt lat="55.770340" lon="11.628026">
        <ele>0.098201</ele>
        <time>2025-12-29T17:59:27.661Z</time>
      </trkpt>
      <trkpt lat="55.770539" lon="11.627939">
        <ele>-0.008428</ele>
        <time>2025-12-29T17:59:30.459Z</time>
      </trkpt>
      <trkpt lat="55.770728" lon="11.627856">
        <ele>-0.109725</ele>
        <time>2025-12-29T17:59:33.052Z</time>
      </trkpt>
      <trkpt lat="55.770976" lon="11.627748">
        <ele>-0.242580</ele>
        <time>2025-12-29T17:59:36.441Z</time>
      </trkpt>
      <trkpt lat="55.771339" lon="11.627571">
        <ele>-0.441425</ele>
        <time>2025-12-29T17:59:41.361Z</time>
      </trkpt>
      <trkpt lat="55.771479" lon="11.627502">
        <ele>-0.570666</ele>
        <time>2025-12-29T17:59:43.225Z</time>
      </trkpt>
      <trkpt lat="55.771740" lon="11.627393">
        <ele>-0.809170</ele>
        <time>2025-12-29T17:59:46.639Z</time>
      </trkpt>
      <trkpt lat="55.772134" lon="11.627168">
        <ele>-1.177309</ele>
        <time>2025-12-29T17:59:51.821Z</time>
      </trkpt>
      <trkpt lat="55.772396" lon="11.626963">
        <ele>-1.431958</ele>
        <time>2025-12-29T17:59:55.367Z</time>
      </trkpt>
      <trkpt lat="55.772788" lon="11.626547">
        <ele>-1.838081</ele>
        <time>2025-12-29T18:00:00.875Z</time>
      </trkpt>
      <trkpt lat="55.773146" lon="11.626044">
        <ele>-2.153647</ele>
        <time>2025-12-29T18:00:06.350Z</time>
      </trkpt>
      <trkpt lat="55.773178" lon="11.625993">
        <ele>-2.175407</ele>
        <time>2025-12-29T18:00:06.873Z</time>
      </trkpt>
      <trkpt lat="55.773208" lon="11.625933">
        <ele>-2.198270</ele>
        <time>2025-12-29T18:00:07.433Z</time>
      </trkpt>
      <trkpt lat="55.773389" lon="11.625568">
        <ele>-2.336850</ele>
        <time>2025-12-29T18:00:10.806Z</time>
      </trkpt>
      <trkpt lat="55.773646" lon="11.624928">
        <ele>-2.560802</ele>
        <time>2025-12-29T18:00:16.340Z</time>
      </trkpt>
      <trkpt lat="55.773677" lon="11.624844">
        <ele>-2.589414</ele>
        <time>2025-12-29T18:00:17.077Z</time>
      </trkpt>
      <trkpt lat="55.774782" lon="11.621859">
        <ele>-2.865578</ele>
        <time>2025-12-29T18:00:48.415Z</time>
      </trkpt>
      <trkpt lat="55.774889" lon="11.621698">
        <ele>-2.857066</ele>
        <time>2025-12-29T18:00:50.400Z</time>
      </trkpt>
      <trkpt lat="55.775222" lon="11.620805">
        <ele>-2.760118</ele>
        <time>2025-12-29T18:00:58.700Z</time>
      </trkpt>
      <trkpt lat="55.775283" lon="11.620644">
        <ele>-2.727322</ele>
        <time>2025-12-29T18:01:00.196Z</time>
      </trkpt>
      <trkpt lat="55.775421" lon="11.620274">
        <ele>-2.652317</ele>
        <time>2025-12-29T18:01:03.690Z</time>
      </trkpt>
      <trkpt lat="55.775485" lon="11.619958">
        <ele>-2.595575</ele>
        <time>2025-12-29T18:01:06.338Z</time>
      </trkpt>
      <trkpt lat="55.777214" lon="11.615341">
        <ele>-0.805276</ele>
        <time>2025-12-29T18:02:01.472Z</time>
      </trkpt>
      <trkpt lat="55.777303" lon="11.615223">
        <ele>-0.732671</ele>
        <time>2025-12-29T18:02:03.497Z</time>
      </trkpt>
      <trkpt lat="55.777422" lon="11.614918">
        <ele>-0.596136</ele>
        <time>2025-12-29T18:02:07.309Z</time>
      </trkpt>
      <trkpt lat="55.777440" lon="11.614939">
        <ele>-0.582056</ele>
        <time>2025-12-29T18:02:08.821Z</time>
      </trkpt>
      <trkpt lat="55.777496" lon="11.615002">
        <ele>-0.538717</ele>
        <time>2025-12-29T18:02:16.998Z</time>
      </trkpt>
      <trkpt lat="55.777739" lon="11.614352">
        <ele>-0.251640</ele>
        <time>2025-12-29T18:02:30.643Z</time>
      </trkpt>
      <trkpt lat="55.778177" lon="11.613179">
        <ele>0.169807</ele>
        <time>2025-12-29T18:02:54.272Z</time>
      </trkpt>
      <trkpt lat="55.778140" lon="11.613124">
        <ele>0.172602</ele>
        <time>2025-12-29T18:03:00.306Z</time>
      </trkpt>
      <trkpt lat="55.778129" lon="11.613108">
        <ele>0.173426</ele>
        <time>2025-12-29T18:03:00.837Z</time>
      </trkpt>
      <trkpt lat="55.778097" lon="11.613061">
        <ele>0.175831</ele>
        <time>2025-12-29T18:03:02.476Z</time>
      </trkpt>
      <trkpt lat="55.778269" lon="11.612611">
        <ele>0.193566</ele>
        <time>2025-12-29T18:03:07.331Z</time>
      </trkpt>
      <trkpt lat="55.778299" lon="11.612535">
        <ele>0.196593</ele>
        <time>2025-12-29T18:03:08.111Z</time>
      </trkpt>
      <trkpt lat="55.778488" lon="11.612042">
        <ele>0.216040</ele>
        <time>2025-12-29T18:03:13.050Z</time>
      </trkpt>
      <trkpt lat="55.778675" lon="11.611556">
        <ele>0.235234</ele>
        <time>2025-12-29T18:03:17.786Z</time>
      </trkpt>
      <trkpt lat="55.778685" lon="11.611529">
        <ele>0.236288</ele>
        <time>2025-12-29T18:03:18.048Z</time>
      </trkpt>
      <trkpt lat="55.778746" lon="11.611368">
        <ele>0.242615</ele>
        <time>2025-12-29T18:03:19.588Z</time>
      </trkpt>
      <trkpt lat="55.778642" lon="11.611210">
        <ele>0.250543</ele>
        <time>2025-12-29T18:03:21.487Z</time>
      </trkpt>
      <trkpt lat="55.778457" lon="11.610907">
        <ele>0.264300</ele>
        <time>2025-12-29T18:03:24.962Z</time>
      </trkpt>
      <trkpt lat="55.778398" lon="11.610759">
        <ele>0.259311</ele>
        <time>2025-12-29T18:03:26.410Z</time>
      </trkpt>
      <trkpt lat="55.778340" lon="11.610487">
        <ele>0.251312</ele>
        <time>2025-12-29T18:03:28.749Z</time>
      </trkpt>
      <trkpt lat="55.778334" lon="11.610162">
        <ele>0.242370</ele>
        <time>2025-12-29T18:03:31.392Z</time>
      </trkpt>
      <trkpt lat="55.778360" lon="11.609859">
        <ele>0.233941</ele>
        <time>2025-12-29T18:03:33.937Z</time>
      </trkpt>
      <trkpt lat="55.778480" lon="11.609094">
        <ele>0.212102</ele>
        <time>2025-12-29T18:03:40.353Z</time>
      </trkpt>
      <trkpt lat="55.778524" lon="11.608785">
        <ele>0.203337</ele>
        <time>2025-12-29T18:03:42.994Z</time>
      </trkpt>
      <trkpt lat="55.778620" lon="11.608012">
        <ele>0.181568</ele>
        <time>2025-12-29T18:03:49.733Z</time>
      </trkpt>
      <trkpt lat="55.778634" lon="11.607881">
        <ele>0.177901</ele>
        <time>2025-12-29T18:03:50.896Z</time>
      </trkpt>
      <trkpt lat="55.778711" lon="11.607167">
        <ele>0.178943</ele>
        <time>2025-12-29T18:03:57.310Z</time>
      </trkpt>
      <trkpt lat="55.778738" lon="11.606913">
        <ele>0.179779</ele>
        <time>2025-12-29T18:03:59.568Z</time>
      </trkpt>
      <trkpt lat="55.778762" lon="11.606698">
        <ele>0.180488</ele>
        <time>2025-12-29T18:04:01.421Z</time>
      </trkpt>
      <trkpt lat="55.778865" lon="11.605775">
        <ele>0.183532</ele>
        <time>2025-12-29T18:04:09.061Z</time>
      </trkpt>
      <trkpt lat="55.778919" lon="11.605268">
        <ele>0.185201</ele>
        <time>2025-12-29T18:04:13.288Z</time>
      </trkpt>
      <trkpt lat="55.778931" lon="11.605162">
        <ele>0.185551</ele>
        <time>2025-12-29T18:04:14.184Z</time>
      </trkpt>
      <trkpt lat="55.779029" lon="11.604209">
        <ele>0.137506</ele>
        <time>2025-12-29T18:04:22.291Z</time>
      </trkpt>
      <trkpt lat="55.779131" lon="11.603118">
        <ele>0.027377</ele>
        <time>2025-12-29T18:04:31.064Z</time>
      </trkpt>
      <trkpt lat="55.779167" lon="11.602514">
        <ele>-0.033103</ele>
        <time>2025-12-29T18:04:35.845Z</time>
      </trkpt>
      <trkpt lat="55.779203" lon="11.601613">
        <ele>-0.123047</ele>
        <time>2025-12-29T18:04:43.005Z</time>
      </trkpt>
      <trkpt lat="55.779290" lon="11.599234">
        <ele>-0.490232</ele>
        <time>2025-12-29T18:05:01.391Z</time>
      </trkpt>
      <trkpt lat="55.779331" lon="11.598063">
        <ele>-0.631297</ele>
        <time>2025-12-29T18:05:10.604Z</time>
      </trkpt>
      <trkpt lat="55.779400" lon="11.597003">
        <ele>-0.635042</ele>
        <time>2025-12-29T18:05:19.274Z</time>
      </trkpt>
      <trkpt lat="55.779522" lon="11.595955">
        <ele>-0.638798</ele>
        <time>2025-12-29T18:05:28.312Z</time>
      </trkpt>
      <trkpt lat="55.779964" lon="11.593465">
        <ele>-0.599803</ele>
        <time>2025-12-29T18:05:50.827Z</time>
      </trkpt>
      <trkpt lat="55.780170" lon="11.592304">
        <ele>-0.571956</ele>
        <time>2025-12-29T18:06:01.035Z</time>
      </trkpt>
      <trkpt lat="55.780214" lon="11.592058">
        <ele>-0.584601</ele>
        <time>2025-12-29T18:06:03.115Z</time>
      </trkpt>
      <trkpt lat="55.780329" lon="11.591237">
        <ele>-0.718230</ele>
        <time>2025-12-29T18:06:09.757Z</time>
      </trkpt>
      <trkpt lat="55.780383" lon="11.590731">
        <ele>-0.799572</ele>
        <time>2025-12-29T18:06:13.748Z</time>
      </trkpt>
      <trkpt lat="55.780628" lon="11.588137">
        <ele>-1.099990</ele>
        <time>2025-12-29T18:06:33.889Z</time>
      </trkpt>
      <trkpt lat="55.780981" lon="11.584757">
        <ele>-1.143872</ele>
        <time>2025-12-29T18:07:03.172Z</time>
      </trkpt>
      <trkpt lat="55.781098" lon="11.583612">
        <ele>-1.119139</ele>
        <time>2025-12-29T18:07:13.028Z</time>
      </trkpt>
      <trkpt lat="55.781139" lon="11.583212">
        <ele>-1.110498</ele>
        <time>2025-12-29T18:07:16.452Z</time>
      </trkpt>
      <trkpt lat="55.781178" lon="11.582986">
        <ele>-1.105474</ele>
        <time>2025-12-29T18:07:18.427Z</time>
      </trkpt>
      <trkpt lat="55.781139" lon="11.583212">
        <ele>-1.100450</ele>
        <time>2025-12-29T18:07:20.393Z</time>
      </trkpt>
      <trkpt lat="55.781098" lon="11.583612">
        <ele>-1.111605</ele>
        <time>2025-12-29T18:07:23.749Z</time>
      </trkpt>
      <trkpt lat="55.780981" lon="11.584757">
        <ele>-1.146486</ele>
        <time>2025-12-29T18:07:33.309Z</time>
      </trkpt>
      <trkpt lat="55.780628" lon="11.588137">
        <ele>-1.076272</ele>
        <time>2025-12-29T18:08:01.374Z</time>
      </trkpt>
      <trkpt lat="55.780383" lon="11.590731">
        <ele>-0.813861</ele>
        <time>2025-12-29T18:08:25.443Z</time>
      </trkpt>
      <trkpt lat="55.780329" lon="11.591237">
        <ele>-0.742925</ele>
        <time>2025-12-29T18:08:30.093Z</time>
      </trkpt>
      <trkpt lat="55.780214" lon="11.592058">
        <ele>-0.626391</ele>
        <time>2025-12-29T18:08:37.614Z</time>
      </trkpt>
      <trkpt lat="55.780170" lon="11.592304">
        <ele>-0.590836</ele>
        <time>2025-12-29T18:08:39.831Z</time>
      </trkpt>
      <trkpt lat="55.779964" lon="11.593465">
        <ele>-0.579293</ele>
        <time>2025-12-29T18:08:49.928Z</time>
      </trkpt>
      <trkpt lat="55.779522" lon="11.595955">
        <ele>-0.671300</ele>
        <time>2025-12-29T18:09:11.012Z</time>
      </trkpt>
      <trkpt lat="55.779400" lon="11.597003">
        <ele>-0.629982</ele>
        <time>2025-12-29T18:09:19.821Z</time>
      </trkpt>
      <trkpt lat="55.779331" lon="11.598063">
        <ele>-0.588786</ele>
        <time>2025-12-29T18:09:28.944Z</time>
      </trkpt>
      <trkpt lat="55.779290" lon="11.599234">
        <ele>-0.498021</ele>
        <time>2025-12-29T18:09:39.371Z</time>
      </trkpt>
      <trkpt lat="55.779203" lon="11.601613">
        <ele>-0.124399</ele>
        <time>2025-12-29T18:10:01.009Z</time>
      </trkpt>
      <trkpt lat="55.779167" lon="11.602514">
        <ele>-0.017209</ele>
        <time>2025-12-29T18:10:08.955Z</time>
      </trkpt>
      <trkpt lat="55.779131" lon="11.603118">
        <ele>0.033938</ele>
        <time>2025-12-29T18:10:14.345Z</time>
      </trkpt>
      <trkpt lat="55.779029" lon="11.604209">
        <ele>0.127072</ele>
        <time>2025-12-29T18:10:24.068Z</time>
      </trkpt>
      <trkpt lat="55.778931" lon="11.605162">
        <ele>0.208654</ele>
        <time>2025-12-29T18:10:32.117Z</time>
      </trkpt>
      <trkpt lat="55.778919" lon="11.605268">
        <ele>0.210829</ele>
        <time>2025-12-29T18:10:33.023Z</time>
      </trkpt>
      <trkpt lat="55.778865" lon="11.605775">
        <ele>0.200131</ele>
        <time>2025-12-29T18:10:37.397Z</time>
      </trkpt>
      <trkpt lat="55.778762" lon="11.606698">
        <ele>0.180621</ele>
        <time>2025-12-29T18:10:45.455Z</time>
      </trkpt>
      <trkpt lat="55.778738" lon="11.606913">
        <ele>0.176077</ele>
        <time>2025-12-29T18:10:47.267Z</time>
      </trkpt>
      <trkpt lat="55.778711" lon="11.607167">
        <ele>0.170718</ele>
        <time>2025-12-29T18:10:49.333Z</time>
      </trkpt>
      <trkpt lat="55.778634" lon="11.607881">
        <ele>0.155645</ele>
        <time>2025-12-29T18:10:55.077Z</time>
      </trkpt>
      <trkpt lat="55.778620" lon="11.608012">
        <ele>0.152881</ele>
        <time>2025-12-29T18:10:56.139Z</time>
      </trkpt>
      <trkpt lat="55.778524" lon="11.608785">
        <ele>0.136576</ele>
        <time>2025-12-29T18:11:02.605Z</time>
      </trkpt>
      <trkpt lat="55.778480" lon="11.609094">
        <ele>0.130043</ele>
        <time>2025-12-29T18:11:05.274Z</time>
      </trkpt>
      <trkpt lat="55.778360" lon="11.609859">
        <ele>0.113766</ele>
        <time>2025-12-29T18:11:11.971Z</time>
      </trkpt>
      <trkpt lat="55.778346" lon="11.610026">
        <ele>0.110305</ele>
        <time>2025-12-29T18:11:13.331Z</time>
      </trkpt>
      <trkpt lat="55.778334" lon="11.610162">
        <ele>0.107484</ele>
        <time>2025-12-29T18:11:14.417Z</time>
      </trkpt>
      <trkpt lat="55.778340" lon="11.610487">
        <ele>0.100819</ele>
        <time>2025-12-29T18:11:17.017Z</time>
      </trkpt>
      <trkpt lat="55.778398" lon="11.610759">
        <ele>0.094857</ele>
        <time>2025-12-29T18:11:19.375Z</time>
      </trkpt>
      <trkpt lat="55.778457" lon="11.610907">
        <ele>0.091139</ele>
        <time>2025-12-29T18:11:20.863Z</time>
      </trkpt>
      <trkpt lat="55.778642" lon="11.611210">
        <ele>0.081973</ele>
        <time>2025-12-29T18:11:24.603Z</time>
      </trkpt>
      <trkpt lat="55.778457" lon="11.610907">
        <ele>0.089011</ele>
        <time>2025-12-29T18:11:28.307Z</time>
      </trkpt>
      <trkpt lat="55.778398" lon="11.610759">
        <ele>0.093286</ele>
        <time>2025-12-29T18:11:29.860Z</time>
      </trkpt>
      <trkpt lat="55.778340" lon="11.610487">
        <ele>0.100142</ele>
        <time>2025-12-29T18:11:32.362Z</time>
      </trkpt>
      <trkpt lat="55.778334" lon="11.610162">
        <ele>0.107806</ele>
        <time>2025-12-29T18:11:35.180Z</time>
      </trkpt>
      <trkpt lat="55.778360" lon="11.609859">
        <ele>0.115030</ele>
        <time>2025-12-29T18:11:37.868Z</time>
      </trkpt>
      <trkpt lat="55.778480" lon="11.609094">
        <ele>0.133748</ele>
        <time>2025-12-29T18:11:44.415Z</time>
      </trkpt>
      <trkpt lat="55.778524" lon="11.608785">
        <ele>0.141261</ele>
        <time>2025-12-29T18:11:47.056Z</time>
      </trkpt>
      <trkpt lat="55.778620" lon="11.608012">
        <ele>0.158428</ele>
        <time>2025-12-29T18:11:53.795Z</time>
      </trkpt>
      <trkpt lat="55.778634" lon="11.607881">
        <ele>0.160455</ele>
        <time>2025-12-29T18:11:54.958Z</time>
      </trkpt>
      <trkpt lat="55.778711" lon="11.607167">
        <ele>0.171507</ele>
        <time>2025-12-29T18:12:01.373Z</time>
      </trkpt>
      <trkpt lat="55.778738" lon="11.606913">
        <ele>0.175437</ele>
        <time>2025-12-29T18:12:03.630Z</time>
      </trkpt>
      <trkpt lat="55.778762" lon="11.606698">
        <ele>0.178769</ele>
        <time>2025-12-29T18:12:05.484Z</time>
      </trkpt>
      <trkpt lat="55.778865" lon="11.605775">
        <ele>0.193073</ele>
        <time>2025-12-29T18:12:13.124Z</time>
      </trkpt>
      <trkpt lat="55.778919" lon="11.605268">
        <ele>0.200917</ele>
        <time>2025-12-29T18:12:17.351Z</time>
      </trkpt>
      <trkpt lat="55.778931" lon="11.605162">
        <ele>0.202561</ele>
        <time>2025-12-29T18:12:18.246Z</time>
      </trkpt>
      <trkpt lat="55.779029" lon="11.604209">
        <ele>0.128747</ele>
        <time>2025-12-29T18:12:26.353Z</time>
      </trkpt>
      <trkpt lat="55.779131" lon="11.603118">
        <ele>0.030607</ele>
        <time>2025-12-29T18:12:35.126Z</time>
      </trkpt>
      <trkpt lat="55.779167" lon="11.602514">
        <ele>-0.023290</ele>
        <time>2025-12-29T18:12:39.907Z</time>
      </trkpt>
      <trkpt lat="55.779203" lon="11.601613">
        <ele>-0.121918</ele>
        <time>2025-12-29T18:12:47.067Z</time>
      </trkpt>
      <trkpt lat="55.779290" lon="11.599234">
        <ele>-0.496450</ele>
        <time>2025-12-29T18:13:05.453Z</time>
      </trkpt>
      <trkpt lat="55.779331" lon="11.598063">
        <ele>-0.599291</ele>
        <time>2025-12-29T18:13:14.666Z</time>
      </trkpt>
      <trkpt lat="55.779400" lon="11.597003">
        <ele>-0.628764</ele>
        <time>2025-12-29T18:13:23.336Z</time>
      </trkpt>
      <trkpt lat="55.779522" lon="11.595955">
        <ele>-0.658323</ele>
        <time>2025-12-29T18:13:32.375Z</time>
      </trkpt>
      <trkpt lat="55.779964" lon="11.593465">
        <ele>-0.587640</ele>
        <time>2025-12-29T18:13:54.890Z</time>
      </trkpt>
      <trkpt lat="55.780170" lon="11.592304">
        <ele>-0.577707</ele>
        <time>2025-12-29T18:14:05.098Z</time>
      </trkpt>
      <trkpt lat="55.780214" lon="11.592058">
        <ele>-0.615007</ele>
        <time>2025-12-29T18:14:07.177Z</time>
      </trkpt>
      <trkpt lat="55.780329" lon="11.591237">
        <ele>-0.737260</ele>
        <time>2025-12-29T18:14:13.819Z</time>
      </trkpt>
      <trkpt lat="55.780383" lon="11.590731">
        <ele>-0.811678</ele>
        <time>2025-12-29T18:14:17.810Z</time>
      </trkpt>
      <trkpt lat="55.780628" lon="11.588137">
        <ele>-1.079817</ele>
        <time>2025-12-29T18:14:37.952Z</time>
      </trkpt>
      <trkpt lat="55.780981" lon="11.584757">
        <ele>-1.185015</ele>
        <time>2025-12-29T18:15:07.215Z</time>
      </trkpt>
      <trkpt lat="55.781139" lon="11.583212">
        <ele>-1.183063</ele>
        <time>2025-12-29T18:15:20.101Z</time>
      </trkpt>
      <trkpt lat="55.781238" lon="11.582630">
        <ele>-1.200071</ele>
        <time>2025-12-29T18:15:25.096Z</time>
      </trkpt>
      <trkpt lat="55.781366" lon="11.582073">
        <ele>-1.222105</ele>
        <time>2025-12-29T18:15:30.016Z</time>
      </trkpt>
      <trkpt lat="55.781660" lon="11.581152">
        <ele>-1.260885</ele>
        <time>2025-12-29T18:15:38.652Z</time>
      </trkpt>
      <trkpt lat="55.782337" lon="11.579560">
        <ele>-1.336480</ele>
        <time>2025-12-29T18:15:55.252Z</time>
      </trkpt>
      <trkpt lat="55.782905" lon="11.578202">
        <ele>-1.403030</ele>
        <time>2025-12-29T18:16:09.025Z</time>
      </trkpt>
      <trkpt lat="55.783248" lon="11.576939">
        <ele>-1.340485</ele>
        <time>2025-12-29T18:16:20.350Z</time>
      </trkpt>
      <trkpt lat="55.783648" lon="11.575344">
        <ele>-1.159691</ele>
        <time>2025-12-29T18:16:35.581Z</time>
      </trkpt>
      <trkpt lat="55.783746" lon="11.574853">
        <ele>-1.105755</ele>
        <time>2025-12-29T18:16:40.453Z</time>
      </trkpt>
      <trkpt lat="55.783799" lon="11.574320">
        <ele>-0.974381</ele>
        <time>2025-12-29T18:16:45.663Z</time>
      </trkpt>
      <trkpt lat="55.783909" lon="11.572235">
        <ele>-0.394108</ele>
        <time>2025-12-29T18:17:05.851Z</time>
      </trkpt>
      <trkpt lat="55.783929" lon="11.571855">
        <ele>-0.288353</ele>
        <time>2025-12-29T18:17:09.339Z</time>
      </trkpt>
      <trkpt lat="55.783981" lon="11.571024">
        <ele>-0.151245</ele>
        <time>2025-12-29T18:17:16.849Z</time>
      </trkpt>
      <trkpt lat="55.784040" lon="11.570540">
        <ele>-0.099585</ele>
        <time>2025-12-29T18:17:21.223Z</time>
      </trkpt>
      <trkpt lat="55.784118" lon="11.570141">
        <ele>-0.055522</ele>
        <time>2025-12-29T18:17:24.927Z</time>
      </trkpt>
      <trkpt lat="55.784225" lon="11.569749">
        <ele>-0.010069</ele>
        <time>2025-12-29T18:17:28.830Z</time>
      </trkpt>
      <trkpt lat="55.784807" lon="11.567970">
        <ele>0.045288</ele>
        <time>2025-12-29T18:17:46.393Z</time>
      </trkpt>
      <trkpt lat="55.784897" lon="11.567689">
        <ele>0.011251</ele>
        <time>2025-12-29T18:17:48.914Z</time>
      </trkpt>
      <trkpt lat="55.785164" lon="11.566854">
        <ele>-0.089851</ele>
        <time>2025-12-29T18:17:56.302Z</time>
      </trkpt>
      <trkpt lat="55.785386" lon="11.566161">
        <ele>-0.173797</ele>
        <time>2025-12-29T18:18:02.411Z</time>
      </trkpt>
      <trkpt lat="55.785598" lon="11.565497">
        <ele>-0.167142</ele>
        <time>2025-12-29T18:18:08.564Z</time>
      </trkpt>
      <trkpt lat="55.785796" lon="11.564878">
        <ele>-0.089714</ele>
        <time>2025-12-29T18:18:14.440Z</time>
      </trkpt>
      <trkpt lat="55.785995" lon="11.564256">
        <ele>-0.011907</ele>
        <time>2025-12-29T18:18:20.925Z</time>
      </trkpt>
      <trkpt lat="55.786016" lon="11.564192">
        <ele>-0.003850</ele>
        <time>2025-12-29T18:18:21.632Z</time>
      </trkpt>
      <trkpt lat="55.786221" lon="11.563586">
        <ele>0.073041</ele>
        <time>2025-12-29T18:18:28.332Z</time>
      </trkpt>
      <trkpt lat="55.786418" lon="11.562999">
        <ele>0.154195</ele>
        <time>2025-12-29T18:18:34.776Z</time>
      </trkpt>
      <trkpt lat="55.786629" lon="11.562372">
        <ele>0.283248</ele>
        <time>2025-12-29T18:18:41.315Z</time>
      </trkpt>
      <trkpt lat="55.786994" lon="11.561186">
        <ele>0.522031</ele>
        <time>2025-12-29T18:18:52.880Z</time>
      </trkpt>
      <trkpt lat="55.787149" lon="11.560470">
        <ele>0.657532</ele>
        <time>2025-12-29T18:18:59.127Z</time>
      </trkpt>
      <trkpt lat="55.787256" lon="11.559828">
        <ele>1.331086</ele>
        <time>2025-12-29T18:19:05.493Z</time>
      </trkpt>
      <trkpt lat="55.787391" lon="11.558921">
        <ele>2.733381</ele>
        <time>2025-12-29T18:19:16.962Z</time>
      </trkpt>
      <trkpt lat="55.787433" lon="11.558924">
        <ele>2.845114</ele>
        <time>2025-12-29T18:19:17.984Z</time>
      </trkpt>
      <trkpt lat="55.787488" lon="11.558927">
        <ele>2.991382</ele>
        <time>2025-12-29T18:19:19.351Z</time>
      </trkpt>
      <trkpt lat="55.787642" lon="11.558919">
        <ele>3.400914</ele>
        <time>2025-12-29T18:19:23.392Z</time>
      </trkpt>
      <trkpt lat="55.788216" lon="11.558878">
        <ele>4.927933</ele>
        <time>2025-12-29T18:19:40.349Z</time>
      </trkpt>
      <trkpt lat="55.788851" lon="11.558746">
        <ele>7.473749</ele>
        <time>2025-12-29T18:20:02.358Z</time>
      </trkpt>
      <trkpt lat="55.789379" lon="11.558575">
        <ele>9.954994</ele>
        <time>2025-12-29T18:20:21.136Z</time>
      </trkpt>
      <trkpt lat="55.789994" lon="11.558290">
        <ele>12.893251</ele>
        <time>2025-12-29T18:20:42.489Z</time>
      </trkpt>
      <trkpt lat="55.793667" lon="11.556344">
        <ele>28.044423</ele>
        <time>2025-12-29T18:22:41.312Z</time>
      </trkpt>
      <trkpt lat="55.794221" lon="11.556050">
        <ele>28.989036</ele>
        <time>2025-12-29T18:22:54.252Z</time>
      </trkpt>
      <trkpt lat="55.795199" lon="11.555559">
        <ele>30.649427</ele>
        <time>2025-12-29T18:23:13.525Z</time>
      </trkpt>
      <trkpt lat="55.795553" lon="11.555485">
        <ele>31.184151</ele>
        <time>2025-12-29T18:23:20.640Z</time>
      </trkpt>
      <trkpt lat="55.795610" lon="11.555576">
        <ele>31.290238</ele>
        <time>2025-12-29T18:23:22.091Z</time>
      </trkpt>
      <trkpt lat="55.795726" lon="11.555617">
        <ele>31.454056</ele>
        <time>2025-12-29T18:23:24.335Z</time>
      </trkpt>
      <trkpt lat="55.795815" lon="11.555552">
        <ele>31.587319</ele>
        <time>2025-12-29T18:23:26.149Z</time>
      </trkpt>
      <trkpt lat="55.795887" lon="11.555331">
        <ele>31.786211</ele>
        <time>2025-12-29T18:23:28.699Z</time>
      </trkpt>
      <trkpt lat="55.796208" lon="11.555032">
        <ele>32.288107</ele>
        <time>2025-12-29T18:23:35.027Z</time>
      </trkpt>
      <trkpt lat="55.796416" lon="11.554933">
        <ele>32.586351</ele>
        <time>2025-12-29T18:23:39.052Z</time>
      </trkpt>
      <trkpt lat="55.796701" lon="11.554775">
        <ele>32.999843</ele>
        <time>2025-12-29T18:23:45.481Z</time>
      </trkpt>
      <trkpt lat="55.796994" lon="11.554611">
        <ele>33.440949</ele>
        <time>2025-12-29T18:23:52.615Z</time>
      </trkpt>
      <trkpt lat="55.797347" lon="11.554393">
        <ele>34.493048</ele>
        <time>2025-12-29T18:24:02.165Z</time>
      </trkpt>
      <trkpt lat="55.797839" lon="11.554041">
        <ele>35.986160</ele>
        <time>2025-12-29T18:24:17.965Z</time>
      </trkpt>
      <trkpt lat="55.798017" lon="11.553903">
        <ele>36.532864</ele>
        <time>2025-12-29T18:24:23.734Z</time>
      </trkpt>
      <trkpt lat="55.798543" lon="11.553432">
        <ele>38.190901</ele>
        <time>2025-12-29T18:24:39.828Z</time>
      </trkpt>
      <trkpt lat="55.798669" lon="11.553320">
        <ele>38.468980</ele>
        <time>2025-12-29T18:24:43.050Z</time>
      </trkpt>
      <trkpt lat="55.798847" lon="11.553128">
        <ele>38.440649</ele>
        <time>2025-12-29T18:24:47.251Z</time>
      </trkpt>
      <trkpt lat="55.799084" lon="11.552815">
        <ele>38.400477</ele>
        <time>2025-12-29T18:24:52.523Z</time>
      </trkpt>
      <trkpt lat="55.799189" lon="11.552629">
        <ele>38.380310</ele>
        <time>2025-12-29T18:24:54.803Z</time>
      </trkpt>
      <trkpt lat="55.799292" lon="11.552408">
        <ele>38.358347</ele>
        <time>2025-12-29T18:24:56.989Z</time>
      </trkpt>
      <trkpt lat="55.799457" lon="11.551915">
        <ele>38.314453</ele>
        <time>2025-12-29T18:25:00.812Z</time>
      </trkpt>
      <trkpt lat="55.799565" lon="11.551342">
        <ele>38.268219</ele>
        <time>2025-12-29T18:25:04.673Z</time>
      </trkpt>
      <trkpt lat="55.799736" lon="11.550480">
        <ele>38.092284</ele>
        <time>2025-12-29T18:25:10.744Z</time>
      </trkpt>
      <trkpt lat="55.799751" lon="11.550220">
        <ele>38.004700</ele>
        <time>2025-12-29T18:25:12.562Z</time>
      </trkpt>
      <trkpt lat="55.799715" lon="11.549697">
        <ele>37.828131</ele>
        <time>2025-12-29T18:25:16.371Z</time>
      </trkpt>
      <trkpt lat="55.799702" lon="11.549048">
        <ele>37.610510</ele>
        <time>2025-12-29T18:25:21.407Z</time>
      </trkpt>
      <trkpt lat="55.799766" lon="11.548148">
        <ele>37.306512</ele>
        <time>2025-12-29T18:25:28.372Z</time>
      </trkpt>
      <trkpt lat="55.799868" lon="11.547539">
        <ele>37.124337</ele>
        <time>2025-12-29T18:25:33.379Z</time>
      </trkpt>
      <trkpt lat="55.799858" lon="11.547415">
        <ele>37.102614</ele>
        <time>2025-12-29T18:25:34.366Z</time>
      </trkpt>
      <trkpt lat="55.800376" lon="11.546210">
        <ele>36.839555</ele>
        <time>2025-12-29T18:25:46.220Z</time>
      </trkpt>
      <trkpt lat="55.800528" lon="11.545780">
        <ele>36.751472</ele>
        <time>2025-12-29T18:25:49.946Z</time>
      </trkpt>
      <trkpt lat="55.800613" lon="11.545438">
        <ele>36.686629</ele>
        <time>2025-12-29T18:25:52.660Z</time>
      </trkpt>
      <trkpt lat="55.801013" lon="11.542000">
        <ele>36.246756</ele>
        <time>2025-12-29T18:26:20.798Z</time>
      </trkpt>
      <trkpt lat="55.800997" lon="11.541820">
        <ele>36.221222</ele>
        <time>2025-12-29T18:26:22.379Z</time>
      </trkpt>
      <trkpt lat="55.801229" lon="11.541719">
        <ele>35.941355</ele>
        <time>2025-12-29T18:26:25.693Z</time>
      </trkpt>
      <trkpt lat="55.801492" lon="11.541608">
        <ele>35.624632</ele>
        <time>2025-12-29T18:26:29.292Z</time>
      </trkpt>
      <trkpt lat="55.801671" lon="11.541634">
        <ele>35.414190</ele>
        <time>2025-12-29T18:26:31.574Z</time>
      </trkpt>
      <trkpt lat="55.801756" lon="11.541654">
        <ele>35.313724</ele>
        <time>2025-12-29T18:26:32.664Z</time>
      </trkpt>
      <trkpt lat="55.801748" lon="11.541571">
        <ele>35.258263</ele>
        <time>2025-12-29T18:26:33.225Z</time>
      </trkpt>
      <trkpt lat="55.801742" lon="11.541503">
        <ele>35.212930</ele>
        <time>2025-12-29T18:26:33.706Z</time>
      </trkpt>
      <trkpt lat="55.801827" lon="11.541336">
        <ele>35.064550</ele>
        <time>2025-12-29T18:26:35.243Z</time>
      </trkpt>
      <trkpt lat="55.801839" lon="11.541196">
        <ele>34.971281</ele>
        <time>2025-12-29T18:26:36.215Z</time>
      </trkpt>
      <trkpt lat="55.801815" lon="11.540817">
        <ele>34.720096</ele>
        <time>2025-12-29T18:26:38.685Z</time>
      </trkpt>
      <trkpt lat="55.801795" lon="11.540219">
        <ele>34.325561</ele>
        <time>2025-12-29T18:26:42.442Z</time>
      </trkpt>
      <trkpt lat="55.801807" lon="11.539965">
        <ele>34.157688</ele>
        <time>2025-12-29T18:26:43.967Z</time>
      </trkpt>
      <trkpt lat="55.801932" lon="11.539090">
        <ele>33.249924</ele>
        <time>2025-12-29T18:26:49.293Z</time>
      </trkpt>
      <trkpt lat="55.802022" lon="11.538109">
        <ele>32.226280</ele>
        <time>2025-12-29T18:26:55.360Z</time>
      </trkpt>
      <trkpt lat="55.801990" lon="11.537377">
        <ele>31.470160</ele>
        <time>2025-12-29T18:27:00.018Z</time>
      </trkpt>
      <trkpt lat="55.802101" lon="11.535989">
        <ele>30.443424</ele>
        <time>2025-12-29T18:27:09.605Z</time>
      </trkpt>
      <trkpt lat="55.802269" lon="11.534046">
        <ele>29.478766</ele>
        <time>2025-12-29T18:27:23.913Z</time>
      </trkpt>
      <trkpt lat="55.802482" lon="11.532730">
        <ele>28.462364</ele>
        <time>2025-12-29T18:27:33.232Z</time>
      </trkpt>
      <trkpt lat="55.802817" lon="11.531265">
        <ele>27.086924</ele>
        <time>2025-12-29T18:27:43.213Z</time>
      </trkpt>
      <trkpt lat="55.802826" lon="11.531059">
        <ele>26.907237</ele>
        <time>2025-12-29T18:27:44.489Z</time>
      </trkpt>
      <trkpt lat="55.803198" lon="11.529364">
        <ele>25.437766</ele>
        <time>2025-12-29T18:27:55.859Z</time>
      </trkpt>
      <trkpt lat="55.803441" lon="11.528506">
        <ele>24.684679</ele>
        <time>2025-12-29T18:28:02.186Z</time>
      </trkpt>
      <trkpt lat="55.803982" lon="11.526766">
        <ele>23.553174</ele>
        <time>2025-12-29T18:28:16.073Z</time>
      </trkpt>
      <trkpt lat="55.804437" lon="11.525285">
        <ele>22.906787</ele>
        <time>2025-12-29T18:28:28.603Z</time>
      </trkpt>
      <trkpt lat="55.804933" lon="11.523458">
        <ele>20.909144</ele>
        <time>2025-12-29T18:28:43.450Z</time>
      </trkpt>
      <trkpt lat="55.805115" lon="11.522725">
        <ele>19.984010</ele>
        <time>2025-12-29T18:28:48.316Z</time>
      </trkpt>
      <trkpt lat="55.805416" lon="11.521441">
        <ele>17.729068</ele>
        <time>2025-12-29T18:28:55.865Z</time>
      </trkpt>
      <trkpt lat="55.805692" lon="11.520091">
        <ele>14.447689</ele>
        <time>2025-12-29T18:29:03.399Z</time>
      </trkpt>
      <trkpt lat="55.805832" lon="11.519007">
        <ele>11.907082</ele>
        <time>2025-12-29T18:29:09.602Z</time>
      </trkpt>
      <trkpt lat="55.805973" lon="11.516927">
        <ele>10.003512</ele>
        <time>2025-12-29T18:29:23.498Z</time>
      </trkpt>
      <trkpt lat="55.806018" lon="11.514603">
        <ele>8.561172</ele>
        <time>2025-12-29T18:29:39.011Z</time>
      </trkpt>
      <trkpt lat="55.806071" lon="11.513531">
        <ele>8.156122</ele>
        <time>2025-12-29T18:29:46.553Z</time>
      </trkpt>
      <trkpt lat="55.806125" lon="11.513179">
        <ele>8.018785</ele>
        <time>2025-12-29T18:29:49.570Z</time>
      </trkpt>
      <trkpt lat="55.806194" lon="11.512898">
        <ele>7.903365</ele>
        <time>2025-12-29T18:29:52.299Z</time>
      </trkpt>
      <trkpt lat="55.806413" lon="11.512247">
        <ele>7.873898</ele>
        <time>2025-12-29T18:29:59.007Z</time>
      </trkpt>
      <trkpt lat="55.806814" lon="11.511527">
        <ele>8.071024</ele>
        <time>2025-12-29T18:30:08.180Z</time>
      </trkpt>
      <trkpt lat="55.807245" lon="11.510537">
        <ele>8.314554</ele>
        <time>2025-12-29T18:30:23.824Z</time>
      </trkpt>
      <trkpt lat="55.807818" lon="11.509120">
        <ele>8.632350</ele>
        <time>2025-12-29T18:30:45.005Z</time>
      </trkpt>
      <trkpt lat="55.808126" lon="11.508364">
        <ele>8.797862</ele>
        <time>2025-12-29T18:30:56.628Z</time>
      </trkpt>
      <trkpt lat="55.808281" lon="11.507986">
        <ele>8.880804</ele>
        <time>2025-12-29T18:31:02.135Z</time>
      </trkpt>
      <trkpt lat="55.808311" lon="11.507913">
        <ele>8.896834</ele>
        <time>2025-12-29T18:31:03.219Z</time>
      </trkpt>
      <trkpt lat="55.808333" lon="11.507858">
        <ele>8.908800</ele>
        <time>2025-12-29T18:31:04.015Z</time>
      </trkpt>
      <trkpt lat="55.808358" lon="11.507799">
        <ele>8.921897</ele>
        <time>2025-12-29T18:31:04.861Z</time>
      </trkpt>
      <trkpt lat="55.808409" lon="11.507675">
        <ele>8.949134</ele>
        <time>2025-12-29T18:31:06.696Z</time>
      </trkpt>
      <trkpt lat="55.808452" lon="11.507570">
        <ele>8.972163</ele>
        <time>2025-12-29T18:31:08.186Z</time>
      </trkpt>
      <trkpt lat="55.808584" lon="11.507248">
        <ele>8.910780</ele>
        <time>2025-12-29T18:31:12.887Z</time>
      </trkpt>
      <trkpt lat="55.808735" lon="11.506880">
        <ele>8.831073</ele>
        <time>2025-12-29T18:31:18.099Z</time>
      </trkpt>
      <trkpt lat="55.808905" lon="11.506467">
        <ele>8.741521</ele>
        <time>2025-12-29T18:31:23.679Z</time>
      </trkpt>
      <trkpt lat="55.808951" lon="11.506356">
        <ele>8.717395</ele>
        <time>2025-12-29T18:31:25.160Z</time>
      </trkpt>
      <trkpt lat="55.809405" lon="11.505226">
        <ele>8.474408</ele>
        <time>2025-12-29T18:31:39.026Z</time>
      </trkpt>
      <trkpt lat="55.809619" lon="11.504666">
        <ele>8.591209</ele>
        <time>2025-12-29T18:31:46.324Z</time>
      </trkpt>
      <trkpt lat="55.809845" lon="11.504076">
        <ele>8.951760</ele>
        <time>2025-12-29T18:31:54.739Z</time>
      </trkpt>
      <trkpt lat="55.809892" lon="11.503954">
        <ele>9.026450</ele>
        <time>2025-12-29T18:31:56.540Z</time>
      </trkpt>
      <trkpt lat="55.810092" lon="11.503431">
        <ele>9.345885</ele>
        <time>2025-12-29T18:32:04.908Z</time>
      </trkpt>
      <trkpt lat="55.810125" lon="11.503461">
        <ele>9.379184</ele>
        <time>2025-12-29T18:32:05.859Z</time>
      </trkpt>
      <trkpt lat="55.810199" lon="11.503448">
        <ele>9.446002</ele>
        <time>2025-12-29T18:32:07.661Z</time>
      </trkpt>
      <trkpt lat="55.810249" lon="11.503351">
        <ele>9.512467</ele>
        <time>2025-12-29T18:32:09.610Z</time>
      </trkpt>
      <trkpt lat="55.810326" lon="11.503409">
        <ele>9.587600</ele>
        <time>2025-12-29T18:32:11.310Z</time>
      </trkpt>
      <trkpt lat="55.810853" lon="11.503808">
        <ele>10.194033</ele>
        <time>2025-12-29T18:32:24.450Z</time>
      </trkpt>
      <trkpt lat="55.811356" lon="11.504164">
        <ele>11.322712</ele>
        <time>2025-12-29T18:32:37.293Z</time>
      </trkpt>
      <trkpt lat="55.811465" lon="11.504247">
        <ele>11.569914</ele>
        <time>2025-12-29T18:32:40.065Z</time>
      </trkpt>
      <trkpt lat="55.811690" lon="11.504439">
        <ele>12.090195</ele>
        <time>2025-12-29T18:32:45.640Z</time>
      </trkpt>
      <trkpt lat="55.811902" lon="11.504666">
        <ele>12.606067</ele>
        <time>2025-12-29T18:32:51.039Z</time>
      </trkpt>
      <trkpt lat="55.812052" lon="11.504827">
        <ele>12.971305</ele>
        <time>2025-12-29T18:32:55.050Z</time>
      </trkpt>
      <trkpt lat="55.812406" lon="11.505194">
        <ele>13.854999</ele>
        <time>2025-12-29T18:33:04.474Z</time>
      </trkpt>
      <trkpt lat="55.812588" lon="11.505383">
        <ele>14.598643</ele>
        <time>2025-12-29T18:33:09.399Z</time>
      </trkpt>
      <trkpt lat="55.812694" lon="11.505498">
        <ele>15.036756</ele>
        <time>2025-12-29T18:33:12.517Z</time>
      </trkpt>
      <trkpt lat="55.812790" lon="11.505603">
        <ele>15.434416</ele>
        <time>2025-12-29T18:33:15.507Z</time>
      </trkpt>
      <trkpt lat="55.813020" lon="11.505852">
        <ele>16.384491</ele>
        <time>2025-12-29T18:33:23.115Z</time>
      </trkpt>
      <trkpt lat="55.813142" lon="11.505983">
        <ele>16.887335</ele>
        <time>2025-12-29T18:33:27.325Z</time>
      </trkpt>
      <trkpt lat="55.813442" lon="11.506307">
        <ele>18.125754</ele>
        <time>2025-12-29T18:33:38.163Z</time>
      </trkpt>
      <trkpt lat="55.814040" lon="11.506941">
        <ele>20.640209</ele>
        <time>2025-12-29T18:34:00.985Z</time>
      </trkpt>
      <trkpt lat="55.814905" lon="11.507857">
        <ele>24.648300</ele>
        <time>2025-12-29T18:34:33.246Z</time>
      </trkpt>
      <trkpt lat="55.815204" lon="11.508125">
        <ele>25.981401</ele>
        <time>2025-12-29T18:34:43.109Z</time>
      </trkpt>
      <trkpt lat="55.815452" lon="11.508268">
        <ele>27.019486</ele>
        <time>2025-12-29T18:34:50.584Z</time>
      </trkpt>
      <trkpt lat="55.815707" lon="11.508364">
        <ele>27.753681</ele>
        <time>2025-12-29T18:34:57.819Z</time>
      </trkpt>
      <trkpt lat="55.816012" lon="11.508403">
        <ele>28.487653</ele>
        <time>2025-12-29T18:35:05.951Z</time>
      </trkpt>
      <trkpt lat="55.816358" lon="11.508366">
        <ele>29.319647</ele>
        <time>2025-12-29T18:35:14.913Z</time>
      </trkpt>
      <trkpt lat="55.816618" lon="11.508274">
        <ele>29.955933</ele>
        <time>2025-12-29T18:35:21.507Z</time>
      </trkpt>
      <trkpt lat="55.816861" lon="11.508133">
        <ele>30.569413</ele>
        <time>2025-12-29T18:35:27.507Z</time>
      </trkpt>
      <trkpt lat="55.817103" lon="11.507942">
        <ele>31.204829</ele>
        <time>2025-12-29T18:35:33.391Z</time>
      </trkpt>
      <trkpt lat="55.817319" lon="11.507708">
        <ele>31.569905</ele>
        <time>2025-12-29T18:35:38.638Z</time>
      </trkpt>
      <trkpt lat="55.817524" lon="11.507421">
        <ele>31.445214</ele>
        <time>2025-12-29T18:35:43.471Z</time>
      </trkpt>
      <trkpt lat="55.817702" lon="11.507108">
        <ele>31.325590</ele>
        <time>2025-12-29T18:35:47.515Z</time>
      </trkpt>
      <trkpt lat="55.817939" lon="11.506574">
        <ele>31.142804</ele>
        <time>2025-12-29T18:35:52.737Z</time>
      </trkpt>
      <trkpt lat="55.818053" lon="11.506224">
        <ele>31.034139</ele>
        <time>2025-12-29T18:35:55.507Z</time>
      </trkpt>
      <trkpt lat="55.818152" lon="11.505813">
        <ele>30.914027</ele>
        <time>2025-12-29T18:35:58.425Z</time>
      </trkpt>
      <trkpt lat="55.818228" lon="11.505380">
        <ele>30.792181</ele>
        <time>2025-12-29T18:36:01.278Z</time>
      </trkpt>
      <trkpt lat="55.818588" lon="11.502763">
        <ele>27.701691</ele>
        <time>2025-12-29T18:36:17.372Z</time>
      </trkpt>
      <trkpt lat="55.818712" lon="11.501855">
        <ele>26.699126</ele>
        <time>2025-12-29T18:36:23.184Z</time>
      </trkpt>
      <trkpt lat="55.818739" lon="11.501668">
        <ele>26.552630</ele>
        <time>2025-12-29T18:36:24.422Z</time>
      </trkpt>
      <trkpt lat="55.819045" lon="11.499431">
        <ele>24.805749</ele>
        <time>2025-12-29T18:36:39.835Z</time>
      </trkpt>
      <trkpt lat="55.819146" lon="11.498686">
        <ele>24.423198</ele>
        <time>2025-12-29T18:36:44.983Z</time>
      </trkpt>
      <trkpt lat="55.819187" lon="11.498387">
        <ele>24.374540</ele>
        <time>2025-12-29T18:36:47.100Z</time>
      </trkpt>
      <trkpt lat="55.819260" lon="11.497850">
        <ele>24.287192</ele>
        <time>2025-12-29T18:36:50.934Z</time>
      </trkpt>
      <trkpt lat="55.819288" lon="11.497640">
        <ele>24.253070</ele>
        <time>2025-12-29T18:36:52.439Z</time>
      </trkpt>
      <trkpt lat="55.819248" lon="11.497604">
        <ele>24.240456</ele>
        <time>2025-12-29T18:36:52.988Z</time>
      </trkpt>
      <trkpt lat="55.819377" lon="11.496780">
        <ele>24.105222</ele>
        <time>2025-12-29T18:36:59.371Z</time>
      </trkpt>
      <trkpt lat="55.819496" lon="11.496397">
        <ele>24.036029</ele>
        <time>2025-12-29T18:37:03.397Z</time>
      </trkpt>
      <trkpt lat="55.819610" lon="11.495971">
        <ele>24.016673</ele>
        <time>2025-12-29T18:37:08.370Z</time>
      </trkpt>
      <trkpt lat="55.819746" lon="11.495701">
        <ele>24.356269</ele>
        <time>2025-12-29T18:37:12.632Z</time>
      </trkpt>
      <trkpt lat="55.819979" lon="11.495247">
        <ele>24.932124</ele>
        <time>2025-12-29T18:37:20.221Z</time>
      </trkpt>
      <trkpt lat="55.820168" lon="11.494958">
        <ele>25.347456</ele>
        <time>2025-12-29T18:37:25.781Z</time>
      </trkpt>
      <trkpt lat="55.820401" lon="11.494683">
        <ele>25.813471</ele>
        <time>2025-12-29T18:37:32.215Z</time>
      </trkpt>
      <trkpt lat="55.820749" lon="11.494367">
        <ele>26.464679</ele>
        <time>2025-12-29T18:37:41.582Z</time>
      </trkpt>
      <trkpt lat="55.821314" lon="11.493989">
        <ele>27.284042</ele>
        <time>2025-12-29T18:37:54.429Z</time>
      </trkpt>
      <trkpt lat="55.825265" lon="11.491452">
        <ele>32.010578</ele>
        <time>2025-12-29T18:39:12.736Z</time>
      </trkpt>
      <trkpt lat="55.831254" lon="11.487541">
        <ele>43.828537</ele>
        <time>2025-12-29T18:41:34.875Z</time>
      </trkpt>
      <trkpt lat="55.831321" lon="11.487437">
        <ele>44.139739</ele>
        <time>2025-12-29T18:41:37.171Z</time>
      </trkpt>
      <trkpt lat="55.831853" lon="11.487093">
        <ele>46.121364</ele>
        <time>2025-12-29T18:41:52.230Z</time>
      </trkpt>
      <trkpt lat="55.831879" lon="11.487237">
        <ele>46.418787</ele>
        <time>2025-12-29T18:41:54.666Z</time>
      </trkpt>
      <trkpt lat="55.832020" lon="11.487159">
        <ele>46.935723</ele>
        <time>2025-12-29T18:41:59.075Z</time>
      </trkpt>
      <trkpt lat="55.832210" lon="11.487060">
        <ele>47.628837</ele>
        <time>2025-12-29T18:42:05.206Z</time>
      </trkpt>
      <trkpt lat="55.832429" lon="11.486959">
        <ele>48.420888</ele>
        <time>2025-12-29T18:42:12.491Z</time>
      </trkpt>
      <trkpt lat="55.832660" lon="11.486871">
        <ele>49.247953</ele>
        <time>2025-12-29T18:42:20.275Z</time>
      </trkpt>
      <trkpt lat="55.833033" lon="11.486811">
        <ele>50.656407</ele>
        <time>2025-12-29T18:42:32.742Z</time>
      </trkpt>
      <trkpt lat="55.833083" lon="11.486811">
        <ele>50.854270</ele>
        <time>2025-12-29T18:42:34.377Z</time>
      </trkpt>
      <trkpt lat="55.833403" lon="11.486898">
        <ele>52.135268</ele>
        <time>2025-12-29T18:42:44.838Z</time>
      </trkpt>
      <trkpt lat="55.833678" lon="11.487027">
        <ele>53.260643</ele>
        <time>2025-12-29T18:42:54.070Z</time>
      </trkpt>
      <trkpt lat="55.833915" lon="11.487118">
        <ele>54.220070</ele>
        <time>2025-12-29T18:43:01.895Z</time>
      </trkpt>
      <trkpt lat="55.834366" lon="11.487223">
        <ele>56.019983</ele>
        <time>2025-12-29T18:43:15.128Z</time>
      </trkpt>
      <trkpt lat="55.834773" lon="11.487243">
        <ele>57.468782</ele>
        <time>2025-12-29T18:43:26.039Z</time>
      </trkpt>
      <trkpt lat="55.835148" lon="11.487180">
        <ele>58.613740</ele>
        <time>2025-12-29T18:43:35.857Z</time>
      </trkpt>
      <trkpt lat="55.835412" lon="11.487050">
        <ele>59.446345</ele>
        <time>2025-12-29T18:43:42.741Z</time>
      </trkpt>
      <trkpt lat="55.835772" lon="11.487606">
        <ele>60.894891</ele>
        <time>2025-12-29T18:43:56.372Z</time>
      </trkpt>
      <trkpt lat="55.835890" lon="11.487832">
        <ele>61.421660</ele>
        <time>2025-12-29T18:44:01.754Z</time>
      </trkpt>
      <trkpt lat="55.835957" lon="11.487998">
        <ele>61.770619</ele>
        <time>2025-12-29T18:44:05.163Z</time>
      </trkpt>
      <trkpt lat="55.836083" lon="11.488398">
        <ele>62.352240</ele>
        <time>2025-12-29T18:44:12.212Z</time>
      </trkpt>
      <trkpt lat="55.836114" lon="11.488605">
        <ele>62.244385</ele>
        <time>2025-12-29T18:44:15.319Z</time>
      </trkpt>
      <trkpt lat="55.836083" lon="11.489526">
        <ele>61.779883</ele>
        <time>2025-12-29T18:44:26.397Z</time>
      </trkpt>
      <trkpt lat="55.836156" lon="11.489620">
        <ele>61.699121</ele>
        <time>2025-12-29T18:44:27.695Z</time>
      </trkpt>
      <trkpt lat="55.836704" lon="11.490680">
        <ele>60.973769</ele>
        <time>2025-12-29T18:44:36.690Z</time>
      </trkpt>
      <trkpt lat="55.837050" lon="11.491233">
        <ele>59.263100</ele>
        <time>2025-12-29T18:44:40.982Z</time>
      </trkpt>
      <trkpt lat="55.838392" lon="11.493730">
        <ele>48.112924</ele>
        <time>2025-12-29T18:44:58.608Z</time>
      </trkpt>
      <trkpt lat="55.838637" lon="11.493994">
        <ele>46.718492</ele>
        <time>2025-12-29T18:45:01.286Z</time>
      </trkpt>
      <trkpt lat="55.838737" lon="11.494174">
        <ele>46.026126</ele>
        <time>2025-12-29T18:45:02.627Z</time>
      </trkpt>
      <trkpt lat="55.839038" lon="11.494950">
        <ele>43.447243</ele>
        <time>2025-12-29T18:45:07.700Z</time>
      </trkpt>
      <trkpt lat="55.839179" lon="11.495425">
        <ele>41.978117</ele>
        <time>2025-12-29T18:45:10.660Z</time>
      </trkpt>
      <trkpt lat="55.839823" lon="11.498155">
        <ele>36.160149</ele>
        <time>2025-12-29T18:45:27.484Z</time>
      </trkpt>
      <trkpt lat="55.839879" lon="11.498579">
        <ele>35.335546</ele>
        <time>2025-12-29T18:45:29.997Z</time>
      </trkpt>
      <trkpt lat="55.839883" lon="11.498755">
        <ele>34.885690</ele>
        <time>2025-12-29T18:45:31.008Z</time>
      </trkpt>
      <trkpt lat="55.839780" lon="11.500049">
        <ele>31.117290</ele>
        <time>2025-12-29T18:45:38.194Z</time>
      </trkpt>
      <trkpt lat="55.839782" lon="11.500378">
        <ele>30.168600</ele>
        <time>2025-12-29T18:45:39.930Z</time>
      </trkpt>
      <trkpt lat="55.839812" lon="11.500639">
        <ele>29.400430</ele>
        <time>2025-12-29T18:45:41.309Z</time>
      </trkpt>
      <trkpt lat="55.839886" lon="11.500939">
        <ele>28.455630</ele>
        <time>2025-12-29T18:45:42.995Z</time>
      </trkpt>
      <trkpt lat="55.840105" lon="11.501651">
        <ele>26.114834</ele>
        <time>2025-12-29T18:45:47.112Z</time>
      </trkpt>
      <trkpt lat="55.840197" lon="11.501863">
        <ele>25.152262</ele>
        <time>2025-12-29T18:45:48.460Z</time>
      </trkpt>
      <trkpt lat="55.840254" lon="11.501927">
        <ele>24.704495</ele>
        <time>2025-12-29T18:45:49.060Z</time>
      </trkpt>
      <trkpt lat="55.840393" lon="11.502066">
        <ele>23.645169</ele>
        <time>2025-12-29T18:45:50.484Z</time>
      </trkpt>
      <trkpt lat="55.841190" lon="11.502560">
        <ele>18.037399</ele>
        <time>2025-12-29T18:45:58.046Z</time>
      </trkpt>
      <trkpt lat="55.841700" lon="11.502876">
        <ele>14.449132</ele>
        <time>2025-12-29T18:46:02.983Z</time>
      </trkpt>
      <trkpt lat="55.841846" lon="11.502966">
        <ele>13.630811</ele>
        <time>2025-12-29T18:46:04.422Z</time>
      </trkpt>
      <trkpt lat="55.841898" lon="11.502998">
        <ele>13.389329</ele>
        <time>2025-12-29T18:46:04.927Z</time>
      </trkpt>
      <trkpt lat="55.842041" lon="11.503096">
        <ele>12.716804</ele>
        <time>2025-12-29T18:46:06.353Z</time>
      </trkpt>
      <trkpt lat="55.842079" lon="11.503123">
        <ele>12.537230</ele>
        <time>2025-12-29T18:46:06.733Z</time>
      </trkpt>
      <trkpt lat="55.842240" lon="11.503291">
        <ele>11.718206</ele>
        <time>2025-12-29T18:46:08.471Z</time>
      </trkpt>
      <trkpt lat="55.842264" lon="11.503319">
        <ele>11.592276</ele>
        <time>2025-12-29T18:46:08.737Z</time>
      </trkpt>
      <trkpt lat="55.842390" lon="11.503486">
        <ele>10.902898</ele>
        <time>2025-12-29T18:46:10.212Z</time>
      </trkpt>
      <trkpt lat="55.842656" lon="11.503837">
        <ele>9.449833</ele>
        <time>2025-12-29T18:46:13.354Z</time>
      </trkpt>
      <trkpt lat="55.842974" lon="11.504268">
        <ele>7.695870</ele>
        <time>2025-12-29T18:46:17.267Z</time>
      </trkpt>
      <trkpt lat="55.843102" lon="11.504524">
        <ele>6.851085</ele>
        <time>2025-12-29T18:46:19.268Z</time>
      </trkpt>
      <trkpt lat="55.843177" lon="11.504797">
        <ele>6.131289</ele>
        <time>2025-12-29T18:46:21.070Z</time>
      </trkpt>
      <trkpt lat="55.843350" lon="11.505875">
        <ele>5.416173</ele>
        <time>2025-12-29T18:46:27.855Z</time>
      </trkpt>
      <trkpt lat="55.843379" lon="11.506011">
        <ele>5.323383</ele>
        <time>2025-12-29T18:46:28.805Z</time>
      </trkpt>
      <trkpt lat="55.843463" lon="11.506231">
        <ele>5.153688</ele>
        <time>2025-12-29T18:46:30.633Z</time>
      </trkpt>
      <trkpt lat="55.843593" lon="11.506446">
        <ele>4.952156</ele>
        <time>2025-12-29T18:46:32.944Z</time>
      </trkpt>
      <trkpt lat="55.843703" lon="11.506581">
        <ele>4.800400</ele>
        <time>2025-12-29T18:46:34.751Z</time>
      </trkpt>
      <trkpt lat="55.843940" lon="11.506909">
        <ele>4.459437</ele>
        <time>2025-12-29T18:46:38.923Z</time>
      </trkpt>
      <trkpt lat="55.844412" lon="11.507759">
        <ele>4.449504</ele>
        <time>2025-12-29T18:46:48.875Z</time>
      </trkpt>
      <trkpt lat="55.844847" lon="11.508457">
        <ele>5.031834</ele>
        <time>2025-12-29T18:46:59.363Z</time>
      </trkpt>
      <trkpt lat="55.844045" lon="11.508715">
        <ele>5.842412</ele>
        <time>2025-12-29T18:47:16.179Z</time>
      </trkpt>
      <trkpt lat="55.843638" lon="11.508844">
        <ele>6.791020</ele>
        <time>2025-12-29T18:47:25.800Z</time>
      </trkpt>
      <trkpt lat="55.842795" lon="11.509130">
        <ele>8.896349</ele>
        <time>2025-12-29T18:47:46.780Z</time>
      </trkpt>
      <trkpt lat="55.842504" lon="11.509345">
        <ele>9.669253</ele>
        <time>2025-12-29T18:47:54.808Z</time>
      </trkpt>
      <trkpt lat="55.842058" lon="11.509703">
        <ele>11.407125</ele>
        <time>2025-12-29T18:48:07.730Z</time>
      </trkpt>
      <trkpt lat="55.841743" lon="11.509882">
        <ele>12.983969</ele>
        <time>2025-12-29T18:48:17.327Z</time>
      </trkpt>
      <trkpt lat="55.841253" lon="11.510087">
        <ele>15.384384</ele>
        <time>2025-12-29T18:48:33.811Z</time>
      </trkpt>
      <trkpt lat="55.840960" lon="11.510155">
        <ele>16.793513</ele>
        <time>2025-12-29T18:48:44.651Z</time>
      </trkpt>
      <trkpt lat="55.839742" lon="11.510351">
        <ele>24.599775</ele>
        <time>2025-12-29T18:49:35.402Z</time>
      </trkpt>
      <trkpt lat="55.839642" lon="11.510352">
        <ele>25.327833</ele>
        <time>2025-12-29T18:49:39.915Z</time>
      </trkpt>
      <trkpt lat="55.839318" lon="11.510321">
        <ele>27.690106</ele>
        <time>2025-12-29T18:49:54.532Z</time>
      </trkpt>
      <trkpt lat="55.839025" lon="11.510198">
        <ele>29.881745</ele>
        <time>2025-12-29T18:50:08.364Z</time>
      </trkpt>
      <trkpt lat="55.838794" lon="11.510033">
        <ele>31.693765</ele>
        <time>2025-12-29T18:50:19.968Z</time>
      </trkpt>
      <trkpt lat="55.836139" lon="11.507521">
        <ele>55.491984</ele>
        <time>2025-12-29T18:52:47.551Z</time>
      </trkpt>
      <trkpt lat="55.835910" lon="11.507304">
        <ele>57.344154</ele>
        <time>2025-12-29T18:52:56.755Z</time>
      </trkpt>
      <trkpt lat="55.835474" lon="11.506893">
        <ele>60.207944</ele>
        <time>2025-12-29T18:53:13.908Z</time>
      </trkpt>
      <trkpt lat="55.835910" lon="11.507304">
        <ele>61.102275</ele>
        <time>2025-12-29T18:53:28.606Z</time>
      </trkpt>
      <trkpt lat="55.835474" lon="11.506893">
        <ele>61.996605</ele>
        <time>2025-12-29T18:53:39.951Z</time>
      </trkpt>
      <trkpt lat="55.835204" lon="11.506607">
        <ele>62.566135</ele>
        <time>2025-12-29T18:53:44.572Z</time>
      </trkpt>
      <trkpt lat="55.835032" lon="11.506319">
        <ele>62.994149</ele>
        <time>2025-12-29T18:53:48.056Z</time>
      </trkpt>
      <trkpt lat="55.834842" lon="11.505926">
        <ele>62.725570</ele>
        <time>2025-12-29T18:53:52.024Z</time>
      </trkpt>
      <trkpt lat="55.834736" lon="11.505707">
        <ele>62.175200</ele>
        <time>2025-12-29T18:53:53.818Z</time>
      </trkpt>
      <trkpt lat="55.834673" lon="11.505578">
        <ele>61.849762</ele>
        <time>2025-12-29T18:53:54.793Z</time>
      </trkpt>
      <trkpt lat="55.834352" lon="11.505142">
        <ele>60.481235</ele>
        <time>2025-12-29T18:53:58.708Z</time>
      </trkpt>
      <trkpt lat="55.833952" lon="11.504888">
        <ele>59.041696</ele>
        <time>2025-12-29T18:54:02.696Z</time>
      </trkpt>
      <trkpt lat="55.833822" lon="11.504852">
        <ele>58.595730</ele>
        <time>2025-12-29T18:54:03.928Z</time>
      </trkpt>
      <trkpt lat="55.833490" lon="11.504875">
        <ele>57.469478</ele>
        <time>2025-12-29T18:54:07.067Z</time>
      </trkpt>
      <trkpt lat="55.833527" lon="11.504040">
        <ele>57.491268</ele>
        <time>2025-12-29T18:54:11.771Z</time>
      </trkpt>
      <trkpt lat="55.833752" lon="11.502739">
        <ele>58.191141</ele>
        <time>2025-12-29T18:54:24.640Z</time>
      </trkpt>
      <trkpt lat="55.833803" lon="11.502494">
        <ele>58.325475</ele>
        <time>2025-12-29T18:54:28.677Z</time>
      </trkpt>
      <trkpt lat="55.834548" lon="11.499995">
        <ele>63.079942</ele>
        <time>2025-12-29T18:55:24.193Z</time>
      </trkpt>
      <trkpt lat="55.834630" lon="11.499601">
        <ele>64.019021</ele>
        <time>2025-12-29T18:55:31.614Z</time>
      </trkpt>
      <trkpt lat="55.835344" lon="11.492370">
        <ele>72.763412</ele>
        <time>2025-12-29T18:57:05.818Z</time>
      </trkpt>
      <trkpt lat="55.835406" lon="11.491859">
        <ele>72.023905</ele>
        <time>2025-12-29T18:57:11.262Z</time>
      </trkpt>
      <trkpt lat="55.835453" lon="11.491746">
        <ele>71.824994</ele>
        <time>2025-12-29T18:57:12.480Z</time>
      </trkpt>
      <trkpt lat="55.835530" lon="11.491647">
        <ele>71.585768</ele>
        <time>2025-12-29T18:57:13.797Z</time>
      </trkpt>
      <trkpt lat="55.835719" lon="11.491484">
        <ele>71.056803</ele>
        <time>2025-12-29T18:57:16.318Z</time>
      </trkpt>
      <trkpt lat="55.835759" lon="11.491395">
        <ele>70.895556</ele>
        <time>2025-12-29T18:57:17.030Z</time>
      </trkpt>
      <trkpt lat="55.835875" lon="11.490851">
        <ele>70.072449</ele>
        <time>2025-12-29T18:57:20.400Z</time>
      </trkpt>
      <trkpt lat="55.836001" lon="11.490122">
        <ele>68.993529</ele>
        <time>2025-12-29T18:57:24.456Z</time>
      </trkpt>
      <trkpt lat="55.836083" lon="11.489526">
        <ele>67.993061</ele>
        <time>2025-12-29T18:57:27.603Z</time>
      </trkpt>
      <trkpt lat="55.836114" lon="11.488605">
        <ele>65.857116</ele>
        <time>2025-12-29T18:57:32.277Z</time>
      </trkpt>
      <trkpt lat="55.836083" lon="11.488398">
        <ele>65.361162</ele>
        <time>2025-12-29T18:57:33.375Z</time>
      </trkpt>
      <trkpt lat="55.835957" lon="11.487998">
        <ele>64.299425</ele>
        <time>2025-12-29T18:57:35.760Z</time>
      </trkpt>
      <trkpt lat="55.835890" lon="11.487832">
        <ele>63.826171</ele>
        <time>2025-12-29T18:57:36.867Z</time>
      </trkpt>
      <trkpt lat="55.835772" lon="11.487606">
        <ele>63.111774</ele>
        <time>2025-12-29T18:57:38.584Z</time>
      </trkpt>
      <trkpt lat="55.835412" lon="11.487050">
        <ele>61.147274</ele>
        <time>2025-12-29T18:57:43.848Z</time>
      </trkpt>
      <trkpt lat="55.835579" lon="11.486799">
        <ele>61.100450</ele>
        <time>2025-12-29T18:57:46.953Z</time>
      </trkpt>
      <trkpt lat="55.835685" lon="11.486907">
        <ele>61.236393</ele>
        <time>2025-12-29T18:57:49.023Z</time>
      </trkpt>
      <trkpt lat="55.835963" lon="11.486936">
        <ele>61.546381</ele>
        <time>2025-12-29T18:57:54.453Z</time>
      </trkpt>
      <trkpt lat="55.836214" lon="11.487069">
        <ele>61.837891</ele>
        <time>2025-12-29T18:58:00.530Z</time>
      </trkpt>
      <trkpt lat="55.836341" lon="11.486882">
        <ele>62.021330</ele>
        <time>2025-12-29T18:58:04.784Z</time>
      </trkpt>
      <trkpt lat="55.836538" lon="11.486591">
        <ele>62.306247</ele>
        <time>2025-12-29T18:58:11.581Z</time>
      </trkpt>
      <trkpt lat="55.836778" lon="11.486205">
        <ele>62.666237</ele>
        <time>2025-12-29T18:58:19.555Z</time>
      </trkpt>
      <trkpt lat="55.837087" lon="11.485696">
        <ele>62.382478</ele>
        <time>2025-12-29T18:58:27.469Z</time>
      </trkpt>
      <trkpt lat="55.837203" lon="11.485489">
        <ele>61.921923</ele>
        <time>2025-12-29T18:58:29.709Z</time>
      </trkpt>
      <trkpt lat="55.837318" lon="11.485283">
        <ele>61.464463</ele>
        <time>2025-12-29T18:58:31.618Z</time>
      </trkpt>
      <trkpt lat="55.837544" lon="11.484880">
        <ele>60.567505</ele>
        <time>2025-12-29T18:58:34.971Z</time>
      </trkpt>
      <trkpt lat="55.837669" lon="11.484825">
        <ele>60.206397</ele>
        <time>2025-12-29T18:58:36.267Z</time>
      </trkpt>
      <trkpt lat="55.838056" lon="11.484180">
        <ele>58.719863</ele>
        <time>2025-12-29T18:58:41.292Z</time>
      </trkpt>
      <trkpt lat="55.838089" lon="11.484092">
        <ele>58.553216</ele>
        <time>2025-12-29T18:58:41.843Z</time>
      </trkpt>
      <trkpt lat="55.838168" lon="11.483888">
        <ele>58.162961</ele>
        <time>2025-12-29T18:58:43.126Z</time>
      </trkpt>
      <trkpt lat="55.838186" lon="11.483736">
        <ele>57.918321</ele>
        <time>2025-12-29T18:58:43.937Z</time>
      </trkpt>
      <trkpt lat="55.838445" lon="11.483249">
        <ele>56.997891</ele>
        <time>2025-12-29T18:58:47.441Z</time>
      </trkpt>
      <trkpt lat="55.838658" lon="11.482875">
        <ele>56.271344</ele>
        <time>2025-12-29T18:58:50.313Z</time>
      </trkpt>
      <trkpt lat="55.838787" lon="11.482569">
        <ele>55.749460</ele>
        <time>2025-12-29T18:58:52.503Z</time>
      </trkpt>
      <trkpt lat="55.838851" lon="11.482278">
        <ele>55.323207</ele>
        <time>2025-12-29T18:58:54.456Z</time>
      </trkpt>
      <trkpt lat="55.838965" lon="11.481288">
        <ele>53.944846</ele>
        <time>2025-12-29T18:59:01.513Z</time>
      </trkpt>
      <trkpt lat="55.839050" lon="11.480694">
        <ele>53.885709</ele>
        <time>2025-12-29T18:59:07.175Z</time>
      </trkpt>
      <trkpt lat="55.839160" lon="11.480325">
        <ele>54.425093</ele>
        <time>2025-12-29T18:59:11.950Z</time>
      </trkpt>
      <trkpt lat="55.839483" lon="11.479296">
        <ele>55.947103</ele>
        <time>2025-12-29T18:59:28.105Z</time>
      </trkpt>
      <trkpt lat="55.839655" lon="11.478495">
        <ele>57.054289</ele>
        <time>2025-12-29T18:59:41.646Z</time>
      </trkpt>
      <trkpt lat="55.839695" lon="11.478151">
        <ele>57.507839</ele>
        <time>2025-12-29T18:59:47.339Z</time>
      </trkpt>
      <trkpt lat="55.839712" lon="11.477151">
        <ele>58.584647</ele>
        <time>2025-12-29T19:00:03.999Z</time>
      </trkpt>
      <trkpt lat="55.839685" lon="11.476836">
        <ele>58.919585</ele>
        <time>2025-12-29T19:00:09.005Z</time>
      </trkpt>
      <trkpt lat="55.839361" lon="11.475783">
        <ele>60.181700</ele>
        <time>2025-12-29T19:00:25.275Z</time>
      </trkpt>
      <trkpt lat="55.839324" lon="11.475667">
        <ele>60.321929</ele>
        <time>2025-12-29T19:00:26.744Z</time>
      </trkpt>
      <trkpt lat="55.837249" lon="11.471654">
        <ele>57.789289</ele>
        <time>2025-12-29T19:01:03.270Z</time>
      </trkpt>
      <trkpt lat="55.836971" lon="11.470970">
        <ele>57.067787</ele>
        <time>2025-12-29T19:01:08.520Z</time>
      </trkpt>
      <trkpt lat="55.835704" lon="11.467243">
        <ele>52.878748</ele>
        <time>2025-12-29T19:01:35.789Z</time>
      </trkpt>
      <trkpt lat="55.835209" lon="11.465789">
        <ele>51.515452</ele>
        <time>2025-12-29T19:01:47.208Z</time>
      </trkpt>
      <trkpt lat="55.835182" lon="11.465708">
        <ele>51.439927</ele>
        <time>2025-12-29T19:01:47.837Z</time>
      </trkpt>
      <trkpt lat="55.834442" lon="11.463502">
        <ele>48.849525</ele>
        <time>2025-12-29T19:02:04.353Z</time>
      </trkpt>
      <trkpt lat="55.834179" lon="11.462719">
        <ele>47.806631</ele>
        <time>2025-12-29T19:02:09.768Z</time>
      </trkpt>
      <trkpt lat="55.834031" lon="11.462417">
        <ele>47.348466</ele>
        <time>2025-12-29T19:02:12.145Z</time>
      </trkpt>
      <trkpt lat="55.833520" lon="11.461627">
        <ele>46.104924</ele>
        <time>2025-12-29T19:02:19.318Z</time>
      </trkpt>
      <trkpt lat="55.832739" lon="11.460477">
        <ele>44.320208</ele>
        <time>2025-12-29T19:02:30.438Z</time>
      </trkpt>
      <trkpt lat="55.830908" lon="11.457889">
        <ele>43.341357</ele>
        <time>2025-12-29T19:03:02.963Z</time>
      </trkpt>
      <trkpt lat="55.830675" lon="11.457487">
        <ele>43.502743</ele>
        <time>2025-12-29T19:03:07.917Z</time>
      </trkpt>
      <trkpt lat="55.830166" lon="11.456466">
        <ele>43.884143</ele>
        <time>2025-12-29T19:03:21.959Z</time>
      </trkpt>
      <trkpt lat="55.829870" lon="11.455872">
        <ele>44.105994</ele>
        <time>2025-12-29T19:03:30.030Z</time>
      </trkpt>
      <trkpt lat="55.829697" lon="11.455523">
        <ele>44.135634</ele>
        <time>2025-12-29T19:03:34.469Z</time>
      </trkpt>
      <trkpt lat="55.829627" lon="11.455317">
        <ele>44.146757</ele>
        <time>2025-12-29T19:03:36.675Z</time>
      </trkpt>
      <trkpt lat="55.829445" lon="11.455221">
        <ele>44.162370</ele>
        <time>2025-12-29T19:03:39.960Z</time>
      </trkpt>
      <trkpt lat="55.829114" lon="11.455123">
        <ele>44.189969</ele>
        <time>2025-12-29T19:03:45.582Z</time>
      </trkpt>
      <trkpt lat="55.828958" lon="11.455032">
        <ele>44.203471</ele>
        <time>2025-12-29T19:03:47.805Z</time>
      </trkpt>
      <trkpt lat="55.828702" lon="11.454904">
        <ele>44.225342</ele>
        <time>2025-12-29T19:03:51.342Z</time>
      </trkpt>
      <trkpt lat="55.828607" lon="11.454907">
        <ele>44.233157</ele>
        <time>2025-12-29T19:03:52.620Z</time>
      </trkpt>
      <trkpt lat="55.828596" lon="11.454645">
        <ele>44.245295</ele>
        <time>2025-12-29T19:03:54.609Z</time>
      </trkpt>
      <trkpt lat="55.828525" lon="11.454414">
        <ele>44.257460</ele>
        <time>2025-12-29T19:03:56.596Z</time>
      </trkpt>
      <trkpt lat="55.828495" lon="11.454334">
        <ele>44.261904</ele>
        <time>2025-12-29T19:03:57.305Z</time>
      </trkpt>
      <trkpt lat="55.828428" lon="11.454156">
        <ele>44.183827</ele>
        <time>2025-12-29T19:03:58.913Z</time>
      </trkpt>
      <trkpt lat="55.828258" lon="11.453703">
        <ele>43.936298</ele>
        <time>2025-12-29T19:04:03.133Z</time>
      </trkpt>
      <trkpt lat="55.828127" lon="11.453304">
        <ele>43.726316</ele>
        <time>2025-12-29T19:04:06.983Z</time>
      </trkpt>
      <trkpt lat="55.827886" lon="11.452254">
        <ele>43.210959</ele>
        <time>2025-12-29T19:04:14.750Z</time>
      </trkpt>
      <trkpt lat="55.827874" lon="11.452201">
        <ele>43.184996</ele>
        <time>2025-12-29T19:04:15.119Z</time>
      </trkpt>
      <trkpt lat="55.827760" lon="11.451679">
        <ele>42.930530</ele>
        <time>2025-12-29T19:04:18.859Z</time>
      </trkpt>
      <trkpt lat="55.827534" lon="11.451012">
        <ele>43.305667</ele>
        <time>2025-12-29T19:04:23.868Z</time>
      </trkpt>
      <trkpt lat="55.827275" lon="11.450459">
        <ele>44.005940</ele>
        <time>2025-12-29T19:04:28.913Z</time>
      </trkpt>
      <trkpt lat="55.827055" lon="11.449988">
        <ele>44.601717</ele>
        <time>2025-12-29T19:04:34.312Z</time>
      </trkpt>
      <trkpt lat="55.827174" lon="11.448567">
        <ele>46.259635</ele>
        <time>2025-12-29T19:04:58.511Z</time>
      </trkpt>
      <trkpt lat="55.827371" lon="11.446390">
        <ele>55.768134</ele>
        <time>2025-12-29T19:05:58.893Z</time>
      </trkpt>
      <trkpt lat="55.827446" lon="11.445622">
        <ele>59.129499</ele>
        <time>2025-12-29T19:06:21.300Z</time>
      </trkpt>
      <trkpt lat="55.827505" lon="11.445324">
        <ele>60.180246</ele>
        <time>2025-12-29T19:06:29.938Z</time>
      </trkpt>
      <trkpt lat="55.827583" lon="11.445067">
        <ele>60.923620</ele>
        <time>2025-12-29T19:06:37.497Z</time>
      </trkpt>
      <trkpt lat="55.828081" lon="11.443801">
        <ele>64.856767</ele>
        <time>2025-12-29T19:07:09.382Z</time>
      </trkpt>
      <trkpt lat="55.828610" lon="11.441678">
        <ele>67.598555</ele>
        <time>2025-12-29T19:07:35.846Z</time>
      </trkpt>
      <trkpt lat="55.828662" lon="11.441331">
        <ele>67.509365</ele>
        <time>2025-12-29T19:07:38.563Z</time>
      </trkpt>
      <trkpt lat="55.828575" lon="11.439937">
        <ele>67.161040</ele>
        <time>2025-12-29T19:07:47.864Z</time>
      </trkpt>
      <trkpt lat="55.828494" lon="11.438943">
        <ele>65.504548</ele>
        <time>2025-12-29T19:07:53.849Z</time>
      </trkpt>
      <trkpt lat="55.828378" lon="11.437317">
        <ele>61.794368</ele>
        <time>2025-12-29T19:08:02.835Z</time>
      </trkpt>
      <trkpt lat="55.828398" lon="11.436925">
        <ele>60.903384</ele>
        <time>2025-12-29T19:08:04.912Z</time>
      </trkpt>
      <trkpt lat="55.828911" lon="11.431741">
        <ele>45.821934</ele>
        <time>2025-12-29T19:08:32.119Z</time>
      </trkpt>
      <trkpt lat="55.829134" lon="11.430098">
        <ele>42.169532</ele>
        <time>2025-12-29T19:08:42.095Z</time>
      </trkpt>
      <trkpt lat="55.829158" lon="11.429805">
        <ele>42.176309</ele>
        <time>2025-12-29T19:08:44.085Z</time>
      </trkpt>
      <trkpt lat="55.829145" lon="11.429590">
        <ele>42.181259</ele>
        <time>2025-12-29T19:08:45.586Z</time>
      </trkpt>
      <trkpt lat="55.829073" lon="11.429139">
        <ele>42.191991</ele>
        <time>2025-12-29T19:08:48.828Z</time>
      </trkpt>
      <trkpt lat="55.828648" lon="11.426999">
        <ele>42.507196</ele>
        <time>2025-12-29T19:09:09.414Z</time>
      </trkpt>
      <trkpt lat="55.828620" lon="11.426843">
        <ele>42.851020</ele>
        <time>2025-12-29T19:09:11.679Z</time>
      </trkpt>
      <trkpt lat="55.828145" lon="11.424241">
        <ele>48.595001</ele>
        <time>2025-12-29T19:10:01.543Z</time>
      </trkpt>
      <trkpt lat="55.828006" lon="11.423589">
        <ele>49.728637</ele>
        <time>2025-12-29T19:10:14.835Z</time>
      </trkpt>
      <trkpt lat="55.827757" lon="11.422675">
        <ele>51.217724</ele>
        <time>2025-12-29T19:10:31.855Z</time>
      </trkpt>
      <trkpt lat="55.827544" lon="11.421842">
        <ele>52.559383</ele>
        <time>2025-12-29T19:10:44.244Z</time>
      </trkpt>
      <trkpt lat="55.827339" lon="11.421335">
        <ele>53.475130</ele>
        <time>2025-12-29T19:10:51.093Z</time>
      </trkpt>
      <trkpt lat="55.826026" lon="11.419278">
        <ele>52.378975</ele>
        <time>2025-12-29T19:11:13.092Z</time>
      </trkpt>
      <trkpt lat="55.825762" lon="11.418862">
        <ele>51.847676</ele>
        <time>2025-12-29T19:11:17.027Z</time>
      </trkpt>
      <trkpt lat="55.824934" lon="11.417523">
        <ele>49.733131</ele>
        <time>2025-12-29T19:11:29.093Z</time>
      </trkpt>
      <trkpt lat="55.823172" lon="11.414616">
        <ele>46.698209</ele>
        <time>2025-12-29T19:11:56.287Z</time>
      </trkpt>
      <trkpt lat="55.822057" lon="11.412843">
        <ele>49.026673</ele>
        <time>2025-12-29T19:12:31.682Z</time>
      </trkpt>
      <trkpt lat="55.821749" lon="11.412410">
        <ele>49.665844</ele>
        <time>2025-12-29T19:12:41.739Z</time>
      </trkpt>
      <trkpt lat="55.821702" lon="11.412343">
        <ele>49.766476</ele>
        <time>2025-12-29T19:12:43.232Z</time>
      </trkpt>
      <trkpt lat="55.820123" lon="11.410210">
        <ele>51.657943</ele>
        <time>2025-12-29T19:13:24.423Z</time>
      </trkpt>
      <trkpt lat="55.819855" lon="11.409791">
        <ele>51.217569</ele>
        <time>2025-12-29T19:13:29.057Z</time>
      </trkpt>
      <trkpt lat="55.819576" lon="11.409410">
        <ele>50.783429</ele>
        <time>2025-12-29T19:13:33.082Z</time>
      </trkpt>
      <trkpt lat="55.819418" lon="11.409164">
        <ele>50.524272</ele>
        <time>2025-12-29T19:13:35.331Z</time>
      </trkpt>
      <trkpt lat="55.818044" lon="11.407256">
        <ele>45.021505</ele>
        <time>2025-12-29T19:13:52.254Z</time>
      </trkpt>
      <trkpt lat="55.817793" lon="11.406873">
        <ele>43.793482</ele>
        <time>2025-12-29T19:13:55.513Z</time>
      </trkpt>
      <trkpt lat="55.817428" lon="11.406287">
        <ele>43.098809</ele>
        <time>2025-12-29T19:14:00.647Z</time>
      </trkpt>
      <trkpt lat="55.817322" lon="11.406204">
        <ele>43.018039</ele>
        <time>2025-12-29T19:14:01.914Z</time>
      </trkpt>
      <trkpt lat="55.817094" lon="11.406158">
        <ele>42.857997</ele>
        <time>2025-12-29T19:14:04.560Z</time>
      </trkpt>
      <trkpt lat="55.816784" lon="11.406120">
        <ele>42.641269</ele>
        <time>2025-12-29T19:14:08.825Z</time>
      </trkpt>
      <trkpt lat="55.816550" lon="11.406036">
        <ele>42.474774</ele>
        <time>2025-12-29T19:14:12.840Z</time>
      </trkpt>
      <trkpt lat="55.816181" lon="11.405767">
        <ele>42.196656</ele>
        <time>2025-12-29T19:14:19.998Z</time>
      </trkpt>
      <trkpt lat="55.816034" lon="11.405580">
        <ele>42.199445</ele>
        <time>2025-12-29T19:14:23.580Z</time>
      </trkpt>
      <trkpt lat="55.815490" lon="11.404886">
        <ele>43.442084</ele>
        <time>2025-12-29T19:14:37.544Z</time>
      </trkpt>
      <trkpt lat="55.814900" lon="11.404200">
        <ele>44.750503</ele>
        <time>2025-12-29T19:14:54.881Z</time>
      </trkpt>
      <trkpt lat="55.814661" lon="11.403913">
        <ele>45.285783</ele>
        <time>2025-12-29T19:15:01.571Z</time>
      </trkpt>
      <trkpt lat="55.814194" lon="11.403555">
        <ele>46.227122</ele>
        <time>2025-12-29T19:15:12.546Z</time>
      </trkpt>
      <trkpt lat="55.814090" lon="11.403433">
        <ele>46.457583</ele>
        <time>2025-12-29T19:15:15.359Z</time>
      </trkpt>
      <trkpt lat="55.814027" lon="11.403101">
        <ele>46.821880</ele>
        <time>2025-12-29T19:15:19.989Z</time>
      </trkpt>
      <trkpt lat="55.814078" lon="11.402495">
        <ele>47.458902</ele>
        <time>2025-12-29T19:15:27.773Z</time>
      </trkpt>
      <trkpt lat="55.814043" lon="11.402206">
        <ele>47.766245</ele>
        <time>2025-12-29T19:15:31.230Z</time>
      </trkpt>
      <trkpt lat="55.813948" lon="11.401984">
        <ele>48.056347</ele>
        <time>2025-12-29T19:15:34.413Z</time>
      </trkpt>
      <trkpt lat="55.813839" lon="11.401855">
        <ele>48.298539</ele>
        <time>2025-12-29T19:15:37.000Z</time>
      </trkpt>
      <trkpt lat="55.813670" lon="11.401754">
        <ele>48.628383</ele>
        <time>2025-12-29T19:15:40.425Z</time>
      </trkpt>
      <trkpt lat="55.812514" lon="11.401548">
        <ele>51.284489</ele>
        <time>2025-12-29T19:16:08.322Z</time>
      </trkpt>
      <trkpt lat="55.811890" lon="11.401285">
        <ele>52.770735</ele>
        <time>2025-12-29T19:16:24.984Z</time>
      </trkpt>
      <trkpt lat="55.810037" lon="11.400087">
        <ele>57.388022</ele>
        <time>2025-12-29T19:17:13.276Z</time>
      </trkpt>
      <trkpt lat="55.809167" lon="11.399571">
        <ele>58.975303</ele>
        <time>2025-12-29T19:17:32.977Z</time>
      </trkpt>
      <trkpt lat="55.808427" lon="11.399133">
        <ele>60.325131</ele>
        <time>2025-12-29T19:17:49.098Z</time>
      </trkpt>
      <trkpt lat="55.807856" lon="11.398725">
        <ele>61.626212</ele>
        <time>2025-12-29T19:18:02.301Z</time>
      </trkpt>
      <trkpt lat="55.807257" lon="11.398147">
        <ele>63.068171</ele>
        <time>2025-12-29T19:18:17.784Z</time>
      </trkpt>
      <trkpt lat="55.806690" lon="11.397945">
        <ele>64.365648</ele>
        <time>2025-12-29T19:18:32.735Z</time>
      </trkpt>
      <trkpt lat="55.806411" lon="11.397742">
        <ele>65.305464</ele>
        <time>2025-12-29T19:18:41.016Z</time>
      </trkpt>
      <trkpt lat="55.805736" lon="11.397125">
        <ele>67.671516</ele>
        <time>2025-12-29T19:19:02.512Z</time>
      </trkpt>
      <trkpt lat="55.805186" lon="11.396566">
        <ele>69.646412</ele>
        <time>2025-12-29T19:19:20.268Z</time>
      </trkpt>
      <trkpt lat="55.804889" lon="11.396324">
        <ele>70.578952</ele>
        <time>2025-12-29T19:19:28.503Z</time>
      </trkpt>
      <trkpt lat="55.804234" lon="11.396011">
        <ele>72.496180</ele>
        <time>2025-12-29T19:19:45.297Z</time>
      </trkpt>
      <trkpt lat="55.803789" lon="11.395600">
        <ele>73.913529</ele>
        <time>2025-12-29T19:19:59.136Z</time>
      </trkpt>
      <trkpt lat="55.802599" lon="11.393917">
        <ele>75.302789</ele>
        <time>2025-12-29T19:20:38.393Z</time>
      </trkpt>
      <trkpt lat="55.801948" lon="11.393007">
        <ele>73.992557</ele>
        <time>2025-12-29T19:20:46.860Z</time>
      </trkpt>
      <trkpt lat="55.801674" lon="11.392610">
        <ele>71.567597</ele>
        <time>2025-12-29T19:20:50.002Z</time>
      </trkpt>
      <trkpt lat="55.801387" lon="11.392137">
        <ele>68.882894</ele>
        <time>2025-12-29T19:20:53.412Z</time>
      </trkpt>
      <trkpt lat="55.800880" lon="11.391198">
        <ele>63.860584</ele>
        <time>2025-12-29T19:20:59.829Z</time>
      </trkpt>
      <trkpt lat="55.800832" lon="11.391134">
        <ele>63.448947</ele>
        <time>2025-12-29T19:21:00.369Z</time>
      </trkpt>
      <trkpt lat="55.800642" lon="11.390882">
        <ele>62.480774</ele>
        <time>2025-12-29T19:21:02.505Z</time>
      </trkpt>
      <trkpt lat="55.799892" lon="11.390058">
        <ele>59.325673</ele>
        <time>2025-12-29T19:21:10.979Z</time>
      </trkpt>
      <trkpt lat="55.799203" lon="11.389294">
        <ele>56.654228</ele>
        <time>2025-12-29T19:21:21.130Z</time>
      </trkpt>
      <trkpt lat="55.797835" lon="11.387689">
        <ele>54.826524</ele>
        <time>2025-12-29T19:21:42.280Z</time>
      </trkpt>
      <trkpt lat="55.797702" lon="11.387444">
        <ele>54.091803</ele>
        <time>2025-12-29T19:21:44.263Z</time>
      </trkpt>
      <trkpt lat="55.797643" lon="11.387148">
        <ele>53.168640</ele>
        <time>2025-12-29T19:21:46.036Z</time>
      </trkpt>
      <trkpt lat="55.797601" lon="11.386639">
        <ele>51.656419</ele>
        <time>2025-12-29T19:21:48.852Z</time>
      </trkpt>
      <trkpt lat="55.797473" lon="11.383822">
        <ele>42.134576</ele>
        <time>2025-12-29T19:22:03.271Z</time>
      </trkpt>
      <trkpt lat="55.797433" lon="11.383640">
        <ele>41.211341</ele>
        <time>2025-12-29T19:22:04.245Z</time>
      </trkpt>
      <trkpt lat="55.797359" lon="11.383497">
        <ele>40.293056</ele>
        <time>2025-12-29T19:22:05.204Z</time>
      </trkpt>
      <trkpt lat="55.796285" lon="11.382240">
        <ele>29.432685</ele>
        <time>2025-12-29T19:22:16.397Z</time>
      </trkpt>
      <trkpt lat="55.796180" lon="11.382063">
        <ele>28.126422</ele>
        <time>2025-12-29T19:22:17.640Z</time>
      </trkpt>
      <trkpt lat="55.796133" lon="11.381926">
        <ele>27.311698</ele>
        <time>2025-12-29T19:22:18.413Z</time>
      </trkpt>
      <trkpt lat="55.795678" lon="11.380073">
        <ele>17.047150</ele>
        <time>2025-12-29T19:22:28.200Z</time>
      </trkpt>
      <trkpt lat="55.795502" lon="11.379358">
        <ele>13.603902</ele>
        <time>2025-12-29T19:22:32.102Z</time>
      </trkpt>
      <trkpt lat="55.795358" lon="11.378769">
        <ele>12.214105</ele>
        <time>2025-12-29T19:22:35.431Z</time>
      </trkpt>
      <trkpt lat="55.794624" lon="11.379150">
        <ele>9.270987</ele>
        <time>2025-12-29T19:22:43.045Z</time>
      </trkpt>
      <trkpt lat="55.793394" lon="11.379837">
        <ele>6.191077</ele>
        <time>2025-12-29T19:22:58.070Z</time>
      </trkpt>
      <trkpt lat="55.792899" lon="11.380226">
        <ele>5.530025</ele>
        <time>2025-12-29T19:23:04.510Z</time>
      </trkpt>
      <trkpt lat="55.792869" lon="11.380256">
        <ele>5.487984</ele>
        <time>2025-12-29T19:23:04.935Z</time>
      </trkpt>
      <trkpt lat="55.792453" lon="11.380695">
        <ele>4.897116</ele>
        <time>2025-12-29T19:23:10.861Z</time>
      </trkpt>
      <trkpt lat="55.791480" lon="11.381709">
        <ele>4.140985</ele>
        <time>2025-12-29T19:23:25.132Z</time>
      </trkpt>
      <trkpt lat="55.790752" lon="11.382439">
        <ele>3.619224</ele>
        <time>2025-12-29T19:23:36.358Z</time>
      </trkpt>
      <trkpt lat="55.790690" lon="11.382505">
        <ele>3.586391</ele>
        <time>2025-12-29T19:23:37.339Z</time>
      </trkpt>
      <trkpt lat="55.789964" lon="11.383203">
        <ele>3.211387</ele>
        <time>2025-12-29T19:23:48.286Z</time>
      </trkpt>
      <trkpt lat="55.789175" lon="11.383988">
        <ele>2.808152</ele>
        <time>2025-12-29T19:24:00.512Z</time>
      </trkpt>
      <trkpt lat="55.789027" lon="11.384173">
        <ele>2.735409</ele>
        <time>2025-12-29T19:24:02.941Z</time>
      </trkpt>
      <trkpt lat="55.788443" lon="11.385355">
        <ele>2.379640</ele>
        <time>2025-12-29T19:24:14.826Z</time>
      </trkpt>
      <trkpt lat="55.788320" lon="11.385522">
        <ele>2.317414</ele>
        <time>2025-12-29T19:24:16.932Z</time>
      </trkpt>
      <trkpt lat="55.788216" lon="11.385613">
        <ele>2.270805</ele>
        <time>2025-12-29T19:24:18.475Z</time>
      </trkpt>
      <trkpt lat="55.788133" lon="11.385636">
        <ele>2.237026</ele>
        <time>2025-12-29T19:24:19.598Z</time>
      </trkpt>
      <trkpt lat="55.787957" lon="11.385684">
        <ele>2.165424</ele>
        <time>2025-12-29T19:24:21.976Z</time>
      </trkpt>
      <trkpt lat="55.787208" lon="11.385834">
        <ele>2.224116</ele>
        <time>2025-12-29T19:24:32.372Z</time>
      </trkpt>
      <trkpt lat="55.786806" lon="11.385934">
        <ele>2.271230</ele>
        <time>2025-12-29T19:24:38.397Z</time>
      </trkpt>
      <trkpt lat="55.785872" lon="11.386435">
        <ele>2.483116</ele>
        <time>2025-12-29T19:24:55.280Z</time>
      </trkpt>
      <trkpt lat="55.785403" lon="11.386699">
        <ele>2.712925</ele>
        <time>2025-12-29T19:25:03.972Z</time>
      </trkpt>
      <trkpt lat="55.785342" lon="11.386733">
        <ele>2.742788</ele>
        <time>2025-12-29T19:25:05.061Z</time>
      </trkpt>
      <trkpt lat="55.785302" lon="11.386756">
        <ele>2.762427</ele>
        <time>2025-12-29T19:25:05.780Z</time>
      </trkpt>
      <trkpt lat="55.784924" lon="11.386969">
        <ele>2.947664</ele>
        <time>2025-12-29T19:25:12.483Z</time>
      </trkpt>
      <trkpt lat="55.782528" lon="11.388317">
        <ele>3.633888</ele>
        <time>2025-12-29T19:25:51.433Z</time>
      </trkpt>
      <trkpt lat="55.782418" lon="11.388378">
        <ele>3.677114</ele>
        <time>2025-12-29T19:25:53.292Z</time>
      </trkpt>
      <trkpt lat="55.781753" lon="11.388764">
        <ele>3.939545</ele>
        <time>2025-12-29T19:26:04.617Z</time>
      </trkpt>
      <trkpt lat="55.781571" lon="11.388952">
        <ele>4.018506</ele>
        <time>2025-12-29T19:26:08.045Z</time>
      </trkpt>
      <trkpt lat="55.780883" lon="11.390137">
        <ele>4.567298</ele>
        <time>2025-12-29T19:26:24.059Z</time>
      </trkpt>
      <trkpt lat="55.780575" lon="11.390921">
        <ele>5.040368</ele>
        <time>2025-12-29T19:26:34.268Z</time>
      </trkpt>
      <trkpt lat="55.780359" lon="11.391414">
        <ele>5.349512</ele>
        <time>2025-12-29T19:26:41.399Z</time>
      </trkpt>
      <trkpt lat="55.780194" lon="11.391724">
        <ele>5.560650</ele>
        <time>2025-12-29T19:26:46.119Z</time>
      </trkpt>
      <trkpt lat="55.780033" lon="11.391982">
        <ele>5.751289</ele>
        <time>2025-12-29T19:26:50.231Z</time>
      </trkpt>
      <trkpt lat="55.779734" lon="11.392361">
        <ele>5.688000</ele>
        <time>2025-12-29T19:26:56.947Z</time>
      </trkpt>
      <trkpt lat="55.779308" lon="11.391203">
        <ele>5.336579</ele>
        <time>2025-12-29T19:27:08.211Z</time>
      </trkpt>
      <trkpt lat="55.778967" lon="11.390480">
        <ele>5.096937</ele>
        <time>2025-12-29T19:27:14.348Z</time>
      </trkpt>
      <trkpt lat="55.778542" lon="11.389715">
        <ele>4.545537</ele>
        <time>2025-12-29T19:27:21.124Z</time>
      </trkpt>
      <trkpt lat="55.777916" lon="11.388771">
        <ele>3.611021</ele>
        <time>2025-12-29T19:27:30.638Z</time>
      </trkpt>
      <trkpt lat="55.777458" lon="11.388008">
        <ele>2.961793</ele>
        <time>2025-12-29T19:27:39.009Z</time>
      </trkpt>
      <trkpt lat="55.777196" lon="11.387521">
        <ele>2.981102</ele>
        <time>2025-12-29T19:27:44.498Z</time>
      </trkpt>
      <trkpt lat="55.776746" lon="11.386608">
        <ele>3.015883</ele>
        <time>2025-12-29T19:27:55.189Z</time>
      </trkpt>
      <trkpt lat="55.776377" lon="11.385704">
        <ele>3.047886</ele>
        <time>2025-12-29T19:28:05.100Z</time>
      </trkpt>
      <trkpt lat="55.775202" lon="11.382465">
        <ele>3.290961</ele>
        <time>2025-12-29T19:28:37.561Z</time>
      </trkpt>
      <trkpt lat="55.774906" lon="11.381705">
        <ele>3.471234</ele>
        <time>2025-12-29T19:28:45.455Z</time>
      </trkpt>
      <trkpt lat="55.774620" lon="11.381111">
        <ele>3.623717</ele>
        <time>2025-12-29T19:28:52.619Z</time>
      </trkpt>
      <trkpt lat="55.774583" lon="11.381041">
        <ele>3.642450</ele>
        <time>2025-12-29T19:28:53.527Z</time>
      </trkpt>
      <trkpt lat="55.774273" lon="11.380495">
        <ele>3.793744</ele>
        <time>2025-12-29T19:29:01.114Z</time>
      </trkpt>
      <trkpt lat="55.773796" lon="11.379751">
        <ele>4.301872</ele>
        <time>2025-12-29T19:29:12.866Z</time>
      </trkpt>
      <trkpt lat="55.773051" lon="11.378703">
        <ele>5.086342</ele>
        <time>2025-12-29T19:29:30.853Z</time>
      </trkpt>
      <trkpt lat="55.772467" lon="11.377937">
        <ele>5.055885</ele>
        <time>2025-12-29T19:29:43.028Z</time>
      </trkpt>
      <trkpt lat="55.771948" lon="11.377324">
        <ele>4.750443</ele>
        <time>2025-12-29T19:29:51.506Z</time>
      </trkpt>
      <trkpt lat="55.771603" lon="11.376996">
        <ele>4.558660</ele>
        <time>2025-12-29T19:29:56.268Z</time>
      </trkpt>
      <trkpt lat="55.770897" lon="11.376445">
        <ele>3.719998</ele>
        <time>2025-12-29T19:30:05.034Z</time>
      </trkpt>
      <trkpt lat="55.770404" lon="11.376163">
        <ele>2.953318</ele>
        <time>2025-12-29T19:30:10.811Z</time>
      </trkpt>
      <trkpt lat="55.769910" lon="11.375958">
        <ele>2.202346</ele>
        <time>2025-12-29T19:30:16.641Z</time>
      </trkpt>
      <trkpt lat="55.769387" lon="11.375817">
        <ele>1.626441</ele>
        <time>2025-12-29T19:30:22.999Z</time>
      </trkpt>
      <trkpt lat="55.769011" lon="11.375770">
        <ele>1.422176</ele>
        <time>2025-12-29T19:30:27.750Z</time>
      </trkpt>
      <trkpt lat="55.768555" lon="11.375755">
        <ele>1.175019</ele>
        <time>2025-12-29T19:30:33.749Z</time>
      </trkpt>
      <trkpt lat="55.768082" lon="11.375792">
        <ele>0.918444</ele>
        <time>2025-12-29T19:30:40.176Z</time>
      </trkpt>
      <trkpt lat="55.767593" lon="11.375893">
        <ele>0.881716</ele>
        <time>2025-12-29T19:30:47.339Z</time>
      </trkpt>
      <trkpt lat="55.767038" lon="11.376077">
        <ele>1.163770</ele>
        <time>2025-12-29T19:30:56.461Z</time>
      </trkpt>
      <trkpt lat="55.766081" lon="11.376477">
        <ele>1.654916</ele>
        <time>2025-12-29T19:31:13.902Z</time>
      </trkpt>
      <trkpt lat="55.765888" lon="11.376566">
        <ele>1.806187</ele>
        <time>2025-12-29T19:31:17.649Z</time>
      </trkpt>
      <trkpt lat="55.765213" lon="11.376880">
        <ele>2.367665</ele>
        <time>2025-12-29T19:31:30.832Z</time>
      </trkpt>
      <trkpt lat="55.765118" lon="11.376535">
        <ele>2.541560</ele>
        <time>2025-12-29T19:31:34.835Z</time>
      </trkpt>
      <trkpt lat="55.764608" lon="11.375713">
        <ele>3.095565</ele>
        <time>2025-12-29T19:31:46.871Z</time>
      </trkpt>
      <trkpt lat="55.764451" lon="11.375556">
        <ele>3.243810</ele>
        <time>2025-12-29T19:31:49.973Z</time>
      </trkpt>
      <trkpt lat="55.763251" lon="11.374779">
        <ele>4.298938</ele>
        <time>2025-12-29T19:32:11.987Z</time>
      </trkpt>
      <trkpt lat="55.763067" lon="11.374746">
        <ele>4.451724</ele>
        <time>2025-12-29T19:32:15.506Z</time>
      </trkpt>
      <trkpt lat="55.762939" lon="11.374782">
        <ele>4.558789</ele>
        <time>2025-12-29T19:32:18.044Z</time>
      </trkpt>
      <trkpt lat="55.760953" lon="11.375614">
        <ele>7.275717</ele>
        <time>2025-12-29T19:33:01.673Z</time>
      </trkpt>
      <trkpt lat="55.760751" lon="11.375628">
        <ele>7.315205</ele>
        <time>2025-12-29T19:33:05.231Z</time>
      </trkpt>
      <trkpt lat="55.760591" lon="11.375590">
        <ele>7.346737</ele>
        <time>2025-12-29T19:33:07.954Z</time>
      </trkpt>
      <trkpt lat="55.760479" lon="11.375499">
        <ele>7.370793</ele>
        <time>2025-12-29T19:33:09.961Z</time>
      </trkpt>
      <trkpt lat="55.760690" lon="11.374007">
        <ele>7.539878</ele>
        <time>2025-12-29T19:33:22.240Z</time>
      </trkpt>
      <trkpt lat="55.760696" lon="11.373283">
        <ele>7.547777</ele>
        <time>2025-12-29T19:33:27.483Z</time>
      </trkpt>
      <trkpt lat="55.760662" lon="11.372986">
        <ele>7.499019</ele>
        <time>2025-12-29T19:33:29.722Z</time>
      </trkpt>
      <trkpt lat="55.760573" lon="11.372520">
        <ele>7.419853</ele>
        <time>2025-12-29T19:33:33.390Z</time>
      </trkpt>
      <trkpt lat="55.760379" lon="11.372041">
        <ele>7.324909</ele>
        <time>2025-12-29T19:33:37.781Z</time>
      </trkpt>
      <trkpt lat="55.760159" lon="11.371657">
        <ele>7.236746</ele>
        <time>2025-12-29T19:33:41.843Z</time>
      </trkpt>
      <trkpt lat="55.759421" lon="11.370774">
        <ele>7.358068</ele>
        <time>2025-12-29T19:33:55.007Z</time>
      </trkpt>
      <trkpt lat="55.759221" lon="11.370538">
        <ele>7.564561</ele>
        <time>2025-12-29T19:33:59.258Z</time>
      </trkpt>
      <trkpt lat="55.759103" lon="11.370399">
        <ele>7.686327</ele>
        <time>2025-12-29T19:34:01.840Z</time>
      </trkpt>
      <trkpt lat="55.758246" lon="11.369387">
        <ele>8.571351</ele>
        <time>2025-12-29T19:34:21.878Z</time>
      </trkpt>
      <trkpt lat="55.758225" lon="11.369362">
        <ele>8.593092</ele>
        <time>2025-12-29T19:34:22.440Z</time>
      </trkpt>
      <trkpt lat="55.757974" lon="11.369065">
        <ele>8.718867</ele>
        <time>2025-12-29T19:34:28.932Z</time>
      </trkpt>
      <trkpt lat="55.757950" lon="11.369037">
        <ele>8.729172</ele>
        <time>2025-12-29T19:34:29.519Z</time>
      </trkpt>
      <trkpt lat="55.757789" lon="11.368848">
        <ele>8.798431</ele>
        <time>2025-12-29T19:34:33.409Z</time>
      </trkpt>
      <trkpt lat="55.757747" lon="11.368754">
        <ele>8.822674</ele>
        <time>2025-12-29T19:34:34.739Z</time>
      </trkpt>
      <trkpt lat="55.757741" lon="11.368527">
        <ele>8.868573</ele>
        <time>2025-12-29T19:34:37.131Z</time>
      </trkpt>
      <trkpt lat="55.758070" lon="11.367596">
        <ele>9.090619</ele>
        <time>2025-12-29T19:34:47.480Z</time>
      </trkpt>
      <trkpt lat="55.758391" lon="11.366686">
        <ele>9.043134</ele>
        <time>2025-12-29T19:34:55.491Z</time>
      </trkpt>
      <trkpt lat="55.758405" lon="11.366548">
        <ele>8.878174</ele>
        <time>2025-12-29T19:34:56.411Z</time>
      </trkpt>
      <trkpt lat="55.758391" lon="11.366435">
        <ele>8.742057</ele>
        <time>2025-12-29T19:34:57.153Z</time>
      </trkpt>
      <trkpt lat="55.758305" lon="11.366056">
        <ele>8.261313</ele>
        <time>2025-12-29T19:34:59.712Z</time>
      </trkpt>
      <trkpt lat="55.758313" lon="11.365865">
        <ele>8.035999</ele>
        <time>2025-12-29T19:35:00.874Z</time>
      </trkpt>
      <trkpt lat="55.758715" lon="11.364757">
        <ele>6.485087</ele>
        <time>2025-12-29T19:35:08.668Z</time>
      </trkpt>
      <trkpt lat="55.758978" lon="11.364031">
        <ele>5.477628</ele>
        <time>2025-12-29T19:35:13.686Z</time>
      </trkpt>
      <trkpt lat="55.759445" lon="11.362743">
        <ele>4.057656</ele>
        <time>2025-12-29T19:35:23.040Z</time>
      </trkpt>
      <trkpt lat="55.759710" lon="11.362012">
        <ele>3.251801</ele>
        <time>2025-12-29T19:35:28.714Z</time>
      </trkpt>
      <trkpt lat="55.759895" lon="11.361508">
        <ele>2.694140</ele>
        <time>2025-12-29T19:35:32.860Z</time>
      </trkpt>
      <trkpt lat="55.760778" lon="11.359115">
        <ele>2.059840</ele>
        <time>2025-12-29T19:35:54.900Z</time>
      </trkpt>
      <trkpt lat="55.761333" lon="11.357580">
        <ele>2.173876</ele>
        <time>2025-12-29T19:36:10.618Z</time>
      </trkpt>
      <trkpt lat="55.761364" lon="11.357408">
        <ele>2.201458</ele>
        <time>2025-12-29T19:36:12.264Z</time>
      </trkpt>
      <trkpt lat="55.761304" lon="11.357227">
        <ele>2.233540</ele>
        <time>2025-12-29T19:36:14.208Z</time>
      </trkpt>
      <trkpt lat="55.761101" lon="11.357015">
        <ele>2.297448</ele>
        <time>2025-12-29T19:36:18.201Z</time>
      </trkpt>
      <trkpt lat="55.760565" lon="11.356452">
        <ele>2.459605</ele>
        <time>2025-12-29T19:36:28.677Z</time>
      </trkpt>
      <trkpt lat="55.760377" lon="11.356254">
        <ele>2.464443</ele>
        <time>2025-12-29T19:36:32.246Z</time>
      </trkpt>
      <trkpt lat="55.760115" lon="11.355972">
        <ele>2.471224</ele>
        <time>2025-12-29T19:36:37.077Z</time>
      </trkpt>
      <trkpt lat="55.760041" lon="11.355893">
        <ele>2.473135</ele>
        <time>2025-12-29T19:36:38.406Z</time>
      </trkpt>
      <trkpt lat="55.759488" lon="11.355288">
        <ele>2.487511</ele>
        <time>2025-12-29T19:36:48.411Z</time>
      </trkpt>
      <trkpt lat="55.759243" lon="11.354898">
        <ele>2.494792</ele>
        <time>2025-12-29T19:36:52.842Z</time>
      </trkpt>
      <trkpt lat="55.758906" lon="11.354296">
        <ele>2.397529</ele>
        <time>2025-12-29T19:36:59.006Z</time>
      </trkpt>
      <trkpt lat="55.758916" lon="11.354267">
        <ele>2.390981</ele>
        <time>2025-12-29T19:36:59.259Z</time>
      </trkpt>
      <trkpt lat="55.758973" lon="11.354117">
        <ele>2.356134</ele>
        <time>2025-12-29T19:37:00.585Z</time>
      </trkpt>
      <trkpt lat="55.759044" lon="11.353912">
        <ele>2.309790</ele>
        <time>2025-12-29T19:37:02.365Z</time>
      </trkpt>
      <trkpt lat="55.759096" lon="11.353626">
        <ele>2.251925</ele>
        <time>2025-12-29T19:37:04.614Z</time>
      </trkpt>
      <trkpt lat="55.759051" lon="11.353432">
        <ele>2.211527</ele>
        <time>2025-12-29T19:37:06.204Z</time>
      </trkpt>
      <trkpt lat="55.758805" lon="11.352945">
        <ele>2.085530</ele>
        <time>2025-12-29T19:37:11.186Z</time>
      </trkpt>
      <trkpt lat="55.758143" lon="11.351722">
        <ele>1.942275</ele>
        <time>2025-12-29T19:37:25.018Z</time>
      </trkpt>
      <trkpt lat="55.757569" lon="11.350392">
        <ele>2.094763</ele>
        <time>2025-12-29T19:37:40.009Z</time>
      </trkpt>
      <trkpt lat="55.757305" lon="11.349738">
        <ele>2.167987</ele>
        <time>2025-12-29T19:37:47.090Z</time>
      </trkpt>
      <trkpt lat="55.757096" lon="11.349113">
        <ele>2.290542</ele>
        <time>2025-12-29T19:37:53.403Z</time>
      </trkpt>
      <trkpt lat="55.756938" lon="11.348626">
        <ele>2.389826</ele>
        <time>2025-12-29T19:37:58.268Z</time>
      </trkpt>
      <trkpt lat="55.756774" lon="11.348079">
        <ele>2.499292</ele>
        <time>2025-12-29T19:38:03.712Z</time>
      </trkpt>
      <trkpt lat="55.756633" lon="11.347616">
        <ele>2.592273</ele>
        <time>2025-12-29T19:38:08.597Z</time>
      </trkpt>
      <trkpt lat="55.756392" lon="11.346766">
        <ele>2.739841</ele>
        <time>2025-12-29T19:38:18.001Z</time>
      </trkpt>
      <trkpt lat="55.756185" lon="11.346016">
        <ele>2.747349</ele>
        <time>2025-12-29T19:38:25.766Z</time>
      </trkpt>
      <trkpt lat="55.755943" lon="11.345157">
        <ele>2.755983</ele>
        <time>2025-12-29T19:38:34.028Z</time>
      </trkpt>
      <trkpt lat="55.755925" lon="11.345095">
        <ele>2.756610</ele>
        <time>2025-12-29T19:38:34.560Z</time>
      </trkpt>
      <trkpt lat="55.755601" lon="11.343943">
        <ele>2.747643</ele>
        <time>2025-12-29T19:38:44.514Z</time>
      </trkpt>
      <trkpt lat="55.755322" lon="11.343029">
        <ele>2.489304</ele>
        <time>2025-12-29T19:38:51.649Z</time>
      </trkpt>
      <trkpt lat="55.754704" lon="11.341121">
        <ele>2.004895</ele>
        <time>2025-12-29T19:39:08.618Z</time>
      </trkpt>
      <trkpt lat="55.754423" lon="11.340190">
        <ele>2.271861</ele>
        <time>2025-12-29T19:39:18.178Z</time>
      </trkpt>
      <trkpt lat="55.754204" lon="11.339343">
        <ele>2.507410</ele>
        <time>2025-12-29T19:39:26.910Z</time>
      </trkpt>
      <trkpt lat="55.754024" lon="11.338533">
        <ele>2.727480</ele>
        <time>2025-12-29T19:39:35.595Z</time>
      </trkpt>
      <trkpt lat="55.753947" lon="11.338332">
        <ele>2.807653</ele>
        <time>2025-12-29T19:39:38.040Z</time>
      </trkpt>
      <trkpt lat="55.753878" lon="11.338273">
        <ele>2.923693</ele>
        <time>2025-12-29T19:39:39.404Z</time>
      </trkpt>
      <trkpt lat="55.753794" lon="11.338265">
        <ele>3.051170</ele>
        <time>2025-12-29T19:39:40.961Z</time>
      </trkpt>
      <trkpt lat="55.753460" lon="11.338316">
        <ele>3.559184</ele>
        <time>2025-12-29T19:39:47.284Z</time>
      </trkpt>
      <trkpt lat="55.753410" lon="11.338325">
        <ele>3.635343</ele>
        <time>2025-12-29T19:39:48.290Z</time>
      </trkpt>
      <trkpt lat="55.753355" lon="11.338335">
        <ele>3.719126</ele>
        <time>2025-12-29T19:39:49.399Z</time>
      </trkpt>
      <trkpt lat="55.753205" lon="11.338364">
        <ele>3.947780</ele>
        <time>2025-12-29T19:39:52.412Z</time>
      </trkpt>
      <trkpt lat="55.753127" lon="11.338381">
        <ele>4.066868</ele>
        <time>2025-12-29T19:39:53.952Z</time>
      </trkpt>
      <trkpt lat="55.753021" lon="11.338410">
        <ele>4.229395</ele>
        <time>2025-12-29T19:39:56.133Z</time>
      </trkpt>
      <trkpt lat="55.752223" lon="11.338582">
        <ele>5.447560</ele>
        <time>2025-12-29T19:40:14.146Z</time>
      </trkpt>
      <trkpt lat="55.751744" lon="11.338665">
        <ele>6.401567</ele>
        <time>2025-12-29T19:40:25.940Z</time>
      </trkpt>
      <trkpt lat="55.751636" lon="11.338684">
        <ele>6.621171</ele>
        <time>2025-12-29T19:40:28.616Z</time>
      </trkpt>
      <trkpt lat="55.751090" lon="11.338729">
        <ele>7.727179</ele>
        <time>2025-12-29T19:40:41.679Z</time>
      </trkpt>
      <trkpt lat="55.750737" lon="11.338657">
        <ele>8.446158</ele>
        <time>2025-12-29T19:40:49.766Z</time>
      </trkpt>
      <trkpt lat="55.750468" lon="11.338536">
        <ele>9.007645</ele>
        <time>2025-12-29T19:40:55.863Z</time>
      </trkpt>
      <trkpt lat="55.749948" lon="11.338280">
        <ele>9.618848</ele>
        <time>2025-12-29T19:41:06.674Z</time>
      </trkpt>
      <trkpt lat="55.749735" lon="11.338102">
        <ele>9.854983</ele>
        <time>2025-12-29T19:41:10.945Z</time>
      </trkpt>
      <trkpt lat="55.749867" lon="11.337777">
        <ele>10.081272</ele>
        <time>2025-12-29T19:41:14.991Z</time>
      </trkpt>
      <trkpt lat="55.750198" lon="11.336401">
        <ele>10.926155</ele>
        <time>2025-12-29T19:41:30.503Z</time>
      </trkpt>
      <trkpt lat="55.750314" lon="11.335918">
        <ele>10.955826</ele>
        <time>2025-12-29T19:41:35.855Z</time>
      </trkpt>
      <trkpt lat="55.750490" lon="11.335186">
        <ele>10.964392</ele>
        <time>2025-12-29T19:41:43.603Z</time>
      </trkpt>
      <trkpt lat="55.750824" lon="11.333818">
        <ele>10.980440</ele>
        <time>2025-12-29T19:41:55.741Z</time>
      </trkpt>
      <trkpt lat="55.750850" lon="11.333704">
        <ele>10.981764</ele>
        <time>2025-12-29T19:41:56.601Z</time>
      </trkpt>
      <trkpt lat="55.751026" lon="11.332985">
        <ele>10.628640</ele>
        <time>2025-12-29T19:42:01.871Z</time>
      </trkpt>
      <trkpt lat="55.751148" lon="11.332490">
        <ele>10.227515</ele>
        <time>2025-12-29T19:42:05.427Z</time>
      </trkpt>
      <trkpt lat="55.751402" lon="11.331400">
        <ele>9.351803</ele>
        <time>2025-12-29T19:42:13.142Z</time>
      </trkpt>
      <trkpt lat="55.751808" lon="11.329728">
        <ele>7.735751</ele>
        <time>2025-12-29T19:42:24.912Z</time>
      </trkpt>
      <trkpt lat="55.751824" lon="11.329677">
        <ele>7.673707</ele>
        <time>2025-12-29T19:42:25.277Z</time>
      </trkpt>
      <trkpt lat="55.752026" lon="11.328943">
        <ele>6.805502</ele>
        <time>2025-12-29T19:42:30.396Z</time>
      </trkpt>
      <trkpt lat="55.752179" lon="11.328507">
        <ele>6.259526</ele>
        <time>2025-12-29T19:42:33.574Z</time>
      </trkpt>
      <trkpt lat="55.752238" lon="11.328337">
        <ele>6.047298</ele>
        <time>2025-12-29T19:42:34.802Z</time>
      </trkpt>
      <trkpt lat="55.752320" lon="11.328109">
        <ele>5.759782</ele>
        <time>2025-12-29T19:42:36.447Z</time>
      </trkpt>
      <trkpt lat="55.752348" lon="11.328033">
        <ele>5.663260</ele>
        <time>2025-12-29T19:42:36.992Z</time>
      </trkpt>
      <trkpt lat="55.752455" lon="11.327737">
        <ele>5.289440</ele>
        <time>2025-12-29T19:42:39.121Z</time>
      </trkpt>
      <trkpt lat="55.752476" lon="11.327677">
        <ele>5.214940</ele>
        <time>2025-12-29T19:42:39.546Z</time>
      </trkpt>
      <trkpt lat="55.752665" lon="11.327155">
        <ele>4.722983</ele>
        <time>2025-12-29T19:42:43.282Z</time>
      </trkpt>
      <trkpt lat="55.752860" lon="11.326567">
        <ele>4.182049</ele>
        <time>2025-12-29T19:42:47.471Z</time>
      </trkpt>
      <trkpt lat="55.752906" lon="11.326085">
        <ele>3.794575</ele>
        <time>2025-12-29T19:42:50.578Z</time>
      </trkpt>
      <trkpt lat="55.752884" lon="11.325562">
        <ele>3.378903</ele>
        <time>2025-12-29T19:42:54.102Z</time>
      </trkpt>
      <trkpt lat="55.752879" lon="11.325439">
        <ele>3.281162</ele>
        <time>2025-12-29T19:42:54.979Z</time>
      </trkpt>
      <trkpt lat="55.752854" lon="11.324928">
        <ele>2.874630</ele>
        <time>2025-12-29T19:42:58.712Z</time>
      </trkpt>
      <trkpt lat="55.752833" lon="11.324447">
        <ele>2.750975</ele>
        <time>2025-12-29T19:43:02.476Z</time>
      </trkpt>
      <trkpt lat="55.752824" lon="11.323966">
        <ele>2.885545</ele>
        <time>2025-12-29T19:43:06.515Z</time>
      </trkpt>
      <trkpt lat="55.752826" lon="11.323398">
        <ele>3.044371</ele>
        <time>2025-12-29T19:43:11.567Z</time>
      </trkpt>
      <trkpt lat="55.752861" lon="11.322328">
        <ele>3.344066</ele>
        <time>2025-12-29T19:43:22.430Z</time>
      </trkpt>
      <trkpt lat="55.752860" lon="11.322114">
        <ele>3.403906</ele>
        <time>2025-12-29T19:43:24.729Z</time>
      </trkpt>
      <trkpt lat="55.752878" lon="11.321725">
        <ele>3.513044</ele>
        <time>2025-12-29T19:43:28.932Z</time>
      </trkpt>
      <trkpt lat="55.752899" lon="11.321260">
        <ele>3.713667</ele>
        <time>2025-12-29T19:43:33.889Z</time>
      </trkpt>
      <trkpt lat="55.752865" lon="11.321128">
        <ele>3.797229</ele>
        <time>2025-12-29T19:43:35.420Z</time>
      </trkpt>
      <trkpt lat="55.752689" lon="11.320957">
        <ele>4.002401</ele>
        <time>2025-12-29T19:43:39.241Z</time>
      </trkpt>
      <trkpt lat="55.752455" lon="11.320585">
        <ele>4.323551</ele>
        <time>2025-12-29T19:43:45.245Z</time>
      </trkpt>
      <trkpt lat="55.752144" lon="11.320058">
        <ele>4.763111</ele>
        <time>2025-12-29T19:43:53.824Z</time>
      </trkpt>
      <trkpt lat="55.751928" lon="11.319602">
        <ele>5.106201</ele>
        <time>2025-12-29T19:44:00.427Z</time>
      </trkpt>
      <trkpt lat="55.751753" lon="11.319156">
        <ele>5.417193</ele>
        <time>2025-12-29T19:44:06.129Z</time>
      </trkpt>
      <trkpt lat="55.751606" lon="11.318640">
        <ele>5.459557</ele>
        <time>2025-12-29T19:44:11.710Z</time>
      </trkpt>
      <trkpt lat="55.751488" lon="11.318074">
        <ele>5.503769</ele>
        <time>2025-12-29T19:44:17.093Z</time>
      </trkpt>
      <trkpt lat="55.751398" lon="11.317407">
        <ele>5.554011</ele>
        <time>2025-12-29T19:44:22.768Z</time>
      </trkpt>
      <trkpt lat="55.751282" lon="11.316062">
        <ele>5.639851</ele>
        <time>2025-12-29T19:44:33.520Z</time>
      </trkpt>
      <trkpt lat="55.751209" lon="11.315551">
        <ele>5.478709</ele>
        <time>2025-12-29T19:44:37.625Z</time>
      </trkpt>
      <trkpt lat="55.751116" lon="11.315145">
        <ele>5.344728</ele>
        <time>2025-12-29T19:44:40.984Z</time>
      </trkpt>
      <trkpt lat="55.750995" lon="11.314770">
        <ele>5.212605</ele>
        <time>2025-12-29T19:44:44.280Z</time>
      </trkpt>
      <trkpt lat="55.750821" lon="11.314385">
        <ele>5.061680</ele>
        <time>2025-12-29T19:44:48.010Z</time>
      </trkpt>
      <trkpt lat="55.750509" lon="11.313967">
        <ele>4.849461</ele>
        <time>2025-12-29T19:44:53.102Z</time>
      </trkpt>
      <trkpt lat="55.750361" lon="11.313826">
        <ele>4.758256</ele>
        <time>2025-12-29T19:44:55.227Z</time>
      </trkpt>
      <trkpt lat="55.750114" lon="11.313674">
        <ele>4.556921</ele>
        <time>2025-12-29T19:44:58.457Z</time>
      </trkpt>
      <trkpt lat="55.750067" lon="11.313656">
        <ele>4.504016</ele>
        <time>2025-12-29T19:44:59.040Z</time>
      </trkpt>
      <trkpt lat="55.749578" lon="11.313458">
        <ele>3.952141</ele>
        <time>2025-12-29T19:45:04.942Z</time>
      </trkpt>
      <trkpt lat="55.748671" lon="11.313077">
        <ele>2.926593</ele>
        <time>2025-12-29T19:45:16.145Z</time>
      </trkpt>
      <trkpt lat="55.747750" lon="11.312725">
        <ele>2.127069</ele>
        <time>2025-12-29T19:45:27.505Z</time>
      </trkpt>
      <trkpt lat="55.747338" lon="11.312560">
        <ele>1.799217</ele>
        <time>2025-12-29T19:45:33.036Z</time>
      </trkpt>
      <trkpt lat="55.747290" lon="11.312493">
        <ele>1.751832</ele>
        <time>2025-12-29T19:45:33.840Z</time>
      </trkpt>
      <trkpt lat="55.747269" lon="11.312400">
        <ele>1.708050</ele>
        <time>2025-12-29T19:45:34.565Z</time>
      </trkpt>
      <trkpt lat="55.747351" lon="11.311581">
        <ele>1.344591</ele>
        <time>2025-12-29T19:45:40.684Z</time>
      </trkpt>
      <trkpt lat="55.747609" lon="11.308862">
        <ele>0.491047</ele>
        <time>2025-12-29T19:46:01.399Z</time>
      </trkpt>
      <trkpt lat="55.747602" lon="11.308706">
        <ele>0.443393</ele>
        <time>2025-12-29T19:46:02.501Z</time>
      </trkpt>
      <trkpt lat="55.747591" lon="11.308463">
        <ele>0.369159</ele>
        <time>2025-12-29T19:46:04.230Z</time>
      </trkpt>
      <trkpt lat="55.747487" lon="11.307636">
        <ele>0.259379</ele>
        <time>2025-12-29T19:46:10.288Z</time>
      </trkpt>
      <trkpt lat="55.747433" lon="11.307488">
        <ele>0.242791</ele>
        <time>2025-12-29T19:46:11.561Z</time>
      </trkpt>
      <trkpt lat="55.747180" lon="11.307429">
        <ele>0.200156</ele>
        <time>2025-12-29T19:46:14.829Z</time>
      </trkpt>
      <trkpt lat="55.743558" lon="11.305549">
        <ele>-0.434947</ele>
        <time>2025-12-29T19:47:10.346Z</time>
      </trkpt>
      <trkpt lat="55.743471" lon="11.305477">
        <ele>-0.451462</ele>
        <time>2025-12-29T19:47:11.673Z</time>
      </trkpt>
      <trkpt lat="55.743369" lon="11.305356">
        <ele>-0.472566</ele>
        <time>2025-12-29T19:47:13.352Z</time>
      </trkpt>
      <trkpt lat="55.742566" lon="11.304064">
        <ele>-0.634923</ele>
        <time>2025-12-29T19:47:28.218Z</time>
      </trkpt>
      <trkpt lat="55.742458" lon="11.303770">
        <ele>-0.657880</ele>
        <time>2025-12-29T19:47:31.044Z</time>
      </trkpt>
      <trkpt lat="55.742418" lon="11.303160">
        <ele>-0.698041</ele>
        <time>2025-12-29T19:47:36.048Z</time>
      </trkpt>
      <trkpt lat="55.742380" lon="11.302846">
        <ele>-0.719044</ele>
        <time>2025-12-29T19:47:38.693Z</time>
      </trkpt>
      <trkpt lat="55.742319" lon="11.302584">
        <ele>-0.737585</ele>
        <time>2025-12-29T19:47:41.042Z</time>
      </trkpt>
      <trkpt lat="55.741746" lon="11.300885">
        <ele>-0.664434</ele>
        <time>2025-12-29T19:47:57.805Z</time>
      </trkpt>
      <trkpt lat="55.741420" lon="11.299874">
        <ele>-0.529770</ele>
        <time>2025-12-29T19:48:07.970Z</time>
      </trkpt>
      <trkpt lat="55.741270" lon="11.299540">
        <ele>-0.480386</ele>
        <time>2025-12-29T19:48:11.789Z</time>
      </trkpt>
      <trkpt lat="55.738884" lon="11.296193">
        <ele>0.936161</ele>
        <time>2025-12-29T19:49:02.628Z</time>
      </trkpt>
      <trkpt lat="55.738540" lon="11.295702">
        <ele>1.170343</ele>
        <time>2025-12-29T19:49:10.288Z</time>
      </trkpt>
      <trkpt lat="55.738258" lon="11.295504">
        <ele>1.331258</ele>
        <time>2025-12-29T19:49:15.601Z</time>
      </trkpt>
      <trkpt lat="55.733897" lon="11.294297">
        <ele>4.222797</ele>
        <time>2025-12-29T19:50:32.877Z</time>
      </trkpt>
      <trkpt lat="55.732535" lon="11.293924">
        <ele>4.941158</ele>
        <time>2025-12-29T19:50:56.177Z</time>
      </trkpt>
      <trkpt lat="55.732416" lon="11.293910">
        <ele>4.980944</ele>
        <time>2025-12-29T19:50:58.147Z</time>
      </trkpt>
      <trkpt lat="55.732318" lon="11.293947">
        <ele>5.014367</ele>
        <time>2025-12-29T19:50:59.779Z</time>
      </trkpt>
      <trkpt lat="55.732141" lon="11.294117">
        <ele>5.081496</ele>
        <time>2025-12-29T19:51:03.042Z</time>
      </trkpt>
      <trkpt lat="55.731948" lon="11.294395">
        <ele>5.164395</ele>
        <time>2025-12-29T19:51:06.998Z</time>
      </trkpt>
      <trkpt lat="55.731563" lon="11.295034">
        <ele>5.340187</ele>
        <time>2025-12-29T19:51:15.246Z</time>
      </trkpt>
      <trkpt lat="55.730971" lon="11.295995">
        <ele>5.782316</ele>
        <time>2025-12-29T19:51:28.311Z</time>
      </trkpt>
      <trkpt lat="55.730347" lon="11.297008">
        <ele>6.353173</ele>
        <time>2025-12-29T19:51:42.826Z</time>
      </trkpt>
      <trkpt lat="55.730178" lon="11.297226">
        <ele>6.494213</ele>
        <time>2025-12-29T19:51:46.629Z</time>
      </trkpt>
      <trkpt lat="55.730044" lon="11.297323">
        <ele>6.591923</ele>
        <time>2025-12-29T19:51:49.344Z</time>
      </trkpt>
      <trkpt lat="55.729765" lon="11.297444">
        <ele>6.937930</ele>
        <time>2025-12-29T19:51:54.771Z</time>
      </trkpt>
      <trkpt lat="55.728431" lon="11.297969">
        <ele>8.907169</ele>
        <time>2025-12-29T19:52:22.659Z</time>
      </trkpt>
      <trkpt lat="55.726045" lon="11.298336">
        <ele>13.318755</ele>
        <time>2025-12-29T19:53:17.475Z</time>
      </trkpt>
      <trkpt lat="55.725871" lon="11.298410">
        <ele>13.604598</ele>
        <time>2025-12-29T19:53:21.494Z</time>
      </trkpt>
      <trkpt lat="55.724224" lon="11.299592">
        <ele>16.138276</ele>
        <time>2025-12-29T19:53:58.327Z</time>
      </trkpt>
      <trkpt lat="55.723054" lon="11.300433">
        <ele>17.415018</ele>
        <time>2025-12-29T19:54:20.992Z</time>
      </trkpt>
      <trkpt lat="55.722832" lon="11.300592">
        <ele>17.622827</ele>
        <time>2025-12-29T19:54:25.153Z</time>
      </trkpt>
      <trkpt lat="55.722206" lon="11.300985">
        <ele>18.191889</ele>
        <time>2025-12-29T19:54:37.279Z</time>
      </trkpt>
      <trkpt lat="55.721955" lon="11.301030">
        <ele>18.408103</ele>
        <time>2025-12-29T19:54:42.121Z</time>
      </trkpt>
      <trkpt lat="55.720717" lon="11.300581">
        <ele>19.643568</ele>
        <time>2025-12-29T19:55:05.184Z</time>
      </trkpt>
      <trkpt lat="55.720462" lon="11.300582">
        <ele>19.926575</ele>
        <time>2025-12-29T19:55:09.692Z</time>
      </trkpt>
      <trkpt lat="55.719806" lon="11.300833">
        <ele>20.671336</ele>
        <time>2025-12-29T19:55:21.926Z</time>
      </trkpt>
      <trkpt lat="55.716967" lon="11.301991">
        <ele>25.949531</ele>
        <time>2025-12-29T19:56:28.944Z</time>
      </trkpt>
      <trkpt lat="55.716668" lon="11.302032">
        <ele>26.468070</ele>
        <time>2025-12-29T19:56:35.794Z</time>
      </trkpt>
      <trkpt lat="55.716230" lon="11.301986">
        <ele>27.226736</ele>
        <time>2025-12-29T19:56:45.076Z</time>
      </trkpt>
      <trkpt lat="55.716125" lon="11.302015">
        <ele>27.410474</ele>
        <time>2025-12-29T19:56:47.192Z</time>
      </trkpt>
      <trkpt lat="55.715983" lon="11.302141">
        <ele>27.625747</ele>
        <time>2025-12-29T19:56:50.249Z</time>
      </trkpt>
      <trkpt lat="55.715959" lon="11.302172">
        <ele>27.642035</ele>
        <time>2025-12-29T19:56:50.804Z</time>
      </trkpt>
      <trkpt lat="55.715847" lon="11.302312">
        <ele>27.717208</ele>
        <time>2025-12-29T19:56:53.315Z</time>
      </trkpt>
      <trkpt lat="55.715446" lon="11.302718">
        <ele>27.970549</ele>
        <time>2025-12-29T19:57:01.231Z</time>
      </trkpt>
      <trkpt lat="55.715181" lon="11.302881">
        <ele>28.124462</ele>
        <time>2025-12-29T19:57:05.810Z</time>
      </trkpt>
      <trkpt lat="55.714748" lon="11.302926">
        <ele>28.362496</ele>
        <time>2025-12-29T19:57:12.357Z</time>
      </trkpt>
      <trkpt lat="55.714573" lon="11.303006">
        <ele>28.461668</ele>
        <time>2025-12-29T19:57:15.152Z</time>
      </trkpt>
      <trkpt lat="55.714407" lon="11.303134">
        <ele>28.560991</ele>
        <time>2025-12-29T19:57:18.059Z</time>
      </trkpt>
      <trkpt lat="55.714223" lon="11.303273">
        <ele>28.692343</ele>
        <time>2025-12-29T19:57:21.360Z</time>
      </trkpt>
      <trkpt lat="55.714127" lon="11.303301">
        <ele>28.759239</ele>
        <time>2025-12-29T19:57:23.020Z</time>
      </trkpt>
      <trkpt lat="55.714035" lon="11.303280">
        <ele>28.823020</ele>
        <time>2025-12-29T19:57:24.676Z</time>
      </trkpt>
      <trkpt lat="55.713907" lon="11.303230">
        <ele>28.913140</ele>
        <time>2025-12-29T19:57:27.129Z</time>
      </trkpt>
      <trkpt lat="55.713716" lon="11.303004">
        <ele>29.070975</ele>
        <time>2025-12-29T19:57:31.460Z</time>
      </trkpt>
      <trkpt lat="55.713350" lon="11.302136">
        <ele>29.490952</ele>
        <time>2025-12-29T19:57:42.944Z</time>
      </trkpt>
      <trkpt lat="55.713167" lon="11.301823">
        <ele>29.665690</ele>
        <time>2025-12-29T19:57:47.603Z</time>
      </trkpt>
      <trkpt lat="55.713302" lon="11.301190">
        <ele>29.635393</ele>
        <time>2025-12-29T19:57:54.019Z</time>
      </trkpt>
      <trkpt lat="55.713309" lon="11.300868">
        <ele>29.415180</ele>
        <time>2025-12-29T19:57:56.812Z</time>
      </trkpt>
      <trkpt lat="55.713299" lon="11.300684">
        <ele>29.288855</ele>
        <time>2025-12-29T19:57:58.349Z</time>
      </trkpt>
      <trkpt lat="55.713270" lon="11.300441">
        <ele>29.119108</ele>
        <time>2025-12-29T19:58:00.277Z</time>
      </trkpt>
      <trkpt lat="55.713237" lon="11.300163">
        <ele>28.924956</ele>
        <time>2025-12-29T19:58:02.351Z</time>
      </trkpt>
      <trkpt lat="55.713072" lon="11.299480">
        <ele>28.417097</ele>
        <time>2025-12-29T19:58:07.242Z</time>
      </trkpt>
      <trkpt lat="55.712935" lon="11.299003">
        <ele>28.051200</ele>
        <time>2025-12-29T19:58:10.576Z</time>
      </trkpt>
      <trkpt lat="55.711733" lon="11.295070">
        <ele>20.392793</ele>
        <time>2025-12-29T19:58:36.292Z</time>
      </trkpt>
      <trkpt lat="55.711565" lon="11.294342">
        <ele>18.422548</ele>
        <time>2025-12-29T19:58:40.551Z</time>
      </trkpt>
      <trkpt lat="55.711433" lon="11.293608">
        <ele>16.492917</ele>
        <time>2025-12-29T19:58:44.630Z</time>
      </trkpt>
      <trkpt lat="55.711143" lon="11.292006">
        <ele>12.542506</ele>
        <time>2025-12-29T19:58:53.510Z</time>
      </trkpt>
      <trkpt lat="55.710918" lon="11.291165">
        <ele>10.548397</ele>
        <time>2025-12-29T19:58:58.529Z</time>
      </trkpt>
      <trkpt lat="55.710164" lon="11.288644">
        <ele>6.992961</ele>
        <time>2025-12-29T19:59:15.388Z</time>
      </trkpt>
      <trkpt lat="55.708360" lon="11.282524">
        <ele>6.209174</ele>
        <time>2025-12-29T20:00:16.709Z</time>
      </trkpt>
      <trkpt lat="55.708195" lon="11.282022">
        <ele>6.287800</ele>
        <time>2025-12-29T20:00:22.202Z</time>
      </trkpt>
      <trkpt lat="55.707153" lon="11.279312">
        <ele>6.239101</ele>
        <time>2025-12-29T20:00:49.997Z</time>
      </trkpt>
      <trkpt lat="55.706753" lon="11.278276">
        <ele>6.025918</ele>
        <time>2025-12-29T20:00:59.254Z</time>
      </trkpt>
      <trkpt lat="55.706541" lon="11.277713">
        <ele>5.823666</ele>
        <time>2025-12-29T20:01:03.960Z</time>
      </trkpt>
      <trkpt lat="55.706165" lon="11.276716">
        <ele>5.465333</ele>
        <time>2025-12-29T20:01:12.674Z</time>
      </trkpt>
      <trkpt lat="55.706022" lon="11.276336">
        <ele>5.328847</ele>
        <time>2025-12-29T20:01:16.350Z</time>
      </trkpt>
      <trkpt lat="55.705406" lon="11.274690">
        <ele>5.171838</ele>
        <time>2025-12-29T20:01:32.393Z</time>
      </trkpt>
      <trkpt lat="55.704799" lon="11.273070">
        <ele>5.037035</ele>
        <time>2025-12-29T20:01:48.992Z</time>
      </trkpt>
      <trkpt lat="55.704690" lon="11.272784">
        <ele>4.982308</ele>
        <time>2025-12-29T20:01:51.622Z</time>
      </trkpt>
      <trkpt lat="55.704018" lon="11.270988">
        <ele>4.640589</ele>
        <time>2025-12-29T20:02:07.815Z</time>
      </trkpt>
      <trkpt lat="55.703274" lon="11.268992">
        <ele>4.708010</ele>
        <time>2025-12-29T20:02:28.190Z</time>
      </trkpt>
      <trkpt lat="55.703191" lon="11.268799">
        <ele>4.720019</ele>
        <time>2025-12-29T20:02:30.391Z</time>
      </trkpt>
      <trkpt lat="55.701254" lon="11.264584">
        <ele>5.212256</ele>
        <time>2025-12-29T20:03:18.097Z</time>
      </trkpt>
      <trkpt lat="55.701052" lon="11.264151">
        <ele>5.268337</ele>
        <time>2025-12-29T20:03:23.225Z</time>
      </trkpt>
      <trkpt lat="55.700823" lon="11.263647">
        <ele>5.332927</ele>
        <time>2025-12-29T20:03:29.026Z</time>
      </trkpt>
      <trkpt lat="55.700721" lon="11.263432">
        <ele>5.360966</ele>
        <time>2025-12-29T20:03:31.498Z</time>
      </trkpt>
      <trkpt lat="55.699543" lon="11.260863">
        <ele>4.941744</ele>
        <time>2025-12-29T20:03:57.442Z</time>
      </trkpt>
      <trkpt lat="55.699020" lon="11.259712">
        <ele>4.534174</ele>
        <time>2025-12-29T20:04:08.488Z</time>
      </trkpt>
      <trkpt lat="55.698589" lon="11.258765">
        <ele>4.182699</ele>
        <time>2025-12-29T20:04:17.263Z</time>
      </trkpt>
      <trkpt lat="55.698297" lon="11.258131">
        <ele>3.972824</ele>
        <time>2025-12-29T20:04:23.407Z</time>
      </trkpt>
      <trkpt lat="55.697323" lon="11.256018">
        <ele>3.570264</ele>
        <time>2025-12-29T20:04:44.974Z</time>
      </trkpt>
      <trkpt lat="55.695421" lon="11.251869">
        <ele>3.047776</ele>
        <time>2025-12-29T20:05:29.303Z</time>
      </trkpt>
      <trkpt lat="55.695084" lon="11.251347">
        <ele>2.884451</ele>
        <time>2025-12-29T20:05:34.846Z</time>
      </trkpt>
      <trkpt lat="55.694759" lon="11.250956">
        <ele>2.721829</ele>
        <time>2025-12-29T20:05:39.655Z</time>
      </trkpt>
      <trkpt lat="55.692729" lon="11.249268">
        <ele>1.627816</ele>
        <time>2025-12-29T20:06:09.296Z</time>
      </trkpt>
      <trkpt lat="55.692650" lon="11.249204">
        <ele>1.602963</ele>
        <time>2025-12-29T20:06:10.516Z</time>
      </trkpt>
      <trkpt lat="55.692497" lon="11.249079">
        <ele>1.554760</ele>
        <time>2025-12-29T20:06:12.917Z</time>
      </trkpt>
      <trkpt lat="55.692207" lon="11.248842">
        <ele>1.463391</ele>
        <time>2025-12-29T20:06:17.483Z</time>
      </trkpt>
      <trkpt lat="55.688942" lon="11.246201">
        <ele>0.430045</ele>
        <time>2025-12-29T20:07:08.188Z</time>
      </trkpt>
      <trkpt lat="55.688736" lon="11.245993">
        <ele>0.326234</ele>
        <time>2025-12-29T20:07:11.123Z</time>
      </trkpt>
      <trkpt lat="55.688433" lon="11.245613">
        <ele>0.163719</ele>
        <time>2025-12-29T20:07:15.734Z</time>
      </trkpt>
      <trkpt lat="55.688183" lon="11.245217">
        <ele>-0.006392</ele>
        <time>2025-12-29T20:07:19.990Z</time>
      </trkpt>
      <trkpt lat="55.687889" lon="11.244632">
        <ele>-0.240128</ele>
        <time>2025-12-29T20:07:25.542Z</time>
      </trkpt>
      <trkpt lat="55.687702" lon="11.244152">
        <ele>-0.414142</ele>
        <time>2025-12-29T20:07:29.724Z</time>
      </trkpt>
      <trkpt lat="55.687511" lon="11.243560">
        <ele>-0.617571</ele>
        <time>2025-12-29T20:07:34.718Z</time>
      </trkpt>
      <trkpt lat="55.687418" lon="11.243130">
        <ele>-0.754928</ele>
        <time>2025-12-29T20:07:38.367Z</time>
      </trkpt>
      <trkpt lat="55.687330" lon="11.242704">
        <ele>-0.751858</ele>
        <time>2025-12-29T20:07:42.374Z</time>
      </trkpt>
      <trkpt lat="55.687237" lon="11.241910">
        <ele>-0.499387</ele>
        <time>2025-12-29T20:07:49.622Z</time>
      </trkpt>
      <trkpt lat="55.686915" lon="11.236173">
        <ele>1.524006</ele>
        <time>2025-12-29T20:08:48.338Z</time>
      </trkpt>
      <trkpt lat="55.686580" lon="11.232015">
        <ele>1.411244</ele>
        <time>2025-12-29T20:09:22.634Z</time>
      </trkpt>
      <trkpt lat="55.686526" lon="11.231559">
        <ele>1.327844</ele>
        <time>2025-12-29T20:09:26.243Z</time>
      </trkpt>
      <trkpt lat="55.686450" lon="11.231121">
        <ele>1.245818</ele>
        <time>2025-12-29T20:09:29.765Z</time>
      </trkpt>
      <trkpt lat="55.685928" lon="11.228717">
        <ele>0.588570</ele>
        <time>2025-12-29T20:09:48.542Z</time>
      </trkpt>
      <trkpt lat="55.685757" lon="11.228423">
        <ele>0.465373</ele>
        <time>2025-12-29T20:09:51.565Z</time>
      </trkpt>
      <trkpt lat="55.685288" lon="11.227989">
        <ele>0.191713</ele>
        <time>2025-12-29T20:09:58.391Z</time>
      </trkpt>
      <trkpt lat="55.683779" lon="11.226684">
        <ele>0.983218</ele>
        <time>2025-12-29T20:10:24.409Z</time>
      </trkpt>
      <trkpt lat="55.681910" lon="11.225070">
        <ele>5.460230</ele>
        <time>2025-12-29T20:11:15.994Z</time>
      </trkpt>
      <trkpt lat="55.681733" lon="11.224832">
        <ele>5.789895</ele>
        <time>2025-12-29T20:11:22.213Z</time>
      </trkpt>
      <trkpt lat="55.681532" lon="11.224297">
        <ele>6.327876</ele>
        <time>2025-12-29T20:11:31.773Z</time>
      </trkpt>
      <trkpt lat="55.681281" lon="11.223587">
        <ele>7.029143</ele>
        <time>2025-12-29T20:11:42.998Z</time>
      </trkpt>
      <trkpt lat="55.678512" lon="11.215283">
        <ele>6.698783</ele>
        <time>2025-12-29T20:12:55.858Z</time>
      </trkpt>
      <trkpt lat="55.678392" lon="11.215001">
        <ele>6.742300</ele>
        <time>2025-12-29T20:12:59.302Z</time>
      </trkpt>
      <trkpt lat="55.678271" lon="11.214816">
        <ele>6.777200</ele>
        <time>2025-12-29T20:13:02.226Z</time>
      </trkpt>
      <trkpt lat="55.674150" lon="11.209711">
        <ele>15.947170</ele>
        <time>2025-12-29T20:14:56.927Z</time>
      </trkpt>
      <trkpt lat="55.673871" lon="11.209381">
        <ele>16.543706</ele>
        <time>2025-12-29T20:15:03.678Z</time>
      </trkpt>
      <trkpt lat="55.673683" lon="11.209209">
        <ele>16.919996</ele>
        <time>2025-12-29T20:15:07.997Z</time>
      </trkpt>
      <trkpt lat="55.673457" lon="11.209074">
        <ele>17.318676</ele>
        <time>2025-12-29T20:15:12.929Z</time>
      </trkpt>
      <trkpt lat="55.673074" lon="11.208986">
        <ele>17.953067</ele>
        <time>2025-12-29T20:15:20.743Z</time>
      </trkpt>
      <trkpt lat="55.672731" lon="11.209012">
        <ele>18.517008</ele>
        <time>2025-12-29T20:15:28.525Z</time>
      </trkpt>
      <trkpt lat="55.672412" lon="11.208982">
        <ele>19.041747</ele>
        <time>2025-12-29T20:15:36.292Z</time>
      </trkpt>
      <trkpt lat="55.672062" lon="11.208848">
        <ele>19.629919</ele>
        <time>2025-12-29T20:15:44.442Z</time>
      </trkpt>
      <trkpt lat="55.671707" lon="11.208611">
        <ele>19.983371</ele>
        <time>2025-12-29T20:15:52.075Z</time>
      </trkpt>
      <trkpt lat="55.671828" lon="11.208025">
        <ele>20.019662</ele>
        <time>2025-12-29T20:15:58.144Z</time>
      </trkpt>
      <trkpt lat="55.672044" lon="11.206728">
        <ele>20.098307</ele>
        <time>2025-12-29T20:16:09.051Z</time>
      </trkpt>
      <trkpt lat="55.672075" lon="11.206544">
        <ele>20.109474</ele>
        <time>2025-12-29T20:16:10.338Z</time>
      </trkpt>
      <trkpt lat="55.672230" lon="11.205564">
        <ele>20.236516</ele>
        <time>2025-12-29T20:16:17.309Z</time>
      </trkpt>
      <trkpt lat="55.672404" lon="11.204549">
        <ele>20.532391</ele>
        <time>2025-12-29T20:16:26.921Z</time>
      </trkpt>
      <trkpt lat="55.672747" lon="11.202249">
        <ele>20.943935</ele>
        <time>2025-12-29T20:16:53.169Z</time>
      </trkpt>
      <trkpt lat="55.673816" lon="11.195154">
        <ele>19.143413</ele>
        <time>2025-12-29T20:17:45.852Z</time>
      </trkpt>
      <trkpt lat="55.674500" lon="11.188479">
        <ele>18.589581</ele>
        <time>2025-12-29T20:18:46.035Z</time>
      </trkpt>
      <trkpt lat="55.674806" lon="11.185469">
        <ele>17.119532</ele>
        <time>2025-12-29T20:19:05.603Z</time>
      </trkpt>
      <trkpt lat="55.674849" lon="11.185071">
        <ele>16.869848</ele>
        <time>2025-12-29T20:19:08.323Z</time>
      </trkpt>
      <trkpt lat="55.675096" lon="11.182622">
        <ele>16.846183</ele>
        <time>2025-12-29T20:19:28.494Z</time>
      </trkpt>
      <trkpt lat="55.675476" lon="11.178956">
        <ele>18.990737</ele>
        <time>2025-12-29T20:20:11.894Z</time>
      </trkpt>
      <trkpt lat="55.675613" lon="11.177380">
        <ele>19.865258</ele>
        <time>2025-12-29T20:20:29.847Z</time>
      </trkpt>
      <trkpt lat="55.675767" lon="11.173527">
        <ele>19.867693</ele>
        <time>2025-12-29T20:21:00.861Z</time>
      </trkpt>
      <trkpt lat="55.675851" lon="11.171255">
        <ele>19.461711</ele>
        <time>2025-12-29T20:21:17.966Z</time>
      </trkpt>
      <trkpt lat="55.675880" lon="11.170485">
        <ele>19.418951</ele>
        <time>2025-12-29T20:21:23.795Z</time>
      </trkpt>
      <trkpt lat="55.676140" lon="11.163589">
        <ele>18.992995</ele>
        <time>2025-12-29T20:22:22.754Z</time>
      </trkpt>
      <trkpt lat="55.676249" lon="11.160558">
        <ele>17.538715</ele>
        <time>2025-12-29T20:22:43.602Z</time>
      </trkpt>
      <trkpt lat="55.676343" lon="11.157967">
        <ele>15.746751</ele>
        <time>2025-12-29T20:23:00.562Z</time>
      </trkpt>
      <trkpt lat="55.676419" lon="11.155909">
        <ele>14.424036</ele>
        <time>2025-12-29T20:23:14.484Z</time>
      </trkpt>
      <trkpt lat="55.676463" lon="11.154707">
        <ele>13.721209</ele>
        <time>2025-12-29T20:23:26.637Z</time>
      </trkpt>
      <trkpt lat="55.676498" lon="11.153758">
        <ele>13.190478</ele>
        <time>2025-12-29T20:23:36.130Z</time>
      </trkpt>
      <trkpt lat="55.676511" lon="11.153384">
        <ele>12.981368</ele>
        <time>2025-12-29T20:23:39.840Z</time>
      </trkpt>
      <trkpt lat="55.676543" lon="11.152551">
        <ele>12.515426</ele>
        <time>2025-12-29T20:23:47.983Z</time>
      </trkpt>
      <trkpt lat="55.676595" lon="11.151227">
        <ele>11.816941</ele>
        <time>2025-12-29T20:24:00.355Z</time>
      </trkpt>
      <trkpt lat="55.676717" lon="11.150141">
        <ele>11.240133</ele>
        <time>2025-12-29T20:24:11.115Z</time>
      </trkpt>
      <trkpt lat="55.676733" lon="11.149804">
        <ele>11.063971</ele>
        <time>2025-12-29T20:24:14.658Z</time>
      </trkpt>
      <trkpt lat="55.676716" lon="11.149358">
        <ele>10.831123</ele>
        <time>2025-12-29T20:24:19.405Z</time>
      </trkpt>
      <trkpt lat="55.676656" lon="11.148723">
        <ele>10.738414</ele>
        <time>2025-12-29T20:24:26.360Z</time>
      </trkpt>
      <trkpt lat="55.676620" lon="11.148547">
        <ele>10.735273</ele>
        <time>2025-12-29T20:24:28.412Z</time>
      </trkpt>
      <trkpt lat="55.676852" lon="11.148282">
        <ele>10.727063</ele>
        <time>2025-12-29T20:24:33.912Z</time>
      </trkpt>
      <trkpt lat="55.677004" lon="11.148016">
        <ele>10.720710</ele>
        <time>2025-12-29T20:24:38.335Z</time>
      </trkpt>
      <trkpt lat="55.677137" lon="11.147524">
        <ele>10.711557</ele>
        <time>2025-12-29T20:24:44.928Z</time>
      </trkpt>
      <trkpt lat="55.677244" lon="11.146945">
        <ele>10.701336</ele>
        <time>2025-12-29T20:24:52.472Z</time>
      </trkpt>
      <trkpt lat="55.677411" lon="11.145901">
        <ele>10.431573</ele>
        <time>2025-12-29T20:25:04.700Z</time>
      </trkpt>
      <trkpt lat="55.677600" lon="11.144899">
        <ele>9.961018</ele>
        <time>2025-12-29T20:25:12.117Z</time>
      </trkpt>
      <trkpt lat="55.677772" lon="11.143740">
        <ele>9.427273</ele>
        <time>2025-12-29T20:25:20.090Z</time>
      </trkpt>
      <trkpt lat="55.677837" lon="11.143304">
        <ele>9.289167</ele>
        <time>2025-12-29T20:25:23.096Z</time>
      </trkpt>
      <trkpt lat="55.677889" lon="11.142685">
        <ele>9.391488</ele>
        <time>2025-12-29T20:25:27.261Z</time>
      </trkpt>
      <trkpt lat="55.678933" lon="11.135678">
        <ele>10.862929</ele>
        <time>2025-12-29T20:26:36.712Z</time>
      </trkpt>
      <trkpt lat="55.678961" lon="11.135495">
        <ele>10.927962</ele>
        <time>2025-12-29T20:26:38.493Z</time>
      </trkpt>
      <trkpt lat="55.679002" lon="11.135219">
        <ele>11.025851</ele>
        <time>2025-12-29T20:26:41.192Z</time>
      </trkpt>
      <trkpt lat="55.679100" lon="11.134571">
        <ele>11.255949</ele>
        <time>2025-12-29T20:26:47.571Z</time>
      </trkpt>
      <trkpt lat="55.679136" lon="11.134319">
        <ele>11.345108</ele>
        <time>2025-12-29T20:26:50.067Z</time>
      </trkpt>
      <trkpt lat="55.679207" lon="11.134045">
        <ele>11.479074</ele>
        <time>2025-12-29T20:26:53.970Z</time>
      </trkpt>
      <trkpt lat="55.679283" lon="11.133789">
        <ele>11.655937</ele>
        <time>2025-12-29T20:26:56.938Z</time>
      </trkpt>
      <trkpt lat="55.679388" lon="11.133658">
        <ele>11.795125</ele>
        <time>2025-12-29T20:26:59.342Z</time>
      </trkpt>
      <trkpt lat="55.679404" lon="11.133446">
        <ele>11.925878</ele>
        <time>2025-12-29T20:27:01.667Z</time>
      </trkpt>
      <trkpt lat="55.679347" lon="11.133299">
        <ele>12.034940</ele>
        <time>2025-12-29T20:27:03.665Z</time>
      </trkpt>
      <trkpt lat="55.679361" lon="11.133009">
        <ele>12.212868</ele>
        <time>2025-12-29T20:27:06.952Z</time>
      </trkpt>
      <trkpt lat="55.679384" lon="11.132643">
        <ele>12.437993</ele>
        <time>2025-12-29T20:27:12.349Z</time>
      </trkpt>
      <trkpt lat="55.679519" lon="11.131749">
        <ele>13.003762</ele>
        <time>2025-12-29T20:27:22.971Z</time>
      </trkpt>
      <trkpt lat="55.679676" lon="11.130719">
        <ele>13.447356</ele>
        <time>2025-12-29T20:27:34.449Z</time>
      </trkpt>
      <trkpt lat="55.679873" lon="11.129427">
        <ele>13.689557</ele>
        <time>2025-12-29T20:27:47.338Z</time>
      </trkpt>
      <trkpt lat="55.680066" lon="11.128009">
        <ele>13.891951</ele>
        <time>2025-12-29T20:27:58.893Z</time>
      </trkpt>
      <trkpt lat="55.680206" lon="11.127075">
        <ele>13.419126</ele>
        <time>2025-12-29T20:28:06.071Z</time>
      </trkpt>
      <trkpt lat="55.680313" lon="11.126352">
        <ele>13.053423</ele>
        <time>2025-12-29T20:28:11.317Z</time>
      </trkpt>
      <trkpt lat="55.680761" lon="11.123304">
        <ele>11.486148</ele>
        <time>2025-12-29T20:28:32.489Z</time>
      </trkpt>
      <trkpt lat="55.680906" lon="11.122373">
        <ele>10.999257</ele>
        <time>2025-12-29T20:28:39.384Z</time>
      </trkpt>
      <trkpt lat="55.681022" lon="11.121589">
        <ele>10.646927</ele>
        <time>2025-12-29T20:28:45.581Z</time>
      </trkpt>
      <trkpt lat="55.681131" lon="11.120841">
        <ele>10.381047</ele>
        <time>2025-12-29T20:28:52.004Z</time>
      </trkpt>
      <trkpt lat="55.681516" lon="11.118120">
        <ele>8.757467</ele>
        <time>2025-12-29T20:29:12.197Z</time>
      </trkpt>
      <trkpt lat="55.681556" lon="11.117218">
        <ele>7.640854</ele>
        <time>2025-12-29T20:29:17.576Z</time>
      </trkpt>
      <trkpt lat="55.681536" lon="11.116522">
        <ele>6.780793</ele>
        <time>2025-12-29T20:29:21.580Z</time>
      </trkpt>
      <trkpt lat="55.681454" lon="11.114867">
        <ele>5.289118</ele>
        <time>2025-12-29T20:29:31.280Z</time>
      </trkpt>
      <trkpt lat="55.681525" lon="11.114809">
        <ele>5.213367</ele>
        <time>2025-12-29T20:29:32.198Z</time>
      </trkpt>
      <trkpt lat="55.681558" lon="11.114684">
        <ele>5.137955</ele>
        <time>2025-12-29T20:29:33.129Z</time>
      </trkpt>
      <trkpt lat="55.681555" lon="11.114614">
        <ele>5.099600</ele>
        <time>2025-12-29T20:29:33.623Z</time>
      </trkpt>
      <trkpt lat="55.681489" lon="11.114480">
        <ele>5.002384</ele>
        <time>2025-12-29T20:29:34.893Z</time>
      </trkpt>
      <trkpt lat="55.681421" lon="11.114469">
        <ele>4.936213</ele>
        <time>2025-12-29T20:29:35.792Z</time>
      </trkpt>
      <trkpt lat="55.681380" lon="11.113597">
        <ele>4.458132</ele>
        <time>2025-12-29T20:29:42.645Z</time>
      </trkpt>
      <trkpt lat="55.681377" lon="11.113532">
        <ele>4.422500</ele>
        <time>2025-12-29T20:29:43.175Z</time>
      </trkpt>
      <trkpt lat="55.681346" lon="11.112892">
        <ele>4.071540</ele>
        <time>2025-12-29T20:29:48.611Z</time>
      </trkpt>
      <trkpt lat="55.681323" lon="11.112419">
        <ele>4.002144</ele>
        <time>2025-12-29T20:29:52.912Z</time>
      </trkpt>
      <trkpt lat="55.681250" lon="11.110888">
        <ele>4.059990</ele>
        <time>2025-12-29T20:30:06.852Z</time>
      </trkpt>
      <trkpt lat="55.681106" lon="11.107873">
        <ele>3.805960</ele>
        <time>2025-12-29T20:30:31.264Z</time>
      </trkpt>
      <trkpt lat="55.681029" lon="11.106263">
        <ele>3.505132</ele>
        <time>2025-12-29T20:30:43.207Z</time>
      </trkpt>
      <trkpt lat="55.681010" lon="11.105860">
        <ele>3.395202</ele>
        <time>2025-12-29T20:30:46.187Z</time>
      </trkpt>
      <trkpt lat="55.680996" lon="11.105544">
        <ele>3.309038</ele>
        <time>2025-12-29T20:30:48.521Z</time>
      </trkpt>
      <trkpt lat="55.680985" lon="11.105337">
        <ele>3.252520</ele>
        <time>2025-12-29T20:30:50.034Z</time>
      </trkpt>
      <trkpt lat="55.680970" lon="11.105034">
        <ele>3.169838</ele>
        <time>2025-12-29T20:30:52.217Z</time>
      </trkpt>
      <trkpt lat="55.680944" lon="11.104506">
        <ele>3.025765</ele>
        <time>2025-12-29T20:30:56.091Z</time>
      </trkpt>
      <trkpt lat="55.680906" lon="11.103727">
        <ele>2.813218</ele>
        <time>2025-12-29T20:31:02.051Z</time>
      </trkpt>
      <trkpt lat="55.680974" lon="11.103645">
        <ele>2.773572</ele>
        <time>2025-12-29T20:31:03.218Z</time>
      </trkpt>
      <trkpt lat="55.680986" lon="11.103548">
        <ele>2.746578</ele>
        <time>2025-12-29T20:31:04.019Z</time>
      </trkpt>
      <trkpt lat="55.680943" lon="11.103423">
        <ele>2.706773</ele>
        <time>2025-12-29T20:31:05.213Z</time>
      </trkpt>
      <trkpt lat="55.680888" lon="11.103397">
        <ele>2.679330</ele>
        <time>2025-12-29T20:31:06.014Z</time>
      </trkpt>
      <trkpt lat="55.680833" lon="11.102237">
        <ele>2.879422</ele>
        <time>2025-12-29T20:31:15.058Z</time>
      </trkpt>
      <trkpt lat="55.680821" lon="11.102025">
        <ele>2.918493</ele>
        <time>2025-12-29T20:31:16.717Z</time>
      </trkpt>
      <trkpt lat="55.680796" lon="11.101511">
        <ele>3.013098</ele>
        <time>2025-12-29T20:31:20.962Z</time>
      </trkpt>
      <trkpt lat="55.680789" lon="11.101383">
        <ele>3.036680</ele>
        <time>2025-12-29T20:31:22.159Z</time>
      </trkpt>
      <trkpt lat="55.680781" lon="11.101171">
        <ele>3.075642</ele>
        <time>2025-12-29T20:31:24.141Z</time>
      </trkpt>
      <trkpt lat="55.680751" lon="11.100611">
        <ele>3.178795</ele>
        <time>2025-12-29T20:31:29.583Z</time>
      </trkpt>
      <trkpt lat="55.680747" lon="11.100523">
        <ele>3.194984</ele>
        <time>2025-12-29T20:31:30.525Z</time>
      </trkpt>
      <trkpt lat="55.680729" lon="11.100158">
        <ele>3.287422</ele>
        <time>2025-12-29T20:31:34.707Z</time>
      </trkpt>
      <trkpt lat="55.680709" lon="11.099685">
        <ele>3.751403</ele>
        <time>2025-12-29T20:31:40.801Z</time>
      </trkpt>
      <trkpt lat="55.680663" lon="11.098744">
        <ele>4.675329</ele>
        <time>2025-12-29T20:31:53.812Z</time>
      </trkpt>
      <trkpt lat="55.680624" lon="11.098248">
        <ele>5.165206</ele>
        <time>2025-12-29T20:32:00.914Z</time>
      </trkpt>
      <trkpt lat="55.680545" lon="11.097716">
        <ele>5.703350</ele>
        <time>2025-12-29T20:32:08.329Z</time>
      </trkpt>
      <trkpt lat="55.680476" lon="11.097426">
        <ele>6.011251</ele>
        <time>2025-12-29T20:32:12.153Z</time>
      </trkpt>
      <trkpt lat="55.680258" lon="11.096651">
        <ele>6.067528</ele>
        <time>2025-12-29T20:32:21.155Z</time>
      </trkpt>
      <trkpt lat="55.680116" lon="11.096124">
        <ele>5.700380</ele>
        <time>2025-12-29T20:32:25.437Z</time>
      </trkpt>
      <trkpt lat="55.679721" lon="11.094752">
        <ele>4.732032</ele>
        <time>2025-12-29T20:32:34.984Z</time>
      </trkpt>
      <trkpt lat="55.679640" lon="11.094567">
        <ele>4.584797</ele>
        <time>2025-12-29T20:32:36.376Z</time>
      </trkpt>
      <trkpt lat="55.678741" lon="11.094496">
        <ele>3.475604</ele>
        <time>2025-12-29T20:32:46.204Z</time>
      </trkpt>
      <trkpt lat="55.678754" lon="11.093826">
        <ele>2.997697</ele>
        <time>2025-12-29T20:32:50.848Z</time>
      </trkpt>
      <trkpt lat="55.678759" lon="11.093692">
        <ele>2.901963</ele>
        <time>2025-12-29T20:32:51.751Z</time>
      </trkpt>
      <trkpt lat="55.678773" lon="11.093325">
        <ele>2.639741</ele>
        <time>2025-12-29T20:32:54.295Z</time>
      </trkpt>
      <trkpt lat="55.678783" lon="11.093082">
        <ele>2.466053</ele>
        <time>2025-12-29T20:32:56.064Z</time>
      </trkpt>
      <trkpt lat="55.678803" lon="11.092794">
        <ele>2.259194</ele>
        <time>2025-12-29T20:32:58.273Z</time>
      </trkpt>
      <trkpt lat="55.678866" lon="11.092248">
        <ele>2.110376</ele>
        <time>2025-12-29T20:33:02.708Z</time>
      </trkpt>
      <trkpt lat="55.678907" lon="11.091969">
        <ele>2.121523</ele>
        <time>2025-12-29T20:33:04.962Z</time>
      </trkpt>
      <trkpt lat="55.678937" lon="11.091759">
        <ele>2.129898</ele>
        <time>2025-12-29T20:33:06.615Z</time>
      </trkpt>
      <trkpt lat="55.678953" lon="11.091661">
        <ele>2.133842</ele>
        <time>2025-12-29T20:33:07.412Z</time>
      </trkpt>
      <trkpt lat="55.679021" lon="11.091215">
        <ele>2.151704</ele>
        <time>2025-12-29T20:33:11.225Z</time>
      </trkpt>
      <trkpt lat="55.679153" lon="11.090444">
        <ele>2.182854</ele>
        <time>2025-12-29T20:33:18.327Z</time>
      </trkpt>
      <trkpt lat="55.679162" lon="11.090381">
        <ele>2.185367</ele>
        <time>2025-12-29T20:33:18.883Z</time>
      </trkpt>
      <trkpt lat="55.679227" lon="11.090011">
        <ele>2.200349</ele>
        <time>2025-12-29T20:33:22.261Z</time>
      </trkpt>
      <trkpt lat="55.679241" lon="11.089929">
        <ele>2.203661</ele>
        <time>2025-12-29T20:33:23.066Z</time>
      </trkpt>
      <trkpt lat="55.679432" lon="11.088880">
        <ele>2.511965</ele>
        <time>2025-12-29T20:33:33.688Z</time>
      </trkpt>
      <trkpt lat="55.679513" lon="11.088446">
        <ele>2.714825</ele>
        <time>2025-12-29T20:33:37.929Z</time>
      </trkpt>
      <trkpt lat="55.679615" lon="11.087901">
        <ele>2.969639</ele>
        <time>2025-12-29T20:33:44.056Z</time>
      </trkpt>
      <trkpt lat="55.679643" lon="11.087762">
        <ele>3.035137</ele>
        <time>2025-12-29T20:33:45.678Z</time>
      </trkpt>
      <trkpt lat="55.679875" lon="11.086726">
        <ele>3.529783</ele>
        <time>2025-12-29T20:33:57.031Z</time>
      </trkpt>
      <trkpt lat="55.679935" lon="11.086516">
        <ele>3.634249</ele>
        <time>2025-12-29T20:33:59.485Z</time>
      </trkpt>
      <trkpt lat="55.680031" lon="11.086372">
        <ele>3.787324</ele>
        <time>2025-12-29T20:34:01.913Z</time>
      </trkpt>
      <trkpt lat="55.680125" lon="11.086284">
        <ele>3.917795</ele>
        <time>2025-12-29T20:34:04.069Z</time>
      </trkpt>
      <trkpt lat="55.680276" lon="11.086193">
        <ele>4.113554</ele>
        <time>2025-12-29T20:34:07.299Z</time>
      </trkpt>
      <trkpt lat="55.680450" lon="11.086089">
        <ele>4.338940</ele>
        <time>2025-12-29T20:34:11.038Z</time>
      </trkpt>
      <trkpt lat="55.680622" lon="11.085949">
        <ele>4.571239</ele>
        <time>2025-12-29T20:34:15.032Z</time>
      </trkpt>
      <trkpt lat="55.680692" lon="11.085824">
        <ele>4.693169</ele>
        <time>2025-12-29T20:34:17.133Z</time>
      </trkpt>
      <trkpt lat="55.680883" lon="11.085147">
        <ele>5.217083</ele>
        <time>2025-12-29T20:34:26.338Z</time>
      </trkpt>
      <trkpt lat="55.680912" lon="11.085044">
        <ele>5.296760</ele>
        <time>2025-12-29T20:34:27.703Z</time>
      </trkpt>
      <trkpt lat="55.680924" lon="11.085001">
        <ele>5.329965</ele>
        <time>2025-12-29T20:34:28.273Z</time>
      </trkpt>
      <trkpt lat="55.680960" lon="11.084874">
        <ele>5.428340</ele>
        <time>2025-12-29T20:34:31.669Z</time>
      </trkpt>
      <trkpt lat="55.680996" lon="11.084733">
        <ele>5.535460</ele>
        <time>2025-12-29T20:34:35.342Z</time>
      </trkpt>
      <trkpt lat="55.681018" lon="11.084646">
        <ele>5.601448</ele>
        <time>2025-12-29T20:34:37.595Z</time>
      </trkpt>
      <trkpt lat="55.681105" lon="11.084306">
        <ele>5.834158</ele>
        <time>2025-12-29T20:34:41.607Z</time>
      </trkpt>
      <trkpt lat="55.681196" lon="11.083979">
        <ele>5.668996</ele>
        <time>2025-12-29T20:34:45.343Z</time>
      </trkpt>
      <trkpt lat="55.681252" lon="11.083794">
        <ele>5.573894</ele>
        <time>2025-12-29T20:34:47.360Z</time>
      </trkpt>
      <trkpt lat="55.681453" lon="11.083188">
        <ele>5.255454</ele>
        <time>2025-12-29T20:34:52.616Z</time>
      </trkpt>
      <trkpt lat="55.681855" lon="11.081969">
        <ele>4.615845</ele>
        <time>2025-12-29T20:35:01.858Z</time>
      </trkpt>
      <trkpt lat="55.681923" lon="11.081663">
        <ele>4.466879</ele>
        <time>2025-12-29T20:35:03.864Z</time>
      </trkpt>
      <trkpt lat="55.681930" lon="11.081629">
        <ele>4.450485</ele>
        <time>2025-12-29T20:35:04.086Z</time>
      </trkpt>
      <trkpt lat="55.682009" lon="11.081234">
        <ele>4.260239</ele>
        <time>2025-12-29T20:35:06.623Z</time>
      </trkpt>
      <trkpt lat="55.682084" lon="11.080664">
        <ele>3.994333</ele>
        <time>2025-12-29T20:35:10.268Z</time>
      </trkpt>
      <trkpt lat="55.682101" lon="11.080398">
        <ele>3.872717</ele>
        <time>2025-12-29T20:35:12.060Z</time>
      </trkpt>
      <trkpt lat="55.682110" lon="11.079387">
        <ele>3.413370</ele>
        <time>2025-12-29T20:35:19.604Z</time>
      </trkpt>
      <trkpt lat="55.682084" lon="11.079068">
        <ele>3.266944</ele>
        <time>2025-12-29T20:35:22.160Z</time>
      </trkpt>
      <trkpt lat="55.682008" lon="11.078683">
        <ele>3.081630</ele>
        <time>2025-12-29T20:35:25.504Z</time>
      </trkpt>
      <trkpt lat="55.681573" lon="11.077332">
        <ele>2.691177</ele>
        <time>2025-12-29T20:35:39.105Z</time>
      </trkpt>
      <trkpt lat="55.681625" lon="11.077312">
        <ele>2.671880</ele>
        <time>2025-12-29T20:35:39.870Z</time>
      </trkpt>
      <trkpt lat="55.681677" lon="11.077220">
        <ele>2.645243</ele>
        <time>2025-12-29T20:35:40.938Z</time>
      </trkpt>
      <trkpt lat="55.681714" lon="11.077101">
        <ele>2.617457</ele>
        <time>2025-12-29T20:35:41.972Z</time>
      </trkpt>
      <trkpt lat="55.681711" lon="11.076971">
        <ele>2.590853</ele>
        <time>2025-12-29T20:35:42.953Z</time>
      </trkpt>
      <trkpt lat="55.681645" lon="11.076780">
        <ele>2.545048</ele>
        <time>2025-12-29T20:35:44.572Z</time>
      </trkpt>
      <trkpt lat="55.681548" lon="11.076676">
        <ele>2.503941</ele>
        <time>2025-12-29T20:35:46.006Z</time>
      </trkpt>
      <trkpt lat="55.681508" lon="11.076509">
        <ele>2.466841</ele>
        <time>2025-12-29T20:35:47.321Z</time>
      </trkpt>
      <trkpt lat="55.681513" lon="11.076210">
        <ele>2.405677</ele>
        <time>2025-12-29T20:35:49.425Z</time>
      </trkpt>
      <trkpt lat="55.681521" lon="11.075887">
        <ele>2.339569</ele>
        <time>2025-12-29T20:35:52.614Z</time>
      </trkpt>
      <trkpt lat="55.681507" lon="11.075614">
        <ele>2.291467</ele>
        <time>2025-12-29T20:35:55.306Z</time>
      </trkpt>
      <trkpt lat="55.681500" lon="11.075520">
        <ele>2.282892</ele>
        <time>2025-12-29T20:35:56.256Z</time>
      </trkpt>
      <trkpt lat="55.681463" lon="11.075079">
        <ele>2.242569</ele>
        <time>2025-12-29T20:36:00.727Z</time>
      </trkpt>
      <trkpt lat="55.681401" lon="11.073897">
        <ele>2.135208</ele>
        <time>2025-12-29T20:36:13.111Z</time>
      </trkpt>
      <trkpt lat="55.681401" lon="11.073422">
        <ele>2.092250</ele>
        <time>2025-12-29T20:36:18.839Z</time>
      </trkpt>
      <trkpt lat="55.681412" lon="11.073096">
        <ele>2.062714</ele>
        <time>2025-12-29T20:36:22.915Z</time>
      </trkpt>
      <trkpt lat="55.681415" lon="11.073006">
        <ele>2.054560</ele>
        <time>2025-12-29T20:36:24.062Z</time>
      </trkpt>
      <trkpt lat="55.681419" lon="11.072929">
        <ele>2.047567</ele>
        <time>2025-12-29T20:36:25.032Z</time>
      </trkpt>
      <trkpt lat="55.681567" lon="11.072083">
        <ele>2.077920</ele>
        <time>2025-12-29T20:36:36.223Z</time>
      </trkpt>
      <trkpt lat="55.681631" lon="11.071719">
        <ele>2.134585</ele>
        <time>2025-12-29T20:36:41.126Z</time>
      </trkpt>
      <trkpt lat="55.681671" lon="11.071526">
        <ele>2.165144</ele>
        <time>2025-12-29T20:36:43.783Z</time>
      </trkpt>
      <trkpt lat="55.681691" lon="11.071424">
        <ele>2.181193</ele>
        <time>2025-12-29T20:36:45.185Z</time>
      </trkpt>
      <trkpt lat="55.681758" lon="11.071146">
        <ele>2.226123</ele>
        <time>2025-12-29T20:36:49.042Z</time>
      </trkpt>
      <trkpt lat="55.681936" lon="11.070559">
        <ele>2.325176</ele>
        <time>2025-12-29T20:36:57.180Z</time>
      </trkpt>
      <trkpt lat="55.681948" lon="11.070514">
        <ele>2.332574</ele>
        <time>2025-12-29T20:36:57.773Z</time>
      </trkpt>
      <trkpt lat="55.681963" lon="11.070459">
        <ele>2.341653</ele>
        <time>2025-12-29T20:36:58.504Z</time>
      </trkpt>
      <trkpt lat="55.682002" lon="11.070336">
        <ele>2.362625</ele>
        <time>2025-12-29T20:37:00.149Z</time>
      </trkpt>
      <trkpt lat="55.682219" lon="11.069710">
        <ele>2.471833</ele>
        <time>2025-12-29T20:37:08.408Z</time>
      </trkpt>
      <trkpt lat="55.681452" lon="11.068076">
        <ele>1.813287</ele>
        <time>2025-12-29T20:37:24.177Z</time>
      </trkpt>
      <trkpt lat="55.681416" lon="11.067998">
        <ele>1.780316</ele>
        <time>2025-12-29T20:37:24.867Z</time>
      </trkpt>
      <trkpt lat="55.681330" lon="11.067810">
        <ele>1.701129</ele>
        <time>2025-12-29T20:37:26.547Z</time>
      </trkpt>
      <trkpt lat="55.681178" lon="11.067482">
        <ele>1.562254</ele>
        <time>2025-12-29T20:37:29.465Z</time>
      </trkpt>
      <trkpt lat="55.681048" lon="11.067199">
        <ele>1.442853</ele>
        <time>2025-12-29T20:37:32.014Z</time>
      </trkpt>
      <trkpt lat="55.680914" lon="11.066890">
        <ele>1.409321</ele>
        <time>2025-12-29T20:37:34.792Z</time>
      </trkpt>
      <trkpt lat="55.680908" lon="11.066825">
        <ele>1.404035</ele>
        <time>2025-12-29T20:37:35.276Z</time>
      </trkpt>
      <trkpt lat="55.680941" lon="11.066812">
        <ele>1.399224</ele>
        <time>2025-12-29T20:37:38.986Z</time>
      </trkpt>
      <trkpt lat="55.680966" lon="11.066672">
        <ele>1.387438</ele>
        <time>2025-12-29T20:37:40.062Z</time>
      </trkpt>
      <trkpt lat="55.681124" lon="11.066253">
        <ele>1.346985</ele>
        <time>2025-12-29T20:37:44.002Z</time>
      </trkpt>
      <trkpt lat="55.681283" lon="11.065864">
        <ele>1.308426</ele>
        <time>2025-12-29T20:37:47.953Z</time>
      </trkpt>
      <trkpt lat="55.681562" lon="11.065183">
        <ele>1.240870</ele>
        <time>2025-12-29T20:37:55.127Z</time>
      </trkpt>
      <trkpt lat="55.681766" lon="11.064683">
        <ele>1.191340</ele>
        <time>2025-12-29T20:38:00.775Z</time>
      </trkpt>
      <trkpt lat="55.681848" lon="11.064483">
        <ele>1.184514</ele>
        <time>2025-12-29T20:38:03.053Z</time>
      </trkpt>
      <trkpt lat="55.682182" lon="11.063664">
        <ele>1.188844</ele>
        <time>2025-12-29T20:38:12.276Z</time>
      </trkpt>
      <trkpt lat="55.682405" lon="11.063119">
        <ele>1.191729</ele>
        <time>2025-12-29T20:38:17.972Z</time>
      </trkpt>
      <trkpt lat="55.682658" lon="11.062485">
        <ele>1.195057</ele>
        <time>2025-12-29T20:38:24.088Z</time>
      </trkpt>
      <trkpt lat="55.682997" lon="11.061650">
        <ele>1.104317</ele>
        <time>2025-12-29T20:38:32.152Z</time>
      </trkpt>
      <trkpt lat="55.683183" lon="11.061190">
        <ele>0.988009</ele>
        <time>2025-12-29T20:38:36.378Z</time>
      </trkpt>
      <trkpt lat="55.683389" lon="11.060680">
        <ele>0.859106</ele>
        <time>2025-12-29T20:38:41.120Z</time>
      </trkpt>
      <trkpt lat="55.683605" lon="11.060147">
        <ele>0.724239</ele>
        <time>2025-12-29T20:38:46.098Z</time>
      </trkpt>
      <trkpt lat="55.683752" lon="11.059783">
        <ele>0.632245</ele>
        <time>2025-12-29T20:38:49.508Z</time>
      </trkpt>
      <trkpt lat="55.683903" lon="11.059417">
        <ele>0.541824</ele>
        <time>2025-12-29T20:38:53.053Z</time>
      </trkpt>
      <trkpt lat="55.683987" lon="11.059191">
        <ele>0.538085</ele>
        <time>2025-12-29T20:38:55.182Z</time>
      </trkpt>
      <trkpt lat="55.684154" lon="11.058786">
        <ele>0.531155</ele>
        <time>2025-12-29T20:38:59.095Z</time>
      </trkpt>
      <trkpt lat="55.684241" lon="11.058573">
        <ele>0.527522</ele>
        <time>2025-12-29T20:39:01.130Z</time>
      </trkpt>
      <trkpt lat="55.684401" lon="11.058178">
        <ele>0.520804</ele>
        <time>2025-12-29T20:39:05.083Z</time>
      </trkpt>
      <trkpt lat="55.684613" lon="11.057618">
        <ele>0.511487</ele>
        <time>2025-12-29T20:39:10.971Z</time>
      </trkpt>
      <trkpt lat="55.684643" lon="11.057536">
        <ele>0.510137</ele>
        <time>2025-12-29T20:39:11.888Z</time>
      </trkpt>
      <trkpt lat="55.684854" lon="11.056956">
        <ele>0.500603</ele>
        <time>2025-12-29T20:39:18.081Z</time>
      </trkpt>
      <trkpt lat="55.685158" lon="11.056084">
        <ele>0.540051</ele>
        <time>2025-12-29T20:39:26.863Z</time>
      </trkpt>
      <trkpt lat="55.685405" lon="11.055362">
        <ele>0.582695</ele>
        <time>2025-12-29T20:39:34.149Z</time>
      </trkpt>
      <trkpt lat="55.685552" lon="11.054930">
        <ele>0.608174</ele>
        <time>2025-12-29T20:39:38.617Z</time>
      </trkpt>
      <trkpt lat="55.685680" lon="11.054566">
        <ele>0.629836</ele>
        <time>2025-12-29T20:39:42.262Z</time>
      </trkpt>
      <trkpt lat="55.685842" lon="11.054100">
        <ele>0.657480</ele>
        <time>2025-12-29T20:39:46.765Z</time>
      </trkpt>
      <trkpt lat="55.685921" lon="11.053872">
        <ele>0.643734</ele>
        <time>2025-12-29T20:39:48.932Z</time>
      </trkpt>
      <trkpt lat="55.685966" lon="11.053740">
        <ele>0.633732</ele>
        <time>2025-12-29T20:39:50.199Z</time>
      </trkpt>
      <trkpt lat="55.686103" lon="11.053334">
        <ele>0.603052</ele>
        <time>2025-12-29T20:39:53.991Z</time>
      </trkpt>
      <trkpt lat="55.686271" lon="11.052758">
        <ele>0.561002</ele>
        <time>2025-12-29T20:39:59.391Z</time>
      </trkpt>
      <trkpt lat="55.686554" lon="11.051697">
        <ele>0.484897</ele>
        <time>2025-12-29T20:40:08.863Z</time>
      </trkpt>
      <trkpt lat="55.686516" lon="11.051672">
        <ele>0.480236</ele>
        <time>2025-12-29T20:40:13.339Z</time>
      </trkpt>
      <trkpt lat="55.686552" lon="11.051540">
        <ele>0.470728</ele>
        <time>2025-12-29T20:40:14.527Z</time>
      </trkpt>
      <trkpt lat="55.686615" lon="11.051306">
        <ele>0.453914</ele>
        <time>2025-12-29T20:40:16.602Z</time>
      </trkpt>
      <trkpt lat="55.686785" lon="11.050673">
        <ele>0.431472</ele>
        <time>2025-12-29T20:40:22.108Z</time>
      </trkpt>
      <trkpt lat="55.686862" lon="11.050384">
        <ele>0.421657</ele>
        <time>2025-12-29T20:40:24.649Z</time>
      </trkpt>
      <trkpt lat="55.686883" lon="11.050308">
        <ele>0.419058</ele>
        <time>2025-12-29T20:40:25.325Z</time>
      </trkpt>
      <trkpt lat="55.687067" lon="11.049635">
        <ele>0.396090</ele>
        <time>2025-12-29T20:40:31.311Z</time>
      </trkpt>
      <trkpt lat="55.687182" lon="11.049214">
        <ele>0.381725</ele>
        <time>2025-12-29T20:40:35.113Z</time>
      </trkpt>
      <trkpt lat="55.687599" lon="11.047783">
        <ele>0.599184</ele>
        <time>2025-12-29T20:40:49.255Z</time>
      </trkpt>
      <trkpt lat="55.687933" lon="11.046887">
        <ele>0.967357</ele>
        <time>2025-12-29T20:40:59.506Z</time>
      </trkpt>
      <trkpt lat="55.688379" lon="11.045682">
        <ele>1.476168</ele>
        <time>2025-12-29T20:41:14.300Z</time>
      </trkpt>
      <trkpt lat="55.688954" lon="11.044747">
        <ele>2.464133</ele>
        <time>2025-12-29T20:41:29.590Z</time>
      </trkpt>
      <trkpt lat="55.688974" lon="11.044716">
        <ele>2.497772</ele>
        <time>2025-12-29T20:41:30.112Z</time>
      </trkpt>
      <trkpt lat="55.689321" lon="11.044144">
        <ele>3.097735</ele>
        <time>2025-12-29T20:41:39.876Z</time>
      </trkpt>
      <trkpt lat="55.689435" lon="11.043885">
        <ele>3.332350</ele>
        <time>2025-12-29T20:41:43.768Z</time>
      </trkpt>
      <trkpt lat="55.689835" lon="11.042651">
        <ele>4.014269</ele>
        <time>2025-12-29T20:42:00.293Z</time>
      </trkpt>
      <trkpt lat="55.690058" lon="11.042171">
        <ele>4.219863</ele>
        <time>2025-12-29T20:42:06.516Z</time>
      </trkpt>
      <trkpt lat="55.690200" lon="11.041930">
        <ele>4.335094</ele>
        <time>2025-12-29T20:42:09.825Z</time>
      </trkpt>
      <trkpt lat="55.690702" lon="11.041233">
        <ele>4.708886</ele>
        <time>2025-12-29T20:42:19.624Z</time>
      </trkpt>
      <trkpt lat="55.690728" lon="11.041196">
        <ele>4.728431</ele>
        <time>2025-12-29T20:42:20.099Z</time>
      </trkpt>
      <trkpt lat="55.691164" lon="11.040662">
        <ele>4.675482</ele>
        <time>2025-12-29T20:42:27.320Z</time>
      </trkpt>
      <trkpt lat="55.691645" lon="11.040188">
        <ele>4.544111</ele>
        <time>2025-12-29T20:42:35.078Z</time>
      </trkpt>
      <trkpt lat="55.691909" lon="11.039935">
        <ele>4.472471</ele>
        <time>2025-12-29T20:42:39.263Z</time>
      </trkpt>
      <trkpt lat="55.692275" lon="11.039593">
        <ele>4.373705</ele>
        <time>2025-12-29T20:42:44.944Z</time>
      </trkpt>
      <trkpt lat="55.692293" lon="11.039575">
        <ele>4.368772</ele>
        <time>2025-12-29T20:42:45.240Z</time>
      </trkpt>
      <trkpt lat="55.692738" lon="11.039149">
        <ele>4.238455</ele>
        <time>2025-12-29T20:42:51.916Z</time>
      </trkpt>
      <trkpt lat="55.693028" lon="11.038836">
        <ele>4.149879</ele>
        <time>2025-12-29T20:42:56.452Z</time>
      </trkpt>
      <trkpt lat="55.693271" lon="11.038396">
        <ele>4.059278</ele>
        <time>2025-12-29T20:43:00.896Z</time>
      </trkpt>
      <trkpt lat="55.693301" lon="11.038334">
        <ele>4.047260</ele>
        <time>2025-12-29T20:43:01.471Z</time>
      </trkpt>
      <trkpt lat="55.694141" lon="11.036617">
        <ele>4.215101</ele>
        <time>2025-12-29T20:43:21.487Z</time>
      </trkpt>
      <trkpt lat="55.694247" lon="11.036401">
        <ele>4.298131</ele>
        <time>2025-12-29T20:43:24.521Z</time>
      </trkpt>
      <trkpt lat="55.694451" lon="11.036047">
        <ele>4.444905</ele>
        <time>2025-12-29T20:43:29.814Z</time>
      </trkpt>
      <trkpt lat="55.694838" lon="11.035568">
        <ele>4.687615</ele>
        <time>2025-12-29T20:43:38.368Z</time>
      </trkpt>
      <trkpt lat="55.694987" lon="11.035414">
        <ele>4.776311</ele>
        <time>2025-12-29T20:43:41.411Z</time>
      </trkpt>
      <trkpt lat="55.695526" lon="11.034860">
        <ele>4.650926</ele>
        <time>2025-12-29T20:43:51.274Z</time>
      </trkpt>
      <trkpt lat="55.695833" lon="11.034428">
        <ele>4.542270</ele>
        <time>2025-12-29T20:43:56.458Z</time>
      </trkpt>
      <trkpt lat="55.695944" lon="11.034131">
        <ele>4.486575</ele>
        <time>2025-12-29T20:43:58.957Z</time>
      </trkpt>
      <trkpt lat="55.696044" lon="11.033506">
        <ele>4.385036</ele>
        <time>2025-12-29T20:44:03.524Z</time>
      </trkpt>
      <trkpt lat="55.696170" lon="11.032487">
        <ele>4.835317</ele>
        <time>2025-12-29T20:44:11.075Z</time>
      </trkpt>
      <trkpt lat="55.696270" lon="11.031948">
        <ele>5.376855</ele>
        <time>2025-12-29T20:44:15.867Z</time>
      </trkpt>
      <trkpt lat="55.696460" lon="11.031226">
        <ele>6.137293</ele>
        <time>2025-12-29T20:44:23.583Z</time>
      </trkpt>
      <trkpt lat="55.697009" lon="11.029844">
        <ele>8.801129</ele>
        <time>2025-12-29T20:44:52.314Z</time>
      </trkpt>
      <trkpt lat="55.697163" lon="11.029571">
        <ele>10.145226</ele>
        <time>2025-12-29T20:45:00.785Z</time>
      </trkpt>
      <trkpt lat="55.697281" lon="11.029485">
        <ele>10.932878</ele>
        <time>2025-12-29T20:45:05.974Z</time>
      </trkpt>
      <trkpt lat="55.697985" lon="11.028998">
        <ele>15.598355</ele>
        <time>2025-12-29T20:45:38.726Z</time>
      </trkpt>
      <trkpt lat="55.698423" lon="11.028616">
        <ele>18.596783</ele>
        <time>2025-12-29T20:46:00.107Z</time>
      </trkpt>
      <trkpt lat="55.699278" lon="11.027975">
        <ele>23.762674</ele>
        <time>2025-12-29T20:46:35.894Z</time>
      </trkpt>
      <trkpt lat="55.699621" lon="11.027611">
        <ele>25.987017</ele>
        <time>2025-12-29T20:46:50.485Z</time>
      </trkpt>
      <trkpt lat="55.699806" lon="11.027427">
        <ele>27.167358</ele>
        <time>2025-12-29T20:46:57.789Z</time>
      </trkpt>
      <trkpt lat="55.699880" lon="11.027354">
        <ele>27.638576</ele>
        <time>2025-12-29T20:47:00.601Z</time>
      </trkpt>
      <trkpt lat="55.700277" lon="11.027023">
        <ele>29.135851</ele>
        <time>2025-12-29T20:47:14.617Z</time>
      </trkpt>
      <trkpt lat="55.700492" lon="11.026840">
        <ele>29.684634</ele>
        <time>2025-12-29T20:47:21.821Z</time>
      </trkpt>
      <trkpt lat="55.700619" lon="11.026742">
        <ele>30.003354</ele>
        <time>2025-12-29T20:47:25.870Z</time>
      </trkpt>
      <trkpt lat="55.701001" lon="11.026448">
        <ele>30.961624</ele>
        <time>2025-12-29T20:47:37.168Z</time>
      </trkpt>
      <trkpt lat="55.701016" lon="11.026434">
        <ele>31.000630</ele>
        <time>2025-12-29T20:47:37.586Z</time>
      </trkpt>
      <trkpt lat="55.701225" lon="11.026250">
        <ele>31.537569</ele>
        <time>2025-12-29T20:47:42.599Z</time>
      </trkpt>
      <trkpt lat="55.701469" lon="11.025883">
        <ele>32.273687</ele>
        <time>2025-12-29T20:47:47.931Z</time>
      </trkpt>
      <trkpt lat="55.701739" lon="11.025451">
        <ele>31.675520</ele>
        <time>2025-12-29T20:47:52.564Z</time>
      </trkpt>
      <trkpt lat="55.701976" lon="11.025069">
        <ele>30.300475</ele>
        <time>2025-12-29T20:47:56.143Z</time>
      </trkpt>
      <trkpt lat="55.702135" lon="11.024831">
        <ele>29.407119</ele>
        <time>2025-12-29T20:47:58.299Z</time>
      </trkpt>
      <trkpt lat="55.702186" lon="11.024837">
        <ele>29.187603</ele>
        <time>2025-12-29T20:47:58.815Z</time>
      </trkpt>
      <trkpt lat="55.702202" lon="11.024648">
        <ele>28.725069</ele>
        <time>2025-12-29T20:47:59.864Z</time>
      </trkpt>
      <trkpt lat="55.702278" lon="11.023813">
        <ele>26.678087</ele>
        <time>2025-12-29T20:48:04.294Z</time>
      </trkpt>
      <trkpt lat="55.702300" lon="11.022949">
        <ele>24.274626</ele>
        <time>2025-12-29T20:48:08.644Z</time>
      </trkpt>
      <trkpt lat="55.702339" lon="11.019927">
        <ele>9.388418</ele>
        <time>2025-12-29T20:48:23.376Z</time>
      </trkpt>
      <trkpt lat="55.702333" lon="11.019650">
        <ele>9.165600</ele>
        <time>2025-12-29T20:48:24.763Z</time>
      </trkpt>
      <trkpt lat="55.702334" lon="11.019066">
        <ele>9.165600</ele>
        <time>2025-12-29T20:48:27.753Z</time>
      </trkpt>
      <trkpt lat="55.702358" lon="11.018665">
        <ele>9.165600</ele>
        <time>2025-12-29T20:48:29.888Z</time>
      </trkpt>
      <trkpt lat="55.702409" lon="11.018276">
        <ele>9.165600</ele>
        <time>2025-12-29T20:48:32.097Z</time>
      </trkpt>
      <trkpt lat="55.702509" lon="11.018096">
        <ele>9.165600</ele>
        <time>2025-12-29T20:48:33.552Z</time>
      </trkpt>
      <trkpt lat="55.702645" lon="11.017959">
        <ele>9.165600</ele>
        <time>2025-12-29T20:48:35.223Z</time>
      </trkpt>
    </trkseg>
  </trk>
</gpx>