<?xml version='1.0' encoding='UTF-8'?>
<gpx version="1.1" creator="https://www.komoot.de" xmlns="http://www.topografix.com/GPX/1/1" xmlns:xsi="http://www.w3.org/2001/XMLSchema-instance" xsi:schemaLocation="http://www.topografix.com/GPX/1/1 http://www.topografix.com/GPX/1/1/gpx.xsd">
  <metadata>
    <name>Utrecht - 80 km lekker Gravel</name>
    <author>
      <link href="https://www.komoot.de">
        <text>komoot</text>
        <type>text/html</type>
      </link>
    </author>
  </metadata>
  <trk>
    <name>Utrecht - 80 km lekker Gravel</name>
    <trkseg>
      <trkpt lat="52.112300" lon="5.136760">
        <ele>1.972594</ele>
        <time>2025-11-10T15:23:33.085Z</time>
      </trkpt>
      <trkpt lat="52.112314" lon="5.136751">
        <ele>1.972594</ele>
        <time>2025-11-10T15:23:33.284Z</time>
      </trkpt>
      <trkpt lat="52.112847" lon="5.136441">
        <ele>1.972594</ele>
        <time>2025-11-10T15:23:41.077Z</time>
      </trkpt>
      <trkpt lat="52.113234" lon="5.136241">
        <ele>1.950241</ele>
        <time>2025-11-10T15:23:46.720Z</time>
      </trkpt>
      <trkpt lat="52.113250" lon="5.136366">
        <ele>1.930263</ele>
        <time>2025-11-10T15:23:47.791Z</time>
      </trkpt>
      <trkpt lat="52.113269" lon="5.136501">
        <ele>1.908593</ele>
        <time>2025-11-10T15:23:48.907Z</time>
      </trkpt>
      <trkpt lat="52.113270" lon="5.136730">
        <ele>1.872761</ele>
        <time>2025-11-10T15:23:50.746Z</time>
      </trkpt>
      <trkpt lat="52.113460" lon="5.136941">
        <ele>1.814166</ele>
        <time>2025-11-10T15:23:53.730Z</time>
      </trkpt>
      <trkpt lat="52.113577" lon="5.137131">
        <ele>1.772066</ele>
        <time>2025-11-10T15:23:55.839Z</time>
      </trkpt>
      <trkpt lat="52.113613" lon="5.137346">
        <ele>1.737198</ele>
        <time>2025-11-10T15:23:57.574Z</time>
      </trkpt>
      <trkpt lat="52.113622" lon="5.137405">
        <ele>1.727686</ele>
        <time>2025-11-10T15:23:58.050Z</time>
      </trkpt>
      <trkpt lat="52.113653" lon="5.137687">
        <ele>1.682862</ele>
        <time>2025-11-10T15:24:00.305Z</time>
      </trkpt>
      <trkpt lat="52.113607" lon="5.138292">
        <ele>1.587479</ele>
        <time>2025-11-10T15:24:05.121Z</time>
      </trkpt>
      <trkpt lat="52.113651" lon="5.138490">
        <ele>1.554533</ele>
        <time>2025-11-10T15:24:06.762Z</time>
      </trkpt>
      <trkpt lat="52.113716" lon="5.138610">
        <ele>1.529497</ele>
        <time>2025-11-10T15:24:08.005Z</time>
      </trkpt>
      <trkpt lat="52.113855" lon="5.138898">
        <ele>1.438921</ele>
        <time>2025-11-10T15:24:10.787Z</time>
      </trkpt>
      <trkpt lat="52.113886" lon="5.139057">
        <ele>1.392217</ele>
        <time>2025-11-10T15:24:12.061Z</time>
      </trkpt>
      <trkpt lat="52.113860" lon="5.139719">
        <ele>1.206500</ele>
        <time>2025-11-10T15:24:17.138Z</time>
      </trkpt>
      <trkpt lat="52.113869" lon="5.140015">
        <ele>1.123528</ele>
        <time>2025-11-10T15:24:19.426Z</time>
      </trkpt>
      <trkpt lat="52.113972" lon="5.140283">
        <ele>1.035014</ele>
        <time>2025-11-10T15:24:21.870Z</time>
      </trkpt>
      <trkpt lat="52.114214" lon="5.140594">
        <ele>0.894467</ele>
        <time>2025-11-10T15:24:25.766Z</time>
      </trkpt>
      <trkpt lat="52.114270" lon="5.140663">
        <ele>0.862452</ele>
        <time>2025-11-10T15:24:26.661Z</time>
      </trkpt>
      <trkpt lat="52.114874" lon="5.141259">
        <ele>0.630860</ele>
        <time>2025-11-10T15:24:35.674Z</time>
      </trkpt>
      <trkpt lat="52.115251" lon="5.141539">
        <ele>0.552938</ele>
        <time>2025-11-10T15:24:40.937Z</time>
      </trkpt>
      <trkpt lat="52.115561" lon="5.141708">
        <ele>0.491461</ele>
        <time>2025-11-10T15:24:45.114Z</time>
      </trkpt>
      <trkpt lat="52.115471" lon="5.142052">
        <ele>0.448281</ele>
        <time>2025-11-10T15:24:48.129Z</time>
      </trkpt>
      <trkpt lat="52.115175" lon="5.142567">
        <ele>0.366823</ele>
        <time>2025-11-10T15:24:54.075Z</time>
      </trkpt>
      <trkpt lat="52.115091" lon="5.142656">
        <ele>0.368893</ele>
        <time>2025-11-10T15:24:55.486Z</time>
      </trkpt>
      <trkpt lat="52.115072" lon="5.142668">
        <ele>0.374960</ele>
        <time>2025-11-10T15:24:55.772Z</time>
      </trkpt>
      <trkpt lat="52.115030" lon="5.142695">
        <ele>0.388403</ele>
        <time>2025-11-10T15:24:56.413Z</time>
      </trkpt>
      <trkpt lat="52.114950" lon="5.142802">
        <ele>0.419224</ele>
        <time>2025-11-10T15:24:57.890Z</time>
      </trkpt>
      <trkpt lat="52.114848" lon="5.143503">
        <ele>0.550932</ele>
        <time>2025-11-10T15:25:04.106Z</time>
      </trkpt>
      <trkpt lat="52.114647" lon="5.144593">
        <ele>0.759001</ele>
        <time>2025-11-10T15:25:14.203Z</time>
      </trkpt>
      <trkpt lat="52.115077" lon="5.146848">
        <ele>1.244948</ele>
        <time>2025-11-10T15:25:35.138Z</time>
      </trkpt>
      <trkpt lat="52.115488" lon="5.148486">
        <ele>1.603628</ele>
        <time>2025-11-10T15:25:50.627Z</time>
      </trkpt>
      <trkpt lat="52.116084" lon="5.148680">
        <ele>1.768599</ele>
        <time>2025-11-10T15:25:59.400Z</time>
      </trkpt>
      <trkpt lat="52.117102" lon="5.149087">
        <ele>2.019095</ele>
        <time>2025-11-10T15:26:14.275Z</time>
      </trkpt>
      <trkpt lat="52.117439" lon="5.149179">
        <ele>2.034356</ele>
        <time>2025-11-10T15:26:18.850Z</time>
      </trkpt>
      <trkpt lat="52.117858" lon="5.149234">
        <ele>2.053130</ele>
        <time>2025-11-10T15:26:24.397Z</time>
      </trkpt>
      <trkpt lat="52.118513" lon="5.149142">
        <ele>2.082493</ele>
        <time>2025-11-10T15:26:33.074Z</time>
      </trkpt>
      <trkpt lat="52.118886" lon="5.148958">
        <ele>2.126871</ele>
        <time>2025-11-10T15:26:38.332Z</time>
      </trkpt>
      <trkpt lat="52.119063" lon="5.148824">
        <ele>2.168366</ele>
        <time>2025-11-10T15:26:41.030Z</time>
      </trkpt>
      <trkpt lat="52.119382" lon="5.148512">
        <ele>2.247471</ele>
        <time>2025-11-10T15:26:46.275Z</time>
      </trkpt>
      <trkpt lat="52.119705" lon="5.148084">
        <ele>2.335994</ele>
        <time>2025-11-10T15:26:52.296Z</time>
      </trkpt>
      <trkpt lat="52.119876" lon="5.147791">
        <ele>2.388760</ele>
        <time>2025-11-10T15:26:55.899Z</time>
      </trkpt>
      <trkpt lat="52.120365" lon="5.146721">
        <ele>2.503768</ele>
        <time>2025-11-10T15:27:07.340Z</time>
      </trkpt>
      <trkpt lat="52.120636" lon="5.146599">
        <ele>2.523293</ele>
        <time>2025-11-10T15:27:11.138Z</time>
      </trkpt>
      <trkpt lat="52.121392" lon="5.146666">
        <ele>2.575869</ele>
        <time>2025-11-10T15:27:21.183Z</time>
      </trkpt>
      <trkpt lat="52.122766" lon="5.147051">
        <ele>2.678114</ele>
        <time>2025-11-10T15:27:39.831Z</time>
      </trkpt>
      <trkpt lat="52.123498" lon="5.147293">
        <ele>2.733856</ele>
        <time>2025-11-10T15:27:50.387Z</time>
      </trkpt>
      <trkpt lat="52.124202" lon="5.147615">
        <ele>2.592802</ele>
        <time>2025-11-10T15:28:00.085Z</time>
      </trkpt>
      <trkpt lat="52.124261" lon="5.147654">
        <ele>2.580402</ele>
        <time>2025-11-10T15:28:00.901Z</time>
      </trkpt>
      <trkpt lat="52.124310" lon="5.147785">
        <ele>2.562061</ele>
        <time>2025-11-10T15:28:02.128Z</time>
      </trkpt>
      <trkpt lat="52.124409" lon="5.147846">
        <ele>2.541447</ele>
        <time>2025-11-10T15:28:03.498Z</time>
      </trkpt>
      <trkpt lat="52.124386" lon="5.147973">
        <ele>2.525615</ele>
        <time>2025-11-10T15:28:04.537Z</time>
      </trkpt>
      <trkpt lat="52.124099" lon="5.149037">
        <ele>2.386660</ele>
        <time>2025-11-10T15:28:13.660Z</time>
      </trkpt>
      <trkpt lat="52.123845" lon="5.150042">
        <ele>2.221372</ele>
        <time>2025-11-10T15:28:21.963Z</time>
      </trkpt>
      <trkpt lat="52.123675" lon="5.150713">
        <ele>2.110472</ele>
        <time>2025-11-10T15:28:27.714Z</time>
      </trkpt>
      <trkpt lat="52.123492" lon="5.151364">
        <ele>2.001083</ele>
        <time>2025-11-10T15:28:33.517Z</time>
      </trkpt>
      <trkpt lat="52.123284" lon="5.152140">
        <ele>1.982405</ele>
        <time>2025-11-10T15:28:40.529Z</time>
      </trkpt>
      <trkpt lat="52.123226" lon="5.152357">
        <ele>2.008153</ele>
        <time>2025-11-10T15:28:42.542Z</time>
      </trkpt>
      <trkpt lat="52.123163" lon="5.152592">
        <ele>2.036049</ele>
        <time>2025-11-10T15:28:44.754Z</time>
      </trkpt>
      <trkpt lat="52.122582" lon="5.154880">
        <ele>2.154609</ele>
        <time>2025-11-10T15:29:06.241Z</time>
      </trkpt>
      <trkpt lat="52.122275" lon="5.155982">
        <ele>1.891840</ele>
        <time>2025-11-10T15:29:15.656Z</time>
      </trkpt>
      <trkpt lat="52.121790" lon="5.157573">
        <ele>1.527777</ele>
        <time>2025-11-10T15:29:29.150Z</time>
      </trkpt>
      <trkpt lat="52.121725" lon="5.157766">
        <ele>1.489149</ele>
        <time>2025-11-10T15:29:30.855Z</time>
      </trkpt>
      <trkpt lat="52.121248" lon="5.159222">
        <ele>1.199552</ele>
        <time>2025-11-10T15:29:43.908Z</time>
      </trkpt>
      <trkpt lat="52.120958" lon="5.160164">
        <ele>1.171263</ele>
        <time>2025-11-10T15:29:52.598Z</time>
      </trkpt>
      <trkpt lat="52.120350" lon="5.162139">
        <ele>1.456296</ele>
        <time>2025-11-10T15:30:11.878Z</time>
      </trkpt>
      <trkpt lat="52.119951" lon="5.163325">
        <ele>1.442825</ele>
        <time>2025-11-10T15:30:23.506Z</time>
      </trkpt>
      <trkpt lat="52.122294" lon="5.164721">
        <ele>1.215799</ele>
        <time>2025-11-10T15:30:55.824Z</time>
      </trkpt>
      <trkpt lat="52.124696" lon="5.166148">
        <ele>1.450655</ele>
        <time>2025-11-10T15:31:30.816Z</time>
      </trkpt>
      <trkpt lat="52.126858" lon="5.167420">
        <ele>1.967050</ele>
        <time>2025-11-10T15:32:03.347Z</time>
      </trkpt>
      <trkpt lat="52.127631" lon="5.167876">
        <ele>2.150143</ele>
        <time>2025-11-10T15:32:15.085Z</time>
      </trkpt>
      <trkpt lat="52.129165" lon="5.168799">
        <ele>2.222986</ele>
        <time>2025-11-10T15:32:39.444Z</time>
      </trkpt>
      <trkpt lat="52.129515" lon="5.169004">
        <ele>2.235017</ele>
        <time>2025-11-10T15:32:44.864Z</time>
      </trkpt>
      <trkpt lat="52.129469" lon="5.169314">
        <ele>2.242234</ele>
        <time>2025-11-10T15:32:47.706Z</time>
      </trkpt>
      <trkpt lat="52.129099" lon="5.171798">
        <ele>2.332491</ele>
        <time>2025-11-10T15:33:10.903Z</time>
      </trkpt>
      <trkpt lat="52.129091" lon="5.171855">
        <ele>2.353795</ele>
        <time>2025-11-10T15:33:11.472Z</time>
      </trkpt>
      <trkpt lat="52.128964" lon="5.174222">
        <ele>3.219510</ele>
        <time>2025-11-10T15:33:36.433Z</time>
      </trkpt>
      <trkpt lat="52.128956" lon="5.174330">
        <ele>3.259145</ele>
        <time>2025-11-10T15:33:37.577Z</time>
      </trkpt>
      <trkpt lat="52.128949" lon="5.174435">
        <ele>3.297628</ele>
        <time>2025-11-10T15:33:38.678Z</time>
      </trkpt>
      <trkpt lat="52.128835" lon="5.175834">
        <ele>3.560173</ele>
        <time>2025-11-10T15:33:52.507Z</time>
      </trkpt>
      <trkpt lat="52.128625" lon="5.177173">
        <ele>3.779825</ele>
        <time>2025-11-10T15:34:11.498Z</time>
      </trkpt>
      <trkpt lat="52.128624" lon="5.177348">
        <ele>3.807640</ele>
        <time>2025-11-10T15:34:13.919Z</time>
      </trkpt>
      <trkpt lat="52.128714" lon="5.178028">
        <ele>3.979685</ele>
        <time>2025-11-10T15:34:23.753Z</time>
      </trkpt>
      <trkpt lat="52.128758" lon="5.178278">
        <ele>4.050209</ele>
        <time>2025-11-10T15:34:27.519Z</time>
      </trkpt>
      <trkpt lat="52.128779" lon="5.178773">
        <ele>4.184760</ele>
        <time>2025-11-10T15:34:34.799Z</time>
      </trkpt>
      <trkpt lat="52.128764" lon="5.179212">
        <ele>4.303989</ele>
        <time>2025-11-10T15:34:41.320Z</time>
      </trkpt>
      <trkpt lat="52.128760" lon="5.179812">
        <ele>4.466702</ele>
        <time>2025-11-10T15:34:50.194Z</time>
      </trkpt>
      <trkpt lat="52.128701" lon="5.180260">
        <ele>4.590951</ele>
        <time>2025-11-10T15:34:56.874Z</time>
      </trkpt>
      <trkpt lat="52.128567" lon="5.180939">
        <ele>4.638069</ele>
        <time>2025-11-10T15:35:07.201Z</time>
      </trkpt>
      <trkpt lat="52.128529" lon="5.181250">
        <ele>4.644800</ele>
        <time>2025-11-10T15:35:11.689Z</time>
      </trkpt>
      <trkpt lat="52.128559" lon="5.181497">
        <ele>4.650144</ele>
        <time>2025-11-10T15:35:15.183Z</time>
      </trkpt>
      <trkpt lat="52.128588" lon="5.181563">
        <ele>4.651867</ele>
        <time>2025-11-10T15:35:16.283Z</time>
      </trkpt>
      <trkpt lat="52.128617" lon="5.181631">
        <ele>4.653625</ele>
        <time>2025-11-10T15:35:17.412Z</time>
      </trkpt>
      <trkpt lat="52.128845" lon="5.181774">
        <ele>4.662073</ele>
        <time>2025-11-10T15:35:34.381Z</time>
      </trkpt>
      <trkpt lat="52.129141" lon="5.181959">
        <ele>4.673035</ele>
        <time>2025-11-10T15:35:56.440Z</time>
      </trkpt>
      <trkpt lat="52.129372" lon="5.182105">
        <ele>4.681603</ele>
        <time>2025-11-10T15:36:13.654Z</time>
      </trkpt>
      <trkpt lat="52.129900" lon="5.182441">
        <ele>4.521734</ele>
        <time>2025-11-10T15:36:53.026Z</time>
      </trkpt>
      <trkpt lat="52.130398" lon="5.182758">
        <ele>4.291977</ele>
        <time>2025-11-10T15:37:30.232Z</time>
      </trkpt>
      <trkpt lat="52.130611" lon="5.182880">
        <ele>4.194954</ele>
        <time>2025-11-10T15:37:45.868Z</time>
      </trkpt>
      <trkpt lat="52.130894" lon="5.183044">
        <ele>4.065878</ele>
        <time>2025-11-10T15:38:06.784Z</time>
      </trkpt>
      <trkpt lat="52.131195" lon="5.183214">
        <ele>3.928980</ele>
        <time>2025-11-10T15:38:28.897Z</time>
      </trkpt>
      <trkpt lat="52.131647" lon="5.183507">
        <ele>3.877035</ele>
        <time>2025-11-10T15:39:02.738Z</time>
      </trkpt>
      <trkpt lat="52.131913" lon="5.183678">
        <ele>3.853155</ele>
        <time>2025-11-10T15:39:22.590Z</time>
      </trkpt>
      <trkpt lat="52.132154" lon="5.183823">
        <ele>3.831701</ele>
        <time>2025-11-10T15:39:40.465Z</time>
      </trkpt>
      <trkpt lat="52.132688" lon="5.184138">
        <ele>3.784274</ele>
        <time>2025-11-10T15:40:19.896Z</time>
      </trkpt>
      <trkpt lat="52.132780" lon="5.184192">
        <ele>3.776108</ele>
        <time>2025-11-10T15:40:26.742Z</time>
      </trkpt>
      <trkpt lat="52.133408" lon="5.184568">
        <ele>3.798822</ele>
        <time>2025-11-10T15:41:13.235Z</time>
      </trkpt>
      <trkpt lat="52.133508" lon="5.184628">
        <ele>3.805641</ele>
        <time>2025-11-10T15:41:20.614Z</time>
      </trkpt>
      <trkpt lat="52.133728" lon="5.184754">
        <ele>3.820564</ele>
        <time>2025-11-10T15:41:36.799Z</time>
      </trkpt>
      <trkpt lat="52.133854" lon="5.184832">
        <ele>3.829189</ele>
        <time>2025-11-10T15:41:46.193Z</time>
      </trkpt>
      <trkpt lat="52.134268" lon="5.185087">
        <ele>3.857512</ele>
        <time>2025-11-10T15:42:16.956Z</time>
      </trkpt>
      <trkpt lat="52.134641" lon="5.185307">
        <ele>3.878543</ele>
        <time>2025-11-10T15:42:44.526Z</time>
      </trkpt>
      <trkpt lat="52.134855" lon="5.185434">
        <ele>3.872457</ele>
        <time>2025-11-10T15:43:00.341Z</time>
      </trkpt>
      <trkpt lat="52.135033" lon="5.185544">
        <ele>3.867369</ele>
        <time>2025-11-10T15:43:13.600Z</time>
      </trkpt>
      <trkpt lat="52.135143" lon="5.185612">
        <ele>3.864224</ele>
        <time>2025-11-10T15:43:21.724Z</time>
      </trkpt>
      <trkpt lat="52.136129" lon="5.186222">
        <ele>3.836037</ele>
        <time>2025-11-10T15:44:35.030Z</time>
      </trkpt>
      <trkpt lat="52.136333" lon="5.186344">
        <ele>3.848503</ele>
        <time>2025-11-10T15:44:38.236Z</time>
      </trkpt>
      <trkpt lat="52.136371" lon="5.186448">
        <ele>3.870277</ele>
        <time>2025-11-10T15:44:39.399Z</time>
      </trkpt>
      <trkpt lat="52.136414" lon="5.186427">
        <ele>3.883434</ele>
        <time>2025-11-10T15:44:40.112Z</time>
      </trkpt>
      <trkpt lat="52.136475" lon="5.186455">
        <ele>3.902009</ele>
        <time>2025-11-10T15:44:41.111Z</time>
      </trkpt>
      <trkpt lat="52.137313" lon="5.186976">
        <ele>4.164902</ele>
        <time>2025-11-10T15:44:55.506Z</time>
      </trkpt>
      <trkpt lat="52.138283" lon="5.187555">
        <ele>4.314538</ele>
        <time>2025-11-10T15:45:11.767Z</time>
      </trkpt>
      <trkpt lat="52.139005" lon="5.187985">
        <ele>4.222549</ele>
        <time>2025-11-10T15:45:22.867Z</time>
      </trkpt>
      <trkpt lat="52.139042" lon="5.187962">
        <ele>4.217810</ele>
        <time>2025-11-10T15:45:23.439Z</time>
      </trkpt>
      <trkpt lat="52.139121" lon="5.188005">
        <ele>4.207843</ele>
        <time>2025-11-10T15:45:24.538Z</time>
      </trkpt>
      <trkpt lat="52.139342" lon="5.188058">
        <ele>4.181112</ele>
        <time>2025-11-10T15:45:27.523Z</time>
      </trkpt>
      <trkpt lat="52.139431" lon="5.188087">
        <ele>4.170251</ele>
        <time>2025-11-10T15:45:28.710Z</time>
      </trkpt>
      <trkpt lat="52.139475" lon="5.188199">
        <ele>4.160485</ele>
        <time>2025-11-10T15:45:29.796Z</time>
      </trkpt>
      <trkpt lat="52.139517" lon="5.188254">
        <ele>4.154037</ele>
        <time>2025-11-10T15:45:33.563Z</time>
      </trkpt>
      <trkpt lat="52.140710" lon="5.188900">
        <ele>4.085582</ele>
        <time>2025-11-10T15:47:00.906Z</time>
      </trkpt>
      <trkpt lat="52.141094" lon="5.189122">
        <ele>4.065355</ele>
        <time>2025-11-10T15:47:29.257Z</time>
      </trkpt>
      <trkpt lat="52.141840" lon="5.189553">
        <ele>4.078703</ele>
        <time>2025-11-10T15:48:24.278Z</time>
      </trkpt>
      <trkpt lat="52.141466" lon="5.191106">
        <ele>4.122244</ele>
        <time>2025-11-10T15:49:35.444Z</time>
      </trkpt>
      <trkpt lat="52.141396" lon="5.191647">
        <ele>4.140325</ele>
        <time>2025-11-10T15:49:59.018Z</time>
      </trkpt>
      <trkpt lat="52.141446" lon="5.191947">
        <ele>4.153573</ele>
        <time>2025-11-10T15:50:12.309Z</time>
      </trkpt>
      <trkpt lat="52.141803" lon="5.192545">
        <ele>4.189127</ele>
        <time>2025-11-10T15:50:47.892Z</time>
      </trkpt>
      <trkpt lat="52.142290" lon="5.193360">
        <ele>4.237604</ele>
        <time>2025-11-10T15:51:36.379Z</time>
      </trkpt>
      <trkpt lat="52.142713" lon="5.194201">
        <ele>4.133182</ele>
        <time>2025-11-10T15:52:22.780Z</time>
      </trkpt>
      <trkpt lat="52.142986" lon="5.194853">
        <ele>3.986589</ele>
        <time>2025-11-10T15:52:56.442Z</time>
      </trkpt>
      <trkpt lat="52.143631" lon="5.196834">
        <ele>3.608709</ele>
        <time>2025-11-10T15:54:32.116Z</time>
      </trkpt>
      <trkpt lat="52.143941" lon="5.197857">
        <ele>3.454686</ele>
        <time>2025-11-10T15:55:20.754Z</time>
      </trkpt>
      <trkpt lat="52.144078" lon="5.198224">
        <ele>3.396696</ele>
        <time>2025-11-10T15:55:39.038Z</time>
      </trkpt>
      <trkpt lat="52.144589" lon="5.199303">
        <ele>3.399337</ele>
        <time>2025-11-10T15:56:37.205Z</time>
      </trkpt>
      <trkpt lat="52.144868" lon="5.199999">
        <ele>3.490256</ele>
        <time>2025-11-10T15:57:12.655Z</time>
      </trkpt>
      <trkpt lat="52.146007" lon="5.202840">
        <ele>3.952115</ele>
        <time>2025-11-10T15:59:37.376Z</time>
      </trkpt>
      <trkpt lat="52.146353" lon="5.203728">
        <ele>4.110723</ele>
        <time>2025-11-10T16:00:22.257Z</time>
      </trkpt>
      <trkpt lat="52.146609" lon="5.204475">
        <ele>4.228572</ele>
        <time>2025-11-10T16:00:58.722Z</time>
      </trkpt>
      <trkpt lat="52.146751" lon="5.204999">
        <ele>4.307471</ele>
        <time>2025-11-10T16:01:23.143Z</time>
      </trkpt>
      <trkpt lat="52.146783" lon="5.205089">
        <ele>4.321798</ele>
        <time>2025-11-10T16:01:24.069Z</time>
      </trkpt>
      <trkpt lat="52.146828" lon="5.205176">
        <ele>4.337470</ele>
        <time>2025-11-10T16:01:25.077Z</time>
      </trkpt>
      <trkpt lat="52.147008" lon="5.205792">
        <ele>4.431444</ele>
        <time>2025-11-10T16:01:31.173Z</time>
      </trkpt>
      <trkpt lat="52.147160" lon="5.206351">
        <ele>4.531172</ele>
        <time>2025-11-10T16:01:57.282Z</time>
      </trkpt>
      <trkpt lat="52.147267" lon="5.207137">
        <ele>4.708726</ele>
        <time>2025-11-10T16:02:31.596Z</time>
      </trkpt>
      <trkpt lat="52.147305" lon="5.207509">
        <ele>4.791893</ele>
        <time>2025-11-10T16:02:47.689Z</time>
      </trkpt>
      <trkpt lat="52.147376" lon="5.208062">
        <ele>4.916489</ele>
        <time>2025-11-10T16:03:11.795Z</time>
      </trkpt>
      <trkpt lat="52.147537" lon="5.208421">
        <ele>5.014551</ele>
        <time>2025-11-10T16:03:30.726Z</time>
      </trkpt>
      <trkpt lat="52.147938" lon="5.209315">
        <ele>5.213082</ele>
        <time>2025-11-10T16:04:18.002Z</time>
      </trkpt>
      <trkpt lat="52.148679" lon="5.209211">
        <ele>5.380698</ele>
        <time>2025-11-10T16:05:09.671Z</time>
      </trkpt>
      <trkpt lat="52.149135" lon="5.209146">
        <ele>5.483858</ele>
        <time>2025-11-10T16:05:41.461Z</time>
      </trkpt>
      <trkpt lat="52.149421" lon="5.209574">
        <ele>5.521432</ele>
        <time>2025-11-10T16:06:08.453Z</time>
      </trkpt>
      <trkpt lat="52.149693" lon="5.213618">
        <ele>5.352834</ele>
        <time>2025-11-10T16:09:01.919Z</time>
      </trkpt>
      <trkpt lat="52.149986" lon="5.213592">
        <ele>5.383393</ele>
        <time>2025-11-10T16:09:06.003Z</time>
      </trkpt>
      <trkpt lat="52.151331" lon="5.213474">
        <ele>5.668040</ele>
        <time>2025-11-10T16:09:26.809Z</time>
      </trkpt>
      <trkpt lat="52.154295" lon="5.213215">
        <ele>6.227615</ele>
        <time>2025-11-10T16:10:09.807Z</time>
      </trkpt>
      <trkpt lat="52.156624" lon="5.213012">
        <ele>5.289300</ele>
        <time>2025-11-10T16:10:40.331Z</time>
      </trkpt>
      <trkpt lat="52.157708" lon="5.212909">
        <ele>4.890967</ele>
        <time>2025-11-10T16:11:03.879Z</time>
      </trkpt>
      <trkpt lat="52.159296" lon="5.212759">
        <ele>4.859995</ele>
        <time>2025-11-10T16:11:39.041Z</time>
      </trkpt>
      <trkpt lat="52.162803" lon="5.212397">
        <ele>5.625558</ele>
        <time>2025-11-10T16:13:00.917Z</time>
      </trkpt>
      <trkpt lat="52.163222" lon="5.214340">
        <ele>5.422633</ele>
        <time>2025-11-10T16:13:16.537Z</time>
      </trkpt>
      <trkpt lat="52.163272" lon="5.214570">
        <ele>5.378850</ele>
        <time>2025-11-10T16:13:18.416Z</time>
      </trkpt>
      <trkpt lat="52.163972" lon="5.217738">
        <ele>4.954894</ele>
        <time>2025-11-10T16:13:46.202Z</time>
      </trkpt>
      <trkpt lat="52.164068" lon="5.218177">
        <ele>4.912427</ele>
        <time>2025-11-10T16:13:49.826Z</time>
      </trkpt>
      <trkpt lat="52.164214" lon="5.218858">
        <ele>4.841597</ele>
        <time>2025-11-10T16:13:55.355Z</time>
      </trkpt>
      <trkpt lat="52.164530" lon="5.220319">
        <ele>4.673771</ele>
        <time>2025-11-10T16:14:07.258Z</time>
      </trkpt>
      <trkpt lat="52.164559" lon="5.220452">
        <ele>4.658479</ele>
        <time>2025-11-10T16:14:08.398Z</time>
      </trkpt>
      <trkpt lat="52.165291" lon="5.223847">
        <ele>5.272034</ele>
        <time>2025-11-10T16:14:40.537Z</time>
      </trkpt>
      <trkpt lat="52.165624" lon="5.225009">
        <ele>5.721503</ele>
        <time>2025-11-10T16:14:52.653Z</time>
      </trkpt>
      <trkpt lat="52.165712" lon="5.225358">
        <ele>5.862208</ele>
        <time>2025-11-10T16:14:56.287Z</time>
      </trkpt>
      <trkpt lat="52.166072" lon="5.227309">
        <ele>6.453391</ele>
        <time>2025-11-10T16:15:15.254Z</time>
      </trkpt>
      <trkpt lat="52.166077" lon="5.227333">
        <ele>6.454042</ele>
        <time>2025-11-10T16:15:15.480Z</time>
      </trkpt>
      <trkpt lat="52.166114" lon="5.227543">
        <ele>6.459656</ele>
        <time>2025-11-10T16:15:17.385Z</time>
      </trkpt>
      <trkpt lat="52.166510" lon="5.229719">
        <ele>6.497540</ele>
        <time>2025-11-10T16:15:35.696Z</time>
      </trkpt>
      <trkpt lat="52.167026" lon="5.232562">
        <ele>5.652042</ele>
        <time>2025-11-10T16:15:58.634Z</time>
      </trkpt>
      <trkpt lat="52.167493" lon="5.235049">
        <ele>4.602173</ele>
        <time>2025-11-10T16:16:18.143Z</time>
      </trkpt>
      <trkpt lat="52.167694" lon="5.236217">
        <ele>4.124886</ele>
        <time>2025-11-10T16:16:27.416Z</time>
      </trkpt>
      <trkpt lat="52.168306" lon="5.239781">
        <ele>2.798701</ele>
        <time>2025-11-10T16:16:55.534Z</time>
      </trkpt>
      <trkpt lat="52.168311" lon="5.240100">
        <ele>2.695999</ele>
        <time>2025-11-10T16:16:58.078Z</time>
      </trkpt>
      <trkpt lat="52.168402" lon="5.240652">
        <ele>2.512037</ele>
        <time>2025-11-10T16:17:02.690Z</time>
      </trkpt>
      <trkpt lat="52.168405" lon="5.241030">
        <ele>2.408879</ele>
        <time>2025-11-10T16:17:05.747Z</time>
      </trkpt>
      <trkpt lat="52.168364" lon="5.241231">
        <ele>2.386617</ele>
        <time>2025-11-10T16:17:07.460Z</time>
      </trkpt>
      <trkpt lat="52.168267" lon="5.241472">
        <ele>2.356322</ele>
        <time>2025-11-10T16:17:09.812Z</time>
      </trkpt>
      <trkpt lat="52.168214" lon="5.241589">
        <ele>2.341036</ele>
        <time>2025-11-10T16:17:11.001Z</time>
      </trkpt>
      <trkpt lat="52.168499" lon="5.241921">
        <ele>2.281017</ele>
        <time>2025-11-10T16:17:15.779Z</time>
      </trkpt>
      <trkpt lat="52.168841" lon="5.242245">
        <ele>2.213241</ele>
        <time>2025-11-10T16:17:21.259Z</time>
      </trkpt>
      <trkpt lat="52.169870" lon="5.243378">
        <ele>2.164192</ele>
        <time>2025-11-10T16:17:38.458Z</time>
      </trkpt>
      <trkpt lat="52.170316" lon="5.243870">
        <ele>2.210284</ele>
        <time>2025-11-10T16:17:46.152Z</time>
      </trkpt>
      <trkpt lat="52.171105" lon="5.244747">
        <ele>2.298927</ele>
        <time>2025-11-10T16:17:59.820Z</time>
      </trkpt>
      <trkpt lat="52.167907" lon="5.248048">
        <ele>2.607863</ele>
        <time>2025-11-10T16:18:56.971Z</time>
      </trkpt>
      <trkpt lat="52.168376" lon="5.249493">
        <ele>2.559627</ele>
        <time>2025-11-10T16:19:11.610Z</time>
      </trkpt>
      <trkpt lat="52.165920" lon="5.252568">
        <ele>3.021391</ele>
        <time>2025-11-10T16:19:57.898Z</time>
      </trkpt>
      <trkpt lat="52.162799" lon="5.256460">
        <ele>5.798858</ele>
        <time>2025-11-10T16:21:05.708Z</time>
      </trkpt>
      <trkpt lat="52.162555" lon="5.256765">
        <ele>6.041173</ele>
        <time>2025-11-10T16:21:11.080Z</time>
      </trkpt>
      <trkpt lat="52.162086" lon="5.255863">
        <ele>6.427584</ele>
        <time>2025-11-10T16:21:22.335Z</time>
      </trkpt>
      <trkpt lat="52.160900" lon="5.253579">
        <ele>7.104450</ele>
        <time>2025-11-10T16:21:48.681Z</time>
      </trkpt>
      <trkpt lat="52.160763" lon="5.253593">
        <ele>7.127321</ele>
        <time>2025-11-10T16:21:50.577Z</time>
      </trkpt>
      <trkpt lat="52.160273" lon="5.254047">
        <ele>7.221228</ele>
        <time>2025-11-10T16:21:58.227Z</time>
      </trkpt>
      <trkpt lat="52.159885" lon="5.254407">
        <ele>7.295612</ele>
        <time>2025-11-10T16:22:04.150Z</time>
      </trkpt>
      <trkpt lat="52.159771" lon="5.254366">
        <ele>7.304121</ele>
        <time>2025-11-10T16:22:05.688Z</time>
      </trkpt>
      <trkpt lat="52.159446" lon="5.252990">
        <ele>7.345354</ele>
        <time>2025-11-10T16:22:17.746Z</time>
      </trkpt>
      <trkpt lat="52.158829" lon="5.249946">
        <ele>7.303288</ele>
        <time>2025-11-10T16:22:44.669Z</time>
      </trkpt>
      <trkpt lat="52.158768" lon="5.249883">
        <ele>7.298401</ele>
        <time>2025-11-10T16:22:45.620Z</time>
      </trkpt>
      <trkpt lat="52.158659" lon="5.249884">
        <ele>7.291024</ele>
        <time>2025-11-10T16:22:47.021Z</time>
      </trkpt>
      <trkpt lat="52.158022" lon="5.250229">
        <ele>7.176215</ele>
        <time>2025-11-10T16:22:55.526Z</time>
      </trkpt>
      <trkpt lat="52.156756" lon="5.250915">
        <ele>6.658964</ele>
        <time>2025-11-10T16:23:12.218Z</time>
      </trkpt>
      <trkpt lat="52.155764" lon="5.251453">
        <ele>6.688579</ele>
        <time>2025-11-10T16:23:26.260Z</time>
      </trkpt>
      <trkpt lat="52.153295" lon="5.252790">
        <ele>7.232285</ele>
        <time>2025-11-10T16:24:03.535Z</time>
      </trkpt>
      <trkpt lat="52.152943" lon="5.253013">
        <ele>7.279215</ele>
        <time>2025-11-10T16:24:08.517Z</time>
      </trkpt>
      <trkpt lat="52.152942" lon="5.253014">
        <ele>7.279210</ele>
        <time>2025-11-10T16:24:08.537Z</time>
      </trkpt>
      <trkpt lat="52.152366" lon="5.253439">
        <ele>7.276468</ele>
        <time>2025-11-10T16:24:16.806Z</time>
      </trkpt>
      <trkpt lat="52.151263" lon="5.254055">
        <ele>7.283872</ele>
        <time>2025-11-10T16:24:32.410Z</time>
      </trkpt>
      <trkpt lat="52.150565" lon="5.254412">
        <ele>7.331172</ele>
        <time>2025-11-10T16:24:42.444Z</time>
      </trkpt>
      <trkpt lat="52.150185" lon="5.254543">
        <ele>7.356285</ele>
        <time>2025-11-10T16:24:47.735Z</time>
      </trkpt>
      <trkpt lat="52.149701" lon="5.254849">
        <ele>7.387866</ele>
        <time>2025-11-10T16:24:54.716Z</time>
      </trkpt>
      <trkpt lat="52.149431" lon="5.255085">
        <ele>7.378797</ele>
        <time>2025-11-10T16:24:58.786Z</time>
      </trkpt>
      <trkpt lat="52.149173" lon="5.255134">
        <ele>7.371109</ele>
        <time>2025-11-10T16:25:02.232Z</time>
      </trkpt>
      <trkpt lat="52.149007" lon="5.255116">
        <ele>7.366184</ele>
        <time>2025-11-10T16:25:04.459Z</time>
      </trkpt>
      <trkpt lat="52.148652" lon="5.255216">
        <ele>7.355521</ele>
        <time>2025-11-10T16:25:09.253Z</time>
      </trkpt>
      <trkpt lat="52.146529" lon="5.255817">
        <ele>7.105946</ele>
        <time>2025-11-10T16:25:37.723Z</time>
      </trkpt>
      <trkpt lat="52.146468" lon="5.255834">
        <ele>7.096292</ele>
        <time>2025-11-10T16:25:38.512Z</time>
      </trkpt>
      <trkpt lat="52.146532" lon="5.256140">
        <ele>7.065346</ele>
        <time>2025-11-10T16:25:41.042Z</time>
      </trkpt>
      <trkpt lat="52.146651" lon="5.256679">
        <ele>6.922538</ele>
        <time>2025-11-10T16:25:45.496Z</time>
      </trkpt>
      <trkpt lat="52.146909" lon="5.257262">
        <ele>6.716667</ele>
        <time>2025-11-10T16:25:51.076Z</time>
      </trkpt>
      <trkpt lat="52.147195" lon="5.257720">
        <ele>6.529514</ele>
        <time>2025-11-10T16:25:56.042Z</time>
      </trkpt>
      <trkpt lat="52.147235" lon="5.258049">
        <ele>6.433453</ele>
        <time>2025-11-10T16:25:58.581Z</time>
      </trkpt>
      <trkpt lat="52.147288" lon="5.258234">
        <ele>6.374977</ele>
        <time>2025-11-10T16:26:00.141Z</time>
      </trkpt>
      <trkpt lat="52.147312" lon="5.258320">
        <ele>6.347918</ele>
        <time>2025-11-10T16:26:00.874Z</time>
      </trkpt>
      <trkpt lat="52.147447" lon="5.258645">
        <ele>6.235513</ele>
        <time>2025-11-10T16:26:03.911Z</time>
      </trkpt>
      <trkpt lat="52.147721" lon="5.259452">
        <ele>6.080343</ele>
        <time>2025-11-10T16:26:11.194Z</time>
      </trkpt>
      <trkpt lat="52.148152" lon="5.260755">
        <ele>5.845896</ele>
        <time>2025-11-10T16:26:22.848Z</time>
      </trkpt>
      <trkpt lat="52.148172" lon="5.260993">
        <ele>5.807850</ele>
        <time>2025-11-10T16:26:24.790Z</time>
      </trkpt>
      <trkpt lat="52.148158" lon="5.261234">
        <ele>5.769509</ele>
        <time>2025-11-10T16:26:26.787Z</time>
      </trkpt>
      <trkpt lat="52.148202" lon="5.261834">
        <ele>5.727680</ele>
        <time>2025-11-10T16:26:31.738Z</time>
      </trkpt>
      <trkpt lat="52.148393" lon="5.262281">
        <ele>5.701679</ele>
        <time>2025-11-10T16:26:36.189Z</time>
      </trkpt>
      <trkpt lat="52.148451" lon="5.262573">
        <ele>5.687029</ele>
        <time>2025-11-10T16:26:38.682Z</time>
      </trkpt>
      <trkpt lat="52.148440" lon="5.262743">
        <ele>5.678869</ele>
        <time>2025-11-10T16:26:40.066Z</time>
      </trkpt>
      <trkpt lat="52.148358" lon="5.262864">
        <ele>5.670264</ele>
        <time>2025-11-10T16:26:41.527Z</time>
      </trkpt>
      <trkpt lat="52.148025" lon="5.263331">
        <ele>5.636089</ele>
        <time>2025-11-10T16:26:47.349Z</time>
      </trkpt>
      <trkpt lat="52.147949" lon="5.263569">
        <ele>5.623282</ele>
        <time>2025-11-10T16:26:49.520Z</time>
      </trkpt>
      <trkpt lat="52.147780" lon="5.263830">
        <ele>5.609956</ele>
        <time>2025-11-10T16:26:52.519Z</time>
      </trkpt>
      <trkpt lat="52.147624" lon="5.263996">
        <ele>5.607349</ele>
        <time>2025-11-10T16:26:54.912Z</time>
      </trkpt>
      <trkpt lat="52.147386" lon="5.264247">
        <ele>5.603384</ele>
        <time>2025-11-10T16:26:58.576Z</time>
      </trkpt>
      <trkpt lat="52.147112" lon="5.264685">
        <ele>5.598014</ele>
        <time>2025-11-10T16:27:03.616Z</time>
      </trkpt>
      <trkpt lat="52.146892" lon="5.264954">
        <ele>5.594167</ele>
        <time>2025-11-10T16:27:07.316Z</time>
      </trkpt>
      <trkpt lat="52.146989" lon="5.265322">
        <ele>5.590729</ele>
        <time>2025-11-10T16:27:10.750Z</time>
      </trkpt>
      <trkpt lat="52.147772" lon="5.267563">
        <ele>5.548088</ele>
        <time>2025-11-10T16:27:33.206Z</time>
      </trkpt>
      <trkpt lat="52.148261" lon="5.268975">
        <ele>5.433022</ele>
        <time>2025-11-10T16:27:45.510Z</time>
      </trkpt>
      <trkpt lat="52.148567" lon="5.269568">
        <ele>5.324810</ele>
        <time>2025-11-10T16:27:51.426Z</time>
      </trkpt>
      <trkpt lat="52.148653" lon="5.270057">
        <ele>5.253766</ele>
        <time>2025-11-10T16:27:55.486Z</time>
      </trkpt>
      <trkpt lat="52.148921" lon="5.270742">
        <ele>5.140306</ele>
        <time>2025-11-10T16:28:02.304Z</time>
      </trkpt>
      <trkpt lat="52.149123" lon="5.271220">
        <ele>5.261141</ele>
        <time>2025-11-10T16:28:07.436Z</time>
      </trkpt>
      <trkpt lat="52.149509" lon="5.272137">
        <ele>5.610338</ele>
        <time>2025-11-10T16:28:17.361Z</time>
      </trkpt>
      <trkpt lat="52.149742" lon="5.272443">
        <ele>5.763476</ele>
        <time>2025-11-10T16:28:21.838Z</time>
      </trkpt>
      <trkpt lat="52.149871" lon="5.272732">
        <ele>5.875698</ele>
        <time>2025-11-10T16:28:25.239Z</time>
      </trkpt>
      <trkpt lat="52.149693" lon="5.273049">
        <ele>6.010630</ele>
        <time>2025-11-10T16:28:29.405Z</time>
      </trkpt>
      <trkpt lat="52.149588" lon="5.273328">
        <ele>6.127230</ele>
        <time>2025-11-10T16:28:32.566Z</time>
      </trkpt>
      <trkpt lat="52.149367" lon="5.273667">
        <ele>6.312560</ele>
        <time>2025-11-10T16:28:37.335Z</time>
      </trkpt>
      <trkpt lat="52.149195" lon="5.273926">
        <ele>6.455563</ele>
        <time>2025-11-10T16:28:41.028Z</time>
      </trkpt>
      <trkpt lat="52.148825" lon="5.274449">
        <ele>6.754650</ele>
        <time>2025-11-10T16:28:48.668Z</time>
      </trkpt>
      <trkpt lat="52.148134" lon="5.275456">
        <ele>7.227914</ele>
        <time>2025-11-10T16:29:02.262Z</time>
      </trkpt>
      <trkpt lat="52.148107" lon="5.275496">
        <ele>7.238741</ele>
        <time>2025-11-10T16:29:02.763Z</time>
      </trkpt>
      <trkpt lat="52.147660" lon="5.276130">
        <ele>7.414566</ele>
        <time>2025-11-10T16:29:10.829Z</time>
      </trkpt>
      <trkpt lat="52.147343" lon="5.276599">
        <ele>7.541601</ele>
        <time>2025-11-10T16:29:16.768Z</time>
      </trkpt>
      <trkpt lat="52.146823" lon="5.277371">
        <ele>7.922416</ele>
        <time>2025-11-10T16:29:26.842Z</time>
      </trkpt>
      <trkpt lat="52.146771" lon="5.277446">
        <ele>7.989412</ele>
        <time>2025-11-10T16:29:27.852Z</time>
      </trkpt>
      <trkpt lat="52.146143" lon="5.278331">
        <ele>8.790426</ele>
        <time>2025-11-10T16:29:40.962Z</time>
      </trkpt>
      <trkpt lat="52.146086" lon="5.278426">
        <ele>8.869088</ele>
        <time>2025-11-10T16:29:42.333Z</time>
      </trkpt>
      <trkpt lat="52.146036" lon="5.278510">
        <ele>8.938371</ele>
        <time>2025-11-10T16:29:43.538Z</time>
      </trkpt>
      <trkpt lat="52.145765" lon="5.278444">
        <ele>9.202732</ele>
        <time>2025-11-10T16:29:48.324Z</time>
      </trkpt>
      <trkpt lat="52.145651" lon="5.278379">
        <ele>9.319256</ele>
        <time>2025-11-10T16:29:50.511Z</time>
      </trkpt>
      <trkpt lat="52.145351" lon="5.278231">
        <ele>9.836069</ele>
        <time>2025-11-10T16:29:56.283Z</time>
      </trkpt>
      <trkpt lat="52.144997" lon="5.278041">
        <ele>10.558495</ele>
        <time>2025-11-10T16:30:03.413Z</time>
      </trkpt>
      <trkpt lat="52.144126" lon="5.277672">
        <ele>12.302894</ele>
        <time>2025-11-10T16:30:21.117Z</time>
      </trkpt>
      <trkpt lat="52.143811" lon="5.277613">
        <ele>12.913902</ele>
        <time>2025-11-10T16:30:27.390Z</time>
      </trkpt>
      <trkpt lat="52.143016" lon="5.277220">
        <ele>14.261347</ele>
        <time>2025-11-10T16:30:43.131Z</time>
      </trkpt>
      <trkpt lat="52.143007" lon="5.277216">
        <ele>14.276477</ele>
        <time>2025-11-10T16:30:43.304Z</time>
      </trkpt>
      <trkpt lat="52.140726" lon="5.276103">
        <ele>17.638554</ele>
        <time>2025-11-10T16:31:24.731Z</time>
      </trkpt>
      <trkpt lat="52.140256" lon="5.275817">
        <ele>18.080048</ele>
        <time>2025-11-10T16:31:33.303Z</time>
      </trkpt>
      <trkpt lat="52.139675" lon="5.275464">
        <ele>17.975950</ele>
        <time>2025-11-10T16:31:42.542Z</time>
      </trkpt>
      <trkpt lat="52.139574" lon="5.275404">
        <ele>17.957903</ele>
        <time>2025-11-10T16:31:44.000Z</time>
      </trkpt>
      <trkpt lat="52.139796" lon="5.273607">
        <ele>17.661099</ele>
        <time>2025-11-10T16:31:57.426Z</time>
      </trkpt>
      <trkpt lat="52.139954" lon="5.272328">
        <ele>17.073887</ele>
        <time>2025-11-10T16:32:07.142Z</time>
      </trkpt>
      <trkpt lat="52.139411" lon="5.272478">
        <ele>16.669989</ele>
        <time>2025-11-10T16:32:13.935Z</time>
      </trkpt>
      <trkpt lat="52.139283" lon="5.272451">
        <ele>16.575335</ele>
        <time>2025-11-10T16:32:15.558Z</time>
      </trkpt>
      <trkpt lat="52.139196" lon="5.271999">
        <ele>16.267926</ele>
        <time>2025-11-10T16:32:19.248Z</time>
      </trkpt>
      <trkpt lat="52.138926" lon="5.271526">
        <ele>15.748777</ele>
        <time>2025-11-10T16:32:24.350Z</time>
      </trkpt>
      <trkpt lat="52.138900" lon="5.271385">
        <ele>15.630452</ele>
        <time>2025-11-10T16:32:25.465Z</time>
      </trkpt>
      <trkpt lat="52.138959" lon="5.270619">
        <ele>15.009993</ele>
        <time>2025-11-10T16:32:30.862Z</time>
      </trkpt>
      <trkpt lat="52.138982" lon="5.269905">
        <ele>14.435367</ele>
        <time>2025-11-10T16:32:35.709Z</time>
      </trkpt>
      <trkpt lat="52.138976" lon="5.268912">
        <ele>13.605866</ele>
        <time>2025-11-10T16:32:42.386Z</time>
      </trkpt>
      <trkpt lat="52.139084" lon="5.268443">
        <ele>13.177455</ele>
        <time>2025-11-10T16:32:45.756Z</time>
      </trkpt>
      <trkpt lat="52.139116" lon="5.268201">
        <ele>12.965738</ele>
        <time>2025-11-10T16:32:47.438Z</time>
      </trkpt>
      <trkpt lat="52.139102" lon="5.267350">
        <ele>12.237669</ele>
        <time>2025-11-10T16:32:53.444Z</time>
      </trkpt>
      <trkpt lat="52.139133" lon="5.266774">
        <ele>11.743161</ele>
        <time>2025-11-10T16:32:57.826Z</time>
      </trkpt>
      <trkpt lat="52.139180" lon="5.265999">
        <ele>11.485776</ele>
        <time>2025-11-10T16:33:04.087Z</time>
      </trkpt>
      <trkpt lat="52.139259" lon="5.265418">
        <ele>11.359680</ele>
        <time>2025-11-10T16:33:09.055Z</time>
      </trkpt>
      <trkpt lat="52.139304" lon="5.265099">
        <ele>11.290323</ele>
        <time>2025-11-10T16:33:11.805Z</time>
      </trkpt>
      <trkpt lat="52.139314" lon="5.264960">
        <ele>11.260668</ele>
        <time>2025-11-10T16:33:12.959Z</time>
      </trkpt>
      <trkpt lat="52.139300" lon="5.264877">
        <ele>11.242428</ele>
        <time>2025-11-10T16:33:13.666Z</time>
      </trkpt>
      <trkpt lat="52.139175" lon="5.264608">
        <ele>11.170934</ele>
        <time>2025-11-10T16:33:16.359Z</time>
      </trkpt>
      <trkpt lat="52.139813" lon="5.263953">
        <ele>10.861022</ele>
        <time>2025-11-10T16:33:25.549Z</time>
      </trkpt>
      <trkpt lat="52.140566" lon="5.263164">
        <ele>10.379425</ele>
        <time>2025-11-10T16:33:36.503Z</time>
      </trkpt>
      <trkpt lat="52.140673" lon="5.263504">
        <ele>10.253277</ele>
        <time>2025-11-10T16:33:39.453Z</time>
      </trkpt>
      <trkpt lat="52.140791" lon="5.264125">
        <ele>10.038654</ele>
        <time>2025-11-10T16:33:44.571Z</time>
      </trkpt>
      <trkpt lat="52.141237" lon="5.265602">
        <ele>9.971170</ele>
        <time>2025-11-10T16:33:58.322Z</time>
      </trkpt>
      <trkpt lat="52.141493" lon="5.266378">
        <ele>9.938292</ele>
        <time>2025-11-10T16:34:05.490Z</time>
      </trkpt>
      <trkpt lat="52.141560" lon="5.266584">
        <ele>9.929592</ele>
        <time>2025-11-10T16:34:07.373Z</time>
      </trkpt>
      <trkpt lat="52.141669" lon="5.266750">
        <ele>9.905781</ele>
        <time>2025-11-10T16:34:09.322Z</time>
      </trkpt>
      <trkpt lat="52.141815" lon="5.266885">
        <ele>9.817966</ele>
        <time>2025-11-10T16:34:11.505Z</time>
      </trkpt>
      <trkpt lat="52.141955" lon="5.266893">
        <ele>9.744686</ele>
        <time>2025-11-10T16:34:13.324Z</time>
      </trkpt>
      <trkpt lat="52.142170" lon="5.266764">
        <ele>9.624834</ele>
        <time>2025-11-10T16:34:16.281Z</time>
      </trkpt>
      <trkpt lat="52.142236" lon="5.266709">
        <ele>9.586056</ele>
        <time>2025-11-10T16:34:17.233Z</time>
      </trkpt>
      <trkpt lat="52.142773" lon="5.265714">
        <ele>9.160679</ele>
        <time>2025-11-10T16:34:27.903Z</time>
      </trkpt>
      <trkpt lat="52.142995" lon="5.265735">
        <ele>9.044353</ele>
        <time>2025-11-10T16:34:31.488Z</time>
      </trkpt>
      <trkpt lat="52.143281" lon="5.265999">
        <ele>8.802976</ele>
        <time>2025-11-10T16:34:36.700Z</time>
      </trkpt>
      <trkpt lat="52.143642" lon="5.266451">
        <ele>8.413351</ele>
        <time>2025-11-10T16:34:43.891Z</time>
      </trkpt>
      <trkpt lat="52.143817" lon="5.266815">
        <ele>8.170496</ele>
        <time>2025-11-10T16:34:48.400Z</time>
      </trkpt>
      <trkpt lat="52.143840" lon="5.266910">
        <ele>8.116859</ele>
        <time>2025-11-10T16:34:49.401Z</time>
      </trkpt>
      <trkpt lat="52.143983" lon="5.267489">
        <ele>7.789064</ele>
        <time>2025-11-10T16:34:55.590Z</time>
      </trkpt>
      <trkpt lat="52.144168" lon="5.268552">
        <ele>7.457390</ele>
        <time>2025-11-10T16:35:06.891Z</time>
      </trkpt>
      <trkpt lat="52.144289" lon="5.270268">
        <ele>7.516234</ele>
        <time>2025-11-10T16:35:26.602Z</time>
      </trkpt>
      <trkpt lat="52.144417" lon="5.270279">
        <ele>7.523350</ele>
        <time>2025-11-10T16:35:28.644Z</time>
      </trkpt>
      <trkpt lat="52.145115" lon="5.270062">
        <ele>7.400766</ele>
        <time>2025-11-10T16:35:39.360Z</time>
      </trkpt>
      <trkpt lat="52.145305" lon="5.270122">
        <ele>7.327424</ele>
        <time>2025-11-10T16:35:42.140Z</time>
      </trkpt>
      <trkpt lat="52.145467" lon="5.270273">
        <ele>7.256700</ele>
        <time>2025-11-10T16:35:44.800Z</time>
      </trkpt>
      <trkpt lat="52.145627" lon="5.270643">
        <ele>7.151439</ele>
        <time>2025-11-10T16:35:48.692Z</time>
      </trkpt>
      <trkpt lat="52.145833" lon="5.271024">
        <ele>7.033353</ele>
        <time>2025-11-10T16:35:53.011Z</time>
      </trkpt>
      <trkpt lat="52.145880" lon="5.271051">
        <ele>7.014467</ele>
        <time>2025-11-10T16:35:53.700Z</time>
      </trkpt>
      <trkpt lat="52.145997" lon="5.271076">
        <ele>6.969750</ele>
        <time>2025-11-10T16:35:55.141Z</time>
      </trkpt>
      <trkpt lat="52.146022" lon="5.270953">
        <ele>6.939618</ele>
        <time>2025-11-10T16:35:56.106Z</time>
      </trkpt>
      <trkpt lat="52.145986" lon="5.270006">
        <ele>6.681536</ele>
        <time>2025-11-10T16:36:03.219Z</time>
      </trkpt>
      <trkpt lat="52.145996" lon="5.269073">
        <ele>6.407127</ele>
        <time>2025-11-10T16:36:10.310Z</time>
      </trkpt>
      <trkpt lat="52.145976" lon="5.267608">
        <ele>5.999445</ele>
        <time>2025-11-10T16:36:21.815Z</time>
      </trkpt>
      <trkpt lat="52.145554" lon="5.263370">
        <ele>6.126616</ele>
        <time>2025-11-10T16:36:57.596Z</time>
      </trkpt>
      <trkpt lat="52.145423" lon="5.262589">
        <ele>6.179309</ele>
        <time>2025-11-10T16:37:04.574Z</time>
      </trkpt>
      <trkpt lat="52.144947" lon="5.260586">
        <ele>6.221500</ele>
        <time>2025-11-10T16:37:22.378Z</time>
      </trkpt>
      <trkpt lat="52.144884" lon="5.260086">
        <ele>6.220712</ele>
        <time>2025-11-10T16:37:26.450Z</time>
      </trkpt>
      <trkpt lat="52.144800" lon="5.259792">
        <ele>6.220212</ele>
        <time>2025-11-10T16:37:29.061Z</time>
      </trkpt>
      <trkpt lat="52.144594" lon="5.259002">
        <ele>6.280296</ele>
        <time>2025-11-10T16:37:36.039Z</time>
      </trkpt>
      <trkpt lat="52.144468" lon="5.258518">
        <ele>6.421671</ele>
        <time>2025-11-10T16:37:40.593Z</time>
      </trkpt>
      <trkpt lat="52.144355" lon="5.258284">
        <ele>6.501740</ele>
        <time>2025-11-10T16:37:43.223Z</time>
      </trkpt>
      <trkpt lat="52.144218" lon="5.257774">
        <ele>6.651444</ele>
        <time>2025-11-10T16:37:48.390Z</time>
      </trkpt>
      <trkpt lat="52.143887" lon="5.256554">
        <ele>7.010921</ele>
        <time>2025-11-10T16:38:01.720Z</time>
      </trkpt>
      <trkpt lat="52.143808" lon="5.256662">
        <ele>7.068907</ele>
        <time>2025-11-10T16:38:03.353Z</time>
      </trkpt>
      <trkpt lat="52.143794" lon="5.256884">
        <ele>7.145919</ele>
        <time>2025-11-10T16:38:05.495Z</time>
      </trkpt>
      <trkpt lat="52.143557" lon="5.256888">
        <ele>7.279195</ele>
        <time>2025-11-10T16:38:21.974Z</time>
      </trkpt>
      <trkpt lat="52.143042" lon="5.256977">
        <ele>7.570412</ele>
        <time>2025-11-10T16:38:57.912Z</time>
      </trkpt>
      <trkpt lat="52.142155" lon="5.256676">
        <ele>8.041711</ele>
        <time>2025-11-10T16:40:00.917Z</time>
      </trkpt>
      <trkpt lat="52.141832" lon="5.256566">
        <ele>8.111336</ele>
        <time>2025-11-10T16:40:23.820Z</time>
      </trkpt>
      <trkpt lat="52.141067" lon="5.253649">
        <ele>8.440334</ele>
        <time>2025-11-10T16:42:39.133Z</time>
      </trkpt>
      <trkpt lat="52.140904" lon="5.253085">
        <ele>8.467745</ele>
        <time>2025-11-10T16:43:05.755Z</time>
      </trkpt>
      <trkpt lat="52.140727" lon="5.252772">
        <ele>8.486458</ele>
        <time>2025-11-10T16:43:23.858Z</time>
      </trkpt>
      <trkpt lat="52.140529" lon="5.252593">
        <ele>8.502681</ele>
        <time>2025-11-10T16:43:39.591Z</time>
      </trkpt>
      <trkpt lat="52.140452" lon="5.252578">
        <ele>8.508236</ele>
        <time>2025-11-10T16:43:45.002Z</time>
      </trkpt>
      <trkpt lat="52.140288" lon="5.252547">
        <ele>8.520064</ele>
        <time>2025-11-10T16:43:56.451Z</time>
      </trkpt>
      <trkpt lat="52.140078" lon="5.252619">
        <ele>8.604432</ele>
        <time>2025-11-10T16:44:11.414Z</time>
      </trkpt>
      <trkpt lat="52.139878" lon="5.252804">
        <ele>8.758104</ele>
        <time>2025-11-10T16:44:27.363Z</time>
      </trkpt>
      <trkpt lat="52.139743" lon="5.252948">
        <ele>8.865920</ele>
        <time>2025-11-10T16:44:38.607Z</time>
      </trkpt>
      <trkpt lat="52.139032" lon="5.253911">
        <ele>9.483715</ele>
        <time>2025-11-10T16:45:42.843Z</time>
      </trkpt>
      <trkpt lat="52.138522" lon="5.254675">
        <ele>9.895808</ele>
        <time>2025-11-10T16:46:30.993Z</time>
      </trkpt>
      <trkpt lat="52.137220" lon="5.256624">
        <ele>10.696114</ele>
        <time>2025-11-10T16:48:33.859Z</time>
      </trkpt>
      <trkpt lat="52.137009" lon="5.256821">
        <ele>10.733985</ele>
        <time>2025-11-10T16:48:50.751Z</time>
      </trkpt>
      <trkpt lat="52.136814" lon="5.256932">
        <ele>10.766151</ele>
        <time>2025-11-10T16:49:05.105Z</time>
      </trkpt>
      <trkpt lat="52.136577" lon="5.256967">
        <ele>10.803209</ele>
        <time>2025-11-10T16:49:21.648Z</time>
      </trkpt>
      <trkpt lat="52.135627" lon="5.256951">
        <ele>10.925279</ele>
        <time>2025-11-10T16:50:27.660Z</time>
      </trkpt>
      <trkpt lat="52.135309" lon="5.257159">
        <ele>10.912620</ele>
        <time>2025-11-10T16:50:51.489Z</time>
      </trkpt>
      <trkpt lat="52.134906" lon="5.257489">
        <ele>10.895957</ele>
        <time>2025-11-10T16:51:22.857Z</time>
      </trkpt>
      <trkpt lat="52.134475" lon="5.257716">
        <ele>10.879224</ele>
        <time>2025-11-10T16:51:54.323Z</time>
      </trkpt>
      <trkpt lat="52.134388" lon="5.257879">
        <ele>10.874326</ele>
        <time>2025-11-10T16:52:03.546Z</time>
      </trkpt>
      <trkpt lat="52.134365" lon="5.258014">
        <ele>10.871149</ele>
        <time>2025-11-10T16:52:04.683Z</time>
      </trkpt>
      <trkpt lat="52.134267" lon="5.258231">
        <ele>10.865040</ele>
        <time>2025-11-10T16:52:06.872Z</time>
      </trkpt>
      <trkpt lat="52.133755" lon="5.258615">
        <ele>10.799071</ele>
        <time>2025-11-10T16:52:14.319Z</time>
      </trkpt>
      <trkpt lat="52.133203" lon="5.258728">
        <ele>10.731124</ele>
        <time>2025-11-10T16:52:21.620Z</time>
      </trkpt>
      <trkpt lat="52.132866" lon="5.258796">
        <ele>10.689650</ele>
        <time>2025-11-10T16:52:26.086Z</time>
      </trkpt>
      <trkpt lat="52.131684" lon="5.258923">
        <ele>10.432576</ele>
        <time>2025-11-10T16:52:41.499Z</time>
      </trkpt>
      <trkpt lat="52.131637" lon="5.258928">
        <ele>10.420302</ele>
        <time>2025-11-10T16:52:42.111Z</time>
      </trkpt>
      <trkpt lat="52.131261" lon="5.258965">
        <ele>10.322140</ele>
        <time>2025-11-10T16:52:47.031Z</time>
      </trkpt>
      <trkpt lat="52.130748" lon="5.258905">
        <ele>10.188111</ele>
        <time>2025-11-10T16:52:53.638Z</time>
      </trkpt>
      <trkpt lat="52.130225" lon="5.258469">
        <ele>9.846565</ele>
        <time>2025-11-10T16:53:00.947Z</time>
      </trkpt>
      <trkpt lat="52.129591" lon="5.257955">
        <ele>9.414307</ele>
        <time>2025-11-10T16:53:09.670Z</time>
      </trkpt>
      <trkpt lat="52.129256" lon="5.257740">
        <ele>9.194532</ele>
        <time>2025-11-10T16:53:14.048Z</time>
      </trkpt>
      <trkpt lat="52.128813" lon="5.257510">
        <ele>8.981224</ele>
        <time>2025-11-10T16:53:19.702Z</time>
      </trkpt>
      <trkpt lat="52.127990" lon="5.257172">
        <ele>8.682085</ele>
        <time>2025-11-10T16:53:30.494Z</time>
      </trkpt>
      <trkpt lat="52.127837" lon="5.257127">
        <ele>8.627289</ele>
        <time>2025-11-10T16:53:32.525Z</time>
      </trkpt>
      <trkpt lat="52.127497" lon="5.257109">
        <ele>8.507394</ele>
        <time>2025-11-10T16:53:37.021Z</time>
      </trkpt>
      <trkpt lat="52.127495" lon="5.257316">
        <ele>8.462600</ele>
        <time>2025-11-10T16:53:38.704Z</time>
      </trkpt>
      <trkpt lat="52.127474" lon="5.259182">
        <ele>8.650324</ele>
        <time>2025-11-10T16:53:54.152Z</time>
      </trkpt>
      <trkpt lat="52.127260" lon="5.278030">
        <ele>13.170271</ele>
        <time>2025-11-10T16:56:42.544Z</time>
      </trkpt>
      <trkpt lat="52.127255" lon="5.280056">
        <ele>13.808053</ele>
        <time>2025-11-10T16:57:01.627Z</time>
      </trkpt>
      <trkpt lat="52.127239" lon="5.281922">
        <ele>14.204950</ele>
        <time>2025-11-10T16:57:17.706Z</time>
      </trkpt>
      <trkpt lat="52.127238" lon="5.282004">
        <ele>14.216343</ele>
        <time>2025-11-10T16:57:18.365Z</time>
      </trkpt>
      <trkpt lat="52.127274" lon="5.282204">
        <ele>14.245293</ele>
        <time>2025-11-10T16:57:20.022Z</time>
      </trkpt>
      <trkpt lat="52.127272" lon="5.282386">
        <ele>14.270577</ele>
        <time>2025-11-10T16:57:21.465Z</time>
      </trkpt>
      <trkpt lat="52.128367" lon="5.282420">
        <ele>14.721500</ele>
        <time>2025-11-10T16:57:36.874Z</time>
      </trkpt>
      <trkpt lat="52.128436" lon="5.282489">
        <ele>14.805149</ele>
        <time>2025-11-10T16:57:38.069Z</time>
      </trkpt>
      <trkpt lat="52.128464" lon="5.282698">
        <ele>14.940826</ele>
        <time>2025-11-10T16:57:40.099Z</time>
      </trkpt>
      <trkpt lat="52.128439" lon="5.285647">
        <ele>17.317120</ele>
        <time>2025-11-10T16:58:11.238Z</time>
      </trkpt>
      <trkpt lat="52.128602" lon="5.285842">
        <ele>17.740959</ele>
        <time>2025-11-10T16:58:15.040Z</time>
      </trkpt>
      <trkpt lat="52.129618" lon="5.286900">
        <ele>20.336223</ele>
        <time>2025-11-10T16:58:39.910Z</time>
      </trkpt>
      <trkpt lat="52.130010" lon="5.287261">
        <ele>21.638965</ele>
        <time>2025-11-10T16:58:50.090Z</time>
      </trkpt>
      <trkpt lat="52.130064" lon="5.287299">
        <ele>21.809142</ele>
        <time>2025-11-10T16:58:51.417Z</time>
      </trkpt>
      <trkpt lat="52.130091" lon="5.287272">
        <ele>21.900797</ele>
        <time>2025-11-10T16:58:52.156Z</time>
      </trkpt>
      <trkpt lat="52.130498" lon="5.287639">
        <ele>23.246611</ele>
        <time>2025-11-10T16:59:02.790Z</time>
      </trkpt>
      <trkpt lat="52.130759" lon="5.287777">
        <ele>24.040467</ele>
        <time>2025-11-10T16:59:09.108Z</time>
      </trkpt>
      <trkpt lat="52.133108" lon="5.288291">
        <ele>29.560076</ele>
        <time>2025-11-10T16:59:59.442Z</time>
      </trkpt>
      <trkpt lat="52.133651" lon="5.288479">
        <ele>29.189023</ele>
        <time>2025-11-10T17:00:07.315Z</time>
      </trkpt>
      <trkpt lat="52.134405" lon="5.288913">
        <ele>28.654511</ele>
        <time>2025-11-10T17:00:16.487Z</time>
      </trkpt>
      <trkpt lat="52.134860" lon="5.289179">
        <ele>27.923024</ele>
        <time>2025-11-10T17:00:21.621Z</time>
      </trkpt>
      <trkpt lat="52.136328" lon="5.290035">
        <ele>23.306910</ele>
        <time>2025-11-10T17:00:37.674Z</time>
      </trkpt>
      <trkpt lat="52.136963" lon="5.290406">
        <ele>21.510781</ele>
        <time>2025-11-10T17:00:44.619Z</time>
      </trkpt>
      <trkpt lat="52.137625" lon="5.290851">
        <ele>19.625393</ele>
        <time>2025-11-10T17:00:52.179Z</time>
      </trkpt>
      <trkpt lat="52.138220" lon="5.291438">
        <ele>17.996427</ele>
        <time>2025-11-10T17:00:59.794Z</time>
      </trkpt>
      <trkpt lat="52.138312" lon="5.291013">
        <ele>17.515418</ele>
        <time>2025-11-10T17:01:19.028Z</time>
      </trkpt>
      <trkpt lat="52.138508" lon="5.290099">
        <ele>16.482038</ele>
        <time>2025-11-10T17:02:00.321Z</time>
      </trkpt>
      <trkpt lat="52.138530" lon="5.289980">
        <ele>16.349388</ele>
        <time>2025-11-10T17:02:05.631Z</time>
      </trkpt>
      <trkpt lat="52.138688" lon="5.289132">
        <ele>15.403500</ele>
        <time>2025-11-10T17:02:43.424Z</time>
      </trkpt>
      <trkpt lat="52.138800" lon="5.288531">
        <ele>14.938467</ele>
        <time>2025-11-10T17:03:10.232Z</time>
      </trkpt>
      <trkpt lat="52.139036" lon="5.288571">
        <ele>14.685995</ele>
        <time>2025-11-10T17:03:26.727Z</time>
      </trkpt>
      <trkpt lat="52.139438" lon="5.288639">
        <ele>14.255947</ele>
        <time>2025-11-10T17:03:54.795Z</time>
      </trkpt>
      <trkpt lat="52.140011" lon="5.288736">
        <ele>13.642963</ele>
        <time>2025-11-10T17:04:34.854Z</time>
      </trkpt>
      <trkpt lat="52.140130" lon="5.288757">
        <ele>13.515600</ele>
        <time>2025-11-10T17:04:43.157Z</time>
      </trkpt>
      <trkpt lat="52.140511" lon="5.288821">
        <ele>13.233522</ele>
        <time>2025-11-10T17:05:09.759Z</time>
      </trkpt>
      <trkpt lat="52.140926" lon="5.288892">
        <ele>13.021365</ele>
        <time>2025-11-10T17:05:38.784Z</time>
      </trkpt>
      <trkpt lat="52.141352" lon="5.288964">
        <ele>12.803613</ele>
        <time>2025-11-10T17:06:08.557Z</time>
      </trkpt>
      <trkpt lat="52.141905" lon="5.289057">
        <ele>12.520959</ele>
        <time>2025-11-10T17:06:47.173Z</time>
      </trkpt>
      <trkpt lat="52.142017" lon="5.289077">
        <ele>12.463675</ele>
        <time>2025-11-10T17:06:55.016Z</time>
      </trkpt>
      <trkpt lat="52.141971" lon="5.289435">
        <ele>12.528785</ele>
        <time>2025-11-10T17:06:58.328Z</time>
      </trkpt>
      <trkpt lat="52.141269" lon="5.291390">
        <ele>13.324525</ele>
        <time>2025-11-10T17:07:21.396Z</time>
      </trkpt>
      <trkpt lat="52.140419" lon="5.293647">
        <ele>13.317004</ele>
        <time>2025-11-10T17:07:44.768Z</time>
      </trkpt>
      <trkpt lat="52.141100" lon="5.294290">
        <ele>12.854942</ele>
        <time>2025-11-10T17:07:54.155Z</time>
      </trkpt>
      <trkpt lat="52.141578" lon="5.294857">
        <ele>12.188634</ele>
        <time>2025-11-10T17:08:00.996Z</time>
      </trkpt>
      <trkpt lat="52.141715" lon="5.295048">
        <ele>11.985440</ele>
        <time>2025-11-10T17:08:03.083Z</time>
      </trkpt>
      <trkpt lat="52.141648" lon="5.295194">
        <ele>11.859355</ele>
        <time>2025-11-10T17:08:04.440Z</time>
      </trkpt>
      <trkpt lat="52.141616" lon="5.295271">
        <ele>11.795038</ele>
        <time>2025-11-10T17:08:05.134Z</time>
      </trkpt>
      <trkpt lat="52.141647" lon="5.295343">
        <ele>11.734208</ele>
        <time>2025-11-10T17:08:05.794Z</time>
      </trkpt>
      <trkpt lat="52.141798" lon="5.295547">
        <ele>11.513155</ele>
        <time>2025-11-10T17:08:08.172Z</time>
      </trkpt>
      <trkpt lat="52.142141" lon="5.296014">
        <ele>11.116315</ele>
        <time>2025-11-10T17:08:13.696Z</time>
      </trkpt>
      <trkpt lat="52.143339" lon="5.297661">
        <ele>10.148256</ele>
        <time>2025-11-10T17:08:34.147Z</time>
      </trkpt>
      <trkpt lat="52.145034" lon="5.299997">
        <ele>9.155811</ele>
        <time>2025-11-10T17:09:03.830Z</time>
      </trkpt>
      <trkpt lat="52.145168" lon="5.300217">
        <ele>9.002664</ele>
        <time>2025-11-10T17:09:06.223Z</time>
      </trkpt>
      <trkpt lat="52.145198" lon="5.300161">
        <ele>8.965937</ele>
        <time>2025-11-10T17:09:06.791Z</time>
      </trkpt>
      <trkpt lat="52.145257" lon="5.300058">
        <ele>8.896322</ele>
        <time>2025-11-10T17:09:07.869Z</time>
      </trkpt>
      <trkpt lat="52.145288" lon="5.300003">
        <ele>8.859426</ele>
        <time>2025-11-10T17:09:08.444Z</time>
      </trkpt>
      <trkpt lat="52.145351" lon="5.299858">
        <ele>8.771648</ele>
        <time>2025-11-10T17:09:09.745Z</time>
      </trkpt>
      <trkpt lat="52.145369" lon="5.299508">
        <ele>8.598117</ele>
        <time>2025-11-10T17:09:12.305Z</time>
      </trkpt>
      <trkpt lat="52.145377" lon="5.299341">
        <ele>8.515357</ele>
        <time>2025-11-10T17:09:13.521Z</time>
      </trkpt>
      <trkpt lat="52.145448" lon="5.299308">
        <ele>8.455914</ele>
        <time>2025-11-10T17:09:14.428Z</time>
      </trkpt>
      <trkpt lat="52.145598" lon="5.299054">
        <ele>8.281749</ele>
        <time>2025-11-10T17:09:17.089Z</time>
      </trkpt>
      <trkpt lat="52.145735" lon="5.298534">
        <ele>8.031238</ele>
        <time>2025-11-10T17:09:21.330Z</time>
      </trkpt>
      <trkpt lat="52.146733" lon="5.298926">
        <ele>8.078218</ele>
        <time>2025-11-10T17:09:35.069Z</time>
      </trkpt>
      <trkpt lat="52.146752" lon="5.299032">
        <ele>8.081319</ele>
        <time>2025-11-10T17:09:36.037Z</time>
      </trkpt>
      <trkpt lat="52.147613" lon="5.299372">
        <ele>8.329486</ele>
        <time>2025-11-10T17:09:49.780Z</time>
      </trkpt>
      <trkpt lat="52.147847" lon="5.299379">
        <ele>8.565373</ele>
        <time>2025-11-10T17:09:53.815Z</time>
      </trkpt>
      <trkpt lat="52.148347" lon="5.299209">
        <ele>9.080172</ele>
        <time>2025-11-10T17:10:02.735Z</time>
      </trkpt>
      <trkpt lat="52.148620" lon="5.299090">
        <ele>9.365001</ele>
        <time>2025-11-10T17:10:07.595Z</time>
      </trkpt>
      <trkpt lat="52.148792" lon="5.299107">
        <ele>9.538677</ele>
        <time>2025-11-10T17:10:10.482Z</time>
      </trkpt>
      <trkpt lat="52.148903" lon="5.299207">
        <ele>9.666510</ele>
        <time>2025-11-10T17:10:12.561Z</time>
      </trkpt>
      <trkpt lat="52.149015" lon="5.299444">
        <ele>9.851515</ele>
        <time>2025-11-10T17:10:15.488Z</time>
      </trkpt>
      <trkpt lat="52.149088" lon="5.299527">
        <ele>9.928226</ele>
        <time>2025-11-10T17:10:16.873Z</time>
      </trkpt>
      <trkpt lat="52.149166" lon="5.299550">
        <ele>9.944759</ele>
        <time>2025-11-10T17:10:18.105Z</time>
      </trkpt>
      <trkpt lat="52.149342" lon="5.299512">
        <ele>9.981791</ele>
        <time>2025-11-10T17:10:20.789Z</time>
      </trkpt>
      <trkpt lat="52.149495" lon="5.299563">
        <ele>10.014365</ele>
        <time>2025-11-10T17:10:23.076Z</time>
      </trkpt>
      <trkpt lat="52.149660" lon="5.299708">
        <ele>10.053466</ele>
        <time>2025-11-10T17:10:25.683Z</time>
      </trkpt>
      <trkpt lat="52.150127" lon="5.299992">
        <ele>10.157435</ele>
        <time>2025-11-10T17:10:32.362Z</time>
      </trkpt>
      <trkpt lat="52.150182" lon="5.300026">
        <ele>10.169705</ele>
        <time>2025-11-10T17:10:33.140Z</time>
      </trkpt>
      <trkpt lat="52.150553" lon="5.300580">
        <ele>10.274660</ele>
        <time>2025-11-10T17:10:39.761Z</time>
      </trkpt>
      <trkpt lat="52.150827" lon="5.301225">
        <ele>10.321638</ele>
        <time>2025-11-10T17:10:46.122Z</time>
      </trkpt>
      <trkpt lat="52.150892" lon="5.301482">
        <ele>10.331893</ele>
        <time>2025-11-10T17:10:48.391Z</time>
      </trkpt>
      <trkpt lat="52.150982" lon="5.301687">
        <ele>10.341193</ele>
        <time>2025-11-10T17:10:50.464Z</time>
      </trkpt>
      <trkpt lat="52.151102" lon="5.301899">
        <ele>10.351834</ele>
        <time>2025-11-10T17:10:52.884Z</time>
      </trkpt>
      <trkpt lat="52.151382" lon="5.302247">
        <ele>10.373006</ele>
        <time>2025-11-10T17:10:57.755Z</time>
      </trkpt>
      <trkpt lat="52.151575" lon="5.302384">
        <ele>10.385664</ele>
        <time>2025-11-10T17:11:00.649Z</time>
      </trkpt>
      <trkpt lat="52.151884" lon="5.302539">
        <ele>10.405103</ele>
        <time>2025-11-10T17:11:05.087Z</time>
      </trkpt>
      <trkpt lat="52.152164" lon="5.302530">
        <ele>10.412543</ele>
        <time>2025-11-10T17:11:08.938Z</time>
      </trkpt>
      <trkpt lat="52.152358" lon="5.302645">
        <ele>10.416499</ele>
        <time>2025-11-10T17:11:11.774Z</time>
      </trkpt>
      <trkpt lat="52.152650" lon="5.302671">
        <ele>10.422103</ele>
        <time>2025-11-10T17:11:15.823Z</time>
      </trkpt>
      <trkpt lat="52.152776" lon="5.302769">
        <ele>10.424778</ele>
        <time>2025-11-10T17:11:17.729Z</time>
      </trkpt>
      <trkpt lat="52.152976" lon="5.302694">
        <ele>10.428710</ele>
        <time>2025-11-10T17:11:20.501Z</time>
      </trkpt>
      <trkpt lat="52.153236" lon="5.302837">
        <ele>10.433969</ele>
        <time>2025-11-10T17:11:24.144Z</time>
      </trkpt>
      <trkpt lat="52.153334" lon="5.302824">
        <ele>10.435853</ele>
        <time>2025-11-10T17:11:25.460Z</time>
      </trkpt>
      <trkpt lat="52.153574" lon="5.302692">
        <ele>10.440706</ele>
        <time>2025-11-10T17:11:28.800Z</time>
      </trkpt>
      <trkpt lat="52.153753" lon="5.302637">
        <ele>10.403336</ele>
        <time>2025-11-10T17:11:31.202Z</time>
      </trkpt>
      <trkpt lat="52.153981" lon="5.302627">
        <ele>10.294978</ele>
        <time>2025-11-10T17:11:34.165Z</time>
      </trkpt>
      <trkpt lat="52.154058" lon="5.302454">
        <ele>10.232680</ele>
        <time>2025-11-10T17:11:35.863Z</time>
      </trkpt>
      <trkpt lat="52.154551" lon="5.301802">
        <ele>9.931059</ele>
        <time>2025-11-10T17:11:43.918Z</time>
      </trkpt>
      <trkpt lat="52.155116" lon="5.300860">
        <ele>9.566939</ele>
        <time>2025-11-10T17:11:53.718Z</time>
      </trkpt>
      <trkpt lat="52.155491" lon="5.300376">
        <ele>9.449689</ele>
        <time>2025-11-10T17:11:59.567Z</time>
      </trkpt>
      <trkpt lat="52.155670" lon="5.300282">
        <ele>9.403591</ele>
        <time>2025-11-10T17:12:01.926Z</time>
      </trkpt>
      <trkpt lat="52.155675" lon="5.300245">
        <ele>9.397893</ele>
        <time>2025-11-10T17:12:02.227Z</time>
      </trkpt>
      <trkpt lat="52.155797" lon="5.300286">
        <ele>9.367359</ele>
        <time>2025-11-10T17:12:04.338Z</time>
      </trkpt>
      <trkpt lat="52.156001" lon="5.299690">
        <ele>9.264723</ele>
        <time>2025-11-10T17:12:09.873Z</time>
      </trkpt>
      <trkpt lat="52.156107" lon="5.299167">
        <ele>9.181890</ele>
        <time>2025-11-10T17:12:14.544Z</time>
      </trkpt>
      <trkpt lat="52.156163" lon="5.299026">
        <ele>9.156631</ele>
        <time>2025-11-10T17:12:16.030Z</time>
      </trkpt>
      <trkpt lat="52.156245" lon="5.298243">
        <ele>9.181054</ele>
        <time>2025-11-10T17:12:23.361Z</time>
      </trkpt>
      <trkpt lat="52.156275" lon="5.298142">
        <ele>9.186243</ele>
        <time>2025-11-10T17:12:24.404Z</time>
      </trkpt>
      <trkpt lat="52.156662" lon="5.297663">
        <ele>9.222868</ele>
        <time>2025-11-10T17:12:31.385Z</time>
      </trkpt>
      <trkpt lat="52.156732" lon="5.297542">
        <ele>9.230558</ele>
        <time>2025-11-10T17:12:32.765Z</time>
      </trkpt>
      <trkpt lat="52.156761" lon="5.297372">
        <ele>9.238717</ele>
        <time>2025-11-10T17:12:34.196Z</time>
      </trkpt>
      <trkpt lat="52.157159" lon="5.296042">
        <ele>9.147573</ele>
        <time>2025-11-10T17:12:45.776Z</time>
      </trkpt>
      <trkpt lat="52.157462" lon="5.295164">
        <ele>8.889023</ele>
        <time>2025-11-10T17:12:53.598Z</time>
      </trkpt>
      <trkpt lat="52.157518" lon="5.294926">
        <ele>8.823600</ele>
        <time>2025-11-10T17:12:55.571Z</time>
      </trkpt>
      <trkpt lat="52.157334" lon="5.294005">
        <ele>8.575002</ele>
        <time>2025-11-10T17:13:03.047Z</time>
      </trkpt>
      <trkpt lat="52.157331" lon="5.293819">
        <ele>8.526163</ele>
        <time>2025-11-10T17:13:04.476Z</time>
      </trkpt>
      <trkpt lat="52.157461" lon="5.293341">
        <ele>8.344556</ele>
        <time>2025-11-10T17:13:08.500Z</time>
      </trkpt>
      <trkpt lat="52.157561" lon="5.293110">
        <ele>8.246359</ele>
        <time>2025-11-10T17:13:10.653Z</time>
      </trkpt>
      <trkpt lat="52.157631" lon="5.293000">
        <ele>8.191311</ele>
        <time>2025-11-10T17:13:11.849Z</time>
      </trkpt>
      <trkpt lat="52.157720" lon="5.292681">
        <ele>8.069594</ele>
        <time>2025-11-10T17:13:14.488Z</time>
      </trkpt>
      <trkpt lat="52.157805" lon="5.292594">
        <ele>8.012770</ele>
        <time>2025-11-10T17:13:15.714Z</time>
      </trkpt>
      <trkpt lat="52.157809" lon="5.292411">
        <ele>7.949169</ele>
        <time>2025-11-10T17:13:17.150Z</time>
      </trkpt>
      <trkpt lat="52.157848" lon="5.292193">
        <ele>7.870297</ele>
        <time>2025-11-10T17:13:18.927Z</time>
      </trkpt>
      <trkpt lat="52.158184" lon="5.291038">
        <ele>7.473697</ele>
        <time>2025-11-10T17:13:29.245Z</time>
      </trkpt>
      <trkpt lat="52.158244" lon="5.290909">
        <ele>7.448557</ele>
        <time>2025-11-10T17:13:30.569Z</time>
      </trkpt>
      <trkpt lat="52.158281" lon="5.290869">
        <ele>7.437319</ele>
        <time>2025-11-10T17:13:31.327Z</time>
      </trkpt>
      <trkpt lat="52.158362" lon="5.290747">
        <ele>7.409402</ele>
        <time>2025-11-10T17:13:33.194Z</time>
      </trkpt>
      <trkpt lat="52.158633" lon="5.290387">
        <ele>7.320908</ele>
        <time>2025-11-10T17:13:39.114Z</time>
      </trkpt>
      <trkpt lat="52.157971" lon="5.289105">
        <ele>7.060685</ele>
        <time>2025-11-10T17:13:56.877Z</time>
      </trkpt>
      <trkpt lat="52.155926" lon="5.285065">
        <ele>7.111885</ele>
        <time>2025-11-10T17:14:40.344Z</time>
      </trkpt>
      <trkpt lat="52.155944" lon="5.284995">
        <ele>7.111850</ele>
        <time>2025-11-10T17:14:40.984Z</time>
      </trkpt>
      <trkpt lat="52.156055" lon="5.284822">
        <ele>7.111736</ele>
        <time>2025-11-10T17:14:43.055Z</time>
      </trkpt>
      <trkpt lat="52.157111" lon="5.282870">
        <ele>6.560847</ele>
        <time>2025-11-10T17:15:03.576Z</time>
      </trkpt>
      <trkpt lat="52.157312" lon="5.282499">
        <ele>6.441146</ele>
        <time>2025-11-10T17:15:07.239Z</time>
      </trkpt>
      <trkpt lat="52.157452" lon="5.282237">
        <ele>6.351774</ele>
        <time>2025-11-10T17:15:09.768Z</time>
      </trkpt>
      <trkpt lat="52.158271" lon="5.280719">
        <ele>5.805381</ele>
        <time>2025-11-10T17:15:24.957Z</time>
      </trkpt>
      <trkpt lat="52.159057" lon="5.279259">
        <ele>5.832958</ele>
        <time>2025-11-10T17:15:42.140Z</time>
      </trkpt>
      <trkpt lat="52.160243" lon="5.277021">
        <ele>6.239694</ele>
        <time>2025-11-10T17:16:08.151Z</time>
      </trkpt>
      <trkpt lat="52.160509" lon="5.276519">
        <ele>6.289791</ele>
        <time>2025-11-10T17:16:13.648Z</time>
      </trkpt>
      <trkpt lat="52.160519" lon="5.276497">
        <ele>6.291859</ele>
        <time>2025-11-10T17:16:13.876Z</time>
      </trkpt>
      <trkpt lat="52.160556" lon="5.276427">
        <ele>6.298837</ele>
        <time>2025-11-10T17:16:14.638Z</time>
      </trkpt>
      <trkpt lat="52.161726" lon="5.274234">
        <ele>6.289731</ele>
        <time>2025-11-10T17:16:39.133Z</time>
      </trkpt>
      <trkpt lat="52.161772" lon="5.274024">
        <ele>6.281122</ele>
        <time>2025-11-10T17:16:40.990Z</time>
      </trkpt>
      <trkpt lat="52.161699" lon="5.273769">
        <ele>6.270258</ele>
        <time>2025-11-10T17:16:44.776Z</time>
      </trkpt>
      <trkpt lat="52.161649" lon="5.273590">
        <ele>6.262665</ele>
        <time>2025-11-10T17:16:47.425Z</time>
      </trkpt>
      <trkpt lat="52.161208" lon="5.272122">
        <ele>6.450150</ele>
        <time>2025-11-10T17:17:09.963Z</time>
      </trkpt>
      <trkpt lat="52.161015" lon="5.271401">
        <ele>6.559927</ele>
        <time>2025-11-10T17:17:21.241Z</time>
      </trkpt>
      <trkpt lat="52.160884" lon="5.270861">
        <ele>6.640962</ele>
        <time>2025-11-10T17:17:29.657Z</time>
      </trkpt>
      <trkpt lat="52.160761" lon="5.270324">
        <ele>6.724346</ele>
        <time>2025-11-10T17:17:37.967Z</time>
      </trkpt>
      <trkpt lat="52.160604" lon="5.269681">
        <ele>6.826580</ele>
        <time>2025-11-10T17:17:47.891Z</time>
      </trkpt>
      <trkpt lat="52.160544" lon="5.269285">
        <ele>6.886837</ele>
        <time>2025-11-10T17:17:53.653Z</time>
      </trkpt>
      <trkpt lat="52.160524" lon="5.268854">
        <ele>6.950687</ele>
        <time>2025-11-10T17:17:59.660Z</time>
      </trkpt>
      <trkpt lat="52.160527" lon="5.268086">
        <ele>7.064142</ele>
        <time>2025-11-10T17:18:10.174Z</time>
      </trkpt>
      <trkpt lat="52.160501" lon="5.267936">
        <ele>7.087168</ele>
        <time>2025-11-10T17:18:12.310Z</time>
      </trkpt>
      <trkpt lat="52.160360" lon="5.267641">
        <ele>7.100601</ele>
        <time>2025-11-10T17:18:17.461Z</time>
      </trkpt>
      <trkpt lat="52.160032" lon="5.267053">
        <ele>7.111885</ele>
        <time>2025-11-10T17:18:28.550Z</time>
      </trkpt>
      <trkpt lat="52.159634" lon="5.266322">
        <ele>7.125762</ele>
        <time>2025-11-10T17:19:10.200Z</time>
      </trkpt>
      <trkpt lat="52.159237" lon="5.265590">
        <ele>7.149727</ele>
        <time>2025-11-10T17:19:51.872Z</time>
      </trkpt>
      <trkpt lat="52.158477" lon="5.264160">
        <ele>7.323094</ele>
        <time>2025-11-10T17:21:12.510Z</time>
      </trkpt>
      <trkpt lat="52.158789" lon="5.263723">
        <ele>7.384537</ele>
        <time>2025-11-10T17:21:41.104Z</time>
      </trkpt>
      <trkpt lat="52.159047" lon="5.263364">
        <ele>7.444101</ele>
        <time>2025-11-10T17:22:04.663Z</time>
      </trkpt>
      <trkpt lat="52.159804" lon="5.262313">
        <ele>7.638562</ele>
        <time>2025-11-10T17:23:13.755Z</time>
      </trkpt>
      <trkpt lat="52.161071" lon="5.260580">
        <ele>7.354860</ele>
        <time>2025-11-10T17:23:49.506Z</time>
      </trkpt>
      <trkpt lat="52.162297" lon="5.258979">
        <ele>6.640254</ele>
        <time>2025-11-10T17:24:23.210Z</time>
      </trkpt>
      <trkpt lat="52.163070" lon="5.257969">
        <ele>6.127188</ele>
        <time>2025-11-10T17:24:44.354Z</time>
      </trkpt>
      <trkpt lat="52.163134" lon="5.257885">
        <ele>6.085748</ele>
        <time>2025-11-10T17:24:46.112Z</time>
      </trkpt>
      <trkpt lat="52.163691" lon="5.258928">
        <ele>5.657918</ele>
        <time>2025-11-10T17:25:04.145Z</time>
      </trkpt>
      <trkpt lat="52.163716" lon="5.258895">
        <ele>5.641695</ele>
        <time>2025-11-10T17:25:06.386Z</time>
      </trkpt>
      <trkpt lat="52.165012" lon="5.261344">
        <ele>4.837248</ele>
        <time>2025-11-10T17:25:31.540Z</time>
      </trkpt>
      <trkpt lat="52.165476" lon="5.262221">
        <ele>4.614292</ele>
        <time>2025-11-10T17:25:40.776Z</time>
      </trkpt>
      <trkpt lat="52.166695" lon="5.264595">
        <ele>4.383033</ele>
        <time>2025-11-10T17:26:05.809Z</time>
      </trkpt>
      <trkpt lat="52.166701" lon="5.264642">
        <ele>4.376973</ele>
        <time>2025-11-10T17:26:06.204Z</time>
      </trkpt>
      <trkpt lat="52.166871" lon="5.264310">
        <ele>4.322381</ele>
        <time>2025-11-10T17:26:09.623Z</time>
      </trkpt>
      <trkpt lat="52.167762" lon="5.262683">
        <ele>4.047075</ele>
        <time>2025-11-10T17:26:28.887Z</time>
      </trkpt>
      <trkpt lat="52.167813" lon="5.262590">
        <ele>4.033945</ele>
        <time>2025-11-10T17:26:29.994Z</time>
      </trkpt>
      <trkpt lat="52.167948" lon="5.262433">
        <ele>4.005489</ele>
        <time>2025-11-10T17:26:32.396Z</time>
      </trkpt>
      <trkpt lat="52.170306" lon="5.258063">
        <ele>3.435001</ele>
        <time>2025-11-10T17:27:24.253Z</time>
      </trkpt>
      <trkpt lat="52.172806" lon="5.253448">
        <ele>3.225962</ele>
        <time>2025-11-10T17:28:19.938Z</time>
      </trkpt>
      <trkpt lat="52.173392" lon="5.252370">
        <ele>3.246871</ele>
        <time>2025-11-10T17:28:32.825Z</time>
      </trkpt>
      <trkpt lat="52.173989" lon="5.251232">
        <ele>3.484932</ele>
        <time>2025-11-10T17:28:47.197Z</time>
      </trkpt>
      <trkpt lat="52.174312" lon="5.250746">
        <ele>3.734396</ele>
        <time>2025-11-10T17:28:54.647Z</time>
      </trkpt>
      <trkpt lat="52.174656" lon="5.250118">
        <ele>4.027503</ele>
        <time>2025-11-10T17:29:03.487Z</time>
      </trkpt>
      <trkpt lat="52.174683" lon="5.250070">
        <ele>4.050176</ele>
        <time>2025-11-10T17:29:04.160Z</time>
      </trkpt>
      <trkpt lat="52.174729" lon="5.249995">
        <ele>4.087098</ele>
        <time>2025-11-10T17:29:05.259Z</time>
      </trkpt>
      <trkpt lat="52.175033" lon="5.249720">
        <ele>4.280022</ele>
        <time>2025-11-10T17:29:11.201Z</time>
      </trkpt>
      <trkpt lat="52.175364" lon="5.249574">
        <ele>4.275514</ele>
        <time>2025-11-10T17:29:16.873Z</time>
      </trkpt>
      <trkpt lat="52.175440" lon="5.249484">
        <ele>4.274279</ele>
        <time>2025-11-10T17:29:18.358Z</time>
      </trkpt>
      <trkpt lat="52.175506" lon="5.249626">
        <ele>4.272842</ele>
        <time>2025-11-10T17:29:19.916Z</time>
      </trkpt>
      <trkpt lat="52.175639" lon="5.249782">
        <ele>4.270688</ele>
        <time>2025-11-10T17:29:22.165Z</time>
      </trkpt>
      <trkpt lat="52.175862" lon="5.249880">
        <ele>4.267652</ele>
        <time>2025-11-10T17:29:25.293Z</time>
      </trkpt>
      <trkpt lat="52.177887" lon="5.253014">
        <ele>3.893739</ele>
        <time>2025-11-10T17:30:02.780Z</time>
      </trkpt>
      <trkpt lat="52.179476" lon="5.255469">
        <ele>4.569820</ele>
        <time>2025-11-10T17:30:35.904Z</time>
      </trkpt>
      <trkpt lat="52.181205" lon="5.258139">
        <ele>5.009132</ele>
        <time>2025-11-10T17:31:11.328Z</time>
      </trkpt>
      <trkpt lat="52.181354" lon="5.258370">
        <ele>5.006179</ele>
        <time>2025-11-10T17:31:14.137Z</time>
      </trkpt>
      <trkpt lat="52.182392" lon="5.260050">
        <ele>4.332448</ele>
        <time>2025-11-10T17:31:32.830Z</time>
      </trkpt>
      <trkpt lat="52.183041" lon="5.261272">
        <ele>3.777721</ele>
        <time>2025-11-10T17:31:45.472Z</time>
      </trkpt>
      <trkpt lat="52.183711" lon="5.262349">
        <ele>3.757162</ele>
        <time>2025-11-10T17:31:58.051Z</time>
      </trkpt>
      <trkpt lat="52.183725" lon="5.262389">
        <ele>3.756545</ele>
        <time>2025-11-10T17:31:58.460Z</time>
      </trkpt>
      <trkpt lat="52.183805" lon="5.262263">
        <ele>3.754115</ele>
        <time>2025-11-10T17:32:00.116Z</time>
      </trkpt>
      <trkpt lat="52.183889" lon="5.262141">
        <ele>3.751657</ele>
        <time>2025-11-10T17:32:01.852Z</time>
      </trkpt>
      <trkpt lat="52.183936" lon="5.262063">
        <ele>3.750191</ele>
        <time>2025-11-10T17:32:02.852Z</time>
      </trkpt>
      <trkpt lat="52.184002" lon="5.262135">
        <ele>3.748456</ele>
        <time>2025-11-10T17:32:04.396Z</time>
      </trkpt>
      <trkpt lat="52.184033" lon="5.262076">
        <ele>3.747415</ele>
        <time>2025-11-10T17:32:05.284Z</time>
      </trkpt>
      <trkpt lat="52.184033" lon="5.262076">
        <ele>3.747415</ele>
        <time>2025-11-10T17:32:05.284Z</time>
      </trkpt>
      <trkpt lat="52.184092" lon="5.261968">
        <ele>3.745477</ele>
        <time>2025-11-10T17:32:07.394Z</time>
      </trkpt>
      <trkpt lat="52.185375" lon="5.259641">
        <ele>5.411486</ele>
        <time>2025-11-10T17:32:55.860Z</time>
      </trkpt>
      <trkpt lat="52.185973" lon="5.258613">
        <ele>5.945820</ele>
        <time>2025-11-10T17:33:17.861Z</time>
      </trkpt>
      <trkpt lat="52.186781" lon="5.257135">
        <ele>6.446988</ele>
        <time>2025-11-10T17:33:45.862Z</time>
      </trkpt>
      <trkpt lat="52.187801" lon="5.255342">
        <ele>6.001199</ele>
        <time>2025-11-10T17:34:18.157Z</time>
      </trkpt>
      <trkpt lat="52.188288" lon="5.254526">
        <ele>5.680498</ele>
        <time>2025-11-10T17:34:33.167Z</time>
      </trkpt>
      <trkpt lat="52.188725" lon="5.253845">
        <ele>5.396883</ele>
        <time>2025-11-10T17:34:46.074Z</time>
      </trkpt>
      <trkpt lat="52.189559" lon="5.252360">
        <ele>5.156121</ele>
        <time>2025-11-10T17:35:12.561Z</time>
      </trkpt>
      <trkpt lat="52.189656" lon="5.252201">
        <ele>5.158274</ele>
        <time>2025-11-10T17:35:15.564Z</time>
      </trkpt>
      <trkpt lat="52.189715" lon="5.252169">
        <ele>5.159248</ele>
        <time>2025-11-10T17:35:16.919Z</time>
      </trkpt>
      <trkpt lat="52.189876" lon="5.252074">
        <ele>5.161929</ele>
        <time>2025-11-10T17:35:20.720Z</time>
      </trkpt>
      <trkpt lat="52.189921" lon="5.252144">
        <ele>5.162902</ele>
        <time>2025-11-10T17:35:22.113Z</time>
      </trkpt>
      <trkpt lat="52.189954" lon="5.252242">
        <ele>5.163975</ele>
        <time>2025-11-10T17:35:23.648Z</time>
      </trkpt>
      <trkpt lat="52.189960" lon="5.252419">
        <ele>5.165677</ele>
        <time>2025-11-10T17:35:26.143Z</time>
      </trkpt>
      <trkpt lat="52.189994" lon="5.252557">
        <ele>5.167105</ele>
        <time>2025-11-10T17:35:28.264Z</time>
      </trkpt>
      <trkpt lat="52.190092" lon="5.252676">
        <ele>5.169018</ele>
        <time>2025-11-10T17:35:31.106Z</time>
      </trkpt>
      <trkpt lat="52.190297" lon="5.252732">
        <ele>5.172272</ele>
        <time>2025-11-10T17:35:36.060Z</time>
      </trkpt>
      <trkpt lat="52.190657" lon="5.253047">
        <ele>5.562032</ele>
        <time>2025-11-10T17:35:46.144Z</time>
      </trkpt>
      <trkpt lat="52.190871" lon="5.253338">
        <ele>5.880831</ele>
        <time>2025-11-10T17:35:53.433Z</time>
      </trkpt>
      <trkpt lat="52.190979" lon="5.253401">
        <ele>6.012076</ele>
        <time>2025-11-10T17:35:56.495Z</time>
      </trkpt>
      <trkpt lat="52.191047" lon="5.253395">
        <ele>6.090000</ele>
        <time>2025-11-10T17:35:58.297Z</time>
      </trkpt>
      <trkpt lat="52.191122" lon="5.253559">
        <ele>6.233527</ele>
        <time>2025-11-10T17:36:01.678Z</time>
      </trkpt>
      <trkpt lat="52.191209" lon="5.253568">
        <ele>6.333278</ele>
        <time>2025-11-10T17:36:04.024Z</time>
      </trkpt>
      <trkpt lat="52.191211" lon="5.253566">
        <ele>6.335963</ele>
        <time>2025-11-10T17:36:04.091Z</time>
      </trkpt>
      <trkpt lat="52.191373" lon="5.253492">
        <ele>6.528465</ele>
        <time>2025-11-10T17:36:08.623Z</time>
      </trkpt>
      <trkpt lat="52.191587" lon="5.253508">
        <ele>6.773597</ele>
        <time>2025-11-10T17:36:14.282Z</time>
      </trkpt>
      <trkpt lat="52.191665" lon="5.253480">
        <ele>6.864986</ele>
        <time>2025-11-10T17:36:16.393Z</time>
      </trkpt>
      <trkpt lat="52.191836" lon="5.253612">
        <ele>7.081459</ele>
        <time>2025-11-10T17:36:21.253Z</time>
      </trkpt>
      <trkpt lat="52.191910" lon="5.253537">
        <ele>7.181147</ele>
        <time>2025-11-10T17:36:23.483Z</time>
      </trkpt>
      <trkpt lat="52.192006" lon="5.253597">
        <ele>7.246905</ele>
        <time>2025-11-10T17:36:26.096Z</time>
      </trkpt>
      <trkpt lat="52.192062" lon="5.253852">
        <ele>7.290433</ele>
        <time>2025-11-10T17:36:30.290Z</time>
      </trkpt>
      <trkpt lat="52.192118" lon="5.253916">
        <ele>7.308357</ele>
        <time>2025-11-10T17:36:32.009Z</time>
      </trkpt>
      <trkpt lat="52.192173" lon="5.254165">
        <ele>7.350889</ele>
        <time>2025-11-10T17:36:36.066Z</time>
      </trkpt>
      <trkpt lat="52.192427" lon="5.254013">
        <ele>7.421812</ele>
        <time>2025-11-10T17:36:42.638Z</time>
      </trkpt>
      <trkpt lat="52.192791" lon="5.253946">
        <ele>7.517837</ele>
        <time>2025-11-10T17:36:51.128Z</time>
      </trkpt>
      <trkpt lat="52.193242" lon="5.254090">
        <ele>7.638306</ele>
        <time>2025-11-10T17:37:01.139Z</time>
      </trkpt>
      <trkpt lat="52.193735" lon="5.254283">
        <ele>7.386718</ele>
        <time>2025-11-10T17:37:11.887Z</time>
      </trkpt>
      <trkpt lat="52.194146" lon="5.254445">
        <ele>6.872884</ele>
        <time>2025-11-10T17:37:20.600Z</time>
      </trkpt>
      <trkpt lat="52.194564" lon="5.254595">
        <ele>6.352770</ele>
        <time>2025-11-10T17:37:50.313Z</time>
      </trkpt>
      <trkpt lat="52.194682" lon="5.254652">
        <ele>6.203218</ele>
        <time>2025-11-10T17:37:52.779Z</time>
      </trkpt>
      <trkpt lat="52.194879" lon="5.254747">
        <ele>5.953576</ele>
        <time>2025-11-10T17:37:56.863Z</time>
      </trkpt>
      <trkpt lat="52.195555" lon="5.254988">
        <ele>5.321588</ele>
        <time>2025-11-10T17:38:10.810Z</time>
      </trkpt>
      <trkpt lat="52.195985" lon="5.255158">
        <ele>5.061574</ele>
        <time>2025-11-10T17:38:19.886Z</time>
      </trkpt>
      <trkpt lat="52.196115" lon="5.255155">
        <ele>4.985168</ele>
        <time>2025-11-10T17:38:22.631Z</time>
      </trkpt>
      <trkpt lat="52.196149" lon="5.254866">
        <ele>4.879164</ele>
        <time>2025-11-10T17:38:26.456Z</time>
      </trkpt>
      <trkpt lat="52.196251" lon="5.254778">
        <ele>4.811355</ele>
        <time>2025-11-10T17:38:28.924Z</time>
      </trkpt>
      <trkpt lat="52.199266" lon="5.255940">
        <ele>5.436110</ele>
        <time>2025-11-10T17:39:15.441Z</time>
      </trkpt>
      <trkpt lat="52.200196" lon="5.256329">
        <ele>5.855414</ele>
        <time>2025-11-10T17:39:30.217Z</time>
      </trkpt>
      <trkpt lat="52.200700" lon="5.256535">
        <ele>5.993742</ele>
        <time>2025-11-10T17:39:38.114Z</time>
      </trkpt>
      <trkpt lat="52.201253" lon="5.256761">
        <ele>6.110787</ele>
        <time>2025-11-10T17:39:46.457Z</time>
      </trkpt>
      <trkpt lat="52.201688" lon="5.256935">
        <ele>6.202742</ele>
        <time>2025-11-10T17:39:52.750Z</time>
      </trkpt>
      <trkpt lat="52.201760" lon="5.256928">
        <ele>6.217551</ele>
        <time>2025-11-10T17:39:53.761Z</time>
      </trkpt>
      <trkpt lat="52.201688" lon="5.255119">
        <ele>6.270399</ele>
        <time>2025-11-10T17:40:09.387Z</time>
      </trkpt>
      <trkpt lat="52.201678" lon="5.254627">
        <ele>6.265008</ele>
        <time>2025-11-10T17:40:13.568Z</time>
      </trkpt>
      <trkpt lat="52.201672" lon="5.254343">
        <ele>6.261896</ele>
        <time>2025-11-10T17:40:15.977Z</time>
      </trkpt>
      <trkpt lat="52.201649" lon="5.254138">
        <ele>6.259613</ele>
        <time>2025-11-10T17:40:17.736Z</time>
      </trkpt>
      <trkpt lat="52.201613" lon="5.253992">
        <ele>6.257890</ele>
        <time>2025-11-10T17:40:19.067Z</time>
      </trkpt>
      <trkpt lat="52.201578" lon="5.253846">
        <ele>6.256173</ele>
        <time>2025-11-10T17:40:20.389Z</time>
      </trkpt>
      <trkpt lat="52.201553" lon="5.253573">
        <ele>6.253150</ele>
        <time>2025-11-10T17:40:22.697Z</time>
      </trkpt>
      <trkpt lat="52.201670" lon="5.253793">
        <ele>6.270734</ele>
        <time>2025-11-10T17:40:25.147Z</time>
      </trkpt>
      <trkpt lat="52.201793" lon="5.253825">
        <ele>6.288340</ele>
        <time>2025-11-10T17:40:26.866Z</time>
      </trkpt>
      <trkpt lat="52.201899" lon="5.253830">
        <ele>6.303329</ele>
        <time>2025-11-10T17:40:28.330Z</time>
      </trkpt>
      <trkpt lat="52.202117" lon="5.253781">
        <ele>6.334435</ele>
        <time>2025-11-10T17:40:31.419Z</time>
      </trkpt>
      <trkpt lat="52.202144" lon="5.253836">
        <ele>6.340540</ele>
        <time>2025-11-10T17:40:32.019Z</time>
      </trkpt>
      <trkpt lat="52.202003" lon="5.254408">
        <ele>6.393951</ele>
        <time>2025-11-10T17:40:37.071Z</time>
      </trkpt>
      <trkpt lat="52.201963" lon="5.254700">
        <ele>6.419872</ele>
        <time>2025-11-10T17:40:39.445Z</time>
      </trkpt>
      <trkpt lat="52.201953" lon="5.257073">
        <ele>7.125790</ele>
        <time>2025-11-10T17:41:00.949Z</time>
      </trkpt>
      <trkpt lat="52.201984" lon="5.257556">
        <ele>7.344872</ele>
        <time>2025-11-10T17:41:05.711Z</time>
      </trkpt>
      <trkpt lat="52.201989" lon="5.257603">
        <ele>7.366391</ele>
        <time>2025-11-10T17:41:06.188Z</time>
      </trkpt>
      <trkpt lat="52.202025" lon="5.257601">
        <ele>7.392905</ele>
        <time>2025-11-10T17:41:06.830Z</time>
      </trkpt>
      <trkpt lat="52.202245" lon="5.257812">
        <ele>7.580742</ele>
        <time>2025-11-10T17:41:11.336Z</time>
      </trkpt>
      <trkpt lat="52.202401" lon="5.257874">
        <ele>7.698925</ele>
        <time>2025-11-10T17:41:14.182Z</time>
      </trkpt>
      <trkpt lat="52.202610" lon="5.258068">
        <ele>7.889407</ele>
        <time>2025-11-10T17:41:18.480Z</time>
      </trkpt>
      <trkpt lat="52.204076" lon="5.259486">
        <ele>9.516112</ele>
        <time>2025-11-10T17:41:48.937Z</time>
      </trkpt>
      <trkpt lat="52.205011" lon="5.260389">
        <ele>9.494206</ele>
        <time>2025-11-10T17:42:07.071Z</time>
      </trkpt>
      <trkpt lat="52.205452" lon="5.260761">
        <ele>9.469205</ele>
        <time>2025-11-10T17:42:13.831Z</time>
      </trkpt>
      <trkpt lat="52.205532" lon="5.260842">
        <ele>9.464464</ele>
        <time>2025-11-10T17:42:15.067Z</time>
      </trkpt>
      <trkpt lat="52.205540" lon="5.260818">
        <ele>9.463621</ele>
        <time>2025-11-10T17:42:15.289Z</time>
      </trkpt>
      <trkpt lat="52.205558" lon="5.260768">
        <ele>9.461831</ele>
        <time>2025-11-10T17:42:15.718Z</time>
      </trkpt>
      <trkpt lat="52.205689" lon="5.260439">
        <ele>9.266218</ele>
        <time>2025-11-10T17:42:18.634Z</time>
      </trkpt>
      <trkpt lat="52.206051" lon="5.259513">
        <ele>8.340588</ele>
        <time>2025-11-10T17:42:26.642Z</time>
      </trkpt>
      <trkpt lat="52.206087" lon="5.259407">
        <ele>8.238458</ele>
        <time>2025-11-10T17:42:27.517Z</time>
      </trkpt>
      <trkpt lat="52.206577" lon="5.257895">
        <ele>6.829084</ele>
        <time>2025-11-10T17:42:40.135Z</time>
      </trkpt>
      <trkpt lat="52.206645" lon="5.257891">
        <ele>6.751603</ele>
        <time>2025-11-10T17:42:41.065Z</time>
      </trkpt>
      <trkpt lat="52.206998" lon="5.257676">
        <ele>6.322563</ele>
        <time>2025-11-10T17:42:46.164Z</time>
      </trkpt>
      <trkpt lat="52.207090" lon="5.257651">
        <ele>6.216362</ele>
        <time>2025-11-10T17:42:47.419Z</time>
      </trkpt>
      <trkpt lat="52.207353" lon="5.257451">
        <ele>5.885967</ele>
        <time>2025-11-10T17:42:51.280Z</time>
      </trkpt>
      <trkpt lat="52.208489" lon="5.256488">
        <ele>4.599333</ele>
        <time>2025-11-10T17:43:08.119Z</time>
      </trkpt>
      <trkpt lat="52.208870" lon="5.256166">
        <ele>4.275613</ele>
        <time>2025-11-10T17:43:13.871Z</time>
      </trkpt>
      <trkpt lat="52.208939" lon="5.256021">
        <ele>4.190735</ele>
        <time>2025-11-10T17:43:15.405Z</time>
      </trkpt>
      <trkpt lat="52.208973" lon="5.255884">
        <ele>4.122398</ele>
        <time>2025-11-10T17:43:16.637Z</time>
      </trkpt>
      <trkpt lat="52.209040" lon="5.255803">
        <ele>4.059487</ele>
        <time>2025-11-10T17:43:17.791Z</time>
      </trkpt>
      <trkpt lat="52.209503" lon="5.255573">
        <ele>3.694337</ele>
        <time>2025-11-10T17:43:24.590Z</time>
      </trkpt>
      <trkpt lat="52.209568" lon="5.255397">
        <ele>3.599331</ele>
        <time>2025-11-10T17:43:26.391Z</time>
      </trkpt>
      <trkpt lat="52.209647" lon="5.254848">
        <ele>3.674211</ele>
        <time>2025-11-10T17:43:31.428Z</time>
      </trkpt>
      <trkpt lat="52.209709" lon="5.254202">
        <ele>3.795429</ele>
        <time>2025-11-10T17:43:37.694Z</time>
      </trkpt>
      <trkpt lat="52.209710" lon="5.253416">
        <ele>3.941143</ele>
        <time>2025-11-10T17:43:45.632Z</time>
      </trkpt>
      <trkpt lat="52.209687" lon="5.253098">
        <ele>4.000504</ele>
        <time>2025-11-10T17:43:48.909Z</time>
      </trkpt>
      <trkpt lat="52.209563" lon="5.252168">
        <ele>4.149813</ele>
        <time>2025-11-10T17:43:58.547Z</time>
      </trkpt>
      <trkpt lat="52.209334" lon="5.251531">
        <ele>4.218733</ele>
        <time>2025-11-10T17:44:05.801Z</time>
      </trkpt>
      <trkpt lat="52.209303" lon="5.251131">
        <ele>4.256359</ele>
        <time>2025-11-10T17:44:09.757Z</time>
      </trkpt>
      <trkpt lat="52.209309" lon="5.250981">
        <ele>4.270387</ele>
        <time>2025-11-10T17:44:11.208Z</time>
      </trkpt>
      <trkpt lat="52.209360" lon="5.250760">
        <ele>4.292425</ele>
        <time>2025-11-10T17:44:13.443Z</time>
      </trkpt>
      <trkpt lat="52.209503" lon="5.250440">
        <ele>4.329386</ele>
        <time>2025-11-10T17:44:17.045Z</time>
      </trkpt>
      <trkpt lat="52.209718" lon="5.250072">
        <ele>4.376835</ele>
        <time>2025-11-10T17:44:21.544Z</time>
      </trkpt>
      <trkpt lat="52.209774" lon="5.249970">
        <ele>4.389616</ele>
        <time>2025-11-10T17:44:22.730Z</time>
      </trkpt>
      <trkpt lat="52.209875" lon="5.249747">
        <ele>4.365035</ele>
        <time>2025-11-10T17:44:25.133Z</time>
      </trkpt>
      <trkpt lat="52.209957" lon="5.249464">
        <ele>4.317735</ele>
        <time>2025-11-10T17:44:27.810Z</time>
      </trkpt>
      <trkpt lat="52.209997" lon="5.248570">
        <ele>4.182295</ele>
        <time>2025-11-10T17:44:35.496Z</time>
      </trkpt>
      <trkpt lat="52.209942" lon="5.248327">
        <ele>4.143154</ele>
        <time>2025-11-10T17:44:37.751Z</time>
      </trkpt>
      <trkpt lat="52.209804" lon="5.248044">
        <ele>4.088507</ele>
        <time>2025-11-10T17:44:40.924Z</time>
      </trkpt>
      <trkpt lat="52.209772" lon="5.247977">
        <ele>4.075672</ele>
        <time>2025-11-10T17:44:41.670Z</time>
      </trkpt>
      <trkpt lat="52.209678" lon="5.247224">
        <ele>3.959559</ele>
        <time>2025-11-10T17:44:48.566Z</time>
      </trkpt>
      <trkpt lat="52.209543" lon="5.246438">
        <ele>4.126563</ele>
        <time>2025-11-10T17:44:56.440Z</time>
      </trkpt>
      <trkpt lat="52.209444" lon="5.245594">
        <ele>4.320313</ele>
        <time>2025-11-10T17:45:05.148Z</time>
      </trkpt>
      <trkpt lat="52.209857" lon="5.245233">
        <ele>4.492699</ele>
        <time>2025-11-10T17:45:12.976Z</time>
      </trkpt>
      <trkpt lat="52.210859" lon="5.244321">
        <ele>4.257117</ele>
        <time>2025-11-10T17:45:30.487Z</time>
      </trkpt>
      <trkpt lat="52.211135" lon="5.244080">
        <ele>4.120050</ele>
        <time>2025-11-10T17:45:34.836Z</time>
      </trkpt>
      <trkpt lat="52.211646" lon="5.243599">
        <ele>3.861743</ele>
        <time>2025-11-10T17:45:42.734Z</time>
      </trkpt>
      <trkpt lat="52.211693" lon="5.243430">
        <ele>3.800815</ele>
        <time>2025-11-10T17:45:44.205Z</time>
      </trkpt>
      <trkpt lat="52.211762" lon="5.243447">
        <ele>3.747562</ele>
        <time>2025-11-10T17:45:45.615Z</time>
      </trkpt>
      <trkpt lat="52.211921" lon="5.243525">
        <ele>3.620859</ele>
        <time>2025-11-10T17:45:48.217Z</time>
      </trkpt>
      <trkpt lat="52.212044" lon="5.243541">
        <ele>3.526695</ele>
        <time>2025-11-10T17:45:50.721Z</time>
      </trkpt>
      <trkpt lat="52.212476" lon="5.243495">
        <ele>3.196317</ele>
        <time>2025-11-10T17:45:56.389Z</time>
      </trkpt>
      <trkpt lat="52.212757" lon="5.243415">
        <ele>2.978636</ele>
        <time>2025-11-10T17:46:00.202Z</time>
      </trkpt>
      <trkpt lat="52.213791" lon="5.243070">
        <ele>2.379416</ele>
        <time>2025-11-10T17:46:15.569Z</time>
      </trkpt>
      <trkpt lat="52.213936" lon="5.243045">
        <ele>2.349767</ele>
        <time>2025-11-10T17:46:17.850Z</time>
      </trkpt>
      <trkpt lat="52.214109" lon="5.243036">
        <ele>2.314571</ele>
        <time>2025-11-10T17:46:20.480Z</time>
      </trkpt>
      <trkpt lat="52.214282" lon="5.243027">
        <ele>2.279375</ele>
        <time>2025-11-10T17:46:23.056Z</time>
      </trkpt>
      <trkpt lat="52.214337" lon="5.243050">
        <ele>2.267830</ele>
        <time>2025-11-10T17:46:23.884Z</time>
      </trkpt>
      <trkpt lat="52.214310" lon="5.243016">
        <ele>2.260896</ele>
        <time>2025-11-10T17:46:24.338Z</time>
      </trkpt>
      <trkpt lat="52.214151" lon="5.242938">
        <ele>2.227135</ele>
        <time>2025-11-10T17:46:28.007Z</time>
      </trkpt>
      <trkpt lat="52.214108" lon="5.242698">
        <ele>2.195982</ele>
        <time>2025-11-10T17:46:31.358Z</time>
      </trkpt>
      <trkpt lat="52.213906" lon="5.241597">
        <ele>2.038471</ele>
        <time>2025-11-10T17:46:46.407Z</time>
      </trkpt>
      <trkpt lat="52.213710" lon="5.239652">
        <ele>1.694613</ele>
        <time>2025-11-10T17:47:12.289Z</time>
      </trkpt>
      <trkpt lat="52.213870" lon="5.238020">
        <ele>1.765033</ele>
        <time>2025-11-10T17:47:35.708Z</time>
      </trkpt>
      <trkpt lat="52.213460" lon="5.235450">
        <ele>2.360146</ele>
        <time>2025-11-10T17:48:13.587Z</time>
      </trkpt>
      <trkpt lat="52.213470" lon="5.235290">
        <ele>2.410149</ele>
        <time>2025-11-10T17:48:15.901Z</time>
      </trkpt>
      <trkpt lat="52.213610" lon="5.234527">
        <ele>2.657775</ele>
        <time>2025-11-10T17:48:27.512Z</time>
      </trkpt>
      <trkpt lat="52.213880" lon="5.233050">
        <ele>3.103417</ele>
        <time>2025-11-10T17:48:50.309Z</time>
      </trkpt>
      <trkpt lat="52.214010" lon="5.232220">
        <ele>3.258704</ele>
        <time>2025-11-10T17:48:58.663Z</time>
      </trkpt>
      <trkpt lat="52.214110" lon="5.232170">
        <ele>3.289645</ele>
        <time>2025-11-10T17:49:00.301Z</time>
      </trkpt>
      <trkpt lat="52.214862" lon="5.232029">
        <ele>3.513578</ele>
        <time>2025-11-10T17:49:12.100Z</time>
      </trkpt>
      <trkpt lat="52.215262" lon="5.231926">
        <ele>3.572090</ele>
        <time>2025-11-10T17:49:21.315Z</time>
      </trkpt>
      <trkpt lat="52.216061" lon="5.231720">
        <ele>3.483860</ele>
        <time>2025-11-10T17:49:39.330Z</time>
      </trkpt>
      <trkpt lat="52.216137" lon="5.231761">
        <ele>3.475130</ele>
        <time>2025-11-10T17:49:41.087Z</time>
      </trkpt>
      <trkpt lat="52.216290" lon="5.232009">
        <ele>3.451610</ele>
        <time>2025-11-10T17:49:45.820Z</time>
      </trkpt>
      <trkpt lat="52.216417" lon="5.233329">
        <ele>3.289953</ele>
        <time>2025-11-10T17:50:03.477Z</time>
      </trkpt>
      <trkpt lat="52.216900" lon="5.238014">
        <ele>2.297201</ele>
        <time>2025-11-10T17:51:06.335Z</time>
      </trkpt>
      <trkpt lat="52.216981" lon="5.238801">
        <ele>2.170456</ele>
        <time>2025-11-10T17:51:17.076Z</time>
      </trkpt>
      <trkpt lat="52.217020" lon="5.239170">
        <ele>2.169489</ele>
        <time>2025-11-10T17:51:22.129Z</time>
      </trkpt>
      <trkpt lat="52.217352" lon="5.242345">
        <ele>2.041100</ele>
        <time>2025-11-10T17:52:06.273Z</time>
      </trkpt>
      <trkpt lat="52.217834" lon="5.242220">
        <ele>1.917582</ele>
        <time>2025-11-10T17:52:16.989Z</time>
      </trkpt>
      <trkpt lat="52.217955" lon="5.242183">
        <ele>1.886426</ele>
        <time>2025-11-10T17:52:18.626Z</time>
      </trkpt>
      <trkpt lat="52.218337" lon="5.242085">
        <ele>1.788560</ele>
        <time>2025-11-10T17:52:23.752Z</time>
      </trkpt>
      <trkpt lat="52.219000" lon="5.241930">
        <ele>1.590413</ele>
        <time>2025-11-10T17:52:32.516Z</time>
      </trkpt>
      <trkpt lat="52.220662" lon="5.241588">
        <ele>1.139090</ele>
        <time>2025-11-10T17:52:54.853Z</time>
      </trkpt>
      <trkpt lat="52.221245" lon="5.241515">
        <ele>1.223432</ele>
        <time>2025-11-10T17:53:03.208Z</time>
      </trkpt>
      <trkpt lat="52.221057" lon="5.236242">
        <ele>2.180765</ele>
        <time>2025-11-10T17:53:49.733Z</time>
      </trkpt>
      <trkpt lat="52.220923" lon="5.232678">
        <ele>2.987752</ele>
        <time>2025-11-10T17:54:22.257Z</time>
      </trkpt>
      <trkpt lat="52.220914" lon="5.232423">
        <ele>3.054114</ele>
        <time>2025-11-10T17:54:24.706Z</time>
      </trkpt>
      <trkpt lat="52.220928" lon="5.232227">
        <ele>3.105382</ele>
        <time>2025-11-10T17:54:26.601Z</time>
      </trkpt>
      <trkpt lat="52.220996" lon="5.231875">
        <ele>3.201275</ele>
        <time>2025-11-10T17:54:30.134Z</time>
      </trkpt>
      <trkpt lat="52.221002" lon="5.231546">
        <ele>3.286791</ele>
        <time>2025-11-10T17:54:33.272Z</time>
      </trkpt>
      <trkpt lat="52.220976" lon="5.231148">
        <ele>3.390782</ele>
        <time>2025-11-10T17:54:37.058Z</time>
      </trkpt>
      <trkpt lat="52.220998" lon="5.230787">
        <ele>3.449115</ele>
        <time>2025-11-10T17:54:40.476Z</time>
      </trkpt>
      <trkpt lat="52.221031" lon="5.230598">
        <ele>3.479956</ele>
        <time>2025-11-10T17:54:42.323Z</time>
      </trkpt>
      <trkpt lat="52.221013" lon="5.230149">
        <ele>3.550570</ele>
        <time>2025-11-10T17:54:46.503Z</time>
      </trkpt>
      <trkpt lat="52.220927" lon="5.229880">
        <ele>3.598187</ele>
        <time>2025-11-10T17:54:49.261Z</time>
      </trkpt>
      <trkpt lat="52.220917" lon="5.229721">
        <ele>3.623271</ele>
        <time>2025-11-10T17:54:50.689Z</time>
      </trkpt>
      <trkpt lat="52.220975" lon="5.229271">
        <ele>3.695437</ele>
        <time>2025-11-10T17:54:54.741Z</time>
      </trkpt>
      <trkpt lat="52.220890" lon="5.227540">
        <ele>3.915594</ele>
        <time>2025-11-10T17:55:09.760Z</time>
      </trkpt>
      <trkpt lat="52.220770" lon="5.226860">
        <ele>3.975132</ele>
        <time>2025-11-10T17:55:15.951Z</time>
      </trkpt>
      <trkpt lat="52.220774" lon="5.226723">
        <ele>3.986672</ele>
        <time>2025-11-10T17:55:17.151Z</time>
      </trkpt>
      <trkpt lat="52.220792" lon="5.226528">
        <ele>4.003263</ele>
        <time>2025-11-10T17:55:18.882Z</time>
      </trkpt>
      <trkpt lat="52.220830" lon="5.226220">
        <ele>4.029697</ele>
        <time>2025-11-10T17:55:21.649Z</time>
      </trkpt>
      <trkpt lat="52.220726" lon="5.223678">
        <ele>4.484613</ele>
        <time>2025-11-10T17:55:44.400Z</time>
      </trkpt>
      <trkpt lat="52.220708" lon="5.223215">
        <ele>4.589796</ele>
        <time>2025-11-10T17:55:48.624Z</time>
      </trkpt>
      <trkpt lat="52.220674" lon="5.222943">
        <ele>4.652734</ele>
        <time>2025-11-10T17:55:51.298Z</time>
      </trkpt>
      <trkpt lat="52.220686" lon="5.222736">
        <ele>4.699875</ele>
        <time>2025-11-10T17:55:53.342Z</time>
      </trkpt>
      <trkpt lat="52.220691" lon="5.222702">
        <ele>4.707802</ele>
        <time>2025-11-10T17:55:53.677Z</time>
      </trkpt>
      <trkpt lat="52.220682" lon="5.221756">
        <ele>4.930513</ele>
        <time>2025-11-10T17:56:02.964Z</time>
      </trkpt>
      <trkpt lat="52.220601" lon="5.221484">
        <ele>5.002721</ele>
        <time>2025-11-10T17:56:05.885Z</time>
      </trkpt>
      <trkpt lat="52.220492" lon="5.221310">
        <ele>5.062140</ele>
        <time>2025-11-10T17:56:08.267Z</time>
      </trkpt>
      <trkpt lat="52.220529" lon="5.221239">
        <ele>5.084395</ele>
        <time>2025-11-10T17:56:09.112Z</time>
      </trkpt>
      <trkpt lat="52.220576" lon="5.221144">
        <ele>5.113550</ele>
        <time>2025-11-10T17:56:10.196Z</time>
      </trkpt>
      <trkpt lat="52.220631" lon="5.220971">
        <ele>5.160086</ele>
        <time>2025-11-10T17:56:11.912Z</time>
      </trkpt>
      <trkpt lat="52.220621" lon="5.220785">
        <ele>5.204666</ele>
        <time>2025-11-10T17:56:13.554Z</time>
      </trkpt>
      <trkpt lat="52.220583" lon="5.220707">
        <ele>5.228460</ele>
        <time>2025-11-10T17:56:14.421Z</time>
      </trkpt>
      <trkpt lat="52.220558" lon="5.219813">
        <ele>5.442133</ele>
        <time>2025-11-10T17:56:22.203Z</time>
      </trkpt>
      <trkpt lat="52.220595" lon="5.219594">
        <ele>5.445139</ele>
        <time>2025-11-10T17:56:24.084Z</time>
      </trkpt>
      <trkpt lat="52.220627" lon="5.219430">
        <ele>5.410075</ele>
        <time>2025-11-10T17:56:25.456Z</time>
      </trkpt>
      <trkpt lat="52.220619" lon="5.218701">
        <ele>5.261536</ele>
        <time>2025-11-10T17:56:31.163Z</time>
      </trkpt>
      <trkpt lat="52.220636" lon="5.218624">
        <ele>5.244862</ele>
        <time>2025-11-10T17:56:31.801Z</time>
      </trkpt>
      <trkpt lat="52.220687" lon="5.218586">
        <ele>5.226219</ele>
        <time>2025-11-10T17:56:32.512Z</time>
      </trkpt>
      <trkpt lat="52.220860" lon="5.218605">
        <ele>5.168558</ele>
        <time>2025-11-10T17:56:34.694Z</time>
      </trkpt>
      <trkpt lat="52.221015" lon="5.218677">
        <ele>5.114968</ele>
        <time>2025-11-10T17:56:36.725Z</time>
      </trkpt>
      <trkpt lat="52.221160" lon="5.218810">
        <ele>5.059657</ele>
        <time>2025-11-10T17:56:38.817Z</time>
      </trkpt>
      <trkpt lat="52.221280" lon="5.218980">
        <ele>5.006819</ele>
        <time>2025-11-10T17:56:40.823Z</time>
      </trkpt>
      <trkpt lat="52.221650" lon="5.219760">
        <ele>4.800711</ele>
        <time>2025-11-10T17:56:48.478Z</time>
      </trkpt>
      <trkpt lat="52.221980" lon="5.220300">
        <ele>4.632996</ele>
        <time>2025-11-10T17:56:54.389Z</time>
      </trkpt>
      <trkpt lat="52.222635" lon="5.220872">
        <ele>4.366367</ele>
        <time>2025-11-10T17:57:03.860Z</time>
      </trkpt>
      <trkpt lat="52.223830" lon="5.221880">
        <ele>3.938832</ele>
        <time>2025-11-10T17:57:21.216Z</time>
      </trkpt>
      <trkpt lat="52.224598" lon="5.222661">
        <ele>3.664630</ele>
        <time>2025-11-10T17:57:32.791Z</time>
      </trkpt>
      <trkpt lat="52.224684" lon="5.222763">
        <ele>3.628950</ele>
        <time>2025-11-10T17:57:34.140Z</time>
      </trkpt>
      <trkpt lat="52.224874" lon="5.222640">
        <ele>3.560346</ele>
        <time>2025-11-10T17:57:36.747Z</time>
      </trkpt>
      <trkpt lat="52.225255" lon="5.222660">
        <ele>3.432397</ele>
        <time>2025-11-10T17:57:41.578Z</time>
      </trkpt>
      <trkpt lat="52.225518" lon="5.222664">
        <ele>3.344118</ele>
        <time>2025-11-10T17:57:44.917Z</time>
      </trkpt>
      <trkpt lat="52.225712" lon="5.222514">
        <ele>3.272068</ele>
        <time>2025-11-10T17:57:47.771Z</time>
      </trkpt>
      <trkpt lat="52.226959" lon="5.221703">
        <ele>3.110757</ele>
        <time>2025-11-10T17:58:17.103Z</time>
      </trkpt>
      <trkpt lat="52.227144" lon="5.221574">
        <ele>3.118731</ele>
        <time>2025-11-10T17:58:21.658Z</time>
      </trkpt>
      <trkpt lat="52.227716" lon="5.221172">
        <ele>3.143419</ele>
        <time>2025-11-10T17:58:36.041Z</time>
      </trkpt>
      <trkpt lat="52.228705" lon="5.220475">
        <ele>3.180719</ele>
        <time>2025-11-10T17:59:00.846Z</time>
      </trkpt>
      <trkpt lat="52.228819" lon="5.220837">
        <ele>3.189060</ele>
        <time>2025-11-10T17:59:06.418Z</time>
      </trkpt>
      <trkpt lat="52.228860" lon="5.221242">
        <ele>3.197471</ele>
        <time>2025-11-10T17:59:11.967Z</time>
      </trkpt>
      <trkpt lat="52.228937" lon="5.221606">
        <ele>3.205362</ele>
        <time>2025-11-10T17:59:17.123Z</time>
      </trkpt>
      <trkpt lat="52.228937" lon="5.222002">
        <ele>3.193824</ele>
        <time>2025-11-10T17:59:22.361Z</time>
      </trkpt>
      <trkpt lat="52.229285" lon="5.222144">
        <ele>3.074571</ele>
        <time>2025-11-10T17:59:27.415Z</time>
      </trkpt>
      <trkpt lat="52.229713" lon="5.222054">
        <ele>2.931105</ele>
        <time>2025-11-10T17:59:33.485Z</time>
      </trkpt>
      <trkpt lat="52.230782" lon="5.221810">
        <ele>2.619369</ele>
        <time>2025-11-10T17:59:48.893Z</time>
      </trkpt>
      <trkpt lat="52.231121" lon="5.221902">
        <ele>2.634959</ele>
        <time>2025-11-10T17:59:53.927Z</time>
      </trkpt>
      <trkpt lat="52.231130" lon="5.221904">
        <ele>2.635371</ele>
        <time>2025-11-10T17:59:54.054Z</time>
      </trkpt>
      <trkpt lat="52.231966" lon="5.222297">
        <ele>2.674837</ele>
        <time>2025-11-10T18:00:07.148Z</time>
      </trkpt>
      <trkpt lat="52.232072" lon="5.222314">
        <ele>2.679669</ele>
        <time>2025-11-10T18:00:08.795Z</time>
      </trkpt>
      <trkpt lat="52.232195" lon="5.222270">
        <ele>2.685381</ele>
        <time>2025-11-10T18:00:10.738Z</time>
      </trkpt>
      <trkpt lat="52.232439" lon="5.222313">
        <ele>2.707235</ele>
        <time>2025-11-10T18:00:14.524Z</time>
      </trkpt>
      <trkpt lat="52.233352" lon="5.222321">
        <ele>3.116635</ele>
        <time>2025-11-10T18:00:28.851Z</time>
      </trkpt>
      <trkpt lat="52.234003" lon="5.222265">
        <ele>3.408952</ele>
        <time>2025-11-10T18:00:39.903Z</time>
      </trkpt>
      <trkpt lat="52.234174" lon="5.222165">
        <ele>3.490399</ele>
        <time>2025-11-10T18:00:43.042Z</time>
      </trkpt>
      <trkpt lat="52.234542" lon="5.221795">
        <ele>3.680393</ele>
        <time>2025-11-10T18:00:50.279Z</time>
      </trkpt>
      <trkpt lat="52.234584" lon="5.221748">
        <ele>3.702749</ele>
        <time>2025-11-10T18:00:51.104Z</time>
      </trkpt>
      <trkpt lat="52.234676" lon="5.221624">
        <ele>3.755128</ele>
        <time>2025-11-10T18:00:52.992Z</time>
      </trkpt>
      <trkpt lat="52.234747" lon="5.221452">
        <ele>3.810904</ele>
        <time>2025-11-10T18:00:55.023Z</time>
      </trkpt>
      <trkpt lat="52.234805" lon="5.221266">
        <ele>3.867030</ele>
        <time>2025-11-10T18:00:57.078Z</time>
      </trkpt>
      <trkpt lat="52.234901" lon="5.220467">
        <ele>4.085978</ele>
        <time>2025-11-10T18:01:05.265Z</time>
      </trkpt>
      <trkpt lat="52.234931" lon="5.220255">
        <ele>4.144487</ele>
        <time>2025-11-10T18:01:07.432Z</time>
      </trkpt>
      <trkpt lat="52.234984" lon="5.219907">
        <ele>4.240915</ele>
        <time>2025-11-10T18:01:11.007Z</time>
      </trkpt>
      <trkpt lat="52.235057" lon="5.220064">
        <ele>4.289196</ele>
        <time>2025-11-10T18:01:12.934Z</time>
      </trkpt>
      <trkpt lat="52.235105" lon="5.220168">
        <ele>4.253826</ele>
        <time>2025-11-10T18:01:14.181Z</time>
      </trkpt>
      <trkpt lat="52.235344" lon="5.220495">
        <ele>4.115541</ele>
        <time>2025-11-10T18:01:18.697Z</time>
      </trkpt>
      <trkpt lat="52.235622" lon="5.220841">
        <ele>3.960519</ele>
        <time>2025-11-10T18:01:23.595Z</time>
      </trkpt>
      <trkpt lat="52.235675" lon="5.221242">
        <ele>3.849100</ele>
        <time>2025-11-10T18:01:27.095Z</time>
      </trkpt>
      <trkpt lat="52.235620" lon="5.221470">
        <ele>3.782544</ele>
        <time>2025-11-10T18:01:29.183Z</time>
      </trkpt>
      <trkpt lat="52.235592" lon="5.222188">
        <ele>3.587140</ele>
        <time>2025-11-10T18:01:35.253Z</time>
      </trkpt>
      <trkpt lat="52.235581" lon="5.222467">
        <ele>3.511206</ele>
        <time>2025-11-10T18:01:37.583Z</time>
      </trkpt>
      <trkpt lat="52.235500" lon="5.222844">
        <ele>3.394957</ele>
        <time>2025-11-10T18:01:40.898Z</time>
      </trkpt>
      <trkpt lat="52.235429" lon="5.223011">
        <ele>3.335057</ele>
        <time>2025-11-10T18:01:42.564Z</time>
      </trkpt>
      <trkpt lat="52.235356" lon="5.223136">
        <ele>3.284165</ele>
        <time>2025-11-10T18:01:43.973Z</time>
      </trkpt>
      <trkpt lat="52.235192" lon="5.223306">
        <ele>3.190706</ele>
        <time>2025-11-10T18:01:46.595Z</time>
      </trkpt>
      <trkpt lat="52.234819" lon="5.223906">
        <ele>2.938797</ele>
        <time>2025-11-10T18:01:53.914Z</time>
      </trkpt>
      <trkpt lat="52.234689" lon="5.224293">
        <ele>2.808741</ele>
        <time>2025-11-10T18:01:57.856Z</time>
      </trkpt>
      <trkpt lat="52.234687" lon="5.224687">
        <ele>2.692646</ele>
        <time>2025-11-10T18:02:01.444Z</time>
      </trkpt>
      <trkpt lat="52.234719" lon="5.225567">
        <ele>2.677794</ele>
        <time>2025-11-10T18:02:09.424Z</time>
      </trkpt>
      <trkpt lat="52.234817" lon="5.225736">
        <ele>2.695061</ele>
        <time>2025-11-10T18:02:11.518Z</time>
      </trkpt>
      <trkpt lat="52.235211" lon="5.226401">
        <ele>2.763704</ele>
        <time>2025-11-10T18:02:19.866Z</time>
      </trkpt>
      <trkpt lat="52.235516" lon="5.226916">
        <ele>2.816854</ele>
        <time>2025-11-10T18:02:26.472Z</time>
      </trkpt>
      <trkpt lat="52.235670" lon="5.227475">
        <ele>2.947720</ele>
        <time>2025-11-10T18:02:32.553Z</time>
      </trkpt>
      <trkpt lat="52.235656" lon="5.227920">
        <ele>3.158237</ele>
        <time>2025-11-10T18:02:37.229Z</time>
      </trkpt>
      <trkpt lat="52.235588" lon="5.228548">
        <ele>3.459536</ele>
        <time>2025-11-10T18:02:44.205Z</time>
      </trkpt>
      <trkpt lat="52.236098" lon="5.228936">
        <ele>3.893584</ele>
        <time>2025-11-10T18:02:53.415Z</time>
      </trkpt>
      <trkpt lat="52.236151" lon="5.228951">
        <ele>3.935080</ele>
        <time>2025-11-10T18:02:54.243Z</time>
      </trkpt>
      <trkpt lat="52.236394" lon="5.229202">
        <ele>4.156900</ele>
        <time>2025-11-10T18:02:58.693Z</time>
      </trkpt>
      <trkpt lat="52.236446" lon="5.229267">
        <ele>4.207420</ele>
        <time>2025-11-10T18:02:59.698Z</time>
      </trkpt>
      <trkpt lat="52.236556" lon="5.229437">
        <ele>4.288863</ele>
        <time>2025-11-10T18:03:02.026Z</time>
      </trkpt>
      <trkpt lat="52.236872" lon="5.230073">
        <ele>4.524071</ele>
        <time>2025-11-10T18:03:09.567Z</time>
      </trkpt>
      <trkpt lat="52.236972" lon="5.230221">
        <ele>4.587362</ele>
        <time>2025-11-10T18:03:11.575Z</time>
      </trkpt>
      <trkpt lat="52.237466" lon="5.230913">
        <ele>4.892591</ele>
        <time>2025-11-10T18:03:21.213Z</time>
      </trkpt>
      <trkpt lat="52.237617" lon="5.231115">
        <ele>4.984132</ele>
        <time>2025-11-10T18:03:24.039Z</time>
      </trkpt>
      <trkpt lat="52.237830" lon="5.231250">
        <ele>5.067361</ele>
        <time>2025-11-10T18:03:27.210Z</time>
      </trkpt>
      <trkpt lat="52.237967" lon="5.231395">
        <ele>5.011262</ele>
        <time>2025-11-10T18:03:29.512Z</time>
      </trkpt>
      <trkpt lat="52.238085" lon="5.231552">
        <ele>4.958960</ele>
        <time>2025-11-10T18:03:31.569Z</time>
      </trkpt>
      <trkpt lat="52.238143" lon="5.231630">
        <ele>4.933141</ele>
        <time>2025-11-10T18:03:32.570Z</time>
      </trkpt>
      <trkpt lat="52.238369" lon="5.232047">
        <ele>4.815964</ele>
        <time>2025-11-10T18:03:37.118Z</time>
      </trkpt>
      <trkpt lat="52.238425" lon="5.232066">
        <ele>4.796311</ele>
        <time>2025-11-10T18:03:37.885Z</time>
      </trkpt>
      <trkpt lat="52.238470" lon="5.232023">
        <ele>4.778395</ele>
        <time>2025-11-10T18:03:38.574Z</time>
      </trkpt>
      <trkpt lat="52.238846" lon="5.231260">
        <ele>4.572312</ele>
        <time>2025-11-10T18:03:46.027Z</time>
      </trkpt>
      <trkpt lat="52.238935" lon="5.231015">
        <ele>4.512370</ele>
        <time>2025-11-10T18:03:48.109Z</time>
      </trkpt>
      <trkpt lat="52.238990" lon="5.230865">
        <ele>4.475582</ele>
        <time>2025-11-10T18:03:49.375Z</time>
      </trkpt>
      <trkpt lat="52.239054" lon="5.230561">
        <ele>4.363972</ele>
        <time>2025-11-10T18:03:51.695Z</time>
      </trkpt>
      <trkpt lat="52.239097" lon="5.230228">
        <ele>4.231211</ele>
        <time>2025-11-10T18:03:54.162Z</time>
      </trkpt>
      <trkpt lat="52.239110" lon="5.228710">
        <ele>3.638979</ele>
        <time>2025-11-10T18:04:05.614Z</time>
      </trkpt>
      <trkpt lat="52.239130" lon="5.228530">
        <ele>3.567614</ele>
        <time>2025-11-10T18:04:06.992Z</time>
      </trkpt>
      <trkpt lat="52.239190" lon="5.228300">
        <ele>3.470088</ele>
        <time>2025-11-10T18:04:08.898Z</time>
      </trkpt>
      <trkpt lat="52.239860" lon="5.227100">
        <ele>3.430138</ele>
        <time>2025-11-10T18:04:21.880Z</time>
      </trkpt>
      <trkpt lat="52.240112" lon="5.226679">
        <ele>3.486233</ele>
        <time>2025-11-10T18:04:26.929Z</time>
      </trkpt>
      <trkpt lat="52.240747" lon="5.225620">
        <ele>3.699454</ele>
        <time>2025-11-10T18:04:40.483Z</time>
      </trkpt>
      <trkpt lat="52.241086" lon="5.226102">
        <ele>3.917648</ele>
        <time>2025-11-10T18:04:47.990Z</time>
      </trkpt>
      <trkpt lat="52.241298" lon="5.226402">
        <ele>4.053821</ele>
        <time>2025-11-10T18:04:52.629Z</time>
      </trkpt>
      <trkpt lat="52.241620" lon="5.226745">
        <ele>4.240444</ele>
        <time>2025-11-10T18:04:58.975Z</time>
      </trkpt>
      <trkpt lat="52.242283" lon="5.227110">
        <ele>4.502718</ele>
        <time>2025-11-10T18:05:10.214Z</time>
      </trkpt>
      <trkpt lat="52.242704" lon="5.227399">
        <ele>4.573253</ele>
        <time>2025-11-10T18:05:17.210Z</time>
      </trkpt>
      <trkpt lat="52.242908" lon="5.227646">
        <ele>4.612475</ele>
        <time>2025-11-10T18:05:21.015Z</time>
      </trkpt>
      <trkpt lat="52.243118" lon="5.228032">
        <ele>4.661308</ele>
        <time>2025-11-10T18:05:25.722Z</time>
      </trkpt>
      <trkpt lat="52.243328" lon="5.228258">
        <ele>4.700152</ele>
        <time>2025-11-10T18:05:29.461Z</time>
      </trkpt>
      <trkpt lat="52.243532" lon="5.228338">
        <ele>4.732555</ele>
        <time>2025-11-10T18:05:32.588Z</time>
      </trkpt>
      <trkpt lat="52.243886" lon="5.228365">
        <ele>4.770663</ele>
        <time>2025-11-10T18:05:37.894Z</time>
      </trkpt>
      <trkpt lat="52.244241" lon="5.228215">
        <ele>4.805333</ele>
        <time>2025-11-10T18:05:43.393Z</time>
      </trkpt>
      <trkpt lat="52.244714" lon="5.228268">
        <ele>4.850160</ele>
        <time>2025-11-10T18:05:50.519Z</time>
      </trkpt>
      <trkpt lat="52.245035" lon="5.228388">
        <ele>4.881295</ele>
        <time>2025-11-10T18:05:55.514Z</time>
      </trkpt>
      <trkpt lat="52.245462" lon="5.228382">
        <ele>4.948459</ele>
        <time>2025-11-10T18:06:02.065Z</time>
      </trkpt>
      <trkpt lat="52.245556" lon="5.228041">
        <ele>5.050771</ele>
        <time>2025-11-10T18:06:05.407Z</time>
      </trkpt>
      <trkpt lat="52.245570" lon="5.227990">
        <ele>5.066062</ele>
        <time>2025-11-10T18:06:05.910Z</time>
      </trkpt>
      <trkpt lat="52.245672" lon="5.227721">
        <ele>5.152627</ele>
        <time>2025-11-10T18:06:08.772Z</time>
      </trkpt>
      <trkpt lat="52.245503" lon="5.227529">
        <ele>5.244614</ele>
        <time>2025-11-10T18:06:12.584Z</time>
      </trkpt>
      <trkpt lat="52.245300" lon="5.227271">
        <ele>5.359550</ele>
        <time>2025-11-10T18:06:17.398Z</time>
      </trkpt>
      <trkpt lat="52.245180" lon="5.227072">
        <ele>5.435965</ele>
        <time>2025-11-10T18:06:20.647Z</time>
      </trkpt>
      <trkpt lat="52.244955" lon="5.226484">
        <ele>5.625668</ele>
        <time>2025-11-10T18:06:28.918Z</time>
      </trkpt>
      <trkpt lat="52.244488" lon="5.225088">
        <ele>6.165878</ele>
        <time>2025-11-10T18:06:48.091Z</time>
      </trkpt>
      <trkpt lat="52.243901" lon="5.223329">
        <ele>6.847286</ele>
        <time>2025-11-10T18:07:11.560Z</time>
      </trkpt>
      <trkpt lat="52.243436" lon="5.221975">
        <ele>7.233516</ele>
        <time>2025-11-10T18:07:29.502Z</time>
      </trkpt>
      <trkpt lat="52.243215" lon="5.221550">
        <ele>7.372237</ele>
        <time>2025-11-10T18:07:35.841Z</time>
      </trkpt>
      <trkpt lat="52.242713" lon="5.222255">
        <ele>7.687859</ele>
        <time>2025-11-10T18:07:45.159Z</time>
      </trkpt>
      <trkpt lat="52.242550" lon="5.222378">
        <ele>7.784703</ele>
        <time>2025-11-10T18:07:47.780Z</time>
      </trkpt>
      <trkpt lat="52.242473" lon="5.222337">
        <ele>7.828384</ele>
        <time>2025-11-10T18:07:48.953Z</time>
      </trkpt>
      <trkpt lat="52.242418" lon="5.222219">
        <ele>7.877359</ele>
        <time>2025-11-10T18:07:50.268Z</time>
      </trkpt>
      <trkpt lat="52.242467" lon="5.221923">
        <ele>7.978622</ele>
        <time>2025-11-10T18:07:52.945Z</time>
      </trkpt>
      <trkpt lat="52.242560" lon="5.221670">
        <ele>8.076075</ele>
        <time>2025-11-10T18:07:55.591Z</time>
      </trkpt>
      <trkpt lat="52.242687" lon="5.221387">
        <ele>8.191948</ele>
        <time>2025-11-10T18:07:58.823Z</time>
      </trkpt>
      <trkpt lat="52.242840" lon="5.221140">
        <ele>8.307980</ele>
        <time>2025-11-10T18:08:02.150Z</time>
      </trkpt>
      <trkpt lat="52.243202" lon="5.220532">
        <ele>8.718155</ele>
        <time>2025-11-10T18:08:10.516Z</time>
      </trkpt>
      <trkpt lat="52.244150" lon="5.219040">
        <ele>10.204157</ele>
        <time>2025-11-10T18:08:33.539Z</time>
      </trkpt>
      <trkpt lat="52.245005" lon="5.217873">
        <ele>11.113219</ele>
        <time>2025-11-10T18:08:52.817Z</time>
      </trkpt>
      <trkpt lat="52.245323" lon="5.217439">
        <ele>11.411584</ele>
        <time>2025-11-10T18:08:59.569Z</time>
      </trkpt>
      <trkpt lat="52.245668" lon="5.217007">
        <ele>11.724576</ele>
        <time>2025-11-10T18:09:06.157Z</time>
      </trkpt>
      <trkpt lat="52.246187" lon="5.216461">
        <ele>11.219894</ele>
        <time>2025-11-10T18:09:14.539Z</time>
      </trkpt>
      <trkpt lat="52.246541" lon="5.216065">
        <ele>10.746806</ele>
        <time>2025-11-10T18:09:19.856Z</time>
      </trkpt>
      <trkpt lat="52.247017" lon="5.216175">
        <ele>10.216747</ele>
        <time>2025-11-10T18:09:25.985Z</time>
      </trkpt>
      <trkpt lat="52.247153" lon="5.216253">
        <ele>10.057819</ele>
        <time>2025-11-10T18:09:27.777Z</time>
      </trkpt>
      <trkpt lat="52.247286" lon="5.216326">
        <ele>9.903116</ele>
        <time>2025-11-10T18:09:29.497Z</time>
      </trkpt>
      <trkpt lat="52.247430" lon="5.216405">
        <ele>9.710277</ele>
        <time>2025-11-10T18:09:31.369Z</time>
      </trkpt>
      <trkpt lat="52.248297" lon="5.216648">
        <ele>8.413908</ele>
        <time>2025-11-10T18:09:42.227Z</time>
      </trkpt>
      <trkpt lat="52.248663" lon="5.216856">
        <ele>7.842819</ele>
        <time>2025-11-10T18:09:47.232Z</time>
      </trkpt>
      <trkpt lat="52.248840" lon="5.217008">
        <ele>7.548120</ele>
        <time>2025-11-10T18:09:49.901Z</time>
      </trkpt>
      <trkpt lat="52.250179" lon="5.217567">
        <ele>7.184176</ele>
        <time>2025-11-10T18:10:09.911Z</time>
      </trkpt>
      <trkpt lat="52.250403" lon="5.217696">
        <ele>7.189248</ele>
        <time>2025-11-10T18:10:15.497Z</time>
      </trkpt>
      <trkpt lat="52.251382" lon="5.218413">
        <ele>7.232260</ele>
        <time>2025-11-10T18:10:41.281Z</time>
      </trkpt>
      <trkpt lat="52.251450" lon="5.218489">
        <ele>7.236646</ele>
        <time>2025-11-10T18:10:43.205Z</time>
      </trkpt>
      <trkpt lat="52.251532" lon="5.218597">
        <ele>7.242253</ele>
        <time>2025-11-10T18:10:45.632Z</time>
      </trkpt>
      <trkpt lat="52.251643" lon="5.218751">
        <ele>7.250005</ele>
        <time>2025-11-10T18:10:48.272Z</time>
      </trkpt>
      <trkpt lat="52.251770" lon="5.218926">
        <ele>7.258849</ele>
        <time>2025-11-10T18:10:51.196Z</time>
      </trkpt>
      <trkpt lat="52.251692" lon="5.219803">
        <ele>7.287727</ele>
        <time>2025-11-10T18:10:58.425Z</time>
      </trkpt>
      <trkpt lat="52.251652" lon="5.220149">
        <ele>7.235688</ele>
        <time>2025-11-10T18:11:01.176Z</time>
      </trkpt>
      <trkpt lat="52.251643" lon="5.220219">
        <ele>7.206983</ele>
        <time>2025-11-10T18:11:01.726Z</time>
      </trkpt>
      <trkpt lat="52.251632" lon="5.220301">
        <ele>7.173294</ele>
        <time>2025-11-10T18:11:02.364Z</time>
      </trkpt>
      <trkpt lat="52.251528" lon="5.221071">
        <ele>6.856849</ele>
        <time>2025-11-10T18:11:08.407Z</time>
      </trkpt>
      <trkpt lat="52.251449" lon="5.221657">
        <ele>6.616042</ele>
        <time>2025-11-10T18:11:13.058Z</time>
      </trkpt>
      <trkpt lat="52.251294" lon="5.222740">
        <ele>6.169695</ele>
        <time>2025-11-10T18:11:21.935Z</time>
      </trkpt>
      <trkpt lat="52.251297" lon="5.222808">
        <ele>6.142334</ele>
        <time>2025-11-10T18:11:22.489Z</time>
      </trkpt>
      <trkpt lat="52.251223" lon="5.222820">
        <ele>6.098027</ele>
        <time>2025-11-10T18:11:23.485Z</time>
      </trkpt>
      <trkpt lat="52.251204" lon="5.222754">
        <ele>6.074728</ele>
        <time>2025-11-10T18:11:24.079Z</time>
      </trkpt>
      <trkpt lat="52.251148" lon="5.222700">
        <ele>6.040794</ele>
        <time>2025-11-10T18:11:24.957Z</time>
      </trkpt>
      <trkpt lat="52.250757" lon="5.222489">
        <ele>5.825916</ele>
        <time>2025-11-10T18:11:30.516Z</time>
      </trkpt>
      <trkpt lat="52.250063" lon="5.222203">
        <ele>5.452426</ele>
        <time>2025-11-10T18:11:39.881Z</time>
      </trkpt>
      <trkpt lat="52.250051" lon="5.222144">
        <ele>5.432564</ele>
        <time>2025-11-10T18:11:40.369Z</time>
      </trkpt>
      <trkpt lat="52.250003" lon="5.222130">
        <ele>5.407121</ele>
        <time>2025-11-10T18:11:40.993Z</time>
      </trkpt>
      <trkpt lat="52.249555" lon="5.221990">
        <ele>5.174775</ele>
        <time>2025-11-10T18:11:47.221Z</time>
      </trkpt>
      <trkpt lat="52.249337" lon="5.221903">
        <ele>5.144091</ele>
        <time>2025-11-10T18:11:50.277Z</time>
      </trkpt>
      <trkpt lat="52.248503" lon="5.221570">
        <ele>5.026701</ele>
        <time>2025-11-10T18:12:02.272Z</time>
      </trkpt>
      <trkpt lat="52.247211" lon="5.220876">
        <ele>5.440370</ele>
        <time>2025-11-10T18:12:24.820Z</time>
      </trkpt>
      <trkpt lat="52.246905" lon="5.220742">
        <ele>5.685265</ele>
        <time>2025-11-10T18:12:32.769Z</time>
      </trkpt>
      <trkpt lat="52.246574" lon="5.220720">
        <ele>5.941344</ele>
        <time>2025-11-10T18:12:41.045Z</time>
      </trkpt>
      <trkpt lat="52.246383" lon="5.220745">
        <ele>6.089462</ele>
        <time>2025-11-10T18:12:45.818Z</time>
      </trkpt>
      <trkpt lat="52.245510" lon="5.220819">
        <ele>6.749113</ele>
        <time>2025-11-10T18:13:07.354Z</time>
      </trkpt>
      <trkpt lat="52.244472" lon="5.220751">
        <ele>7.523031</ele>
        <time>2025-11-10T18:13:32.935Z</time>
      </trkpt>
      <trkpt lat="52.244064" lon="5.220725">
        <ele>7.779491</ele>
        <time>2025-11-10T18:13:42.717Z</time>
      </trkpt>
      <trkpt lat="52.244006" lon="5.220721">
        <ele>7.810306</ele>
        <time>2025-11-10T18:13:43.614Z</time>
      </trkpt>
      <trkpt lat="52.243742" lon="5.220692">
        <ele>7.950760</ele>
        <time>2025-11-10T18:13:47.712Z</time>
      </trkpt>
      <trkpt lat="52.243540" lon="5.220730">
        <ele>8.058695</ele>
        <time>2025-11-10T18:13:50.868Z</time>
      </trkpt>
      <trkpt lat="52.243279" lon="5.220948">
        <ele>8.214307</ele>
        <time>2025-11-10T18:13:55.439Z</time>
      </trkpt>
      <trkpt lat="52.243040" lon="5.221240">
        <ele>8.372746</ele>
        <time>2025-11-10T18:13:59.858Z</time>
      </trkpt>
      <trkpt lat="52.242946" lon="5.221093">
        <ele>8.441830</ele>
        <time>2025-11-10T18:14:01.763Z</time>
      </trkpt>
      <trkpt lat="52.242494" lon="5.220520">
        <ele>8.571227</ele>
        <time>2025-11-10T18:14:10.132Z</time>
      </trkpt>
      <trkpt lat="52.242449" lon="5.220469">
        <ele>8.561192</ele>
        <time>2025-11-10T18:14:10.944Z</time>
      </trkpt>
      <trkpt lat="52.242390" lon="5.220283">
        <ele>8.537692</ele>
        <time>2025-11-10T18:14:12.851Z</time>
      </trkpt>
      <trkpt lat="52.242262" lon="5.220308">
        <ele>8.514075</ele>
        <time>2025-11-10T18:14:14.759Z</time>
      </trkpt>
      <trkpt lat="52.241838" lon="5.219998">
        <ele>8.428967</ele>
        <time>2025-11-10T18:14:21.286Z</time>
      </trkpt>
      <trkpt lat="52.241496" lon="5.219791">
        <ele>8.362146</ele>
        <time>2025-11-10T18:14:25.969Z</time>
      </trkpt>
      <trkpt lat="52.241172" lon="5.219640">
        <ele>8.300418</ele>
        <time>2025-11-10T18:14:30.567Z</time>
      </trkpt>
      <trkpt lat="52.240517" lon="5.219332">
        <ele>7.215202</ele>
        <time>2025-11-10T18:14:39.256Z</time>
      </trkpt>
      <trkpt lat="52.240375" lon="5.219301">
        <ele>6.961661</ele>
        <time>2025-11-10T18:14:41.020Z</time>
      </trkpt>
      <trkpt lat="52.240279" lon="5.219300">
        <ele>6.791762</ele>
        <time>2025-11-10T18:14:42.183Z</time>
      </trkpt>
      <trkpt lat="52.240082" lon="5.219421">
        <ele>6.419276</ele>
        <time>2025-11-10T18:14:44.742Z</time>
      </trkpt>
      <trkpt lat="52.240053" lon="5.219446">
        <ele>6.361241</ele>
        <time>2025-11-10T18:14:45.136Z</time>
      </trkpt>
      <trkpt lat="52.240020" lon="5.219476">
        <ele>6.294400</ele>
        <time>2025-11-10T18:14:45.599Z</time>
      </trkpt>
      <trkpt lat="52.239756" lon="5.219699">
        <ele>5.768383</ele>
        <time>2025-11-10T18:14:49.243Z</time>
      </trkpt>
      <trkpt lat="52.239046" lon="5.219934">
        <ele>4.807354</ele>
        <time>2025-11-10T18:14:58.347Z</time>
      </trkpt>
      <trkpt lat="52.238932" lon="5.219985">
        <ele>4.707018</ele>
        <time>2025-11-10T18:14:59.888Z</time>
      </trkpt>
      <trkpt lat="52.238150" lon="5.220387">
        <ele>4.011099</ele>
        <time>2025-11-10T18:15:11.014Z</time>
      </trkpt>
      <trkpt lat="52.237857" lon="5.220482">
        <ele>3.757529</ele>
        <time>2025-11-10T18:15:15.357Z</time>
      </trkpt>
      <trkpt lat="52.237103" lon="5.220522">
        <ele>3.608812</ele>
        <time>2025-11-10T18:15:26.791Z</time>
      </trkpt>
      <trkpt lat="52.235959" lon="5.220751">
        <ele>3.677644</ele>
        <time>2025-11-10T18:15:44.154Z</time>
      </trkpt>
      <trkpt lat="52.236227" lon="5.219689">
        <ele>4.187557</ele>
        <time>2025-11-10T18:15:54.903Z</time>
      </trkpt>
      <trkpt lat="52.236475" lon="5.219089">
        <ele>4.560615</ele>
        <time>2025-11-10T18:16:02.092Z</time>
      </trkpt>
      <trkpt lat="52.236676" lon="5.218781">
        <ele>4.792578</ele>
        <time>2025-11-10T18:16:06.848Z</time>
      </trkpt>
      <trkpt lat="52.236698" lon="5.218747">
        <ele>4.818069</ele>
        <time>2025-11-10T18:16:07.380Z</time>
      </trkpt>
      <trkpt lat="52.238200" lon="5.216676">
        <ele>8.471570</ele>
        <time>2025-11-10T18:16:48.406Z</time>
      </trkpt>
      <trkpt lat="52.238979" lon="5.215844">
        <ele>11.100591</ele>
        <time>2025-11-10T18:17:10.265Z</time>
      </trkpt>
      <trkpt lat="52.239743" lon="5.215105">
        <ele>13.866801</ele>
        <time>2025-11-10T18:17:32.506Z</time>
      </trkpt>
      <trkpt lat="52.240069" lon="5.214513">
        <ele>15.196145</ele>
        <time>2025-11-10T18:17:44.627Z</time>
      </trkpt>
      <trkpt lat="52.240439" lon="5.214093">
        <ele>16.218698</ele>
        <time>2025-11-10T18:17:55.323Z</time>
      </trkpt>
      <trkpt lat="52.240481" lon="5.214005">
        <ele>16.373739</ele>
        <time>2025-11-10T18:17:56.859Z</time>
      </trkpt>
      <trkpt lat="52.240805" lon="5.213457">
        <ele>17.432259</ele>
        <time>2025-11-10T18:18:07.007Z</time>
      </trkpt>
      <trkpt lat="52.241102" lon="5.213023">
        <ele>18.336664</ele>
        <time>2025-11-10T18:18:14.920Z</time>
      </trkpt>
      <trkpt lat="52.241509" lon="5.212641">
        <ele>18.688371</ele>
        <time>2025-11-10T18:18:23.294Z</time>
      </trkpt>
      <trkpt lat="52.241757" lon="5.212407">
        <ele>18.604896</ele>
        <time>2025-11-10T18:18:27.920Z</time>
      </trkpt>
      <trkpt lat="52.242230" lon="5.212165">
        <ele>18.460435</ele>
        <time>2025-11-10T18:18:35.056Z</time>
      </trkpt>
      <trkpt lat="52.242665" lon="5.211885">
        <ele>18.324163</ele>
        <time>2025-11-10T18:18:41.274Z</time>
      </trkpt>
      <trkpt lat="52.243015" lon="5.211582">
        <ele>18.127588</ele>
        <time>2025-11-10T18:18:46.367Z</time>
      </trkpt>
      <trkpt lat="52.243382" lon="5.211126">
        <ele>17.695821</ele>
        <time>2025-11-10T18:18:52.218Z</time>
      </trkpt>
      <trkpt lat="52.243636" lon="5.210759">
        <ele>17.378285</ele>
        <time>2025-11-10T18:18:56.691Z</time>
      </trkpt>
      <trkpt lat="52.244087" lon="5.210186">
        <ele>16.843282</ele>
        <time>2025-11-10T18:19:04.666Z</time>
      </trkpt>
      <trkpt lat="52.244473" lon="5.209748">
        <ele>16.558947</ele>
        <time>2025-11-10T18:19:11.271Z</time>
      </trkpt>
      <trkpt lat="52.244575" lon="5.209511">
        <ele>16.556480</ele>
        <time>2025-11-10T18:19:13.764Z</time>
      </trkpt>
      <trkpt lat="52.244575" lon="5.209468">
        <ele>16.556113</ele>
        <time>2025-11-10T18:19:14.135Z</time>
      </trkpt>
      <trkpt lat="52.244577" lon="5.209342">
        <ele>16.555040</ele>
        <time>2025-11-10T18:19:15.238Z</time>
      </trkpt>
      <trkpt lat="52.244527" lon="5.209101">
        <ele>16.552872</ele>
        <time>2025-11-10T18:19:17.483Z</time>
      </trkpt>
      <trkpt lat="52.244400" lon="5.209230">
        <ele>16.550791</ele>
        <time>2025-11-10T18:19:19.674Z</time>
      </trkpt>
      <trkpt lat="52.244282" lon="5.209407">
        <ele>16.548562</ele>
        <time>2025-11-10T18:19:22.112Z</time>
      </trkpt>
      <trkpt lat="52.244273" lon="5.209420">
        <ele>16.548395</ele>
        <time>2025-11-10T18:19:22.286Z</time>
      </trkpt>
      <trkpt lat="52.244060" lon="5.209640">
        <ele>16.544889</ele>
        <time>2025-11-10T18:19:26.147Z</time>
      </trkpt>
      <trkpt lat="52.243816" lon="5.209804">
        <ele>16.541218</ele>
        <time>2025-11-10T18:19:30.202Z</time>
      </trkpt>
      <trkpt lat="52.243423" lon="5.210108">
        <ele>16.520899</ele>
        <time>2025-11-10T18:19:37.083Z</time>
      </trkpt>
      <trkpt lat="52.243185" lon="5.210243">
        <ele>16.472122</ele>
        <time>2025-11-10T18:19:43.103Z</time>
      </trkpt>
      <trkpt lat="52.242939" lon="5.210382">
        <ele>16.421725</ele>
        <time>2025-11-10T18:19:49.205Z</time>
      </trkpt>
      <trkpt lat="52.242489" lon="5.210740">
        <ele>16.324817</ele>
        <time>2025-11-10T18:20:00.591Z</time>
      </trkpt>
      <trkpt lat="52.242184" lon="5.210319">
        <ele>16.247501</ele>
        <time>2025-11-10T18:20:09.225Z</time>
      </trkpt>
      <trkpt lat="52.241879" lon="5.209898">
        <ele>16.056583</ele>
        <time>2025-11-10T18:20:17.547Z</time>
      </trkpt>
      <trkpt lat="52.241709" lon="5.209725">
        <ele>15.771198</ele>
        <time>2025-11-10T18:20:21.573Z</time>
      </trkpt>
      <trkpt lat="52.241458" lon="5.209550">
        <ele>15.382356</ele>
        <time>2025-11-10T18:20:26.904Z</time>
      </trkpt>
      <trkpt lat="52.241272" lon="5.209279">
        <ele>15.027214</ele>
        <time>2025-11-10T18:20:31.789Z</time>
      </trkpt>
      <trkpt lat="52.241180" lon="5.209133">
        <ele>14.844441</ele>
        <time>2025-11-10T18:20:34.317Z</time>
      </trkpt>
      <trkpt lat="52.240959" lon="5.208923">
        <ele>14.480146</ele>
        <time>2025-11-10T18:20:39.440Z</time>
      </trkpt>
      <trkpt lat="52.240952" lon="5.208944">
        <ele>14.459286</ele>
        <time>2025-11-10T18:20:39.737Z</time>
      </trkpt>
      <trkpt lat="52.240887" lon="5.209122">
        <ele>14.278474</ele>
        <time>2025-11-10T18:20:42.307Z</time>
      </trkpt>
      <trkpt lat="52.240772" lon="5.209436">
        <ele>13.959268</ele>
        <time>2025-11-10T18:20:46.869Z</time>
      </trkpt>
      <trkpt lat="52.240594" lon="5.209659">
        <ele>13.639630</ele>
        <time>2025-11-10T18:20:51.471Z</time>
      </trkpt>
      <trkpt lat="52.240250" lon="5.209966">
        <ele>12.996194</ele>
        <time>2025-11-10T18:20:59.422Z</time>
      </trkpt>
      <trkpt lat="52.240177" lon="5.209979">
        <ele>12.875249</ele>
        <time>2025-11-10T18:21:00.898Z</time>
      </trkpt>
      <trkpt lat="52.239993" lon="5.209995">
        <ele>12.571771</ele>
        <time>2025-11-10T18:21:04.557Z</time>
      </trkpt>
      <trkpt lat="52.239691" lon="5.210021">
        <ele>12.073684</ele>
        <time>2025-11-10T18:21:10.550Z</time>
      </trkpt>
      <trkpt lat="52.239303" lon="5.210024">
        <ele>11.434638</ele>
        <time>2025-11-10T18:21:18.293Z</time>
      </trkpt>
      <trkpt lat="52.238770" lon="5.209923">
        <ele>10.535963</ele>
        <time>2025-11-10T18:21:28.854Z</time>
      </trkpt>
      <trkpt lat="52.238745" lon="5.209919">
        <ele>10.489083</ele>
        <time>2025-11-10T18:21:29.335Z</time>
      </trkpt>
      <trkpt lat="52.238438" lon="5.209795">
        <ele>9.898874</ele>
        <time>2025-11-10T18:21:35.462Z</time>
      </trkpt>
      <trkpt lat="52.238259" lon="5.209771">
        <ele>9.563689</ele>
        <time>2025-11-10T18:21:38.922Z</time>
      </trkpt>
      <trkpt lat="52.238108" lon="5.209814">
        <ele>9.277631</ele>
        <time>2025-11-10T18:21:41.877Z</time>
      </trkpt>
      <trkpt lat="52.237953" lon="5.209910">
        <ele>8.968252</ele>
        <time>2025-11-10T18:21:45.094Z</time>
      </trkpt>
      <trkpt lat="52.237665" lon="5.210126">
        <ele>8.376789</ele>
        <time>2025-11-10T18:21:51.335Z</time>
      </trkpt>
      <trkpt lat="52.237659" lon="5.210130">
        <ele>8.364694</ele>
        <time>2025-11-10T18:21:51.463Z</time>
      </trkpt>
      <trkpt lat="52.237246" lon="5.210569">
        <ele>7.445016</ele>
        <time>2025-11-10T18:22:01.225Z</time>
      </trkpt>
      <trkpt lat="52.237074" lon="5.210772">
        <ele>7.176704</ele>
        <time>2025-11-10T18:22:05.468Z</time>
      </trkpt>
      <trkpt lat="52.236920" lon="5.210819">
        <ele>7.029468</ele>
        <time>2025-11-10T18:22:08.630Z</time>
      </trkpt>
      <trkpt lat="52.236780" lon="5.210788">
        <ele>6.896690</ele>
        <time>2025-11-10T18:22:11.512Z</time>
      </trkpt>
      <trkpt lat="52.236512" lon="5.210596">
        <ele>6.621646</ele>
        <time>2025-11-10T18:22:17.579Z</time>
      </trkpt>
      <trkpt lat="52.236160" lon="5.210291">
        <ele>6.247144</ele>
        <time>2025-11-10T18:22:25.963Z</time>
      </trkpt>
      <trkpt lat="52.235870" lon="5.210117">
        <ele>5.956782</ele>
        <time>2025-11-10T18:22:32.516Z</time>
      </trkpt>
      <trkpt lat="52.235432" lon="5.210062">
        <ele>5.574982</ele>
        <time>2025-11-10T18:22:41.867Z</time>
      </trkpt>
      <trkpt lat="52.235139" lon="5.210064">
        <ele>5.418396</ele>
        <time>2025-11-10T18:22:48.118Z</time>
      </trkpt>
      <trkpt lat="52.234963" lon="5.209988">
        <ele>5.321105</ele>
        <time>2025-11-10T18:22:52.009Z</time>
      </trkpt>
      <trkpt lat="52.234353" lon="5.209893">
        <ele>4.993630</ele>
        <time>2025-11-10T18:23:05.003Z</time>
      </trkpt>
      <trkpt lat="52.234189" lon="5.209888">
        <ele>4.905970</ele>
        <time>2025-11-10T18:23:08.488Z</time>
      </trkpt>
      <trkpt lat="52.234012" lon="5.209883">
        <ele>4.811364</ele>
        <time>2025-11-10T18:23:12.261Z</time>
      </trkpt>
      <trkpt lat="52.233943" lon="5.209913">
        <ele>4.773204</ele>
        <time>2025-11-10T18:23:13.798Z</time>
      </trkpt>
      <trkpt lat="52.233776" lon="5.209157">
        <ele>4.619870</ele>
        <time>2025-11-10T18:23:20.811Z</time>
      </trkpt>
      <trkpt lat="52.233350" lon="5.207251">
        <ele>4.459883</ele>
        <time>2025-11-10T18:23:38.974Z</time>
      </trkpt>
      <trkpt lat="52.232848" lon="5.207630">
        <ele>4.373198</ele>
        <time>2025-11-10T18:23:47.320Z</time>
      </trkpt>
      <trkpt lat="52.232837" lon="5.207635">
        <ele>4.371068</ele>
        <time>2025-11-10T18:23:47.501Z</time>
      </trkpt>
      <trkpt lat="52.232548" lon="5.207767">
        <ele>4.315066</ele>
        <time>2025-11-10T18:23:52.021Z</time>
      </trkpt>
      <trkpt lat="52.232337" lon="5.207950">
        <ele>4.270481</ele>
        <time>2025-11-10T18:23:55.526Z</time>
      </trkpt>
      <trkpt lat="52.231772" lon="5.208367">
        <ele>4.154774</ele>
        <time>2025-11-10T18:24:04.417Z</time>
      </trkpt>
      <trkpt lat="52.231095" lon="5.208850">
        <ele>3.970472</ele>
        <time>2025-11-10T18:24:14.837Z</time>
      </trkpt>
      <trkpt lat="52.231026" lon="5.208843">
        <ele>3.949082</ele>
        <time>2025-11-10T18:24:15.803Z</time>
      </trkpt>
      <trkpt lat="52.230885" lon="5.208685">
        <ele>3.896169</ele>
        <time>2025-11-10T18:24:18.215Z</time>
      </trkpt>
      <trkpt lat="52.230568" lon="5.207818">
        <ele>3.704819</ele>
        <time>2025-11-10T18:24:27.082Z</time>
      </trkpt>
      <trkpt lat="52.230484" lon="5.207721">
        <ele>3.672985</ele>
        <time>2025-11-10T18:24:28.595Z</time>
      </trkpt>
      <trkpt lat="52.230318" lon="5.207605">
        <ele>3.617117</ele>
        <time>2025-11-10T18:24:31.247Z</time>
      </trkpt>
      <trkpt lat="52.230225" lon="5.207427">
        <ele>3.572779</ele>
        <time>2025-11-10T18:24:33.373Z</time>
      </trkpt>
      <trkpt lat="52.230153" lon="5.206950">
        <ele>3.490738</ele>
        <time>2025-11-10T18:24:37.725Z</time>
      </trkpt>
      <trkpt lat="52.230127" lon="5.206860">
        <ele>3.475947</ele>
        <time>2025-11-10T18:24:38.578Z</time>
      </trkpt>
      <trkpt lat="52.229867" lon="5.206439">
        <ele>3.387082</ele>
        <time>2025-11-10T18:24:43.784Z</time>
      </trkpt>
      <trkpt lat="52.229747" lon="5.206302">
        <ele>3.351548</ele>
        <time>2025-11-10T18:24:45.896Z</time>
      </trkpt>
      <trkpt lat="52.229628" lon="5.206219">
        <ele>3.320144</ele>
        <time>2025-11-10T18:24:47.733Z</time>
      </trkpt>
      <trkpt lat="52.229553" lon="5.206247">
        <ele>3.301473</ele>
        <time>2025-11-10T18:24:48.812Z</time>
      </trkpt>
      <trkpt lat="52.229495" lon="5.206312">
        <ele>3.284401</ele>
        <time>2025-11-10T18:24:49.802Z</time>
      </trkpt>
      <trkpt lat="52.229296" lon="5.206671">
        <ele>3.212431</ele>
        <time>2025-11-10T18:24:53.932Z</time>
      </trkpt>
      <trkpt lat="52.229202" lon="5.206761">
        <ele>3.185986</ele>
        <time>2025-11-10T18:24:55.472Z</time>
      </trkpt>
      <trkpt lat="52.229044" lon="5.206741">
        <ele>3.147528</ele>
        <time>2025-11-10T18:24:57.770Z</time>
      </trkpt>
      <trkpt lat="52.228856" lon="5.206677">
        <ele>3.100924</ele>
        <time>2025-11-10T18:25:00.660Z</time>
      </trkpt>
      <trkpt lat="52.228726" lon="5.206633">
        <ele>3.102263</ele>
        <time>2025-11-10T18:25:02.737Z</time>
      </trkpt>
      <trkpt lat="52.228597" lon="5.206641">
        <ele>3.111746</ele>
        <time>2025-11-10T18:25:04.735Z</time>
      </trkpt>
      <trkpt lat="52.228538" lon="5.206679">
        <ele>3.116406</ele>
        <time>2025-11-10T18:25:05.688Z</time>
      </trkpt>
      <trkpt lat="52.228430" lon="5.206825">
        <ele>3.126706</ele>
        <time>2025-11-10T18:25:07.769Z</time>
      </trkpt>
      <trkpt lat="52.228396" lon="5.206927">
        <ele>3.131931</ele>
        <time>2025-11-10T18:25:08.862Z</time>
      </trkpt>
      <trkpt lat="52.228191" lon="5.207644">
        <ele>3.167534</ele>
        <time>2025-11-10T18:25:16.354Z</time>
      </trkpt>
      <trkpt lat="52.228088" lon="5.207839">
        <ele>3.179119</ele>
        <time>2025-11-10T18:25:18.750Z</time>
      </trkpt>
      <trkpt lat="52.228005" lon="5.207928">
        <ele>3.186414</ele>
        <time>2025-11-10T18:25:20.265Z</time>
      </trkpt>
      <trkpt lat="52.227801" lon="5.208136">
        <ele>3.204082</ele>
        <time>2025-11-10T18:25:23.924Z</time>
      </trkpt>
      <trkpt lat="52.227618" lon="5.208596">
        <ele>3.221331</ele>
        <time>2025-11-10T18:25:29.049Z</time>
      </trkpt>
      <trkpt lat="52.227513" lon="5.208691">
        <ele>3.199958</ele>
        <time>2025-11-10T18:25:30.792Z</time>
      </trkpt>
      <trkpt lat="52.225985" lon="5.209816">
        <ele>2.905143</ele>
        <time>2025-11-10T18:25:54.873Z</time>
      </trkpt>
      <trkpt lat="52.225549" lon="5.210137">
        <ele>2.883517</ele>
        <time>2025-11-10T18:26:02.166Z</time>
      </trkpt>
      <trkpt lat="52.225152" lon="5.210282">
        <ele>2.865122</ele>
        <time>2025-11-10T18:26:08.321Z</time>
      </trkpt>
      <trkpt lat="52.224867" lon="5.210293">
        <ele>2.852231</ele>
        <time>2025-11-10T18:26:12.588Z</time>
      </trkpt>
      <trkpt lat="52.224630" lon="5.210409">
        <ele>2.841044</ele>
        <time>2025-11-10T18:26:16.246Z</time>
      </trkpt>
      <trkpt lat="52.223901" lon="5.210815">
        <ele>2.788578</ele>
        <time>2025-11-10T18:26:27.428Z</time>
      </trkpt>
      <trkpt lat="52.223011" lon="5.211451">
        <ele>2.703496</ele>
        <time>2025-11-10T18:26:41.244Z</time>
      </trkpt>
      <trkpt lat="52.222574" lon="5.211706">
        <ele>2.728316</ele>
        <time>2025-11-10T18:26:48.313Z</time>
      </trkpt>
      <trkpt lat="52.222527" lon="5.211687">
        <ele>2.783489</ele>
        <time>2025-11-10T18:26:49.111Z</time>
      </trkpt>
      <trkpt lat="52.222462" lon="5.211596">
        <ele>2.881063</ele>
        <time>2025-11-10T18:26:50.527Z</time>
      </trkpt>
      <trkpt lat="52.222243" lon="5.210998">
        <ele>3.367394</ele>
        <time>2025-11-10T18:26:58.072Z</time>
      </trkpt>
      <trkpt lat="52.222114" lon="5.210793">
        <ele>3.572538</ele>
        <time>2025-11-10T18:27:01.479Z</time>
      </trkpt>
      <trkpt lat="52.221939" lon="5.210593">
        <ele>3.815959</ele>
        <time>2025-11-10T18:27:05.641Z</time>
      </trkpt>
      <trkpt lat="52.221271" lon="5.210253">
        <ele>4.613271</ele>
        <time>2025-11-10T18:27:19.364Z</time>
      </trkpt>
      <trkpt lat="52.221182" lon="5.210135">
        <ele>4.731312</ele>
        <time>2025-11-10T18:27:21.581Z</time>
      </trkpt>
      <trkpt lat="52.221075" lon="5.209914">
        <ele>4.835744</ele>
        <time>2025-11-10T18:27:24.883Z</time>
      </trkpt>
      <trkpt lat="52.220875" lon="5.211278">
        <ele>5.355717</ele>
        <time>2025-11-10T18:27:39.865Z</time>
      </trkpt>
      <trkpt lat="52.220858" lon="5.211974">
        <ele>5.613958</ele>
        <time>2025-11-10T18:27:46.289Z</time>
      </trkpt>
      <trkpt lat="52.220875" lon="5.212390">
        <ele>5.768529</ele>
        <time>2025-11-10T18:27:50.040Z</time>
      </trkpt>
      <trkpt lat="52.220810" lon="5.213598">
        <ele>5.691063</ele>
        <time>2025-11-10T18:28:00.840Z</time>
      </trkpt>
      <trkpt lat="52.220733" lon="5.215059">
        <ele>5.540244</ele>
        <time>2025-11-10T18:28:13.765Z</time>
      </trkpt>
      <trkpt lat="52.220740" lon="5.215100">
        <ele>5.535866</ele>
        <time>2025-11-10T18:28:14.151Z</time>
      </trkpt>
      <trkpt lat="52.220740" lon="5.215100">
        <ele>5.535866</ele>
        <time>2025-11-10T18:28:14.151Z</time>
      </trkpt>
      <trkpt lat="52.220811" lon="5.215282">
        <ele>5.513674</ele>
        <time>2025-11-10T18:28:16.087Z</time>
      </trkpt>
      <trkpt lat="52.220790" lon="5.215899">
        <ele>5.490396</ele>
        <time>2025-11-10T18:28:21.653Z</time>
      </trkpt>
      <trkpt lat="52.220892" lon="5.216286">
        <ele>5.479726</ele>
        <time>2025-11-10T18:28:25.460Z</time>
      </trkpt>
      <trkpt lat="52.220877" lon="5.216848">
        <ele>5.465480</ele>
        <time>2025-11-10T18:28:30.544Z</time>
      </trkpt>
      <trkpt lat="52.220913" lon="5.217034">
        <ele>5.460540</ele>
        <time>2025-11-10T18:28:32.308Z</time>
      </trkpt>
      <trkpt lat="52.221021" lon="5.217459">
        <ele>5.448887</ele>
        <time>2025-11-10T18:28:36.471Z</time>
      </trkpt>
      <trkpt lat="52.221122" lon="5.217726">
        <ele>5.440939</ele>
        <time>2025-11-10T18:28:39.340Z</time>
      </trkpt>
      <trkpt lat="52.221110" lon="5.217999">
        <ele>5.434008</ele>
        <time>2025-11-10T18:28:41.832Z</time>
      </trkpt>
      <trkpt lat="52.221073" lon="5.218507">
        <ele>5.453220</ele>
        <time>2025-11-10T18:28:46.492Z</time>
      </trkpt>
      <trkpt lat="52.221015" lon="5.218677">
        <ele>5.467753</ele>
        <time>2025-11-10T18:28:48.280Z</time>
      </trkpt>
      <trkpt lat="52.220860" lon="5.218605">
        <ele>5.487399</ele>
        <time>2025-11-10T18:28:50.477Z</time>
      </trkpt>
      <trkpt lat="52.220687" lon="5.218586">
        <ele>5.508538</ele>
        <time>2025-11-10T18:28:52.845Z</time>
      </trkpt>
      <trkpt lat="52.220636" lon="5.218624">
        <ele>5.515372</ele>
        <time>2025-11-10T18:28:53.618Z</time>
      </trkpt>
      <trkpt lat="52.220619" lon="5.218701">
        <ele>5.521485</ele>
        <time>2025-11-10T18:28:54.308Z</time>
      </trkpt>
      <trkpt lat="52.220627" lon="5.219430">
        <ele>5.575940</ele>
        <time>2025-11-10T18:29:00.490Z</time>
      </trkpt>
      <trkpt lat="52.220595" lon="5.219594">
        <ele>5.588794</ele>
        <time>2025-11-10T18:29:01.919Z</time>
      </trkpt>
      <trkpt lat="52.220558" lon="5.219813">
        <ele>5.605761</ele>
        <time>2025-11-10T18:29:03.827Z</time>
      </trkpt>
      <trkpt lat="52.220583" lon="5.220707">
        <ele>5.654142</ele>
        <time>2025-11-10T18:29:11.345Z</time>
      </trkpt>
      <trkpt lat="52.220621" lon="5.220785">
        <ele>5.655891</ele>
        <time>2025-11-10T18:29:12.176Z</time>
      </trkpt>
      <trkpt lat="52.220631" lon="5.220971">
        <ele>5.659168</ele>
        <time>2025-11-10T18:29:13.763Z</time>
      </trkpt>
      <trkpt lat="52.220576" lon="5.221144">
        <ele>5.662589</ele>
        <time>2025-11-10T18:29:15.424Z</time>
      </trkpt>
      <trkpt lat="52.220529" lon="5.221239">
        <ele>5.664732</ele>
        <time>2025-11-10T18:29:16.449Z</time>
      </trkpt>
      <trkpt lat="52.220492" lon="5.221310">
        <ele>5.666368</ele>
        <time>2025-11-10T18:29:17.239Z</time>
      </trkpt>
      <trkpt lat="52.220035" lon="5.220822">
        <ele>5.682013</ele>
        <time>2025-11-10T18:29:24.542Z</time>
      </trkpt>
      <trkpt lat="52.219729" lon="5.220546">
        <ele>5.692028</ele>
        <time>2025-11-10T18:29:29.173Z</time>
      </trkpt>
      <trkpt lat="52.218351" lon="5.219453">
        <ele>5.577024</ele>
        <time>2025-11-10T18:29:49.552Z</time>
      </trkpt>
      <trkpt lat="52.217918" lon="5.219109">
        <ele>5.529791</ele>
        <time>2025-11-10T18:29:55.830Z</time>
      </trkpt>
      <trkpt lat="52.217438" lon="5.218853">
        <ele>5.389566</ele>
        <time>2025-11-10T18:30:02.260Z</time>
      </trkpt>
      <trkpt lat="52.217076" lon="5.218768">
        <ele>5.278600</ele>
        <time>2025-11-10T18:30:06.861Z</time>
      </trkpt>
      <trkpt lat="52.217031" lon="5.218983">
        <ele>5.236366</ele>
        <time>2025-11-10T18:30:08.613Z</time>
      </trkpt>
      <trkpt lat="52.216978" lon="5.219089">
        <ele>5.210932</ele>
        <time>2025-11-10T18:30:09.795Z</time>
      </trkpt>
      <trkpt lat="52.216765" lon="5.219154">
        <ele>5.145186</ele>
        <time>2025-11-10T18:30:12.843Z</time>
      </trkpt>
      <trkpt lat="52.216697" lon="5.219214">
        <ele>5.121732</ele>
        <time>2025-11-10T18:30:13.943Z</time>
      </trkpt>
      <trkpt lat="52.216628" lon="5.219360">
        <ele>5.087456</ele>
        <time>2025-11-10T18:30:15.552Z</time>
      </trkpt>
      <trkpt lat="52.216352" lon="5.220275">
        <ele>5.016145</ele>
        <time>2025-11-10T18:30:24.698Z</time>
      </trkpt>
      <trkpt lat="52.216329" lon="5.220533">
        <ele>5.039343</ele>
        <time>2025-11-10T18:30:27.134Z</time>
      </trkpt>
      <trkpt lat="52.216287" lon="5.220714">
        <ele>5.056565</ele>
        <time>2025-11-10T18:30:28.984Z</time>
      </trkpt>
      <trkpt lat="52.216262" lon="5.220708">
        <ele>5.060235</ele>
        <time>2025-11-10T18:30:29.352Z</time>
      </trkpt>
      <trkpt lat="52.216012" lon="5.220688">
        <ele>5.096586</ele>
        <time>2025-11-10T18:30:32.967Z</time>
      </trkpt>
      <trkpt lat="52.215783" lon="5.220596">
        <ele>5.130836</ele>
        <time>2025-11-10T18:30:37.382Z</time>
      </trkpt>
      <trkpt lat="52.215368" lon="5.220390">
        <ele>5.193832</ele>
        <time>2025-11-10T18:30:44.248Z</time>
      </trkpt>
      <trkpt lat="52.215088" lon="5.220283">
        <ele>5.235596</ele>
        <time>2025-11-10T18:30:48.703Z</time>
      </trkpt>
      <trkpt lat="52.214512" lon="5.220023">
        <ele>5.076390</ele>
        <time>2025-11-10T18:30:57.488Z</time>
      </trkpt>
      <trkpt lat="52.213839" lon="5.219719">
        <ele>4.878370</ele>
        <time>2025-11-10T18:31:07.268Z</time>
      </trkpt>
      <trkpt lat="52.212139" lon="5.218998">
        <ele>4.550937</ele>
        <time>2025-11-10T18:31:32.217Z</time>
      </trkpt>
      <trkpt lat="52.211349" lon="5.218658">
        <ele>4.539782</ele>
        <time>2025-11-10T18:31:44.838Z</time>
      </trkpt>
      <trkpt lat="52.210218" lon="5.218182">
        <ele>4.874967</ele>
        <time>2025-11-10T18:32:03.412Z</time>
      </trkpt>
      <trkpt lat="52.208614" lon="5.217494">
        <ele>5.302288</ele>
        <time>2025-11-10T18:32:29.348Z</time>
      </trkpt>
      <trkpt lat="52.207445" lon="5.216985">
        <ele>5.805594</ele>
        <time>2025-11-10T18:32:48.268Z</time>
      </trkpt>
      <trkpt lat="52.207014" lon="5.216795">
        <ele>6.048050</ele>
        <time>2025-11-10T18:32:55.391Z</time>
      </trkpt>
      <trkpt lat="52.207001" lon="5.216844">
        <ele>6.065820</ele>
        <time>2025-11-10T18:32:55.936Z</time>
      </trkpt>
      <trkpt lat="52.206835" lon="5.216799">
        <ele>6.157206</ele>
        <time>2025-11-10T18:32:58.797Z</time>
      </trkpt>
      <trkpt lat="52.206569" lon="5.216914">
        <ele>6.306648</ele>
        <time>2025-11-10T18:33:03.606Z</time>
      </trkpt>
      <trkpt lat="52.206533" lon="5.217084">
        <ele>6.366508</ele>
        <time>2025-11-10T18:33:05.402Z</time>
      </trkpt>
      <trkpt lat="52.206409" lon="5.217020">
        <ele>6.434743</ele>
        <time>2025-11-10T18:33:07.549Z</time>
      </trkpt>
      <trkpt lat="52.206301" lon="5.216958">
        <ele>6.491597</ele>
        <time>2025-11-10T18:33:09.462Z</time>
      </trkpt>
      <trkpt lat="52.206245" lon="5.216915">
        <ele>6.522332</ele>
        <time>2025-11-10T18:33:10.580Z</time>
      </trkpt>
      <trkpt lat="52.206223" lon="5.216783">
        <ele>6.563962</ele>
        <time>2025-11-10T18:33:12.082Z</time>
      </trkpt>
      <trkpt lat="52.206094" lon="5.216499">
        <ele>6.671542</ele>
        <time>2025-11-10T18:33:15.894Z</time>
      </trkpt>
      <trkpt lat="52.205813" lon="5.216206">
        <ele>6.837142</ele>
        <time>2025-11-10T18:33:21.692Z</time>
      </trkpt>
      <trkpt lat="52.205694" lon="5.216198">
        <ele>6.896287</ele>
        <time>2025-11-10T18:33:23.758Z</time>
      </trkpt>
      <trkpt lat="52.205415" lon="5.216340">
        <ele>7.041420</ele>
        <time>2025-11-10T18:33:28.645Z</time>
      </trkpt>
      <trkpt lat="52.205286" lon="5.216270">
        <ele>7.108931</ele>
        <time>2025-11-10T18:33:30.818Z</time>
      </trkpt>
      <trkpt lat="52.204686" lon="5.215751">
        <ele>7.235258</ele>
        <time>2025-11-10T18:33:40.482Z</time>
      </trkpt>
      <trkpt lat="52.204375" lon="5.215497">
        <ele>7.154677</ele>
        <time>2025-11-10T18:33:45.269Z</time>
      </trkpt>
      <trkpt lat="52.204288" lon="5.215420">
        <ele>7.131745</ele>
        <time>2025-11-10T18:33:46.626Z</time>
      </trkpt>
      <trkpt lat="52.204024" lon="5.215190">
        <ele>7.062403</ele>
        <time>2025-11-10T18:33:50.758Z</time>
      </trkpt>
      <trkpt lat="52.201551" lon="5.213030">
        <ele>7.090771</ele>
        <time>2025-11-10T18:34:33.308Z</time>
      </trkpt>
      <trkpt lat="52.201160" lon="5.212684">
        <ele>7.144858</ele>
        <time>2025-11-10T18:34:39.881Z</time>
      </trkpt>
      <trkpt lat="52.201110" lon="5.212678">
        <ele>7.150954</ele>
        <time>2025-11-10T18:34:40.601Z</time>
      </trkpt>
      <trkpt lat="52.200329" lon="5.211996">
        <ele>7.258667</ele>
        <time>2025-11-10T18:34:53.736Z</time>
      </trkpt>
      <trkpt lat="52.200310" lon="5.212048">
        <ele>7.263178</ele>
        <time>2025-11-10T18:34:54.267Z</time>
      </trkpt>
      <trkpt lat="52.200307" lon="5.212127">
        <ele>7.269077</ele>
        <time>2025-11-10T18:34:55.388Z</time>
      </trkpt>
      <trkpt lat="52.200306" lon="5.212160">
        <ele>7.271540</ele>
        <time>2025-11-10T18:34:55.867Z</time>
      </trkpt>
      <trkpt lat="52.200209" lon="5.212488">
        <ele>7.401223</ele>
        <time>2025-11-10T18:35:01.116Z</time>
      </trkpt>
      <trkpt lat="52.200080" lon="5.212784">
        <ele>7.575986</ele>
        <time>2025-11-10T18:35:06.521Z</time>
      </trkpt>
      <trkpt lat="52.199714" lon="5.213586">
        <ele>8.057116</ele>
        <time>2025-11-10T18:35:21.831Z</time>
      </trkpt>
      <trkpt lat="52.199463" lon="5.214364">
        <ele>8.480171</ele>
        <time>2025-11-10T18:35:35.562Z</time>
      </trkpt>
      <trkpt lat="52.199434" lon="5.214361">
        <ele>8.502983</ele>
        <time>2025-11-10T18:35:37.575Z</time>
      </trkpt>
      <trkpt lat="52.199374" lon="5.214537">
        <ele>8.599890</ele>
        <time>2025-11-10T18:35:39.662Z</time>
      </trkpt>
      <trkpt lat="52.199347" lon="5.214652">
        <ele>8.659148</ele>
        <time>2025-11-10T18:35:40.930Z</time>
      </trkpt>
      <trkpt lat="52.199391" lon="5.214638">
        <ele>8.693232</ele>
        <time>2025-11-10T18:35:41.667Z</time>
      </trkpt>
      <trkpt lat="52.199209" lon="5.215248">
        <ele>8.867759</ele>
        <time>2025-11-10T18:35:48.451Z</time>
      </trkpt>
      <trkpt lat="52.199144" lon="5.215484">
        <ele>8.934319</ele>
        <time>2025-11-10T18:35:50.939Z</time>
      </trkpt>
      <trkpt lat="52.198286" lon="5.218374">
        <ele>9.566691</ele>
        <time>2025-11-10T18:36:18.276Z</time>
      </trkpt>
      <trkpt lat="52.198126" lon="5.218929">
        <ele>9.626988</ele>
        <time>2025-11-10T18:36:23.385Z</time>
      </trkpt>
      <trkpt lat="52.197572" lon="5.220489">
        <ele>9.966593</ele>
        <time>2025-11-10T18:36:38.754Z</time>
      </trkpt>
      <trkpt lat="52.197284" lon="5.221285">
        <ele>10.271697</ele>
        <time>2025-11-10T18:36:47.091Z</time>
      </trkpt>
      <trkpt lat="52.196218" lon="5.224154">
        <ele>11.472590</ele>
        <time>2025-11-10T18:37:19.903Z</time>
      </trkpt>
      <trkpt lat="52.195946" lon="5.224467">
        <ele>11.676655</ele>
        <time>2025-11-10T18:37:24.671Z</time>
      </trkpt>
      <trkpt lat="52.194255" lon="5.226302">
        <ele>11.789023</ele>
        <time>2025-11-10T18:37:51.300Z</time>
      </trkpt>
      <trkpt lat="52.193341" lon="5.227250">
        <ele>12.130281</ele>
        <time>2025-11-10T18:38:06.588Z</time>
      </trkpt>
      <trkpt lat="52.192174" lon="5.228531">
        <ele>12.682877</ele>
        <time>2025-11-10T18:38:27.630Z</time>
      </trkpt>
      <trkpt lat="52.192148" lon="5.228581">
        <ele>12.701723</ele>
        <time>2025-11-10T18:38:28.244Z</time>
      </trkpt>
      <trkpt lat="52.192090" lon="5.228697">
        <ele>12.744751</ele>
        <time>2025-11-10T18:38:29.615Z</time>
      </trkpt>
      <trkpt lat="52.192053" lon="5.228777">
        <ele>12.773557</ele>
        <time>2025-11-10T18:38:30.658Z</time>
      </trkpt>
      <trkpt lat="52.191077" lon="5.229817">
        <ele>13.148100</ele>
        <time>2025-11-10T18:38:49.494Z</time>
      </trkpt>
      <trkpt lat="52.190258" lon="5.230731">
        <ele>12.985096</ele>
        <time>2025-11-10T18:39:04.159Z</time>
      </trkpt>
      <trkpt lat="52.189503" lon="5.231574">
        <ele>12.532940</ele>
        <time>2025-11-10T18:39:16.807Z</time>
      </trkpt>
      <trkpt lat="52.188426" lon="5.232756">
        <ele>11.289649</ele>
        <time>2025-11-10T18:39:34.052Z</time>
      </trkpt>
      <trkpt lat="52.188282" lon="5.232879">
        <ele>11.121156</ele>
        <time>2025-11-10T18:39:36.193Z</time>
      </trkpt>
      <trkpt lat="52.188258" lon="5.232907">
        <ele>11.083984</ele>
        <time>2025-11-10T18:39:36.581Z</time>
      </trkpt>
      <trkpt lat="52.188240" lon="5.232873">
        <ele>11.049289</ele>
        <time>2025-11-10T18:39:37.150Z</time>
      </trkpt>
      <trkpt lat="52.188122" lon="5.232705">
        <ele>10.851975</ele>
        <time>2025-11-10T18:39:48.072Z</time>
      </trkpt>
      <trkpt lat="52.187832" lon="5.232531">
        <ele>10.462710</ele>
        <time>2025-11-10T18:39:52.182Z</time>
      </trkpt>
      <trkpt lat="52.186347" lon="5.231668">
        <ele>8.573156</ele>
        <time>2025-11-10T18:40:12.701Z</time>
      </trkpt>
      <trkpt lat="52.186328" lon="5.231756">
        <ele>8.517179</ele>
        <time>2025-11-10T18:40:16.690Z</time>
      </trkpt>
      <trkpt lat="52.186309" lon="5.231841">
        <ele>8.462896</ele>
        <time>2025-11-10T18:40:20.523Z</time>
      </trkpt>
      <trkpt lat="52.186290" lon="5.231954">
        <ele>8.392594</ele>
        <time>2025-11-10T18:40:25.536Z</time>
      </trkpt>
      <trkpt lat="52.186261" lon="5.232126">
        <ele>8.285564</ele>
        <time>2025-11-10T18:40:33.138Z</time>
      </trkpt>
      <trkpt lat="52.186236" lon="5.232272">
        <ele>8.194613</ele>
        <time>2025-11-10T18:40:39.598Z</time>
      </trkpt>
      <trkpt lat="52.186150" lon="5.232773">
        <ele>7.882458</ele>
        <time>2025-11-10T18:41:01.775Z</time>
      </trkpt>
      <trkpt lat="52.186051" lon="5.232978">
        <ele>7.725885</ele>
        <time>2025-11-10T18:41:12.901Z</time>
      </trkpt>
      <trkpt lat="52.185808" lon="5.233375">
        <ele>7.389300</ele>
        <time>2025-11-10T18:41:20.170Z</time>
      </trkpt>
      <trkpt lat="52.185768" lon="5.233292">
        <ele>7.325957</ele>
        <time>2025-11-10T18:41:24.657Z</time>
      </trkpt>
      <trkpt lat="52.185728" lon="5.233028">
        <ele>7.162793</ele>
        <time>2025-11-10T18:41:36.263Z</time>
      </trkpt>
      <trkpt lat="52.185739" lon="5.232965">
        <ele>7.159937</ele>
        <time>2025-11-10T18:41:36.853Z</time>
      </trkpt>
      <trkpt lat="52.185770" lon="5.232785">
        <ele>7.211193</ele>
        <time>2025-11-10T18:41:38.445Z</time>
      </trkpt>
      <trkpt lat="52.185866" lon="5.232838">
        <ele>7.256511</ele>
        <time>2025-11-10T18:41:45.483Z</time>
      </trkpt>
      <trkpt lat="52.185963" lon="5.232890">
        <ele>7.302167</ele>
        <time>2025-11-10T18:41:52.554Z</time>
      </trkpt>
      <trkpt lat="52.186051" lon="5.232978">
        <ele>7.348322</ele>
        <time>2025-11-10T18:41:59.717Z</time>
      </trkpt>
      <trkpt lat="52.186150" lon="5.232773">
        <ele>7.419863</ele>
        <time>2025-11-10T18:42:10.843Z</time>
      </trkpt>
      <trkpt lat="52.186236" lon="5.232272">
        <ele>7.562490</ele>
        <time>2025-11-10T18:42:33.019Z</time>
      </trkpt>
      <trkpt lat="52.186261" lon="5.232126">
        <ele>7.604047</ele>
        <time>2025-11-10T18:42:39.478Z</time>
      </trkpt>
      <trkpt lat="52.186290" lon="5.231954">
        <ele>7.652950</ele>
        <time>2025-11-10T18:42:47.080Z</time>
      </trkpt>
      <trkpt lat="52.186309" lon="5.231841">
        <ele>7.685072</ele>
        <time>2025-11-10T18:42:52.092Z</time>
      </trkpt>
      <trkpt lat="52.186328" lon="5.231756">
        <ele>7.709874</ele>
        <time>2025-11-10T18:42:55.926Z</time>
      </trkpt>
      <trkpt lat="52.186347" lon="5.231668">
        <ele>7.735451</ele>
        <time>2025-11-10T18:42:59.914Z</time>
      </trkpt>
      <trkpt lat="52.186175" lon="5.231567">
        <ele>7.817192</ele>
        <time>2025-11-10T18:43:02.810Z</time>
      </trkpt>
      <trkpt lat="52.185812" lon="5.231259">
        <ele>7.933425</ele>
        <time>2025-11-10T18:43:09.218Z</time>
      </trkpt>
      <trkpt lat="52.185408" lon="5.230914">
        <ele>7.850238</ele>
        <time>2025-11-10T18:43:15.816Z</time>
      </trkpt>
      <trkpt lat="52.184833" lon="5.230418">
        <ele>7.731581</ele>
        <time>2025-11-10T18:43:24.885Z</time>
      </trkpt>
      <trkpt lat="52.184389" lon="5.230031">
        <ele>7.639746</ele>
        <time>2025-11-10T18:43:32.170Z</time>
      </trkpt>
      <trkpt lat="52.183165" lon="5.228966">
        <ele>7.456855</ele>
        <time>2025-11-10T18:43:52.642Z</time>
      </trkpt>
      <trkpt lat="52.183203" lon="5.229101">
        <ele>7.445139</ele>
        <time>2025-11-10T18:43:53.873Z</time>
      </trkpt>
      <trkpt lat="52.183869" lon="5.231678">
        <ele>7.281639</ele>
        <time>2025-11-10T18:44:16.985Z</time>
      </trkpt>
      <trkpt lat="52.183892" lon="5.231771">
        <ele>7.276405</ele>
        <time>2025-11-10T18:44:17.833Z</time>
      </trkpt>
      <trkpt lat="52.182445" lon="5.232481">
        <ele>7.536466</ele>
        <time>2025-11-10T18:46:02.818Z</time>
      </trkpt>
      <trkpt lat="52.182610" lon="5.232653">
        <ele>7.589912</ele>
        <time>2025-11-10T18:46:16.424Z</time>
      </trkpt>
      <trkpt lat="52.182743" lon="5.232791">
        <ele>7.632935</ele>
        <time>2025-11-10T18:46:27.391Z</time>
      </trkpt>
      <trkpt lat="52.182861" lon="5.232979">
        <ele>7.677957</ele>
        <time>2025-11-10T18:46:38.852Z</time>
      </trkpt>
      <trkpt lat="52.182901" lon="5.233125">
        <ele>7.704718</ele>
        <time>2025-11-10T18:46:45.658Z</time>
      </trkpt>
      <trkpt lat="52.182934" lon="5.233247">
        <ele>7.727032</ele>
        <time>2025-11-10T18:46:51.356Z</time>
      </trkpt>
      <trkpt lat="52.183107" lon="5.234210">
        <ele>7.777056</ele>
        <time>2025-11-10T18:47:34.116Z</time>
      </trkpt>
      <trkpt lat="52.183213" lon="5.234440">
        <ele>7.790563</ele>
        <time>2025-11-10T18:47:46.372Z</time>
      </trkpt>
      <trkpt lat="52.183398" lon="5.234698">
        <ele>7.809199</ele>
        <time>2025-11-10T18:48:03.250Z</time>
      </trkpt>
      <trkpt lat="52.183549" lon="5.234976">
        <ele>7.826634</ele>
        <time>2025-11-10T18:48:19.069Z</time>
      </trkpt>
      <trkpt lat="52.182914" lon="5.235255">
        <ele>7.831596</ele>
        <time>2025-11-10T18:48:33.443Z</time>
      </trkpt>
      <trkpt lat="52.182640" lon="5.235376">
        <ele>7.732877</ele>
        <time>2025-11-10T18:48:39.627Z</time>
      </trkpt>
      <trkpt lat="52.182220" lon="5.235561">
        <ele>7.581583</ele>
        <time>2025-11-10T18:48:49.025Z</time>
      </trkpt>
      <trkpt lat="52.182210" lon="5.235565">
        <ele>7.578003</ele>
        <time>2025-11-10T18:48:49.171Z</time>
      </trkpt>
      <trkpt lat="52.181304" lon="5.235951">
        <ele>7.252355</ele>
        <time>2025-11-10T18:49:02.558Z</time>
      </trkpt>
      <trkpt lat="52.180197" lon="5.236435">
        <ele>6.551538</ele>
        <time>2025-11-10T18:49:18.504Z</time>
      </trkpt>
      <trkpt lat="52.180028" lon="5.236510">
        <ele>6.443364</ele>
        <time>2025-11-10T18:49:20.850Z</time>
      </trkpt>
      <trkpt lat="52.179828" lon="5.236597">
        <ele>6.315521</ele>
        <time>2025-11-10T18:49:23.639Z</time>
      </trkpt>
      <trkpt lat="52.179536" lon="5.236753">
        <ele>6.128120</ele>
        <time>2025-11-10T18:49:27.826Z</time>
      </trkpt>
      <trkpt lat="52.179425" lon="5.236879">
        <ele>6.074351</ele>
        <time>2025-11-10T18:49:29.691Z</time>
      </trkpt>
      <trkpt lat="52.179315" lon="5.236795">
        <ele>6.026060</ele>
        <time>2025-11-10T18:49:31.370Z</time>
      </trkpt>
      <trkpt lat="52.179210" lon="5.236830">
        <ele>5.983451</ele>
        <time>2025-11-10T18:49:32.869Z</time>
      </trkpt>
      <trkpt lat="52.178614" lon="5.237461">
        <ele>5.700937</ele>
        <time>2025-11-10T18:49:42.892Z</time>
      </trkpt>
      <trkpt lat="52.178540" lon="5.237595">
        <ele>5.656973</ele>
        <time>2025-11-10T18:49:44.486Z</time>
      </trkpt>
      <trkpt lat="52.178391" lon="5.237760">
        <ele>5.585366</ele>
        <time>2025-11-10T18:49:47.129Z</time>
      </trkpt>
      <trkpt lat="52.178129" lon="5.237647">
        <ele>5.477619</ele>
        <time>2025-11-10T18:49:51.156Z</time>
      </trkpt>
      <trkpt lat="52.177925" lon="5.237493">
        <ele>5.401432</ele>
        <time>2025-11-10T18:49:54.445Z</time>
      </trkpt>
      <trkpt lat="52.177835" lon="5.236523">
        <ele>5.270792</ele>
        <time>2025-11-10T18:50:03.066Z</time>
      </trkpt>
      <trkpt lat="52.177678" lon="5.234833">
        <ele>5.043175</ele>
        <time>2025-11-10T18:50:18.041Z</time>
      </trkpt>
      <trkpt lat="52.177449" lon="5.231707">
        <ele>5.346891</ele>
        <time>2025-11-10T18:50:47.813Z</time>
      </trkpt>
      <trkpt lat="52.177443" lon="5.231632">
        <ele>5.365368</ele>
        <time>2025-11-10T18:50:48.557Z</time>
      </trkpt>
      <trkpt lat="52.176976" lon="5.226840">
        <ele>6.538112</ele>
        <time>2025-11-10T18:51:36.603Z</time>
      </trkpt>
      <trkpt lat="52.176831" lon="5.225354">
        <ele>6.762392</ele>
        <time>2025-11-10T18:51:51.113Z</time>
      </trkpt>
      <trkpt lat="52.176765" lon="5.225298">
        <ele>6.766540</ele>
        <time>2025-11-10T18:51:56.248Z</time>
      </trkpt>
      <trkpt lat="52.177088" lon="5.228860">
        <ele>6.822466</ele>
        <time>2025-11-10T18:52:45.131Z</time>
      </trkpt>
      <trkpt lat="52.177178" lon="5.229851">
        <ele>6.810200</ele>
        <time>2025-11-10T18:52:58.785Z</time>
      </trkpt>
      <trkpt lat="52.177088" lon="5.228860">
        <ele>6.814733</ele>
        <time>2025-11-10T18:53:12.458Z</time>
      </trkpt>
      <trkpt lat="52.176765" lon="5.225298">
        <ele>6.769784</ele>
        <time>2025-11-10T18:54:01.954Z</time>
      </trkpt>
      <trkpt lat="52.176675" lon="5.224437">
        <ele>6.700613</ele>
        <time>2025-11-10T18:54:13.473Z</time>
      </trkpt>
      <trkpt lat="52.176520" lon="5.222956">
        <ele>6.725520</ele>
        <time>2025-11-10T18:54:33.663Z</time>
      </trkpt>
      <trkpt lat="52.176576" lon="5.222849">
        <ele>6.746629</ele>
        <time>2025-11-10T18:54:39.656Z</time>
      </trkpt>
      <trkpt lat="52.176665" lon="5.222665">
        <ele>6.781796</ele>
        <time>2025-11-10T18:54:41.803Z</time>
      </trkpt>
      <trkpt lat="52.176665" lon="5.222600">
        <ele>6.791550</ele>
        <time>2025-11-10T18:54:42.358Z</time>
      </trkpt>
      <trkpt lat="52.176666" lon="5.222571">
        <ele>6.795909</ele>
        <time>2025-11-10T18:54:42.622Z</time>
      </trkpt>
      <trkpt lat="52.177803" lon="5.222486">
        <ele>7.073762</ele>
        <time>2025-11-10T18:55:01.151Z</time>
      </trkpt>
      <trkpt lat="52.177882" lon="5.222526">
        <ele>7.089396</ele>
        <time>2025-11-10T18:55:02.498Z</time>
      </trkpt>
      <trkpt lat="52.177947" lon="5.222472">
        <ele>7.103183</ele>
        <time>2025-11-10T18:55:03.627Z</time>
      </trkpt>
      <trkpt lat="52.178323" lon="5.222452">
        <ele>7.174283</ele>
        <time>2025-11-10T18:55:09.494Z</time>
      </trkpt>
      <trkpt lat="52.178556" lon="5.222446">
        <ele>7.218324</ele>
        <time>2025-11-10T18:55:12.982Z</time>
      </trkpt>
      <trkpt lat="52.178668" lon="5.222378">
        <ele>7.240911</ele>
        <time>2025-11-10T18:55:14.763Z</time>
      </trkpt>
      <trkpt lat="52.178756" lon="5.222379">
        <ele>7.257543</ele>
        <time>2025-11-10T18:55:15.938Z</time>
      </trkpt>
      <trkpt lat="52.179822" lon="5.222408">
        <ele>7.507254</ele>
        <time>2025-11-10T18:55:30.554Z</time>
      </trkpt>
      <trkpt lat="52.179979" lon="5.222427">
        <ele>7.567129</ele>
        <time>2025-11-10T18:55:32.823Z</time>
      </trkpt>
      <trkpt lat="52.180175" lon="5.222448">
        <ele>7.641833</ele>
        <time>2025-11-10T18:55:35.663Z</time>
      </trkpt>
      <trkpt lat="52.180254" lon="5.222550">
        <ele>7.680155</ele>
        <time>2025-11-10T18:55:37.114Z</time>
      </trkpt>
      <trkpt lat="52.180331" lon="5.222591">
        <ele>7.710961</ele>
        <time>2025-11-10T18:55:38.321Z</time>
      </trkpt>
      <trkpt lat="52.180384" lon="5.222546">
        <ele>7.733686</ele>
        <time>2025-11-10T18:55:39.185Z</time>
      </trkpt>
      <trkpt lat="52.180492" lon="5.222486">
        <ele>7.777079</ele>
        <time>2025-11-10T18:55:40.879Z</time>
      </trkpt>
      <trkpt lat="52.180819" lon="5.222499">
        <ele>7.901482</ele>
        <time>2025-11-10T18:55:45.820Z</time>
      </trkpt>
      <trkpt lat="52.181246" lon="5.222198">
        <ele>8.078401</ele>
        <time>2025-11-10T18:55:52.812Z</time>
      </trkpt>
      <trkpt lat="52.181987" lon="5.221673">
        <ele>8.271009</ele>
        <time>2025-11-10T18:56:04.372Z</time>
      </trkpt>
      <trkpt lat="52.183734" lon="5.220476">
        <ele>8.386776</ele>
        <time>2025-11-10T18:56:30.351Z</time>
      </trkpt>
      <trkpt lat="52.183836" lon="5.220419">
        <ele>8.371407</ele>
        <time>2025-11-10T18:56:31.749Z</time>
      </trkpt>
      <trkpt lat="52.184428" lon="5.220006">
        <ele>8.279623</ele>
        <time>2025-11-10T18:56:39.881Z</time>
      </trkpt>
      <trkpt lat="52.184525" lon="5.219935">
        <ele>8.264467</ele>
        <time>2025-11-10T18:56:41.226Z</time>
      </trkpt>
      <trkpt lat="52.185153" lon="5.219442">
        <ele>8.084531</ele>
        <time>2025-11-10T18:56:56.250Z</time>
      </trkpt>
      <trkpt lat="52.185206" lon="5.219402">
        <ele>8.068562</ele>
        <time>2025-11-10T18:56:57.505Z</time>
      </trkpt>
      <trkpt lat="52.185783" lon="5.218975">
        <ele>7.895296</ele>
        <time>2025-11-10T18:57:11.103Z</time>
      </trkpt>
      <trkpt lat="52.186973" lon="5.217853">
        <ele>7.709315</ele>
        <time>2025-11-10T18:57:42.014Z</time>
      </trkpt>
      <trkpt lat="52.188058" lon="5.216839">
        <ele>7.577231</ele>
        <time>2025-11-10T18:58:09.557Z</time>
      </trkpt>
      <trkpt lat="52.188225" lon="5.216677">
        <ele>7.531729</ele>
        <time>2025-11-10T18:58:13.784Z</time>
      </trkpt>
      <trkpt lat="52.189589" lon="5.215373">
        <ele>7.214311</ele>
        <time>2025-11-10T18:58:48.157Z</time>
      </trkpt>
      <trkpt lat="52.191074" lon="5.213933">
        <ele>6.975175</ele>
        <time>2025-11-10T18:59:26.745Z</time>
      </trkpt>
      <trkpt lat="52.191583" lon="5.213430">
        <ele>6.622627</ele>
        <time>2025-11-10T18:59:39.502Z</time>
      </trkpt>
      <trkpt lat="52.192905" lon="5.212077">
        <ele>5.805603</ele>
        <time>2025-11-10T19:00:12.005Z</time>
      </trkpt>
      <trkpt lat="52.193862" lon="5.211116">
        <ele>5.341889</ele>
        <time>2025-11-10T19:00:36.530Z</time>
      </trkpt>
      <trkpt lat="52.194619" lon="5.210355">
        <ele>5.547029</ele>
        <time>2025-11-10T19:00:56.775Z</time>
      </trkpt>
      <trkpt lat="52.195643" lon="5.209327">
        <ele>5.979295</ele>
        <time>2025-11-10T19:01:24.939Z</time>
      </trkpt>
      <trkpt lat="52.196358" lon="5.208647">
        <ele>6.533602</ele>
        <time>2025-11-10T19:01:45.116Z</time>
      </trkpt>
      <trkpt lat="52.196423" lon="5.208602">
        <ele>6.580894</ele>
        <time>2025-11-10T19:01:46.335Z</time>
      </trkpt>
      <trkpt lat="52.197917" lon="5.207066">
        <ele>7.535403</ele>
        <time>2025-11-10T19:02:16.673Z</time>
      </trkpt>
      <trkpt lat="52.198684" lon="5.206334">
        <ele>7.789124</ele>
        <time>2025-11-10T19:02:30.128Z</time>
      </trkpt>
      <trkpt lat="52.199900" lon="5.205145">
        <ele>7.167201</ele>
        <time>2025-11-10T19:02:49.802Z</time>
      </trkpt>
      <trkpt lat="52.200192" lon="5.204828">
        <ele>7.021316</ele>
        <time>2025-11-10T19:02:54.751Z</time>
      </trkpt>
      <trkpt lat="52.200486" lon="5.204525">
        <ele>6.888408</ele>
        <time>2025-11-10T19:02:59.738Z</time>
      </trkpt>
      <trkpt lat="52.200820" lon="5.204215">
        <ele>6.741543</ele>
        <time>2025-11-10T19:03:05.228Z</time>
      </trkpt>
      <trkpt lat="52.201192" lon="5.203788">
        <ele>6.567704</ele>
        <time>2025-11-10T19:03:11.760Z</time>
      </trkpt>
      <trkpt lat="52.201558" lon="5.203480">
        <ele>6.410308</ele>
        <time>2025-11-10T19:03:17.643Z</time>
      </trkpt>
      <trkpt lat="52.201905" lon="5.203113">
        <ele>6.189655</ele>
        <time>2025-11-10T19:03:23.411Z</time>
      </trkpt>
      <trkpt lat="52.201850" lon="5.203052">
        <ele>6.152503</ele>
        <time>2025-11-10T19:03:24.282Z</time>
      </trkpt>
      <trkpt lat="52.201716" lon="5.202913">
        <ele>6.063795</ele>
        <time>2025-11-10T19:03:26.455Z</time>
      </trkpt>
      <trkpt lat="52.201723" lon="5.202530">
        <ele>5.932600</ele>
        <time>2025-11-10T19:03:29.641Z</time>
      </trkpt>
      <trkpt lat="52.201703" lon="5.202379">
        <ele>5.879705</ele>
        <time>2025-11-10T19:03:30.936Z</time>
      </trkpt>
      <trkpt lat="52.201655" lon="5.202280">
        <ele>5.836483</ele>
        <time>2025-11-10T19:03:31.989Z</time>
      </trkpt>
      <trkpt lat="52.201171" lon="5.201762">
        <ele>5.513113</ele>
        <time>2025-11-10T19:03:40.035Z</time>
      </trkpt>
      <trkpt lat="52.200835" lon="5.201276">
        <ele>5.374418</ele>
        <time>2025-11-10T19:03:46.379Z</time>
      </trkpt>
      <trkpt lat="52.200761" lon="5.201090">
        <ele>5.369007</ele>
        <time>2025-11-10T19:03:48.341Z</time>
      </trkpt>
      <trkpt lat="52.200422" lon="5.200684">
        <ele>5.352265</ele>
        <time>2025-11-10T19:03:54.489Z</time>
      </trkpt>
      <trkpt lat="52.200392" lon="5.200560">
        <ele>5.349012</ele>
        <time>2025-11-10T19:03:55.694Z</time>
      </trkpt>
      <trkpt lat="52.199968" lon="5.199444">
        <ele>5.316973</ele>
        <time>2025-11-10T19:04:08.180Z</time>
      </trkpt>
      <trkpt lat="52.199954" lon="5.199407">
        <ele>5.315912</ele>
        <time>2025-11-10T19:04:08.591Z</time>
      </trkpt>
      <trkpt lat="52.199731" lon="5.199423">
        <ele>5.267702</ele>
        <time>2025-11-10T19:04:11.984Z</time>
      </trkpt>
      <trkpt lat="52.199680" lon="5.199395">
        <ele>5.246373</ele>
        <time>2025-11-10T19:04:12.778Z</time>
      </trkpt>
      <trkpt lat="52.199427" lon="5.199069">
        <ele>5.118586</ele>
        <time>2025-11-10T19:04:17.523Z</time>
      </trkpt>
      <trkpt lat="52.199163" lon="5.198660">
        <ele>4.974281</ele>
        <time>2025-11-10T19:04:22.733Z</time>
      </trkpt>
      <trkpt lat="52.199044" lon="5.198437">
        <ele>4.902447</ele>
        <time>2025-11-10T19:04:25.275Z</time>
      </trkpt>
      <trkpt lat="52.198927" lon="5.198121">
        <ele>4.812755</ele>
        <time>2025-11-10T19:04:28.393Z</time>
      </trkpt>
      <trkpt lat="52.198809" lon="5.197675">
        <ele>4.694736</ele>
        <time>2025-11-10T19:04:32.452Z</time>
      </trkpt>
      <trkpt lat="52.198547" lon="5.196616">
        <ele>4.513655</ele>
        <time>2025-11-10T19:04:41.961Z</time>
      </trkpt>
      <trkpt lat="52.198492" lon="5.196290">
        <ele>4.475200</ele>
        <time>2025-11-10T19:04:44.870Z</time>
      </trkpt>
      <trkpt lat="52.198081" lon="5.195363">
        <ele>4.345083</ele>
        <time>2025-11-10T19:04:55.179Z</time>
      </trkpt>
      <trkpt lat="52.197950" lon="5.195014">
        <ele>4.298540</ele>
        <time>2025-11-10T19:04:59.152Z</time>
      </trkpt>
      <trkpt lat="52.197857" lon="5.194600">
        <ele>4.294597</ele>
        <time>2025-11-10T19:05:03.574Z</time>
      </trkpt>
      <trkpt lat="52.197812" lon="5.194244">
        <ele>4.370143</ele>
        <time>2025-11-10T19:05:07.241Z</time>
      </trkpt>
      <trkpt lat="52.197684" lon="5.193600">
        <ele>4.510850</ele>
        <time>2025-11-10T19:05:14.086Z</time>
      </trkpt>
      <trkpt lat="52.196943" lon="5.191789">
        <ele>4.869646</ele>
        <time>2025-11-10T19:05:35.066Z</time>
      </trkpt>
      <trkpt lat="52.196873" lon="5.191778">
        <ele>4.868311</ele>
        <time>2025-11-10T19:05:36.103Z</time>
      </trkpt>
      <trkpt lat="52.195562" lon="5.192429">
        <ele>4.842288</ele>
        <time>2025-11-10T19:05:56.120Z</time>
      </trkpt>
      <trkpt lat="52.193779" lon="5.193625">
        <ele>4.887210</ele>
        <time>2025-11-10T19:06:24.789Z</time>
      </trkpt>
      <trkpt lat="52.191944" lon="5.194573">
        <ele>4.845017</ele>
        <time>2025-11-10T19:06:53.396Z</time>
      </trkpt>
      <trkpt lat="52.191384" lon="5.194867">
        <ele>4.739160</ele>
        <time>2025-11-10T19:07:01.882Z</time>
      </trkpt>
      <trkpt lat="52.190190" lon="5.195492">
        <ele>4.498421</ele>
        <time>2025-11-10T19:07:19.974Z</time>
      </trkpt>
      <trkpt lat="52.189772" lon="5.195752">
        <ele>4.384635</ele>
        <time>2025-11-10T19:07:26.424Z</time>
      </trkpt>
      <trkpt lat="52.189039" lon="5.196131">
        <ele>4.189052</ele>
        <time>2025-11-10T19:07:37.618Z</time>
      </trkpt>
      <trkpt lat="52.188729" lon="5.196291">
        <ele>4.106350</ele>
        <time>2025-11-10T19:07:42.304Z</time>
      </trkpt>
      <trkpt lat="52.188382" lon="5.196538">
        <ele>4.044207</ele>
        <time>2025-11-10T19:07:47.733Z</time>
      </trkpt>
      <trkpt lat="52.187999" lon="5.196735">
        <ele>3.984357</ele>
        <time>2025-11-10T19:07:53.515Z</time>
      </trkpt>
      <trkpt lat="52.187507" lon="5.196944">
        <ele>3.908587</ele>
        <time>2025-11-10T19:08:00.887Z</time>
      </trkpt>
      <trkpt lat="52.186937" lon="5.197245">
        <ele>3.827398</ele>
        <time>2025-11-10T19:08:09.606Z</time>
      </trkpt>
      <trkpt lat="52.184804" lon="5.198488">
        <ele>4.067747</ele>
        <time>2025-11-10T19:08:44.082Z</time>
      </trkpt>
      <trkpt lat="52.184738" lon="5.198617">
        <ele>4.086744</ele>
        <time>2025-11-10T19:08:45.672Z</time>
      </trkpt>
      <trkpt lat="52.182707" lon="5.196829">
        <ele>4.592091</ele>
        <time>2025-11-10T19:09:21.226Z</time>
      </trkpt>
      <trkpt lat="52.182632" lon="5.196766">
        <ele>4.613689</ele>
        <time>2025-11-10T19:09:22.541Z</time>
      </trkpt>
      <trkpt lat="52.182004" lon="5.196175">
        <ele>4.795872</ele>
        <time>2025-11-10T19:09:34.171Z</time>
      </trkpt>
      <trkpt lat="52.181467" lon="5.195723">
        <ele>4.933865</ele>
        <time>2025-11-10T19:09:44.001Z</time>
      </trkpt>
      <trkpt lat="52.180156" lon="5.194603">
        <ele>4.940103</ele>
        <time>2025-11-10T19:10:06.530Z</time>
      </trkpt>
      <trkpt lat="52.178394" lon="5.195553">
        <ele>4.053616</ele>
        <time>2025-11-10T19:10:31.671Z</time>
      </trkpt>
      <trkpt lat="52.178390" lon="5.196144">
        <ele>3.991602</ele>
        <time>2025-11-10T19:10:36.312Z</time>
      </trkpt>
      <trkpt lat="52.178420" lon="5.196394">
        <ele>3.964874</ele>
        <time>2025-11-10T19:10:38.367Z</time>
      </trkpt>
      <trkpt lat="52.178468" lon="5.196551">
        <ele>3.946467</ele>
        <time>2025-11-10T19:10:39.803Z</time>
      </trkpt>
      <trkpt lat="52.178703" lon="5.196977">
        <ele>3.886344</ele>
        <time>2025-11-10T19:10:44.720Z</time>
      </trkpt>
      <trkpt lat="52.178742" lon="5.197223">
        <ele>3.859685</ele>
        <time>2025-11-10T19:10:46.988Z</time>
      </trkpt>
      <trkpt lat="52.178727" lon="5.197641">
        <ele>3.833554</ele>
        <time>2025-11-10T19:10:50.779Z</time>
      </trkpt>
      <trkpt lat="52.178673" lon="5.197701">
        <ele>3.842219</ele>
        <time>2025-11-10T19:10:51.735Z</time>
      </trkpt>
      <trkpt lat="52.178529" lon="5.197754">
        <ele>3.861795</ele>
        <time>2025-11-10T19:10:53.883Z</time>
      </trkpt>
      <trkpt lat="52.178378" lon="5.197741">
        <ele>3.881846</ele>
        <time>2025-11-10T19:10:56.067Z</time>
      </trkpt>
      <trkpt lat="52.178045" lon="5.197579">
        <ele>3.927928</ele>
        <time>2025-11-10T19:11:01.098Z</time>
      </trkpt>
      <trkpt lat="52.177177" lon="5.197157">
        <ele>4.048038</ele>
        <time>2025-11-10T19:11:13.169Z</time>
      </trkpt>
      <trkpt lat="52.177059" lon="5.197213">
        <ele>4.064310</ele>
        <time>2025-11-10T19:11:14.766Z</time>
      </trkpt>
      <trkpt lat="52.176717" lon="5.197838">
        <ele>4.088666</ele>
        <time>2025-11-10T19:11:21.503Z</time>
      </trkpt>
      <trkpt lat="52.176535" lon="5.198159">
        <ele>4.101378</ele>
        <time>2025-11-10T19:11:25.041Z</time>
      </trkpt>
      <trkpt lat="52.176379" lon="5.198356">
        <ele>4.110733</ele>
        <time>2025-11-10T19:11:27.630Z</time>
      </trkpt>
      <trkpt lat="52.176031" lon="5.198564">
        <ele>4.128307</ele>
        <time>2025-11-10T19:11:32.555Z</time>
      </trkpt>
      <trkpt lat="52.175781" lon="5.198667">
        <ele>4.140534</ele>
        <time>2025-11-10T19:11:36.137Z</time>
      </trkpt>
      <trkpt lat="52.175639" lon="5.198779">
        <ele>4.148013</ele>
        <time>2025-11-10T19:11:38.403Z</time>
      </trkpt>
      <trkpt lat="52.175606" lon="5.198810">
        <ele>4.151370</ele>
        <time>2025-11-10T19:11:38.960Z</time>
      </trkpt>
      <trkpt lat="52.175299" lon="5.199238">
        <ele>4.294846</ele>
        <time>2025-11-10T19:11:48.476Z</time>
      </trkpt>
      <trkpt lat="52.175221" lon="5.199454">
        <ele>4.349451</ele>
        <time>2025-11-10T19:11:52.100Z</time>
      </trkpt>
      <trkpt lat="52.175165" lon="5.199697">
        <ele>4.406001</ele>
        <time>2025-11-10T19:11:55.811Z</time>
      </trkpt>
      <trkpt lat="52.175076" lon="5.200367">
        <ele>4.555339</ele>
        <time>2025-11-10T19:12:05.431Z</time>
      </trkpt>
      <trkpt lat="52.174931" lon="5.200866">
        <ele>4.675627</ele>
        <time>2025-11-10T19:12:13.184Z</time>
      </trkpt>
      <trkpt lat="52.174909" lon="5.200934">
        <ele>4.692375</ele>
        <time>2025-11-10T19:12:14.294Z</time>
      </trkpt>
      <trkpt lat="52.174448" lon="5.201577">
        <ele>5.002757</ele>
        <time>2025-11-10T19:12:28.830Z</time>
      </trkpt>
      <trkpt lat="52.174341" lon="5.202017">
        <ele>5.187837</ele>
        <time>2025-11-10T19:12:36.019Z</time>
      </trkpt>
      <trkpt lat="52.174312" lon="5.202257">
        <ele>5.283485</ele>
        <time>2025-11-10T19:12:39.720Z</time>
      </trkpt>
      <trkpt lat="52.174300" lon="5.202365">
        <ele>5.326402</ele>
        <time>2025-11-10T19:12:41.389Z</time>
      </trkpt>
      <trkpt lat="52.174216" lon="5.202909">
        <ele>5.545753</ele>
        <time>2025-11-10T19:12:49.791Z</time>
      </trkpt>
      <trkpt lat="52.174143" lon="5.203629">
        <ele>5.831107</ele>
        <time>2025-11-10T19:13:00.693Z</time>
      </trkpt>
      <trkpt lat="52.174017" lon="5.204715">
        <ele>6.151241</ele>
        <time>2025-11-10T19:13:16.692Z</time>
      </trkpt>
      <trkpt lat="52.173862" lon="5.206024">
        <ele>6.494449</ele>
        <time>2025-11-10T19:13:35.934Z</time>
      </trkpt>
      <trkpt lat="52.173763" lon="5.207070">
        <ele>6.658800</ele>
        <time>2025-11-10T19:13:50.934Z</time>
      </trkpt>
      <trkpt lat="52.172898" lon="5.206612">
        <ele>6.501517</ele>
        <time>2025-11-10T19:14:04.667Z</time>
      </trkpt>
      <trkpt lat="52.169980" lon="5.205067">
        <ele>5.074858</ele>
        <time>2025-11-10T19:14:47.206Z</time>
      </trkpt>
      <trkpt lat="52.169750" lon="5.204946">
        <ele>4.962867</ele>
        <time>2025-11-10T19:14:50.624Z</time>
      </trkpt>
      <trkpt lat="52.167611" lon="5.203813">
        <ele>4.290789</ele>
        <time>2025-11-10T19:15:22.614Z</time>
      </trkpt>
      <trkpt lat="52.165826" lon="5.202868">
        <ele>4.730312</ele>
        <time>2025-11-10T19:15:52.185Z</time>
      </trkpt>
      <trkpt lat="52.165484" lon="5.202704">
        <ele>4.872379</ele>
        <time>2025-11-10T19:15:58.224Z</time>
      </trkpt>
      <trkpt lat="52.165165" lon="5.202535">
        <ele>4.924622</ele>
        <time>2025-11-10T19:16:06.279Z</time>
      </trkpt>
      <trkpt lat="52.164885" lon="5.202385">
        <ele>4.935900</ele>
        <time>2025-11-10T19:16:13.317Z</time>
      </trkpt>
      <trkpt lat="52.164838" lon="5.202407">
        <ele>4.937771</ele>
        <time>2025-11-10T19:16:14.449Z</time>
      </trkpt>
      <trkpt lat="52.162616" lon="5.201214">
        <ele>4.722414</ele>
        <time>2025-11-10T19:16:44.667Z</time>
      </trkpt>
      <trkpt lat="52.162324" lon="5.201057">
        <ele>4.649761</ele>
        <time>2025-11-10T19:16:48.682Z</time>
      </trkpt>
      <trkpt lat="52.160965" lon="5.200327">
        <ele>4.060430</ele>
        <time>2025-11-10T19:17:07.405Z</time>
      </trkpt>
      <trkpt lat="52.160793" lon="5.200240">
        <ele>3.974792</ele>
        <time>2025-11-10T19:17:09.614Z</time>
      </trkpt>
      <trkpt lat="52.160586" lon="5.200294">
        <ele>3.875105</ele>
        <time>2025-11-10T19:17:12.168Z</time>
      </trkpt>
      <trkpt lat="52.160319" lon="5.200206">
        <ele>3.745570</ele>
        <time>2025-11-10T19:17:15.422Z</time>
      </trkpt>
      <trkpt lat="52.160147" lon="5.200220">
        <ele>3.670095</ele>
        <time>2025-11-10T19:17:17.453Z</time>
      </trkpt>
      <trkpt lat="52.159967" lon="5.200334">
        <ele>3.592707</ele>
        <time>2025-11-10T19:17:19.719Z</time>
      </trkpt>
      <trkpt lat="52.159835" lon="5.199796">
        <ele>3.450256</ele>
        <time>2025-11-10T19:17:23.955Z</time>
      </trkpt>
      <trkpt lat="52.159775" lon="5.199450">
        <ele>3.361861</ele>
        <time>2025-11-10T19:17:26.642Z</time>
      </trkpt>
      <trkpt lat="52.159610" lon="5.199499">
        <ele>3.294649</ele>
        <time>2025-11-10T19:17:28.712Z</time>
      </trkpt>
      <trkpt lat="52.159474" lon="5.199481">
        <ele>3.239967</ele>
        <time>2025-11-10T19:17:30.450Z</time>
      </trkpt>
      <trkpt lat="52.158652" lon="5.199059">
        <ele>3.045297</ele>
        <time>2025-11-10T19:17:42.788Z</time>
      </trkpt>
      <trkpt lat="52.158474" lon="5.199049">
        <ele>3.094666</ele>
        <time>2025-11-10T19:17:45.530Z</time>
      </trkpt>
      <trkpt lat="52.158335" lon="5.199078">
        <ele>3.133510</ele>
        <time>2025-11-10T19:17:47.740Z</time>
      </trkpt>
      <trkpt lat="52.157986" lon="5.199268">
        <ele>3.235504</ele>
        <time>2025-11-10T19:17:53.368Z</time>
      </trkpt>
      <trkpt lat="52.157837" lon="5.198755">
        <ele>3.332024</ele>
        <time>2025-11-10T19:17:58.912Z</time>
      </trkpt>
      <trkpt lat="52.157813" lon="5.198659">
        <ele>3.349653</ele>
        <time>2025-11-10T19:17:59.910Z</time>
      </trkpt>
      <trkpt lat="52.157617" lon="5.198558">
        <ele>3.406633</ele>
        <time>2025-11-10T19:18:04.550Z</time>
      </trkpt>
      <trkpt lat="52.155781" lon="5.197607">
        <ele>2.953683</ele>
        <time>2025-11-10T19:18:46.042Z</time>
      </trkpt>
      <trkpt lat="52.155662" lon="5.197543">
        <ele>2.913630</ele>
        <time>2025-11-10T19:18:47.858Z</time>
      </trkpt>
      <trkpt lat="52.151661" lon="5.195399">
        <ele>3.517984</ele>
        <time>2025-11-10T19:19:51.971Z</time>
      </trkpt>
      <trkpt lat="52.149909" lon="5.194476">
        <ele>3.973730</ele>
        <time>2025-11-10T19:21:59.917Z</time>
      </trkpt>
      <trkpt lat="52.148848" lon="5.193925">
        <ele>4.079709</ele>
        <time>2025-11-10T19:23:17.296Z</time>
      </trkpt>
      <trkpt lat="52.148416" lon="5.193700">
        <ele>4.100268</ele>
        <time>2025-11-10T19:23:48.791Z</time>
      </trkpt>
      <trkpt lat="52.148364" lon="5.193668">
        <ele>4.102462</ele>
        <time>2025-11-10T19:23:52.718Z</time>
      </trkpt>
      <trkpt lat="52.145945" lon="5.192187">
        <ele>4.205204</ele>
        <time>2025-11-10T19:26:52.244Z</time>
      </trkpt>
      <trkpt lat="52.145063" lon="5.191430">
        <ele>4.168673</ele>
        <time>2025-11-10T19:28:01.549Z</time>
      </trkpt>
      <trkpt lat="52.144380" lon="5.191033">
        <ele>4.073128</ele>
        <time>2025-11-10T19:28:51.937Z</time>
      </trkpt>
      <trkpt lat="52.143952" lon="5.190775">
        <ele>4.013001</ele>
        <time>2025-11-10T19:29:23.625Z</time>
      </trkpt>
      <trkpt lat="52.141840" lon="5.189553">
        <ele>4.137390</ele>
        <time>2025-11-10T19:31:59.388Z</time>
      </trkpt>
      <trkpt lat="52.141094" lon="5.189122">
        <ele>3.982132</ele>
        <time>2025-11-10T19:32:54.409Z</time>
      </trkpt>
      <trkpt lat="52.140710" lon="5.188900">
        <ele>3.902209</ele>
        <time>2025-11-10T19:33:22.760Z</time>
      </trkpt>
      <trkpt lat="52.140300" lon="5.188678">
        <ele>3.858342</ele>
        <time>2025-11-10T19:33:52.727Z</time>
      </trkpt>
      <trkpt lat="52.140710" lon="5.188900">
        <ele>3.945379</ele>
        <time>2025-11-10T19:34:22.693Z</time>
      </trkpt>
      <trkpt lat="52.141094" lon="5.189122">
        <ele>4.027462</ele>
        <time>2025-11-10T19:34:51.045Z</time>
      </trkpt>
      <trkpt lat="52.141840" lon="5.189553">
        <ele>4.186912</ele>
        <time>2025-11-10T19:35:46.065Z</time>
      </trkpt>
      <trkpt lat="52.143671" lon="5.190613">
        <ele>4.149711</ele>
        <time>2025-11-10T19:38:01.081Z</time>
      </trkpt>
      <trkpt lat="52.141840" lon="5.189553">
        <ele>4.187844</ele>
        <time>2025-11-10T19:40:16.098Z</time>
      </trkpt>
      <trkpt lat="52.141094" lon="5.189122">
        <ele>4.088932</ele>
        <time>2025-11-10T19:41:11.118Z</time>
      </trkpt>
      <trkpt lat="52.140710" lon="5.188900">
        <ele>4.038013</ele>
        <time>2025-11-10T19:41:39.469Z</time>
      </trkpt>
      <trkpt lat="52.139517" lon="5.188254">
        <ele>3.999576</ele>
        <time>2025-11-10T19:43:06.813Z</time>
      </trkpt>
      <trkpt lat="52.139475" lon="5.188199">
        <ele>4.000095</ele>
        <time>2025-11-10T19:43:10.579Z</time>
      </trkpt>
      <trkpt lat="52.139431" lon="5.188087">
        <ele>4.000881</ele>
        <time>2025-11-10T19:43:11.776Z</time>
      </trkpt>
      <trkpt lat="52.139430" lon="5.187903">
        <ele>4.001969</ele>
        <time>2025-11-10T19:43:13.424Z</time>
      </trkpt>
      <trkpt lat="52.139409" lon="5.187856">
        <ele>4.002313</ele>
        <time>2025-11-10T19:43:13.943Z</time>
      </trkpt>
      <trkpt lat="52.139346" lon="5.187842">
        <ele>4.002925</ele>
        <time>2025-11-10T19:43:14.866Z</time>
      </trkpt>
      <trkpt lat="52.139219" lon="5.187850">
        <ele>4.004149</ele>
        <time>2025-11-10T19:43:16.652Z</time>
      </trkpt>
      <trkpt lat="52.139121" lon="5.188005">
        <ele>4.005465</ele>
        <time>2025-11-10T19:43:18.549Z</time>
      </trkpt>
      <trkpt lat="52.139326" lon="5.187046">
        <ele>3.802850</ele>
        <time>2025-11-10T19:43:26.596Z</time>
      </trkpt>
      <trkpt lat="52.139596" lon="5.184544">
        <ele>2.813957</ele>
        <time>2025-11-10T19:43:45.433Z</time>
      </trkpt>
      <trkpt lat="52.139771" lon="5.182986">
        <ele>2.436395</ele>
        <time>2025-11-10T19:43:57.812Z</time>
      </trkpt>
      <trkpt lat="52.139798" lon="5.182547">
        <ele>2.331223</ele>
        <time>2025-11-10T19:44:01.368Z</time>
      </trkpt>
      <trkpt lat="52.139752" lon="5.181404">
        <ele>2.076342</ele>
        <time>2025-11-10T19:44:10.496Z</time>
      </trkpt>
      <trkpt lat="52.139623" lon="5.179980">
        <ele>1.804449</ele>
        <time>2025-11-10T19:44:21.751Z</time>
      </trkpt>
      <trkpt lat="52.139418" lon="5.177303">
        <ele>1.575787</ele>
        <time>2025-11-10T19:44:42.954Z</time>
      </trkpt>
      <trkpt lat="52.139341" lon="5.176583">
        <ele>1.568200</ele>
        <time>2025-11-10T19:44:48.953Z</time>
      </trkpt>
      <trkpt lat="52.139269" lon="5.176588">
        <ele>1.566980</ele>
        <time>2025-11-10T19:44:49.958Z</time>
      </trkpt>
      <trkpt lat="52.139181" lon="5.176535">
        <ele>1.565393</ele>
        <time>2025-11-10T19:44:51.292Z</time>
      </trkpt>
      <trkpt lat="52.138948" lon="5.176066">
        <ele>1.704841</ele>
        <time>2025-11-10T19:44:56.872Z</time>
      </trkpt>
      <trkpt lat="52.138807" lon="5.175900">
        <ele>1.868694</ele>
        <time>2025-11-10T19:44:59.634Z</time>
      </trkpt>
      <trkpt lat="52.138663" lon="5.175851">
        <ele>2.007257</ele>
        <time>2025-11-10T19:45:02.014Z</time>
      </trkpt>
      <trkpt lat="52.138457" lon="5.175898">
        <ele>2.203185</ele>
        <time>2025-11-10T19:45:05.463Z</time>
      </trkpt>
      <trkpt lat="52.138265" lon="5.175893">
        <ele>2.384056</ele>
        <time>2025-11-10T19:45:08.719Z</time>
      </trkpt>
      <trkpt lat="52.138166" lon="5.175848">
        <ele>2.480867</ele>
        <time>2025-11-10T19:45:10.523Z</time>
      </trkpt>
      <trkpt lat="52.137998" lon="5.175686">
        <ele>2.664747</ele>
        <time>2025-11-10T19:45:13.904Z</time>
      </trkpt>
      <trkpt lat="52.137760" lon="5.175550">
        <ele>2.902311</ele>
        <time>2025-11-10T19:45:18.594Z</time>
      </trkpt>
      <trkpt lat="52.137702" lon="5.175561">
        <ele>2.957311</ele>
        <time>2025-11-10T19:45:19.653Z</time>
      </trkpt>
      <trkpt lat="52.137226" lon="5.175618">
        <ele>3.297440</ele>
        <time>2025-11-10T19:45:28.159Z</time>
      </trkpt>
      <trkpt lat="52.137096" lon="5.175584">
        <ele>3.331578</ele>
        <time>2025-11-10T19:45:30.428Z</time>
      </trkpt>
      <trkpt lat="52.136947" lon="5.175446">
        <ele>3.376017</ele>
        <time>2025-11-10T19:45:33.268Z</time>
      </trkpt>
      <trkpt lat="52.136669" lon="5.175114">
        <ele>3.465387</ele>
        <time>2025-11-10T19:45:38.753Z</time>
      </trkpt>
      <trkpt lat="52.135827" lon="5.174631">
        <ele>3.696839</ele>
        <time>2025-11-10T19:45:51.865Z</time>
      </trkpt>
      <trkpt lat="52.135731" lon="5.174572">
        <ele>3.720875</ele>
        <time>2025-11-10T19:45:53.356Z</time>
      </trkpt>
      <trkpt lat="52.135613" lon="5.174444">
        <ele>3.679835</ele>
        <time>2025-11-10T19:45:55.412Z</time>
      </trkpt>
      <trkpt lat="52.135497" lon="5.174147">
        <ele>3.617282</ele>
        <time>2025-11-10T19:45:58.535Z</time>
      </trkpt>
      <trkpt lat="52.135414" lon="5.173848">
        <ele>3.558971</ele>
        <time>2025-11-10T19:46:01.421Z</time>
      </trkpt>
      <trkpt lat="52.135237" lon="5.173255">
        <ele>3.441800</ele>
        <time>2025-11-10T19:46:07.167Z</time>
      </trkpt>
      <trkpt lat="52.135091" lon="5.172854">
        <ele>3.358952</ele>
        <time>2025-11-10T19:46:11.208Z</time>
      </trkpt>
      <trkpt lat="52.134828" lon="5.172272">
        <ele>3.230530</ele>
        <time>2025-11-10T19:46:17.522Z</time>
      </trkpt>
      <trkpt lat="52.134686" lon="5.172023">
        <ele>3.183567</ele>
        <time>2025-11-10T19:46:20.508Z</time>
      </trkpt>
      <trkpt lat="52.134535" lon="5.171900">
        <ele>3.155607</ele>
        <time>2025-11-10T19:46:22.915Z</time>
      </trkpt>
      <trkpt lat="52.133724" lon="5.171438">
        <ele>3.013316</ele>
        <time>2025-11-10T19:46:35.339Z</time>
      </trkpt>
      <trkpt lat="52.131933" lon="5.170417">
        <ele>2.827097</ele>
        <time>2025-11-10T19:47:03.431Z</time>
      </trkpt>
      <trkpt lat="52.131880" lon="5.170345">
        <ele>2.822821</ele>
        <time>2025-11-10T19:47:04.442Z</time>
      </trkpt>
      <trkpt lat="52.129515" lon="5.169004">
        <ele>2.412434</ele>
        <time>2025-11-10T19:47:40.767Z</time>
      </trkpt>
      <trkpt lat="52.129165" lon="5.168799">
        <ele>2.365948</ele>
        <time>2025-11-10T19:47:46.190Z</time>
      </trkpt>
      <trkpt lat="52.127631" lon="5.167876">
        <ele>2.130028</ele>
        <time>2025-11-10T19:48:10.240Z</time>
      </trkpt>
      <trkpt lat="52.126858" lon="5.167420">
        <ele>1.965511</ele>
        <time>2025-11-10T19:48:20.791Z</time>
      </trkpt>
      <trkpt lat="52.124696" lon="5.166148">
        <ele>1.435337</ele>
        <time>2025-11-10T19:48:50.427Z</time>
      </trkpt>
      <trkpt lat="52.122294" lon="5.164721">
        <ele>1.238071</ele>
        <time>2025-11-10T19:49:24.026Z</time>
      </trkpt>
      <trkpt lat="52.119951" lon="5.163325">
        <ele>1.474497</ele>
        <time>2025-11-10T19:49:59.042Z</time>
      </trkpt>
      <trkpt lat="52.120350" lon="5.162139">
        <ele>1.427811</ele>
        <time>2025-11-10T19:50:09.814Z</time>
      </trkpt>
      <trkpt lat="52.120958" lon="5.160164">
        <ele>1.140191</ele>
        <time>2025-11-10T19:50:27.269Z</time>
      </trkpt>
      <trkpt lat="52.121248" lon="5.159222">
        <ele>1.250529</ele>
        <time>2025-11-10T19:50:35.859Z</time>
      </trkpt>
      <trkpt lat="52.121725" lon="5.157766">
        <ele>1.431102</ele>
        <time>2025-11-10T19:50:50.221Z</time>
      </trkpt>
      <trkpt lat="52.121790" lon="5.157573">
        <ele>1.455188</ele>
        <time>2025-11-10T19:50:52.194Z</time>
      </trkpt>
      <trkpt lat="52.122275" lon="5.155982">
        <ele>1.929210</ele>
        <time>2025-11-10T19:51:08.826Z</time>
      </trkpt>
      <trkpt lat="52.122582" lon="5.154880">
        <ele>2.243690</ele>
        <time>2025-11-10T19:51:19.670Z</time>
      </trkpt>
      <trkpt lat="52.123163" lon="5.152592">
        <ele>2.009816</ele>
        <time>2025-11-10T19:51:39.271Z</time>
      </trkpt>
      <trkpt lat="52.123226" lon="5.152357">
        <ele>1.985595</ele>
        <time>2025-11-10T19:51:41.316Z</time>
      </trkpt>
      <trkpt lat="52.123284" lon="5.152140">
        <ele>1.975841</ele>
        <time>2025-11-10T19:51:43.218Z</time>
      </trkpt>
      <trkpt lat="52.123492" lon="5.151364">
        <ele>2.047111</ele>
        <time>2025-11-10T19:51:50.105Z</time>
      </trkpt>
      <trkpt lat="52.123675" lon="5.150713">
        <ele>2.107376</ele>
        <time>2025-11-10T19:51:56.085Z</time>
      </trkpt>
      <trkpt lat="52.123845" lon="5.150042">
        <ele>2.168474</ele>
        <time>2025-11-10T19:52:02.388Z</time>
      </trkpt>
      <trkpt lat="52.124099" lon="5.149037">
        <ele>2.202158</ele>
        <time>2025-11-10T19:52:12.293Z</time>
      </trkpt>
      <trkpt lat="52.124386" lon="5.147973">
        <ele>2.169909</ele>
        <time>2025-11-10T19:52:21.927Z</time>
      </trkpt>
      <trkpt lat="52.124409" lon="5.147846">
        <ele>2.166234</ele>
        <time>2025-11-10T19:52:23.011Z</time>
      </trkpt>
      <trkpt lat="52.124577" lon="5.147071">
        <ele>2.143428</ele>
        <time>2025-11-10T19:52:29.514Z</time>
      </trkpt>
      <trkpt lat="52.124737" lon="5.146500">
        <ele>2.067804</ele>
        <time>2025-11-10T19:52:34.386Z</time>
      </trkpt>
      <trkpt lat="52.124822" lon="5.146236">
        <ele>2.007093</ele>
        <time>2025-11-10T19:52:36.651Z</time>
      </trkpt>
      <trkpt lat="52.124968" lon="5.145727">
        <ele>1.892676</ele>
        <time>2025-11-10T19:52:40.860Z</time>
      </trkpt>
      <trkpt lat="52.125206" lon="5.144877">
        <ele>1.702414</ele>
        <time>2025-11-10T19:52:48.209Z</time>
      </trkpt>
      <trkpt lat="52.125327" lon="5.144362">
        <ele>1.590114</ele>
        <time>2025-11-10T19:52:52.623Z</time>
      </trkpt>
      <trkpt lat="52.125098" lon="5.144227">
        <ele>1.533926</ele>
        <time>2025-11-10T19:52:56.004Z</time>
      </trkpt>
      <trkpt lat="52.124606" lon="5.143893">
        <ele>1.505972</ele>
        <time>2025-11-10T19:53:03.346Z</time>
      </trkpt>
      <trkpt lat="52.123119" lon="5.143031">
        <ele>1.400269</ele>
        <time>2025-11-10T19:53:25.252Z</time>
      </trkpt>
      <trkpt lat="52.123038" lon="5.142981">
        <ele>1.390772</ele>
        <time>2025-11-10T19:53:26.497Z</time>
      </trkpt>
      <trkpt lat="52.122217" lon="5.142521">
        <ele>1.295582</ele>
        <time>2025-11-10T19:53:38.352Z</time>
      </trkpt>
      <trkpt lat="52.121940" lon="5.142363">
        <ele>1.263404</ele>
        <time>2025-11-10T19:53:42.228Z</time>
      </trkpt>
      <trkpt lat="52.121042" lon="5.141841">
        <ele>1.371534</ele>
        <time>2025-11-10T19:53:55.437Z</time>
      </trkpt>
      <trkpt lat="52.120992" lon="5.141805">
        <ele>1.380000</ele>
        <time>2025-11-10T19:53:56.233Z</time>
      </trkpt>
      <trkpt lat="52.120691" lon="5.141692">
        <ele>1.427839</ele>
        <time>2025-11-10T19:54:00.897Z</time>
      </trkpt>
      <trkpt lat="52.120646" lon="5.141688">
        <ele>1.434819</ele>
        <time>2025-11-10T19:54:01.579Z</time>
      </trkpt>
      <trkpt lat="52.120600" lon="5.141686">
        <ele>1.441945</ele>
        <time>2025-11-10T19:54:02.242Z</time>
      </trkpt>
      <trkpt lat="52.120421" lon="5.141696">
        <ele>1.469684</ele>
        <time>2025-11-10T19:54:04.808Z</time>
      </trkpt>
      <trkpt lat="52.120022" lon="5.141674">
        <ele>1.518069</ele>
        <time>2025-11-10T19:54:10.609Z</time>
      </trkpt>
      <trkpt lat="52.119646" lon="5.141535">
        <ele>1.442579</ele>
        <time>2025-11-10T19:54:16.147Z</time>
      </trkpt>
      <trkpt lat="52.119351" lon="5.141361">
        <ele>1.381149</ele>
        <time>2025-11-10T19:54:20.300Z</time>
      </trkpt>
      <trkpt lat="52.118909" lon="5.140970">
        <ele>1.282667</ele>
        <time>2025-11-10T19:54:26.567Z</time>
      </trkpt>
      <trkpt lat="52.118704" lon="5.140625">
        <ele>1.224950</ele>
        <time>2025-11-10T19:54:30.162Z</time>
      </trkpt>
      <trkpt lat="52.118610" lon="5.140393">
        <ele>1.191533</ele>
        <time>2025-11-10T19:54:32.269Z</time>
      </trkpt>
      <trkpt lat="52.118566" lon="5.140212">
        <ele>1.178176</ele>
        <time>2025-11-10T19:54:33.778Z</time>
      </trkpt>
      <trkpt lat="52.118549" lon="5.140134">
        <ele>1.187135</ele>
        <time>2025-11-10T19:54:34.433Z</time>
      </trkpt>
      <trkpt lat="52.118472" lon="5.140171">
        <ele>1.201287</ele>
        <time>2025-11-10T19:54:35.459Z</time>
      </trkpt>
      <trkpt lat="52.118397" lon="5.140225">
        <ele>1.215742</ele>
        <time>2025-11-10T19:54:36.533Z</time>
      </trkpt>
      <trkpt lat="52.118337" lon="5.140247">
        <ele>1.226584</ele>
        <time>2025-11-10T19:54:37.329Z</time>
      </trkpt>
      <trkpt lat="52.118309" lon="5.140156">
        <ele>1.237601</ele>
        <time>2025-11-10T19:54:38.164Z</time>
      </trkpt>
      <trkpt lat="52.118217" lon="5.140082">
        <ele>1.255689</ele>
        <time>2025-11-10T19:54:39.565Z</time>
      </trkpt>
      <trkpt lat="52.118112" lon="5.140022">
        <ele>1.275305</ele>
        <time>2025-11-10T19:54:41.141Z</time>
      </trkpt>
      <trkpt lat="52.117639" lon="5.139755">
        <ele>1.363552</ele>
        <time>2025-11-10T19:54:48.422Z</time>
      </trkpt>
      <trkpt lat="52.117330" lon="5.139809">
        <ele>1.418335</ele>
        <time>2025-11-10T19:54:53.022Z</time>
      </trkpt>
      <trkpt lat="52.117242" lon="5.139834">
        <ele>1.434081</ele>
        <time>2025-11-10T19:54:54.369Z</time>
      </trkpt>
      <trkpt lat="52.117081" lon="5.139863">
        <ele>1.462635</ele>
        <time>2025-11-10T19:54:56.749Z</time>
      </trkpt>
      <trkpt lat="52.116951" lon="5.139767">
        <ele>1.487798</ele>
        <time>2025-11-10T19:54:58.825Z</time>
      </trkpt>
      <trkpt lat="52.116754" lon="5.139236">
        <ele>1.564012</ele>
        <time>2025-11-10T19:55:04.248Z</time>
      </trkpt>
      <trkpt lat="52.116697" lon="5.139170">
        <ele>1.578073</ele>
        <time>2025-11-10T19:55:05.248Z</time>
      </trkpt>
      <trkpt lat="52.116665" lon="5.139145">
        <ele>1.585209</ele>
        <time>2025-11-10T19:55:05.777Z</time>
      </trkpt>
      <trkpt lat="52.116578" lon="5.139091">
        <ele>1.603928</ele>
        <time>2025-11-10T19:55:07.139Z</time>
      </trkpt>
      <trkpt lat="52.116324" lon="5.138942">
        <ele>1.658206</ele>
        <time>2025-11-10T19:55:11.120Z</time>
      </trkpt>
      <trkpt lat="52.116305" lon="5.138931">
        <ele>1.662261</ele>
        <time>2025-11-10T19:55:11.430Z</time>
      </trkpt>
      <trkpt lat="52.116219" lon="5.138880">
        <ele>1.680662</ele>
        <time>2025-11-10T19:55:12.763Z</time>
      </trkpt>
      <trkpt lat="52.116171" lon="5.138852">
        <ele>1.690913</ele>
        <time>2025-11-10T19:55:13.495Z</time>
      </trkpt>
      <trkpt lat="52.115980" lon="5.138740">
        <ele>1.731727</ele>
        <time>2025-11-10T19:55:16.406Z</time>
      </trkpt>
      <trkpt lat="52.115856" lon="5.138667">
        <ele>1.758236</ele>
        <time>2025-11-10T19:55:18.297Z</time>
      </trkpt>
      <trkpt lat="52.115806" lon="5.138638">
        <ele>1.768907</ele>
        <time>2025-11-10T19:55:19.050Z</time>
      </trkpt>
      <trkpt lat="52.115794" lon="5.138631">
        <ele>1.771470</ele>
        <time>2025-11-10T19:55:19.236Z</time>
      </trkpt>
      <trkpt lat="52.115679" lon="5.138555">
        <ele>1.796422</ele>
        <time>2025-11-10T19:55:21.003Z</time>
      </trkpt>
      <trkpt lat="52.115563" lon="5.138498">
        <ele>1.820783</ele>
        <time>2025-11-10T19:55:22.723Z</time>
      </trkpt>
      <trkpt lat="52.115524" lon="5.138479">
        <ele>1.828967</ele>
        <time>2025-11-10T19:55:23.284Z</time>
      </trkpt>
      <trkpt lat="52.115332" lon="5.138388">
        <ele>1.850551</ele>
        <time>2025-11-10T19:55:26.043Z</time>
      </trkpt>
      <trkpt lat="52.115157" lon="5.138391">
        <ele>1.847363</ele>
        <time>2025-11-10T19:55:28.432Z</time>
      </trkpt>
      <trkpt lat="52.114899" lon="5.138602">
        <ele>1.842103</ele>
        <time>2025-11-10T19:55:32.346Z</time>
      </trkpt>
      <trkpt lat="52.114736" lon="5.138753">
        <ele>1.838687</ele>
        <time>2025-11-10T19:55:34.913Z</time>
      </trkpt>
      <trkpt lat="52.114590" lon="5.138796">
        <ele>1.835984</ele>
        <time>2025-11-10T19:55:36.949Z</time>
      </trkpt>
      <trkpt lat="52.114502" lon="5.138780">
        <ele>1.834371</ele>
        <time>2025-11-10T19:55:38.172Z</time>
      </trkpt>
      <trkpt lat="52.114233" lon="5.138705">
        <ele>1.829399</ele>
        <time>2025-11-10T19:55:42.051Z</time>
      </trkpt>
      <trkpt lat="52.114155" lon="5.138685">
        <ele>1.827961</ele>
        <time>2025-11-10T19:55:43.148Z</time>
      </trkpt>
      <trkpt lat="52.113985" lon="5.138657">
        <ele>1.824848</ele>
        <time>2025-11-10T19:55:45.516Z</time>
      </trkpt>
      <trkpt lat="52.113716" lon="5.138610">
        <ele>1.819919</ele>
        <time>2025-11-10T19:55:49.248Z</time>
      </trkpt>
      <trkpt lat="52.113651" lon="5.138490">
        <ele>1.822769</ele>
        <time>2025-11-10T19:55:50.549Z</time>
      </trkpt>
      <trkpt lat="52.113607" lon="5.138292">
        <ele>1.829508</ele>
        <time>2025-11-10T19:55:52.234Z</time>
      </trkpt>
      <trkpt lat="52.113653" lon="5.137687">
        <ele>1.849016</ele>
        <time>2025-11-10T19:55:57.151Z</time>
      </trkpt>
      <trkpt lat="52.113622" lon="5.137405">
        <ele>1.858184</ele>
        <time>2025-11-10T19:55:59.540Z</time>
      </trkpt>
      <trkpt lat="52.113613" lon="5.137346">
        <ele>1.860129</ele>
        <time>2025-11-10T19:56:00.088Z</time>
      </trkpt>
      <trkpt lat="52.113577" lon="5.137131">
        <ele>1.867260</ele>
        <time>2025-11-10T19:56:02.002Z</time>
      </trkpt>
      <trkpt lat="52.113608" lon="5.136944">
        <ele>1.873459</ele>
        <time>2025-11-10T19:56:03.673Z</time>
      </trkpt>
      <trkpt lat="52.113559" lon="5.136597">
        <ele>1.884853</ele>
        <time>2025-11-10T19:56:06.791Z</time>
      </trkpt>
      <trkpt lat="52.113538" lon="5.136430">
        <ele>1.890308</ele>
        <time>2025-11-10T19:56:08.237Z</time>
      </trkpt>
      <trkpt lat="52.113520" lon="5.136271">
        <ele>1.895482</ele>
        <time>2025-11-10T19:56:09.608Z</time>
      </trkpt>
      <trkpt lat="52.113501" lon="5.136136">
        <ele>1.899914</ele>
        <time>2025-11-10T19:56:10.772Z</time>
      </trkpt>
      <trkpt lat="52.113363" lon="5.136186">
        <ele>1.907281</ele>
        <time>2025-11-10T19:56:12.643Z</time>
      </trkpt>
      <trkpt lat="52.113234" lon="5.136241">
        <ele>1.913059</ele>
        <time>2025-11-10T19:56:14.374Z</time>
      </trkpt>
      <trkpt lat="52.112847" lon="5.136441">
        <ele>1.913059</ele>
        <time>2025-11-10T19:56:19.616Z</time>
      </trkpt>
      <trkpt lat="52.112314" lon="5.136751">
        <ele>1.913059</ele>
        <time>2025-11-10T19:56:27.259Z</time>
      </trkpt>
      <trkpt lat="52.112300" lon="5.136760">
        <ele>1.913059</ele>
        <time>2025-11-10T19:56:27.468Z</time>
      </trkpt>
    </trkseg>
  </trk>
</gpx>