<?xml version="1.0" encoding="UTF-8" standalone="no" ?>
<gpx xmlns="http://www.topografix.com/GPX/1/1"
		xmlns:gpxx="http://www.garmin.com/xmlschemas/GpxExtensions/v3"
		xmlns:gpxtpx="http://www.garmin.com/xmlschemas/TrackPointExtension/v1"
		xmlns:xsi="http://www.w3.org/2001/XMLSchema-instance"
		xsi:schemaLocation="http://www.topografix.com/GPX/1/1 http://www.topografix.com/GPX/1/1/gpx.xsd http://www.garmin.com/xmlschemas/GpxExtensions/v3 http://www.garmin.com/xmlschemas/GpxExtensionsv3.xsd http://www.garmin.com/xmlschemas/TrackPointExtension/v1 http://www.garmin.com/xmlschemas/TrackPointExtensionv1.xsd"
		creator="Gravelmap.com"
		version="1.1">

	<metadata>
		<name><![CDATA[Other Route: BROCKEN]]></name>
		<desc><![CDATA[]]></desc>
		<link href="http://www.gravelmap.com/route/109252">
			<text><![CDATA[Other Route: BROCKEN]]></text>
		</link>
		<time>2021-06-27T10:20:39-04:00</time>
	</metadata>

	<trk>
		<name><![CDATA[Other Route: BROCKEN]]></name>
		<desc><![CDATA[]]></desc>
		<link href="http://www.gravelmap.com/route/109252">
			<text><![CDATA[Other Route: BROCKEN]]></text>
		</link>
		<trkseg>
			<trkpt lat="51.72863" lon="9.98404">
				<ele>197.23</ele>
			</trkpt>
			<trkpt lat="51.72848" lon="9.98407">
				<ele>197.23</ele>
			</trkpt>
			<trkpt lat="51.72819" lon="9.98432">
				<ele>197.23</ele>
			</trkpt>
			<trkpt lat="51.72774" lon="9.98465">
				<ele>197.23</ele>
			</trkpt>
			<trkpt lat="51.72748" lon="9.98489">
				<ele>197.23</ele>
			</trkpt>
			<trkpt lat="51.72726" lon="9.98504">
				<ele>197.23</ele>
			</trkpt>
			<trkpt lat="51.72709" lon="9.98522">
				<ele>197.23</ele>
			</trkpt>
			<trkpt lat="51.72696" lon="9.98531">
				<ele>197.23</ele>
			</trkpt>
			<trkpt lat="51.72676" lon="9.98551">
				<ele>197.23</ele>
			</trkpt>
			<trkpt lat="51.72656" lon="9.98567">
				<ele>197.23</ele>
			</trkpt>
			<trkpt lat="51.72639" lon="9.98574">
				<ele>176.7</ele>
			</trkpt>
			<trkpt lat="51.72551" lon="9.98595">
				<ele>176.7</ele>
			</trkpt>
			<trkpt lat="51.72519" lon="9.98639">
				<ele>176.7</ele>
			</trkpt>
			<trkpt lat="51.72488" lon="9.98684">
				<ele>176.7</ele>
			</trkpt>
			<trkpt lat="51.72449" lon="9.98732">
				<ele>176.7</ele>
			</trkpt>
			<trkpt lat="51.72413" lon="9.98765">
				<ele>176.7</ele>
			</trkpt>
			<trkpt lat="51.7237" lon="9.98797">
				<ele>176.7</ele>
			</trkpt>
			<trkpt lat="51.72352" lon="9.98812">
				<ele>176.7</ele>
			</trkpt>
			<trkpt lat="51.7234" lon="9.98826">
				<ele>176.7</ele>
			</trkpt>
			<trkpt lat="51.72306" lon="9.98854">
				<ele>154.38</ele>
			</trkpt>
			<trkpt lat="51.72292" lon="9.98889">
				<ele>154.38</ele>
			</trkpt>
			<trkpt lat="51.72279" lon="9.98927">
				<ele>154.38</ele>
			</trkpt>
			<trkpt lat="51.72268" lon="9.9895">
				<ele>154.38</ele>
			</trkpt>
			<trkpt lat="51.72232" lon="9.9906">
				<ele>154.38</ele>
			</trkpt>
			<trkpt lat="51.72217" lon="9.99112">
				<ele>154.38</ele>
			</trkpt>
			<trkpt lat="51.72204" lon="9.99146">
				<ele>154.38</ele>
			</trkpt>
			<trkpt lat="51.72194" lon="9.99184">
				<ele>154.38</ele>
			</trkpt>
			<trkpt lat="51.72167" lon="9.99255">
				<ele>154.38</ele>
			</trkpt>
			<trkpt lat="51.72144" lon="9.99256">
				<ele>154.38</ele>
			</trkpt>
			<trkpt lat="51.7206" lon="9.9923">
				<ele>126.27</ele>
			</trkpt>
			<trkpt lat="51.72041" lon="9.9922">
				<ele>126.27</ele>
			</trkpt>
			<trkpt lat="51.71951" lon="9.99189">
				<ele>126.27</ele>
			</trkpt>
			<trkpt lat="51.719" lon="9.99167">
				<ele>126.27</ele>
			</trkpt>
			<trkpt lat="51.71868" lon="9.99158">
				<ele>126.27</ele>
			</trkpt>
			<trkpt lat="51.7181" lon="9.99135">
				<ele>126.27</ele>
			</trkpt>
			<trkpt lat="51.7177" lon="9.99123">
				<ele>126.27</ele>
			</trkpt>
			<trkpt lat="51.71746" lon="9.99112">
				<ele>126.27</ele>
			</trkpt>
			<trkpt lat="51.71728" lon="9.99107">
				<ele>126.27</ele>
			</trkpt>
			<trkpt lat="51.71714" lon="9.99102">
				<ele>119.75</ele>
			</trkpt>
			<trkpt lat="51.71702" lon="9.99111">
				<ele>119.75</ele>
			</trkpt>
			<trkpt lat="51.71688" lon="9.99147">
				<ele>119.75</ele>
			</trkpt>
			<trkpt lat="51.71683" lon="9.99164">
				<ele>119.75</ele>
			</trkpt>
			<trkpt lat="51.71626" lon="9.99329">
				<ele>119.75</ele>
			</trkpt>
			<trkpt lat="51.71611" lon="9.99378">
				<ele>119.75</ele>
			</trkpt>
			<trkpt lat="51.71564" lon="9.99511">
				<ele>119.75</ele>
			</trkpt>
			<trkpt lat="51.71542" lon="9.99578">
				<ele>119.75</ele>
			</trkpt>
			<trkpt lat="51.71509" lon="9.99668">
				<ele>119.75</ele>
			</trkpt>
			<trkpt lat="51.71474" lon="9.99773">
				<ele>120.69</ele>
			</trkpt>
			<trkpt lat="51.71459" lon="9.99813">
				<ele>120.69</ele>
			</trkpt>
			<trkpt lat="51.71452" lon="9.9983">
				<ele>120.69</ele>
			</trkpt>
			<trkpt lat="51.71438" lon="9.99885">
				<ele>120.69</ele>
			</trkpt>
			<trkpt lat="51.71436" lon="9.999">
				<ele>120.69</ele>
			</trkpt>
			<trkpt lat="51.71435" lon="9.99928">
				<ele>120.69</ele>
			</trkpt>
			<trkpt lat="51.71432" lon="9.99948">
				<ele>120.69</ele>
			</trkpt>
			<trkpt lat="51.7143" lon="9.99994">
				<ele>120.69</ele>
			</trkpt>
			<trkpt lat="51.71427" lon="10.00021">
				<ele>120.69</ele>
			</trkpt>
			<trkpt lat="51.71421" lon="10.00041">
				<ele>120.69</ele>
			</trkpt>
			<trkpt lat="51.71412" lon="10.00062">
				<ele>121.26</ele>
			</trkpt>
			<trkpt lat="51.71417" lon="10.00084">
				<ele>121.26</ele>
			</trkpt>
			<trkpt lat="51.71417" lon="10.00128">
				<ele>121.26</ele>
			</trkpt>
			<trkpt lat="51.71415" lon="10.00148">
				<ele>121.26</ele>
			</trkpt>
			<trkpt lat="51.71415" lon="10.00175">
				<ele>121.26</ele>
			</trkpt>
			<trkpt lat="51.71412" lon="10.00202">
				<ele>121.26</ele>
			</trkpt>
			<trkpt lat="51.71411" lon="10.00257">
				<ele>121.26</ele>
			</trkpt>
			<trkpt lat="51.71406" lon="10.00315">
				<ele>121.26</ele>
			</trkpt>
			<trkpt lat="51.71406" lon="10.00343">
				<ele>121.26</ele>
			</trkpt>
			<trkpt lat="51.71409" lon="10.00371">
				<ele>121.5</ele>
			</trkpt>
			<trkpt lat="51.71407" lon="10.00469">
				<ele>121.5</ele>
			</trkpt>
			<trkpt lat="51.714" lon="10.00557">
				<ele>121.5</ele>
			</trkpt>
			<trkpt lat="51.71392" lon="10.00601">
				<ele>121.5</ele>
			</trkpt>
			<trkpt lat="51.71407" lon="10.00618">
				<ele>121.5</ele>
			</trkpt>
			<trkpt lat="51.71407" lon="10.00634">
				<ele>121.5</ele>
			</trkpt>
			<trkpt lat="51.71397" lon="10.0066">
				<ele>121.5</ele>
			</trkpt>
			<trkpt lat="51.71358" lon="10.00739">
				<ele>121.5</ele>
			</trkpt>
			<trkpt lat="51.7134" lon="10.00772">
				<ele>121.5</ele>
			</trkpt>
			<trkpt lat="51.71314" lon="10.00808">
				<ele>121.31</ele>
			</trkpt>
			<trkpt lat="51.71294" lon="10.0083">
				<ele>121.31</ele>
			</trkpt>
			<trkpt lat="51.71245" lon="10.0087">
				<ele>121.31</ele>
			</trkpt>
			<trkpt lat="51.71211" lon="10.00892">
				<ele>121.31</ele>
			</trkpt>
			<trkpt lat="51.71176" lon="10.0091">
				<ele>121.31</ele>
			</trkpt>
			<trkpt lat="51.71138" lon="10.00928">
				<ele>121.31</ele>
			</trkpt>
			<trkpt lat="51.71068" lon="10.00956">
				<ele>121.31</ele>
			</trkpt>
			<trkpt lat="51.70999" lon="10.00976">
				<ele>121.31</ele>
			</trkpt>
			<trkpt lat="51.70963" lon="10.00977">
				<ele>121.31</ele>
			</trkpt>
			<trkpt lat="51.70947" lon="10.00983">
				<ele>121.31</ele>
			</trkpt>
			<trkpt lat="51.70936" lon="10.00982">
				<ele>122.82</ele>
			</trkpt>
			<trkpt lat="51.70933" lon="10.01004">
				<ele>122.82</ele>
			</trkpt>
			<trkpt lat="51.70943" lon="10.01027">
				<ele>122.82</ele>
			</trkpt>
			<trkpt lat="51.70962" lon="10.0105">
				<ele>122.82</ele>
			</trkpt>
			<trkpt lat="51.70972" lon="10.01055">
				<ele>122.82</ele>
			</trkpt>
			<trkpt lat="51.70984" lon="10.01056">
				<ele>122.82</ele>
			</trkpt>
			<trkpt lat="51.71025" lon="10.01047">
				<ele>122.82</ele>
			</trkpt>
			<trkpt lat="51.71041" lon="10.01047">
				<ele>122.82</ele>
			</trkpt>
			<trkpt lat="51.71053" lon="10.01059">
				<ele>122.82</ele>
			</trkpt>
			<trkpt lat="51.71056" lon="10.01079">
				<ele>122.92</ele>
			</trkpt>
			<trkpt lat="51.71059" lon="10.01153">
				<ele>122.92</ele>
			</trkpt>
			<trkpt lat="51.71059" lon="10.01219">
				<ele>122.92</ele>
			</trkpt>
			<trkpt lat="51.7106" lon="10.0126">
				<ele>122.92</ele>
			</trkpt>
			<trkpt lat="51.71051" lon="10.01406">
				<ele>122.92</ele>
			</trkpt>
			<trkpt lat="51.71046" lon="10.01512">
				<ele>122.92</ele>
			</trkpt>
			<trkpt lat="51.71042" lon="10.01557">
				<ele>122.92</ele>
			</trkpt>
			<trkpt lat="51.71038" lon="10.01579">
				<ele>122.92</ele>
			</trkpt>
			<trkpt lat="51.71023" lon="10.01627">
				<ele>122.92</ele>
			</trkpt>
			<trkpt lat="51.71019" lon="10.0165">
				<ele>125.32</ele>
			</trkpt>
			<trkpt lat="51.71015" lon="10.0169">
				<ele>125.32</ele>
			</trkpt>
			<trkpt lat="51.71017" lon="10.01807">
				<ele>125.32</ele>
			</trkpt>
			<trkpt lat="51.71021" lon="10.01878">
				<ele>125.32</ele>
			</trkpt>
			<trkpt lat="51.71038" lon="10.01945">
				<ele>125.32</ele>
			</trkpt>
			<trkpt lat="51.71039" lon="10.01965">
				<ele>125.32</ele>
			</trkpt>
			<trkpt lat="51.7104" lon="10.0198">
				<ele>125.32</ele>
			</trkpt>
			<trkpt lat="51.71032" lon="10.01987">
				<ele>125.32</ele>
			</trkpt>
			<trkpt lat="51.71012" lon="10.01996">
				<ele>125.32</ele>
			</trkpt>
			<trkpt lat="51.70976" lon="10.02008">
				<ele>125.32</ele>
			</trkpt>
			<trkpt lat="51.70944" lon="10.02016">
				<ele>139.83</ele>
			</trkpt>
			<trkpt lat="51.70929" lon="10.02026">
				<ele>139.83</ele>
			</trkpt>
			<trkpt lat="51.70916" lon="10.02029">
				<ele>139.83</ele>
			</trkpt>
			<trkpt lat="51.70896" lon="10.02038">
				<ele>139.83</ele>
			</trkpt>
			<trkpt lat="51.70834" lon="10.0206">
				<ele>139.83</ele>
			</trkpt>
			<trkpt lat="51.70829" lon="10.02096">
				<ele>139.83</ele>
			</trkpt>
			<trkpt lat="51.70827" lon="10.02155">
				<ele>139.83</ele>
			</trkpt>
			<trkpt lat="51.70817" lon="10.0222">
				<ele>139.83</ele>
			</trkpt>
			<trkpt lat="51.7081" lon="10.0225">
				<ele>139.83</ele>
			</trkpt>
			<trkpt lat="51.70787" lon="10.02369">
				<ele>129.27</ele>
			</trkpt>
			<trkpt lat="51.70715" lon="10.02708">
				<ele>129.27</ele>
			</trkpt>
			<trkpt lat="51.70676" lon="10.02876">
				<ele>129.27</ele>
			</trkpt>
			<trkpt lat="51.70626" lon="10.03116">
				<ele>129.27</ele>
			</trkpt>
			<trkpt lat="51.70594" lon="10.03262">
				<ele>129.27</ele>
			</trkpt>
			<trkpt lat="51.70588" lon="10.03286">
				<ele>129.27</ele>
			</trkpt>
			<trkpt lat="51.70542" lon="10.03419">
				<ele>129.27</ele>
			</trkpt>
			<trkpt lat="51.70463" lon="10.03629">
				<ele>129.27</ele>
			</trkpt>
			<trkpt lat="51.70182" lon="10.04404">
				<ele>129.27</ele>
			</trkpt>
			<trkpt lat="51.70064" lon="10.04723">
				<ele>150.39</ele>
			</trkpt>
			<trkpt lat="51.70023" lon="10.04829">
				<ele>150.39</ele>
			</trkpt>
			<trkpt lat="51.69993" lon="10.04917">
				<ele>150.39</ele>
			</trkpt>
			<trkpt lat="51.69978" lon="10.04951">
				<ele>150.39</ele>
			</trkpt>
			<trkpt lat="51.69944" lon="10.05047">
				<ele>150.39</ele>
			</trkpt>
			<trkpt lat="51.69905" lon="10.05151">
				<ele>150.39</ele>
			</trkpt>
			<trkpt lat="51.69872" lon="10.05245">
				<ele>150.39</ele>
			</trkpt>
			<trkpt lat="51.69841" lon="10.05327">
				<ele>150.39</ele>
			</trkpt>
			<trkpt lat="51.6983" lon="10.0535">
				<ele>150.39</ele>
			</trkpt>
			<trkpt lat="51.69821" lon="10.0538">
				<ele>150.39</ele>
			</trkpt>
			<trkpt lat="51.69807" lon="10.05408">
				<ele>134.56</ele>
			</trkpt>
			<trkpt lat="51.69789" lon="10.05449">
				<ele>134.56</ele>
			</trkpt>
			<trkpt lat="51.69759" lon="10.0553">
				<ele>134.56</ele>
			</trkpt>
			<trkpt lat="51.69707" lon="10.0565">
				<ele>134.56</ele>
			</trkpt>
			<trkpt lat="51.69685" lon="10.05706">
				<ele>134.56</ele>
			</trkpt>
			<trkpt lat="51.69669" lon="10.05772">
				<ele>134.56</ele>
			</trkpt>
			<trkpt lat="51.69657" lon="10.05839">
				<ele>134.56</ele>
			</trkpt>
			<trkpt lat="51.69649" lon="10.05891">
				<ele>134.56</ele>
			</trkpt>
			<trkpt lat="51.69648" lon="10.05929">
				<ele>134.56</ele>
			</trkpt>
			<trkpt lat="51.69637" lon="10.05967">
				<ele>128.11</ele>
			</trkpt>
			<trkpt lat="51.69632" lon="10.05991">
				<ele>128.11</ele>
			</trkpt>
			<trkpt lat="51.69598" lon="10.06198">
				<ele>128.11</ele>
			</trkpt>
			<trkpt lat="51.69542" lon="10.06526">
				<ele>128.11</ele>
			</trkpt>
			<trkpt lat="51.69533" lon="10.06588">
				<ele>128.11</ele>
			</trkpt>
			<trkpt lat="51.69508" lon="10.06715">
				<ele>128.11</ele>
			</trkpt>
			<trkpt lat="51.69501" lon="10.06735">
				<ele>128.11</ele>
			</trkpt>
			<trkpt lat="51.69493" lon="10.06775">
				<ele>128.11</ele>
			</trkpt>
			<trkpt lat="51.69452" lon="10.06919">
				<ele>128.11</ele>
			</trkpt>
			<trkpt lat="51.69423" lon="10.07029">
				<ele>125.59</ele>
			</trkpt>
			<trkpt lat="51.69376" lon="10.072">
				<ele>125.59</ele>
			</trkpt>
			<trkpt lat="51.69327" lon="10.07374">
				<ele>125.59</ele>
			</trkpt>
			<trkpt lat="51.69288" lon="10.07502">
				<ele>125.59</ele>
			</trkpt>
			<trkpt lat="51.69243" lon="10.07666">
				<ele>125.59</ele>
			</trkpt>
			<trkpt lat="51.69203" lon="10.07807">
				<ele>125.59</ele>
			</trkpt>
			<trkpt lat="51.69173" lon="10.07908">
				<ele>125.59</ele>
			</trkpt>
			<trkpt lat="51.69165" lon="10.07938">
				<ele>125.59</ele>
			</trkpt>
			<trkpt lat="51.69123" lon="10.08086">
				<ele>125.59</ele>
			</trkpt>
			<trkpt lat="51.6908" lon="10.08247">
				<ele>125.59</ele>
			</trkpt>
			<trkpt lat="51.6902" lon="10.08463">
				<ele>127.6</ele>
			</trkpt>
			<trkpt lat="51.68958" lon="10.08673">
				<ele>127.6</ele>
			</trkpt>
			<trkpt lat="51.68888" lon="10.08933">
				<ele>127.6</ele>
			</trkpt>
			<trkpt lat="51.68841" lon="10.09096">
				<ele>127.6</ele>
			</trkpt>
			<trkpt lat="51.68837" lon="10.09115">
				<ele>127.6</ele>
			</trkpt>
			<trkpt lat="51.68816" lon="10.09195">
				<ele>127.6</ele>
			</trkpt>
			<trkpt lat="51.68773" lon="10.0934">
				<ele>127.6</ele>
			</trkpt>
			<trkpt lat="51.68762" lon="10.09385">
				<ele>127.6</ele>
			</trkpt>
			<trkpt lat="51.68743" lon="10.09453">
				<ele>127.6</ele>
			</trkpt>
			<trkpt lat="51.68728" lon="10.09514">
				<ele>130.84</ele>
			</trkpt>
			<trkpt lat="51.68711" lon="10.09561">
				<ele>130.84</ele>
			</trkpt>
			<trkpt lat="51.68702" lon="10.09594">
				<ele>130.84</ele>
			</trkpt>
			<trkpt lat="51.68661" lon="10.09723">
				<ele>130.84</ele>
			</trkpt>
			<trkpt lat="51.68667" lon="10.09756">
				<ele>130.84</ele>
			</trkpt>
			<trkpt lat="51.6867" lon="10.09781">
				<ele>130.84</ele>
			</trkpt>
			<trkpt lat="51.68669" lon="10.09799">
				<ele>130.84</ele>
			</trkpt>
			<trkpt lat="51.68645" lon="10.09851">
				<ele>130.84</ele>
			</trkpt>
			<trkpt lat="51.6863" lon="10.09874">
				<ele>130.84</ele>
			</trkpt>
			<trkpt lat="51.68618" lon="10.09899">
				<ele>131.2</ele>
			</trkpt>
			<trkpt lat="51.68608" lon="10.09916">
				<ele>131.2</ele>
			</trkpt>
			<trkpt lat="51.68594" lon="10.09953">
				<ele>131.2</ele>
			</trkpt>
			<trkpt lat="51.68574" lon="10.09989">
				<ele>131.2</ele>
			</trkpt>
			<trkpt lat="51.68546" lon="10.10051">
				<ele>131.2</ele>
			</trkpt>
			<trkpt lat="51.68536" lon="10.10058">
				<ele>131.2</ele>
			</trkpt>
			<trkpt lat="51.68554" lon="10.1008">
				<ele>131.2</ele>
			</trkpt>
			<trkpt lat="51.68567" lon="10.10086">
				<ele>131.2</ele>
			</trkpt>
			<trkpt lat="51.68583" lon="10.10096">
				<ele>131.2</ele>
			</trkpt>
			<trkpt lat="51.68583" lon="10.1012">
				<ele>131.2</ele>
			</trkpt>
			<trkpt lat="51.68574" lon="10.10139">
				<ele>135.21</ele>
			</trkpt>
			<trkpt lat="51.68539" lon="10.10175">
				<ele>135.21</ele>
			</trkpt>
			<trkpt lat="51.68517" lon="10.10203">
				<ele>135.21</ele>
			</trkpt>
			<trkpt lat="51.68502" lon="10.10228">
				<ele>135.21</ele>
			</trkpt>
			<trkpt lat="51.68488" lon="10.1026">
				<ele>135.21</ele>
			</trkpt>
			<trkpt lat="51.68436" lon="10.10358">
				<ele>135.21</ele>
			</trkpt>
			<trkpt lat="51.6842" lon="10.10399">
				<ele>135.21</ele>
			</trkpt>
			<trkpt lat="51.68395" lon="10.10468">
				<ele>135.21</ele>
			</trkpt>
			<trkpt lat="51.68382" lon="10.10513">
				<ele>135.21</ele>
			</trkpt>
			<trkpt lat="51.68364" lon="10.1058">
				<ele>138.98</ele>
			</trkpt>
			<trkpt lat="51.68359" lon="10.10592">
				<ele>138.98</ele>
			</trkpt>
			<trkpt lat="51.68351" lon="10.10603">
				<ele>138.98</ele>
			</trkpt>
			<trkpt lat="51.68334" lon="10.1067">
				<ele>138.98</ele>
			</trkpt>
			<trkpt lat="51.68332" lon="10.10692">
				<ele>138.98</ele>
			</trkpt>
			<trkpt lat="51.68299" lon="10.10673">
				<ele>138.98</ele>
			</trkpt>
			<trkpt lat="51.68239" lon="10.10617">
				<ele>138.98</ele>
			</trkpt>
			<trkpt lat="51.68197" lon="10.10587">
				<ele>138.98</ele>
			</trkpt>
			<trkpt lat="51.68169" lon="10.10545">
				<ele>138.98</ele>
			</trkpt>
			<trkpt lat="51.68147" lon="10.10503">
				<ele>140.72</ele>
			</trkpt>
			<trkpt lat="51.68138" lon="10.10489">
				<ele>140.72</ele>
			</trkpt>
			<trkpt lat="51.68128" lon="10.10481">
				<ele>140.72</ele>
			</trkpt>
			<trkpt lat="51.68115" lon="10.10477">
				<ele>140.72</ele>
			</trkpt>
			<trkpt lat="51.68105" lon="10.1048">
				<ele>140.72</ele>
			</trkpt>
			<trkpt lat="51.68102" lon="10.10494">
				<ele>140.72</ele>
			</trkpt>
			<trkpt lat="51.68105" lon="10.10577">
				<ele>140.72</ele>
			</trkpt>
			<trkpt lat="51.68113" lon="10.10628">
				<ele>140.72</ele>
			</trkpt>
			<trkpt lat="51.68126" lon="10.10686">
				<ele>140.72</ele>
			</trkpt>
			<trkpt lat="51.68133" lon="10.10714">
				<ele>140.72</ele>
			</trkpt>
			<trkpt lat="51.68129" lon="10.10741">
				<ele>140.41</ele>
			</trkpt>
			<trkpt lat="51.68102" lon="10.10786">
				<ele>140.41</ele>
			</trkpt>
			<trkpt lat="51.68096" lon="10.10807">
				<ele>140.41</ele>
			</trkpt>
			<trkpt lat="51.68103" lon="10.10828">
				<ele>140.41</ele>
			</trkpt>
			<trkpt lat="51.68102" lon="10.10851">
				<ele>140.41</ele>
			</trkpt>
			<trkpt lat="51.68092" lon="10.10866">
				<ele>140.41</ele>
			</trkpt>
			<trkpt lat="51.68111" lon="10.10922">
				<ele>140.41</ele>
			</trkpt>
			<trkpt lat="51.68119" lon="10.10957">
				<ele>140.41</ele>
			</trkpt>
			<trkpt lat="51.68127" lon="10.10977">
				<ele>140.41</ele>
			</trkpt>
			<trkpt lat="51.68121" lon="10.10958">
				<ele>143.51</ele>
			</trkpt>
			<trkpt lat="51.68115" lon="10.10937">
				<ele>143.51</ele>
			</trkpt>
			<trkpt lat="51.68108" lon="10.10946">
				<ele>143.51</ele>
			</trkpt>
			<trkpt lat="51.68116" lon="10.10941">
				<ele>143.51</ele>
			</trkpt>
			<trkpt lat="51.68109" lon="10.10955">
				<ele>143.51</ele>
			</trkpt>
			<trkpt lat="51.68117" lon="10.10941">
				<ele>143.51</ele>
			</trkpt>
			<trkpt lat="51.68104" lon="10.10905">
				<ele>143.51</ele>
			</trkpt>
			<trkpt lat="51.68093" lon="10.10876">
				<ele>143.51</ele>
			</trkpt>
			<trkpt lat="51.68105" lon="10.10833">
				<ele>143.51</ele>
			</trkpt>
			<trkpt lat="51.68101" lon="10.1081">
				<ele>143.51</ele>
			</trkpt>
			<trkpt lat="51.68088" lon="10.10808">
				<ele>144.85</ele>
			</trkpt>
			<trkpt lat="51.68072" lon="10.10827">
				<ele>144.85</ele>
			</trkpt>
			<trkpt lat="51.68064" lon="10.10838">
				<ele>144.85</ele>
			</trkpt>
			<trkpt lat="51.68046" lon="10.10865">
				<ele>144.85</ele>
			</trkpt>
			<trkpt lat="51.68036" lon="10.10877">
				<ele>144.85</ele>
			</trkpt>
			<trkpt lat="51.68004" lon="10.10923">
				<ele>144.85</ele>
			</trkpt>
			<trkpt lat="51.67973" lon="10.10965">
				<ele>144.85</ele>
			</trkpt>
			<trkpt lat="51.67956" lon="10.10983">
				<ele>144.85</ele>
			</trkpt>
			<trkpt lat="51.67944" lon="10.11003">
				<ele>144.85</ele>
			</trkpt>
			<trkpt lat="51.6792" lon="10.11035">
				<ele>142.81</ele>
			</trkpt>
			<trkpt lat="51.67913" lon="10.11048">
				<ele>142.81</ele>
			</trkpt>
			<trkpt lat="51.67883" lon="10.11094">
				<ele>142.81</ele>
			</trkpt>
			<trkpt lat="51.67853" lon="10.11133">
				<ele>142.81</ele>
			</trkpt>
			<trkpt lat="51.67791" lon="10.11225">
				<ele>142.81</ele>
			</trkpt>
			<trkpt lat="51.67782" lon="10.11241">
				<ele>142.81</ele>
			</trkpt>
			<trkpt lat="51.67781" lon="10.11259">
				<ele>142.81</ele>
			</trkpt>
			<trkpt lat="51.6779" lon="10.113">
				<ele>142.81</ele>
			</trkpt>
			<trkpt lat="51.67845" lon="10.11455">
				<ele>142.81</ele>
			</trkpt>
			<trkpt lat="51.67848" lon="10.11472">
				<ele>142.77</ele>
			</trkpt>
			<trkpt lat="51.6785" lon="10.11493">
				<ele>142.77</ele>
			</trkpt>
			<trkpt lat="51.6785" lon="10.11509">
				<ele>142.77</ele>
			</trkpt>
			<trkpt lat="51.67806" lon="10.11586">
				<ele>142.77</ele>
			</trkpt>
			<trkpt lat="51.67793" lon="10.11614">
				<ele>142.77</ele>
			</trkpt>
			<trkpt lat="51.67787" lon="10.11634">
				<ele>142.77</ele>
			</trkpt>
			<trkpt lat="51.6777" lon="10.11675">
				<ele>142.77</ele>
			</trkpt>
			<trkpt lat="51.67762" lon="10.11691">
				<ele>142.77</ele>
			</trkpt>
			<trkpt lat="51.67754" lon="10.11713">
				<ele>142.77</ele>
			</trkpt>
			<trkpt lat="51.67743" lon="10.11736">
				<ele>142.77</ele>
			</trkpt>
			<trkpt lat="51.6772" lon="10.11797">
				<ele>141.25</ele>
			</trkpt>
			<trkpt lat="51.67694" lon="10.11855">
				<ele>141.25</ele>
			</trkpt>
			<trkpt lat="51.67668" lon="10.11918">
				<ele>141.25</ele>
			</trkpt>
			<trkpt lat="51.67563" lon="10.12149">
				<ele>141.25</ele>
			</trkpt>
			<trkpt lat="51.67525" lon="10.12228">
				<ele>141.25</ele>
			</trkpt>
			<trkpt lat="51.67494" lon="10.12287">
				<ele>141.25</ele>
			</trkpt>
			<trkpt lat="51.67452" lon="10.12376">
				<ele>141.25</ele>
			</trkpt>
			<trkpt lat="51.6733" lon="10.12613">
				<ele>141.25</ele>
			</trkpt>
			<trkpt lat="51.67307" lon="10.12666">
				<ele>141.25</ele>
			</trkpt>
			<trkpt lat="51.67238" lon="10.12809">
				<ele>137.55</ele>
			</trkpt>
			<trkpt lat="51.6722" lon="10.12858">
				<ele>137.55</ele>
			</trkpt>
			<trkpt lat="51.67213" lon="10.12887">
				<ele>137.55</ele>
			</trkpt>
			<trkpt lat="51.6719" lon="10.12948">
				<ele>137.55</ele>
			</trkpt>
			<trkpt lat="51.6717" lon="10.13011">
				<ele>137.55</ele>
			</trkpt>
			<trkpt lat="51.67136" lon="10.13097">
				<ele>137.55</ele>
			</trkpt>
			<trkpt lat="51.67126" lon="10.13127">
				<ele>137.55</ele>
			</trkpt>
			<trkpt lat="51.67072" lon="10.13257">
				<ele>137.55</ele>
			</trkpt>
			<trkpt lat="51.66964" lon="10.13521">
				<ele>137.55</ele>
			</trkpt>
			<trkpt lat="51.66948" lon="10.13571">
				<ele>138.06</ele>
			</trkpt>
			<trkpt lat="51.66908" lon="10.13742">
				<ele>138.06</ele>
			</trkpt>
			<trkpt lat="51.66891" lon="10.13788">
				<ele>138.06</ele>
			</trkpt>
			<trkpt lat="51.66876" lon="10.13821">
				<ele>138.06</ele>
			</trkpt>
			<trkpt lat="51.66849" lon="10.1387">
				<ele>138.06</ele>
			</trkpt>
			<trkpt lat="51.66812" lon="10.1393">
				<ele>138.06</ele>
			</trkpt>
			<trkpt lat="51.66799" lon="10.13944">
				<ele>138.06</ele>
			</trkpt>
			<trkpt lat="51.66776" lon="10.13964">
				<ele>138.06</ele>
			</trkpt>
			<trkpt lat="51.66754" lon="10.13973">
				<ele>138.06</ele>
			</trkpt>
			<trkpt lat="51.66738" lon="10.13974">
				<ele>138.06</ele>
			</trkpt>
			<trkpt lat="51.6671" lon="10.1397">
				<ele>137.24</ele>
			</trkpt>
			<trkpt lat="51.66673" lon="10.13954">
				<ele>137.24</ele>
			</trkpt>
			<trkpt lat="51.66663" lon="10.13961">
				<ele>137.24</ele>
			</trkpt>
			<trkpt lat="51.66642" lon="10.14038">
				<ele>137.24</ele>
			</trkpt>
			<trkpt lat="51.66608" lon="10.14151">
				<ele>137.24</ele>
			</trkpt>
			<trkpt lat="51.66584" lon="10.1425">
				<ele>137.24</ele>
			</trkpt>
			<trkpt lat="51.66509" lon="10.14527">
				<ele>137.24</ele>
			</trkpt>
			<trkpt lat="51.66463" lon="10.14682">
				<ele>137.24</ele>
			</trkpt>
			<trkpt lat="51.66457" lon="10.14723">
				<ele>137.24</ele>
			</trkpt>
			<trkpt lat="51.66437" lon="10.14784">
				<ele>139.28</ele>
			</trkpt>
			<trkpt lat="51.66417" lon="10.14861">
				<ele>139.28</ele>
			</trkpt>
			<trkpt lat="51.6639" lon="10.14944">
				<ele>139.28</ele>
			</trkpt>
			<trkpt lat="51.66348" lon="10.15095">
				<ele>139.28</ele>
			</trkpt>
			<trkpt lat="51.66332" lon="10.15145">
				<ele>139.28</ele>
			</trkpt>
			<trkpt lat="51.6627" lon="10.15368">
				<ele>139.28</ele>
			</trkpt>
			<trkpt lat="51.66246" lon="10.15462">
				<ele>139.28</ele>
			</trkpt>
			<trkpt lat="51.66197" lon="10.15629">
				<ele>139.28</ele>
			</trkpt>
			<trkpt lat="51.66189" lon="10.15663">
				<ele>139.28</ele>
			</trkpt>
			<trkpt lat="51.66135" lon="10.15855">
				<ele>138.38</ele>
			</trkpt>
			<trkpt lat="51.66095" lon="10.15992">
				<ele>138.38</ele>
			</trkpt>
			<trkpt lat="51.6607" lon="10.16083">
				<ele>138.38</ele>
			</trkpt>
			<trkpt lat="51.66048" lon="10.16157">
				<ele>138.38</ele>
			</trkpt>
			<trkpt lat="51.66013" lon="10.16264">
				<ele>138.38</ele>
			</trkpt>
			<trkpt lat="51.66005" lon="10.16299">
				<ele>138.38</ele>
			</trkpt>
			<trkpt lat="51.65995" lon="10.16309">
				<ele>138.38</ele>
			</trkpt>
			<trkpt lat="51.65988" lon="10.163">
				<ele>138.38</ele>
			</trkpt>
			<trkpt lat="51.65979" lon="10.16286">
				<ele>138.38</ele>
			</trkpt>
			<trkpt lat="51.65964" lon="10.16344">
				<ele>138.38</ele>
			</trkpt>
			<trkpt lat="51.6596" lon="10.16364">
				<ele>139.4</ele>
			</trkpt>
			<trkpt lat="51.65937" lon="10.16435">
				<ele>139.4</ele>
			</trkpt>
			<trkpt lat="51.65904" lon="10.16573">
				<ele>139.4</ele>
			</trkpt>
			<trkpt lat="51.65882" lon="10.16689">
				<ele>139.4</ele>
			</trkpt>
			<trkpt lat="51.65867" lon="10.16796">
				<ele>139.4</ele>
			</trkpt>
			<trkpt lat="51.65861" lon="10.16915">
				<ele>139.4</ele>
			</trkpt>
			<trkpt lat="51.65854" lon="10.16945">
				<ele>139.4</ele>
			</trkpt>
			<trkpt lat="51.65846" lon="10.16966">
				<ele>139.4</ele>
			</trkpt>
			<trkpt lat="51.65845" lon="10.1699">
				<ele>139.4</ele>
			</trkpt>
			<trkpt lat="51.65851" lon="10.17023">
				<ele>142.97</ele>
			</trkpt>
			<trkpt lat="51.65856" lon="10.17063">
				<ele>142.97</ele>
			</trkpt>
			<trkpt lat="51.65857" lon="10.17126">
				<ele>142.97</ele>
			</trkpt>
			<trkpt lat="51.65861" lon="10.17186">
				<ele>142.97</ele>
			</trkpt>
			<trkpt lat="51.65863" lon="10.17273">
				<ele>142.97</ele>
			</trkpt>
			<trkpt lat="51.6587" lon="10.17352">
				<ele>142.97</ele>
			</trkpt>
			<trkpt lat="51.65873" lon="10.17395">
				<ele>142.97</ele>
			</trkpt>
			<trkpt lat="51.65879" lon="10.17434">
				<ele>142.97</ele>
			</trkpt>
			<trkpt lat="51.65887" lon="10.1747">
				<ele>142.97</ele>
			</trkpt>
			<trkpt lat="51.65934" lon="10.1748">
				<ele>146.66</ele>
			</trkpt>
			<trkpt lat="51.65957" lon="10.17489">
				<ele>146.66</ele>
			</trkpt>
			<trkpt lat="51.65966" lon="10.17501">
				<ele>146.66</ele>
			</trkpt>
			<trkpt lat="51.65967" lon="10.17524">
				<ele>146.66</ele>
			</trkpt>
			<trkpt lat="51.65965" lon="10.17551">
				<ele>146.66</ele>
			</trkpt>
			<trkpt lat="51.65966" lon="10.17578">
				<ele>146.66</ele>
			</trkpt>
			<trkpt lat="51.65966" lon="10.17627">
				<ele>146.66</ele>
			</trkpt>
			<trkpt lat="51.65968" lon="10.17645">
				<ele>146.66</ele>
			</trkpt>
			<trkpt lat="51.65996" lon="10.17815">
				<ele>146.66</ele>
			</trkpt>
			<trkpt lat="51.66006" lon="10.17855">
				<ele>146.66</ele>
			</trkpt>
			<trkpt lat="51.66028" lon="10.17966">
				<ele>147.67</ele>
			</trkpt>
			<trkpt lat="51.66063" lon="10.18183">
				<ele>147.67</ele>
			</trkpt>
			<trkpt lat="51.66069" lon="10.18232">
				<ele>147.67</ele>
			</trkpt>
			<trkpt lat="51.66075" lon="10.18296">
				<ele>147.67</ele>
			</trkpt>
			<trkpt lat="51.6608" lon="10.18394">
				<ele>147.67</ele>
			</trkpt>
			<trkpt lat="51.66078" lon="10.18479">
				<ele>147.67</ele>
			</trkpt>
			<trkpt lat="51.6608" lon="10.18538">
				<ele>147.67</ele>
			</trkpt>
			<trkpt lat="51.66077" lon="10.18584">
				<ele>147.67</ele>
			</trkpt>
			<trkpt lat="51.66072" lon="10.18631">
				<ele>147.67</ele>
			</trkpt>
			<trkpt lat="51.66069" lon="10.1869">
				<ele>150.64</ele>
			</trkpt>
			<trkpt lat="51.66053" lon="10.18819">
				<ele>150.64</ele>
			</trkpt>
			<trkpt lat="51.66048" lon="10.18839">
				<ele>150.64</ele>
			</trkpt>
			<trkpt lat="51.66034" lon="10.18845">
				<ele>150.64</ele>
			</trkpt>
			<trkpt lat="51.66026" lon="10.18853">
				<ele>150.64</ele>
			</trkpt>
			<trkpt lat="51.66024" lon="10.18881">
				<ele>150.64</ele>
			</trkpt>
			<trkpt lat="51.6601" lon="10.18957">
				<ele>150.64</ele>
			</trkpt>
			<trkpt lat="51.66007" lon="10.1898">
				<ele>150.64</ele>
			</trkpt>
			<trkpt lat="51.65997" lon="10.1903">
				<ele>150.64</ele>
			</trkpt>
			<trkpt lat="51.65984" lon="10.19073">
				<ele>151.55</ele>
			</trkpt>
			<trkpt lat="51.65958" lon="10.19142">
				<ele>151.55</ele>
			</trkpt>
			<trkpt lat="51.65936" lon="10.19195">
				<ele>151.55</ele>
			</trkpt>
			<trkpt lat="51.65906" lon="10.19253">
				<ele>151.55</ele>
			</trkpt>
			<trkpt lat="51.65893" lon="10.19269">
				<ele>151.55</ele>
			</trkpt>
			<trkpt lat="51.65878" lon="10.19295">
				<ele>151.55</ele>
			</trkpt>
			<trkpt lat="51.65846" lon="10.19367">
				<ele>151.55</ele>
			</trkpt>
			<trkpt lat="51.65814" lon="10.19425">
				<ele>151.55</ele>
			</trkpt>
			<trkpt lat="51.65789" lon="10.195">
				<ele>151.55</ele>
			</trkpt>
			<trkpt lat="51.65777" lon="10.19544">
				<ele>151.55</ele>
			</trkpt>
			<trkpt lat="51.6575" lon="10.19628">
				<ele>149.27</ele>
			</trkpt>
			<trkpt lat="51.65742" lon="10.19648">
				<ele>149.27</ele>
			</trkpt>
			<trkpt lat="51.65731" lon="10.19688">
				<ele>149.27</ele>
			</trkpt>
			<trkpt lat="51.6572" lon="10.19718">
				<ele>149.27</ele>
			</trkpt>
			<trkpt lat="51.65701" lon="10.19754">
				<ele>149.27</ele>
			</trkpt>
			<trkpt lat="51.65681" lon="10.19803">
				<ele>149.27</ele>
			</trkpt>
			<trkpt lat="51.6567" lon="10.19824">
				<ele>149.27</ele>
			</trkpt>
			<trkpt lat="51.65646" lon="10.19853">
				<ele>149.27</ele>
			</trkpt>
			<trkpt lat="51.65614" lon="10.19941">
				<ele>149.27</ele>
			</trkpt>
			<trkpt lat="51.65602" lon="10.19968">
				<ele>150.52</ele>
			</trkpt>
			<trkpt lat="51.65585" lon="10.20016">
				<ele>150.52</ele>
			</trkpt>
			<trkpt lat="51.65563" lon="10.2007">
				<ele>150.52</ele>
			</trkpt>
			<trkpt lat="51.65544" lon="10.20106">
				<ele>150.52</ele>
			</trkpt>
			<trkpt lat="51.65527" lon="10.2013">
				<ele>150.52</ele>
			</trkpt>
			<trkpt lat="51.65545" lon="10.20165">
				<ele>150.52</ele>
			</trkpt>
			<trkpt lat="51.65545" lon="10.20184">
				<ele>150.52</ele>
			</trkpt>
			<trkpt lat="51.65529" lon="10.20223">
				<ele>150.52</ele>
			</trkpt>
			<trkpt lat="51.6548" lon="10.20374">
				<ele>150.52</ele>
			</trkpt>
			<trkpt lat="51.65454" lon="10.20457">
				<ele>148.69</ele>
			</trkpt>
			<trkpt lat="51.6543" lon="10.20538">
				<ele>148.69</ele>
			</trkpt>
			<trkpt lat="51.6541" lon="10.20614">
				<ele>148.69</ele>
			</trkpt>
			<trkpt lat="51.65382" lon="10.20736">
				<ele>148.69</ele>
			</trkpt>
			<trkpt lat="51.65291" lon="10.21084">
				<ele>148.69</ele>
			</trkpt>
			<trkpt lat="51.65279" lon="10.21149">
				<ele>148.69</ele>
			</trkpt>
			<trkpt lat="51.65245" lon="10.21281">
				<ele>148.69</ele>
			</trkpt>
			<trkpt lat="51.65213" lon="10.21391">
				<ele>148.69</ele>
			</trkpt>
			<trkpt lat="51.65188" lon="10.21487">
				<ele>148.69</ele>
			</trkpt>
			<trkpt lat="51.65144" lon="10.21664">
				<ele>148.69</ele>
			</trkpt>
			<trkpt lat="51.65119" lon="10.21757">
				<ele>149.86</ele>
			</trkpt>
			<trkpt lat="51.65084" lon="10.21901">
				<ele>149.86</ele>
			</trkpt>
			<trkpt lat="51.6504" lon="10.22055">
				<ele>149.86</ele>
			</trkpt>
			<trkpt lat="51.65037" lon="10.22073">
				<ele>149.86</ele>
			</trkpt>
			<trkpt lat="51.65032" lon="10.22112">
				<ele>149.86</ele>
			</trkpt>
			<trkpt lat="51.6501" lon="10.22175">
				<ele>149.86</ele>
			</trkpt>
			<trkpt lat="51.64988" lon="10.22273">
				<ele>149.86</ele>
			</trkpt>
			<trkpt lat="51.64962" lon="10.2237">
				<ele>149.86</ele>
			</trkpt>
			<trkpt lat="51.64958" lon="10.22393">
				<ele>149.86</ele>
			</trkpt>
			<trkpt lat="51.64958" lon="10.22408">
				<ele>151.92</ele>
			</trkpt>
			<trkpt lat="51.64961" lon="10.2243">
				<ele>151.92</ele>
			</trkpt>
			<trkpt lat="51.64966" lon="10.22484">
				<ele>151.92</ele>
			</trkpt>
			<trkpt lat="51.64971" lon="10.22522">
				<ele>151.92</ele>
			</trkpt>
			<trkpt lat="51.64974" lon="10.2256">
				<ele>151.92</ele>
			</trkpt>
			<trkpt lat="51.64973" lon="10.22582">
				<ele>151.92</ele>
			</trkpt>
			<trkpt lat="51.64952" lon="10.22744">
				<ele>151.92</ele>
			</trkpt>
			<trkpt lat="51.64941" lon="10.2284">
				<ele>151.92</ele>
			</trkpt>
			<trkpt lat="51.6493" lon="10.22907">
				<ele>151.92</ele>
			</trkpt>
			<trkpt lat="51.64926" lon="10.22948">
				<ele>154.1</ele>
			</trkpt>
			<trkpt lat="51.64923" lon="10.22963">
				<ele>154.1</ele>
			</trkpt>
			<trkpt lat="51.64917" lon="10.23019">
				<ele>154.1</ele>
			</trkpt>
			<trkpt lat="51.64888" lon="10.23231">
				<ele>154.1</ele>
			</trkpt>
			<trkpt lat="51.64881" lon="10.23265">
				<ele>154.1</ele>
			</trkpt>
			<trkpt lat="51.64862" lon="10.23298">
				<ele>154.1</ele>
			</trkpt>
			<trkpt lat="51.64855" lon="10.23313">
				<ele>154.1</ele>
			</trkpt>
			<trkpt lat="51.64839" lon="10.23392">
				<ele>154.1</ele>
			</trkpt>
			<trkpt lat="51.64832" lon="10.23459">
				<ele>154.1</ele>
			</trkpt>
			<trkpt lat="51.64831" lon="10.235">
				<ele>154.1</ele>
			</trkpt>
			<trkpt lat="51.64839" lon="10.23647">
				<ele>154.5</ele>
			</trkpt>
			<trkpt lat="51.64845" lon="10.237">
				<ele>154.5</ele>
			</trkpt>
			<trkpt lat="51.64861" lon="10.23804">
				<ele>154.5</ele>
			</trkpt>
			<trkpt lat="51.64867" lon="10.2384">
				<ele>154.5</ele>
			</trkpt>
			<trkpt lat="51.64862" lon="10.23851">
				<ele>154.5</ele>
			</trkpt>
			<trkpt lat="51.64831" lon="10.23875">
				<ele>154.5</ele>
			</trkpt>
			<trkpt lat="51.64824" lon="10.2389">
				<ele>154.5</ele>
			</trkpt>
			<trkpt lat="51.64834" lon="10.23941">
				<ele>154.5</ele>
			</trkpt>
			<trkpt lat="51.6484" lon="10.23986">
				<ele>154.5</ele>
			</trkpt>
			<trkpt lat="51.64837" lon="10.24097">
				<ele>156.12</ele>
			</trkpt>
			<trkpt lat="51.64832" lon="10.24146">
				<ele>156.12</ele>
			</trkpt>
			<trkpt lat="51.64824" lon="10.24186">
				<ele>156.12</ele>
			</trkpt>
			<trkpt lat="51.64805" lon="10.24265">
				<ele>156.12</ele>
			</trkpt>
			<trkpt lat="51.64797" lon="10.24353">
				<ele>156.12</ele>
			</trkpt>
			<trkpt lat="51.64788" lon="10.24414">
				<ele>156.12</ele>
			</trkpt>
			<trkpt lat="51.64785" lon="10.24453">
				<ele>156.12</ele>
			</trkpt>
			<trkpt lat="51.64785" lon="10.24472">
				<ele>156.12</ele>
			</trkpt>
			<trkpt lat="51.64788" lon="10.24487">
				<ele>156.12</ele>
			</trkpt>
			<trkpt lat="51.64788" lon="10.24566">
				<ele>156.12</ele>
			</trkpt>
			<trkpt lat="51.64795" lon="10.24605">
				<ele>158.28</ele>
			</trkpt>
			<trkpt lat="51.64803" lon="10.24635">
				<ele>158.28</ele>
			</trkpt>
			<trkpt lat="51.64813" lon="10.24689">
				<ele>158.28</ele>
			</trkpt>
			<trkpt lat="51.64827" lon="10.24739">
				<ele>158.28</ele>
			</trkpt>
			<trkpt lat="51.64844" lon="10.2479">
				<ele>158.28</ele>
			</trkpt>
			<trkpt lat="51.64852" lon="10.24808">
				<ele>158.28</ele>
			</trkpt>
			<trkpt lat="51.64862" lon="10.24839">
				<ele>158.28</ele>
			</trkpt>
			<trkpt lat="51.64872" lon="10.24882">
				<ele>158.28</ele>
			</trkpt>
			<trkpt lat="51.64891" lon="10.2494">
				<ele>158.28</ele>
			</trkpt>
			<trkpt lat="51.64905" lon="10.24992">
				<ele>161.29</ele>
			</trkpt>
			<trkpt lat="51.64926" lon="10.25055">
				<ele>161.29</ele>
			</trkpt>
			<trkpt lat="51.64931" lon="10.25085">
				<ele>161.29</ele>
			</trkpt>
			<trkpt lat="51.64934" lon="10.25133">
				<ele>161.29</ele>
			</trkpt>
			<trkpt lat="51.64934" lon="10.25179">
				<ele>161.29</ele>
			</trkpt>
			<trkpt lat="51.64919" lon="10.2536">
				<ele>161.29</ele>
			</trkpt>
			<trkpt lat="51.64914" lon="10.25405">
				<ele>161.29</ele>
			</trkpt>
			<trkpt lat="51.64915" lon="10.25478">
				<ele>161.29</ele>
			</trkpt>
			<trkpt lat="51.64913" lon="10.2552">
				<ele>161.29</ele>
			</trkpt>
			<trkpt lat="51.64913" lon="10.25539">
				<ele>160.34</ele>
			</trkpt>
			<trkpt lat="51.6491" lon="10.25701">
				<ele>160.34</ele>
			</trkpt>
			<trkpt lat="51.6491" lon="10.25789">
				<ele>160.34</ele>
			</trkpt>
			<trkpt lat="51.64904" lon="10.26065">
				<ele>160.34</ele>
			</trkpt>
			<trkpt lat="51.64899" lon="10.26087">
				<ele>160.34</ele>
			</trkpt>
			<trkpt lat="51.64888" lon="10.26107">
				<ele>160.34</ele>
			</trkpt>
			<trkpt lat="51.64876" lon="10.26123">
				<ele>160.34</ele>
			</trkpt>
			<trkpt lat="51.64876" lon="10.2614">
				<ele>160.34</ele>
			</trkpt>
			<trkpt lat="51.64892" lon="10.26171">
				<ele>160.34</ele>
			</trkpt>
			<trkpt lat="51.64893" lon="10.2619">
				<ele>160.34</ele>
			</trkpt>
			<trkpt lat="51.64886" lon="10.26206">
				<ele>161.88</ele>
			</trkpt>
			<trkpt lat="51.64883" lon="10.26341">
				<ele>161.88</ele>
			</trkpt>
			<trkpt lat="51.64881" lon="10.26423">
				<ele>161.88</ele>
			</trkpt>
			<trkpt lat="51.64882" lon="10.26454">
				<ele>161.88</ele>
			</trkpt>
			<trkpt lat="51.64879" lon="10.26539">
				<ele>161.88</ele>
			</trkpt>
			<trkpt lat="51.64887" lon="10.26637">
				<ele>161.88</ele>
			</trkpt>
			<trkpt lat="51.64897" lon="10.26727">
				<ele>161.88</ele>
			</trkpt>
			<trkpt lat="51.64899" lon="10.26753">
				<ele>161.88</ele>
			</trkpt>
			<trkpt lat="51.64908" lon="10.26844">
				<ele>161.88</ele>
			</trkpt>
			<trkpt lat="51.64912" lon="10.26922">
				<ele>164.15</ele>
			</trkpt>
			<trkpt lat="51.64914" lon="10.27018">
				<ele>164.15</ele>
			</trkpt>
			<trkpt lat="51.64921" lon="10.27132">
				<ele>164.15</ele>
			</trkpt>
			<trkpt lat="51.64926" lon="10.27185">
				<ele>164.15</ele>
			</trkpt>
			<trkpt lat="51.64933" lon="10.27227">
				<ele>164.15</ele>
			</trkpt>
			<trkpt lat="51.64934" lon="10.27248">
				<ele>164.15</ele>
			</trkpt>
			<trkpt lat="51.64937" lon="10.27264">
				<ele>164.15</ele>
			</trkpt>
			<trkpt lat="51.64938" lon="10.27295">
				<ele>164.15</ele>
			</trkpt>
			<trkpt lat="51.64949" lon="10.2738">
				<ele>164.15</ele>
			</trkpt>
			<trkpt lat="51.64951" lon="10.27417">
				<ele>164.75</ele>
			</trkpt>
			<trkpt lat="51.64955" lon="10.27563">
				<ele>164.75</ele>
			</trkpt>
			<trkpt lat="51.64959" lon="10.27627">
				<ele>164.75</ele>
			</trkpt>
			<trkpt lat="51.64957" lon="10.27663">
				<ele>164.75</ele>
			</trkpt>
			<trkpt lat="51.6496" lon="10.27684">
				<ele>164.75</ele>
			</trkpt>
			<trkpt lat="51.64962" lon="10.27732">
				<ele>164.75</ele>
			</trkpt>
			<trkpt lat="51.64963" lon="10.27844">
				<ele>164.75</ele>
			</trkpt>
			<trkpt lat="51.64963" lon="10.27873">
				<ele>164.75</ele>
			</trkpt>
			<trkpt lat="51.6496" lon="10.27891">
				<ele>164.75</ele>
			</trkpt>
			<trkpt lat="51.64956" lon="10.2795">
				<ele>164.75</ele>
			</trkpt>
			<trkpt lat="51.64955" lon="10.27994">
				<ele>165.91</ele>
			</trkpt>
			<trkpt lat="51.64952" lon="10.28027">
				<ele>165.91</ele>
			</trkpt>
			<trkpt lat="51.64953" lon="10.28051">
				<ele>165.91</ele>
			</trkpt>
			<trkpt lat="51.64949" lon="10.28117">
				<ele>165.91</ele>
			</trkpt>
			<trkpt lat="51.64947" lon="10.28137">
				<ele>165.91</ele>
			</trkpt>
			<trkpt lat="51.64944" lon="10.28167">
				<ele>165.91</ele>
			</trkpt>
			<trkpt lat="51.64943" lon="10.28196">
				<ele>165.91</ele>
			</trkpt>
			<trkpt lat="51.6494" lon="10.28215">
				<ele>165.91</ele>
			</trkpt>
			<trkpt lat="51.64937" lon="10.28258">
				<ele>165.91</ele>
			</trkpt>
			<trkpt lat="51.64933" lon="10.28278">
				<ele>166.24</ele>
			</trkpt>
			<trkpt lat="51.64933" lon="10.28301">
				<ele>166.24</ele>
			</trkpt>
			<trkpt lat="51.64926" lon="10.28366">
				<ele>166.24</ele>
			</trkpt>
			<trkpt lat="51.64921" lon="10.28426">
				<ele>166.24</ele>
			</trkpt>
			<trkpt lat="51.64918" lon="10.28448">
				<ele>166.24</ele>
			</trkpt>
			<trkpt lat="51.64914" lon="10.28478">
				<ele>166.24</ele>
			</trkpt>
			<trkpt lat="51.64905" lon="10.28573">
				<ele>166.24</ele>
			</trkpt>
			<trkpt lat="51.64901" lon="10.28604">
				<ele>166.24</ele>
			</trkpt>
			<trkpt lat="51.64893" lon="10.28685">
				<ele>166.24</ele>
			</trkpt>
			<trkpt lat="51.64879" lon="10.28808">
				<ele>166.5</ele>
			</trkpt>
			<trkpt lat="51.64874" lon="10.28925">
				<ele>166.5</ele>
			</trkpt>
			<trkpt lat="51.64868" lon="10.28984">
				<ele>166.5</ele>
			</trkpt>
			<trkpt lat="51.64861" lon="10.291">
				<ele>166.5</ele>
			</trkpt>
			<trkpt lat="51.64853" lon="10.29151">
				<ele>166.5</ele>
			</trkpt>
			<trkpt lat="51.64849" lon="10.29171">
				<ele>166.5</ele>
			</trkpt>
			<trkpt lat="51.64846" lon="10.29192">
				<ele>166.5</ele>
			</trkpt>
			<trkpt lat="51.64841" lon="10.29213">
				<ele>166.5</ele>
			</trkpt>
			<trkpt lat="51.64838" lon="10.29236">
				<ele>166.5</ele>
			</trkpt>
			<trkpt lat="51.64821" lon="10.2933">
				<ele>166.5</ele>
			</trkpt>
			<trkpt lat="51.64801" lon="10.29456">
				<ele>169.07</ele>
			</trkpt>
			<trkpt lat="51.64782" lon="10.29558">
				<ele>169.07</ele>
			</trkpt>
			<trkpt lat="51.64761" lon="10.29682">
				<ele>169.07</ele>
			</trkpt>
			<trkpt lat="51.64744" lon="10.29783">
				<ele>169.07</ele>
			</trkpt>
			<trkpt lat="51.64726" lon="10.30296">
				<ele>169.07</ele>
			</trkpt>
			<trkpt lat="51.64728" lon="10.30334">
				<ele>169.07</ele>
			</trkpt>
			<trkpt lat="51.64731" lon="10.30348">
				<ele>169.07</ele>
			</trkpt>
			<trkpt lat="51.64757" lon="10.30427">
				<ele>169.07</ele>
			</trkpt>
			<trkpt lat="51.64769" lon="10.30469">
				<ele>169.07</ele>
			</trkpt>
			<trkpt lat="51.64796" lon="10.30547">
				<ele>169.3</ele>
			</trkpt>
			<trkpt lat="51.6482" lon="10.3063">
				<ele>169.3</ele>
			</trkpt>
			<trkpt lat="51.64838" lon="10.30682">
				<ele>169.3</ele>
			</trkpt>
			<trkpt lat="51.64843" lon="10.30701">
				<ele>169.3</ele>
			</trkpt>
			<trkpt lat="51.64889" lon="10.30853">
				<ele>169.3</ele>
			</trkpt>
			<trkpt lat="51.64894" lon="10.30872">
				<ele>169.3</ele>
			</trkpt>
			<trkpt lat="51.64904" lon="10.30931">
				<ele>169.3</ele>
			</trkpt>
			<trkpt lat="51.64914" lon="10.31011">
				<ele>169.3</ele>
			</trkpt>
			<trkpt lat="51.6492" lon="10.31036">
				<ele>169.3</ele>
			</trkpt>
			<trkpt lat="51.64924" lon="10.31073">
				<ele>171.24</ele>
			</trkpt>
			<trkpt lat="51.64928" lon="10.31088">
				<ele>171.24</ele>
			</trkpt>
			<trkpt lat="51.64953" lon="10.3125">
				<ele>171.24</ele>
			</trkpt>
			<trkpt lat="51.64984" lon="10.31453">
				<ele>171.24</ele>
			</trkpt>
			<trkpt lat="51.65001" lon="10.31582">
				<ele>171.24</ele>
			</trkpt>
			<trkpt lat="51.65011" lon="10.31633">
				<ele>171.24</ele>
			</trkpt>
			<trkpt lat="51.6502" lon="10.31708">
				<ele>171.24</ele>
			</trkpt>
			<trkpt lat="51.65027" lon="10.3175">
				<ele>171.24</ele>
			</trkpt>
			<trkpt lat="51.65039" lon="10.31859">
				<ele>171.24</ele>
			</trkpt>
			<trkpt lat="51.65049" lon="10.31911">
				<ele>171.24</ele>
			</trkpt>
			<trkpt lat="51.6508" lon="10.32011">
				<ele>174.2</ele>
			</trkpt>
			<trkpt lat="51.65093" lon="10.3206">
				<ele>174.2</ele>
			</trkpt>
			<trkpt lat="51.65116" lon="10.32132">
				<ele>174.2</ele>
			</trkpt>
			<trkpt lat="51.65143" lon="10.32209">
				<ele>174.2</ele>
			</trkpt>
			<trkpt lat="51.6515" lon="10.32222">
				<ele>174.2</ele>
			</trkpt>
			<trkpt lat="51.65171" lon="10.32277">
				<ele>174.2</ele>
			</trkpt>
			<trkpt lat="51.65184" lon="10.32304">
				<ele>174.2</ele>
			</trkpt>
			<trkpt lat="51.65203" lon="10.32352">
				<ele>174.2</ele>
			</trkpt>
			<trkpt lat="51.65221" lon="10.32408">
				<ele>174.2</ele>
			</trkpt>
			<trkpt lat="51.6522" lon="10.32426">
				<ele>174.42</ele>
			</trkpt>
			<trkpt lat="51.65205" lon="10.32452">
				<ele>174.42</ele>
			</trkpt>
			<trkpt lat="51.65197" lon="10.32479">
				<ele>174.42</ele>
			</trkpt>
			<trkpt lat="51.65193" lon="10.32515">
				<ele>174.42</ele>
			</trkpt>
			<trkpt lat="51.65183" lon="10.32616">
				<ele>174.42</ele>
			</trkpt>
			<trkpt lat="51.65183" lon="10.3266">
				<ele>174.42</ele>
			</trkpt>
			<trkpt lat="51.65188" lon="10.32786">
				<ele>174.42</ele>
			</trkpt>
			<trkpt lat="51.65186" lon="10.32913">
				<ele>174.42</ele>
			</trkpt>
			<trkpt lat="51.65181" lon="10.32972">
				<ele>174.42</ele>
			</trkpt>
			<trkpt lat="51.65183" lon="10.32994">
				<ele>177.24</ele>
			</trkpt>
			<trkpt lat="51.6519" lon="10.33012">
				<ele>177.24</ele>
			</trkpt>
			<trkpt lat="51.65202" lon="10.33025">
				<ele>177.24</ele>
			</trkpt>
			<trkpt lat="51.65215" lon="10.33036">
				<ele>177.24</ele>
			</trkpt>
			<trkpt lat="51.65251" lon="10.33059">
				<ele>177.24</ele>
			</trkpt>
			<trkpt lat="51.6531" lon="10.33087">
				<ele>177.24</ele>
			</trkpt>
			<trkpt lat="51.65386" lon="10.33111">
				<ele>177.24</ele>
			</trkpt>
			<trkpt lat="51.65402" lon="10.33125">
				<ele>177.24</ele>
			</trkpt>
			<trkpt lat="51.65416" lon="10.33141">
				<ele>177.24</ele>
			</trkpt>
			<trkpt lat="51.65449" lon="10.33193">
				<ele>177.24</ele>
			</trkpt>
			<trkpt lat="51.65461" lon="10.33216">
				<ele>180.57</ele>
			</trkpt>
			<trkpt lat="51.65471" lon="10.33241">
				<ele>180.57</ele>
			</trkpt>
			<trkpt lat="51.65475" lon="10.33261">
				<ele>180.57</ele>
			</trkpt>
			<trkpt lat="51.65472" lon="10.33303">
				<ele>180.57</ele>
			</trkpt>
			<trkpt lat="51.65496" lon="10.3335">
				<ele>180.57</ele>
			</trkpt>
			<trkpt lat="51.65502" lon="10.33362">
				<ele>180.57</ele>
			</trkpt>
			<trkpt lat="51.65504" lon="10.33391">
				<ele>180.57</ele>
			</trkpt>
			<trkpt lat="51.65518" lon="10.33467">
				<ele>180.57</ele>
			</trkpt>
			<trkpt lat="51.65528" lon="10.33512">
				<ele>180.57</ele>
			</trkpt>
			<trkpt lat="51.65535" lon="10.33531">
				<ele>181.65</ele>
			</trkpt>
			<trkpt lat="51.65538" lon="10.3355">
				<ele>181.65</ele>
			</trkpt>
			<trkpt lat="51.65543" lon="10.33568">
				<ele>181.65</ele>
			</trkpt>
			<trkpt lat="51.65546" lon="10.33595">
				<ele>181.65</ele>
			</trkpt>
			<trkpt lat="51.65553" lon="10.33631">
				<ele>181.65</ele>
			</trkpt>
			<trkpt lat="51.65556" lon="10.33703">
				<ele>181.65</ele>
			</trkpt>
			<trkpt lat="51.65564" lon="10.33728">
				<ele>181.65</ele>
			</trkpt>
			<trkpt lat="51.65567" lon="10.33769">
				<ele>181.65</ele>
			</trkpt>
			<trkpt lat="51.65574" lon="10.33798">
				<ele>181.65</ele>
			</trkpt>
			<trkpt lat="51.65577" lon="10.33818">
				<ele>184.18</ele>
			</trkpt>
			<trkpt lat="51.65578" lon="10.33841">
				<ele>184.18</ele>
			</trkpt>
			<trkpt lat="51.65585" lon="10.33895">
				<ele>184.18</ele>
			</trkpt>
			<trkpt lat="51.65589" lon="10.33914">
				<ele>184.18</ele>
			</trkpt>
			<trkpt lat="51.65594" lon="10.33928">
				<ele>184.18</ele>
			</trkpt>
			<trkpt lat="51.65601" lon="10.33967">
				<ele>184.18</ele>
			</trkpt>
			<trkpt lat="51.65606" lon="10.33984">
				<ele>184.18</ele>
			</trkpt>
			<trkpt lat="51.65608" lon="10.34011">
				<ele>184.18</ele>
			</trkpt>
			<trkpt lat="51.65614" lon="10.34041">
				<ele>184.18</ele>
			</trkpt>
			<trkpt lat="51.65627" lon="10.34126">
				<ele>184.18</ele>
			</trkpt>
			<trkpt lat="51.65633" lon="10.34147">
				<ele>193.37</ele>
			</trkpt>
			<trkpt lat="51.65634" lon="10.34166">
				<ele>193.37</ele>
			</trkpt>
			<trkpt lat="51.65641" lon="10.34188">
				<ele>193.37</ele>
			</trkpt>
			<trkpt lat="51.65651" lon="10.34235">
				<ele>193.37</ele>
			</trkpt>
			<trkpt lat="51.65656" lon="10.34251">
				<ele>193.37</ele>
			</trkpt>
			<trkpt lat="51.65665" lon="10.34238">
				<ele>193.37</ele>
			</trkpt>
			<trkpt lat="51.65659" lon="10.34255">
				<ele>193.37</ele>
			</trkpt>
			<trkpt lat="51.65652" lon="10.34266">
				<ele>193.37</ele>
			</trkpt>
			<trkpt lat="51.65651" lon="10.34284">
				<ele>193.37</ele>
			</trkpt>
			<trkpt lat="51.65645" lon="10.34321">
				<ele>195.73</ele>
			</trkpt>
			<trkpt lat="51.65646" lon="10.34341">
				<ele>195.73</ele>
			</trkpt>
			<trkpt lat="51.65657" lon="10.34364">
				<ele>195.73</ele>
			</trkpt>
			<trkpt lat="51.65663" lon="10.3439">
				<ele>195.73</ele>
			</trkpt>
			<trkpt lat="51.65668" lon="10.34405">
				<ele>195.73</ele>
			</trkpt>
			<trkpt lat="51.6567" lon="10.3442">
				<ele>195.73</ele>
			</trkpt>
			<trkpt lat="51.65681" lon="10.34439">
				<ele>195.73</ele>
			</trkpt>
			<trkpt lat="51.65691" lon="10.34465">
				<ele>195.73</ele>
			</trkpt>
			<trkpt lat="51.65707" lon="10.345">
				<ele>195.73</ele>
			</trkpt>
			<trkpt lat="51.65714" lon="10.34522">
				<ele>201.92</ele>
			</trkpt>
			<trkpt lat="51.65739" lon="10.34574">
				<ele>201.92</ele>
			</trkpt>
			<trkpt lat="51.6575" lon="10.34601">
				<ele>201.92</ele>
			</trkpt>
			<trkpt lat="51.6581" lon="10.34734">
				<ele>201.92</ele>
			</trkpt>
			<trkpt lat="51.6587" lon="10.34861">
				<ele>201.92</ele>
			</trkpt>
			<trkpt lat="51.65882" lon="10.34887">
				<ele>201.92</ele>
			</trkpt>
			<trkpt lat="51.65898" lon="10.34921">
				<ele>201.92</ele>
			</trkpt>
			<trkpt lat="51.65903" lon="10.34934">
				<ele>201.92</ele>
			</trkpt>
			<trkpt lat="51.65914" lon="10.34954">
				<ele>201.92</ele>
			</trkpt>
			<trkpt lat="51.65917" lon="10.34972">
				<ele>201.92</ele>
			</trkpt>
			<trkpt lat="51.65926" lon="10.34986">
				<ele>206.08</ele>
			</trkpt>
			<trkpt lat="51.65938" lon="10.35018">
				<ele>206.08</ele>
			</trkpt>
			<trkpt lat="51.65962" lon="10.35071">
				<ele>206.08</ele>
			</trkpt>
			<trkpt lat="51.6597" lon="10.35094">
				<ele>206.08</ele>
			</trkpt>
			<trkpt lat="51.65985" lon="10.35122">
				<ele>206.08</ele>
			</trkpt>
			<trkpt lat="51.66005" lon="10.35166">
				<ele>206.08</ele>
			</trkpt>
			<trkpt lat="51.66029" lon="10.35207">
				<ele>206.08</ele>
			</trkpt>
			<trkpt lat="51.66038" lon="10.35225">
				<ele>206.08</ele>
			</trkpt>
			<trkpt lat="51.66099" lon="10.35279">
				<ele>206.08</ele>
			</trkpt>
			<trkpt lat="51.66113" lon="10.35306">
				<ele>225.53</ele>
			</trkpt>
			<trkpt lat="51.66127" lon="10.35324">
				<ele>225.53</ele>
			</trkpt>
			<trkpt lat="51.66139" lon="10.35348">
				<ele>225.53</ele>
			</trkpt>
			<trkpt lat="51.66149" lon="10.35367">
				<ele>225.53</ele>
			</trkpt>
			<trkpt lat="51.66167" lon="10.35411">
				<ele>225.53</ele>
			</trkpt>
			<trkpt lat="51.6619" lon="10.35454">
				<ele>225.53</ele>
			</trkpt>
			<trkpt lat="51.6622" lon="10.35516">
				<ele>225.53</ele>
			</trkpt>
			<trkpt lat="51.6624" lon="10.35565">
				<ele>225.53</ele>
			</trkpt>
			<trkpt lat="51.6626" lon="10.35607">
				<ele>225.53</ele>
			</trkpt>
			<trkpt lat="51.66279" lon="10.35657">
				<ele>225.53</ele>
			</trkpt>
			<trkpt lat="51.663" lon="10.35726">
				<ele>237.89</ele>
			</trkpt>
			<trkpt lat="51.66324" lon="10.35793">
				<ele>237.89</ele>
			</trkpt>
			<trkpt lat="51.66331" lon="10.35819">
				<ele>237.89</ele>
			</trkpt>
			<trkpt lat="51.66353" lon="10.35882">
				<ele>237.89</ele>
			</trkpt>
			<trkpt lat="51.66362" lon="10.35917">
				<ele>237.89</ele>
			</trkpt>
			<trkpt lat="51.6638" lon="10.35959">
				<ele>237.89</ele>
			</trkpt>
			<trkpt lat="51.6639" lon="10.3598">
				<ele>237.89</ele>
			</trkpt>
			<trkpt lat="51.66405" lon="10.35993">
				<ele>237.89</ele>
			</trkpt>
			<trkpt lat="51.66421" lon="10.35991">
				<ele>237.89</ele>
			</trkpt>
			<trkpt lat="51.66429" lon="10.35985">
				<ele>250.18</ele>
			</trkpt>
			<trkpt lat="51.66449" lon="10.35964">
				<ele>250.18</ele>
			</trkpt>
			<trkpt lat="51.66496" lon="10.35908">
				<ele>250.18</ele>
			</trkpt>
			<trkpt lat="51.66515" lon="10.3591">
				<ele>250.18</ele>
			</trkpt>
			<trkpt lat="51.66527" lon="10.35941">
				<ele>250.18</ele>
			</trkpt>
			<trkpt lat="51.66557" lon="10.36054">
				<ele>250.18</ele>
			</trkpt>
			<trkpt lat="51.66614" lon="10.3625">
				<ele>250.18</ele>
			</trkpt>
			<trkpt lat="51.66626" lon="10.3628">
				<ele>250.18</ele>
			</trkpt>
			<trkpt lat="51.66638" lon="10.36298">
				<ele>250.18</ele>
			</trkpt>
			<trkpt lat="51.66646" lon="10.36307">
				<ele>258.02</ele>
			</trkpt>
			<trkpt lat="51.66786" lon="10.36456">
				<ele>258.02</ele>
			</trkpt>
			<trkpt lat="51.66871" lon="10.36527">
				<ele>258.02</ele>
			</trkpt>
			<trkpt lat="51.66934" lon="10.36574">
				<ele>258.02</ele>
			</trkpt>
			<trkpt lat="51.66982" lon="10.36605">
				<ele>258.02</ele>
			</trkpt>
			<trkpt lat="51.67053" lon="10.36645">
				<ele>258.02</ele>
			</trkpt>
			<trkpt lat="51.67077" lon="10.36662">
				<ele>258.02</ele>
			</trkpt>
			<trkpt lat="51.67108" lon="10.36693">
				<ele>258.02</ele>
			</trkpt>
			<trkpt lat="51.67122" lon="10.3671">
				<ele>258.02</ele>
			</trkpt>
			<trkpt lat="51.67134" lon="10.36717">
				<ele>258.02</ele>
			</trkpt>
			<trkpt lat="51.67152" lon="10.36736">
				<ele>269.7</ele>
			</trkpt>
			<trkpt lat="51.67181" lon="10.36762">
				<ele>269.7</ele>
			</trkpt>
			<trkpt lat="51.67286" lon="10.36868">
				<ele>269.7</ele>
			</trkpt>
			<trkpt lat="51.6733" lon="10.36907">
				<ele>269.7</ele>
			</trkpt>
			<trkpt lat="51.67374" lon="10.36931">
				<ele>269.7</ele>
			</trkpt>
			<trkpt lat="51.67391" lon="10.36938">
				<ele>269.7</ele>
			</trkpt>
			<trkpt lat="51.67413" lon="10.36953">
				<ele>269.7</ele>
			</trkpt>
			<trkpt lat="51.67497" lon="10.36992">
				<ele>269.7</ele>
			</trkpt>
			<trkpt lat="51.67544" lon="10.3702">
				<ele>269.7</ele>
			</trkpt>
			<trkpt lat="51.67586" lon="10.37052">
				<ele>277.42</ele>
			</trkpt>
			<trkpt lat="51.67639" lon="10.37107">
				<ele>277.42</ele>
			</trkpt>
			<trkpt lat="51.67682" lon="10.37161">
				<ele>277.42</ele>
			</trkpt>
			<trkpt lat="51.67714" lon="10.37216">
				<ele>277.42</ele>
			</trkpt>
			<trkpt lat="51.67741" lon="10.37268">
				<ele>277.42</ele>
			</trkpt>
			<trkpt lat="51.6782" lon="10.37454">
				<ele>277.42</ele>
			</trkpt>
			<trkpt lat="51.67832" lon="10.37488">
				<ele>277.42</ele>
			</trkpt>
			<trkpt lat="51.67844" lon="10.37528">
				<ele>277.42</ele>
			</trkpt>
			<trkpt lat="51.67856" lon="10.37574">
				<ele>277.42</ele>
			</trkpt>
			<trkpt lat="51.67866" lon="10.37607">
				<ele>285.15</ele>
			</trkpt>
			<trkpt lat="51.67887" lon="10.37692">
				<ele>285.15</ele>
			</trkpt>
			<trkpt lat="51.67921" lon="10.3782">
				<ele>285.15</ele>
			</trkpt>
			<trkpt lat="51.67942" lon="10.37916">
				<ele>285.15</ele>
			</trkpt>
			<trkpt lat="51.67949" lon="10.37961">
				<ele>285.15</ele>
			</trkpt>
			<trkpt lat="51.67965" lon="10.38087">
				<ele>285.15</ele>
			</trkpt>
			<trkpt lat="51.67968" lon="10.38129">
				<ele>285.15</ele>
			</trkpt>
			<trkpt lat="51.67967" lon="10.38178">
				<ele>285.15</ele>
			</trkpt>
			<trkpt lat="51.67962" lon="10.38306">
				<ele>285.15</ele>
			</trkpt>
			<trkpt lat="51.67959" lon="10.38447">
				<ele>285.15</ele>
			</trkpt>
			<trkpt lat="51.67955" lon="10.38539">
				<ele>268.3</ele>
			</trkpt>
			<trkpt lat="51.67954" lon="10.38583">
				<ele>268.3</ele>
			</trkpt>
			<trkpt lat="51.67952" lon="10.38603">
				<ele>268.3</ele>
			</trkpt>
			<trkpt lat="51.67952" lon="10.38638">
				<ele>268.3</ele>
			</trkpt>
			<trkpt lat="51.67949" lon="10.38666">
				<ele>268.3</ele>
			</trkpt>
			<trkpt lat="51.67946" lon="10.3877">
				<ele>268.3</ele>
			</trkpt>
			<trkpt lat="51.67935" lon="10.38952">
				<ele>268.3</ele>
			</trkpt>
			<trkpt lat="51.67934" lon="10.38973">
				<ele>268.3</ele>
			</trkpt>
			<trkpt lat="51.67936" lon="10.38991">
				<ele>268.3</ele>
			</trkpt>
			<trkpt lat="51.67951" lon="10.39068">
				<ele>260.82</ele>
			</trkpt>
			<trkpt lat="51.67962" lon="10.39111">
				<ele>260.82</ele>
			</trkpt>
			<trkpt lat="51.67972" lon="10.3917">
				<ele>260.82</ele>
			</trkpt>
			<trkpt lat="51.6799" lon="10.39245">
				<ele>260.82</ele>
			</trkpt>
			<trkpt lat="51.67994" lon="10.39276">
				<ele>260.82</ele>
			</trkpt>
			<trkpt lat="51.67999" lon="10.39296">
				<ele>260.82</ele>
			</trkpt>
			<trkpt lat="51.68012" lon="10.39364">
				<ele>260.82</ele>
			</trkpt>
			<trkpt lat="51.68022" lon="10.3941">
				<ele>260.82</ele>
			</trkpt>
			<trkpt lat="51.68039" lon="10.39473">
				<ele>260.82</ele>
			</trkpt>
			<trkpt lat="51.6805" lon="10.39503">
				<ele>263.3</ele>
			</trkpt>
			<trkpt lat="51.68065" lon="10.39537">
				<ele>263.3</ele>
			</trkpt>
			<trkpt lat="51.68086" lon="10.39595">
				<ele>263.3</ele>
			</trkpt>
			<trkpt lat="51.68094" lon="10.39618">
				<ele>263.3</ele>
			</trkpt>
			<trkpt lat="51.68117" lon="10.39674">
				<ele>263.3</ele>
			</trkpt>
			<trkpt lat="51.68141" lon="10.39738">
				<ele>263.3</ele>
			</trkpt>
			<trkpt lat="51.68155" lon="10.39767">
				<ele>263.3</ele>
			</trkpt>
			<trkpt lat="51.68165" lon="10.39782">
				<ele>263.3</ele>
			</trkpt>
			<trkpt lat="51.68176" lon="10.39794">
				<ele>263.3</ele>
			</trkpt>
			<trkpt lat="51.68187" lon="10.39802">
				<ele>263.3</ele>
			</trkpt>
			<trkpt lat="51.68227" lon="10.39814">
				<ele>269.31</ele>
			</trkpt>
			<trkpt lat="51.68291" lon="10.39835">
				<ele>269.31</ele>
			</trkpt>
			<trkpt lat="51.68302" lon="10.39841">
				<ele>269.31</ele>
			</trkpt>
			<trkpt lat="51.68361" lon="10.39851">
				<ele>269.31</ele>
			</trkpt>
			<trkpt lat="51.68384" lon="10.3985">
				<ele>269.31</ele>
			</trkpt>
			<trkpt lat="51.68497" lon="10.39865">
				<ele>269.31</ele>
			</trkpt>
			<trkpt lat="51.68516" lon="10.39872">
				<ele>269.31</ele>
			</trkpt>
			<trkpt lat="51.68532" lon="10.39887">
				<ele>269.31</ele>
			</trkpt>
			<trkpt lat="51.68552" lon="10.39916">
				<ele>269.31</ele>
			</trkpt>
			<trkpt lat="51.68591" lon="10.40005">
				<ele>271.79</ele>
			</trkpt>
			<trkpt lat="51.68605" lon="10.4003">
				<ele>271.79</ele>
			</trkpt>
			<trkpt lat="51.68618" lon="10.40062">
				<ele>271.79</ele>
			</trkpt>
			<trkpt lat="51.68636" lon="10.40097">
				<ele>271.79</ele>
			</trkpt>
			<trkpt lat="51.68653" lon="10.40141">
				<ele>271.79</ele>
			</trkpt>
			<trkpt lat="51.68681" lon="10.40195">
				<ele>271.79</ele>
			</trkpt>
			<trkpt lat="51.68745" lon="10.40337">
				<ele>271.79</ele>
			</trkpt>
			<trkpt lat="51.68767" lon="10.40383">
				<ele>271.79</ele>
			</trkpt>
			<trkpt lat="51.68805" lon="10.40482">
				<ele>271.79</ele>
			</trkpt>
			<trkpt lat="51.6882" lon="10.40513">
				<ele>278.39</ele>
			</trkpt>
			<trkpt lat="51.68843" lon="10.40552">
				<ele>278.39</ele>
			</trkpt>
			<trkpt lat="51.68854" lon="10.40574">
				<ele>278.39</ele>
			</trkpt>
			<trkpt lat="51.68892" lon="10.40669">
				<ele>278.39</ele>
			</trkpt>
			<trkpt lat="51.68909" lon="10.40715">
				<ele>278.39</ele>
			</trkpt>
			<trkpt lat="51.68919" lon="10.40737">
				<ele>278.39</ele>
			</trkpt>
			<trkpt lat="51.68965" lon="10.40855">
				<ele>278.39</ele>
			</trkpt>
			<trkpt lat="51.68981" lon="10.40893">
				<ele>278.39</ele>
			</trkpt>
			<trkpt lat="51.68997" lon="10.40938">
				<ele>278.39</ele>
			</trkpt>
			<trkpt lat="51.69015" lon="10.40981">
				<ele>278.39</ele>
			</trkpt>
			<trkpt lat="51.69029" lon="10.41026">
				<ele>273.39</ele>
			</trkpt>
			<trkpt lat="51.69045" lon="10.41058">
				<ele>273.39</ele>
			</trkpt>
			<trkpt lat="51.69115" lon="10.41152">
				<ele>273.39</ele>
			</trkpt>
			<trkpt lat="51.69194" lon="10.4124">
				<ele>273.39</ele>
			</trkpt>
			<trkpt lat="51.69219" lon="10.41273">
				<ele>273.39</ele>
			</trkpt>
			<trkpt lat="51.69254" lon="10.41328">
				<ele>273.39</ele>
			</trkpt>
			<trkpt lat="51.69297" lon="10.41381">
				<ele>273.39</ele>
			</trkpt>
			<trkpt lat="51.69315" lon="10.41404">
				<ele>273.39</ele>
			</trkpt>
			<trkpt lat="51.69335" lon="10.41423">
				<ele>273.39</ele>
			</trkpt>
			<trkpt lat="51.69355" lon="10.41436">
				<ele>255</ele>
			</trkpt>
			<trkpt lat="51.69368" lon="10.41441">
				<ele>255</ele>
			</trkpt>
			<trkpt lat="51.69392" lon="10.41443">
				<ele>255</ele>
			</trkpt>
			<trkpt lat="51.69407" lon="10.41447">
				<ele>255</ele>
			</trkpt>
			<trkpt lat="51.69421" lon="10.4146">
				<ele>255</ele>
			</trkpt>
			<trkpt lat="51.69433" lon="10.41481">
				<ele>255</ele>
			</trkpt>
			<trkpt lat="51.69474" lon="10.41574">
				<ele>255</ele>
			</trkpt>
			<trkpt lat="51.69485" lon="10.41606">
				<ele>255</ele>
			</trkpt>
			<trkpt lat="51.69493" lon="10.41636">
				<ele>255</ele>
			</trkpt>
			<trkpt lat="51.69496" lon="10.41675">
				<ele>237.25</ele>
			</trkpt>
			<trkpt lat="51.69502" lon="10.41702">
				<ele>237.25</ele>
			</trkpt>
			<trkpt lat="51.6952" lon="10.41766">
				<ele>237.25</ele>
			</trkpt>
			<trkpt lat="51.69527" lon="10.41784">
				<ele>237.25</ele>
			</trkpt>
			<trkpt lat="51.69536" lon="10.41801">
				<ele>237.25</ele>
			</trkpt>
			<trkpt lat="51.69582" lon="10.4187">
				<ele>237.25</ele>
			</trkpt>
			<trkpt lat="51.6959" lon="10.41887">
				<ele>237.25</ele>
			</trkpt>
			<trkpt lat="51.69606" lon="10.41921">
				<ele>237.25</ele>
			</trkpt>
			<trkpt lat="51.6963" lon="10.41979">
				<ele>237.25</ele>
			</trkpt>
			<trkpt lat="51.69656" lon="10.42032">
				<ele>237.25</ele>
			</trkpt>
			<trkpt lat="51.69671" lon="10.42072">
				<ele>238.81</ele>
			</trkpt>
			<trkpt lat="51.69701" lon="10.42137">
				<ele>238.81</ele>
			</trkpt>
			<trkpt lat="51.6972" lon="10.4217">
				<ele>238.81</ele>
			</trkpt>
			<trkpt lat="51.69745" lon="10.42224">
				<ele>238.81</ele>
			</trkpt>
			<trkpt lat="51.69755" lon="10.42253">
				<ele>238.81</ele>
			</trkpt>
			<trkpt lat="51.69764" lon="10.42296">
				<ele>238.81</ele>
			</trkpt>
			<trkpt lat="51.69767" lon="10.42316">
				<ele>238.81</ele>
			</trkpt>
			<trkpt lat="51.6977" lon="10.42385">
				<ele>238.81</ele>
			</trkpt>
			<trkpt lat="51.69772" lon="10.42403">
				<ele>238.81</ele>
			</trkpt>
			<trkpt lat="51.69782" lon="10.42445">
				<ele>241.73</ele>
			</trkpt>
			<trkpt lat="51.69793" lon="10.42477">
				<ele>241.73</ele>
			</trkpt>
			<trkpt lat="51.69802" lon="10.42494">
				<ele>241.73</ele>
			</trkpt>
			<trkpt lat="51.69816" lon="10.42517">
				<ele>241.73</ele>
			</trkpt>
			<trkpt lat="51.69829" lon="10.42526">
				<ele>241.73</ele>
			</trkpt>
			<trkpt lat="51.69848" lon="10.42535">
				<ele>241.73</ele>
			</trkpt>
			<trkpt lat="51.6987" lon="10.42562">
				<ele>241.73</ele>
			</trkpt>
			<trkpt lat="51.69882" lon="10.42586">
				<ele>241.73</ele>
			</trkpt>
			<trkpt lat="51.6991" lon="10.42632">
				<ele>241.73</ele>
			</trkpt>
			<trkpt lat="51.69921" lon="10.42661">
				<ele>249.51</ele>
			</trkpt>
			<trkpt lat="51.6994" lon="10.42729">
				<ele>249.51</ele>
			</trkpt>
			<trkpt lat="51.69946" lon="10.42746">
				<ele>249.51</ele>
			</trkpt>
			<trkpt lat="51.69952" lon="10.4276">
				<ele>249.51</ele>
			</trkpt>
			<trkpt lat="51.69989" lon="10.42822">
				<ele>249.51</ele>
			</trkpt>
			<trkpt lat="51.70005" lon="10.42859">
				<ele>249.51</ele>
			</trkpt>
			<trkpt lat="51.70015" lon="10.42894">
				<ele>249.51</ele>
			</trkpt>
			<trkpt lat="51.70028" lon="10.42965">
				<ele>249.51</ele>
			</trkpt>
			<trkpt lat="51.70039" lon="10.43008">
				<ele>249.51</ele>
			</trkpt>
			<trkpt lat="51.70078" lon="10.43066">
				<ele>249.51</ele>
			</trkpt>
			<trkpt lat="51.70089" lon="10.43086">
				<ele>254.61</ele>
			</trkpt>
			<trkpt lat="51.70103" lon="10.43113">
				<ele>254.61</ele>
			</trkpt>
			<trkpt lat="51.70117" lon="10.43148">
				<ele>254.61</ele>
			</trkpt>
			<trkpt lat="51.70126" lon="10.4318">
				<ele>254.61</ele>
			</trkpt>
			<trkpt lat="51.70133" lon="10.43213">
				<ele>254.61</ele>
			</trkpt>
			<trkpt lat="51.70158" lon="10.43304">
				<ele>254.61</ele>
			</trkpt>
			<trkpt lat="51.70171" lon="10.43367">
				<ele>254.61</ele>
			</trkpt>
			<trkpt lat="51.7018" lon="10.43441">
				<ele>254.61</ele>
			</trkpt>
			<trkpt lat="51.70183" lon="10.43493">
				<ele>254.61</ele>
			</trkpt>
			<trkpt lat="51.70189" lon="10.43554">
				<ele>258.34</ele>
			</trkpt>
			<trkpt lat="51.70193" lon="10.43606">
				<ele>258.34</ele>
			</trkpt>
			<trkpt lat="51.70197" lon="10.4365">
				<ele>258.34</ele>
			</trkpt>
			<trkpt lat="51.70204" lon="10.43738">
				<ele>258.34</ele>
			</trkpt>
			<trkpt lat="51.70204" lon="10.43813">
				<ele>258.34</ele>
			</trkpt>
			<trkpt lat="51.70177" lon="10.44177">
				<ele>258.34</ele>
			</trkpt>
			<trkpt lat="51.70173" lon="10.44266">
				<ele>258.34</ele>
			</trkpt>
			<trkpt lat="51.70169" lon="10.44309">
				<ele>258.34</ele>
			</trkpt>
			<trkpt lat="51.70169" lon="10.44344">
				<ele>258.34</ele>
			</trkpt>
			<trkpt lat="51.70171" lon="10.44369">
				<ele>264.43</ele>
			</trkpt>
			<trkpt lat="51.70198" lon="10.44475">
				<ele>264.43</ele>
			</trkpt>
			<trkpt lat="51.70216" lon="10.44585">
				<ele>264.43</ele>
			</trkpt>
			<trkpt lat="51.7025" lon="10.44634">
				<ele>264.43</ele>
			</trkpt>
			<trkpt lat="51.70276" lon="10.4466">
				<ele>264.43</ele>
			</trkpt>
			<trkpt lat="51.70295" lon="10.44668">
				<ele>264.43</ele>
			</trkpt>
			<trkpt lat="51.70316" lon="10.44682">
				<ele>264.43</ele>
			</trkpt>
			<trkpt lat="51.70334" lon="10.44714">
				<ele>264.43</ele>
			</trkpt>
			<trkpt lat="51.70336" lon="10.4473">
				<ele>264.43</ele>
			</trkpt>
			<trkpt lat="51.70335" lon="10.4471">
				<ele>264.43</ele>
			</trkpt>
			<trkpt lat="51.70314" lon="10.4468">
				<ele>268.7</ele>
			</trkpt>
			<trkpt lat="51.70297" lon="10.44669">
				<ele>268.7</ele>
			</trkpt>
			<trkpt lat="51.70274" lon="10.44658">
				<ele>268.7</ele>
			</trkpt>
			<trkpt lat="51.7026" lon="10.44646">
				<ele>268.7</ele>
			</trkpt>
			<trkpt lat="51.70229" lon="10.4461">
				<ele>268.7</ele>
			</trkpt>
			<trkpt lat="51.70219" lon="10.44614">
				<ele>268.7</ele>
			</trkpt>
			<trkpt lat="51.7022" lon="10.44641">
				<ele>268.7</ele>
			</trkpt>
			<trkpt lat="51.70224" lon="10.4467">
				<ele>268.7</ele>
			</trkpt>
			<trkpt lat="51.70225" lon="10.44698">
				<ele>268.7</ele>
			</trkpt>
			<trkpt lat="51.70222" lon="10.4478">
				<ele>272.36</ele>
			</trkpt>
			<trkpt lat="51.7022" lon="10.44806">
				<ele>272.36</ele>
			</trkpt>
			<trkpt lat="51.70218" lon="10.44827">
				<ele>272.36</ele>
			</trkpt>
			<trkpt lat="51.7021" lon="10.44863">
				<ele>272.36</ele>
			</trkpt>
			<trkpt lat="51.702" lon="10.44897">
				<ele>272.36</ele>
			</trkpt>
			<trkpt lat="51.70187" lon="10.44931">
				<ele>272.36</ele>
			</trkpt>
			<trkpt lat="51.70144" lon="10.45021">
				<ele>272.36</ele>
			</trkpt>
			<trkpt lat="51.70121" lon="10.45062">
				<ele>272.36</ele>
			</trkpt>
			<trkpt lat="51.70104" lon="10.45086">
				<ele>272.36</ele>
			</trkpt>
			<trkpt lat="51.70054" lon="10.45141">
				<ele>272.36</ele>
			</trkpt>
			<trkpt lat="51.70034" lon="10.45159">
				<ele>279.93</ele>
			</trkpt>
			<trkpt lat="51.69959" lon="10.45238">
				<ele>279.93</ele>
			</trkpt>
			<trkpt lat="51.69893" lon="10.45335">
				<ele>279.93</ele>
			</trkpt>
			<trkpt lat="51.6985" lon="10.45416">
				<ele>279.93</ele>
			</trkpt>
			<trkpt lat="51.69844" lon="10.45432">
				<ele>279.93</ele>
			</trkpt>
			<trkpt lat="51.69832" lon="10.45477">
				<ele>279.93</ele>
			</trkpt>
			<trkpt lat="51.69819" lon="10.45509">
				<ele>279.93</ele>
			</trkpt>
			<trkpt lat="51.69808" lon="10.45524">
				<ele>279.93</ele>
			</trkpt>
			<trkpt lat="51.69783" lon="10.45572">
				<ele>279.93</ele>
			</trkpt>
			<trkpt lat="51.69761" lon="10.45634">
				<ele>288.4</ele>
			</trkpt>
			<trkpt lat="51.69738" lon="10.45683">
				<ele>288.4</ele>
			</trkpt>
			<trkpt lat="51.69728" lon="10.45699">
				<ele>288.4</ele>
			</trkpt>
			<trkpt lat="51.6971" lon="10.45743">
				<ele>288.4</ele>
			</trkpt>
			<trkpt lat="51.69697" lon="10.45781">
				<ele>288.4</ele>
			</trkpt>
			<trkpt lat="51.6968" lon="10.45818">
				<ele>288.4</ele>
			</trkpt>
			<trkpt lat="51.69663" lon="10.45865">
				<ele>288.4</ele>
			</trkpt>
			<trkpt lat="51.69653" lon="10.45897">
				<ele>288.4</ele>
			</trkpt>
			<trkpt lat="51.69649" lon="10.45928">
				<ele>288.4</ele>
			</trkpt>
			<trkpt lat="51.69643" lon="10.45991">
				<ele>289.3</ele>
			</trkpt>
			<trkpt lat="51.69642" lon="10.46032">
				<ele>289.3</ele>
			</trkpt>
			<trkpt lat="51.69645" lon="10.46096">
				<ele>289.3</ele>
			</trkpt>
			<trkpt lat="51.69648" lon="10.46129">
				<ele>289.3</ele>
			</trkpt>
			<trkpt lat="51.69651" lon="10.46144">
				<ele>289.3</ele>
			</trkpt>
			<trkpt lat="51.69659" lon="10.46165">
				<ele>289.3</ele>
			</trkpt>
			<trkpt lat="51.69698" lon="10.46254">
				<ele>289.3</ele>
			</trkpt>
			<trkpt lat="51.69711" lon="10.46293">
				<ele>289.3</ele>
			</trkpt>
			<trkpt lat="51.69732" lon="10.46369">
				<ele>289.3</ele>
			</trkpt>
			<trkpt lat="51.69743" lon="10.46403">
				<ele>289.3</ele>
			</trkpt>
			<trkpt lat="51.69759" lon="10.46458">
				<ele>297.48</ele>
			</trkpt>
			<trkpt lat="51.69774" lon="10.46528">
				<ele>297.48</ele>
			</trkpt>
			<trkpt lat="51.69784" lon="10.46609">
				<ele>297.48</ele>
			</trkpt>
			<trkpt lat="51.69786" lon="10.46631">
				<ele>297.48</ele>
			</trkpt>
			<trkpt lat="51.69785" lon="10.46667">
				<ele>297.48</ele>
			</trkpt>
			<trkpt lat="51.69783" lon="10.46704">
				<ele>297.48</ele>
			</trkpt>
			<trkpt lat="51.69781" lon="10.46719">
				<ele>297.48</ele>
			</trkpt>
			<trkpt lat="51.69775" lon="10.46745">
				<ele>297.48</ele>
			</trkpt>
			<trkpt lat="51.69766" lon="10.46777">
				<ele>297.48</ele>
			</trkpt>
			<trkpt lat="51.69764" lon="10.46796">
				<ele>290.36</ele>
			</trkpt>
			<trkpt lat="51.69775" lon="10.46833">
				<ele>290.36</ele>
			</trkpt>
			<trkpt lat="51.69781" lon="10.46866">
				<ele>290.36</ele>
			</trkpt>
			<trkpt lat="51.69783" lon="10.46893">
				<ele>290.36</ele>
			</trkpt>
			<trkpt lat="51.69783" lon="10.46974">
				<ele>290.36</ele>
			</trkpt>
			<trkpt lat="51.69791" lon="10.47058">
				<ele>290.36</ele>
			</trkpt>
			<trkpt lat="51.69821" lon="10.47231">
				<ele>290.36</ele>
			</trkpt>
			<trkpt lat="51.69846" lon="10.47324">
				<ele>290.36</ele>
			</trkpt>
			<trkpt lat="51.69859" lon="10.47359">
				<ele>290.36</ele>
			</trkpt>
			<trkpt lat="51.69877" lon="10.47394">
				<ele>293.84</ele>
			</trkpt>
			<trkpt lat="51.69903" lon="10.4744">
				<ele>293.84</ele>
			</trkpt>
			<trkpt lat="51.69917" lon="10.4747">
				<ele>293.84</ele>
			</trkpt>
			<trkpt lat="51.69926" lon="10.47496">
				<ele>293.84</ele>
			</trkpt>
			<trkpt lat="51.69933" lon="10.47525">
				<ele>293.84</ele>
			</trkpt>
			<trkpt lat="51.69939" lon="10.47558">
				<ele>293.84</ele>
			</trkpt>
			<trkpt lat="51.69942" lon="10.47579">
				<ele>293.84</ele>
			</trkpt>
			<trkpt lat="51.69966" lon="10.47673">
				<ele>293.84</ele>
			</trkpt>
			<trkpt lat="51.6998" lon="10.47719">
				<ele>293.84</ele>
			</trkpt>
			<trkpt lat="51.69997" lon="10.47764">
				<ele>293.84</ele>
			</trkpt>
			<trkpt lat="51.70009" lon="10.4779">
				<ele>304.78</ele>
			</trkpt>
			<trkpt lat="51.70023" lon="10.47838">
				<ele>304.78</ele>
			</trkpt>
			<trkpt lat="51.70052" lon="10.47966">
				<ele>304.78</ele>
			</trkpt>
			<trkpt lat="51.70072" lon="10.48035">
				<ele>304.78</ele>
			</trkpt>
			<trkpt lat="51.70083" lon="10.48065">
				<ele>304.78</ele>
			</trkpt>
			<trkpt lat="51.70103" lon="10.48105">
				<ele>304.78</ele>
			</trkpt>
			<trkpt lat="51.7014" lon="10.48158">
				<ele>304.78</ele>
			</trkpt>
			<trkpt lat="51.70163" lon="10.48201">
				<ele>304.78</ele>
			</trkpt>
			<trkpt lat="51.70194" lon="10.48275">
				<ele>304.78</ele>
			</trkpt>
			<trkpt lat="51.70218" lon="10.48317">
				<ele>313.21</ele>
			</trkpt>
			<trkpt lat="51.70238" lon="10.48337">
				<ele>313.21</ele>
			</trkpt>
			<trkpt lat="51.70283" lon="10.48368">
				<ele>313.21</ele>
			</trkpt>
			<trkpt lat="51.70305" lon="10.48405">
				<ele>313.21</ele>
			</trkpt>
			<trkpt lat="51.70315" lon="10.48417">
				<ele>313.21</ele>
			</trkpt>
			<trkpt lat="51.70327" lon="10.48426">
				<ele>313.21</ele>
			</trkpt>
			<trkpt lat="51.70347" lon="10.48433">
				<ele>313.21</ele>
			</trkpt>
			<trkpt lat="51.7036" lon="10.48434">
				<ele>313.21</ele>
			</trkpt>
			<trkpt lat="51.70392" lon="10.48427">
				<ele>313.21</ele>
			</trkpt>
			<trkpt lat="51.70433" lon="10.48404">
				<ele>312.3</ele>
			</trkpt>
			<trkpt lat="51.70506" lon="10.48372">
				<ele>312.3</ele>
			</trkpt>
			<trkpt lat="51.70528" lon="10.48358">
				<ele>312.3</ele>
			</trkpt>
			<trkpt lat="51.70564" lon="10.48328">
				<ele>312.3</ele>
			</trkpt>
			<trkpt lat="51.70633" lon="10.48285">
				<ele>312.3</ele>
			</trkpt>
			<trkpt lat="51.70677" lon="10.48251">
				<ele>312.3</ele>
			</trkpt>
			<trkpt lat="51.70707" lon="10.48199">
				<ele>312.3</ele>
			</trkpt>
			<trkpt lat="51.70722" lon="10.48167">
				<ele>312.3</ele>
			</trkpt>
			<trkpt lat="51.70728" lon="10.48146">
				<ele>312.3</ele>
			</trkpt>
			<trkpt lat="51.7075" lon="10.48108">
				<ele>312.3</ele>
			</trkpt>
			<trkpt lat="51.70772" lon="10.48055">
				<ele>339.36</ele>
			</trkpt>
			<trkpt lat="51.70786" lon="10.48034">
				<ele>339.36</ele>
			</trkpt>
			<trkpt lat="51.70796" lon="10.48011">
				<ele>339.36</ele>
			</trkpt>
			<trkpt lat="51.70804" lon="10.48">
				<ele>339.36</ele>
			</trkpt>
			<trkpt lat="51.70819" lon="10.47991">
				<ele>339.36</ele>
			</trkpt>
			<trkpt lat="51.70844" lon="10.47972">
				<ele>339.36</ele>
			</trkpt>
			<trkpt lat="51.70881" lon="10.47953">
				<ele>339.36</ele>
			</trkpt>
			<trkpt lat="51.70918" lon="10.47928">
				<ele>339.36</ele>
			</trkpt>
			<trkpt lat="51.70935" lon="10.47919">
				<ele>339.36</ele>
			</trkpt>
			<trkpt lat="51.70943" lon="10.47907">
				<ele>314.58</ele>
			</trkpt>
			<trkpt lat="51.70963" lon="10.47885">
				<ele>314.58</ele>
			</trkpt>
			<trkpt lat="51.70975" lon="10.47879">
				<ele>314.58</ele>
			</trkpt>
			<trkpt lat="51.71013" lon="10.47847">
				<ele>314.58</ele>
			</trkpt>
			<trkpt lat="51.71041" lon="10.47838">
				<ele>314.58</ele>
			</trkpt>
			<trkpt lat="51.71076" lon="10.47821">
				<ele>314.58</ele>
			</trkpt>
			<trkpt lat="51.71086" lon="10.47821">
				<ele>314.58</ele>
			</trkpt>
			<trkpt lat="51.71145" lon="10.47841">
				<ele>314.58</ele>
			</trkpt>
			<trkpt lat="51.71163" lon="10.47844">
				<ele>314.58</ele>
			</trkpt>
			<trkpt lat="51.71175" lon="10.47844">
				<ele>314.71</ele>
			</trkpt>
			<trkpt lat="51.71271" lon="10.47891">
				<ele>314.71</ele>
			</trkpt>
			<trkpt lat="51.71296" lon="10.47913">
				<ele>314.71</ele>
			</trkpt>
			<trkpt lat="51.7132" lon="10.47943">
				<ele>314.71</ele>
			</trkpt>
			<trkpt lat="51.71346" lon="10.47995">
				<ele>314.71</ele>
			</trkpt>
			<trkpt lat="51.71353" lon="10.48018">
				<ele>314.71</ele>
			</trkpt>
			<trkpt lat="51.71357" lon="10.48036">
				<ele>314.71</ele>
			</trkpt>
			<trkpt lat="51.71387" lon="10.48644">
				<ele>314.71</ele>
			</trkpt>
			<trkpt lat="51.7143" lon="10.48668">
				<ele>314.71</ele>
			</trkpt>
			<trkpt lat="51.71484" lon="10.48696">
				<ele>314.71</ele>
			</trkpt>
			<trkpt lat="51.71512" lon="10.48706">
				<ele>321.32</ele>
			</trkpt>
			<trkpt lat="51.71531" lon="10.48716">
				<ele>321.32</ele>
			</trkpt>
			<trkpt lat="51.71575" lon="10.4873">
				<ele>321.32</ele>
			</trkpt>
			<trkpt lat="51.71635" lon="10.48743">
				<ele>321.32</ele>
			</trkpt>
			<trkpt lat="51.71674" lon="10.4876">
				<ele>321.32</ele>
			</trkpt>
			<trkpt lat="51.71694" lon="10.48777">
				<ele>321.32</ele>
			</trkpt>
			<trkpt lat="51.71707" lon="10.48785">
				<ele>321.32</ele>
			</trkpt>
			<trkpt lat="51.71721" lon="10.48799">
				<ele>321.32</ele>
			</trkpt>
			<trkpt lat="51.71755" lon="10.48842">
				<ele>321.32</ele>
			</trkpt>
			<trkpt lat="51.71768" lon="10.48863">
				<ele>339.13</ele>
			</trkpt>
			<trkpt lat="51.71777" lon="10.48881">
				<ele>339.13</ele>
			</trkpt>
			<trkpt lat="51.71793" lon="10.48899">
				<ele>339.13</ele>
			</trkpt>
			<trkpt lat="51.71807" lon="10.48922">
				<ele>339.13</ele>
			</trkpt>
			<trkpt lat="51.71825" lon="10.48944">
				<ele>339.13</ele>
			</trkpt>
			<trkpt lat="51.7184" lon="10.48956">
				<ele>339.13</ele>
			</trkpt>
			<trkpt lat="51.71846" lon="10.48968">
				<ele>339.13</ele>
			</trkpt>
			<trkpt lat="51.71858" lon="10.48977">
				<ele>339.13</ele>
			</trkpt>
			<trkpt lat="51.71872" lon="10.48979">
				<ele>339.13</ele>
			</trkpt>
			<trkpt lat="51.71909" lon="10.48974">
				<ele>333.82</ele>
			</trkpt>
			<trkpt lat="51.71972" lon="10.48947">
				<ele>333.82</ele>
			</trkpt>
			<trkpt lat="51.71981" lon="10.48938">
				<ele>333.82</ele>
			</trkpt>
			<trkpt lat="51.72001" lon="10.48933">
				<ele>333.82</ele>
			</trkpt>
			<trkpt lat="51.7201" lon="10.48925">
				<ele>333.82</ele>
			</trkpt>
			<trkpt lat="51.72025" lon="10.48918">
				<ele>333.82</ele>
			</trkpt>
			<trkpt lat="51.72071" lon="10.48888">
				<ele>333.82</ele>
			</trkpt>
			<trkpt lat="51.72086" lon="10.48878">
				<ele>333.82</ele>
			</trkpt>
			<trkpt lat="51.7211" lon="10.48857">
				<ele>333.82</ele>
			</trkpt>
			<trkpt lat="51.72122" lon="10.48851">
				<ele>333.82</ele>
			</trkpt>
			<trkpt lat="51.72188" lon="10.48805">
				<ele>336.15</ele>
			</trkpt>
			<trkpt lat="51.72247" lon="10.48769">
				<ele>336.15</ele>
			</trkpt>
			<trkpt lat="51.72279" lon="10.48751">
				<ele>336.15</ele>
			</trkpt>
			<trkpt lat="51.72322" lon="10.48733">
				<ele>336.15</ele>
			</trkpt>
			<trkpt lat="51.72343" lon="10.48728">
				<ele>336.15</ele>
			</trkpt>
			<trkpt lat="51.72366" lon="10.48727">
				<ele>336.15</ele>
			</trkpt>
			<trkpt lat="51.72385" lon="10.48731">
				<ele>336.15</ele>
			</trkpt>
			<trkpt lat="51.7241" lon="10.48743">
				<ele>336.15</ele>
			</trkpt>
			<trkpt lat="51.72448" lon="10.48755">
				<ele>336.15</ele>
			</trkpt>
			<trkpt lat="51.72472" lon="10.48765">
				<ele>338.17</ele>
			</trkpt>
			<trkpt lat="51.72503" lon="10.48768">
				<ele>338.17</ele>
			</trkpt>
			<trkpt lat="51.72537" lon="10.48757">
				<ele>338.17</ele>
			</trkpt>
			<trkpt lat="51.72579" lon="10.4874">
				<ele>338.17</ele>
			</trkpt>
			<trkpt lat="51.72605" lon="10.48726">
				<ele>338.17</ele>
			</trkpt>
			<trkpt lat="51.7263" lon="10.48716">
				<ele>338.17</ele>
			</trkpt>
			<trkpt lat="51.72668" lon="10.48712">
				<ele>338.17</ele>
			</trkpt>
			<trkpt lat="51.72695" lon="10.48705">
				<ele>338.17</ele>
			</trkpt>
			<trkpt lat="51.72721" lon="10.48708">
				<ele>338.17</ele>
			</trkpt>
			<trkpt lat="51.72741" lon="10.48716">
				<ele>341.91</ele>
			</trkpt>
			<trkpt lat="51.72776" lon="10.48738">
				<ele>341.91</ele>
			</trkpt>
			<trkpt lat="51.72809" lon="10.48757">
				<ele>341.91</ele>
			</trkpt>
			<trkpt lat="51.7284" lon="10.4878">
				<ele>341.91</ele>
			</trkpt>
			<trkpt lat="51.72873" lon="10.48798">
				<ele>341.91</ele>
			</trkpt>
			<trkpt lat="51.72899" lon="10.48823">
				<ele>341.91</ele>
			</trkpt>
			<trkpt lat="51.72919" lon="10.48862">
				<ele>341.91</ele>
			</trkpt>
			<trkpt lat="51.72931" lon="10.48902">
				<ele>341.91</ele>
			</trkpt>
			<trkpt lat="51.72931" lon="10.4892">
				<ele>341.91</ele>
			</trkpt>
			<trkpt lat="51.72937" lon="10.48935">
				<ele>341.91</ele>
			</trkpt>
			<trkpt lat="51.72952" lon="10.48994">
				<ele>343.56</ele>
			</trkpt>
			<trkpt lat="51.72956" lon="10.49024">
				<ele>343.56</ele>
			</trkpt>
			<trkpt lat="51.72958" lon="10.49044">
				<ele>343.56</ele>
			</trkpt>
			<trkpt lat="51.72957" lon="10.49086">
				<ele>343.56</ele>
			</trkpt>
			<trkpt lat="51.72947" lon="10.49131">
				<ele>343.56</ele>
			</trkpt>
			<trkpt lat="51.7294" lon="10.49147">
				<ele>343.56</ele>
			</trkpt>
			<trkpt lat="51.72933" lon="10.49182">
				<ele>343.56</ele>
			</trkpt>
			<trkpt lat="51.72934" lon="10.49201">
				<ele>343.56</ele>
			</trkpt>
			<trkpt lat="51.72929" lon="10.49233">
				<ele>343.56</ele>
			</trkpt>
			<trkpt lat="51.72934" lon="10.49254">
				<ele>345.71</ele>
			</trkpt>
			<trkpt lat="51.72933" lon="10.49288">
				<ele>345.71</ele>
			</trkpt>
			<trkpt lat="51.72933" lon="10.49331">
				<ele>345.71</ele>
			</trkpt>
			<trkpt lat="51.72945" lon="10.49358">
				<ele>345.71</ele>
			</trkpt>
			<trkpt lat="51.72962" lon="10.49402">
				<ele>345.71</ele>
			</trkpt>
			<trkpt lat="51.72973" lon="10.49414">
				<ele>345.71</ele>
			</trkpt>
			<trkpt lat="51.72988" lon="10.49405">
				<ele>345.71</ele>
			</trkpt>
			<trkpt lat="51.72997" lon="10.49395">
				<ele>345.71</ele>
			</trkpt>
			<trkpt lat="51.73006" lon="10.4939">
				<ele>345.71</ele>
			</trkpt>
			<trkpt lat="51.73107" lon="10.49372">
				<ele>351.67</ele>
			</trkpt>
			<trkpt lat="51.73123" lon="10.49365">
				<ele>351.67</ele>
			</trkpt>
			<trkpt lat="51.73131" lon="10.49357">
				<ele>351.67</ele>
			</trkpt>
			<trkpt lat="51.73145" lon="10.49338">
				<ele>351.67</ele>
			</trkpt>
			<trkpt lat="51.73149" lon="10.4932">
				<ele>351.67</ele>
			</trkpt>
			<trkpt lat="51.73157" lon="10.49299">
				<ele>351.67</ele>
			</trkpt>
			<trkpt lat="51.73175" lon="10.49268">
				<ele>351.67</ele>
			</trkpt>
			<trkpt lat="51.73194" lon="10.49234">
				<ele>351.67</ele>
			</trkpt>
			<trkpt lat="51.73199" lon="10.49214">
				<ele>351.67</ele>
			</trkpt>
			<trkpt lat="51.73207" lon="10.49195">
				<ele>351.67</ele>
			</trkpt>
			<trkpt lat="51.73216" lon="10.49183">
				<ele>355.43</ele>
			</trkpt>
			<trkpt lat="51.73222" lon="10.49171">
				<ele>355.43</ele>
			</trkpt>
			<trkpt lat="51.73229" lon="10.49149">
				<ele>355.43</ele>
			</trkpt>
			<trkpt lat="51.73242" lon="10.49135">
				<ele>355.43</ele>
			</trkpt>
			<trkpt lat="51.73249" lon="10.49113">
				<ele>355.43</ele>
			</trkpt>
			<trkpt lat="51.73274" lon="10.49097">
				<ele>355.43</ele>
			</trkpt>
			<trkpt lat="51.73284" lon="10.49083">
				<ele>355.43</ele>
			</trkpt>
			<trkpt lat="51.73308" lon="10.49061">
				<ele>355.43</ele>
			</trkpt>
			<trkpt lat="51.73325" lon="10.49057">
				<ele>355.43</ele>
			</trkpt>
			<trkpt lat="51.73334" lon="10.49053">
				<ele>370.54</ele>
			</trkpt>
			<trkpt lat="51.73354" lon="10.49054">
				<ele>370.54</ele>
			</trkpt>
			<trkpt lat="51.73377" lon="10.49053">
				<ele>370.54</ele>
			</trkpt>
			<trkpt lat="51.73395" lon="10.4905">
				<ele>370.54</ele>
			</trkpt>
			<trkpt lat="51.73405" lon="10.49051">
				<ele>370.54</ele>
			</trkpt>
			<trkpt lat="51.73423" lon="10.49046">
				<ele>370.54</ele>
			</trkpt>
			<trkpt lat="51.73441" lon="10.49038">
				<ele>370.54</ele>
			</trkpt>
			<trkpt lat="51.73455" lon="10.49029">
				<ele>370.54</ele>
			</trkpt>
			<trkpt lat="51.73467" lon="10.49025">
				<ele>370.54</ele>
			</trkpt>
			<trkpt lat="51.73492" lon="10.49025">
				<ele>370.54</ele>
			</trkpt>
			<trkpt lat="51.73504" lon="10.49023">
				<ele>359.8</ele>
			</trkpt>
			<trkpt lat="51.73553" lon="10.49029">
				<ele>359.8</ele>
			</trkpt>
			<trkpt lat="51.73607" lon="10.4905">
				<ele>359.8</ele>
			</trkpt>
			<trkpt lat="51.7363" lon="10.49052">
				<ele>359.8</ele>
			</trkpt>
			<trkpt lat="51.73642" lon="10.49051">
				<ele>359.8</ele>
			</trkpt>
			<trkpt lat="51.73653" lon="10.49047">
				<ele>359.8</ele>
			</trkpt>
			<trkpt lat="51.73682" lon="10.49029">
				<ele>359.8</ele>
			</trkpt>
			<trkpt lat="51.73692" lon="10.49024">
				<ele>359.8</ele>
			</trkpt>
			<trkpt lat="51.73683" lon="10.49009">
				<ele>359.8</ele>
			</trkpt>
			<trkpt lat="51.73692" lon="10.49015">
				<ele>371.01</ele>
			</trkpt>
			<trkpt lat="51.73702" lon="10.49004">
				<ele>371.01</ele>
			</trkpt>
			<trkpt lat="51.73725" lon="10.48988">
				<ele>371.01</ele>
			</trkpt>
			<trkpt lat="51.73738" lon="10.48976">
				<ele>371.01</ele>
			</trkpt>
			<trkpt lat="51.73759" lon="10.48952">
				<ele>371.01</ele>
			</trkpt>
			<trkpt lat="51.73771" lon="10.48942">
				<ele>371.01</ele>
			</trkpt>
			<trkpt lat="51.73782" lon="10.4893">
				<ele>371.01</ele>
			</trkpt>
			<trkpt lat="51.73797" lon="10.48914">
				<ele>371.01</ele>
			</trkpt>
			<trkpt lat="51.73808" lon="10.48905">
				<ele>371.01</ele>
			</trkpt>
			<trkpt lat="51.73824" lon="10.48889">
				<ele>382.82</ele>
			</trkpt>
			<trkpt lat="51.73834" lon="10.48887">
				<ele>382.82</ele>
			</trkpt>
			<trkpt lat="51.73845" lon="10.48878">
				<ele>382.82</ele>
			</trkpt>
			<trkpt lat="51.73862" lon="10.48867">
				<ele>382.82</ele>
			</trkpt>
			<trkpt lat="51.73891" lon="10.48854">
				<ele>382.82</ele>
			</trkpt>
			<trkpt lat="51.73916" lon="10.48824">
				<ele>382.82</ele>
			</trkpt>
			<trkpt lat="51.73939" lon="10.48784">
				<ele>382.82</ele>
			</trkpt>
			<trkpt lat="51.73953" lon="10.4875">
				<ele>382.82</ele>
			</trkpt>
			<trkpt lat="51.7396" lon="10.48724">
				<ele>382.82</ele>
			</trkpt>
			<trkpt lat="51.73994" lon="10.48646">
				<ele>382.82</ele>
			</trkpt>
			<trkpt lat="51.74001" lon="10.48621">
				<ele>392.58</ele>
			</trkpt>
			<trkpt lat="51.74024" lon="10.48562">
				<ele>392.58</ele>
			</trkpt>
			<trkpt lat="51.74039" lon="10.48512">
				<ele>392.58</ele>
			</trkpt>
			<trkpt lat="51.74045" lon="10.48481">
				<ele>392.58</ele>
			</trkpt>
			<trkpt lat="51.74051" lon="10.48454">
				<ele>392.58</ele>
			</trkpt>
			<trkpt lat="51.74072" lon="10.48362">
				<ele>392.58</ele>
			</trkpt>
			<trkpt lat="51.74083" lon="10.48301">
				<ele>392.58</ele>
			</trkpt>
			<trkpt lat="51.74103" lon="10.48251">
				<ele>392.58</ele>
			</trkpt>
			<trkpt lat="51.74111" lon="10.48238">
				<ele>392.58</ele>
			</trkpt>
			<trkpt lat="51.74123" lon="10.48224">
				<ele>379.33</ele>
			</trkpt>
			<trkpt lat="51.74146" lon="10.48212">
				<ele>379.33</ele>
			</trkpt>
			<trkpt lat="51.74188" lon="10.48208">
				<ele>379.33</ele>
			</trkpt>
			<trkpt lat="51.74233" lon="10.48211">
				<ele>379.33</ele>
			</trkpt>
			<trkpt lat="51.74247" lon="10.48215">
				<ele>379.33</ele>
			</trkpt>
			<trkpt lat="51.74292" lon="10.48217">
				<ele>379.33</ele>
			</trkpt>
			<trkpt lat="51.74376" lon="10.48215">
				<ele>379.33</ele>
			</trkpt>
			<trkpt lat="51.74419" lon="10.48198">
				<ele>379.33</ele>
			</trkpt>
			<trkpt lat="51.74535" lon="10.48131">
				<ele>379.33</ele>
			</trkpt>
			<trkpt lat="51.74568" lon="10.48124">
				<ele>389.2</ele>
			</trkpt>
			<trkpt lat="51.74591" lon="10.48128">
				<ele>389.2</ele>
			</trkpt>
			<trkpt lat="51.74624" lon="10.48142">
				<ele>389.2</ele>
			</trkpt>
			<trkpt lat="51.74643" lon="10.48159">
				<ele>389.2</ele>
			</trkpt>
			<trkpt lat="51.74677" lon="10.48198">
				<ele>389.2</ele>
			</trkpt>
			<trkpt lat="51.7469" lon="10.48223">
				<ele>389.2</ele>
			</trkpt>
			<trkpt lat="51.74699" lon="10.48256">
				<ele>389.2</ele>
			</trkpt>
			<trkpt lat="51.74705" lon="10.48269">
				<ele>389.2</ele>
			</trkpt>
			<trkpt lat="51.74711" lon="10.48293">
				<ele>389.2</ele>
			</trkpt>
			<trkpt lat="51.74715" lon="10.48311">
				<ele>389.2</ele>
			</trkpt>
			<trkpt lat="51.74726" lon="10.48343">
				<ele>386.71</ele>
			</trkpt>
			<trkpt lat="51.74732" lon="10.48381">
				<ele>386.71</ele>
			</trkpt>
			<trkpt lat="51.74742" lon="10.48414">
				<ele>386.71</ele>
			</trkpt>
			<trkpt lat="51.74749" lon="10.4843">
				<ele>386.71</ele>
			</trkpt>
			<trkpt lat="51.74754" lon="10.48453">
				<ele>386.71</ele>
			</trkpt>
			<trkpt lat="51.74756" lon="10.48471">
				<ele>386.71</ele>
			</trkpt>
			<trkpt lat="51.74763" lon="10.48489">
				<ele>386.71</ele>
			</trkpt>
			<trkpt lat="51.74771" lon="10.48523">
				<ele>386.71</ele>
			</trkpt>
			<trkpt lat="51.74786" lon="10.48568">
				<ele>386.71</ele>
			</trkpt>
			<trkpt lat="51.74795" lon="10.48593">
				<ele>393.28</ele>
			</trkpt>
			<trkpt lat="51.74804" lon="10.48623">
				<ele>393.28</ele>
			</trkpt>
			<trkpt lat="51.74817" lon="10.48643">
				<ele>393.28</ele>
			</trkpt>
			<trkpt lat="51.74846" lon="10.48673">
				<ele>393.28</ele>
			</trkpt>
			<trkpt lat="51.74867" lon="10.48684">
				<ele>393.28</ele>
			</trkpt>
			<trkpt lat="51.74895" lon="10.48689">
				<ele>393.28</ele>
			</trkpt>
			<trkpt lat="51.74905" lon="10.48697">
				<ele>393.28</ele>
			</trkpt>
			<trkpt lat="51.74945" lon="10.48704">
				<ele>393.28</ele>
			</trkpt>
			<trkpt lat="51.74972" lon="10.48713">
				<ele>393.28</ele>
			</trkpt>
			<trkpt lat="51.74988" lon="10.48715">
				<ele>398.42</ele>
			</trkpt>
			<trkpt lat="51.75001" lon="10.4872">
				<ele>398.42</ele>
			</trkpt>
			<trkpt lat="51.75011" lon="10.48723">
				<ele>398.42</ele>
			</trkpt>
			<trkpt lat="51.75024" lon="10.48728">
				<ele>398.42</ele>
			</trkpt>
			<trkpt lat="51.75077" lon="10.48751">
				<ele>398.42</ele>
			</trkpt>
			<trkpt lat="51.75108" lon="10.48758">
				<ele>398.42</ele>
			</trkpt>
			<trkpt lat="51.75131" lon="10.48767">
				<ele>398.42</ele>
			</trkpt>
			<trkpt lat="51.75141" lon="10.48767">
				<ele>398.42</ele>
			</trkpt>
			<trkpt lat="51.75154" lon="10.48774">
				<ele>398.42</ele>
			</trkpt>
			<trkpt lat="51.75167" lon="10.48775">
				<ele>398.42</ele>
			</trkpt>
			<trkpt lat="51.75176" lon="10.48781">
				<ele>401.86</ele>
			</trkpt>
			<trkpt lat="51.75199" lon="10.4879">
				<ele>401.86</ele>
			</trkpt>
			<trkpt lat="51.7521" lon="10.48799">
				<ele>401.86</ele>
			</trkpt>
			<trkpt lat="51.75232" lon="10.48811">
				<ele>401.86</ele>
			</trkpt>
			<trkpt lat="51.75271" lon="10.48832">
				<ele>401.86</ele>
			</trkpt>
			<trkpt lat="51.75287" lon="10.48845">
				<ele>401.86</ele>
			</trkpt>
			<trkpt lat="51.75303" lon="10.48848">
				<ele>401.86</ele>
			</trkpt>
			<trkpt lat="51.75316" lon="10.48857">
				<ele>401.86</ele>
			</trkpt>
			<trkpt lat="51.75337" lon="10.48866">
				<ele>401.86</ele>
			</trkpt>
			<trkpt lat="51.75377" lon="10.48894">
				<ele>423.93</ele>
			</trkpt>
			<trkpt lat="51.75402" lon="10.48909">
				<ele>423.93</ele>
			</trkpt>
			<trkpt lat="51.75411" lon="10.48915">
				<ele>423.93</ele>
			</trkpt>
			<trkpt lat="51.75429" lon="10.4893">
				<ele>423.93</ele>
			</trkpt>
			<trkpt lat="51.75445" lon="10.48944">
				<ele>423.93</ele>
			</trkpt>
			<trkpt lat="51.75461" lon="10.48962">
				<ele>423.93</ele>
			</trkpt>
			<trkpt lat="51.75476" lon="10.48984">
				<ele>423.93</ele>
			</trkpt>
			<trkpt lat="51.75484" lon="10.48999">
				<ele>423.93</ele>
			</trkpt>
			<trkpt lat="51.7549" lon="10.49015">
				<ele>423.93</ele>
			</trkpt>
			<trkpt lat="51.75497" lon="10.49045">
				<ele>428.3</ele>
			</trkpt>
			<trkpt lat="51.75503" lon="10.49058">
				<ele>428.3</ele>
			</trkpt>
			<trkpt lat="51.75504" lon="10.49077">
				<ele>428.3</ele>
			</trkpt>
			<trkpt lat="51.75509" lon="10.49093">
				<ele>428.3</ele>
			</trkpt>
			<trkpt lat="51.7551" lon="10.49124">
				<ele>428.3</ele>
			</trkpt>
			<trkpt lat="51.75515" lon="10.49145">
				<ele>428.3</ele>
			</trkpt>
			<trkpt lat="51.75516" lon="10.49164">
				<ele>428.3</ele>
			</trkpt>
			<trkpt lat="51.75519" lon="10.49196">
				<ele>428.3</ele>
			</trkpt>
			<trkpt lat="51.75522" lon="10.49216">
				<ele>428.3</ele>
			</trkpt>
			<trkpt lat="51.75534" lon="10.49229">
				<ele>428.3</ele>
			</trkpt>
			<trkpt lat="51.75552" lon="10.4926">
				<ele>426.23</ele>
			</trkpt>
			<trkpt lat="51.75569" lon="10.49287">
				<ele>426.23</ele>
			</trkpt>
			<trkpt lat="51.75599" lon="10.49317">
				<ele>426.23</ele>
			</trkpt>
			<trkpt lat="51.75621" lon="10.4933">
				<ele>426.23</ele>
			</trkpt>
			<trkpt lat="51.75631" lon="10.49333">
				<ele>426.23</ele>
			</trkpt>
			<trkpt lat="51.7564" lon="10.49338">
				<ele>426.23</ele>
			</trkpt>
			<trkpt lat="51.7565" lon="10.49342">
				<ele>426.23</ele>
			</trkpt>
			<trkpt lat="51.75658" lon="10.49352">
				<ele>426.23</ele>
			</trkpt>
			<trkpt lat="51.75693" lon="10.49371">
				<ele>426.23</ele>
			</trkpt>
			<trkpt lat="51.75706" lon="10.49376">
				<ele>493.48</ele>
			</trkpt>
			<trkpt lat="51.75716" lon="10.49379">
				<ele>493.48</ele>
			</trkpt>
			<trkpt lat="51.75725" lon="10.49387">
				<ele>493.48</ele>
			</trkpt>
			<trkpt lat="51.75737" lon="10.49391">
				<ele>493.48</ele>
			</trkpt>
			<trkpt lat="51.75747" lon="10.49405">
				<ele>493.48</ele>
			</trkpt>
			<trkpt lat="51.75743" lon="10.49421">
				<ele>493.48</ele>
			</trkpt>
			<trkpt lat="51.75734" lon="10.49416">
				<ele>493.48</ele>
			</trkpt>
			<trkpt lat="51.75725" lon="10.4942">
				<ele>493.48</ele>
			</trkpt>
			<trkpt lat="51.75715" lon="10.49421">
				<ele>493.48</ele>
			</trkpt>
			<trkpt lat="51.75686" lon="10.49426">
				<ele>433.76</ele>
			</trkpt>
			<trkpt lat="51.7567" lon="10.49435">
				<ele>433.76</ele>
			</trkpt>
			<trkpt lat="51.75665" lon="10.49447">
				<ele>433.76</ele>
			</trkpt>
			<trkpt lat="51.75667" lon="10.49468">
				<ele>433.76</ele>
			</trkpt>
			<trkpt lat="51.75692" lon="10.4949">
				<ele>433.76</ele>
			</trkpt>
			<trkpt lat="51.75698" lon="10.49477">
				<ele>433.76</ele>
			</trkpt>
			<trkpt lat="51.75691" lon="10.49486">
				<ele>433.76</ele>
			</trkpt>
			<trkpt lat="51.75737" lon="10.49514">
				<ele>433.76</ele>
			</trkpt>
			<trkpt lat="51.75765" lon="10.49536">
				<ele>433.76</ele>
			</trkpt>
			<trkpt lat="51.75776" lon="10.49542">
				<ele>433.76</ele>
			</trkpt>
			<trkpt lat="51.75794" lon="10.49557">
				<ele>465.34</ele>
			</trkpt>
			<trkpt lat="51.75803" lon="10.49569">
				<ele>465.34</ele>
			</trkpt>
			<trkpt lat="51.75816" lon="10.4958">
				<ele>465.34</ele>
			</trkpt>
			<trkpt lat="51.75845" lon="10.49604">
				<ele>465.34</ele>
			</trkpt>
			<trkpt lat="51.75863" lon="10.49631">
				<ele>465.34</ele>
			</trkpt>
			<trkpt lat="51.75891" lon="10.4967">
				<ele>465.34</ele>
			</trkpt>
			<trkpt lat="51.75924" lon="10.49731">
				<ele>465.34</ele>
			</trkpt>
			<trkpt lat="51.75937" lon="10.49744">
				<ele>465.34</ele>
			</trkpt>
			<trkpt lat="51.75953" lon="10.49756">
				<ele>465.34</ele>
			</trkpt>
			<trkpt lat="51.75963" lon="10.49762">
				<ele>453.87</ele>
			</trkpt>
			<trkpt lat="51.75982" lon="10.49759">
				<ele>453.87</ele>
			</trkpt>
			<trkpt lat="51.75992" lon="10.49755">
				<ele>453.87</ele>
			</trkpt>
			<trkpt lat="51.76005" lon="10.49745">
				<ele>453.87</ele>
			</trkpt>
			<trkpt lat="51.76012" lon="10.49736">
				<ele>453.87</ele>
			</trkpt>
			<trkpt lat="51.76022" lon="10.4972">
				<ele>453.87</ele>
			</trkpt>
			<trkpt lat="51.76027" lon="10.49704">
				<ele>453.87</ele>
			</trkpt>
			<trkpt lat="51.76037" lon="10.49684">
				<ele>453.87</ele>
			</trkpt>
			<trkpt lat="51.76049" lon="10.49674">
				<ele>453.87</ele>
			</trkpt>
			<trkpt lat="51.76065" lon="10.49666">
				<ele>452.22</ele>
			</trkpt>
			<trkpt lat="51.76097" lon="10.49656">
				<ele>452.22</ele>
			</trkpt>
			<trkpt lat="51.76107" lon="10.49649">
				<ele>452.22</ele>
			</trkpt>
			<trkpt lat="51.76132" lon="10.49645">
				<ele>452.22</ele>
			</trkpt>
			<trkpt lat="51.76144" lon="10.49648">
				<ele>452.22</ele>
			</trkpt>
			<trkpt lat="51.7618" lon="10.49648">
				<ele>452.22</ele>
			</trkpt>
			<trkpt lat="51.76198" lon="10.49653">
				<ele>452.22</ele>
			</trkpt>
			<trkpt lat="51.76216" lon="10.49664">
				<ele>452.22</ele>
			</trkpt>
			<trkpt lat="51.76235" lon="10.49681">
				<ele>452.22</ele>
			</trkpt>
			<trkpt lat="51.76259" lon="10.49692">
				<ele>452.22</ele>
			</trkpt>
			<trkpt lat="51.76274" lon="10.49693">
				<ele>460.42</ele>
			</trkpt>
			<trkpt lat="51.76294" lon="10.49692">
				<ele>460.42</ele>
			</trkpt>
			<trkpt lat="51.76314" lon="10.49691">
				<ele>460.42</ele>
			</trkpt>
			<trkpt lat="51.76331" lon="10.49694">
				<ele>460.42</ele>
			</trkpt>
			<trkpt lat="51.76344" lon="10.49702">
				<ele>460.42</ele>
			</trkpt>
			<trkpt lat="51.76354" lon="10.49712">
				<ele>460.42</ele>
			</trkpt>
			<trkpt lat="51.76371" lon="10.49736">
				<ele>460.42</ele>
			</trkpt>
			<trkpt lat="51.76383" lon="10.49758">
				<ele>460.42</ele>
			</trkpt>
			<trkpt lat="51.76402" lon="10.49789">
				<ele>460.42</ele>
			</trkpt>
			<trkpt lat="51.76411" lon="10.49814">
				<ele>467.76</ele>
			</trkpt>
			<trkpt lat="51.76419" lon="10.49845">
				<ele>467.76</ele>
			</trkpt>
			<trkpt lat="51.76422" lon="10.4986">
				<ele>467.76</ele>
			</trkpt>
			<trkpt lat="51.76427" lon="10.49876">
				<ele>467.76</ele>
			</trkpt>
			<trkpt lat="51.76435" lon="10.49927">
				<ele>467.76</ele>
			</trkpt>
			<trkpt lat="51.76443" lon="10.49959">
				<ele>467.76</ele>
			</trkpt>
			<trkpt lat="51.76451" lon="10.4997">
				<ele>467.76</ele>
			</trkpt>
			<trkpt lat="51.76462" lon="10.49978">
				<ele>467.76</ele>
			</trkpt>
			<trkpt lat="51.76485" lon="10.5">
				<ele>467.76</ele>
			</trkpt>
			<trkpt lat="51.76485" lon="10.50025">
				<ele>493.04</ele>
			</trkpt>
			<trkpt lat="51.7647" lon="10.50045">
				<ele>493.04</ele>
			</trkpt>
			<trkpt lat="51.76461" lon="10.50047">
				<ele>493.04</ele>
			</trkpt>
			<trkpt lat="51.76447" lon="10.50064">
				<ele>493.04</ele>
			</trkpt>
			<trkpt lat="51.76417" lon="10.50111">
				<ele>493.04</ele>
			</trkpt>
			<trkpt lat="51.76399" lon="10.50147">
				<ele>493.04</ele>
			</trkpt>
			<trkpt lat="51.76378" lon="10.50203">
				<ele>493.04</ele>
			</trkpt>
			<trkpt lat="51.7637" lon="10.50235">
				<ele>493.04</ele>
			</trkpt>
			<trkpt lat="51.76361" lon="10.50285">
				<ele>493.04</ele>
			</trkpt>
			<trkpt lat="51.76359" lon="10.50311">
				<ele>493.04</ele>
			</trkpt>
			<trkpt lat="51.76357" lon="10.5034">
				<ele>507.38</ele>
			</trkpt>
			<trkpt lat="51.76352" lon="10.50367">
				<ele>507.38</ele>
			</trkpt>
			<trkpt lat="51.76354" lon="10.50435">
				<ele>507.38</ele>
			</trkpt>
			<trkpt lat="51.76355" lon="10.50408">
				<ele>507.38</ele>
			</trkpt>
			<trkpt lat="51.76362" lon="10.50489">
				<ele>507.38</ele>
			</trkpt>
			<trkpt lat="51.76399" lon="10.50813">
				<ele>507.38</ele>
			</trkpt>
			<trkpt lat="51.76405" lon="10.5088">
				<ele>507.38</ele>
			</trkpt>
			<trkpt lat="51.76405" lon="10.50906">
				<ele>507.38</ele>
			</trkpt>
			<trkpt lat="51.76401" lon="10.50948">
				<ele>507.38</ele>
			</trkpt>
			<trkpt lat="51.7639" lon="10.50987">
				<ele>519.66</ele>
			</trkpt>
			<trkpt lat="51.7638" lon="10.51008">
				<ele>519.66</ele>
			</trkpt>
			<trkpt lat="51.76372" lon="10.51021">
				<ele>519.66</ele>
			</trkpt>
			<trkpt lat="51.76352" lon="10.51041">
				<ele>519.66</ele>
			</trkpt>
			<trkpt lat="51.76158" lon="10.51176">
				<ele>519.66</ele>
			</trkpt>
			<trkpt lat="51.76133" lon="10.51197">
				<ele>519.66</ele>
			</trkpt>
			<trkpt lat="51.76108" lon="10.51226">
				<ele>519.66</ele>
			</trkpt>
			<trkpt lat="51.76095" lon="10.51246">
				<ele>519.66</ele>
			</trkpt>
			<trkpt lat="51.76084" lon="10.51273">
				<ele>519.66</ele>
			</trkpt>
			<trkpt lat="51.76071" lon="10.51318">
				<ele>519.66</ele>
			</trkpt>
			<trkpt lat="51.76065" lon="10.51349">
				<ele>533.71</ele>
			</trkpt>
			<trkpt lat="51.76062" lon="10.51371">
				<ele>533.71</ele>
			</trkpt>
			<trkpt lat="51.76062" lon="10.51407">
				<ele>533.71</ele>
			</trkpt>
			<trkpt lat="51.76067" lon="10.51455">
				<ele>533.71</ele>
			</trkpt>
			<trkpt lat="51.76074" lon="10.51492">
				<ele>533.71</ele>
			</trkpt>
			<trkpt lat="51.7608" lon="10.51517">
				<ele>533.71</ele>
			</trkpt>
			<trkpt lat="51.76092" lon="10.5156">
				<ele>533.71</ele>
			</trkpt>
			<trkpt lat="51.76107" lon="10.51599">
				<ele>533.71</ele>
			</trkpt>
			<trkpt lat="51.76128" lon="10.51639">
				<ele>533.71</ele>
			</trkpt>
			<trkpt lat="51.76146" lon="10.51668">
				<ele>550.63</ele>
			</trkpt>
			<trkpt lat="51.76232" lon="10.5178">
				<ele>550.63</ele>
			</trkpt>
			<trkpt lat="51.76246" lon="10.51802">
				<ele>550.63</ele>
			</trkpt>
			<trkpt lat="51.76266" lon="10.51846">
				<ele>550.63</ele>
			</trkpt>
			<trkpt lat="51.76276" lon="10.51879">
				<ele>550.63</ele>
			</trkpt>
			<trkpt lat="51.76283" lon="10.51918">
				<ele>550.63</ele>
			</trkpt>
			<trkpt lat="51.76286" lon="10.51946">
				<ele>550.63</ele>
			</trkpt>
			<trkpt lat="51.7629" lon="10.52065">
				<ele>550.63</ele>
			</trkpt>
			<trkpt lat="51.76297" lon="10.52129">
				<ele>550.63</ele>
			</trkpt>
			<trkpt lat="51.7632" lon="10.5225">
				<ele>550.25</ele>
			</trkpt>
			<trkpt lat="51.76333" lon="10.523">
				<ele>550.25</ele>
			</trkpt>
			<trkpt lat="51.76344" lon="10.52331">
				<ele>550.25</ele>
			</trkpt>
			<trkpt lat="51.76353" lon="10.52354">
				<ele>550.25</ele>
			</trkpt>
			<trkpt lat="51.7637" lon="10.52387">
				<ele>550.25</ele>
			</trkpt>
			<trkpt lat="51.76402" lon="10.52431">
				<ele>550.25</ele>
			</trkpt>
			<trkpt lat="51.76431" lon="10.52458">
				<ele>550.25</ele>
			</trkpt>
			<trkpt lat="51.76487" lon="10.52496">
				<ele>550.25</ele>
			</trkpt>
			<trkpt lat="51.76498" lon="10.52507">
				<ele>550.25</ele>
			</trkpt>
			<trkpt lat="51.76516" lon="10.52536">
				<ele>550.25</ele>
			</trkpt>
			<trkpt lat="51.76536" lon="10.52589">
				<ele>561.69</ele>
			</trkpt>
			<trkpt lat="51.76578" lon="10.52747">
				<ele>561.69</ele>
			</trkpt>
			<trkpt lat="51.76585" lon="10.52793">
				<ele>561.69</ele>
			</trkpt>
			<trkpt lat="51.76585" lon="10.52859">
				<ele>561.69</ele>
			</trkpt>
			<trkpt lat="51.7658" lon="10.52906">
				<ele>561.69</ele>
			</trkpt>
			<trkpt lat="51.76574" lon="10.52938">
				<ele>561.69</ele>
			</trkpt>
			<trkpt lat="51.76561" lon="10.52984">
				<ele>561.69</ele>
			</trkpt>
			<trkpt lat="51.76538" lon="10.53046">
				<ele>561.69</ele>
			</trkpt>
			<trkpt lat="51.76524" lon="10.53091">
				<ele>561.69</ele>
			</trkpt>
			<trkpt lat="51.76491" lon="10.53259">
				<ele>561.7</ele>
			</trkpt>
			<trkpt lat="51.76483" lon="10.53291">
				<ele>561.7</ele>
			</trkpt>
			<trkpt lat="51.76471" lon="10.53329">
				<ele>561.7</ele>
			</trkpt>
			<trkpt lat="51.76436" lon="10.53425">
				<ele>561.7</ele>
			</trkpt>
			<trkpt lat="51.76427" lon="10.5346">
				<ele>561.7</ele>
			</trkpt>
			<trkpt lat="51.76419" lon="10.53513">
				<ele>561.7</ele>
			</trkpt>
			<trkpt lat="51.76417" lon="10.53533">
				<ele>561.7</ele>
			</trkpt>
			<trkpt lat="51.76417" lon="10.5356">
				<ele>561.7</ele>
			</trkpt>
			<trkpt lat="51.76419" lon="10.53579">
				<ele>561.7</ele>
			</trkpt>
			<trkpt lat="51.76443" lon="10.53708">
				<ele>591.42</ele>
			</trkpt>
			<trkpt lat="51.76451" lon="10.53792">
				<ele>591.42</ele>
			</trkpt>
			<trkpt lat="51.76452" lon="10.53824">
				<ele>591.42</ele>
			</trkpt>
			<trkpt lat="51.76452" lon="10.53853">
				<ele>591.42</ele>
			</trkpt>
			<trkpt lat="51.76451" lon="10.53872">
				<ele>591.42</ele>
			</trkpt>
			<trkpt lat="51.76447" lon="10.53889">
				<ele>591.42</ele>
			</trkpt>
			<trkpt lat="51.76436" lon="10.53918">
				<ele>591.42</ele>
			</trkpt>
			<trkpt lat="51.7642" lon="10.53941">
				<ele>591.42</ele>
			</trkpt>
			<trkpt lat="51.76377" lon="10.53983">
				<ele>591.42</ele>
			</trkpt>
			<trkpt lat="51.76354" lon="10.54">
				<ele>591.42</ele>
			</trkpt>
			<trkpt lat="51.76334" lon="10.54023">
				<ele>605.41</ele>
			</trkpt>
			<trkpt lat="51.76317" lon="10.54051">
				<ele>605.41</ele>
			</trkpt>
			<trkpt lat="51.76252" lon="10.54168">
				<ele>605.41</ele>
			</trkpt>
			<trkpt lat="51.7624" lon="10.54192">
				<ele>605.41</ele>
			</trkpt>
			<trkpt lat="51.76228" lon="10.54225">
				<ele>605.41</ele>
			</trkpt>
			<trkpt lat="51.76209" lon="10.54294">
				<ele>605.41</ele>
			</trkpt>
			<trkpt lat="51.76188" lon="10.54337">
				<ele>605.41</ele>
			</trkpt>
			<trkpt lat="51.76156" lon="10.54393">
				<ele>605.41</ele>
			</trkpt>
			<trkpt lat="51.76144" lon="10.54424">
				<ele>605.41</ele>
			</trkpt>
			<trkpt lat="51.76137" lon="10.54455">
				<ele>619.94</ele>
			</trkpt>
			<trkpt lat="51.76133" lon="10.54495">
				<ele>619.94</ele>
			</trkpt>
			<trkpt lat="51.76135" lon="10.54545">
				<ele>619.94</ele>
			</trkpt>
			<trkpt lat="51.76141" lon="10.54609">
				<ele>619.94</ele>
			</trkpt>
			<trkpt lat="51.76162" lon="10.54877">
				<ele>619.94</ele>
			</trkpt>
			<trkpt lat="51.76172" lon="10.54885">
				<ele>619.94</ele>
			</trkpt>
			<trkpt lat="51.76192" lon="10.54881">
				<ele>619.94</ele>
			</trkpt>
			<trkpt lat="51.76283" lon="10.54828">
				<ele>619.94</ele>
			</trkpt>
			<trkpt lat="51.76346" lon="10.54794">
				<ele>619.94</ele>
			</trkpt>
			<trkpt lat="51.76521" lon="10.54709">
				<ele>670.07</ele>
			</trkpt>
			<trkpt lat="51.76612" lon="10.5466">
				<ele>670.07</ele>
			</trkpt>
			<trkpt lat="51.76749" lon="10.54592">
				<ele>670.07</ele>
			</trkpt>
			<trkpt lat="51.76774" lon="10.54585">
				<ele>670.07</ele>
			</trkpt>
			<trkpt lat="51.76799" lon="10.54581">
				<ele>670.07</ele>
			</trkpt>
			<trkpt lat="51.76821" lon="10.54579">
				<ele>670.07</ele>
			</trkpt>
			<trkpt lat="51.76849" lon="10.54581">
				<ele>670.07</ele>
			</trkpt>
			<trkpt lat="51.76888" lon="10.5459">
				<ele>670.07</ele>
			</trkpt>
			<trkpt lat="51.76914" lon="10.54602">
				<ele>670.07</ele>
			</trkpt>
			<trkpt lat="51.76935" lon="10.54616">
				<ele>670.07</ele>
			</trkpt>
			<trkpt lat="51.76961" lon="10.54636">
				<ele>680.6</ele>
			</trkpt>
			<trkpt lat="51.77" lon="10.54672">
				<ele>680.6</ele>
			</trkpt>
			<trkpt lat="51.77049" lon="10.54725">
				<ele>680.6</ele>
			</trkpt>
			<trkpt lat="51.77161" lon="10.54838">
				<ele>680.6</ele>
			</trkpt>
			<trkpt lat="51.77325" lon="10.55008">
				<ele>680.6</ele>
			</trkpt>
			<trkpt lat="51.77455" lon="10.55134">
				<ele>680.6</ele>
			</trkpt>
			<trkpt lat="51.77532" lon="10.55198">
				<ele>680.6</ele>
			</trkpt>
			<trkpt lat="51.77589" lon="10.55218">
				<ele>680.6</ele>
			</trkpt>
			<trkpt lat="51.77575" lon="10.55227">
				<ele>680.6</ele>
			</trkpt>
			<trkpt lat="51.77549" lon="10.55229">
				<ele>711.19</ele>
			</trkpt>
			<trkpt lat="51.7754" lon="10.55234">
				<ele>711.19</ele>
			</trkpt>
			<trkpt lat="51.77533" lon="10.55251">
				<ele>711.19</ele>
			</trkpt>
			<trkpt lat="51.77522" lon="10.55273">
				<ele>711.19</ele>
			</trkpt>
			<trkpt lat="51.77542" lon="10.55234">
				<ele>711.19</ele>
			</trkpt>
			<trkpt lat="51.77615" lon="10.55232">
				<ele>711.19</ele>
			</trkpt>
			<trkpt lat="51.77605" lon="10.55263">
				<ele>711.19</ele>
			</trkpt>
			<trkpt lat="51.77588" lon="10.55317">
				<ele>711.19</ele>
			</trkpt>
			<trkpt lat="51.77584" lon="10.55339">
				<ele>711.19</ele>
			</trkpt>
			<trkpt lat="51.77585" lon="10.55379">
				<ele>747.01</ele>
			</trkpt>
			<trkpt lat="51.77588" lon="10.55404">
				<ele>747.01</ele>
			</trkpt>
			<trkpt lat="51.77591" lon="10.55424">
				<ele>747.01</ele>
			</trkpt>
			<trkpt lat="51.77594" lon="10.55462">
				<ele>747.01</ele>
			</trkpt>
			<trkpt lat="51.77593" lon="10.55502">
				<ele>747.01</ele>
			</trkpt>
			<trkpt lat="51.77582" lon="10.55607">
				<ele>747.01</ele>
			</trkpt>
			<trkpt lat="51.77584" lon="10.5564">
				<ele>747.01</ele>
			</trkpt>
			<trkpt lat="51.7759" lon="10.5566">
				<ele>747.01</ele>
			</trkpt>
			<trkpt lat="51.77597" lon="10.55673">
				<ele>747.01</ele>
			</trkpt>
			<trkpt lat="51.77618" lon="10.55688">
				<ele>747.01</ele>
			</trkpt>
			<trkpt lat="51.77636" lon="10.55704">
				<ele>765.29</ele>
			</trkpt>
			<trkpt lat="51.77662" lon="10.55738">
				<ele>765.29</ele>
			</trkpt>
			<trkpt lat="51.7768" lon="10.55769">
				<ele>765.29</ele>
			</trkpt>
			<trkpt lat="51.77695" lon="10.55801">
				<ele>765.29</ele>
			</trkpt>
			<trkpt lat="51.77705" lon="10.55815">
				<ele>765.29</ele>
			</trkpt>
			<trkpt lat="51.77711" lon="10.55828">
				<ele>765.29</ele>
			</trkpt>
			<trkpt lat="51.77721" lon="10.55843">
				<ele>765.29</ele>
			</trkpt>
			<trkpt lat="51.77734" lon="10.55857">
				<ele>765.29</ele>
			</trkpt>
			<trkpt lat="51.77766" lon="10.55881">
				<ele>765.29</ele>
			</trkpt>
			<trkpt lat="51.77793" lon="10.55914">
				<ele>780.02</ele>
			</trkpt>
			<trkpt lat="51.77804" lon="10.5593">
				<ele>780.02</ele>
			</trkpt>
			<trkpt lat="51.7781" lon="10.55945">
				<ele>780.02</ele>
			</trkpt>
			<trkpt lat="51.77828" lon="10.55977">
				<ele>780.02</ele>
			</trkpt>
			<trkpt lat="51.77873" lon="10.56037">
				<ele>780.02</ele>
			</trkpt>
			<trkpt lat="51.77895" lon="10.56056">
				<ele>780.02</ele>
			</trkpt>
			<trkpt lat="51.77905" lon="10.5607">
				<ele>780.02</ele>
			</trkpt>
			<trkpt lat="51.77913" lon="10.56088">
				<ele>780.02</ele>
			</trkpt>
			<trkpt lat="51.7792" lon="10.56111">
				<ele>780.02</ele>
			</trkpt>
			<trkpt lat="51.77934" lon="10.56133">
				<ele>777.7</ele>
			</trkpt>
			<trkpt lat="51.7794" lon="10.56147">
				<ele>777.7</ele>
			</trkpt>
			<trkpt lat="51.77969" lon="10.56184">
				<ele>777.7</ele>
			</trkpt>
			<trkpt lat="51.77977" lon="10.56191">
				<ele>777.7</ele>
			</trkpt>
			<trkpt lat="51.7803" lon="10.56222">
				<ele>777.7</ele>
			</trkpt>
			<trkpt lat="51.78049" lon="10.56238">
				<ele>777.7</ele>
			</trkpt>
			<trkpt lat="51.78056" lon="10.56248">
				<ele>777.7</ele>
			</trkpt>
			<trkpt lat="51.7808" lon="10.56279">
				<ele>777.7</ele>
			</trkpt>
			<trkpt lat="51.78093" lon="10.56298">
				<ele>777.7</ele>
			</trkpt>
			<trkpt lat="51.78151" lon="10.56362">
				<ele>777.7</ele>
			</trkpt>
			<trkpt lat="51.78168" lon="10.56377">
				<ele>775.75</ele>
			</trkpt>
			<trkpt lat="51.78186" lon="10.564">
				<ele>775.75</ele>
			</trkpt>
			<trkpt lat="51.78272" lon="10.56488">
				<ele>775.75</ele>
			</trkpt>
			<trkpt lat="51.78287" lon="10.56498">
				<ele>775.75</ele>
			</trkpt>
			<trkpt lat="51.783" lon="10.56503">
				<ele>775.75</ele>
			</trkpt>
			<trkpt lat="51.78312" lon="10.56511">
				<ele>775.75</ele>
			</trkpt>
			<trkpt lat="51.78333" lon="10.56514">
				<ele>775.75</ele>
			</trkpt>
			<trkpt lat="51.78358" lon="10.56521">
				<ele>775.75</ele>
			</trkpt>
			<trkpt lat="51.78413" lon="10.56543">
				<ele>775.75</ele>
			</trkpt>
			<trkpt lat="51.78427" lon="10.56546">
				<ele>778.36</ele>
			</trkpt>
			<trkpt lat="51.78436" lon="10.56553">
				<ele>778.36</ele>
			</trkpt>
			<trkpt lat="51.78471" lon="10.56565">
				<ele>778.36</ele>
			</trkpt>
			<trkpt lat="51.78503" lon="10.56568">
				<ele>778.36</ele>
			</trkpt>
			<trkpt lat="51.78518" lon="10.56569">
				<ele>778.36</ele>
			</trkpt>
			<trkpt lat="51.78581" lon="10.56568">
				<ele>778.36</ele>
			</trkpt>
			<trkpt lat="51.78607" lon="10.56572">
				<ele>778.36</ele>
			</trkpt>
			<trkpt lat="51.7863" lon="10.56577">
				<ele>778.36</ele>
			</trkpt>
			<trkpt lat="51.7864" lon="10.5659">
				<ele>778.36</ele>
			</trkpt>
			<trkpt lat="51.78642" lon="10.56613">
				<ele>766.43</ele>
			</trkpt>
			<trkpt lat="51.78647" lon="10.56638">
				<ele>766.43</ele>
			</trkpt>
			<trkpt lat="51.78652" lon="10.56675">
				<ele>766.43</ele>
			</trkpt>
			<trkpt lat="51.78659" lon="10.56709">
				<ele>766.43</ele>
			</trkpt>
			<trkpt lat="51.78663" lon="10.56747">
				<ele>766.43</ele>
			</trkpt>
			<trkpt lat="51.78662" lon="10.56789">
				<ele>766.43</ele>
			</trkpt>
			<trkpt lat="51.78657" lon="10.56839">
				<ele>766.43</ele>
			</trkpt>
			<trkpt lat="51.78636" lon="10.56877">
				<ele>766.43</ele>
			</trkpt>
			<trkpt lat="51.78587" lon="10.5694">
				<ele>766.43</ele>
			</trkpt>
			<trkpt lat="51.78564" lon="10.56978">
				<ele>766.43</ele>
			</trkpt>
			<trkpt lat="51.78557" lon="10.56998">
				<ele>769.47</ele>
			</trkpt>
			<trkpt lat="51.7855" lon="10.57028">
				<ele>769.47</ele>
			</trkpt>
			<trkpt lat="51.78542" lon="10.57048">
				<ele>769.47</ele>
			</trkpt>
			<trkpt lat="51.78537" lon="10.57082">
				<ele>769.47</ele>
			</trkpt>
			<trkpt lat="51.7853" lon="10.57101">
				<ele>769.47</ele>
			</trkpt>
			<trkpt lat="51.78515" lon="10.5716">
				<ele>769.47</ele>
			</trkpt>
			<trkpt lat="51.78509" lon="10.57172">
				<ele>769.47</ele>
			</trkpt>
			<trkpt lat="51.78495" lon="10.57215">
				<ele>769.47</ele>
			</trkpt>
			<trkpt lat="51.78472" lon="10.57257">
				<ele>769.47</ele>
			</trkpt>
			<trkpt lat="51.78453" lon="10.57299">
				<ele>747.02</ele>
			</trkpt>
			<trkpt lat="51.7844" lon="10.57321">
				<ele>747.02</ele>
			</trkpt>
			<trkpt lat="51.78432" lon="10.57343">
				<ele>747.02</ele>
			</trkpt>
			<trkpt lat="51.78362" lon="10.57472">
				<ele>747.02</ele>
			</trkpt>
			<trkpt lat="51.78351" lon="10.57499">
				<ele>747.02</ele>
			</trkpt>
			<trkpt lat="51.78288" lon="10.57625">
				<ele>747.02</ele>
			</trkpt>
			<trkpt lat="51.78278" lon="10.57647">
				<ele>747.02</ele>
			</trkpt>
			<trkpt lat="51.78218" lon="10.57772">
				<ele>747.02</ele>
			</trkpt>
			<trkpt lat="51.78197" lon="10.5783">
				<ele>747.02</ele>
			</trkpt>
			<trkpt lat="51.78186" lon="10.57864">
				<ele>736.02</ele>
			</trkpt>
			<trkpt lat="51.78166" lon="10.57942">
				<ele>736.02</ele>
			</trkpt>
			<trkpt lat="51.78139" lon="10.58062">
				<ele>736.02</ele>
			</trkpt>
			<trkpt lat="51.7813" lon="10.58056">
				<ele>736.02</ele>
			</trkpt>
			<trkpt lat="51.78159" lon="10.58021">
				<ele>736.02</ele>
			</trkpt>
			<trkpt lat="51.78151" lon="10.5803">
				<ele>736.02</ele>
			</trkpt>
			<trkpt lat="51.78145" lon="10.58051">
				<ele>736.02</ele>
			</trkpt>
			<trkpt lat="51.78159" lon="10.58046">
				<ele>736.02</ele>
			</trkpt>
			<trkpt lat="51.78189" lon="10.58068">
				<ele>736.02</ele>
			</trkpt>
			<trkpt lat="51.782" lon="10.58083">
				<ele>736.02</ele>
			</trkpt>
			<trkpt lat="51.78221" lon="10.58102">
				<ele>733.23</ele>
			</trkpt>
			<trkpt lat="51.78239" lon="10.5813">
				<ele>733.23</ele>
			</trkpt>
			<trkpt lat="51.78258" lon="10.58155">
				<ele>733.23</ele>
			</trkpt>
			<trkpt lat="51.78281" lon="10.58188">
				<ele>733.23</ele>
			</trkpt>
			<trkpt lat="51.78297" lon="10.58206">
				<ele>733.23</ele>
			</trkpt>
			<trkpt lat="51.78312" lon="10.58232">
				<ele>733.23</ele>
			</trkpt>
			<trkpt lat="51.78372" lon="10.58311">
				<ele>733.23</ele>
			</trkpt>
			<trkpt lat="51.78373" lon="10.58359">
				<ele>733.23</ele>
			</trkpt>
			<trkpt lat="51.78378" lon="10.58376">
				<ele>733.23</ele>
			</trkpt>
			<trkpt lat="51.78388" lon="10.58387">
				<ele>726</ele>
			</trkpt>
			<trkpt lat="51.78394" lon="10.58403">
				<ele>726</ele>
			</trkpt>
			<trkpt lat="51.78402" lon="10.58411">
				<ele>726</ele>
			</trkpt>
			<trkpt lat="51.78423" lon="10.58424">
				<ele>726</ele>
			</trkpt>
			<trkpt lat="51.78436" lon="10.58441">
				<ele>726</ele>
			</trkpt>
			<trkpt lat="51.7846" lon="10.58467">
				<ele>726</ele>
			</trkpt>
			<trkpt lat="51.78503" lon="10.58505">
				<ele>726</ele>
			</trkpt>
			<trkpt lat="51.78541" lon="10.58534">
				<ele>726</ele>
			</trkpt>
			<trkpt lat="51.78582" lon="10.58578">
				<ele>726</ele>
			</trkpt>
			<trkpt lat="51.78592" lon="10.58586">
				<ele>726</ele>
			</trkpt>
			<trkpt lat="51.78599" lon="10.58597">
				<ele>731.6</ele>
			</trkpt>
			<trkpt lat="51.78627" lon="10.58632">
				<ele>731.6</ele>
			</trkpt>
			<trkpt lat="51.78666" lon="10.5868">
				<ele>731.6</ele>
			</trkpt>
			<trkpt lat="51.78686" lon="10.58713">
				<ele>731.6</ele>
			</trkpt>
			<trkpt lat="51.78693" lon="10.58734">
				<ele>731.6</ele>
			</trkpt>
			<trkpt lat="51.78707" lon="10.58762">
				<ele>731.6</ele>
			</trkpt>
			<trkpt lat="51.78711" lon="10.58776">
				<ele>731.6</ele>
			</trkpt>
			<trkpt lat="51.78723" lon="10.588">
				<ele>731.6</ele>
			</trkpt>
			<trkpt lat="51.78731" lon="10.58823">
				<ele>731.6</ele>
			</trkpt>
			<trkpt lat="51.78739" lon="10.58836">
				<ele>747.92</ele>
			</trkpt>
			<trkpt lat="51.78748" lon="10.58864">
				<ele>747.92</ele>
			</trkpt>
			<trkpt lat="51.78774" lon="10.58922">
				<ele>747.92</ele>
			</trkpt>
			<trkpt lat="51.78783" lon="10.58947">
				<ele>747.92</ele>
			</trkpt>
			<trkpt lat="51.78814" lon="10.59042">
				<ele>747.92</ele>
			</trkpt>
			<trkpt lat="51.78826" lon="10.59093">
				<ele>747.92</ele>
			</trkpt>
			<trkpt lat="51.78831" lon="10.59111">
				<ele>747.92</ele>
			</trkpt>
			<trkpt lat="51.78838" lon="10.59136">
				<ele>747.92</ele>
			</trkpt>
			<trkpt lat="51.78849" lon="10.59168">
				<ele>747.92</ele>
			</trkpt>
			<trkpt lat="51.78855" lon="10.59189">
				<ele>762</ele>
			</trkpt>
			<trkpt lat="51.78872" lon="10.59231">
				<ele>762</ele>
			</trkpt>
			<trkpt lat="51.78892" lon="10.59275">
				<ele>762</ele>
			</trkpt>
			<trkpt lat="51.78902" lon="10.59296">
				<ele>762</ele>
			</trkpt>
			<trkpt lat="51.78919" lon="10.593">
				<ele>762</ele>
			</trkpt>
			<trkpt lat="51.78932" lon="10.59306">
				<ele>762</ele>
			</trkpt>
			<trkpt lat="51.78961" lon="10.59309">
				<ele>762</ele>
			</trkpt>
			<trkpt lat="51.79027" lon="10.59294">
				<ele>762</ele>
			</trkpt>
			<trkpt lat="51.79059" lon="10.59288">
				<ele>762</ele>
			</trkpt>
			<trkpt lat="51.79079" lon="10.5928">
				<ele>762</ele>
			</trkpt>
			<trkpt lat="51.79099" lon="10.59277">
				<ele>768.16</ele>
			</trkpt>
			<trkpt lat="51.79112" lon="10.59278">
				<ele>768.16</ele>
			</trkpt>
			<trkpt lat="51.79128" lon="10.59283">
				<ele>768.16</ele>
			</trkpt>
			<trkpt lat="51.79137" lon="10.59288">
				<ele>768.16</ele>
			</trkpt>
			<trkpt lat="51.7916" lon="10.5931">
				<ele>768.16</ele>
			</trkpt>
			<trkpt lat="51.79174" lon="10.59333">
				<ele>768.16</ele>
			</trkpt>
			<trkpt lat="51.7918" lon="10.59356">
				<ele>768.16</ele>
			</trkpt>
			<trkpt lat="51.7919" lon="10.59409">
				<ele>768.16</ele>
			</trkpt>
			<trkpt lat="51.79195" lon="10.59465">
				<ele>768.16</ele>
			</trkpt>
			<trkpt lat="51.79203" lon="10.59515">
				<ele>768.33</ele>
			</trkpt>
			<trkpt lat="51.79216" lon="10.59561">
				<ele>768.33</ele>
			</trkpt>
			<trkpt lat="51.79226" lon="10.596">
				<ele>768.33</ele>
			</trkpt>
			<trkpt lat="51.79236" lon="10.59622">
				<ele>768.33</ele>
			</trkpt>
			<trkpt lat="51.7924" lon="10.59635">
				<ele>768.33</ele>
			</trkpt>
			<trkpt lat="51.7925" lon="10.59652">
				<ele>768.33</ele>
			</trkpt>
			<trkpt lat="51.79256" lon="10.59668">
				<ele>768.33</ele>
			</trkpt>
			<trkpt lat="51.79265" lon="10.59713">
				<ele>768.33</ele>
			</trkpt>
			<trkpt lat="51.79273" lon="10.59755">
				<ele>768.33</ele>
			</trkpt>
			<trkpt lat="51.79279" lon="10.59816">
				<ele>779.04</ele>
			</trkpt>
			<trkpt lat="51.79279" lon="10.59833">
				<ele>779.04</ele>
			</trkpt>
			<trkpt lat="51.79283" lon="10.59864">
				<ele>779.04</ele>
			</trkpt>
			<trkpt lat="51.79284" lon="10.59889">
				<ele>779.04</ele>
			</trkpt>
			<trkpt lat="51.79284" lon="10.59939">
				<ele>779.04</ele>
			</trkpt>
			<trkpt lat="51.79291" lon="10.59992">
				<ele>779.04</ele>
			</trkpt>
			<trkpt lat="51.79291" lon="10.60018">
				<ele>779.04</ele>
			</trkpt>
			<trkpt lat="51.79297" lon="10.60054">
				<ele>779.04</ele>
			</trkpt>
			<trkpt lat="51.79295" lon="10.60073">
				<ele>779.04</ele>
			</trkpt>
			<trkpt lat="51.79301" lon="10.60105">
				<ele>779.04</ele>
			</trkpt>
			<trkpt lat="51.793" lon="10.60145">
				<ele>792.07</ele>
			</trkpt>
			<trkpt lat="51.79301" lon="10.60163">
				<ele>792.07</ele>
			</trkpt>
			<trkpt lat="51.79307" lon="10.60201">
				<ele>792.07</ele>
			</trkpt>
			<trkpt lat="51.7931" lon="10.60252">
				<ele>792.07</ele>
			</trkpt>
			<trkpt lat="51.79313" lon="10.60274">
				<ele>792.07</ele>
			</trkpt>
			<trkpt lat="51.79317" lon="10.60325">
				<ele>792.07</ele>
			</trkpt>
			<trkpt lat="51.79329" lon="10.60395">
				<ele>792.07</ele>
			</trkpt>
			<trkpt lat="51.79374" lon="10.60518">
				<ele>792.07</ele>
			</trkpt>
			<trkpt lat="51.79382" lon="10.60546">
				<ele>792.07</ele>
			</trkpt>
			<trkpt lat="51.79387" lon="10.60575">
				<ele>794.62</ele>
			</trkpt>
			<trkpt lat="51.79388" lon="10.60632">
				<ele>794.62</ele>
			</trkpt>
			<trkpt lat="51.79379" lon="10.6074">
				<ele>794.62</ele>
			</trkpt>
			<trkpt lat="51.79375" lon="10.60764">
				<ele>794.62</ele>
			</trkpt>
			<trkpt lat="51.79375" lon="10.60793">
				<ele>794.62</ele>
			</trkpt>
			<trkpt lat="51.79381" lon="10.60846">
				<ele>794.62</ele>
			</trkpt>
			<trkpt lat="51.79401" lon="10.60935">
				<ele>794.62</ele>
			</trkpt>
			<trkpt lat="51.79404" lon="10.60979">
				<ele>794.62</ele>
			</trkpt>
			<trkpt lat="51.79407" lon="10.61011">
				<ele>794.62</ele>
			</trkpt>
			<trkpt lat="51.79412" lon="10.61047">
				<ele>801.43</ele>
			</trkpt>
			<trkpt lat="51.79412" lon="10.61076">
				<ele>801.43</ele>
			</trkpt>
			<trkpt lat="51.79412" lon="10.61113">
				<ele>801.43</ele>
			</trkpt>
			<trkpt lat="51.79413" lon="10.61133">
				<ele>801.43</ele>
			</trkpt>
			<trkpt lat="51.7941" lon="10.6116">
				<ele>801.43</ele>
			</trkpt>
			<trkpt lat="51.79405" lon="10.61182">
				<ele>801.43</ele>
			</trkpt>
			<trkpt lat="51.79406" lon="10.61204">
				<ele>801.43</ele>
			</trkpt>
			<trkpt lat="51.79393" lon="10.61261">
				<ele>801.43</ele>
			</trkpt>
			<trkpt lat="51.79391" lon="10.61281">
				<ele>801.43</ele>
			</trkpt>
			<trkpt lat="51.79392" lon="10.61301">
				<ele>801.43</ele>
			</trkpt>
			<trkpt lat="51.79388" lon="10.61313">
				<ele>817.36</ele>
			</trkpt>
			<trkpt lat="51.79384" lon="10.61331">
				<ele>817.36</ele>
			</trkpt>
			<trkpt lat="51.79373" lon="10.61442">
				<ele>817.36</ele>
			</trkpt>
			<trkpt lat="51.7937" lon="10.61466">
				<ele>817.36</ele>
			</trkpt>
			<trkpt lat="51.79369" lon="10.61482">
				<ele>817.36</ele>
			</trkpt>
			<trkpt lat="51.79363" lon="10.61535">
				<ele>817.36</ele>
			</trkpt>
			<trkpt lat="51.79363" lon="10.61555">
				<ele>817.36</ele>
			</trkpt>
			<trkpt lat="51.7936" lon="10.61579">
				<ele>817.36</ele>
			</trkpt>
			<trkpt lat="51.79341" lon="10.61694">
				<ele>817.36</ele>
			</trkpt>
			<trkpt lat="51.79335" lon="10.61722">
				<ele>833.01</ele>
			</trkpt>
			<trkpt lat="51.79332" lon="10.61755">
				<ele>833.01</ele>
			</trkpt>
			<trkpt lat="51.79327" lon="10.61777">
				<ele>833.01</ele>
			</trkpt>
			<trkpt lat="51.79326" lon="10.61794">
				<ele>833.01</ele>
			</trkpt>
			<trkpt lat="51.79324" lon="10.61811">
				<ele>833.01</ele>
			</trkpt>
			<trkpt lat="51.79323" lon="10.61855">
				<ele>833.01</ele>
			</trkpt>
			<trkpt lat="51.79325" lon="10.61895">
				<ele>833.01</ele>
			</trkpt>
			<trkpt lat="51.79334" lon="10.61936">
				<ele>833.01</ele>
			</trkpt>
			<trkpt lat="51.79347" lon="10.61925">
				<ele>833.01</ele>
			</trkpt>
			<trkpt lat="51.79359" lon="10.61897">
				<ele>850.62</ele>
			</trkpt>
			<trkpt lat="51.79365" lon="10.61882">
				<ele>850.62</ele>
			</trkpt>
			<trkpt lat="51.79374" lon="10.61869">
				<ele>850.62</ele>
			</trkpt>
			<trkpt lat="51.79384" lon="10.61847">
				<ele>850.62</ele>
			</trkpt>
			<trkpt lat="51.79393" lon="10.61833">
				<ele>850.62</ele>
			</trkpt>
			<trkpt lat="51.7943" lon="10.61762">
				<ele>850.62</ele>
			</trkpt>
			<trkpt lat="51.79445" lon="10.61754">
				<ele>850.62</ele>
			</trkpt>
			<trkpt lat="51.7945" lon="10.61738">
				<ele>850.62</ele>
			</trkpt>
			<trkpt lat="51.79461" lon="10.61744">
				<ele>850.62</ele>
			</trkpt>
			<trkpt lat="51.79469" lon="10.61784">
				<ele>850.62</ele>
			</trkpt>
			<trkpt lat="51.79476" lon="10.61817">
				<ele>865.77</ele>
			</trkpt>
			<trkpt lat="51.79504" lon="10.61913">
				<ele>865.77</ele>
			</trkpt>
			<trkpt lat="51.79512" lon="10.6195">
				<ele>865.77</ele>
			</trkpt>
			<trkpt lat="51.79519" lon="10.61971">
				<ele>865.77</ele>
			</trkpt>
			<trkpt lat="51.79528" lon="10.62008">
				<ele>865.77</ele>
			</trkpt>
			<trkpt lat="51.79534" lon="10.62024">
				<ele>865.77</ele>
			</trkpt>
			<trkpt lat="51.7955" lon="10.62108">
				<ele>865.77</ele>
			</trkpt>
			<trkpt lat="51.79563" lon="10.62147">
				<ele>865.77</ele>
			</trkpt>
			<trkpt lat="51.79579" lon="10.62179">
				<ele>865.77</ele>
			</trkpt>
			<trkpt lat="51.79595" lon="10.62196">
				<ele>874.49</ele>
			</trkpt>
			<trkpt lat="51.7963" lon="10.62211">
				<ele>874.49</ele>
			</trkpt>
			<trkpt lat="51.79648" lon="10.62206">
				<ele>874.49</ele>
			</trkpt>
			<trkpt lat="51.79671" lon="10.62188">
				<ele>874.49</ele>
			</trkpt>
			<trkpt lat="51.79695" lon="10.62177">
				<ele>874.49</ele>
			</trkpt>
			<trkpt lat="51.79715" lon="10.62174">
				<ele>874.49</ele>
			</trkpt>
			<trkpt lat="51.79731" lon="10.62166">
				<ele>874.49</ele>
			</trkpt>
			<trkpt lat="51.79742" lon="10.62164">
				<ele>874.49</ele>
			</trkpt>
			<trkpt lat="51.79792" lon="10.62134">
				<ele>874.49</ele>
			</trkpt>
			<trkpt lat="51.7981" lon="10.62128">
				<ele>890.11</ele>
			</trkpt>
			<trkpt lat="51.79845" lon="10.62107">
				<ele>890.11</ele>
			</trkpt>
			<trkpt lat="51.79873" lon="10.62088">
				<ele>890.11</ele>
			</trkpt>
			<trkpt lat="51.79883" lon="10.62078">
				<ele>890.11</ele>
			</trkpt>
			<trkpt lat="51.799" lon="10.62053">
				<ele>890.11</ele>
			</trkpt>
			<trkpt lat="51.79911" lon="10.62031">
				<ele>890.11</ele>
			</trkpt>
			<trkpt lat="51.79929" lon="10.62008">
				<ele>890.11</ele>
			</trkpt>
			<trkpt lat="51.7999" lon="10.61913">
				<ele>890.11</ele>
			</trkpt>
			<trkpt lat="51.8" lon="10.61896">
				<ele>890.11</ele>
			</trkpt>
			<trkpt lat="51.80014" lon="10.61873">
				<ele>890.11</ele>
			</trkpt>
			<trkpt lat="51.80021" lon="10.61812">
				<ele>885.66</ele>
			</trkpt>
			<trkpt lat="51.80018" lon="10.61788">
				<ele>885.66</ele>
			</trkpt>
			<trkpt lat="51.80011" lon="10.61775">
				<ele>885.66</ele>
			</trkpt>
			<trkpt lat="51.80006" lon="10.6176">
				<ele>885.66</ele>
			</trkpt>
			<trkpt lat="51.79998" lon="10.6175">
				<ele>885.66</ele>
			</trkpt>
			<trkpt lat="51.79987" lon="10.61751">
				<ele>885.66</ele>
			</trkpt>
			<trkpt lat="51.79972" lon="10.61762">
				<ele>885.66</ele>
			</trkpt>
			<trkpt lat="51.79982" lon="10.6177">
				<ele>885.66</ele>
			</trkpt>
			<trkpt lat="51.79971" lon="10.61765">
				<ele>885.66</ele>
			</trkpt>
			<trkpt lat="51.79962" lon="10.61775">
				<ele>891.25</ele>
			</trkpt>
			<trkpt lat="51.79977" lon="10.61767">
				<ele>891.25</ele>
			</trkpt>
			<trkpt lat="51.79966" lon="10.61769">
				<ele>891.25</ele>
			</trkpt>
			<trkpt lat="51.79986" lon="10.61759">
				<ele>891.25</ele>
			</trkpt>
			<trkpt lat="51.8" lon="10.6174">
				<ele>891.25</ele>
			</trkpt>
			<trkpt lat="51.79994" lon="10.61709">
				<ele>891.25</ele>
			</trkpt>
			<trkpt lat="51.79987" lon="10.61686">
				<ele>891.25</ele>
			</trkpt>
			<trkpt lat="51.7997" lon="10.6162">
				<ele>891.25</ele>
			</trkpt>
			<trkpt lat="51.79977" lon="10.61601">
				<ele>891.25</ele>
			</trkpt>
			<trkpt lat="51.7999" lon="10.61588">
				<ele>882.09</ele>
			</trkpt>
			<trkpt lat="51.80004" lon="10.61583">
				<ele>882.09</ele>
			</trkpt>
			<trkpt lat="51.80023" lon="10.61581">
				<ele>882.09</ele>
			</trkpt>
			<trkpt lat="51.80034" lon="10.61573">
				<ele>882.09</ele>
			</trkpt>
			<trkpt lat="51.80046" lon="10.61581">
				<ele>882.09</ele>
			</trkpt>
			<trkpt lat="51.8002" lon="10.61581">
				<ele>882.09</ele>
			</trkpt>
			<trkpt lat="51.80005" lon="10.61578">
				<ele>882.09</ele>
			</trkpt>
			<trkpt lat="51.79995" lon="10.61558">
				<ele>882.09</ele>
			</trkpt>
			<trkpt lat="51.79999" lon="10.61574">
				<ele>882.09</ele>
			</trkpt>
			<trkpt lat="51.79978" lon="10.61564">
				<ele>882.09</ele>
			</trkpt>
			<trkpt lat="51.79964" lon="10.61556">
				<ele>906.09</ele>
			</trkpt>
			<trkpt lat="51.79953" lon="10.61568">
				<ele>906.09</ele>
			</trkpt>
			<trkpt lat="51.79937" lon="10.61566">
				<ele>906.09</ele>
			</trkpt>
			<trkpt lat="51.79923" lon="10.61552">
				<ele>906.09</ele>
			</trkpt>
			<trkpt lat="51.79916" lon="10.61537">
				<ele>906.09</ele>
			</trkpt>
			<trkpt lat="51.79918" lon="10.61556">
				<ele>906.09</ele>
			</trkpt>
			<trkpt lat="51.79909" lon="10.61544">
				<ele>906.09</ele>
			</trkpt>
			<trkpt lat="51.79901" lon="10.61556">
				<ele>906.09</ele>
			</trkpt>
			<trkpt lat="51.79926" lon="10.61564">
				<ele>906.09</ele>
			</trkpt>
			<trkpt lat="51.79939" lon="10.61572">
				<ele>942.68</ele>
			</trkpt>
			<trkpt lat="51.79955" lon="10.61572">
				<ele>942.68</ele>
			</trkpt>
			<trkpt lat="51.79966" lon="10.6161">
				<ele>942.68</ele>
			</trkpt>
			<trkpt lat="51.79958" lon="10.61619">
				<ele>942.68</ele>
			</trkpt>
			<trkpt lat="51.79968" lon="10.61614">
				<ele>942.68</ele>
			</trkpt>
			<trkpt lat="51.79973" lon="10.6164">
				<ele>942.68</ele>
			</trkpt>
			<trkpt lat="51.79976" lon="10.61654">
				<ele>942.68</ele>
			</trkpt>
			<trkpt lat="51.80014" lon="10.6179">
				<ele>942.68</ele>
			</trkpt>
			<trkpt lat="51.80019" lon="10.61812">
				<ele>942.68</ele>
			</trkpt>
			<trkpt lat="51.8002" lon="10.6183">
				<ele>979.64</ele>
			</trkpt>
			<trkpt lat="51.80016" lon="10.61862">
				<ele>979.64</ele>
			</trkpt>
			<trkpt lat="51.80011" lon="10.61879">
				<ele>979.64</ele>
			</trkpt>
			<trkpt lat="51.80003" lon="10.61896">
				<ele>979.64</ele>
			</trkpt>
			<trkpt lat="51.79989" lon="10.61917">
				<ele>979.64</ele>
			</trkpt>
			<trkpt lat="51.7996" lon="10.61955">
				<ele>979.64</ele>
			</trkpt>
			<trkpt lat="51.79937" lon="10.61999">
				<ele>979.64</ele>
			</trkpt>
			<trkpt lat="51.79882" lon="10.62078">
				<ele>979.64</ele>
			</trkpt>
			<trkpt lat="51.79857" lon="10.621">
				<ele>979.64</ele>
			</trkpt>
			<trkpt lat="51.79816" lon="10.62124">
				<ele>979.64</ele>
			</trkpt>
			<trkpt lat="51.79772" lon="10.62145">
				<ele>982.13</ele>
			</trkpt>
			<trkpt lat="51.79747" lon="10.62161">
				<ele>982.13</ele>
			</trkpt>
			<trkpt lat="51.79688" lon="10.62181">
				<ele>982.13</ele>
			</trkpt>
			<trkpt lat="51.79635" lon="10.62208">
				<ele>982.13</ele>
			</trkpt>
			<trkpt lat="51.79617" lon="10.62209">
				<ele>982.13</ele>
			</trkpt>
			<trkpt lat="51.7959" lon="10.62194">
				<ele>982.13</ele>
			</trkpt>
			<trkpt lat="51.79574" lon="10.62174">
				<ele>982.13</ele>
			</trkpt>
			<trkpt lat="51.79564" lon="10.62154">
				<ele>982.13</ele>
			</trkpt>
			<trkpt lat="51.79556" lon="10.6213">
				<ele>982.13</ele>
			</trkpt>
			<trkpt lat="51.79542" lon="10.62074">
				<ele>992.88</ele>
			</trkpt>
			<trkpt lat="51.79527" lon="10.61994">
				<ele>992.88</ele>
			</trkpt>
			<trkpt lat="51.79516" lon="10.61955">
				<ele>992.88</ele>
			</trkpt>
			<trkpt lat="51.79509" lon="10.61925">
				<ele>992.88</ele>
			</trkpt>
			<trkpt lat="51.79482" lon="10.61834">
				<ele>992.88</ele>
			</trkpt>
			<trkpt lat="51.79462" lon="10.61743">
				<ele>992.88</ele>
			</trkpt>
			<trkpt lat="51.79456" lon="10.6173">
				<ele>992.88</ele>
			</trkpt>
			<trkpt lat="51.79443" lon="10.61731">
				<ele>992.88</ele>
			</trkpt>
			<trkpt lat="51.79427" lon="10.61755">
				<ele>992.88</ele>
			</trkpt>
			<trkpt lat="51.79346" lon="10.61918">
				<ele>992.88</ele>
			</trkpt>
			<trkpt lat="51.79336" lon="10.61932">
				<ele>1006.37</ele>
			</trkpt>
			<trkpt lat="51.79325" lon="10.61881">
				<ele>1006.37</ele>
			</trkpt>
			<trkpt lat="51.79324" lon="10.61853">
				<ele>1006.37</ele>
			</trkpt>
			<trkpt lat="51.79325" lon="10.61814">
				<ele>1006.37</ele>
			</trkpt>
			<trkpt lat="51.7933" lon="10.61765">
				<ele>1006.37</ele>
			</trkpt>
			<trkpt lat="51.79337" lon="10.61712">
				<ele>1006.37</ele>
			</trkpt>
			<trkpt lat="51.79359" lon="10.61594">
				<ele>1006.37</ele>
			</trkpt>
			<trkpt lat="51.79365" lon="10.61556">
				<ele>1006.37</ele>
			</trkpt>
			<trkpt lat="51.79369" lon="10.61492">
				<ele>1006.37</ele>
			</trkpt>
			<trkpt lat="51.79372" lon="10.61473">
				<ele>1017.25</ele>
			</trkpt>
			<trkpt lat="51.79373" lon="10.61454">
				<ele>1017.25</ele>
			</trkpt>
			<trkpt lat="51.79381" lon="10.61372">
				<ele>1017.25</ele>
			</trkpt>
			<trkpt lat="51.79389" lon="10.61313">
				<ele>1017.25</ele>
			</trkpt>
			<trkpt lat="51.79394" lon="10.6129">
				<ele>1017.25</ele>
			</trkpt>
			<trkpt lat="51.79395" lon="10.61257">
				<ele>1017.25</ele>
			</trkpt>
			<trkpt lat="51.7941" lon="10.61186">
				<ele>1017.25</ele>
			</trkpt>
			<trkpt lat="51.79417" lon="10.61109">
				<ele>1017.25</ele>
			</trkpt>
			<trkpt lat="51.79415" lon="10.61032">
				<ele>1017.25</ele>
			</trkpt>
			<trkpt lat="51.79409" lon="10.60984">
				<ele>1025.89</ele>
			</trkpt>
			<trkpt lat="51.79404" lon="10.60932">
				<ele>1025.89</ele>
			</trkpt>
			<trkpt lat="51.79383" lon="10.60812">
				<ele>1025.89</ele>
			</trkpt>
			<trkpt lat="51.7938" lon="10.60772">
				<ele>1025.89</ele>
			</trkpt>
			<trkpt lat="51.79383" lon="10.60714">
				<ele>1025.89</ele>
			</trkpt>
			<trkpt lat="51.7939" lon="10.6065">
				<ele>1025.89</ele>
			</trkpt>
			<trkpt lat="51.79391" lon="10.60607">
				<ele>1025.89</ele>
			</trkpt>
			<trkpt lat="51.79389" lon="10.60563">
				<ele>1025.89</ele>
			</trkpt>
			<trkpt lat="51.79384" lon="10.60534">
				<ele>1025.89</ele>
			</trkpt>
			<trkpt lat="51.79361" lon="10.60464">
				<ele>1025.89</ele>
			</trkpt>
			<trkpt lat="51.79338" lon="10.60407">
				<ele>1071.89</ele>
			</trkpt>
			<trkpt lat="51.79328" lon="10.60373">
				<ele>1071.89</ele>
			</trkpt>
			<trkpt lat="51.79325" lon="10.60356">
				<ele>1071.89</ele>
			</trkpt>
			<trkpt lat="51.79318" lon="10.60303">
				<ele>1071.89</ele>
			</trkpt>
			<trkpt lat="51.79311" lon="10.60211">
				<ele>1071.89</ele>
			</trkpt>
			<trkpt lat="51.79307" lon="10.60171">
				<ele>1071.89</ele>
			</trkpt>
			<trkpt lat="51.793" lon="10.60057">
				<ele>1071.89</ele>
			</trkpt>
			<trkpt lat="51.79294" lon="10.6">
				<ele>1071.89</ele>
			</trkpt>
			<trkpt lat="51.7929" lon="10.5993">
				<ele>1071.89</ele>
			</trkpt>
			<trkpt lat="51.7929" lon="10.59882">
				<ele>1106.5</ele>
			</trkpt>
			<trkpt lat="51.79288" lon="10.59855">
				<ele>1106.5</ele>
			</trkpt>
			<trkpt lat="51.79278" lon="10.59759">
				<ele>1106.5</ele>
			</trkpt>
			<trkpt lat="51.79269" lon="10.59701">
				<ele>1106.5</ele>
			</trkpt>
			<trkpt lat="51.79257" lon="10.59654">
				<ele>1106.5</ele>
			</trkpt>
			<trkpt lat="51.79228" lon="10.59587">
				<ele>1106.5</ele>
			</trkpt>
			<trkpt lat="51.79206" lon="10.59501">
				<ele>1106.5</ele>
			</trkpt>
			<trkpt lat="51.79188" lon="10.59384">
				<ele>1106.5</ele>
			</trkpt>
			<trkpt lat="51.79177" lon="10.59332">
				<ele>1106.5</ele>
			</trkpt>
			<trkpt lat="51.79168" lon="10.5931">
				<ele>1128.87</ele>
			</trkpt>
			<trkpt lat="51.7916" lon="10.59299">
				<ele>1128.87</ele>
			</trkpt>
			<trkpt lat="51.79137" lon="10.59278">
				<ele>1128.87</ele>
			</trkpt>
			<trkpt lat="51.7911" lon="10.59268">
				<ele>1128.87</ele>
			</trkpt>
			<trkpt lat="51.79095" lon="10.59268">
				<ele>1128.87</ele>
			</trkpt>
			<trkpt lat="51.79077" lon="10.59277">
				<ele>1128.87</ele>
			</trkpt>
			<trkpt lat="51.78992" lon="10.59299">
				<ele>1128.87</ele>
			</trkpt>
			<trkpt lat="51.78957" lon="10.59306">
				<ele>1128.87</ele>
			</trkpt>
			<trkpt lat="51.78927" lon="10.59303">
				<ele>1128.87</ele>
			</trkpt>
			<trkpt lat="51.78908" lon="10.59296">
				<ele>1128.87</ele>
			</trkpt>
			<trkpt lat="51.78865" lon="10.59205">
				<ele>1142.22</ele>
			</trkpt>
			<trkpt lat="51.78852" lon="10.59168">
				<ele>1142.22</ele>
			</trkpt>
			<trkpt lat="51.78831" lon="10.591">
				<ele>1142.22</ele>
			</trkpt>
			<trkpt lat="51.78816" lon="10.59039">
				<ele>1142.22</ele>
			</trkpt>
			<trkpt lat="51.788" lon="10.58983">
				<ele>1142.22</ele>
			</trkpt>
			<trkpt lat="51.78789" lon="10.58953">
				<ele>1142.22</ele>
			</trkpt>
			<trkpt lat="51.78736" lon="10.58824">
				<ele>1142.22</ele>
			</trkpt>
			<trkpt lat="51.78733" lon="10.58808">
				<ele>1142.22</ele>
			</trkpt>
			<trkpt lat="51.78756" lon="10.58765">
				<ele>1142.22</ele>
			</trkpt>
			<trkpt lat="51.78764" lon="10.58741">
				<ele>1121.86</ele>
			</trkpt>
			<trkpt lat="51.78771" lon="10.58679">
				<ele>1121.86</ele>
			</trkpt>
			<trkpt lat="51.78771" lon="10.58658">
				<ele>1121.86</ele>
			</trkpt>
			<trkpt lat="51.7878" lon="10.58542">
				<ele>1121.86</ele>
			</trkpt>
			<trkpt lat="51.78783" lon="10.58493">
				<ele>1121.86</ele>
			</trkpt>
			<trkpt lat="51.78788" lon="10.58436">
				<ele>1121.86</ele>
			</trkpt>
			<trkpt lat="51.78799" lon="10.58409">
				<ele>1121.86</ele>
			</trkpt>
			<trkpt lat="51.78855" lon="10.58343">
				<ele>1121.86</ele>
			</trkpt>
			<trkpt lat="51.78929" lon="10.58267">
				<ele>1121.86</ele>
			</trkpt>
			<trkpt lat="51.78958" lon="10.58234">
				<ele>1106.58</ele>
			</trkpt>
			<trkpt lat="51.78991" lon="10.58201">
				<ele>1106.58</ele>
			</trkpt>
			<trkpt lat="51.79059" lon="10.58127">
				<ele>1106.58</ele>
			</trkpt>
			<trkpt lat="51.79083" lon="10.58105">
				<ele>1106.58</ele>
			</trkpt>
			<trkpt lat="51.7915" lon="10.58032">
				<ele>1106.58</ele>
			</trkpt>
			<trkpt lat="51.79176" lon="10.58007">
				<ele>1106.58</ele>
			</trkpt>
			<trkpt lat="51.79196" lon="10.57995">
				<ele>1106.58</ele>
			</trkpt>
			<trkpt lat="51.79223" lon="10.57988">
				<ele>1106.58</ele>
			</trkpt>
			<trkpt lat="51.79242" lon="10.57986">
				<ele>1106.58</ele>
			</trkpt>
			<trkpt lat="51.79266" lon="10.57989">
				<ele>1106.58</ele>
			</trkpt>
			<trkpt lat="51.79279" lon="10.57985">
				<ele>1047.63</ele>
			</trkpt>
			<trkpt lat="51.7929" lon="10.57975">
				<ele>1047.63</ele>
			</trkpt>
			<trkpt lat="51.79318" lon="10.57936">
				<ele>1047.63</ele>
			</trkpt>
			<trkpt lat="51.79363" lon="10.57911">
				<ele>1047.63</ele>
			</trkpt>
			<trkpt lat="51.79386" lon="10.57884">
				<ele>1047.63</ele>
			</trkpt>
			<trkpt lat="51.794" lon="10.57857">
				<ele>1047.63</ele>
			</trkpt>
			<trkpt lat="51.79408" lon="10.57836">
				<ele>1047.63</ele>
			</trkpt>
			<trkpt lat="51.79413" lon="10.57804">
				<ele>1047.63</ele>
			</trkpt>
			<trkpt lat="51.79419" lon="10.57786">
				<ele>1047.63</ele>
			</trkpt>
			<trkpt lat="51.79436" lon="10.5778">
				<ele>1025.49</ele>
			</trkpt>
			<trkpt lat="51.79462" lon="10.57784">
				<ele>1025.49</ele>
			</trkpt>
			<trkpt lat="51.79474" lon="10.57783">
				<ele>1025.49</ele>
			</trkpt>
			<trkpt lat="51.79484" lon="10.57777">
				<ele>1025.49</ele>
			</trkpt>
			<trkpt lat="51.79497" lon="10.57764">
				<ele>1025.49</ele>
			</trkpt>
			<trkpt lat="51.79533" lon="10.57714">
				<ele>1025.49</ele>
			</trkpt>
			<trkpt lat="51.7955" lon="10.57672">
				<ele>1025.49</ele>
			</trkpt>
			<trkpt lat="51.79575" lon="10.57625">
				<ele>1025.49</ele>
			</trkpt>
			<trkpt lat="51.79585" lon="10.57596">
				<ele>1025.49</ele>
			</trkpt>
			<trkpt lat="51.79587" lon="10.57565">
				<ele>1010.67</ele>
			</trkpt>
			<trkpt lat="51.79584" lon="10.57492">
				<ele>1010.67</ele>
			</trkpt>
			<trkpt lat="51.79579" lon="10.57442">
				<ele>1010.67</ele>
			</trkpt>
			<trkpt lat="51.79579" lon="10.5741">
				<ele>1010.67</ele>
			</trkpt>
			<trkpt lat="51.79577" lon="10.57388">
				<ele>1010.67</ele>
			</trkpt>
			<trkpt lat="51.79566" lon="10.57334">
				<ele>1010.67</ele>
			</trkpt>
			<trkpt lat="51.79564" lon="10.5731">
				<ele>1010.67</ele>
			</trkpt>
			<trkpt lat="51.79564" lon="10.57204">
				<ele>1010.67</ele>
			</trkpt>
			<trkpt lat="51.79563" lon="10.57169">
				<ele>1010.67</ele>
			</trkpt>
			<trkpt lat="51.79559" lon="10.57121">
				<ele>1010.67</ele>
			</trkpt>
			<trkpt lat="51.79553" lon="10.57087">
				<ele>1002.8</ele>
			</trkpt>
			<trkpt lat="51.79534" lon="10.5702">
				<ele>1002.8</ele>
			</trkpt>
			<trkpt lat="51.79521" lon="10.56983">
				<ele>1002.8</ele>
			</trkpt>
			<trkpt lat="51.79508" lon="10.56953">
				<ele>1002.8</ele>
			</trkpt>
			<trkpt lat="51.79504" lon="10.56934">
				<ele>1002.8</ele>
			</trkpt>
			<trkpt lat="51.79501" lon="10.56891">
				<ele>1002.8</ele>
			</trkpt>
			<trkpt lat="51.79501" lon="10.56868">
				<ele>1002.8</ele>
			</trkpt>
			<trkpt lat="51.79504" lon="10.56833">
				<ele>1002.8</ele>
			</trkpt>
			<trkpt lat="51.79501" lon="10.56789">
				<ele>1002.8</ele>
			</trkpt>
			<trkpt lat="51.79502" lon="10.56766">
				<ele>991.86</ele>
			</trkpt>
			<trkpt lat="51.79497" lon="10.56749">
				<ele>991.86</ele>
			</trkpt>
			<trkpt lat="51.7948" lon="10.56718">
				<ele>991.86</ele>
			</trkpt>
			<trkpt lat="51.79475" lon="10.56703">
				<ele>991.86</ele>
			</trkpt>
			<trkpt lat="51.79471" lon="10.56685">
				<ele>991.86</ele>
			</trkpt>
			<trkpt lat="51.79467" lon="10.56658">
				<ele>991.86</ele>
			</trkpt>
			<trkpt lat="51.79464" lon="10.56604">
				<ele>991.86</ele>
			</trkpt>
			<trkpt lat="51.79462" lon="10.56589">
				<ele>991.86</ele>
			</trkpt>
			<trkpt lat="51.79461" lon="10.56527">
				<ele>991.86</ele>
			</trkpt>
			<trkpt lat="51.79471" lon="10.56463">
				<ele>980.87</ele>
			</trkpt>
			<trkpt lat="51.79475" lon="10.56443">
				<ele>980.87</ele>
			</trkpt>
			<trkpt lat="51.79492" lon="10.56413">
				<ele>980.87</ele>
			</trkpt>
			<trkpt lat="51.79513" lon="10.5639">
				<ele>980.87</ele>
			</trkpt>
			<trkpt lat="51.79526" lon="10.5637">
				<ele>980.87</ele>
			</trkpt>
			<trkpt lat="51.79533" lon="10.56354">
				<ele>980.87</ele>
			</trkpt>
			<trkpt lat="51.79537" lon="10.56336">
				<ele>980.87</ele>
			</trkpt>
			<trkpt lat="51.79545" lon="10.56265">
				<ele>980.87</ele>
			</trkpt>
			<trkpt lat="51.79552" lon="10.5623">
				<ele>980.87</ele>
			</trkpt>
			<trkpt lat="51.7956" lon="10.56202">
				<ele>980.87</ele>
			</trkpt>
			<trkpt lat="51.79566" lon="10.56188">
				<ele>976.7</ele>
			</trkpt>
			<trkpt lat="51.79575" lon="10.56175">
				<ele>976.7</ele>
			</trkpt>
			<trkpt lat="51.79587" lon="10.56147">
				<ele>976.7</ele>
			</trkpt>
			<trkpt lat="51.79595" lon="10.56126">
				<ele>976.7</ele>
			</trkpt>
			<trkpt lat="51.79603" lon="10.5609">
				<ele>976.7</ele>
			</trkpt>
			<trkpt lat="51.79611" lon="10.56073">
				<ele>976.7</ele>
			</trkpt>
			<trkpt lat="51.79621" lon="10.56059">
				<ele>976.7</ele>
			</trkpt>
			<trkpt lat="51.79629" lon="10.56052">
				<ele>976.7</ele>
			</trkpt>
			<trkpt lat="51.79638" lon="10.56049">
				<ele>976.7</ele>
			</trkpt>
			<trkpt lat="51.79645" lon="10.56005">
				<ele>928.49</ele>
			</trkpt>
			<trkpt lat="51.79647" lon="10.55884">
				<ele>928.49</ele>
			</trkpt>
			<trkpt lat="51.7965" lon="10.55838">
				<ele>928.49</ele>
			</trkpt>
			<trkpt lat="51.79657" lon="10.55776">
				<ele>928.49</ele>
			</trkpt>
			<trkpt lat="51.7966" lon="10.55719">
				<ele>928.49</ele>
			</trkpt>
			<trkpt lat="51.79657" lon="10.5566">
				<ele>928.49</ele>
			</trkpt>
			<trkpt lat="51.79653" lon="10.55622">
				<ele>928.49</ele>
			</trkpt>
			<trkpt lat="51.79645" lon="10.55591">
				<ele>928.49</ele>
			</trkpt>
			<trkpt lat="51.79637" lon="10.55531">
				<ele>928.49</ele>
			</trkpt>
			<trkpt lat="51.7962" lon="10.55482">
				<ele>900.38</ele>
			</trkpt>
			<trkpt lat="51.79615" lon="10.55461">
				<ele>900.38</ele>
			</trkpt>
			<trkpt lat="51.79611" lon="10.55448">
				<ele>900.38</ele>
			</trkpt>
			<trkpt lat="51.79603" lon="10.5543">
				<ele>900.38</ele>
			</trkpt>
			<trkpt lat="51.79582" lon="10.55395">
				<ele>900.38</ele>
			</trkpt>
			<trkpt lat="51.79576" lon="10.55357">
				<ele>900.38</ele>
			</trkpt>
			<trkpt lat="51.79575" lon="10.55318">
				<ele>900.38</ele>
			</trkpt>
			<trkpt lat="51.79573" lon="10.55296">
				<ele>900.38</ele>
			</trkpt>
			<trkpt lat="51.79571" lon="10.55182">
				<ele>900.38</ele>
			</trkpt>
			<trkpt lat="51.79559" lon="10.5515">
				<ele>900.38</ele>
			</trkpt>
			<trkpt lat="51.79564" lon="10.55134">
				<ele>894.11</ele>
			</trkpt>
			<trkpt lat="51.79575" lon="10.55123">
				<ele>894.11</ele>
			</trkpt>
			<trkpt lat="51.79591" lon="10.5509">
				<ele>894.11</ele>
			</trkpt>
			<trkpt lat="51.79595" lon="10.55075">
				<ele>894.11</ele>
			</trkpt>
			<trkpt lat="51.79597" lon="10.55052">
				<ele>894.11</ele>
			</trkpt>
			<trkpt lat="51.79593" lon="10.5502">
				<ele>894.11</ele>
			</trkpt>
			<trkpt lat="51.79594" lon="10.54995">
				<ele>894.11</ele>
			</trkpt>
			<trkpt lat="51.79607" lon="10.54976">
				<ele>894.11</ele>
			</trkpt>
			<trkpt lat="51.79611" lon="10.5496">
				<ele>894.11</ele>
			</trkpt>
			<trkpt lat="51.79607" lon="10.54942">
				<ele>879.91</ele>
			</trkpt>
			<trkpt lat="51.79607" lon="10.54927">
				<ele>879.91</ele>
			</trkpt>
			<trkpt lat="51.79617" lon="10.54899">
				<ele>879.91</ele>
			</trkpt>
			<trkpt lat="51.7962" lon="10.54886">
				<ele>879.91</ele>
			</trkpt>
			<trkpt lat="51.79618" lon="10.54865">
				<ele>879.91</ele>
			</trkpt>
			<trkpt lat="51.79619" lon="10.54849">
				<ele>879.91</ele>
			</trkpt>
			<trkpt lat="51.79637" lon="10.54815">
				<ele>879.91</ele>
			</trkpt>
			<trkpt lat="51.79638" lon="10.54786">
				<ele>879.91</ele>
			</trkpt>
			<trkpt lat="51.79643" lon="10.54766">
				<ele>879.91</ele>
			</trkpt>
			<trkpt lat="51.79657" lon="10.54742">
				<ele>886.23</ele>
			</trkpt>
			<trkpt lat="51.79669" lon="10.54728">
				<ele>886.23</ele>
			</trkpt>
			<trkpt lat="51.7968" lon="10.5472">
				<ele>886.23</ele>
			</trkpt>
			<trkpt lat="51.79703" lon="10.54688">
				<ele>886.23</ele>
			</trkpt>
			<trkpt lat="51.79713" lon="10.54671">
				<ele>886.23</ele>
			</trkpt>
			<trkpt lat="51.79716" lon="10.5465">
				<ele>886.23</ele>
			</trkpt>
			<trkpt lat="51.79729" lon="10.54621">
				<ele>886.23</ele>
			</trkpt>
			<trkpt lat="51.79738" lon="10.54609">
				<ele>886.23</ele>
			</trkpt>
			<trkpt lat="51.79743" lon="10.54595">
				<ele>886.23</ele>
			</trkpt>
			<trkpt lat="51.7977" lon="10.54569">
				<ele>886.23</ele>
			</trkpt>
			<trkpt lat="51.79785" lon="10.54565">
				<ele>877.46</ele>
			</trkpt>
			<trkpt lat="51.79812" lon="10.54537">
				<ele>877.46</ele>
			</trkpt>
			<trkpt lat="51.7983" lon="10.54513">
				<ele>877.46</ele>
			</trkpt>
			<trkpt lat="51.79836" lon="10.54501">
				<ele>877.46</ele>
			</trkpt>
			<trkpt lat="51.79848" lon="10.54471">
				<ele>877.46</ele>
			</trkpt>
			<trkpt lat="51.79864" lon="10.54422">
				<ele>877.46</ele>
			</trkpt>
			<trkpt lat="51.79867" lon="10.54401">
				<ele>877.46</ele>
			</trkpt>
			<trkpt lat="51.79867" lon="10.54379">
				<ele>877.46</ele>
			</trkpt>
			<trkpt lat="51.79867" lon="10.54364">
				<ele>877.46</ele>
			</trkpt>
			<trkpt lat="51.79863" lon="10.54339">
				<ele>865.99</ele>
			</trkpt>
			<trkpt lat="51.79864" lon="10.54274">
				<ele>865.99</ele>
			</trkpt>
			<trkpt lat="51.79862" lon="10.54253">
				<ele>865.99</ele>
			</trkpt>
			<trkpt lat="51.79858" lon="10.54221">
				<ele>865.99</ele>
			</trkpt>
			<trkpt lat="51.79854" lon="10.54206">
				<ele>865.99</ele>
			</trkpt>
			<trkpt lat="51.79853" lon="10.5419">
				<ele>865.99</ele>
			</trkpt>
			<trkpt lat="51.79842" lon="10.54139">
				<ele>865.99</ele>
			</trkpt>
			<trkpt lat="51.79825" lon="10.54074">
				<ele>865.99</ele>
			</trkpt>
			<trkpt lat="51.7983" lon="10.54057">
				<ele>865.99</ele>
			</trkpt>
			<trkpt lat="51.79854" lon="10.5404">
				<ele>865.99</ele>
			</trkpt>
			<trkpt lat="51.79848" lon="10.54016">
				<ele>842.67</ele>
			</trkpt>
			<trkpt lat="51.7984" lon="10.5398">
				<ele>842.67</ele>
			</trkpt>
			<trkpt lat="51.79834" lon="10.53968">
				<ele>842.67</ele>
			</trkpt>
			<trkpt lat="51.79839" lon="10.53946">
				<ele>842.67</ele>
			</trkpt>
			<trkpt lat="51.79864" lon="10.53922">
				<ele>842.67</ele>
			</trkpt>
			<trkpt lat="51.79974" lon="10.53792">
				<ele>842.67</ele>
			</trkpt>
			<trkpt lat="51.8002" lon="10.53745">
				<ele>842.67</ele>
			</trkpt>
			<trkpt lat="51.8004" lon="10.53734">
				<ele>842.67</ele>
			</trkpt>
			<trkpt lat="51.80068" lon="10.53725">
				<ele>842.67</ele>
			</trkpt>
			<trkpt lat="51.80117" lon="10.53722">
				<ele>822.4</ele>
			</trkpt>
			<trkpt lat="51.80167" lon="10.53714">
				<ele>822.4</ele>
			</trkpt>
			<trkpt lat="51.80198" lon="10.53698">
				<ele>822.4</ele>
			</trkpt>
			<trkpt lat="51.80242" lon="10.53673">
				<ele>822.4</ele>
			</trkpt>
			<trkpt lat="51.80296" lon="10.53637">
				<ele>822.4</ele>
			</trkpt>
			<trkpt lat="51.80302" lon="10.53648">
				<ele>822.4</ele>
			</trkpt>
			<trkpt lat="51.80291" lon="10.5366">
				<ele>822.4</ele>
			</trkpt>
			<trkpt lat="51.80306" lon="10.53634">
				<ele>822.4</ele>
			</trkpt>
			<trkpt lat="51.80314" lon="10.53626">
				<ele>822.4</ele>
			</trkpt>
			<trkpt lat="51.80425" lon="10.5355">
				<ele>810.02</ele>
			</trkpt>
			<trkpt lat="51.80488" lon="10.53503">
				<ele>810.02</ele>
			</trkpt>
			<trkpt lat="51.80508" lon="10.53483">
				<ele>810.02</ele>
			</trkpt>
			<trkpt lat="51.8054" lon="10.53448">
				<ele>810.02</ele>
			</trkpt>
			<trkpt lat="51.80566" lon="10.53413">
				<ele>810.02</ele>
			</trkpt>
			<trkpt lat="51.80589" lon="10.53371">
				<ele>810.02</ele>
			</trkpt>
			<trkpt lat="51.806" lon="10.53346">
				<ele>810.02</ele>
			</trkpt>
			<trkpt lat="51.80614" lon="10.53308">
				<ele>810.02</ele>
			</trkpt>
			<trkpt lat="51.80727" lon="10.5296">
				<ele>810.02</ele>
			</trkpt>
			<trkpt lat="51.80741" lon="10.52921">
				<ele>810.02</ele>
			</trkpt>
			<trkpt lat="51.8076" lon="10.5288">
				<ele>807.04</ele>
			</trkpt>
			<trkpt lat="51.80781" lon="10.52846">
				<ele>807.04</ele>
			</trkpt>
			<trkpt lat="51.80814" lon="10.528">
				<ele>807.04</ele>
			</trkpt>
			<trkpt lat="51.80933" lon="10.52657">
				<ele>807.04</ele>
			</trkpt>
			<trkpt lat="51.80971" lon="10.5262">
				<ele>807.04</ele>
			</trkpt>
			<trkpt lat="51.81015" lon="10.52591">
				<ele>807.04</ele>
			</trkpt>
			<trkpt lat="51.81057" lon="10.52575">
				<ele>807.04</ele>
			</trkpt>
			<trkpt lat="51.81137" lon="10.5256">
				<ele>807.04</ele>
			</trkpt>
			<trkpt lat="51.81181" lon="10.52557">
				<ele>807.04</ele>
			</trkpt>
			<trkpt lat="51.81206" lon="10.52562">
				<ele>806.5</ele>
			</trkpt>
			<trkpt lat="51.81223" lon="10.52568">
				<ele>806.5</ele>
			</trkpt>
			<trkpt lat="51.81273" lon="10.52597">
				<ele>806.5</ele>
			</trkpt>
			<trkpt lat="51.81295" lon="10.52604">
				<ele>806.5</ele>
			</trkpt>
			<trkpt lat="51.81321" lon="10.52605">
				<ele>806.5</ele>
			</trkpt>
			<trkpt lat="51.81342" lon="10.52599">
				<ele>806.5</ele>
			</trkpt>
			<trkpt lat="51.81364" lon="10.52587">
				<ele>806.5</ele>
			</trkpt>
			<trkpt lat="51.81386" lon="10.52569">
				<ele>806.5</ele>
			</trkpt>
			<trkpt lat="51.81444" lon="10.52502">
				<ele>806.5</ele>
			</trkpt>
			<trkpt lat="51.81473" lon="10.52473">
				<ele>823.94</ele>
			</trkpt>
			<trkpt lat="51.81503" lon="10.52453">
				<ele>823.94</ele>
			</trkpt>
			<trkpt lat="51.81535" lon="10.52443">
				<ele>823.94</ele>
			</trkpt>
			<trkpt lat="51.81555" lon="10.52442">
				<ele>823.94</ele>
			</trkpt>
			<trkpt lat="51.81575" lon="10.52445">
				<ele>823.94</ele>
			</trkpt>
			<trkpt lat="51.81714" lon="10.52486">
				<ele>823.94</ele>
			</trkpt>
			<trkpt lat="51.81746" lon="10.52494">
				<ele>823.94</ele>
			</trkpt>
			<trkpt lat="51.81787" lon="10.52498">
				<ele>823.94</ele>
			</trkpt>
			<trkpt lat="51.81833" lon="10.5249">
				<ele>823.94</ele>
			</trkpt>
			<trkpt lat="51.81853" lon="10.52483">
				<ele>823.94</ele>
			</trkpt>
			<trkpt lat="51.81885" lon="10.52465">
				<ele>800.76</ele>
			</trkpt>
			<trkpt lat="51.81932" lon="10.52427">
				<ele>800.76</ele>
			</trkpt>
			<trkpt lat="51.82001" lon="10.5236">
				<ele>800.76</ele>
			</trkpt>
			<trkpt lat="51.82033" lon="10.52332">
				<ele>800.76</ele>
			</trkpt>
			<trkpt lat="51.82071" lon="10.52306">
				<ele>800.76</ele>
			</trkpt>
			<trkpt lat="51.82113" lon="10.52284">
				<ele>800.76</ele>
			</trkpt>
			<trkpt lat="51.82175" lon="10.52264">
				<ele>800.76</ele>
			</trkpt>
			<trkpt lat="51.82419" lon="10.52217">
				<ele>800.76</ele>
			</trkpt>
			<trkpt lat="51.82464" lon="10.52211">
				<ele>800.76</ele>
			</trkpt>
			<trkpt lat="51.82512" lon="10.52208">
				<ele>804.43</ele>
			</trkpt>
			<trkpt lat="51.82562" lon="10.5221">
				<ele>804.43</ele>
			</trkpt>
			<trkpt lat="51.8263" lon="10.5222">
				<ele>804.43</ele>
			</trkpt>
			<trkpt lat="51.82751" lon="10.52254">
				<ele>804.43</ele>
			</trkpt>
			<trkpt lat="51.82947" lon="10.52318">
				<ele>804.43</ele>
			</trkpt>
			<trkpt lat="51.82975" lon="10.52324">
				<ele>804.43</ele>
			</trkpt>
			<trkpt lat="51.82982" lon="10.52312">
				<ele>804.43</ele>
			</trkpt>
			<trkpt lat="51.82981" lon="10.52291">
				<ele>804.43</ele>
			</trkpt>
			<trkpt lat="51.82983" lon="10.52271">
				<ele>804.43</ele>
			</trkpt>
			<trkpt lat="51.8299" lon="10.52251">
				<ele>807.38</ele>
			</trkpt>
			<trkpt lat="51.82999" lon="10.52235">
				<ele>807.38</ele>
			</trkpt>
			<trkpt lat="51.8301" lon="10.52222">
				<ele>807.38</ele>
			</trkpt>
			<trkpt lat="51.83019" lon="10.52216">
				<ele>807.38</ele>
			</trkpt>
			<trkpt lat="51.83048" lon="10.52215">
				<ele>807.38</ele>
			</trkpt>
			<trkpt lat="51.83063" lon="10.52206">
				<ele>807.38</ele>
			</trkpt>
			<trkpt lat="51.83078" lon="10.52194">
				<ele>807.38</ele>
			</trkpt>
			<trkpt lat="51.83094" lon="10.52173">
				<ele>807.38</ele>
			</trkpt>
			<trkpt lat="51.83162" lon="10.52095">
				<ele>807.38</ele>
			</trkpt>
			<trkpt lat="51.83189" lon="10.52069">
				<ele>807.38</ele>
			</trkpt>
			<trkpt lat="51.83205" lon="10.5205">
				<ele>794.51</ele>
			</trkpt>
			<trkpt lat="51.83237" lon="10.52021">
				<ele>794.51</ele>
			</trkpt>
			<trkpt lat="51.83253" lon="10.52">
				<ele>794.51</ele>
			</trkpt>
			<trkpt lat="51.83262" lon="10.51974">
				<ele>794.51</ele>
			</trkpt>
			<trkpt lat="51.83267" lon="10.51935">
				<ele>794.51</ele>
			</trkpt>
			<trkpt lat="51.83269" lon="10.519">
				<ele>794.51</ele>
			</trkpt>
			<trkpt lat="51.8327" lon="10.5183">
				<ele>794.51</ele>
			</trkpt>
			<trkpt lat="51.83269" lon="10.51795">
				<ele>794.51</ele>
			</trkpt>
			<trkpt lat="51.83264" lon="10.51752">
				<ele>794.51</ele>
			</trkpt>
			<trkpt lat="51.83264" lon="10.51728">
				<ele>768.92</ele>
			</trkpt>
			<trkpt lat="51.83273" lon="10.51696">
				<ele>768.92</ele>
			</trkpt>
			<trkpt lat="51.83285" lon="10.51685">
				<ele>768.92</ele>
			</trkpt>
			<trkpt lat="51.83303" lon="10.51679">
				<ele>768.92</ele>
			</trkpt>
			<trkpt lat="51.83353" lon="10.5168">
				<ele>768.92</ele>
			</trkpt>
			<trkpt lat="51.83393" lon="10.51678">
				<ele>768.92</ele>
			</trkpt>
			<trkpt lat="51.83441" lon="10.51669">
				<ele>768.92</ele>
			</trkpt>
			<trkpt lat="51.83451" lon="10.51666">
				<ele>768.92</ele>
			</trkpt>
			<trkpt lat="51.83464" lon="10.51658">
				<ele>768.92</ele>
			</trkpt>
			<trkpt lat="51.83497" lon="10.51625">
				<ele>735.33</ele>
			</trkpt>
			<trkpt lat="51.83512" lon="10.51619">
				<ele>735.33</ele>
			</trkpt>
			<trkpt lat="51.83523" lon="10.51623">
				<ele>735.33</ele>
			</trkpt>
			<trkpt lat="51.83533" lon="10.51634">
				<ele>735.33</ele>
			</trkpt>
			<trkpt lat="51.83553" lon="10.51662">
				<ele>735.33</ele>
			</trkpt>
			<trkpt lat="51.83567" lon="10.51686">
				<ele>735.33</ele>
			</trkpt>
			<trkpt lat="51.83589" lon="10.51708">
				<ele>735.33</ele>
			</trkpt>
			<trkpt lat="51.83671" lon="10.51753">
				<ele>735.33</ele>
			</trkpt>
			<trkpt lat="51.83748" lon="10.51779">
				<ele>735.33</ele>
			</trkpt>
			<trkpt lat="51.83763" lon="10.51785">
				<ele>735.33</ele>
			</trkpt>
			<trkpt lat="51.83805" lon="10.51808">
				<ele>694.41</ele>
			</trkpt>
			<trkpt lat="51.83812" lon="10.51817">
				<ele>694.41</ele>
			</trkpt>
			<trkpt lat="51.83831" lon="10.51819">
				<ele>694.41</ele>
			</trkpt>
			<trkpt lat="51.83854" lon="10.51812">
				<ele>694.41</ele>
			</trkpt>
			<trkpt lat="51.83872" lon="10.51801">
				<ele>694.41</ele>
			</trkpt>
			<trkpt lat="51.83895" lon="10.51791">
				<ele>694.41</ele>
			</trkpt>
			<trkpt lat="51.83919" lon="10.51772">
				<ele>694.41</ele>
			</trkpt>
			<trkpt lat="51.83951" lon="10.51719">
				<ele>694.41</ele>
			</trkpt>
			<trkpt lat="51.83975" lon="10.51682">
				<ele>694.41</ele>
			</trkpt>
			<trkpt lat="51.84005" lon="10.51617">
				<ele>674.76</ele>
			</trkpt>
			<trkpt lat="51.84011" lon="10.51595">
				<ele>674.76</ele>
			</trkpt>
			<trkpt lat="51.84014" lon="10.51578">
				<ele>674.76</ele>
			</trkpt>
			<trkpt lat="51.84019" lon="10.51514">
				<ele>674.76</ele>
			</trkpt>
			<trkpt lat="51.84026" lon="10.51448">
				<ele>674.76</ele>
			</trkpt>
			<trkpt lat="51.84045" lon="10.51347">
				<ele>674.76</ele>
			</trkpt>
			<trkpt lat="51.8406" lon="10.5123">
				<ele>674.76</ele>
			</trkpt>
			<trkpt lat="51.84073" lon="10.51162">
				<ele>674.76</ele>
			</trkpt>
			<trkpt lat="51.84081" lon="10.51138">
				<ele>674.76</ele>
			</trkpt>
			<trkpt lat="51.84091" lon="10.5112">
				<ele>653.52</ele>
			</trkpt>
			<trkpt lat="51.84121" lon="10.51097">
				<ele>653.52</ele>
			</trkpt>
			<trkpt lat="51.84172" lon="10.51069">
				<ele>653.52</ele>
			</trkpt>
			<trkpt lat="51.84197" lon="10.5105">
				<ele>653.52</ele>
			</trkpt>
			<trkpt lat="51.84225" lon="10.51018">
				<ele>653.52</ele>
			</trkpt>
			<trkpt lat="51.84283" lon="10.50937">
				<ele>653.52</ele>
			</trkpt>
			<trkpt lat="51.8429" lon="10.50928">
				<ele>653.52</ele>
			</trkpt>
			<trkpt lat="51.8431" lon="10.50913">
				<ele>653.52</ele>
			</trkpt>
			<trkpt lat="51.84328" lon="10.50904">
				<ele>653.52</ele>
			</trkpt>
			<trkpt lat="51.8436" lon="10.50894">
				<ele>653.52</ele>
			</trkpt>
			<trkpt lat="51.84373" lon="10.50893">
				<ele>647.13</ele>
			</trkpt>
			<trkpt lat="51.84411" lon="10.50895">
				<ele>647.13</ele>
			</trkpt>
			<trkpt lat="51.84449" lon="10.50888">
				<ele>647.13</ele>
			</trkpt>
			<trkpt lat="51.84463" lon="10.50899">
				<ele>647.13</ele>
			</trkpt>
			<trkpt lat="51.84491" lon="10.50959">
				<ele>647.13</ele>
			</trkpt>
			<trkpt lat="51.84516" lon="10.51002">
				<ele>647.13</ele>
			</trkpt>
			<trkpt lat="51.84538" lon="10.51026">
				<ele>647.13</ele>
			</trkpt>
			<trkpt lat="51.84569" lon="10.5105">
				<ele>647.13</ele>
			</trkpt>
			<trkpt lat="51.84678" lon="10.51144">
				<ele>647.13</ele>
			</trkpt>
			<trkpt lat="51.84738" lon="10.51205">
				<ele>645.39</ele>
			</trkpt>
			<trkpt lat="51.84751" lon="10.51221">
				<ele>645.39</ele>
			</trkpt>
			<trkpt lat="51.84784" lon="10.51253">
				<ele>645.39</ele>
			</trkpt>
			<trkpt lat="51.84803" lon="10.51264">
				<ele>645.39</ele>
			</trkpt>
			<trkpt lat="51.84816" lon="10.51265">
				<ele>645.39</ele>
			</trkpt>
			<trkpt lat="51.84842" lon="10.51251">
				<ele>645.39</ele>
			</trkpt>
			<trkpt lat="51.8488" lon="10.51224">
				<ele>645.39</ele>
			</trkpt>
			<trkpt lat="51.84898" lon="10.51207">
				<ele>645.39</ele>
			</trkpt>
			<trkpt lat="51.84915" lon="10.51185">
				<ele>645.39</ele>
			</trkpt>
			<trkpt lat="51.84931" lon="10.51159">
				<ele>645.28</ele>
			</trkpt>
			<trkpt lat="51.84961" lon="10.51099">
				<ele>645.28</ele>
			</trkpt>
			<trkpt lat="51.8497" lon="10.51088">
				<ele>645.28</ele>
			</trkpt>
			<trkpt lat="51.84984" lon="10.51081">
				<ele>645.28</ele>
			</trkpt>
			<trkpt lat="51.85014" lon="10.51074">
				<ele>645.28</ele>
			</trkpt>
			<trkpt lat="51.85051" lon="10.51062">
				<ele>645.28</ele>
			</trkpt>
			<trkpt lat="51.85075" lon="10.51049">
				<ele>645.28</ele>
			</trkpt>
			<trkpt lat="51.85088" lon="10.51032">
				<ele>645.28</ele>
			</trkpt>
			<trkpt lat="51.85098" lon="10.51008">
				<ele>645.28</ele>
			</trkpt>
			<trkpt lat="51.85108" lon="10.50959">
				<ele>645.28</ele>
			</trkpt>
			<trkpt lat="51.85128" lon="10.50836">
				<ele>636.49</ele>
			</trkpt>
			<trkpt lat="51.85144" lon="10.50757">
				<ele>636.49</ele>
			</trkpt>
			<trkpt lat="51.85151" lon="10.50733">
				<ele>636.49</ele>
			</trkpt>
			<trkpt lat="51.85167" lon="10.50705">
				<ele>636.49</ele>
			</trkpt>
			<trkpt lat="51.85227" lon="10.5064">
				<ele>636.49</ele>
			</trkpt>
			<trkpt lat="51.85254" lon="10.50615">
				<ele>636.49</ele>
			</trkpt>
			<trkpt lat="51.85271" lon="10.50595">
				<ele>636.49</ele>
			</trkpt>
			<trkpt lat="51.85284" lon="10.50574">
				<ele>636.49</ele>
			</trkpt>
			<trkpt lat="51.85296" lon="10.50546">
				<ele>636.49</ele>
			</trkpt>
			<trkpt lat="51.85303" lon="10.50516">
				<ele>637.89</ele>
			</trkpt>
			<trkpt lat="51.85329" lon="10.50375">
				<ele>637.89</ele>
			</trkpt>
			<trkpt lat="51.85336" lon="10.50356">
				<ele>637.89</ele>
			</trkpt>
			<trkpt lat="51.85346" lon="10.50345">
				<ele>637.89</ele>
			</trkpt>
			<trkpt lat="51.8536" lon="10.50353">
				<ele>637.89</ele>
			</trkpt>
			<trkpt lat="51.85369" lon="10.50385">
				<ele>637.89</ele>
			</trkpt>
			<trkpt lat="51.85394" lon="10.50462">
				<ele>637.89</ele>
			</trkpt>
			<trkpt lat="51.85404" lon="10.50484">
				<ele>637.89</ele>
			</trkpt>
			<trkpt lat="51.85424" lon="10.50521">
				<ele>637.89</ele>
			</trkpt>
			<trkpt lat="51.85443" lon="10.50549">
				<ele>629.09</ele>
			</trkpt>
			<trkpt lat="51.85457" lon="10.50567">
				<ele>629.09</ele>
			</trkpt>
			<trkpt lat="51.85487" lon="10.50613">
				<ele>629.09</ele>
			</trkpt>
			<trkpt lat="51.85543" lon="10.50692">
				<ele>629.09</ele>
			</trkpt>
			<trkpt lat="51.85581" lon="10.50752">
				<ele>629.09</ele>
			</trkpt>
			<trkpt lat="51.85596" lon="10.50771">
				<ele>629.09</ele>
			</trkpt>
			<trkpt lat="51.85616" lon="10.50797">
				<ele>629.09</ele>
			</trkpt>
			<trkpt lat="51.85632" lon="10.50813">
				<ele>629.09</ele>
			</trkpt>
			<trkpt lat="51.85654" lon="10.50833">
				<ele>629.09</ele>
			</trkpt>
			<trkpt lat="51.85682" lon="10.50855">
				<ele>629.09</ele>
			</trkpt>
			<trkpt lat="51.85711" lon="10.50857">
				<ele>646.53</ele>
			</trkpt>
			<trkpt lat="51.8573" lon="10.50859">
				<ele>646.53</ele>
			</trkpt>
			<trkpt lat="51.85747" lon="10.50863">
				<ele>646.53</ele>
			</trkpt>
			<trkpt lat="51.85762" lon="10.50872">
				<ele>646.53</ele>
			</trkpt>
			<trkpt lat="51.85781" lon="10.50878">
				<ele>646.53</ele>
			</trkpt>
			<trkpt lat="51.85796" lon="10.50886">
				<ele>646.53</ele>
			</trkpt>
			<trkpt lat="51.8581" lon="10.50896">
				<ele>646.53</ele>
			</trkpt>
			<trkpt lat="51.85833" lon="10.50919">
				<ele>646.53</ele>
			</trkpt>
			<trkpt lat="51.85843" lon="10.5093">
				<ele>646.53</ele>
			</trkpt>
			<trkpt lat="51.8586" lon="10.50959">
				<ele>651.31</ele>
			</trkpt>
			<trkpt lat="51.85878" lon="10.51001">
				<ele>651.31</ele>
			</trkpt>
			<trkpt lat="51.85896" lon="10.51058">
				<ele>651.31</ele>
			</trkpt>
			<trkpt lat="51.8592" lon="10.51108">
				<ele>651.31</ele>
			</trkpt>
			<trkpt lat="51.85938" lon="10.5114">
				<ele>651.31</ele>
			</trkpt>
			<trkpt lat="51.85971" lon="10.51178">
				<ele>651.31</ele>
			</trkpt>
			<trkpt lat="51.86021" lon="10.51229">
				<ele>651.31</ele>
			</trkpt>
			<trkpt lat="51.86033" lon="10.51244">
				<ele>651.31</ele>
			</trkpt>
			<trkpt lat="51.86051" lon="10.51261">
				<ele>651.31</ele>
			</trkpt>
			<trkpt lat="51.86091" lon="10.51288">
				<ele>651.31</ele>
			</trkpt>
			<trkpt lat="51.86111" lon="10.51296">
				<ele>645.61</ele>
			</trkpt>
			<trkpt lat="51.86122" lon="10.51296">
				<ele>645.61</ele>
			</trkpt>
			<trkpt lat="51.86136" lon="10.51288">
				<ele>645.61</ele>
			</trkpt>
			<trkpt lat="51.8615" lon="10.51269">
				<ele>645.61</ele>
			</trkpt>
			<trkpt lat="51.86194" lon="10.51222">
				<ele>645.61</ele>
			</trkpt>
			<trkpt lat="51.86219" lon="10.51198">
				<ele>645.61</ele>
			</trkpt>
			<trkpt lat="51.8624" lon="10.51181">
				<ele>645.61</ele>
			</trkpt>
			<trkpt lat="51.86267" lon="10.51169">
				<ele>645.61</ele>
			</trkpt>
			<trkpt lat="51.86288" lon="10.51166">
				<ele>645.61</ele>
			</trkpt>
			<trkpt lat="51.8631" lon="10.51159">
				<ele>618.71</ele>
			</trkpt>
			<trkpt lat="51.86341" lon="10.51156">
				<ele>618.71</ele>
			</trkpt>
			<trkpt lat="51.86359" lon="10.51169">
				<ele>618.71</ele>
			</trkpt>
			<trkpt lat="51.86371" lon="10.51182">
				<ele>618.71</ele>
			</trkpt>
			<trkpt lat="51.86385" lon="10.51183">
				<ele>618.71</ele>
			</trkpt>
			<trkpt lat="51.86401" lon="10.5119">
				<ele>618.71</ele>
			</trkpt>
			<trkpt lat="51.86438" lon="10.51194">
				<ele>618.71</ele>
			</trkpt>
			<trkpt lat="51.86475" lon="10.51216">
				<ele>618.71</ele>
			</trkpt>
			<trkpt lat="51.86494" lon="10.51222">
				<ele>618.71</ele>
			</trkpt>
			<trkpt lat="51.86551" lon="10.51202">
				<ele>618.17</ele>
			</trkpt>
			<trkpt lat="51.86574" lon="10.51189">
				<ele>618.17</ele>
			</trkpt>
			<trkpt lat="51.86589" lon="10.51172">
				<ele>618.17</ele>
			</trkpt>
			<trkpt lat="51.86606" lon="10.51148">
				<ele>618.17</ele>
			</trkpt>
			<trkpt lat="51.86651" lon="10.51092">
				<ele>618.17</ele>
			</trkpt>
			<trkpt lat="51.86683" lon="10.51038">
				<ele>618.17</ele>
			</trkpt>
			<trkpt lat="51.86702" lon="10.51023">
				<ele>618.17</ele>
			</trkpt>
			<trkpt lat="51.86731" lon="10.51007">
				<ele>618.17</ele>
			</trkpt>
			<trkpt lat="51.86754" lon="10.51005">
				<ele>618.17</ele>
			</trkpt>
			<trkpt lat="51.86764" lon="10.51008">
				<ele>618.17</ele>
			</trkpt>
			<trkpt lat="51.8678" lon="10.51018">
				<ele>619.91</ele>
			</trkpt>
			<trkpt lat="51.868" lon="10.51037">
				<ele>619.91</ele>
			</trkpt>
			<trkpt lat="51.8682" lon="10.51052">
				<ele>619.91</ele>
			</trkpt>
			<trkpt lat="51.8684" lon="10.51062">
				<ele>619.91</ele>
			</trkpt>
			<trkpt lat="51.86857" lon="10.51067">
				<ele>619.91</ele>
			</trkpt>
			<trkpt lat="51.86872" lon="10.51067">
				<ele>619.91</ele>
			</trkpt>
			<trkpt lat="51.86911" lon="10.51055">
				<ele>619.91</ele>
			</trkpt>
			<trkpt lat="51.86935" lon="10.51053">
				<ele>619.91</ele>
			</trkpt>
			<trkpt lat="51.8698" lon="10.51055">
				<ele>619.91</ele>
			</trkpt>
			<trkpt lat="51.87026" lon="10.51046">
				<ele>617.38</ele>
			</trkpt>
			<trkpt lat="51.8704" lon="10.51038">
				<ele>617.38</ele>
			</trkpt>
			<trkpt lat="51.8705" lon="10.51026">
				<ele>617.38</ele>
			</trkpt>
			<trkpt lat="51.87062" lon="10.50961">
				<ele>617.38</ele>
			</trkpt>
			<trkpt lat="51.87076" lon="10.50916">
				<ele>617.38</ele>
			</trkpt>
			<trkpt lat="51.87088" lon="10.50896">
				<ele>617.38</ele>
			</trkpt>
			<trkpt lat="51.87096" lon="10.50889">
				<ele>617.38</ele>
			</trkpt>
			<trkpt lat="51.87112" lon="10.50889">
				<ele>617.38</ele>
			</trkpt>
			<trkpt lat="51.87122" lon="10.509">
				<ele>617.38</ele>
			</trkpt>
			<trkpt lat="51.87142" lon="10.50949">
				<ele>633.42</ele>
			</trkpt>
			<trkpt lat="51.8715" lon="10.5096">
				<ele>633.42</ele>
			</trkpt>
			<trkpt lat="51.87169" lon="10.50967">
				<ele>633.42</ele>
			</trkpt>
			<trkpt lat="51.87179" lon="10.50959">
				<ele>633.42</ele>
			</trkpt>
			<trkpt lat="51.87191" lon="10.50959">
				<ele>633.42</ele>
			</trkpt>
			<trkpt lat="51.87204" lon="10.50965">
				<ele>633.42</ele>
			</trkpt>
			<trkpt lat="51.87244" lon="10.50993">
				<ele>633.42</ele>
			</trkpt>
			<trkpt lat="51.87258" lon="10.50996">
				<ele>633.42</ele>
			</trkpt>
			<trkpt lat="51.87269" lon="10.50994">
				<ele>633.42</ele>
			</trkpt>
			<trkpt lat="51.87303" lon="10.50979">
				<ele>633.42</ele>
			</trkpt>
			<trkpt lat="51.87337" lon="10.50976">
				<ele>630.38</ele>
			</trkpt>
			<trkpt lat="51.87356" lon="10.50984">
				<ele>630.38</ele>
			</trkpt>
			<trkpt lat="51.87376" lon="10.50998">
				<ele>630.38</ele>
			</trkpt>
			<trkpt lat="51.8742" lon="10.51045">
				<ele>630.38</ele>
			</trkpt>
			<trkpt lat="51.87432" lon="10.51063">
				<ele>630.38</ele>
			</trkpt>
			<trkpt lat="51.87451" lon="10.51113">
				<ele>630.38</ele>
			</trkpt>
			<trkpt lat="51.87465" lon="10.5117">
				<ele>630.38</ele>
			</trkpt>
			<trkpt lat="51.87471" lon="10.51183">
				<ele>630.38</ele>
			</trkpt>
			<trkpt lat="51.87487" lon="10.51197">
				<ele>630.38</ele>
			</trkpt>
			<trkpt lat="51.87499" lon="10.51199">
				<ele>614.02</ele>
			</trkpt>
			<trkpt lat="51.87518" lon="10.5119">
				<ele>614.02</ele>
			</trkpt>
			<trkpt lat="51.87546" lon="10.51169">
				<ele>614.02</ele>
			</trkpt>
			<trkpt lat="51.87565" lon="10.51147">
				<ele>614.02</ele>
			</trkpt>
			<trkpt lat="51.87571" lon="10.51136">
				<ele>614.02</ele>
			</trkpt>
			<trkpt lat="51.87581" lon="10.51124">
				<ele>614.02</ele>
			</trkpt>
			<trkpt lat="51.87609" lon="10.51099">
				<ele>614.02</ele>
			</trkpt>
			<trkpt lat="51.87624" lon="10.51092">
				<ele>614.02</ele>
			</trkpt>
			<trkpt lat="51.87639" lon="10.51089">
				<ele>614.02</ele>
			</trkpt>
			<trkpt lat="51.87661" lon="10.51093">
				<ele>594.47</ele>
			</trkpt>
			<trkpt lat="51.87673" lon="10.51089">
				<ele>594.47</ele>
			</trkpt>
			<trkpt lat="51.8769" lon="10.5107">
				<ele>594.47</ele>
			</trkpt>
			<trkpt lat="51.87708" lon="10.51024">
				<ele>594.47</ele>
			</trkpt>
			<trkpt lat="51.87743" lon="10.50941">
				<ele>594.47</ele>
			</trkpt>
			<trkpt lat="51.87764" lon="10.50905">
				<ele>594.47</ele>
			</trkpt>
			<trkpt lat="51.87781" lon="10.50869">
				<ele>594.47</ele>
			</trkpt>
			<trkpt lat="51.87793" lon="10.50853">
				<ele>594.47</ele>
			</trkpt>
			<trkpt lat="51.87819" lon="10.5083">
				<ele>594.47</ele>
			</trkpt>
			<trkpt lat="51.87831" lon="10.50824">
				<ele>594.47</ele>
			</trkpt>
			<trkpt lat="51.87845" lon="10.50825">
				<ele>594.4</ele>
			</trkpt>
			<trkpt lat="51.87855" lon="10.50833">
				<ele>594.4</ele>
			</trkpt>
			<trkpt lat="51.87859" lon="10.50852">
				<ele>594.4</ele>
			</trkpt>
			<trkpt lat="51.87859" lon="10.50907">
				<ele>594.4</ele>
			</trkpt>
			<trkpt lat="51.87865" lon="10.50965">
				<ele>594.4</ele>
			</trkpt>
			<trkpt lat="51.87869" lon="10.50985">
				<ele>594.4</ele>
			</trkpt>
			<trkpt lat="51.87883" lon="10.51012">
				<ele>594.4</ele>
			</trkpt>
			<trkpt lat="51.87905" lon="10.51047">
				<ele>594.4</ele>
			</trkpt>
			<trkpt lat="51.8792" lon="10.5108">
				<ele>594.4</ele>
			</trkpt>
			<trkpt lat="51.87945" lon="10.51124">
				<ele>615.41</ele>
			</trkpt>
			<trkpt lat="51.87956" lon="10.51149">
				<ele>615.41</ele>
			</trkpt>
			<trkpt lat="51.87993" lon="10.51189">
				<ele>615.41</ele>
			</trkpt>
			<trkpt lat="51.88032" lon="10.51264">
				<ele>615.41</ele>
			</trkpt>
			<trkpt lat="51.8806" lon="10.51307">
				<ele>615.41</ele>
			</trkpt>
			<trkpt lat="51.88072" lon="10.51323">
				<ele>615.41</ele>
			</trkpt>
			<trkpt lat="51.88102" lon="10.51349">
				<ele>615.41</ele>
			</trkpt>
			<trkpt lat="51.88114" lon="10.51356">
				<ele>615.41</ele>
			</trkpt>
			<trkpt lat="51.8816" lon="10.51373">
				<ele>615.41</ele>
			</trkpt>
			<trkpt lat="51.88178" lon="10.51378">
				<ele>615.86</ele>
			</trkpt>
			<trkpt lat="51.88167" lon="10.51375">
				<ele>615.86</ele>
			</trkpt>
			<trkpt lat="51.88115" lon="10.51351">
				<ele>615.86</ele>
			</trkpt>
			<trkpt lat="51.88097" lon="10.5134">
				<ele>615.86</ele>
			</trkpt>
			<trkpt lat="51.88067" lon="10.51313">
				<ele>615.86</ele>
			</trkpt>
			<trkpt lat="51.88051" lon="10.51295">
				<ele>615.86</ele>
			</trkpt>
			<trkpt lat="51.88041" lon="10.51276">
				<ele>615.86</ele>
			</trkpt>
			<trkpt lat="51.88039" lon="10.51261">
				<ele>615.86</ele>
			</trkpt>
			<trkpt lat="51.88027" lon="10.51234">
				<ele>615.86</ele>
			</trkpt>
			<trkpt lat="51.8802" lon="10.5122">
				<ele>615.86</ele>
			</trkpt>
			<trkpt lat="51.88006" lon="10.512">
				<ele>588.79</ele>
			</trkpt>
			<trkpt lat="51.87991" lon="10.51207">
				<ele>588.79</ele>
			</trkpt>
			<trkpt lat="51.87988" lon="10.51224">
				<ele>588.79</ele>
			</trkpt>
			<trkpt lat="51.87991" lon="10.51254">
				<ele>588.79</ele>
			</trkpt>
			<trkpt lat="51.87993" lon="10.51284">
				<ele>588.79</ele>
			</trkpt>
			<trkpt lat="51.87991" lon="10.51301">
				<ele>588.79</ele>
			</trkpt>
			<trkpt lat="51.87989" lon="10.51267">
				<ele>588.79</ele>
			</trkpt>
			<trkpt lat="51.87984" lon="10.51244">
				<ele>588.79</ele>
			</trkpt>
			<trkpt lat="51.87984" lon="10.51226">
				<ele>588.79</ele>
			</trkpt>
			<trkpt lat="51.87988" lon="10.51206">
				<ele>562.86</ele>
			</trkpt>
			<trkpt lat="51.88001" lon="10.51207">
				<ele>562.86</ele>
			</trkpt>
			<trkpt lat="51.88007" lon="10.51245">
				<ele>562.86</ele>
			</trkpt>
			<trkpt lat="51.88013" lon="10.51264">
				<ele>562.86</ele>
			</trkpt>
			<trkpt lat="51.88021" lon="10.51277">
				<ele>562.86</ele>
			</trkpt>
			<trkpt lat="51.88028" lon="10.513">
				<ele>562.86</ele>
			</trkpt>
			<trkpt lat="51.88035" lon="10.51328">
				<ele>562.86</ele>
			</trkpt>
			<trkpt lat="51.88044" lon="10.51335">
				<ele>562.86</ele>
			</trkpt>
			<trkpt lat="51.88053" lon="10.51348">
				<ele>562.86</ele>
			</trkpt>
			<trkpt lat="51.88065" lon="10.5137">
				<ele>536.91</ele>
			</trkpt>
			<trkpt lat="51.88071" lon="10.51388">
				<ele>536.91</ele>
			</trkpt>
			<trkpt lat="51.88099" lon="10.51436">
				<ele>536.91</ele>
			</trkpt>
			<trkpt lat="51.8812" lon="10.51452">
				<ele>536.91</ele>
			</trkpt>
			<trkpt lat="51.88136" lon="10.51471">
				<ele>536.91</ele>
			</trkpt>
			<trkpt lat="51.88144" lon="10.51487">
				<ele>536.91</ele>
			</trkpt>
			<trkpt lat="51.88162" lon="10.51513">
				<ele>536.91</ele>
			</trkpt>
			<trkpt lat="51.88176" lon="10.51536">
				<ele>536.91</ele>
			</trkpt>
			<trkpt lat="51.88182" lon="10.51548">
				<ele>536.91</ele>
			</trkpt>
			<trkpt lat="51.88187" lon="10.51566">
				<ele>536.91</ele>
			</trkpt>
			<trkpt lat="51.88195" lon="10.51579">
				<ele>498.8</ele>
			</trkpt>
			<trkpt lat="51.88211" lon="10.516">
				<ele>498.8</ele>
			</trkpt>
			<trkpt lat="51.88233" lon="10.51652">
				<ele>498.8</ele>
			</trkpt>
			<trkpt lat="51.88221" lon="10.51659">
				<ele>498.8</ele>
			</trkpt>
			<trkpt lat="51.88237" lon="10.51669">
				<ele>498.8</ele>
			</trkpt>
			<trkpt lat="51.88248" lon="10.51685">
				<ele>498.8</ele>
			</trkpt>
			<trkpt lat="51.88261" lon="10.51697">
				<ele>498.8</ele>
			</trkpt>
			<trkpt lat="51.88271" lon="10.51712">
				<ele>498.8</ele>
			</trkpt>
			<trkpt lat="51.88293" lon="10.51731">
				<ele>498.8</ele>
			</trkpt>
			<trkpt lat="51.88312" lon="10.51745">
				<ele>473.18</ele>
			</trkpt>
			<trkpt lat="51.88322" lon="10.5174">
				<ele>473.18</ele>
			</trkpt>
			<trkpt lat="51.8836" lon="10.51744">
				<ele>473.18</ele>
			</trkpt>
			<trkpt lat="51.88383" lon="10.51748">
				<ele>473.18</ele>
			</trkpt>
			<trkpt lat="51.88422" lon="10.51759">
				<ele>473.18</ele>
			</trkpt>
			<trkpt lat="51.88438" lon="10.51768">
				<ele>473.18</ele>
			</trkpt>
			<trkpt lat="51.8847" lon="10.51801">
				<ele>473.18</ele>
			</trkpt>
			<trkpt lat="51.88484" lon="10.51807">
				<ele>473.18</ele>
			</trkpt>
			<trkpt lat="51.88505" lon="10.51803">
				<ele>473.18</ele>
			</trkpt>
			<trkpt lat="51.88538" lon="10.51784">
				<ele>466.41</ele>
			</trkpt>
			<trkpt lat="51.88557" lon="10.51768">
				<ele>466.41</ele>
			</trkpt>
			<trkpt lat="51.88657" lon="10.51661">
				<ele>466.41</ele>
			</trkpt>
			<trkpt lat="51.88684" lon="10.51639">
				<ele>466.41</ele>
			</trkpt>
			<trkpt lat="51.88722" lon="10.51613">
				<ele>466.41</ele>
			</trkpt>
			<trkpt lat="51.88734" lon="10.51602">
				<ele>466.41</ele>
			</trkpt>
			<trkpt lat="51.88743" lon="10.51584">
				<ele>466.41</ele>
			</trkpt>
			<trkpt lat="51.88748" lon="10.51561">
				<ele>466.41</ele>
			</trkpt>
			<trkpt lat="51.88749" lon="10.51537">
				<ele>466.41</ele>
			</trkpt>
			<trkpt lat="51.88755" lon="10.51501">
				<ele>466.41</ele>
			</trkpt>
			<trkpt lat="51.88762" lon="10.51473">
				<ele>423.62</ele>
			</trkpt>
			<trkpt lat="51.88769" lon="10.51455">
				<ele>423.62</ele>
			</trkpt>
			<trkpt lat="51.88772" lon="10.51439">
				<ele>423.62</ele>
			</trkpt>
			<trkpt lat="51.88777" lon="10.51422">
				<ele>423.62</ele>
			</trkpt>
			<trkpt lat="51.8878" lon="10.51397">
				<ele>423.62</ele>
			</trkpt>
			<trkpt lat="51.88788" lon="10.51376">
				<ele>423.62</ele>
			</trkpt>
			<trkpt lat="51.88798" lon="10.51359">
				<ele>423.62</ele>
			</trkpt>
			<trkpt lat="51.88809" lon="10.51346">
				<ele>423.62</ele>
			</trkpt>
			<trkpt lat="51.88823" lon="10.51342">
				<ele>423.62</ele>
			</trkpt>
			<trkpt lat="51.88852" lon="10.51338">
				<ele>411.91</ele>
			</trkpt>
			<trkpt lat="51.8888" lon="10.51314">
				<ele>411.91</ele>
			</trkpt>
			<trkpt lat="51.88896" lon="10.51294">
				<ele>411.91</ele>
			</trkpt>
			<trkpt lat="51.8891" lon="10.51271">
				<ele>411.91</ele>
			</trkpt>
			<trkpt lat="51.88923" lon="10.5124">
				<ele>411.91</ele>
			</trkpt>
			<trkpt lat="51.88933" lon="10.51209">
				<ele>411.91</ele>
			</trkpt>
			<trkpt lat="51.88923" lon="10.51218">
				<ele>411.91</ele>
			</trkpt>
			<trkpt lat="51.88912" lon="10.51261">
				<ele>411.91</ele>
			</trkpt>
			<trkpt lat="51.8892" lon="10.51295">
				<ele>411.91</ele>
			</trkpt>
			<trkpt lat="51.88914" lon="10.51277">
				<ele>355.56</ele>
			</trkpt>
			<trkpt lat="51.88911" lon="10.51263">
				<ele>355.56</ele>
			</trkpt>
			<trkpt lat="51.88928" lon="10.51213">
				<ele>355.56</ele>
			</trkpt>
			<trkpt lat="51.88932" lon="10.5119">
				<ele>355.56</ele>
			</trkpt>
			<trkpt lat="51.88931" lon="10.51161">
				<ele>355.56</ele>
			</trkpt>
			<trkpt lat="51.88914" lon="10.5104">
				<ele>355.56</ele>
			</trkpt>
			<trkpt lat="51.88916" lon="10.51009">
				<ele>355.56</ele>
			</trkpt>
			<trkpt lat="51.88925" lon="10.50964">
				<ele>355.56</ele>
			</trkpt>
			<trkpt lat="51.88934" lon="10.50942">
				<ele>355.56</ele>
			</trkpt>
			<trkpt lat="51.88951" lon="10.50926">
				<ele>355.56</ele>
			</trkpt>
			<trkpt lat="51.88963" lon="10.50919">
				<ele>334.66</ele>
			</trkpt>
			<trkpt lat="51.88976" lon="10.50907">
				<ele>334.66</ele>
			</trkpt>
			<trkpt lat="51.88987" lon="10.50895">
				<ele>334.66</ele>
			</trkpt>
			<trkpt lat="51.89014" lon="10.5092">
				<ele>334.66</ele>
			</trkpt>
			<trkpt lat="51.89049" lon="10.50952">
				<ele>334.66</ele>
			</trkpt>
			<trkpt lat="51.89091" lon="10.50994">
				<ele>334.66</ele>
			</trkpt>
			<trkpt lat="51.89138" lon="10.51046">
				<ele>334.66</ele>
			</trkpt>
			<trkpt lat="51.89161" lon="10.51073">
				<ele>334.66</ele>
			</trkpt>
			<trkpt lat="51.89178" lon="10.5109">
				<ele>334.66</ele>
			</trkpt>
			<trkpt lat="51.89194" lon="10.5111">
				<ele>310.36</ele>
			</trkpt>
			<trkpt lat="51.89202" lon="10.51119">
				<ele>310.36</ele>
			</trkpt>
			<trkpt lat="51.89205" lon="10.51097">
				<ele>310.36</ele>
			</trkpt>
			<trkpt lat="51.89205" lon="10.51082">
				<ele>310.36</ele>
			</trkpt>
			<trkpt lat="51.89204" lon="10.51104">
				<ele>310.36</ele>
			</trkpt>
			<trkpt lat="51.89192" lon="10.5114">
				<ele>310.36</ele>
			</trkpt>
			<trkpt lat="51.89206" lon="10.51155">
				<ele>310.36</ele>
			</trkpt>
			<trkpt lat="51.89218" lon="10.51169">
				<ele>310.36</ele>
			</trkpt>
			<trkpt lat="51.89232" lon="10.51169">
				<ele>310.36</ele>
			</trkpt>
		</trkseg>
	</trk>
</gpx>