<?xml version="1.0" encoding="UTF-8" standalone="no" ?>
<gpx xmlns="http://www.topografix.com/GPX/1/1"
		xmlns:gpxx="http://www.garmin.com/xmlschemas/GpxExtensions/v3"
		xmlns:gpxtpx="http://www.garmin.com/xmlschemas/TrackPointExtension/v1"
		xmlns:xsi="http://www.w3.org/2001/XMLSchema-instance"
		xsi:schemaLocation="http://www.topografix.com/GPX/1/1 http://www.topografix.com/GPX/1/1/gpx.xsd http://www.garmin.com/xmlschemas/GpxExtensions/v3 http://www.garmin.com/xmlschemas/GpxExtensionsv3.xsd http://www.garmin.com/xmlschemas/TrackPointExtension/v1 http://www.garmin.com/xmlschemas/TrackPointExtensionv1.xsd"
		creator="Gravelmap.com"
		version="1.1">

	<metadata>
		<name><![CDATA[Gravel Route: Harzen Torsdag]]></name>
		<desc><![CDATA[]]></desc>
		<link href="http://www.gravelmap.com/route/133621">
			<text><![CDATA[Gravel Route: Harzen Torsdag]]></text>
		</link>
		<time>2023-05-08T10:04:09-04:00</time>
	</metadata>

	<trk>
		<name><![CDATA[Gravel Route: Harzen Torsdag]]></name>
		<desc><![CDATA[]]></desc>
		<link href="http://www.gravelmap.com/route/133621">
			<text><![CDATA[Gravel Route: Harzen Torsdag]]></text>
		</link>
		<trkseg>
			<trkpt lat="51.73229" lon="10.60888">
				<ele>587.18</ele>
			</trkpt>
			<trkpt lat="51.7322" lon="10.60893">
				<ele>587.18</ele>
			</trkpt>
			<trkpt lat="51.7321" lon="10.60894">
				<ele>587.18</ele>
			</trkpt>
			<trkpt lat="51.73178" lon="10.60882">
				<ele>587.18</ele>
			</trkpt>
			<trkpt lat="51.73166" lon="10.60881">
				<ele>587.18</ele>
			</trkpt>
			<trkpt lat="51.73147" lon="10.60889">
				<ele>577.17</ele>
			</trkpt>
			<trkpt lat="51.73097" lon="10.60904">
				<ele>577.17</ele>
			</trkpt>
			<trkpt lat="51.73061" lon="10.6092">
				<ele>577.17</ele>
			</trkpt>
			<trkpt lat="51.73045" lon="10.60931">
				<ele>577.17</ele>
			</trkpt>
			<trkpt lat="51.73041" lon="10.60948">
				<ele>577.17</ele>
			</trkpt>
			<trkpt lat="51.73031" lon="10.61115">
				<ele>571.31</ele>
			</trkpt>
			<trkpt lat="51.73043" lon="10.61125">
				<ele>571.31</ele>
			</trkpt>
			<trkpt lat="51.73076" lon="10.61118">
				<ele>571.31</ele>
			</trkpt>
			<trkpt lat="51.73091" lon="10.61113">
				<ele>571.31</ele>
			</trkpt>
			<trkpt lat="51.73104" lon="10.6112">
				<ele>571.31</ele>
			</trkpt>
			<trkpt lat="51.73112" lon="10.61166">
				<ele>573.29</ele>
			</trkpt>
			<trkpt lat="51.73115" lon="10.61205">
				<ele>573.29</ele>
			</trkpt>
			<trkpt lat="51.73127" lon="10.61224">
				<ele>573.29</ele>
			</trkpt>
			<trkpt lat="51.7314" lon="10.61226">
				<ele>573.29</ele>
			</trkpt>
			<trkpt lat="51.73178" lon="10.61226">
				<ele>573.29</ele>
			</trkpt>
			<trkpt lat="51.73193" lon="10.61222">
				<ele>581.54</ele>
			</trkpt>
			<trkpt lat="51.73211" lon="10.61211">
				<ele>581.54</ele>
			</trkpt>
			<trkpt lat="51.73224" lon="10.61199">
				<ele>581.54</ele>
			</trkpt>
			<trkpt lat="51.73264" lon="10.61146">
				<ele>581.54</ele>
			</trkpt>
			<trkpt lat="51.73322" lon="10.61064">
				<ele>581.54</ele>
			</trkpt>
			<trkpt lat="51.73331" lon="10.61062">
				<ele>589.88</ele>
			</trkpt>
			<trkpt lat="51.73343" lon="10.61079">
				<ele>589.88</ele>
			</trkpt>
			<trkpt lat="51.73362" lon="10.61015">
				<ele>589.88</ele>
			</trkpt>
			<trkpt lat="51.73369" lon="10.61002">
				<ele>589.88</ele>
			</trkpt>
			<trkpt lat="51.73386" lon="10.6099">
				<ele>589.88</ele>
			</trkpt>
			<trkpt lat="51.73404" lon="10.60989">
				<ele>593.24</ele>
			</trkpt>
			<trkpt lat="51.7344" lon="10.60998">
				<ele>593.24</ele>
			</trkpt>
			<trkpt lat="51.73458" lon="10.61006">
				<ele>593.24</ele>
			</trkpt>
			<trkpt lat="51.73475" lon="10.61019">
				<ele>593.24</ele>
			</trkpt>
			<trkpt lat="51.73497" lon="10.61041">
				<ele>593.24</ele>
			</trkpt>
			<trkpt lat="51.7351" lon="10.61058">
				<ele>598.9</ele>
			</trkpt>
			<trkpt lat="51.73526" lon="10.61086">
				<ele>598.9</ele>
			</trkpt>
			<trkpt lat="51.73545" lon="10.61136">
				<ele>598.9</ele>
			</trkpt>
			<trkpt lat="51.73587" lon="10.61214">
				<ele>598.9</ele>
			</trkpt>
			<trkpt lat="51.73625" lon="10.61258">
				<ele>598.9</ele>
			</trkpt>
			<trkpt lat="51.73668" lon="10.61287">
				<ele>602.42</ele>
			</trkpt>
			<trkpt lat="51.7369" lon="10.61296">
				<ele>602.42</ele>
			</trkpt>
			<trkpt lat="51.73713" lon="10.61293">
				<ele>602.42</ele>
			</trkpt>
			<trkpt lat="51.73728" lon="10.61285">
				<ele>602.42</ele>
			</trkpt>
			<trkpt lat="51.73798" lon="10.61228">
				<ele>602.42</ele>
			</trkpt>
			<trkpt lat="51.73822" lon="10.61212">
				<ele>619.34</ele>
			</trkpt>
			<trkpt lat="51.73867" lon="10.61194">
				<ele>619.34</ele>
			</trkpt>
			<trkpt lat="51.73897" lon="10.61199">
				<ele>619.34</ele>
			</trkpt>
			<trkpt lat="51.73911" lon="10.61198">
				<ele>619.34</ele>
			</trkpt>
			<trkpt lat="51.73934" lon="10.6118">
				<ele>619.34</ele>
			</trkpt>
			<trkpt lat="51.73951" lon="10.6117">
				<ele>628.95</ele>
			</trkpt>
			<trkpt lat="51.7398" lon="10.61145">
				<ele>628.95</ele>
			</trkpt>
			<trkpt lat="51.74007" lon="10.6111">
				<ele>628.95</ele>
			</trkpt>
			<trkpt lat="51.74029" lon="10.61076">
				<ele>628.95</ele>
			</trkpt>
			<trkpt lat="51.74063" lon="10.61035">
				<ele>628.95</ele>
			</trkpt>
			<trkpt lat="51.74079" lon="10.61023">
				<ele>645.22</ele>
			</trkpt>
			<trkpt lat="51.74095" lon="10.61005">
				<ele>645.22</ele>
			</trkpt>
			<trkpt lat="51.7413" lon="10.60974">
				<ele>645.22</ele>
			</trkpt>
			<trkpt lat="51.742" lon="10.60901">
				<ele>645.22</ele>
			</trkpt>
			<trkpt lat="51.74232" lon="10.60871">
				<ele>645.22</ele>
			</trkpt>
			<trkpt lat="51.7426" lon="10.60851">
				<ele>660.06</ele>
			</trkpt>
			<trkpt lat="51.74306" lon="10.60829">
				<ele>660.06</ele>
			</trkpt>
			<trkpt lat="51.74331" lon="10.6082">
				<ele>660.06</ele>
			</trkpt>
			<trkpt lat="51.7436" lon="10.60817">
				<ele>660.06</ele>
			</trkpt>
			<trkpt lat="51.7437" lon="10.60812">
				<ele>660.06</ele>
			</trkpt>
			<trkpt lat="51.74379" lon="10.608">
				<ele>666.58</ele>
			</trkpt>
			<trkpt lat="51.74406" lon="10.60755">
				<ele>666.58</ele>
			</trkpt>
			<trkpt lat="51.74415" lon="10.60746">
				<ele>666.58</ele>
			</trkpt>
			<trkpt lat="51.74476" lon="10.60697">
				<ele>666.58</ele>
			</trkpt>
			<trkpt lat="51.74501" lon="10.60675">
				<ele>666.58</ele>
			</trkpt>
			<trkpt lat="51.74519" lon="10.60654">
				<ele>675.75</ele>
			</trkpt>
			<trkpt lat="51.7454" lon="10.60626">
				<ele>675.75</ele>
			</trkpt>
			<trkpt lat="51.74585" lon="10.60574">
				<ele>675.75</ele>
			</trkpt>
			<trkpt lat="51.7463" lon="10.60513">
				<ele>675.75</ele>
			</trkpt>
			<trkpt lat="51.7471" lon="10.60419">
				<ele>675.75</ele>
			</trkpt>
			<trkpt lat="51.74856" lon="10.60268">
				<ele>683.25</ele>
			</trkpt>
			<trkpt lat="51.74873" lon="10.60253">
				<ele>683.25</ele>
			</trkpt>
			<trkpt lat="51.74935" lon="10.60189">
				<ele>683.25</ele>
			</trkpt>
			<trkpt lat="51.74954" lon="10.60171">
				<ele>683.25</ele>
			</trkpt>
			<trkpt lat="51.75019" lon="10.60117">
				<ele>683.25</ele>
			</trkpt>
			<trkpt lat="51.75062" lon="10.60089">
				<ele>694.27</ele>
			</trkpt>
			<trkpt lat="51.75076" lon="10.60076">
				<ele>694.27</ele>
			</trkpt>
			<trkpt lat="51.75104" lon="10.60057">
				<ele>694.27</ele>
			</trkpt>
			<trkpt lat="51.75166" lon="10.60019">
				<ele>694.27</ele>
			</trkpt>
			<trkpt lat="51.752" lon="10.59993">
				<ele>694.27</ele>
			</trkpt>
			<trkpt lat="51.75237" lon="10.5997">
				<ele>704.18</ele>
			</trkpt>
			<trkpt lat="51.75299" lon="10.59923">
				<ele>704.18</ele>
			</trkpt>
			<trkpt lat="51.75314" lon="10.59909">
				<ele>704.18</ele>
			</trkpt>
			<trkpt lat="51.75326" lon="10.59892">
				<ele>704.18</ele>
			</trkpt>
			<trkpt lat="51.75335" lon="10.59876">
				<ele>704.18</ele>
			</trkpt>
			<trkpt lat="51.75351" lon="10.59836">
				<ele>707.08</ele>
			</trkpt>
			<trkpt lat="51.75358" lon="10.59825">
				<ele>707.08</ele>
			</trkpt>
			<trkpt lat="51.75366" lon="10.59816">
				<ele>707.08</ele>
			</trkpt>
			<trkpt lat="51.75392" lon="10.59796">
				<ele>707.08</ele>
			</trkpt>
			<trkpt lat="51.75398" lon="10.59772">
				<ele>707.08</ele>
			</trkpt>
			<trkpt lat="51.75399" lon="10.59736">
				<ele>709.1</ele>
			</trkpt>
			<trkpt lat="51.75397" lon="10.59708">
				<ele>709.1</ele>
			</trkpt>
			<trkpt lat="51.75395" lon="10.59693">
				<ele>709.1</ele>
			</trkpt>
			<trkpt lat="51.75388" lon="10.5967">
				<ele>709.1</ele>
			</trkpt>
			<trkpt lat="51.75376" lon="10.59654">
				<ele>709.1</ele>
			</trkpt>
			<trkpt lat="51.75363" lon="10.59643">
				<ele>715.23</ele>
			</trkpt>
			<trkpt lat="51.75334" lon="10.59626">
				<ele>715.23</ele>
			</trkpt>
			<trkpt lat="51.75319" lon="10.59623">
				<ele>715.23</ele>
			</trkpt>
			<trkpt lat="51.75289" lon="10.59622">
				<ele>715.23</ele>
			</trkpt>
			<trkpt lat="51.75248" lon="10.59613">
				<ele>715.23</ele>
			</trkpt>
			<trkpt lat="51.75218" lon="10.59604">
				<ele>713.05</ele>
			</trkpt>
			<trkpt lat="51.75189" lon="10.59588">
				<ele>713.05</ele>
			</trkpt>
			<trkpt lat="51.7514" lon="10.5955">
				<ele>713.05</ele>
			</trkpt>
			<trkpt lat="51.75104" lon="10.59516">
				<ele>713.05</ele>
			</trkpt>
			<trkpt lat="51.75063" lon="10.59464">
				<ele>713.05</ele>
			</trkpt>
			<trkpt lat="51.75022" lon="10.59408">
				<ele>705.81</ele>
			</trkpt>
			<trkpt lat="51.75004" lon="10.59388">
				<ele>705.81</ele>
			</trkpt>
			<trkpt lat="51.74985" lon="10.59373">
				<ele>705.81</ele>
			</trkpt>
			<trkpt lat="51.7496" lon="10.59358">
				<ele>705.81</ele>
			</trkpt>
			<trkpt lat="51.74934" lon="10.59344">
				<ele>705.81</ele>
			</trkpt>
			<trkpt lat="51.74918" lon="10.59339">
				<ele>716.83</ele>
			</trkpt>
			<trkpt lat="51.74917" lon="10.59323">
				<ele>716.83</ele>
			</trkpt>
			<trkpt lat="51.74954" lon="10.59259">
				<ele>716.83</ele>
			</trkpt>
			<trkpt lat="51.74974" lon="10.59212">
				<ele>716.83</ele>
			</trkpt>
			<trkpt lat="51.74984" lon="10.59136">
				<ele>716.83</ele>
			</trkpt>
			<trkpt lat="51.74992" lon="10.59104">
				<ele>726.29</ele>
			</trkpt>
			<trkpt lat="51.74998" lon="10.59088">
				<ele>726.29</ele>
			</trkpt>
			<trkpt lat="51.75013" lon="10.59067">
				<ele>726.29</ele>
			</trkpt>
			<trkpt lat="51.75029" lon="10.59051">
				<ele>726.29</ele>
			</trkpt>
			<trkpt lat="51.75064" lon="10.5901">
				<ele>726.29</ele>
			</trkpt>
			<trkpt lat="51.75073" lon="10.58993">
				<ele>737.71</ele>
			</trkpt>
			<trkpt lat="51.75086" lon="10.58952">
				<ele>737.71</ele>
			</trkpt>
			<trkpt lat="51.75096" lon="10.58936">
				<ele>737.71</ele>
			</trkpt>
			<trkpt lat="51.75132" lon="10.58914">
				<ele>737.71</ele>
			</trkpt>
			<trkpt lat="51.75142" lon="10.58906">
				<ele>737.71</ele>
			</trkpt>
			<trkpt lat="51.75176" lon="10.5887">
				<ele>748.71</ele>
			</trkpt>
			<trkpt lat="51.75185" lon="10.58858">
				<ele>748.71</ele>
			</trkpt>
			<trkpt lat="51.75208" lon="10.58822">
				<ele>748.71</ele>
			</trkpt>
			<trkpt lat="51.75218" lon="10.58804">
				<ele>748.71</ele>
			</trkpt>
			<trkpt lat="51.75234" lon="10.58762">
				<ele>748.71</ele>
			</trkpt>
			<trkpt lat="51.75271" lon="10.58562">
				<ele>756.7</ele>
			</trkpt>
			<trkpt lat="51.75283" lon="10.58461">
				<ele>756.7</ele>
			</trkpt>
			<trkpt lat="51.75282" lon="10.58377">
				<ele>756.7</ele>
			</trkpt>
			<trkpt lat="51.75277" lon="10.58297">
				<ele>756.7</ele>
			</trkpt>
			<trkpt lat="51.75279" lon="10.58256">
				<ele>756.7</ele>
			</trkpt>
			<trkpt lat="51.75278" lon="10.5822">
				<ele>770.52</ele>
			</trkpt>
			<trkpt lat="51.75264" lon="10.58116">
				<ele>770.52</ele>
			</trkpt>
			<trkpt lat="51.75264" lon="10.58098">
				<ele>770.52</ele>
			</trkpt>
			<trkpt lat="51.75274" lon="10.58054">
				<ele>770.52</ele>
			</trkpt>
			<trkpt lat="51.75291" lon="10.58017">
				<ele>770.52</ele>
			</trkpt>
			<trkpt lat="51.75311" lon="10.57967">
				<ele>784.7</ele>
			</trkpt>
			<trkpt lat="51.7533" lon="10.57884">
				<ele>784.7</ele>
			</trkpt>
			<trkpt lat="51.75341" lon="10.57848">
				<ele>784.7</ele>
			</trkpt>
			<trkpt lat="51.75352" lon="10.57849">
				<ele>784.7</ele>
			</trkpt>
			<trkpt lat="51.75388" lon="10.57923">
				<ele>784.7</ele>
			</trkpt>
			<trkpt lat="51.75413" lon="10.57975">
				<ele>798.51</ele>
			</trkpt>
			<trkpt lat="51.75424" lon="10.57994">
				<ele>798.51</ele>
			</trkpt>
			<trkpt lat="51.75437" lon="10.58003">
				<ele>798.51</ele>
			</trkpt>
			<trkpt lat="51.75446" lon="10.58">
				<ele>798.51</ele>
			</trkpt>
			<trkpt lat="51.75455" lon="10.57992">
				<ele>798.51</ele>
			</trkpt>
			<trkpt lat="51.75487" lon="10.57951">
				<ele>815.22</ele>
			</trkpt>
			<trkpt lat="51.75501" lon="10.57928">
				<ele>815.22</ele>
			</trkpt>
			<trkpt lat="51.75548" lon="10.5786">
				<ele>815.22</ele>
			</trkpt>
			<trkpt lat="51.75612" lon="10.57774">
				<ele>815.22</ele>
			</trkpt>
			<trkpt lat="51.75653" lon="10.57713">
				<ele>815.22</ele>
			</trkpt>
			<trkpt lat="51.75705" lon="10.57642">
				<ele>829.14</ele>
			</trkpt>
			<trkpt lat="51.75758" lon="10.57572">
				<ele>829.14</ele>
			</trkpt>
			<trkpt lat="51.75825" lon="10.57517">
				<ele>829.14</ele>
			</trkpt>
			<trkpt lat="51.75859" lon="10.57486">
				<ele>829.14</ele>
			</trkpt>
			<trkpt lat="51.7589" lon="10.57463">
				<ele>829.14</ele>
			</trkpt>
			<trkpt lat="51.75916" lon="10.57439">
				<ele>836.9</ele>
			</trkpt>
			<trkpt lat="51.75976" lon="10.57396">
				<ele>836.9</ele>
			</trkpt>
			<trkpt lat="51.76031" lon="10.57348">
				<ele>836.9</ele>
			</trkpt>
			<trkpt lat="51.76049" lon="10.57335">
				<ele>836.9</ele>
			</trkpt>
			<trkpt lat="51.76058" lon="10.57326">
				<ele>836.9</ele>
			</trkpt>
			<trkpt lat="51.76093" lon="10.573">
				<ele>851.89</ele>
			</trkpt>
			<trkpt lat="51.76112" lon="10.5729">
				<ele>851.89</ele>
			</trkpt>
			<trkpt lat="51.76185" lon="10.57239">
				<ele>851.89</ele>
			</trkpt>
			<trkpt lat="51.76215" lon="10.57206">
				<ele>851.89</ele>
			</trkpt>
			<trkpt lat="51.76233" lon="10.57193">
				<ele>851.89</ele>
			</trkpt>
			<trkpt lat="51.76244" lon="10.57174">
				<ele>862.14</ele>
			</trkpt>
			<trkpt lat="51.76244" lon="10.57148">
				<ele>862.14</ele>
			</trkpt>
			<trkpt lat="51.76226" lon="10.57134">
				<ele>862.14</ele>
			</trkpt>
			<trkpt lat="51.76217" lon="10.57109">
				<ele>862.14</ele>
			</trkpt>
			<trkpt lat="51.76212" lon="10.57078">
				<ele>862.14</ele>
			</trkpt>
			<trkpt lat="51.76202" lon="10.5703">
				<ele>875.43</ele>
			</trkpt>
			<trkpt lat="51.76193" lon="10.5698">
				<ele>875.43</ele>
			</trkpt>
			<trkpt lat="51.76186" lon="10.56955">
				<ele>875.43</ele>
			</trkpt>
			<trkpt lat="51.76173" lon="10.56915">
				<ele>875.43</ele>
			</trkpt>
			<trkpt lat="51.76156" lon="10.56923">
				<ele>875.43</ele>
			</trkpt>
			<trkpt lat="51.76147" lon="10.56916">
				<ele>895.68</ele>
			</trkpt>
			<trkpt lat="51.76166" lon="10.56918">
				<ele>895.68</ele>
			</trkpt>
			<trkpt lat="51.76197" lon="10.56912">
				<ele>895.68</ele>
			</trkpt>
			<trkpt lat="51.76207" lon="10.56906">
				<ele>895.68</ele>
			</trkpt>
			<trkpt lat="51.76262" lon="10.56855">
				<ele>895.68</ele>
			</trkpt>
			<trkpt lat="51.76297" lon="10.56838">
				<ele>895.16</ele>
			</trkpt>
			<trkpt lat="51.76324" lon="10.5683">
				<ele>895.16</ele>
			</trkpt>
			<trkpt lat="51.76341" lon="10.5682">
				<ele>895.16</ele>
			</trkpt>
			<trkpt lat="51.76357" lon="10.56805">
				<ele>895.16</ele>
			</trkpt>
			<trkpt lat="51.76367" lon="10.56795">
				<ele>895.16</ele>
			</trkpt>
			<trkpt lat="51.76388" lon="10.5678">
				<ele>886.99</ele>
			</trkpt>
			<trkpt lat="51.76411" lon="10.56753">
				<ele>886.99</ele>
			</trkpt>
			<trkpt lat="51.7646" lon="10.56719">
				<ele>886.99</ele>
			</trkpt>
			<trkpt lat="51.76477" lon="10.56704">
				<ele>886.99</ele>
			</trkpt>
			<trkpt lat="51.76508" lon="10.56682">
				<ele>886.99</ele>
			</trkpt>
			<trkpt lat="51.76546" lon="10.56655">
				<ele>879.84</ele>
			</trkpt>
			<trkpt lat="51.76571" lon="10.56587">
				<ele>879.84</ele>
			</trkpt>
			<trkpt lat="51.76576" lon="10.56566">
				<ele>879.84</ele>
			</trkpt>
			<trkpt lat="51.76587" lon="10.56532">
				<ele>879.84</ele>
			</trkpt>
			<trkpt lat="51.76591" lon="10.56505">
				<ele>879.84</ele>
			</trkpt>
			<trkpt lat="51.766" lon="10.5649">
				<ele>869.6</ele>
			</trkpt>
			<trkpt lat="51.76602" lon="10.56475">
				<ele>869.6</ele>
			</trkpt>
			<trkpt lat="51.76649" lon="10.56334">
				<ele>869.6</ele>
			</trkpt>
			<trkpt lat="51.76655" lon="10.56312">
				<ele>869.6</ele>
			</trkpt>
			<trkpt lat="51.76668" lon="10.56257">
				<ele>869.6</ele>
			</trkpt>
			<trkpt lat="51.76673" lon="10.56223">
				<ele>857.35</ele>
			</trkpt>
			<trkpt lat="51.76684" lon="10.56176">
				<ele>857.35</ele>
			</trkpt>
			<trkpt lat="51.7668" lon="10.56134">
				<ele>857.35</ele>
			</trkpt>
			<trkpt lat="51.76665" lon="10.56108">
				<ele>857.35</ele>
			</trkpt>
			<trkpt lat="51.76656" lon="10.56083">
				<ele>843.29</ele>
			</trkpt>
			<trkpt lat="51.76652" lon="10.56053">
				<ele>843.29</ele>
			</trkpt>
			<trkpt lat="51.76657" lon="10.56023">
				<ele>843.29</ele>
			</trkpt>
			<trkpt lat="51.76668" lon="10.5599">
				<ele>843.29</ele>
			</trkpt>
			<trkpt lat="51.76681" lon="10.5597">
				<ele>843.29</ele>
			</trkpt>
			<trkpt lat="51.76692" lon="10.55959">
				<ele>841.42</ele>
			</trkpt>
			<trkpt lat="51.76699" lon="10.5594">
				<ele>841.42</ele>
			</trkpt>
			<trkpt lat="51.76714" lon="10.55913">
				<ele>841.42</ele>
			</trkpt>
			<trkpt lat="51.7675" lon="10.55871">
				<ele>841.42</ele>
			</trkpt>
			<trkpt lat="51.76773" lon="10.55849">
				<ele>841.42</ele>
			</trkpt>
			<trkpt lat="51.76785" lon="10.55833">
				<ele>831.78</ele>
			</trkpt>
			<trkpt lat="51.76862" lon="10.55752">
				<ele>831.78</ele>
			</trkpt>
			<trkpt lat="51.76884" lon="10.55722">
				<ele>831.78</ele>
			</trkpt>
			<trkpt lat="51.76914" lon="10.55686">
				<ele>831.78</ele>
			</trkpt>
			<trkpt lat="51.76977" lon="10.55629">
				<ele>831.78</ele>
			</trkpt>
			<trkpt lat="51.77015" lon="10.55589">
				<ele>816.77</ele>
			</trkpt>
			<trkpt lat="51.77026" lon="10.55578">
				<ele>816.77</ele>
			</trkpt>
			<trkpt lat="51.77051" lon="10.55548">
				<ele>816.77</ele>
			</trkpt>
			<trkpt lat="51.77066" lon="10.55516">
				<ele>816.77</ele>
			</trkpt>
			<trkpt lat="51.77073" lon="10.55506">
				<ele>816.77</ele>
			</trkpt>
			<trkpt lat="51.77091" lon="10.55489">
				<ele>809.46</ele>
			</trkpt>
			<trkpt lat="51.7711" lon="10.55466">
				<ele>809.46</ele>
			</trkpt>
			<trkpt lat="51.77123" lon="10.55462">
				<ele>809.46</ele>
			</trkpt>
			<trkpt lat="51.77137" lon="10.55441">
				<ele>809.46</ele>
			</trkpt>
			<trkpt lat="51.7715" lon="10.55424">
				<ele>809.46</ele>
			</trkpt>
			<trkpt lat="51.77197" lon="10.55376">
				<ele>799.61</ele>
			</trkpt>
			<trkpt lat="51.77213" lon="10.55365">
				<ele>799.61</ele>
			</trkpt>
			<trkpt lat="51.77266" lon="10.55345">
				<ele>799.61</ele>
			</trkpt>
			<trkpt lat="51.77299" lon="10.55339">
				<ele>799.61</ele>
			</trkpt>
			<trkpt lat="51.77421" lon="10.55285">
				<ele>799.61</ele>
			</trkpt>
			<trkpt lat="51.77445" lon="10.5527">
				<ele>793.24</ele>
			</trkpt>
			<trkpt lat="51.77466" lon="10.55253">
				<ele>793.24</ele>
			</trkpt>
			<trkpt lat="51.77499" lon="10.55237">
				<ele>793.24</ele>
			</trkpt>
			<trkpt lat="51.77512" lon="10.55224">
				<ele>793.24</ele>
			</trkpt>
			<trkpt lat="51.77521" lon="10.55211">
				<ele>793.24</ele>
			</trkpt>
			<trkpt lat="51.77515" lon="10.55191">
				<ele>791.49</ele>
			</trkpt>
			<trkpt lat="51.7752" lon="10.55204">
				<ele>791.49</ele>
			</trkpt>
			<trkpt lat="51.77513" lon="10.55186">
				<ele>791.49</ele>
			</trkpt>
			<trkpt lat="51.77494" lon="10.55143">
				<ele>791.49</ele>
			</trkpt>
			<trkpt lat="51.77483" lon="10.55126">
				<ele>791.49</ele>
			</trkpt>
			<trkpt lat="51.77418" lon="10.5506">
				<ele>789.32</ele>
			</trkpt>
			<trkpt lat="51.77409" lon="10.55055">
				<ele>789.32</ele>
			</trkpt>
			<trkpt lat="51.7739" lon="10.55053">
				<ele>789.32</ele>
			</trkpt>
			<trkpt lat="51.77379" lon="10.55045">
				<ele>789.32</ele>
			</trkpt>
			<trkpt lat="51.77261" lon="10.54924">
				<ele>789.32</ele>
			</trkpt>
			<trkpt lat="51.77258" lon="10.54903">
				<ele>784.84</ele>
			</trkpt>
			<trkpt lat="51.77268" lon="10.5488">
				<ele>784.84</ele>
			</trkpt>
			<trkpt lat="51.77271" lon="10.54864">
				<ele>784.84</ele>
			</trkpt>
			<trkpt lat="51.77267" lon="10.548">
				<ele>784.84</ele>
			</trkpt>
			<trkpt lat="51.77271" lon="10.54762">
				<ele>784.84</ele>
			</trkpt>
			<trkpt lat="51.77278" lon="10.54737">
				<ele>776.86</ele>
			</trkpt>
			<trkpt lat="51.7731" lon="10.54653">
				<ele>776.86</ele>
			</trkpt>
			<trkpt lat="51.77329" lon="10.54617">
				<ele>776.86</ele>
			</trkpt>
			<trkpt lat="51.77333" lon="10.54604">
				<ele>776.86</ele>
			</trkpt>
			<trkpt lat="51.77334" lon="10.54581">
				<ele>776.86</ele>
			</trkpt>
			<trkpt lat="51.77328" lon="10.54531">
				<ele>762.88</ele>
			</trkpt>
			<trkpt lat="51.77329" lon="10.54446">
				<ele>762.88</ele>
			</trkpt>
			<trkpt lat="51.77323" lon="10.54351">
				<ele>762.88</ele>
			</trkpt>
			<trkpt lat="51.77325" lon="10.54323">
				<ele>762.88</ele>
			</trkpt>
			<trkpt lat="51.77331" lon="10.54294">
				<ele>762.88</ele>
			</trkpt>
			<trkpt lat="51.77358" lon="10.54218">
				<ele>751.73</ele>
			</trkpt>
			<trkpt lat="51.77374" lon="10.54183">
				<ele>751.73</ele>
			</trkpt>
			<trkpt lat="51.77383" lon="10.54166">
				<ele>751.73</ele>
			</trkpt>
			<trkpt lat="51.77399" lon="10.54146">
				<ele>751.73</ele>
			</trkpt>
			<trkpt lat="51.77426" lon="10.54108">
				<ele>751.73</ele>
			</trkpt>
			<trkpt lat="51.77435" lon="10.54091">
				<ele>739.89</ele>
			</trkpt>
			<trkpt lat="51.7744" lon="10.54072">
				<ele>739.89</ele>
			</trkpt>
			<trkpt lat="51.7745" lon="10.54016">
				<ele>739.89</ele>
			</trkpt>
			<trkpt lat="51.77467" lon="10.53961">
				<ele>739.89</ele>
			</trkpt>
			<trkpt lat="51.77476" lon="10.53917">
				<ele>739.89</ele>
			</trkpt>
			<trkpt lat="51.77494" lon="10.53876">
				<ele>739.01</ele>
			</trkpt>
			<trkpt lat="51.77505" lon="10.5382">
				<ele>739.01</ele>
			</trkpt>
			<trkpt lat="51.77514" lon="10.53797">
				<ele>739.01</ele>
			</trkpt>
			<trkpt lat="51.77529" lon="10.53773">
				<ele>739.01</ele>
			</trkpt>
			<trkpt lat="51.77544" lon="10.53741">
				<ele>739.01</ele>
			</trkpt>
			<trkpt lat="51.77563" lon="10.53685">
				<ele>742.81</ele>
			</trkpt>
			<trkpt lat="51.77578" lon="10.53652">
				<ele>742.81</ele>
			</trkpt>
			<trkpt lat="51.7759" lon="10.53639">
				<ele>742.81</ele>
			</trkpt>
			<trkpt lat="51.77607" lon="10.53618">
				<ele>742.81</ele>
			</trkpt>
			<trkpt lat="51.77663" lon="10.5357">
				<ele>742.81</ele>
			</trkpt>
			<trkpt lat="51.77693" lon="10.5354">
				<ele>737.69</ele>
			</trkpt>
			<trkpt lat="51.77711" lon="10.53527">
				<ele>737.69</ele>
			</trkpt>
			<trkpt lat="51.7774" lon="10.53512">
				<ele>737.69</ele>
			</trkpt>
			<trkpt lat="51.77761" lon="10.53496">
				<ele>737.69</ele>
			</trkpt>
			<trkpt lat="51.77799" lon="10.5344">
				<ele>737.69</ele>
			</trkpt>
			<trkpt lat="51.77822" lon="10.53421">
				<ele>734.29</ele>
			</trkpt>
			<trkpt lat="51.77839" lon="10.53401">
				<ele>734.29</ele>
			</trkpt>
			<trkpt lat="51.7785" lon="10.53387">
				<ele>734.29</ele>
			</trkpt>
			<trkpt lat="51.77856" lon="10.53375">
				<ele>734.29</ele>
			</trkpt>
			<trkpt lat="51.77876" lon="10.53349">
				<ele>734.29</ele>
			</trkpt>
			<trkpt lat="51.77919" lon="10.53314">
				<ele>741.28</ele>
			</trkpt>
			<trkpt lat="51.77926" lon="10.53304">
				<ele>741.28</ele>
			</trkpt>
			<trkpt lat="51.77935" lon="10.5329">
				<ele>741.28</ele>
			</trkpt>
			<trkpt lat="51.77955" lon="10.53273">
				<ele>741.28</ele>
			</trkpt>
			<trkpt lat="51.77948" lon="10.53286">
				<ele>741.28</ele>
			</trkpt>
			<trkpt lat="51.77967" lon="10.5325">
				<ele>751.08</ele>
			</trkpt>
			<trkpt lat="51.77985" lon="10.53191">
				<ele>751.08</ele>
			</trkpt>
			<trkpt lat="51.77993" lon="10.53177">
				<ele>751.08</ele>
			</trkpt>
			<trkpt lat="51.78033" lon="10.53131">
				<ele>751.08</ele>
			</trkpt>
			<trkpt lat="51.7805" lon="10.5312">
				<ele>751.08</ele>
			</trkpt>
			<trkpt lat="51.78061" lon="10.53109">
				<ele>755.88</ele>
			</trkpt>
			<trkpt lat="51.78078" lon="10.53089">
				<ele>755.88</ele>
			</trkpt>
			<trkpt lat="51.78085" lon="10.53076">
				<ele>755.88</ele>
			</trkpt>
			<trkpt lat="51.78101" lon="10.53021">
				<ele>755.88</ele>
			</trkpt>
			<trkpt lat="51.78109" lon="10.52991">
				<ele>755.88</ele>
			</trkpt>
			<trkpt lat="51.78121" lon="10.52975">
				<ele>764.69</ele>
			</trkpt>
			<trkpt lat="51.78133" lon="10.52967">
				<ele>764.69</ele>
			</trkpt>
			<trkpt lat="51.78141" lon="10.52959">
				<ele>764.69</ele>
			</trkpt>
			<trkpt lat="51.7815" lon="10.52944">
				<ele>764.69</ele>
			</trkpt>
			<trkpt lat="51.78159" lon="10.52915">
				<ele>764.69</ele>
			</trkpt>
			<trkpt lat="51.78171" lon="10.52847">
				<ele>777.25</ele>
			</trkpt>
			<trkpt lat="51.78178" lon="10.52826">
				<ele>777.25</ele>
			</trkpt>
			<trkpt lat="51.78188" lon="10.52817">
				<ele>777.25</ele>
			</trkpt>
			<trkpt lat="51.78208" lon="10.52807">
				<ele>777.25</ele>
			</trkpt>
			<trkpt lat="51.7823" lon="10.52791">
				<ele>777.25</ele>
			</trkpt>
			<trkpt lat="51.78243" lon="10.52785">
				<ele>777.66</ele>
			</trkpt>
			<trkpt lat="51.78254" lon="10.52772">
				<ele>777.66</ele>
			</trkpt>
			<trkpt lat="51.78269" lon="10.52731">
				<ele>777.66</ele>
			</trkpt>
			<trkpt lat="51.78302" lon="10.52663">
				<ele>777.66</ele>
			</trkpt>
			<trkpt lat="51.78308" lon="10.52649">
				<ele>777.66</ele>
			</trkpt>
			<trkpt lat="51.78311" lon="10.52628">
				<ele>779.03</ele>
			</trkpt>
			<trkpt lat="51.78312" lon="10.52602">
				<ele>779.03</ele>
			</trkpt>
			<trkpt lat="51.7831" lon="10.52509">
				<ele>779.03</ele>
			</trkpt>
			<trkpt lat="51.78319" lon="10.52448">
				<ele>779.03</ele>
			</trkpt>
			<trkpt lat="51.78328" lon="10.52427">
				<ele>779.03</ele>
			</trkpt>
			<trkpt lat="51.78372" lon="10.52372">
				<ele>778.39</ele>
			</trkpt>
			<trkpt lat="51.78368" lon="10.52318">
				<ele>778.39</ele>
			</trkpt>
			<trkpt lat="51.78376" lon="10.52306">
				<ele>778.39</ele>
			</trkpt>
			<trkpt lat="51.78388" lon="10.52305">
				<ele>778.39</ele>
			</trkpt>
			<trkpt lat="51.78403" lon="10.52298">
				<ele>778.39</ele>
			</trkpt>
			<trkpt lat="51.78389" lon="10.523">
				<ele>779.39</ele>
			</trkpt>
			<trkpt lat="51.78412" lon="10.52295">
				<ele>779.39</ele>
			</trkpt>
			<trkpt lat="51.78427" lon="10.52301">
				<ele>779.39</ele>
			</trkpt>
			<trkpt lat="51.78507" lon="10.52398">
				<ele>779.39</ele>
			</trkpt>
			<trkpt lat="51.78629" lon="10.52522">
				<ele>779.39</ele>
			</trkpt>
			<trkpt lat="51.78645" lon="10.52535">
				<ele>784.93</ele>
			</trkpt>
			<trkpt lat="51.78685" lon="10.52553">
				<ele>784.93</ele>
			</trkpt>
			<trkpt lat="51.78697" lon="10.52561">
				<ele>784.93</ele>
			</trkpt>
			<trkpt lat="51.78739" lon="10.52596">
				<ele>784.93</ele>
			</trkpt>
			<trkpt lat="51.78787" lon="10.52626">
				<ele>784.93</ele>
			</trkpt>
			<trkpt lat="51.78803" lon="10.5264">
				<ele>790.11</ele>
			</trkpt>
			<trkpt lat="51.78817" lon="10.52659">
				<ele>790.11</ele>
			</trkpt>
			<trkpt lat="51.78861" lon="10.52727">
				<ele>790.11</ele>
			</trkpt>
			<trkpt lat="51.7889" lon="10.52779">
				<ele>790.11</ele>
			</trkpt>
			<trkpt lat="51.78915" lon="10.52829">
				<ele>790.11</ele>
			</trkpt>
			<trkpt lat="51.78928" lon="10.52862">
				<ele>787.73</ele>
			</trkpt>
			<trkpt lat="51.78942" lon="10.52901">
				<ele>787.73</ele>
			</trkpt>
			<trkpt lat="51.78953" lon="10.52942">
				<ele>787.73</ele>
			</trkpt>
			<trkpt lat="51.7896" lon="10.52961">
				<ele>787.73</ele>
			</trkpt>
			<trkpt lat="51.78974" lon="10.52975">
				<ele>787.73</ele>
			</trkpt>
			<trkpt lat="51.7899" lon="10.52974">
				<ele>774.79</ele>
			</trkpt>
			<trkpt lat="51.7909" lon="10.52942">
				<ele>774.79</ele>
			</trkpt>
			<trkpt lat="51.79119" lon="10.52939">
				<ele>774.79</ele>
			</trkpt>
			<trkpt lat="51.79152" lon="10.52941">
				<ele>774.79</ele>
			</trkpt>
			<trkpt lat="51.79175" lon="10.52946">
				<ele>774.79</ele>
			</trkpt>
			<trkpt lat="51.79243" lon="10.52971">
				<ele>776.93</ele>
			</trkpt>
			<trkpt lat="51.79258" lon="10.52973">
				<ele>776.93</ele>
			</trkpt>
			<trkpt lat="51.79268" lon="10.52972">
				<ele>776.93</ele>
			</trkpt>
			<trkpt lat="51.79284" lon="10.52967">
				<ele>776.93</ele>
			</trkpt>
			<trkpt lat="51.79324" lon="10.52942">
				<ele>776.93</ele>
			</trkpt>
			<trkpt lat="51.79342" lon="10.52934">
				<ele>775.55</ele>
			</trkpt>
			<trkpt lat="51.79392" lon="10.52922">
				<ele>775.55</ele>
			</trkpt>
			<trkpt lat="51.79411" lon="10.52914">
				<ele>775.55</ele>
			</trkpt>
			<trkpt lat="51.7943" lon="10.52898">
				<ele>775.55</ele>
			</trkpt>
			<trkpt lat="51.79506" lon="10.52821">
				<ele>775.55</ele>
			</trkpt>
			<trkpt lat="51.79513" lon="10.52802">
				<ele>776.92</ele>
			</trkpt>
			<trkpt lat="51.79514" lon="10.52752">
				<ele>776.92</ele>
			</trkpt>
			<trkpt lat="51.79508" lon="10.52592">
				<ele>776.92</ele>
			</trkpt>
			<trkpt lat="51.79509" lon="10.52533">
				<ele>776.92</ele>
			</trkpt>
			<trkpt lat="51.79505" lon="10.52461">
				<ele>776.92</ele>
			</trkpt>
			<trkpt lat="51.79503" lon="10.52363">
				<ele>773.76</ele>
			</trkpt>
			<trkpt lat="51.79501" lon="10.523">
				<ele>773.76</ele>
			</trkpt>
			<trkpt lat="51.79496" lon="10.52278">
				<ele>773.76</ele>
			</trkpt>
			<trkpt lat="51.795" lon="10.52297">
				<ele>773.76</ele>
			</trkpt>
			<trkpt lat="51.79504" lon="10.52342">
				<ele>773.76</ele>
			</trkpt>
			<trkpt lat="51.79512" lon="10.52522">
				<ele>786.57</ele>
			</trkpt>
			<trkpt lat="51.79511" lon="10.52586">
				<ele>786.57</ele>
			</trkpt>
			<trkpt lat="51.79514" lon="10.52641">
				<ele>786.57</ele>
			</trkpt>
			<trkpt lat="51.79517" lon="10.52742">
				<ele>786.57</ele>
			</trkpt>
			<trkpt lat="51.79517" lon="10.52784">
				<ele>786.57</ele>
			</trkpt>
			<trkpt lat="51.79507" lon="10.52793">
				<ele>797.45</ele>
			</trkpt>
			<trkpt lat="51.79488" lon="10.52761">
				<ele>797.45</ele>
			</trkpt>
			<trkpt lat="51.79403" lon="10.52534">
				<ele>797.45</ele>
			</trkpt>
			<trkpt lat="51.79391" lon="10.52497">
				<ele>797.45</ele>
			</trkpt>
			<trkpt lat="51.79374" lon="10.52455">
				<ele>797.45</ele>
			</trkpt>
			<trkpt lat="51.79356" lon="10.52418">
				<ele>803</ele>
			</trkpt>
			<trkpt lat="51.793" lon="10.52321">
				<ele>803</ele>
			</trkpt>
			<trkpt lat="51.79282" lon="10.52282">
				<ele>803</ele>
			</trkpt>
			<trkpt lat="51.79269" lon="10.52241">
				<ele>803</ele>
			</trkpt>
			<trkpt lat="51.7926" lon="10.52195">
				<ele>803</ele>
			</trkpt>
			<trkpt lat="51.79256" lon="10.5215">
				<ele>810.8</ele>
			</trkpt>
			<trkpt lat="51.79257" lon="10.52112">
				<ele>810.8</ele>
			</trkpt>
			<trkpt lat="51.79261" lon="10.52074">
				<ele>810.8</ele>
			</trkpt>
			<trkpt lat="51.79268" lon="10.52036">
				<ele>810.8</ele>
			</trkpt>
			<trkpt lat="51.79275" lon="10.5201">
				<ele>810.8</ele>
			</trkpt>
			<trkpt lat="51.79286" lon="10.5198">
				<ele>817.7</ele>
			</trkpt>
			<trkpt lat="51.79308" lon="10.51934">
				<ele>817.7</ele>
			</trkpt>
			<trkpt lat="51.79423" lon="10.51732">
				<ele>817.7</ele>
			</trkpt>
			<trkpt lat="51.79435" lon="10.51707">
				<ele>817.7</ele>
			</trkpt>
			<trkpt lat="51.79448" lon="10.51663">
				<ele>817.7</ele>
			</trkpt>
			<trkpt lat="51.79462" lon="10.51565">
				<ele>809.99</ele>
			</trkpt>
			<trkpt lat="51.79468" lon="10.51541">
				<ele>809.99</ele>
			</trkpt>
			<trkpt lat="51.79476" lon="10.51519">
				<ele>809.99</ele>
			</trkpt>
			<trkpt lat="51.79487" lon="10.515">
				<ele>809.99</ele>
			</trkpt>
			<trkpt lat="51.79497" lon="10.5149">
				<ele>809.99</ele>
			</trkpt>
			<trkpt lat="51.79529" lon="10.51464">
				<ele>809.87</ele>
			</trkpt>
			<trkpt lat="51.79545" lon="10.51447">
				<ele>809.87</ele>
			</trkpt>
			<trkpt lat="51.79555" lon="10.51431">
				<ele>809.87</ele>
			</trkpt>
			<trkpt lat="51.79563" lon="10.51411">
				<ele>809.87</ele>
			</trkpt>
			<trkpt lat="51.7957" lon="10.51377">
				<ele>809.87</ele>
			</trkpt>
			<trkpt lat="51.79573" lon="10.51302">
				<ele>818.46</ele>
			</trkpt>
			<trkpt lat="51.79562" lon="10.51274">
				<ele>818.46</ele>
			</trkpt>
			<trkpt lat="51.79562" lon="10.51244">
				<ele>818.46</ele>
			</trkpt>
			<trkpt lat="51.79565" lon="10.51186">
				<ele>818.46</ele>
			</trkpt>
			<trkpt lat="51.79575" lon="10.51095">
				<ele>809.09</ele>
			</trkpt>
			<trkpt lat="51.79584" lon="10.51047">
				<ele>809.09</ele>
			</trkpt>
			<trkpt lat="51.79592" lon="10.50989">
				<ele>809.09</ele>
			</trkpt>
			<trkpt lat="51.79596" lon="10.50972">
				<ele>809.09</ele>
			</trkpt>
			<trkpt lat="51.79602" lon="10.5096">
				<ele>809.09</ele>
			</trkpt>
			<trkpt lat="51.79609" lon="10.5095">
				<ele>792.27</ele>
			</trkpt>
			<trkpt lat="51.79646" lon="10.5092">
				<ele>792.27</ele>
			</trkpt>
			<trkpt lat="51.79665" lon="10.50909">
				<ele>792.27</ele>
			</trkpt>
			<trkpt lat="51.7971" lon="10.50869">
				<ele>792.27</ele>
			</trkpt>
			<trkpt lat="51.7973" lon="10.50836">
				<ele>792.27</ele>
			</trkpt>
			<trkpt lat="51.79741" lon="10.50811">
				<ele>765.56</ele>
			</trkpt>
			<trkpt lat="51.79749" lon="10.50738">
				<ele>765.56</ele>
			</trkpt>
			<trkpt lat="51.79752" lon="10.5067">
				<ele>765.56</ele>
			</trkpt>
			<trkpt lat="51.79747" lon="10.50649">
				<ele>765.56</ele>
			</trkpt>
			<trkpt lat="51.79745" lon="10.50609">
				<ele>765.56</ele>
			</trkpt>
			<trkpt lat="51.79749" lon="10.50515">
				<ele>757.8</ele>
			</trkpt>
			<trkpt lat="51.79759" lon="10.50416">
				<ele>757.8</ele>
			</trkpt>
			<trkpt lat="51.79763" lon="10.5036">
				<ele>757.8</ele>
			</trkpt>
			<trkpt lat="51.79775" lon="10.50305">
				<ele>757.8</ele>
			</trkpt>
			<trkpt lat="51.79781" lon="10.5024">
				<ele>757.8</ele>
			</trkpt>
			<trkpt lat="51.79784" lon="10.50215">
				<ele>747.97</ele>
			</trkpt>
			<trkpt lat="51.79793" lon="10.50175">
				<ele>747.97</ele>
			</trkpt>
			<trkpt lat="51.79809" lon="10.5004">
				<ele>747.97</ele>
			</trkpt>
			<trkpt lat="51.79808" lon="10.49985">
				<ele>747.97</ele>
			</trkpt>
			<trkpt lat="51.7981" lon="10.49917">
				<ele>747.97</ele>
			</trkpt>
			<trkpt lat="51.79814" lon="10.49875">
				<ele>732.26</ele>
			</trkpt>
			<trkpt lat="51.79814" lon="10.49792">
				<ele>732.26</ele>
			</trkpt>
			<trkpt lat="51.79823" lon="10.49756">
				<ele>732.26</ele>
			</trkpt>
			<trkpt lat="51.79828" lon="10.49729">
				<ele>732.26</ele>
			</trkpt>
			<trkpt lat="51.79829" lon="10.49693">
				<ele>732.26</ele>
			</trkpt>
			<trkpt lat="51.79833" lon="10.49658">
				<ele>717.64</ele>
			</trkpt>
			<trkpt lat="51.79831" lon="10.49623">
				<ele>717.64</ele>
			</trkpt>
			<trkpt lat="51.7982" lon="10.49557">
				<ele>717.64</ele>
			</trkpt>
			<trkpt lat="51.79796" lon="10.4947">
				<ele>717.64</ele>
			</trkpt>
			<trkpt lat="51.79784" lon="10.49434">
				<ele>717.64</ele>
			</trkpt>
			<trkpt lat="51.79771" lon="10.49405">
				<ele>698.42</ele>
			</trkpt>
			<trkpt lat="51.79757" lon="10.49365">
				<ele>698.42</ele>
			</trkpt>
			<trkpt lat="51.79753" lon="10.49346">
				<ele>698.42</ele>
			</trkpt>
			<trkpt lat="51.79745" lon="10.493">
				<ele>698.42</ele>
			</trkpt>
			<trkpt lat="51.79745" lon="10.49282">
				<ele>698.42</ele>
			</trkpt>
			<trkpt lat="51.79739" lon="10.49244">
				<ele>708.75</ele>
			</trkpt>
			<trkpt lat="51.79733" lon="10.49227">
				<ele>708.75</ele>
			</trkpt>
			<trkpt lat="51.79752" lon="10.49242">
				<ele>708.75</ele>
			</trkpt>
			<trkpt lat="51.7976" lon="10.4929">
				<ele>708.75</ele>
			</trkpt>
			<trkpt lat="51.79773" lon="10.49341">
				<ele>708.75</ele>
			</trkpt>
			<trkpt lat="51.79794" lon="10.49394">
				<ele>724.67</ele>
			</trkpt>
			<trkpt lat="51.79819" lon="10.49447">
				<ele>724.67</ele>
			</trkpt>
			<trkpt lat="51.79834" lon="10.49495">
				<ele>724.67</ele>
			</trkpt>
			<trkpt lat="51.79843" lon="10.4953">
				<ele>724.67</ele>
			</trkpt>
			<trkpt lat="51.79849" lon="10.49561">
				<ele>724.67</ele>
			</trkpt>
			<trkpt lat="51.79855" lon="10.4959">
				<ele>738.82</ele>
			</trkpt>
			<trkpt lat="51.79857" lon="10.49616">
				<ele>738.82</ele>
			</trkpt>
			<trkpt lat="51.79859" lon="10.49702">
				<ele>738.82</ele>
			</trkpt>
			<trkpt lat="51.79854" lon="10.49811">
				<ele>738.82</ele>
			</trkpt>
			<trkpt lat="51.79834" lon="10.50045">
				<ele>738.82</ele>
			</trkpt>
			<trkpt lat="51.79831" lon="10.50077">
				<ele>759.27</ele>
			</trkpt>
			<trkpt lat="51.79818" lon="10.50164">
				<ele>759.27</ele>
			</trkpt>
			<trkpt lat="51.7981" lon="10.50238">
				<ele>759.27</ele>
			</trkpt>
			<trkpt lat="51.79797" lon="10.50328">
				<ele>759.27</ele>
			</trkpt>
			<trkpt lat="51.79782" lon="10.50325">
				<ele>759.27</ele>
			</trkpt>
			<trkpt lat="51.79759" lon="10.50282">
				<ele>777.38</ele>
			</trkpt>
			<trkpt lat="51.79735" lon="10.50244">
				<ele>777.38</ele>
			</trkpt>
			<trkpt lat="51.79724" lon="10.50222">
				<ele>777.38</ele>
			</trkpt>
			<trkpt lat="51.79707" lon="10.50194">
				<ele>777.38</ele>
			</trkpt>
			<trkpt lat="51.79679" lon="10.50136">
				<ele>777.38</ele>
			</trkpt>
			<trkpt lat="51.79644" lon="10.5007">
				<ele>791.01</ele>
			</trkpt>
			<trkpt lat="51.79611" lon="10.50018">
				<ele>791.01</ele>
			</trkpt>
			<trkpt lat="51.79569" lon="10.49959">
				<ele>791.01</ele>
			</trkpt>
			<trkpt lat="51.79524" lon="10.49881">
				<ele>791.01</ele>
			</trkpt>
			<trkpt lat="51.79507" lon="10.4986">
				<ele>791.01</ele>
			</trkpt>
			<trkpt lat="51.79491" lon="10.49849">
				<ele>808.31</ele>
			</trkpt>
			<trkpt lat="51.79478" lon="10.49843">
				<ele>808.31</ele>
			</trkpt>
			<trkpt lat="51.79466" lon="10.49832">
				<ele>808.31</ele>
			</trkpt>
			<trkpt lat="51.79443" lon="10.49819">
				<ele>808.31</ele>
			</trkpt>
			<trkpt lat="51.79392" lon="10.49804">
				<ele>808.31</ele>
			</trkpt>
			<trkpt lat="51.79377" lon="10.49793">
				<ele>813.77</ele>
			</trkpt>
			<trkpt lat="51.79356" lon="10.49763">
				<ele>813.77</ele>
			</trkpt>
			<trkpt lat="51.79315" lon="10.49693">
				<ele>813.77</ele>
			</trkpt>
			<trkpt lat="51.79293" lon="10.49658">
				<ele>813.77</ele>
			</trkpt>
			<trkpt lat="51.7925" lon="10.49607">
				<ele>813.77</ele>
			</trkpt>
			<trkpt lat="51.79203" lon="10.49536">
				<ele>813.36</ele>
			</trkpt>
			<trkpt lat="51.79179" lon="10.49509">
				<ele>813.36</ele>
			</trkpt>
			<trkpt lat="51.79151" lon="10.49482">
				<ele>813.36</ele>
			</trkpt>
			<trkpt lat="51.79123" lon="10.4945">
				<ele>813.36</ele>
			</trkpt>
			<trkpt lat="51.79044" lon="10.49368">
				<ele>813.36</ele>
			</trkpt>
			<trkpt lat="51.7902" lon="10.49342">
				<ele>813.69</ele>
			</trkpt>
			<trkpt lat="51.79006" lon="10.49323">
				<ele>813.69</ele>
			</trkpt>
			<trkpt lat="51.78764" lon="10.48876">
				<ele>813.69</ele>
			</trkpt>
			<trkpt lat="51.78688" lon="10.48727">
				<ele>813.69</ele>
			</trkpt>
			<trkpt lat="51.78615" lon="10.48598">
				<ele>813.69</ele>
			</trkpt>
			<trkpt lat="51.78585" lon="10.48537">
				<ele>810.31</ele>
			</trkpt>
			<trkpt lat="51.78575" lon="10.48531">
				<ele>810.31</ele>
			</trkpt>
			<trkpt lat="51.78584" lon="10.48588">
				<ele>810.31</ele>
			</trkpt>
			<trkpt lat="51.78592" lon="10.48664">
				<ele>810.31</ele>
			</trkpt>
			<trkpt lat="51.78602" lon="10.48719">
				<ele>810.31</ele>
			</trkpt>
			<trkpt lat="51.78619" lon="10.48795">
				<ele>809.66</ele>
			</trkpt>
			<trkpt lat="51.78633" lon="10.48862">
				<ele>809.66</ele>
			</trkpt>
			<trkpt lat="51.78646" lon="10.4896">
				<ele>809.66</ele>
			</trkpt>
			<trkpt lat="51.78666" lon="10.4908">
				<ele>809.66</ele>
			</trkpt>
			<trkpt lat="51.7868" lon="10.49198">
				<ele>809.66</ele>
			</trkpt>
			<trkpt lat="51.78689" lon="10.49253">
				<ele>813.57</ele>
			</trkpt>
			<trkpt lat="51.78702" lon="10.49316">
				<ele>813.57</ele>
			</trkpt>
			<trkpt lat="51.78713" lon="10.49384">
				<ele>813.57</ele>
			</trkpt>
			<trkpt lat="51.78726" lon="10.49486">
				<ele>813.57</ele>
			</trkpt>
			<trkpt lat="51.78739" lon="10.49551">
				<ele>813.57</ele>
			</trkpt>
			<trkpt lat="51.78745" lon="10.49597">
				<ele>809.03</ele>
			</trkpt>
			<trkpt lat="51.78754" lon="10.49714">
				<ele>809.03</ele>
			</trkpt>
			<trkpt lat="51.78765" lon="10.49748">
				<ele>809.03</ele>
			</trkpt>
			<trkpt lat="51.7882" lon="10.49831">
				<ele>809.03</ele>
			</trkpt>
			<trkpt lat="51.78866" lon="10.49913">
				<ele>809.03</ele>
			</trkpt>
			<trkpt lat="51.78892" lon="10.49951">
				<ele>812.17</ele>
			</trkpt>
			<trkpt lat="51.78936" lon="10.50024">
				<ele>812.17</ele>
			</trkpt>
			<trkpt lat="51.78961" lon="10.50063">
				<ele>812.17</ele>
			</trkpt>
			<trkpt lat="51.78968" lon="10.50082">
				<ele>812.17</ele>
			</trkpt>
			<trkpt lat="51.78991" lon="10.501">
				<ele>812.17</ele>
			</trkpt>
			<trkpt lat="51.79005" lon="10.50108">
				<ele>826.9</ele>
			</trkpt>
			<trkpt lat="51.79015" lon="10.50118">
				<ele>826.9</ele>
			</trkpt>
			<trkpt lat="51.79044" lon="10.50139">
				<ele>826.9</ele>
			</trkpt>
			<trkpt lat="51.79085" lon="10.502">
				<ele>826.9</ele>
			</trkpt>
			<trkpt lat="51.7912" lon="10.50265">
				<ele>826.9</ele>
			</trkpt>
			<trkpt lat="51.79132" lon="10.50291">
				<ele>840.14</ele>
			</trkpt>
			<trkpt lat="51.79139" lon="10.503">
				<ele>840.14</ele>
			</trkpt>
			<trkpt lat="51.79148" lon="10.50329">
				<ele>840.14</ele>
			</trkpt>
			<trkpt lat="51.79157" lon="10.50351">
				<ele>840.14</ele>
			</trkpt>
			<trkpt lat="51.79163" lon="10.50387">
				<ele>840.14</ele>
			</trkpt>
			<trkpt lat="51.79174" lon="10.50413">
				<ele>854.09</ele>
			</trkpt>
			<trkpt lat="51.7918" lon="10.5043">
				<ele>854.09</ele>
			</trkpt>
			<trkpt lat="51.7918" lon="10.50458">
				<ele>854.09</ele>
			</trkpt>
			<trkpt lat="51.79188" lon="10.50508">
				<ele>854.09</ele>
			</trkpt>
			<trkpt lat="51.79191" lon="10.50541">
				<ele>854.09</ele>
			</trkpt>
			<trkpt lat="51.79188" lon="10.5061">
				<ele>871.03</ele>
			</trkpt>
			<trkpt lat="51.79188" lon="10.50652">
				<ele>871.03</ele>
			</trkpt>
			<trkpt lat="51.79178" lon="10.50708">
				<ele>871.03</ele>
			</trkpt>
			<trkpt lat="51.79168" lon="10.50744">
				<ele>871.03</ele>
			</trkpt>
			<trkpt lat="51.79171" lon="10.50764">
				<ele>871.03</ele>
			</trkpt>
			<trkpt lat="51.79183" lon="10.50801">
				<ele>877.87</ele>
			</trkpt>
			<trkpt lat="51.792" lon="10.50861">
				<ele>877.87</ele>
			</trkpt>
			<trkpt lat="51.79234" lon="10.50965">
				<ele>877.87</ele>
			</trkpt>
			<trkpt lat="51.79265" lon="10.51073">
				<ele>877.87</ele>
			</trkpt>
			<trkpt lat="51.79278" lon="10.51102">
				<ele>877.87</ele>
			</trkpt>
			<trkpt lat="51.79283" lon="10.51138">
				<ele>885.47</ele>
			</trkpt>
			<trkpt lat="51.79298" lon="10.51174">
				<ele>885.47</ele>
			</trkpt>
			<trkpt lat="51.79304" lon="10.51203">
				<ele>885.47</ele>
			</trkpt>
			<trkpt lat="51.79311" lon="10.51222">
				<ele>885.47</ele>
			</trkpt>
			<trkpt lat="51.79336" lon="10.51297">
				<ele>885.47</ele>
			</trkpt>
			<trkpt lat="51.79345" lon="10.51321">
				<ele>893.84</ele>
			</trkpt>
			<trkpt lat="51.79347" lon="10.51342">
				<ele>893.84</ele>
			</trkpt>
			<trkpt lat="51.79354" lon="10.51354">
				<ele>893.84</ele>
			</trkpt>
			<trkpt lat="51.79366" lon="10.51403">
				<ele>893.84</ele>
			</trkpt>
			<trkpt lat="51.79381" lon="10.51447">
				<ele>893.84</ele>
			</trkpt>
			<trkpt lat="51.79387" lon="10.5146">
				<ele>897.86</ele>
			</trkpt>
			<trkpt lat="51.79393" lon="10.51487">
				<ele>897.86</ele>
			</trkpt>
			<trkpt lat="51.79399" lon="10.51501">
				<ele>897.86</ele>
			</trkpt>
			<trkpt lat="51.79402" lon="10.51517">
				<ele>897.86</ele>
			</trkpt>
			<trkpt lat="51.79405" lon="10.5157">
				<ele>897.86</ele>
			</trkpt>
			<trkpt lat="51.7941" lon="10.51613">
				<ele>904.82</ele>
			</trkpt>
			<trkpt lat="51.79406" lon="10.51643">
				<ele>904.82</ele>
			</trkpt>
			<trkpt lat="51.79393" lon="10.51655">
				<ele>904.82</ele>
			</trkpt>
			<trkpt lat="51.79348" lon="10.5171">
				<ele>904.82</ele>
			</trkpt>
			<trkpt lat="51.79294" lon="10.51789">
				<ele>904.82</ele>
			</trkpt>
			<trkpt lat="51.79276" lon="10.5181">
				<ele>894.33</ele>
			</trkpt>
			<trkpt lat="51.79229" lon="10.51855">
				<ele>894.33</ele>
			</trkpt>
			<trkpt lat="51.79184" lon="10.51889">
				<ele>894.33</ele>
			</trkpt>
			<trkpt lat="51.79147" lon="10.51908">
				<ele>894.33</ele>
			</trkpt>
			<trkpt lat="51.791" lon="10.51927">
				<ele>894.33</ele>
			</trkpt>
			<trkpt lat="51.79024" lon="10.51942">
				<ele>876.05</ele>
			</trkpt>
			<trkpt lat="51.7897" lon="10.51969">
				<ele>876.05</ele>
			</trkpt>
			<trkpt lat="51.78934" lon="10.51974">
				<ele>876.05</ele>
			</trkpt>
			<trkpt lat="51.78862" lon="10.51987">
				<ele>876.05</ele>
			</trkpt>
			<trkpt lat="51.78806" lon="10.52008">
				<ele>876.05</ele>
			</trkpt>
			<trkpt lat="51.78787" lon="10.52013">
				<ele>857.94</ele>
			</trkpt>
			<trkpt lat="51.78758" lon="10.52029">
				<ele>857.94</ele>
			</trkpt>
			<trkpt lat="51.78677" lon="10.52045">
				<ele>857.94</ele>
			</trkpt>
			<trkpt lat="51.78638" lon="10.52039">
				<ele>857.94</ele>
			</trkpt>
			<trkpt lat="51.78614" lon="10.52029">
				<ele>857.94</ele>
			</trkpt>
			<trkpt lat="51.78558" lon="10.51982">
				<ele>837.7</ele>
			</trkpt>
			<trkpt lat="51.78547" lon="10.51969">
				<ele>837.7</ele>
			</trkpt>
			<trkpt lat="51.78517" lon="10.51905">
				<ele>837.7</ele>
			</trkpt>
			<trkpt lat="51.78505" lon="10.51846">
				<ele>837.7</ele>
			</trkpt>
			<trkpt lat="51.78499" lon="10.51825">
				<ele>837.7</ele>
			</trkpt>
			<trkpt lat="51.78486" lon="10.51791">
				<ele>823.85</ele>
			</trkpt>
			<trkpt lat="51.78473" lon="10.51729">
				<ele>823.85</ele>
			</trkpt>
			<trkpt lat="51.78472" lon="10.51706">
				<ele>823.85</ele>
			</trkpt>
			<trkpt lat="51.78474" lon="10.51687">
				<ele>823.85</ele>
			</trkpt>
			<trkpt lat="51.78465" lon="10.51707">
				<ele>823.85</ele>
			</trkpt>
			<trkpt lat="51.78469" lon="10.51775">
				<ele>823.67</ele>
			</trkpt>
			<trkpt lat="51.78463" lon="10.51802">
				<ele>823.67</ele>
			</trkpt>
			<trkpt lat="51.78461" lon="10.51854">
				<ele>823.67</ele>
			</trkpt>
			<trkpt lat="51.78455" lon="10.5191">
				<ele>823.67</ele>
			</trkpt>
			<trkpt lat="51.78442" lon="10.51968">
				<ele>823.67</ele>
			</trkpt>
			<trkpt lat="51.78428" lon="10.52001">
				<ele>824.89</ele>
			</trkpt>
			<trkpt lat="51.78422" lon="10.52043">
				<ele>824.89</ele>
			</trkpt>
			<trkpt lat="51.78417" lon="10.52099">
				<ele>824.89</ele>
			</trkpt>
			<trkpt lat="51.78397" lon="10.52157">
				<ele>824.89</ele>
			</trkpt>
			<trkpt lat="51.78388" lon="10.52212">
				<ele>824.89</ele>
			</trkpt>
			<trkpt lat="51.78387" lon="10.52233">
				<ele>821.61</ele>
			</trkpt>
			<trkpt lat="51.78379" lon="10.52256">
				<ele>821.61</ele>
			</trkpt>
			<trkpt lat="51.78377" lon="10.52283">
				<ele>821.61</ele>
			</trkpt>
			<trkpt lat="51.7837" lon="10.52304">
				<ele>821.61</ele>
			</trkpt>
			<trkpt lat="51.7837" lon="10.52322">
				<ele>821.61</ele>
			</trkpt>
			<trkpt lat="51.78376" lon="10.52351">
				<ele>821.89</ele>
			</trkpt>
			<trkpt lat="51.78371" lon="10.52374">
				<ele>821.89</ele>
			</trkpt>
			<trkpt lat="51.78354" lon="10.52394">
				<ele>821.89</ele>
			</trkpt>
			<trkpt lat="51.78334" lon="10.52419">
				<ele>821.89</ele>
			</trkpt>
			<trkpt lat="51.78328" lon="10.5244">
				<ele>821.89</ele>
			</trkpt>
			<trkpt lat="51.78321" lon="10.52494">
				<ele>827.03</ele>
			</trkpt>
			<trkpt lat="51.78319" lon="10.52594">
				<ele>827.03</ele>
			</trkpt>
			<trkpt lat="51.78316" lon="10.52627">
				<ele>827.03</ele>
			</trkpt>
			<trkpt lat="51.78313" lon="10.52644">
				<ele>827.03</ele>
			</trkpt>
			<trkpt lat="51.78284" lon="10.52716">
				<ele>825.01</ele>
			</trkpt>
			<trkpt lat="51.78267" lon="10.52765">
				<ele>825.01</ele>
			</trkpt>
			<trkpt lat="51.7826" lon="10.52779">
				<ele>825.01</ele>
			</trkpt>
			<trkpt lat="51.7825" lon="10.52789">
				<ele>825.01</ele>
			</trkpt>
			<trkpt lat="51.78198" lon="10.52818">
				<ele>825.01</ele>
			</trkpt>
			<trkpt lat="51.78185" lon="10.52831">
				<ele>819.98</ele>
			</trkpt>
			<trkpt lat="51.78174" lon="10.52868">
				<ele>819.98</ele>
			</trkpt>
			<trkpt lat="51.78165" lon="10.52907">
				<ele>819.98</ele>
			</trkpt>
			<trkpt lat="51.78157" lon="10.52933">
				<ele>819.98</ele>
			</trkpt>
			<trkpt lat="51.78149" lon="10.5295">
				<ele>819.98</ele>
			</trkpt>
			<trkpt lat="51.78125" lon="10.52971">
				<ele>800.99</ele>
			</trkpt>
			<trkpt lat="51.78117" lon="10.52984">
				<ele>800.99</ele>
			</trkpt>
			<trkpt lat="51.78092" lon="10.53066">
				<ele>800.99</ele>
			</trkpt>
			<trkpt lat="51.78085" lon="10.53082">
				<ele>800.99</ele>
			</trkpt>
			<trkpt lat="51.78077" lon="10.53096">
				<ele>800.99</ele>
			</trkpt>
			<trkpt lat="51.78064" lon="10.53113">
				<ele>783.36</ele>
			</trkpt>
			<trkpt lat="51.78056" lon="10.53121">
				<ele>783.36</ele>
			</trkpt>
			<trkpt lat="51.78039" lon="10.53132">
				<ele>783.36</ele>
			</trkpt>
			<trkpt lat="51.77995" lon="10.53184">
				<ele>783.36</ele>
			</trkpt>
			<trkpt lat="51.77966" lon="10.53262">
				<ele>783.36</ele>
			</trkpt>
			<trkpt lat="51.77959" lon="10.53278">
				<ele>765.43</ele>
			</trkpt>
			<trkpt lat="51.77944" lon="10.53286">
				<ele>765.43</ele>
			</trkpt>
			<trkpt lat="51.77935" lon="10.53278">
				<ele>765.43</ele>
			</trkpt>
			<trkpt lat="51.77923" lon="10.53249">
				<ele>765.43</ele>
			</trkpt>
			<trkpt lat="51.77913" lon="10.5324">
				<ele>765.43</ele>
			</trkpt>
			<trkpt lat="51.77889" lon="10.53242">
				<ele>755.61</ele>
			</trkpt>
			<trkpt lat="51.77871" lon="10.53237">
				<ele>755.61</ele>
			</trkpt>
			<trkpt lat="51.77856" lon="10.53224">
				<ele>755.61</ele>
			</trkpt>
			<trkpt lat="51.77842" lon="10.53219">
				<ele>755.61</ele>
			</trkpt>
			<trkpt lat="51.77829" lon="10.53211">
				<ele>755.61</ele>
			</trkpt>
			<trkpt lat="51.77815" lon="10.53211">
				<ele>752.75</ele>
			</trkpt>
			<trkpt lat="51.77783" lon="10.53205">
				<ele>752.75</ele>
			</trkpt>
			<trkpt lat="51.77765" lon="10.53209">
				<ele>752.75</ele>
			</trkpt>
			<trkpt lat="51.77753" lon="10.53209">
				<ele>752.75</ele>
			</trkpt>
			<trkpt lat="51.7774" lon="10.53213">
				<ele>752.75</ele>
			</trkpt>
			<trkpt lat="51.7772" lon="10.53229">
				<ele>741.29</ele>
			</trkpt>
			<trkpt lat="51.77703" lon="10.53248">
				<ele>741.29</ele>
			</trkpt>
			<trkpt lat="51.77663" lon="10.53275">
				<ele>741.29</ele>
			</trkpt>
			<trkpt lat="51.7765" lon="10.53282">
				<ele>741.29</ele>
			</trkpt>
			<trkpt lat="51.7764" lon="10.53285">
				<ele>741.29</ele>
			</trkpt>
			<trkpt lat="51.77616" lon="10.53285">
				<ele>735.2</ele>
			</trkpt>
			<trkpt lat="51.77575" lon="10.53292">
				<ele>735.2</ele>
			</trkpt>
			<trkpt lat="51.77552" lon="10.53294">
				<ele>735.2</ele>
			</trkpt>
			<trkpt lat="51.77539" lon="10.53292">
				<ele>735.2</ele>
			</trkpt>
			<trkpt lat="51.77527" lon="10.53289">
				<ele>735.2</ele>
			</trkpt>
			<trkpt lat="51.77511" lon="10.53278">
				<ele>732.98</ele>
			</trkpt>
			<trkpt lat="51.7749" lon="10.53275">
				<ele>732.98</ele>
			</trkpt>
			<trkpt lat="51.7748" lon="10.5327">
				<ele>732.98</ele>
			</trkpt>
			<trkpt lat="51.77469" lon="10.53259">
				<ele>732.98</ele>
			</trkpt>
			<trkpt lat="51.77453" lon="10.53232">
				<ele>732.98</ele>
			</trkpt>
			<trkpt lat="51.77442" lon="10.53225">
				<ele>731.14</ele>
			</trkpt>
			<trkpt lat="51.77432" lon="10.53199">
				<ele>731.14</ele>
			</trkpt>
			<trkpt lat="51.77416" lon="10.53188">
				<ele>731.14</ele>
			</trkpt>
			<trkpt lat="51.77395" lon="10.53189">
				<ele>731.14</ele>
			</trkpt>
			<trkpt lat="51.77366" lon="10.53187">
				<ele>731.14</ele>
			</trkpt>
			<trkpt lat="51.7735" lon="10.53205">
				<ele>729.4</ele>
			</trkpt>
			<trkpt lat="51.77343" lon="10.53227">
				<ele>729.4</ele>
			</trkpt>
			<trkpt lat="51.77332" lon="10.53252">
				<ele>729.4</ele>
			</trkpt>
			<trkpt lat="51.77313" lon="10.53281">
				<ele>729.4</ele>
			</trkpt>
			<trkpt lat="51.7729" lon="10.53322">
				<ele>729.4</ele>
			</trkpt>
			<trkpt lat="51.77277" lon="10.53341">
				<ele>733.56</ele>
			</trkpt>
			<trkpt lat="51.77268" lon="10.53349">
				<ele>733.56</ele>
			</trkpt>
			<trkpt lat="51.77215" lon="10.53356">
				<ele>733.56</ele>
			</trkpt>
			<trkpt lat="51.77199" lon="10.53366">
				<ele>733.56</ele>
			</trkpt>
			<trkpt lat="51.77189" lon="10.5338">
				<ele>733.56</ele>
			</trkpt>
			<trkpt lat="51.7718" lon="10.53416">
				<ele>735.35</ele>
			</trkpt>
			<trkpt lat="51.77154" lon="10.53451">
				<ele>735.35</ele>
			</trkpt>
			<trkpt lat="51.77134" lon="10.53473">
				<ele>735.35</ele>
			</trkpt>
			<trkpt lat="51.77118" lon="10.53482">
				<ele>735.35</ele>
			</trkpt>
			<trkpt lat="51.77095" lon="10.53486">
				<ele>735.35</ele>
			</trkpt>
			<trkpt lat="51.77036" lon="10.53478">
				<ele>733.41</ele>
			</trkpt>
			<trkpt lat="51.77015" lon="10.53479">
				<ele>733.41</ele>
			</trkpt>
			<trkpt lat="51.77001" lon="10.53486">
				<ele>733.41</ele>
			</trkpt>
			<trkpt lat="51.76987" lon="10.535">
				<ele>733.41</ele>
			</trkpt>
			<trkpt lat="51.76975" lon="10.53509">
				<ele>733.41</ele>
			</trkpt>
			<trkpt lat="51.76951" lon="10.53514">
				<ele>735</ele>
			</trkpt>
			<trkpt lat="51.76918" lon="10.53516">
				<ele>735</ele>
			</trkpt>
			<trkpt lat="51.76871" lon="10.53507">
				<ele>735</ele>
			</trkpt>
			<trkpt lat="51.76861" lon="10.53509">
				<ele>735</ele>
			</trkpt>
			<trkpt lat="51.76851" lon="10.53514">
				<ele>735</ele>
			</trkpt>
			<trkpt lat="51.76838" lon="10.53525">
				<ele>734.46</ele>
			</trkpt>
			<trkpt lat="51.76784" lon="10.53588">
				<ele>734.46</ele>
			</trkpt>
			<trkpt lat="51.7677" lon="10.53601">
				<ele>734.46</ele>
			</trkpt>
			<trkpt lat="51.76752" lon="10.53612">
				<ele>734.46</ele>
			</trkpt>
			<trkpt lat="51.76733" lon="10.53617">
				<ele>734.46</ele>
			</trkpt>
			<trkpt lat="51.76719" lon="10.53617">
				<ele>738.5</ele>
			</trkpt>
			<trkpt lat="51.76709" lon="10.53612">
				<ele>738.5</ele>
			</trkpt>
			<trkpt lat="51.76631" lon="10.53563">
				<ele>738.5</ele>
			</trkpt>
			<trkpt lat="51.76572" lon="10.53533">
				<ele>738.5</ele>
			</trkpt>
			<trkpt lat="51.76521" lon="10.53521">
				<ele>738.5</ele>
			</trkpt>
			<trkpt lat="51.76491" lon="10.5352">
				<ele>736.35</ele>
			</trkpt>
			<trkpt lat="51.76444" lon="10.53521">
				<ele>736.35</ele>
			</trkpt>
			<trkpt lat="51.76434" lon="10.53519">
				<ele>736.35</ele>
			</trkpt>
			<trkpt lat="51.76423" lon="10.53531">
				<ele>736.35</ele>
			</trkpt>
			<trkpt lat="51.7642" lon="10.53555">
				<ele>736.35</ele>
			</trkpt>
			<trkpt lat="51.76424" lon="10.53592">
				<ele>730.36</ele>
			</trkpt>
			<trkpt lat="51.76437" lon="10.53665">
				<ele>730.36</ele>
			</trkpt>
			<trkpt lat="51.76352" lon="10.53675">
				<ele>730.36</ele>
			</trkpt>
			<trkpt lat="51.7634" lon="10.53672">
				<ele>730.36</ele>
			</trkpt>
			<trkpt lat="51.76324" lon="10.53664">
				<ele>730.36</ele>
			</trkpt>
			<trkpt lat="51.76306" lon="10.5365">
				<ele>716.01</ele>
			</trkpt>
			<trkpt lat="51.76291" lon="10.53634">
				<ele>716.01</ele>
			</trkpt>
			<trkpt lat="51.76279" lon="10.53613">
				<ele>716.01</ele>
			</trkpt>
			<trkpt lat="51.7627" lon="10.53582">
				<ele>716.01</ele>
			</trkpt>
			<trkpt lat="51.76262" lon="10.53572">
				<ele>716.01</ele>
			</trkpt>
			<trkpt lat="51.76249" lon="10.53578">
				<ele>699.49</ele>
			</trkpt>
			<trkpt lat="51.76229" lon="10.53599">
				<ele>699.49</ele>
			</trkpt>
			<trkpt lat="51.76214" lon="10.53605">
				<ele>699.49</ele>
			</trkpt>
			<trkpt lat="51.76199" lon="10.53601">
				<ele>699.49</ele>
			</trkpt>
			<trkpt lat="51.76163" lon="10.53575">
				<ele>699.49</ele>
			</trkpt>
			<trkpt lat="51.76153" lon="10.5357">
				<ele>713.32</ele>
			</trkpt>
			<trkpt lat="51.76083" lon="10.53588">
				<ele>713.32</ele>
			</trkpt>
			<trkpt lat="51.76014" lon="10.53602">
				<ele>713.32</ele>
			</trkpt>
			<trkpt lat="51.75985" lon="10.53612">
				<ele>713.32</ele>
			</trkpt>
			<trkpt lat="51.75946" lon="10.53619">
				<ele>713.32</ele>
			</trkpt>
			<trkpt lat="51.75931" lon="10.53618">
				<ele>708.72</ele>
			</trkpt>
			<trkpt lat="51.75918" lon="10.5361">
				<ele>708.72</ele>
			</trkpt>
			<trkpt lat="51.75874" lon="10.53547">
				<ele>708.72</ele>
			</trkpt>
			<trkpt lat="51.75846" lon="10.53514">
				<ele>708.72</ele>
			</trkpt>
			<trkpt lat="51.75836" lon="10.53506">
				<ele>708.72</ele>
			</trkpt>
			<trkpt lat="51.7582" lon="10.53499">
				<ele>708.11</ele>
			</trkpt>
			<trkpt lat="51.75799" lon="10.53496">
				<ele>708.11</ele>
			</trkpt>
			<trkpt lat="51.75782" lon="10.53498">
				<ele>708.11</ele>
			</trkpt>
			<trkpt lat="51.75772" lon="10.53504">
				<ele>708.11</ele>
			</trkpt>
			<trkpt lat="51.75747" lon="10.53527">
				<ele>708.11</ele>
			</trkpt>
			<trkpt lat="51.75734" lon="10.53544">
				<ele>713.54</ele>
			</trkpt>
			<trkpt lat="51.75726" lon="10.53557">
				<ele>713.54</ele>
			</trkpt>
			<trkpt lat="51.75717" lon="10.53582">
				<ele>713.54</ele>
			</trkpt>
			<trkpt lat="51.75697" lon="10.5365">
				<ele>713.54</ele>
			</trkpt>
			<trkpt lat="51.75653" lon="10.53775">
				<ele>713.54</ele>
			</trkpt>
			<trkpt lat="51.75645" lon="10.5381">
				<ele>725.14</ele>
			</trkpt>
			<trkpt lat="51.75643" lon="10.53829">
				<ele>725.14</ele>
			</trkpt>
			<trkpt lat="51.75642" lon="10.53847">
				<ele>725.14</ele>
			</trkpt>
			<trkpt lat="51.75642" lon="10.53911">
				<ele>725.14</ele>
			</trkpt>
			<trkpt lat="51.75625" lon="10.5408">
				<ele>725.14</ele>
			</trkpt>
			<trkpt lat="51.7562" lon="10.54154">
				<ele>719.97</ele>
			</trkpt>
			<trkpt lat="51.75603" lon="10.54258">
				<ele>719.97</ele>
			</trkpt>
			<trkpt lat="51.75595" lon="10.54293">
				<ele>719.97</ele>
			</trkpt>
			<trkpt lat="51.75583" lon="10.54326">
				<ele>719.97</ele>
			</trkpt>
			<trkpt lat="51.75572" lon="10.5435">
				<ele>719.97</ele>
			</trkpt>
			<trkpt lat="51.75536" lon="10.54413">
				<ele>713.66</ele>
			</trkpt>
			<trkpt lat="51.75524" lon="10.54432">
				<ele>713.66</ele>
			</trkpt>
			<trkpt lat="51.75509" lon="10.54445">
				<ele>713.66</ele>
			</trkpt>
			<trkpt lat="51.75492" lon="10.54455">
				<ele>713.66</ele>
			</trkpt>
			<trkpt lat="51.75442" lon="10.54478">
				<ele>713.66</ele>
			</trkpt>
			<trkpt lat="51.75412" lon="10.54503">
				<ele>713.53</ele>
			</trkpt>
			<trkpt lat="51.75386" lon="10.5452">
				<ele>713.53</ele>
			</trkpt>
			<trkpt lat="51.75349" lon="10.5453">
				<ele>713.53</ele>
			</trkpt>
			<trkpt lat="51.75321" lon="10.54531">
				<ele>713.53</ele>
			</trkpt>
			<trkpt lat="51.75304" lon="10.54535">
				<ele>713.53</ele>
			</trkpt>
			<trkpt lat="51.75221" lon="10.54569">
				<ele>715.56</ele>
			</trkpt>
			<trkpt lat="51.75197" lon="10.54584">
				<ele>715.56</ele>
			</trkpt>
			<trkpt lat="51.75141" lon="10.54629">
				<ele>715.56</ele>
			</trkpt>
			<trkpt lat="51.75109" lon="10.5465">
				<ele>715.56</ele>
			</trkpt>
			<trkpt lat="51.75045" lon="10.54686">
				<ele>715.56</ele>
			</trkpt>
			<trkpt lat="51.75029" lon="10.54691">
				<ele>712.01</ele>
			</trkpt>
			<trkpt lat="51.75013" lon="10.54687">
				<ele>712.01</ele>
			</trkpt>
			<trkpt lat="51.74995" lon="10.54672">
				<ele>712.01</ele>
			</trkpt>
			<trkpt lat="51.74984" lon="10.54655">
				<ele>712.01</ele>
			</trkpt>
			<trkpt lat="51.74974" lon="10.54625">
				<ele>712.01</ele>
			</trkpt>
			<trkpt lat="51.74968" lon="10.54599">
				<ele>707.59</ele>
			</trkpt>
			<trkpt lat="51.74965" lon="10.54571">
				<ele>707.59</ele>
			</trkpt>
			<trkpt lat="51.74964" lon="10.54533">
				<ele>707.59</ele>
			</trkpt>
			<trkpt lat="51.74961" lon="10.54515">
				<ele>707.59</ele>
			</trkpt>
			<trkpt lat="51.74948" lon="10.54487">
				<ele>707.59</ele>
			</trkpt>
			<trkpt lat="51.74939" lon="10.54478">
				<ele>721.87</ele>
			</trkpt>
			<trkpt lat="51.74925" lon="10.54485">
				<ele>721.87</ele>
			</trkpt>
			<trkpt lat="51.74912" lon="10.54503">
				<ele>721.87</ele>
			</trkpt>
			<trkpt lat="51.74859" lon="10.54565">
				<ele>721.87</ele>
			</trkpt>
			<trkpt lat="51.74836" lon="10.54597">
				<ele>721.87</ele>
			</trkpt>
			<trkpt lat="51.74796" lon="10.54658">
				<ele>725.35</ele>
			</trkpt>
			<trkpt lat="51.74776" lon="10.54682">
				<ele>725.35</ele>
			</trkpt>
			<trkpt lat="51.74741" lon="10.54723">
				<ele>725.35</ele>
			</trkpt>
			<trkpt lat="51.74723" lon="10.54739">
				<ele>725.35</ele>
			</trkpt>
			<trkpt lat="51.74711" lon="10.54747">
				<ele>725.35</ele>
			</trkpt>
			<trkpt lat="51.74698" lon="10.5475">
				<ele>709.98</ele>
			</trkpt>
			<trkpt lat="51.74646" lon="10.54748">
				<ele>709.98</ele>
			</trkpt>
			<trkpt lat="51.74606" lon="10.54728">
				<ele>709.98</ele>
			</trkpt>
			<trkpt lat="51.7457" lon="10.54713">
				<ele>709.98</ele>
			</trkpt>
			<trkpt lat="51.74534" lon="10.54706">
				<ele>709.98</ele>
			</trkpt>
			<trkpt lat="51.74522" lon="10.54706">
				<ele>727.63</ele>
			</trkpt>
			<trkpt lat="51.74497" lon="10.54712">
				<ele>727.63</ele>
			</trkpt>
			<trkpt lat="51.74446" lon="10.54728">
				<ele>727.63</ele>
			</trkpt>
			<trkpt lat="51.74427" lon="10.5474">
				<ele>727.63</ele>
			</trkpt>
			<trkpt lat="51.74394" lon="10.54769">
				<ele>727.63</ele>
			</trkpt>
			<trkpt lat="51.7437" lon="10.5478">
				<ele>709.36</ele>
			</trkpt>
			<trkpt lat="51.74351" lon="10.5478">
				<ele>709.36</ele>
			</trkpt>
			<trkpt lat="51.74317" lon="10.54765">
				<ele>709.36</ele>
			</trkpt>
			<trkpt lat="51.74253" lon="10.54755">
				<ele>709.36</ele>
			</trkpt>
			<trkpt lat="51.74214" lon="10.54766">
				<ele>709.36</ele>
			</trkpt>
			<trkpt lat="51.7417" lon="10.54784">
				<ele>699.23</ele>
			</trkpt>
			<trkpt lat="51.74091" lon="10.54825">
				<ele>699.23</ele>
			</trkpt>
			<trkpt lat="51.74074" lon="10.54824">
				<ele>699.23</ele>
			</trkpt>
			<trkpt lat="51.74033" lon="10.54803">
				<ele>699.23</ele>
			</trkpt>
			<trkpt lat="51.74002" lon="10.54795">
				<ele>699.23</ele>
			</trkpt>
			<trkpt lat="51.73984" lon="10.54798">
				<ele>707.02</ele>
			</trkpt>
			<trkpt lat="51.7394" lon="10.54812">
				<ele>707.02</ele>
			</trkpt>
			<trkpt lat="51.73892" lon="10.5482">
				<ele>707.02</ele>
			</trkpt>
			<trkpt lat="51.73842" lon="10.54842">
				<ele>707.02</ele>
			</trkpt>
			<trkpt lat="51.73767" lon="10.54894">
				<ele>707.02</ele>
			</trkpt>
			<trkpt lat="51.73732" lon="10.5492">
				<ele>714.91</ele>
			</trkpt>
			<trkpt lat="51.73714" lon="10.5493">
				<ele>714.91</ele>
			</trkpt>
			<trkpt lat="51.73671" lon="10.54943">
				<ele>714.91</ele>
			</trkpt>
			<trkpt lat="51.73597" lon="10.54954">
				<ele>714.91</ele>
			</trkpt>
			<trkpt lat="51.73551" lon="10.54968">
				<ele>714.91</ele>
			</trkpt>
			<trkpt lat="51.73538" lon="10.54974">
				<ele>695.37</ele>
			</trkpt>
			<trkpt lat="51.73514" lon="10.5499">
				<ele>695.37</ele>
			</trkpt>
			<trkpt lat="51.73482" lon="10.5502">
				<ele>695.37</ele>
			</trkpt>
			<trkpt lat="51.73434" lon="10.55055">
				<ele>695.37</ele>
			</trkpt>
			<trkpt lat="51.73396" lon="10.55095">
				<ele>695.37</ele>
			</trkpt>
			<trkpt lat="51.73356" lon="10.55129">
				<ele>710.14</ele>
			</trkpt>
			<trkpt lat="51.73329" lon="10.55159">
				<ele>710.14</ele>
			</trkpt>
			<trkpt lat="51.73311" lon="10.55174">
				<ele>710.14</ele>
			</trkpt>
			<trkpt lat="51.7325" lon="10.55216">
				<ele>710.14</ele>
			</trkpt>
			<trkpt lat="51.73209" lon="10.55231">
				<ele>714.37</ele>
			</trkpt>
			<trkpt lat="51.73173" lon="10.5525">
				<ele>714.37</ele>
			</trkpt>
			<trkpt lat="51.73123" lon="10.55261">
				<ele>714.37</ele>
			</trkpt>
			<trkpt lat="51.73111" lon="10.55261">
				<ele>714.37</ele>
			</trkpt>
			<trkpt lat="51.73094" lon="10.55254">
				<ele>714.37</ele>
			</trkpt>
			<trkpt lat="51.73062" lon="10.55234">
				<ele>706.47</ele>
			</trkpt>
			<trkpt lat="51.73043" lon="10.55226">
				<ele>706.47</ele>
			</trkpt>
			<trkpt lat="51.73016" lon="10.55225">
				<ele>706.47</ele>
			</trkpt>
			<trkpt lat="51.72998" lon="10.55218">
				<ele>706.47</ele>
			</trkpt>
			<trkpt lat="51.72982" lon="10.55199">
				<ele>706.47</ele>
			</trkpt>
			<trkpt lat="51.72962" lon="10.55155">
				<ele>685.31</ele>
			</trkpt>
			<trkpt lat="51.72934" lon="10.55079">
				<ele>685.31</ele>
			</trkpt>
			<trkpt lat="51.72919" lon="10.55027">
				<ele>685.31</ele>
			</trkpt>
			<trkpt lat="51.72906" lon="10.54988">
				<ele>685.31</ele>
			</trkpt>
			<trkpt lat="51.72879" lon="10.54925">
				<ele>685.31</ele>
			</trkpt>
			<trkpt lat="51.72875" lon="10.54905">
				<ele>692.29</ele>
			</trkpt>
			<trkpt lat="51.72865" lon="10.5481">
				<ele>692.29</ele>
			</trkpt>
			<trkpt lat="51.72865" lon="10.54766">
				<ele>692.29</ele>
			</trkpt>
			<trkpt lat="51.72869" lon="10.54699">
				<ele>692.29</ele>
			</trkpt>
			<trkpt lat="51.72867" lon="10.54667">
				<ele>692.29</ele>
			</trkpt>
			<trkpt lat="51.72861" lon="10.54618">
				<ele>694.6</ele>
			</trkpt>
			<trkpt lat="51.7286" lon="10.54576">
				<ele>694.6</ele>
			</trkpt>
			<trkpt lat="51.72861" lon="10.54527">
				<ele>694.6</ele>
			</trkpt>
			<trkpt lat="51.72871" lon="10.54428">
				<ele>694.6</ele>
			</trkpt>
			<trkpt lat="51.72871" lon="10.54394">
				<ele>694.6</ele>
			</trkpt>
			<trkpt lat="51.72865" lon="10.54342">
				<ele>692.91</ele>
			</trkpt>
			<trkpt lat="51.72855" lon="10.54285">
				<ele>692.91</ele>
			</trkpt>
			<trkpt lat="51.7285" lon="10.54247">
				<ele>692.91</ele>
			</trkpt>
			<trkpt lat="51.72847" lon="10.54153">
				<ele>692.91</ele>
			</trkpt>
			<trkpt lat="51.72852" lon="10.5409">
				<ele>692.91</ele>
			</trkpt>
			<trkpt lat="51.72868" lon="10.54025">
				<ele>693.59</ele>
			</trkpt>
			<trkpt lat="51.7287" lon="10.53988">
				<ele>693.59</ele>
			</trkpt>
			<trkpt lat="51.72877" lon="10.53952">
				<ele>693.59</ele>
			</trkpt>
			<trkpt lat="51.72881" lon="10.53937">
				<ele>693.59</ele>
			</trkpt>
			<trkpt lat="51.72907" lon="10.53875">
				<ele>693.59</ele>
			</trkpt>
			<trkpt lat="51.72915" lon="10.53832">
				<ele>699.21</ele>
			</trkpt>
			<trkpt lat="51.72927" lon="10.53817">
				<ele>699.21</ele>
			</trkpt>
			<trkpt lat="51.72934" lon="10.53732">
				<ele>699.21</ele>
			</trkpt>
			<trkpt lat="51.72935" lon="10.5369">
				<ele>699.21</ele>
			</trkpt>
			<trkpt lat="51.72943" lon="10.53597">
				<ele>699.21</ele>
			</trkpt>
			<trkpt lat="51.7295" lon="10.53561">
				<ele>684.94</ele>
			</trkpt>
			<trkpt lat="51.7296" lon="10.53527">
				<ele>684.94</ele>
			</trkpt>
			<trkpt lat="51.72979" lon="10.5343">
				<ele>684.94</ele>
			</trkpt>
			<trkpt lat="51.72994" lon="10.53354">
				<ele>684.94</ele>
			</trkpt>
			<trkpt lat="51.72999" lon="10.53313">
				<ele>684.94</ele>
			</trkpt>
			<trkpt lat="51.73003" lon="10.53253">
				<ele>686.86</ele>
			</trkpt>
			<trkpt lat="51.73015" lon="10.53139">
				<ele>686.86</ele>
			</trkpt>
			<trkpt lat="51.73017" lon="10.53085">
				<ele>686.86</ele>
			</trkpt>
			<trkpt lat="51.73031" lon="10.52984">
				<ele>686.86</ele>
			</trkpt>
			<trkpt lat="51.73027" lon="10.52943">
				<ele>686.86</ele>
			</trkpt>
			<trkpt lat="51.73015" lon="10.52927">
				<ele>688.98</ele>
			</trkpt>
			<trkpt lat="51.72997" lon="10.52935">
				<ele>688.98</ele>
			</trkpt>
			<trkpt lat="51.72964" lon="10.5296">
				<ele>688.98</ele>
			</trkpt>
			<trkpt lat="51.72929" lon="10.52991">
				<ele>688.98</ele>
			</trkpt>
			<trkpt lat="51.72875" lon="10.53028">
				<ele>688.98</ele>
			</trkpt>
			<trkpt lat="51.72843" lon="10.53059">
				<ele>683.95</ele>
			</trkpt>
			<trkpt lat="51.72809" lon="10.53087">
				<ele>683.95</ele>
			</trkpt>
			<trkpt lat="51.72776" lon="10.5311">
				<ele>683.95</ele>
			</trkpt>
			<trkpt lat="51.7269" lon="10.53185">
				<ele>683.95</ele>
			</trkpt>
			<trkpt lat="51.72651" lon="10.53211">
				<ele>683.95</ele>
			</trkpt>
			<trkpt lat="51.72629" lon="10.53217">
				<ele>682.07</ele>
			</trkpt>
			<trkpt lat="51.72609" lon="10.53217">
				<ele>682.07</ele>
			</trkpt>
			<trkpt lat="51.72593" lon="10.53213">
				<ele>682.07</ele>
			</trkpt>
			<trkpt lat="51.72583" lon="10.53207">
				<ele>682.07</ele>
			</trkpt>
			<trkpt lat="51.72573" lon="10.53199">
				<ele>682.07</ele>
			</trkpt>
			<trkpt lat="51.72562" lon="10.53181">
				<ele>679.4</ele>
			</trkpt>
			<trkpt lat="51.72553" lon="10.53161">
				<ele>679.4</ele>
			</trkpt>
			<trkpt lat="51.72547" lon="10.53136">
				<ele>679.4</ele>
			</trkpt>
			<trkpt lat="51.7253" lon="10.53039">
				<ele>679.4</ele>
			</trkpt>
			<trkpt lat="51.72524" lon="10.53014">
				<ele>679.4</ele>
			</trkpt>
			<trkpt lat="51.72517" lon="10.53001">
				<ele>680.44</ele>
			</trkpt>
			<trkpt lat="51.72478" lon="10.52961">
				<ele>680.44</ele>
			</trkpt>
			<trkpt lat="51.72433" lon="10.52925">
				<ele>680.44</ele>
			</trkpt>
			<trkpt lat="51.72396" lon="10.52901">
				<ele>680.44</ele>
			</trkpt>
			<trkpt lat="51.72379" lon="10.52893">
				<ele>680.44</ele>
			</trkpt>
			<trkpt lat="51.72364" lon="10.5289">
				<ele>680.65</ele>
			</trkpt>
			<trkpt lat="51.72269" lon="10.52889">
				<ele>680.65</ele>
			</trkpt>
			<trkpt lat="51.72237" lon="10.52878">
				<ele>680.65</ele>
			</trkpt>
			<trkpt lat="51.72199" lon="10.52844">
				<ele>680.65</ele>
			</trkpt>
			<trkpt lat="51.72168" lon="10.52821">
				<ele>680.65</ele>
			</trkpt>
			<trkpt lat="51.72146" lon="10.52894">
				<ele>680.66</ele>
			</trkpt>
			<trkpt lat="51.72138" lon="10.52959">
				<ele>680.66</ele>
			</trkpt>
			<trkpt lat="51.72133" lon="10.5298">
				<ele>680.66</ele>
			</trkpt>
			<trkpt lat="51.72102" lon="10.53047">
				<ele>680.66</ele>
			</trkpt>
			<trkpt lat="51.72075" lon="10.53114">
				<ele>680.66</ele>
			</trkpt>
			<trkpt lat="51.72058" lon="10.53146">
				<ele>698.51</ele>
			</trkpt>
			<trkpt lat="51.72028" lon="10.5319">
				<ele>698.51</ele>
			</trkpt>
			<trkpt lat="51.72012" lon="10.53218">
				<ele>698.51</ele>
			</trkpt>
			<trkpt lat="51.71974" lon="10.53277">
				<ele>698.51</ele>
			</trkpt>
			<trkpt lat="51.71964" lon="10.53301">
				<ele>698.51</ele>
			</trkpt>
			<trkpt lat="51.71951" lon="10.53342">
				<ele>714.01</ele>
			</trkpt>
			<trkpt lat="51.71944" lon="10.5336">
				<ele>714.01</ele>
			</trkpt>
			<trkpt lat="51.71937" lon="10.5337">
				<ele>714.01</ele>
			</trkpt>
			<trkpt lat="51.71921" lon="10.53383">
				<ele>714.01</ele>
			</trkpt>
			<trkpt lat="51.71872" lon="10.53432">
				<ele>714.01</ele>
			</trkpt>
			<trkpt lat="51.71841" lon="10.53459">
				<ele>712.85</ele>
			</trkpt>
			<trkpt lat="51.71831" lon="10.53469">
				<ele>712.85</ele>
			</trkpt>
			<trkpt lat="51.71789" lon="10.53538">
				<ele>712.85</ele>
			</trkpt>
			<trkpt lat="51.71752" lon="10.53612">
				<ele>712.85</ele>
			</trkpt>
			<trkpt lat="51.71747" lon="10.53634">
				<ele>712.85</ele>
			</trkpt>
			<trkpt lat="51.7174" lon="10.53685">
				<ele>716.4</ele>
			</trkpt>
			<trkpt lat="51.71736" lon="10.53706">
				<ele>716.4</ele>
			</trkpt>
			<trkpt lat="51.71714" lon="10.53771">
				<ele>716.4</ele>
			</trkpt>
			<trkpt lat="51.71701" lon="10.53824">
				<ele>716.4</ele>
			</trkpt>
			<trkpt lat="51.71682" lon="10.53884">
				<ele>716.4</ele>
			</trkpt>
			<trkpt lat="51.71663" lon="10.53955">
				<ele>715.84</ele>
			</trkpt>
			<trkpt lat="51.71652" lon="10.53987">
				<ele>715.84</ele>
			</trkpt>
			<trkpt lat="51.71636" lon="10.54019">
				<ele>715.84</ele>
			</trkpt>
			<trkpt lat="51.71625" lon="10.5403">
				<ele>715.84</ele>
			</trkpt>
			<trkpt lat="51.71615" lon="10.54034">
				<ele>715.84</ele>
			</trkpt>
			<trkpt lat="51.71625" lon="10.5403">
				<ele>702.79</ele>
			</trkpt>
			<trkpt lat="51.71634" lon="10.54023">
				<ele>702.79</ele>
			</trkpt>
			<trkpt lat="51.71648" lon="10.54029">
				<ele>702.79</ele>
			</trkpt>
			<trkpt lat="51.71666" lon="10.5405">
				<ele>702.79</ele>
			</trkpt>
			<trkpt lat="51.71675" lon="10.54056">
				<ele>702.79</ele>
			</trkpt>
			<trkpt lat="51.71663" lon="10.54066">
				<ele>698.22</ele>
			</trkpt>
			<trkpt lat="51.71619" lon="10.54145">
				<ele>698.22</ele>
			</trkpt>
			<trkpt lat="51.7159" lon="10.54207">
				<ele>698.22</ele>
			</trkpt>
			<trkpt lat="51.71584" lon="10.54217">
				<ele>698.22</ele>
			</trkpt>
			<trkpt lat="51.71545" lon="10.54269">
				<ele>698.22</ele>
			</trkpt>
			<trkpt lat="51.71499" lon="10.54353">
				<ele>692.99</ele>
			</trkpt>
			<trkpt lat="51.71492" lon="10.54374">
				<ele>692.99</ele>
			</trkpt>
			<trkpt lat="51.71483" lon="10.54407">
				<ele>692.99</ele>
			</trkpt>
			<trkpt lat="51.71463" lon="10.54512">
				<ele>692.99</ele>
			</trkpt>
			<trkpt lat="51.71456" lon="10.54555">
				<ele>692.99</ele>
			</trkpt>
			<trkpt lat="51.71442" lon="10.54591">
				<ele>690.5</ele>
			</trkpt>
			<trkpt lat="51.71417" lon="10.54664">
				<ele>690.5</ele>
			</trkpt>
			<trkpt lat="51.7141" lon="10.54703">
				<ele>690.5</ele>
			</trkpt>
			<trkpt lat="51.71398" lon="10.54752">
				<ele>690.5</ele>
			</trkpt>
			<trkpt lat="51.71373" lon="10.54819">
				<ele>690.5</ele>
			</trkpt>
			<trkpt lat="51.71362" lon="10.54873">
				<ele>683.69</ele>
			</trkpt>
			<trkpt lat="51.71345" lon="10.54914">
				<ele>683.69</ele>
			</trkpt>
			<trkpt lat="51.7133" lon="10.54961">
				<ele>683.69</ele>
			</trkpt>
			<trkpt lat="51.71323" lon="10.54976">
				<ele>683.69</ele>
			</trkpt>
			<trkpt lat="51.71309" lon="10.54993">
				<ele>683.69</ele>
			</trkpt>
			<trkpt lat="51.7129" lon="10.5501">
				<ele>680.85</ele>
			</trkpt>
			<trkpt lat="51.71276" lon="10.55016">
				<ele>680.85</ele>
			</trkpt>
			<trkpt lat="51.71263" lon="10.55016">
				<ele>680.85</ele>
			</trkpt>
			<trkpt lat="51.71228" lon="10.55005">
				<ele>680.85</ele>
			</trkpt>
			<trkpt lat="51.71198" lon="10.55006">
				<ele>680.85</ele>
			</trkpt>
			<trkpt lat="51.7118" lon="10.55004">
				<ele>680.5</ele>
			</trkpt>
			<trkpt lat="51.71165" lon="10.54993">
				<ele>680.5</ele>
			</trkpt>
			<trkpt lat="51.71037" lon="10.5487">
				<ele>680.5</ele>
			</trkpt>
			<trkpt lat="51.71029" lon="10.54874">
				<ele>680.5</ele>
			</trkpt>
			<trkpt lat="51.71026" lon="10.54903">
				<ele>680.5</ele>
			</trkpt>
			<trkpt lat="51.71024" lon="10.55054">
				<ele>680.23</ele>
			</trkpt>
			<trkpt lat="51.71031" lon="10.55121">
				<ele>680.23</ele>
			</trkpt>
			<trkpt lat="51.71033" lon="10.55166">
				<ele>680.23</ele>
			</trkpt>
			<trkpt lat="51.71038" lon="10.55226">
				<ele>680.23</ele>
			</trkpt>
			<trkpt lat="51.71039" lon="10.55273">
				<ele>680.23</ele>
			</trkpt>
			<trkpt lat="51.71045" lon="10.5531">
				<ele>668.87</ele>
			</trkpt>
			<trkpt lat="51.71053" lon="10.55334">
				<ele>668.87</ele>
			</trkpt>
			<trkpt lat="51.71082" lon="10.554">
				<ele>668.87</ele>
			</trkpt>
			<trkpt lat="51.71091" lon="10.55432">
				<ele>668.87</ele>
			</trkpt>
			<trkpt lat="51.71069" lon="10.5538">
				<ele>668.87</ele>
			</trkpt>
			<trkpt lat="51.71058" lon="10.55357">
				<ele>650.22</ele>
			</trkpt>
			<trkpt lat="51.71075" lon="10.55387">
				<ele>650.22</ele>
			</trkpt>
			<trkpt lat="51.71083" lon="10.55407">
				<ele>650.22</ele>
			</trkpt>
			<trkpt lat="51.71099" lon="10.5546">
				<ele>650.22</ele>
			</trkpt>
			<trkpt lat="51.71118" lon="10.55505">
				<ele>650.22</ele>
			</trkpt>
			<trkpt lat="51.71133" lon="10.55525">
				<ele>643.16</ele>
			</trkpt>
			<trkpt lat="51.71154" lon="10.55545">
				<ele>643.16</ele>
			</trkpt>
			<trkpt lat="51.7119" lon="10.5556">
				<ele>643.16</ele>
			</trkpt>
			<trkpt lat="51.71201" lon="10.55582">
				<ele>643.16</ele>
			</trkpt>
			<trkpt lat="51.71202" lon="10.55599">
				<ele>643.16</ele>
			</trkpt>
			<trkpt lat="51.71199" lon="10.55617">
				<ele>636</ele>
			</trkpt>
			<trkpt lat="51.71164" lon="10.55742">
				<ele>636</ele>
			</trkpt>
			<trkpt lat="51.7116" lon="10.55764">
				<ele>636</ele>
			</trkpt>
			<trkpt lat="51.71156" lon="10.55796">
				<ele>636</ele>
			</trkpt>
			<trkpt lat="51.71156" lon="10.55848">
				<ele>636</ele>
			</trkpt>
			<trkpt lat="51.71154" lon="10.55887">
				<ele>628.01</ele>
			</trkpt>
			<trkpt lat="51.71157" lon="10.55914">
				<ele>628.01</ele>
			</trkpt>
			<trkpt lat="51.71164" lon="10.55931">
				<ele>628.01</ele>
			</trkpt>
			<trkpt lat="51.7119" lon="10.55972">
				<ele>628.01</ele>
			</trkpt>
			<trkpt lat="51.71202" lon="10.55983">
				<ele>628.01</ele>
			</trkpt>
			<trkpt lat="51.71215" lon="10.55986">
				<ele>598.06</ele>
			</trkpt>
			<trkpt lat="51.71232" lon="10.55972">
				<ele>598.06</ele>
			</trkpt>
			<trkpt lat="51.71241" lon="10.55951">
				<ele>598.06</ele>
			</trkpt>
			<trkpt lat="51.71257" lon="10.55922">
				<ele>598.06</ele>
			</trkpt>
			<trkpt lat="51.71282" lon="10.55884">
				<ele>598.06</ele>
			</trkpt>
			<trkpt lat="51.71322" lon="10.55814">
				<ele>601.41</ele>
			</trkpt>
			<trkpt lat="51.71333" lon="10.55798">
				<ele>601.41</ele>
			</trkpt>
			<trkpt lat="51.71343" lon="10.55778">
				<ele>601.41</ele>
			</trkpt>
			<trkpt lat="51.71347" lon="10.55762">
				<ele>601.41</ele>
			</trkpt>
			<trkpt lat="51.71347" lon="10.55743">
				<ele>601.41</ele>
			</trkpt>
			<trkpt lat="51.71341" lon="10.55625">
				<ele>610.45</ele>
			</trkpt>
			<trkpt lat="51.71344" lon="10.55595">
				<ele>610.45</ele>
			</trkpt>
			<trkpt lat="51.71352" lon="10.55562">
				<ele>610.45</ele>
			</trkpt>
			<trkpt lat="51.71361" lon="10.55549">
				<ele>610.45</ele>
			</trkpt>
			<trkpt lat="51.71368" lon="10.55528">
				<ele>610.45</ele>
			</trkpt>
			<trkpt lat="51.71381" lon="10.55502">
				<ele>607.83</ele>
			</trkpt>
			<trkpt lat="51.71394" lon="10.55465">
				<ele>607.83</ele>
			</trkpt>
			<trkpt lat="51.71411" lon="10.55421">
				<ele>607.83</ele>
			</trkpt>
			<trkpt lat="51.71421" lon="10.55383">
				<ele>607.83</ele>
			</trkpt>
			<trkpt lat="51.71441" lon="10.55341">
				<ele>607.83</ele>
			</trkpt>
			<trkpt lat="51.71445" lon="10.55323">
				<ele>611.25</ele>
			</trkpt>
			<trkpt lat="51.71442" lon="10.55276">
				<ele>611.25</ele>
			</trkpt>
			<trkpt lat="51.71447" lon="10.55256">
				<ele>611.25</ele>
			</trkpt>
			<trkpt lat="51.71454" lon="10.5524">
				<ele>611.25</ele>
			</trkpt>
			<trkpt lat="51.71494" lon="10.55206">
				<ele>611.25</ele>
			</trkpt>
			<trkpt lat="51.71511" lon="10.55199">
				<ele>599.19</ele>
			</trkpt>
			<trkpt lat="51.71529" lon="10.55196">
				<ele>599.19</ele>
			</trkpt>
			<trkpt lat="51.71545" lon="10.55182">
				<ele>599.19</ele>
			</trkpt>
			<trkpt lat="51.71558" lon="10.55164">
				<ele>599.19</ele>
			</trkpt>
			<trkpt lat="51.71573" lon="10.55127">
				<ele>599.19</ele>
			</trkpt>
			<trkpt lat="51.71584" lon="10.55094">
				<ele>614.08</ele>
			</trkpt>
			<trkpt lat="51.71588" lon="10.55075">
				<ele>614.08</ele>
			</trkpt>
			<trkpt lat="51.71605" lon="10.54971">
				<ele>614.08</ele>
			</trkpt>
			<trkpt lat="51.71606" lon="10.54957">
				<ele>614.08</ele>
			</trkpt>
			<trkpt lat="51.71605" lon="10.54896">
				<ele>614.08</ele>
			</trkpt>
			<trkpt lat="51.71599" lon="10.54869">
				<ele>617.3</ele>
			</trkpt>
			<trkpt lat="51.71617" lon="10.54805">
				<ele>617.3</ele>
			</trkpt>
			<trkpt lat="51.71627" lon="10.54764">
				<ele>617.3</ele>
			</trkpt>
			<trkpt lat="51.71641" lon="10.54742">
				<ele>617.3</ele>
			</trkpt>
			<trkpt lat="51.7165" lon="10.54817">
				<ele>585.49</ele>
			</trkpt>
			<trkpt lat="51.71658" lon="10.54867">
				<ele>585.49</ele>
			</trkpt>
			<trkpt lat="51.71667" lon="10.54948">
				<ele>585.49</ele>
			</trkpt>
			<trkpt lat="51.71668" lon="10.54968">
				<ele>585.49</ele>
			</trkpt>
			<trkpt lat="51.71671" lon="10.54987">
				<ele>585.49</ele>
			</trkpt>
			<trkpt lat="51.71678" lon="10.55037">
				<ele>558.92</ele>
			</trkpt>
			<trkpt lat="51.71684" lon="10.55066">
				<ele>558.92</ele>
			</trkpt>
			<trkpt lat="51.71695" lon="10.55095">
				<ele>558.92</ele>
			</trkpt>
			<trkpt lat="51.71713" lon="10.55131">
				<ele>558.92</ele>
			</trkpt>
			<trkpt lat="51.71731" lon="10.55162">
				<ele>558.92</ele>
			</trkpt>
			<trkpt lat="51.71741" lon="10.55186">
				<ele>524.71</ele>
			</trkpt>
			<trkpt lat="51.71796" lon="10.55282">
				<ele>524.71</ele>
			</trkpt>
			<trkpt lat="51.7181" lon="10.55315">
				<ele>524.71</ele>
			</trkpt>
			<trkpt lat="51.71833" lon="10.55347">
				<ele>524.71</ele>
			</trkpt>
			<trkpt lat="51.7185" lon="10.55408">
				<ele>524.71</ele>
			</trkpt>
			<trkpt lat="51.71862" lon="10.55448">
				<ele>495.66</ele>
			</trkpt>
			<trkpt lat="51.71878" lon="10.55479">
				<ele>495.66</ele>
			</trkpt>
			<trkpt lat="51.71841" lon="10.55588">
				<ele>495.66</ele>
			</trkpt>
			<trkpt lat="51.71824" lon="10.55605">
				<ele>495.66</ele>
			</trkpt>
			<trkpt lat="51.71798" lon="10.5562">
				<ele>495.66</ele>
			</trkpt>
			<trkpt lat="51.7178" lon="10.55629">
				<ele>488.38</ele>
			</trkpt>
			<trkpt lat="51.71762" lon="10.55636">
				<ele>488.38</ele>
			</trkpt>
			<trkpt lat="51.7174" lon="10.55652">
				<ele>488.38</ele>
			</trkpt>
			<trkpt lat="51.7173" lon="10.55673">
				<ele>488.38</ele>
			</trkpt>
			<trkpt lat="51.71721" lon="10.55716">
				<ele>488.38</ele>
			</trkpt>
			<trkpt lat="51.71723" lon="10.55742">
				<ele>486.34</ele>
			</trkpt>
			<trkpt lat="51.71735" lon="10.55795">
				<ele>486.34</ele>
			</trkpt>
			<trkpt lat="51.7173" lon="10.55817">
				<ele>486.34</ele>
			</trkpt>
			<trkpt lat="51.717" lon="10.55875">
				<ele>486.34</ele>
			</trkpt>
			<trkpt lat="51.71631" lon="10.55986">
				<ele>486.34</ele>
			</trkpt>
			<trkpt lat="51.71569" lon="10.56095">
				<ele>485.6</ele>
			</trkpt>
			<trkpt lat="51.71524" lon="10.56166">
				<ele>485.6</ele>
			</trkpt>
			<trkpt lat="51.71465" lon="10.56272">
				<ele>485.6</ele>
			</trkpt>
			<trkpt lat="51.71452" lon="10.56291">
				<ele>485.6</ele>
			</trkpt>
			<trkpt lat="51.71435" lon="10.56304">
				<ele>485.6</ele>
			</trkpt>
			<trkpt lat="51.71411" lon="10.56313">
				<ele>485.21</ele>
			</trkpt>
			<trkpt lat="51.71276" lon="10.56335">
				<ele>485.21</ele>
			</trkpt>
			<trkpt lat="51.71218" lon="10.5634">
				<ele>485.21</ele>
			</trkpt>
			<trkpt lat="51.7119" lon="10.56345">
				<ele>485.21</ele>
			</trkpt>
			<trkpt lat="51.71169" lon="10.56352">
				<ele>485.21</ele>
			</trkpt>
			<trkpt lat="51.71081" lon="10.5639">
				<ele>476.58</ele>
			</trkpt>
			<trkpt lat="51.71071" lon="10.56397">
				<ele>476.58</ele>
			</trkpt>
			<trkpt lat="51.7106" lon="10.56427">
				<ele>476.58</ele>
			</trkpt>
			<trkpt lat="51.71031" lon="10.56482">
				<ele>476.58</ele>
			</trkpt>
			<trkpt lat="51.71019" lon="10.56501">
				<ele>476.58</ele>
			</trkpt>
			<trkpt lat="51.71015" lon="10.5653">
				<ele>483.9</ele>
			</trkpt>
			<trkpt lat="51.71016" lon="10.5662">
				<ele>483.9</ele>
			</trkpt>
			<trkpt lat="51.71014" lon="10.56642">
				<ele>483.9</ele>
			</trkpt>
			<trkpt lat="51.71013" lon="10.56686">
				<ele>483.9</ele>
			</trkpt>
			<trkpt lat="51.71011" lon="10.56767">
				<ele>483.9</ele>
			</trkpt>
			<trkpt lat="51.71006" lon="10.56816">
				<ele>499.9</ele>
			</trkpt>
			<trkpt lat="51.71" lon="10.56852">
				<ele>499.9</ele>
			</trkpt>
			<trkpt lat="51.71" lon="10.56876">
				<ele>499.9</ele>
			</trkpt>
			<trkpt lat="51.70997" lon="10.56896">
				<ele>499.9</ele>
			</trkpt>
			<trkpt lat="51.70996" lon="10.56932">
				<ele>499.9</ele>
			</trkpt>
			<trkpt lat="51.71" lon="10.56995">
				<ele>515.7</ele>
			</trkpt>
			<trkpt lat="51.71005" lon="10.57035">
				<ele>515.7</ele>
			</trkpt>
			<trkpt lat="51.71005" lon="10.57061">
				<ele>515.7</ele>
			</trkpt>
			<trkpt lat="51.71009" lon="10.57093">
				<ele>515.7</ele>
			</trkpt>
			<trkpt lat="51.71014" lon="10.57112">
				<ele>515.7</ele>
			</trkpt>
			<trkpt lat="51.71025" lon="10.57141">
				<ele>530.36</ele>
			</trkpt>
			<trkpt lat="51.71033" lon="10.57169">
				<ele>530.36</ele>
			</trkpt>
			<trkpt lat="51.71042" lon="10.57196">
				<ele>530.36</ele>
			</trkpt>
			<trkpt lat="51.71052" lon="10.57238">
				<ele>530.36</ele>
			</trkpt>
			<trkpt lat="51.71054" lon="10.57284">
				<ele>530.36</ele>
			</trkpt>
			<trkpt lat="51.71052" lon="10.57336">
				<ele>554.23</ele>
			</trkpt>
			<trkpt lat="51.71053" lon="10.5735">
				<ele>554.23</ele>
			</trkpt>
			<trkpt lat="51.71052" lon="10.57399">
				<ele>554.23</ele>
			</trkpt>
			<trkpt lat="51.71053" lon="10.57421">
				<ele>554.23</ele>
			</trkpt>
			<trkpt lat="51.7105" lon="10.57456">
				<ele>554.23</ele>
			</trkpt>
			<trkpt lat="51.71038" lon="10.57505">
				<ele>564.4</ele>
			</trkpt>
			<trkpt lat="51.71021" lon="10.57543">
				<ele>564.4</ele>
			</trkpt>
			<trkpt lat="51.70998" lon="10.57586">
				<ele>564.4</ele>
			</trkpt>
			<trkpt lat="51.70983" lon="10.5762">
				<ele>564.4</ele>
			</trkpt>
			<trkpt lat="51.70978" lon="10.57658">
				<ele>564.4</ele>
			</trkpt>
			<trkpt lat="51.7098" lon="10.57679">
				<ele>573.33</ele>
			</trkpt>
			<trkpt lat="51.71054" lon="10.57931">
				<ele>573.33</ele>
			</trkpt>
			<trkpt lat="51.71065" lon="10.57955">
				<ele>573.33</ele>
			</trkpt>
			<trkpt lat="51.71092" lon="10.58039">
				<ele>573.33</ele>
			</trkpt>
			<trkpt lat="51.71121" lon="10.5812">
				<ele>573.33</ele>
			</trkpt>
			<trkpt lat="51.71142" lon="10.582">
				<ele>582.96</ele>
			</trkpt>
			<trkpt lat="51.71162" lon="10.58261">
				<ele>582.96</ele>
			</trkpt>
			<trkpt lat="51.71171" lon="10.58293">
				<ele>582.96</ele>
			</trkpt>
			<trkpt lat="51.71176" lon="10.58316">
				<ele>582.96</ele>
			</trkpt>
			<trkpt lat="51.71183" lon="10.5837">
				<ele>582.96</ele>
			</trkpt>
			<trkpt lat="51.71188" lon="10.58393">
				<ele>594.77</ele>
			</trkpt>
			<trkpt lat="51.71256" lon="10.5863">
				<ele>594.77</ele>
			</trkpt>
			<trkpt lat="51.71273" lon="10.5867">
				<ele>594.77</ele>
			</trkpt>
			<trkpt lat="51.71281" lon="10.58696">
				<ele>594.77</ele>
			</trkpt>
			<trkpt lat="51.71319" lon="10.58842">
				<ele>594.77</ele>
			</trkpt>
			<trkpt lat="51.71339" lon="10.58895">
				<ele>594.8</ele>
			</trkpt>
			<trkpt lat="51.71384" lon="10.58983">
				<ele>594.8</ele>
			</trkpt>
			<trkpt lat="51.71395" lon="10.5901">
				<ele>594.8</ele>
			</trkpt>
			<trkpt lat="51.714" lon="10.5903">
				<ele>594.8</ele>
			</trkpt>
			<trkpt lat="51.71406" lon="10.5907">
				<ele>594.8</ele>
			</trkpt>
			<trkpt lat="51.71413" lon="10.59133">
				<ele>592.67</ele>
			</trkpt>
			<trkpt lat="51.71419" lon="10.59148">
				<ele>592.67</ele>
			</trkpt>
			<trkpt lat="51.71435" lon="10.59173">
				<ele>592.67</ele>
			</trkpt>
			<trkpt lat="51.71442" lon="10.59191">
				<ele>592.67</ele>
			</trkpt>
			<trkpt lat="51.71445" lon="10.59227">
				<ele>592.67</ele>
			</trkpt>
			<trkpt lat="51.71444" lon="10.59249">
				<ele>586.75</ele>
			</trkpt>
			<trkpt lat="51.71449" lon="10.59276">
				<ele>586.75</ele>
			</trkpt>
			<trkpt lat="51.71445" lon="10.59335">
				<ele>586.75</ele>
			</trkpt>
			<trkpt lat="51.7144" lon="10.59364">
				<ele>586.75</ele>
			</trkpt>
			<trkpt lat="51.71443" lon="10.59408">
				<ele>586.75</ele>
			</trkpt>
			<trkpt lat="51.71455" lon="10.59479">
				<ele>578.48</ele>
			</trkpt>
			<trkpt lat="51.71483" lon="10.59613">
				<ele>578.48</ele>
			</trkpt>
			<trkpt lat="51.71502" lon="10.59669">
				<ele>578.48</ele>
			</trkpt>
			<trkpt lat="51.71511" lon="10.59691">
				<ele>578.48</ele>
			</trkpt>
			<trkpt lat="51.7152" lon="10.59703">
				<ele>578.48</ele>
			</trkpt>
			<trkpt lat="51.71531" lon="10.59708">
				<ele>593.68</ele>
			</trkpt>
			<trkpt lat="51.71542" lon="10.59707">
				<ele>593.68</ele>
			</trkpt>
			<trkpt lat="51.71552" lon="10.59695">
				<ele>593.68</ele>
			</trkpt>
			<trkpt lat="51.71586" lon="10.59623">
				<ele>593.68</ele>
			</trkpt>
			<trkpt lat="51.71599" lon="10.59601">
				<ele>593.68</ele>
			</trkpt>
			<trkpt lat="51.71613" lon="10.59585">
				<ele>598.28</ele>
			</trkpt>
			<trkpt lat="51.71631" lon="10.59576">
				<ele>598.28</ele>
			</trkpt>
			<trkpt lat="51.71649" lon="10.59575">
				<ele>598.28</ele>
			</trkpt>
			<trkpt lat="51.71675" lon="10.59586">
				<ele>598.28</ele>
			</trkpt>
			<trkpt lat="51.71695" lon="10.59591">
				<ele>598.28</ele>
			</trkpt>
			<trkpt lat="51.71705" lon="10.59589">
				<ele>604.12</ele>
			</trkpt>
			<trkpt lat="51.71721" lon="10.59573">
				<ele>604.12</ele>
			</trkpt>
			<trkpt lat="51.71733" lon="10.59567">
				<ele>604.12</ele>
			</trkpt>
			<trkpt lat="51.71751" lon="10.59584">
				<ele>604.12</ele>
			</trkpt>
			<trkpt lat="51.71767" lon="10.59612">
				<ele>604.12</ele>
			</trkpt>
			<trkpt lat="51.71778" lon="10.59638">
				<ele>609.7</ele>
			</trkpt>
			<trkpt lat="51.71778" lon="10.59658">
				<ele>609.7</ele>
			</trkpt>
			<trkpt lat="51.71767" lon="10.59674">
				<ele>609.7</ele>
			</trkpt>
			<trkpt lat="51.71722" lon="10.59711">
				<ele>609.7</ele>
			</trkpt>
			<trkpt lat="51.71707" lon="10.5973">
				<ele>609.7</ele>
			</trkpt>
			<trkpt lat="51.717" lon="10.59749">
				<ele>605.06</ele>
			</trkpt>
			<trkpt lat="51.7169" lon="10.59789">
				<ele>605.06</ele>
			</trkpt>
			<trkpt lat="51.71677" lon="10.59829">
				<ele>605.06</ele>
			</trkpt>
			<trkpt lat="51.71675" lon="10.59843">
				<ele>605.06</ele>
			</trkpt>
			<trkpt lat="51.71676" lon="10.59857">
				<ele>605.06</ele>
			</trkpt>
			<trkpt lat="51.71695" lon="10.59907">
				<ele>596.69</ele>
			</trkpt>
			<trkpt lat="51.71705" lon="10.59929">
				<ele>596.69</ele>
			</trkpt>
			<trkpt lat="51.71712" lon="10.5995">
				<ele>596.69</ele>
			</trkpt>
			<trkpt lat="51.7173" lon="10.60004">
				<ele>596.69</ele>
			</trkpt>
			<trkpt lat="51.71785" lon="10.60111">
				<ele>596.69</ele>
			</trkpt>
			<trkpt lat="51.71815" lon="10.6015">
				<ele>582.86</ele>
			</trkpt>
			<trkpt lat="51.71841" lon="10.60161">
				<ele>582.86</ele>
			</trkpt>
			<trkpt lat="51.71892" lon="10.60205">
				<ele>582.86</ele>
			</trkpt>
			<trkpt lat="51.7191" lon="10.60227">
				<ele>582.86</ele>
			</trkpt>
			<trkpt lat="51.71933" lon="10.60264">
				<ele>582.86</ele>
			</trkpt>
			<trkpt lat="51.71973" lon="10.6034">
				<ele>579.31</ele>
			</trkpt>
			<trkpt lat="51.71994" lon="10.6039">
				<ele>579.31</ele>
			</trkpt>
			<trkpt lat="51.72007" lon="10.60431">
				<ele>579.31</ele>
			</trkpt>
			<trkpt lat="51.7202" lon="10.60506">
				<ele>579.31</ele>
			</trkpt>
			<trkpt lat="51.72029" lon="10.60536">
				<ele>579.31</ele>
			</trkpt>
			<trkpt lat="51.72042" lon="10.60558">
				<ele>571.59</ele>
			</trkpt>
			<trkpt lat="51.72072" lon="10.60587">
				<ele>571.59</ele>
			</trkpt>
			<trkpt lat="51.72084" lon="10.60603">
				<ele>571.59</ele>
			</trkpt>
			<trkpt lat="51.721" lon="10.60631">
				<ele>571.59</ele>
			</trkpt>
			<trkpt lat="51.72111" lon="10.60651">
				<ele>571.59</ele>
			</trkpt>
			<trkpt lat="51.72153" lon="10.60764">
				<ele>569.4</ele>
			</trkpt>
			<trkpt lat="51.72179" lon="10.60839">
				<ele>569.4</ele>
			</trkpt>
			<trkpt lat="51.72193" lon="10.60899">
				<ele>569.4</ele>
			</trkpt>
			<trkpt lat="51.72204" lon="10.60974">
				<ele>569.4</ele>
			</trkpt>
			<trkpt lat="51.72213" lon="10.61005">
				<ele>569.4</ele>
			</trkpt>
			<trkpt lat="51.72225" lon="10.61036">
				<ele>568.22</ele>
			</trkpt>
			<trkpt lat="51.72248" lon="10.61073">
				<ele>568.22</ele>
			</trkpt>
			<trkpt lat="51.72257" lon="10.61093">
				<ele>568.22</ele>
			</trkpt>
			<trkpt lat="51.72264" lon="10.6112">
				<ele>568.22</ele>
			</trkpt>
			<trkpt lat="51.72266" lon="10.61164">
				<ele>568.22</ele>
			</trkpt>
			<trkpt lat="51.72262" lon="10.61182">
				<ele>559.46</ele>
			</trkpt>
			<trkpt lat="51.72319" lon="10.61194">
				<ele>559.46</ele>
			</trkpt>
			<trkpt lat="51.72346" lon="10.61202">
				<ele>559.46</ele>
			</trkpt>
			<trkpt lat="51.72383" lon="10.61222">
				<ele>559.46</ele>
			</trkpt>
			<trkpt lat="51.72401" lon="10.61228">
				<ele>559.46</ele>
			</trkpt>
			<trkpt lat="51.72414" lon="10.61225">
				<ele>562.4</ele>
			</trkpt>
			<trkpt lat="51.72426" lon="10.61219">
				<ele>562.4</ele>
			</trkpt>
			<trkpt lat="51.72477" lon="10.61176">
				<ele>562.4</ele>
			</trkpt>
			<trkpt lat="51.72511" lon="10.61142">
				<ele>562.4</ele>
			</trkpt>
			<trkpt lat="51.72552" lon="10.61089">
				<ele>562.4</ele>
			</trkpt>
			<trkpt lat="51.7259" lon="10.61023">
				<ele>566.84</ele>
			</trkpt>
			<trkpt lat="51.72612" lon="10.60993">
				<ele>566.84</ele>
			</trkpt>
			<trkpt lat="51.72629" lon="10.60976">
				<ele>566.84</ele>
			</trkpt>
			<trkpt lat="51.72644" lon="10.6097">
				<ele>566.84</ele>
			</trkpt>
			<trkpt lat="51.72657" lon="10.60973">
				<ele>566.84</ele>
			</trkpt>
			<trkpt lat="51.72688" lon="10.60995">
				<ele>567.08</ele>
			</trkpt>
			<trkpt lat="51.72709" lon="10.61006">
				<ele>567.08</ele>
			</trkpt>
			<trkpt lat="51.72719" lon="10.61008">
				<ele>567.08</ele>
			</trkpt>
			<trkpt lat="51.72711" lon="10.61">
				<ele>567.08</ele>
			</trkpt>
			<trkpt lat="51.72697" lon="10.60995">
				<ele>567.08</ele>
			</trkpt>
			<trkpt lat="51.72683" lon="10.60984">
				<ele>563.92</ele>
			</trkpt>
			<trkpt lat="51.727" lon="10.61009">
				<ele>563.92</ele>
			</trkpt>
			<trkpt lat="51.72737" lon="10.61025">
				<ele>563.92</ele>
			</trkpt>
			<trkpt lat="51.72791" lon="10.61063">
				<ele>563.92</ele>
			</trkpt>
			<trkpt lat="51.72868" lon="10.61105">
				<ele>563.92</ele>
			</trkpt>
			<trkpt lat="51.72893" lon="10.61116">
				<ele>570.71</ele>
			</trkpt>
			<trkpt lat="51.72939" lon="10.61124">
				<ele>570.71</ele>
			</trkpt>
			<trkpt lat="51.72979" lon="10.61125">
				<ele>570.71</ele>
			</trkpt>
			<trkpt lat="51.73034" lon="10.61118">
				<ele>570.71</ele>
			</trkpt>
			<trkpt lat="51.73155" lon="10.61092">
				<ele>570.71</ele>
			</trkpt>
			<trkpt lat="51.73183" lon="10.61078">
				<ele>572.61</ele>
			</trkpt>
			<trkpt lat="51.73271" lon="10.61003">
				<ele>572.61</ele>
			</trkpt>
			<trkpt lat="51.7331" lon="10.60965">
				<ele>572.61</ele>
			</trkpt>
			<trkpt lat="51.73361" lon="10.60922">
				<ele>572.61</ele>
			</trkpt>
			<trkpt lat="51.73373" lon="10.60904">
				<ele>572.61</ele>
			</trkpt>
			<trkpt lat="51.73384" lon="10.60891">
				<ele>577.97</ele>
			</trkpt>
			<trkpt lat="51.73366" lon="10.60888">
				<ele>577.97</ele>
			</trkpt>
			<trkpt lat="51.73357" lon="10.60885">
				<ele>577.97</ele>
			</trkpt>
			<trkpt lat="51.73341" lon="10.60863">
				<ele>577.97</ele>
			</trkpt>
			<trkpt lat="51.73318" lon="10.6085">
				<ele>577.97</ele>
			</trkpt>
			<trkpt lat="51.73305" lon="10.60839">
				<ele>590.51</ele>
			</trkpt>
			<trkpt lat="51.73292" lon="10.60838">
				<ele>590.51</ele>
			</trkpt>
			<trkpt lat="51.73282" lon="10.60822">
				<ele>590.51</ele>
			</trkpt>
			<trkpt lat="51.7327" lon="10.60777">
				<ele>590.51</ele>
			</trkpt>
		</trkseg>
	</trk>
</gpx>