<?xml version="1.0" encoding="UTF-8" standalone="no" ?>
<gpx xmlns="http://www.topografix.com/GPX/1/1"
		xmlns:gpxx="http://www.garmin.com/xmlschemas/GpxExtensions/v3"
		xmlns:gpxtpx="http://www.garmin.com/xmlschemas/TrackPointExtension/v1"
		xmlns:xsi="http://www.w3.org/2001/XMLSchema-instance"
		xsi:schemaLocation="http://www.topografix.com/GPX/1/1 http://www.topografix.com/GPX/1/1/gpx.xsd http://www.garmin.com/xmlschemas/GpxExtensions/v3 http://www.garmin.com/xmlschemas/GpxExtensionsv3.xsd http://www.garmin.com/xmlschemas/TrackPointExtension/v1 http://www.garmin.com/xmlschemas/TrackPointExtensionv1.xsd"
		creator="Gravelmap.com"
		version="1.1">

	<metadata>
		<name><![CDATA[Other Route: From Utah Beach to Angers]]></name>
		<desc><![CDATA[Mix of sand, dirt, mud, gravel, rocks, single, forest path, tracks in short it's a graveler's bliss !]]></desc>
		<link href="http://www.gravelmap.com/route/128582">
			<text><![CDATA[Other Route: From Utah Beach to Angers]]></text>
		</link>
		<time>2022-10-09T01:41:36-04:00</time>
	</metadata>

	<trk>
		<name><![CDATA[Other Route: From Utah Beach to Angers]]></name>
		<desc><![CDATA[Mix of sand, dirt, mud, gravel, rocks, single, forest path, tracks in short it's a graveler's bliss !]]></desc>
		<link href="http://www.gravelmap.com/route/128582">
			<text><![CDATA[Other Route: From Utah Beach to Angers]]></text>
		</link>
		<trkseg>
			<trkpt lat="49.34058" lon="-0.61991">
				<ele>45.92</ele>
			</trkpt>
			<trkpt lat="49.34004" lon="-0.62008">
				<ele>45.92</ele>
			</trkpt>
			<trkpt lat="49.34005" lon="-0.61913">
				<ele>45.92</ele>
			</trkpt>
			<trkpt lat="49.34014" lon="-0.6184">
				<ele>45.92</ele>
			</trkpt>
			<trkpt lat="49.34004" lon="-0.61835">
				<ele>45.92</ele>
			</trkpt>
			<trkpt lat="49.3394" lon="-0.61879">
				<ele>45.92</ele>
			</trkpt>
			<trkpt lat="49.33914" lon="-0.61881">
				<ele>45.92</ele>
			</trkpt>
			<trkpt lat="49.33904" lon="-0.61875">
				<ele>45.92</ele>
			</trkpt>
			<trkpt lat="49.33916" lon="-0.61848">
				<ele>45.92</ele>
			</trkpt>
			<trkpt lat="49.33915" lon="-0.61819">
				<ele>45.92</ele>
			</trkpt>
			<trkpt lat="49.33908" lon="-0.61793">
				<ele>45.92</ele>
			</trkpt>
			<trkpt lat="49.33904" lon="-0.61738">
				<ele>45.92</ele>
			</trkpt>
			<trkpt lat="49.33936" lon="-0.61735">
				<ele>45.92</ele>
			</trkpt>
			<trkpt lat="49.33952" lon="-0.61718">
				<ele>45.92</ele>
			</trkpt>
			<trkpt lat="49.3396" lon="-0.61727">
				<ele>7.11</ele>
			</trkpt>
			<trkpt lat="49.33975" lon="-0.61731">
				<ele>7.11</ele>
			</trkpt>
			<trkpt lat="49.33964" lon="-0.61685">
				<ele>7.11</ele>
			</trkpt>
			<trkpt lat="49.33937" lon="-0.61645">
				<ele>7.11</ele>
			</trkpt>
			<trkpt lat="49.33941" lon="-0.61621">
				<ele>7.11</ele>
			</trkpt>
			<trkpt lat="49.33942" lon="-0.61582">
				<ele>7.11</ele>
			</trkpt>
			<trkpt lat="49.3394" lon="-0.61536">
				<ele>7.11</ele>
			</trkpt>
			<trkpt lat="49.33936" lon="-0.61518">
				<ele>7.11</ele>
			</trkpt>
			<trkpt lat="49.3392" lon="-0.61406">
				<ele>7.11</ele>
			</trkpt>
			<trkpt lat="49.33903" lon="-0.61309">
				<ele>7.11</ele>
			</trkpt>
			<trkpt lat="49.33888" lon="-0.61315">
				<ele>7.11</ele>
			</trkpt>
			<trkpt lat="49.33879" lon="-0.61187">
				<ele>7.11</ele>
			</trkpt>
			<trkpt lat="49.33883" lon="-0.61024">
				<ele>7.11</ele>
			</trkpt>
			<trkpt lat="49.33895" lon="-0.60847">
				<ele>22.16</ele>
			</trkpt>
			<trkpt lat="49.3389" lon="-0.60804">
				<ele>22.16</ele>
			</trkpt>
			<trkpt lat="49.33882" lon="-0.6073">
				<ele>22.16</ele>
			</trkpt>
			<trkpt lat="49.3386" lon="-0.60646">
				<ele>22.16</ele>
			</trkpt>
			<trkpt lat="49.33802" lon="-0.60454">
				<ele>22.16</ele>
			</trkpt>
			<trkpt lat="49.3388" lon="-0.60443">
				<ele>22.16</ele>
			</trkpt>
			<trkpt lat="49.33932" lon="-0.60426">
				<ele>22.16</ele>
			</trkpt>
			<trkpt lat="49.33914" lon="-0.60329">
				<ele>22.16</ele>
			</trkpt>
			<trkpt lat="49.33904" lon="-0.60257">
				<ele>22.16</ele>
			</trkpt>
			<trkpt lat="49.33902" lon="-0.60207">
				<ele>22.16</ele>
			</trkpt>
			<trkpt lat="49.33902" lon="-0.60158">
				<ele>22.16</ele>
			</trkpt>
			<trkpt lat="49.33909" lon="-0.60142">
				<ele>22.16</ele>
			</trkpt>
			<trkpt lat="49.33919" lon="-0.60058">
				<ele>22.16</ele>
			</trkpt>
			<trkpt lat="49.33941" lon="-0.60037">
				<ele>17.4</ele>
			</trkpt>
			<trkpt lat="49.33974" lon="-0.60013">
				<ele>17.4</ele>
			</trkpt>
			<trkpt lat="49.33981" lon="-0.60004">
				<ele>17.4</ele>
			</trkpt>
			<trkpt lat="49.34008" lon="-0.5999">
				<ele>17.4</ele>
			</trkpt>
			<trkpt lat="49.34033" lon="-0.59574">
				<ele>17.4</ele>
			</trkpt>
			<trkpt lat="49.34012" lon="-0.59572">
				<ele>17.4</ele>
			</trkpt>
			<trkpt lat="49.33966" lon="-0.59599">
				<ele>17.4</ele>
			</trkpt>
			<trkpt lat="49.33952" lon="-0.59612">
				<ele>17.4</ele>
			</trkpt>
			<trkpt lat="49.33934" lon="-0.59648">
				<ele>17.4</ele>
			</trkpt>
			<trkpt lat="49.3391" lon="-0.59649">
				<ele>17.4</ele>
			</trkpt>
			<trkpt lat="49.33817" lon="-0.59734">
				<ele>17.4</ele>
			</trkpt>
			<trkpt lat="49.33725" lon="-0.59829">
				<ele>17.4</ele>
			</trkpt>
			<trkpt lat="49.3344" lon="-0.60148">
				<ele>17.4</ele>
			</trkpt>
			<trkpt lat="49.3333" lon="-0.60246">
				<ele>22.71</ele>
			</trkpt>
			<trkpt lat="49.33259" lon="-0.60287">
				<ele>22.71</ele>
			</trkpt>
			<trkpt lat="49.33077" lon="-0.60364">
				<ele>22.71</ele>
			</trkpt>
			<trkpt lat="49.3302" lon="-0.60375">
				<ele>22.71</ele>
			</trkpt>
			<trkpt lat="49.32969" lon="-0.6035">
				<ele>22.71</ele>
			</trkpt>
			<trkpt lat="49.32871" lon="-0.60368">
				<ele>22.71</ele>
			</trkpt>
			<trkpt lat="49.32847" lon="-0.60367">
				<ele>22.71</ele>
			</trkpt>
			<trkpt lat="49.32746" lon="-0.60297">
				<ele>22.71</ele>
			</trkpt>
			<trkpt lat="49.32713" lon="-0.60266">
				<ele>22.71</ele>
			</trkpt>
			<trkpt lat="49.32694" lon="-0.60258">
				<ele>22.71</ele>
			</trkpt>
			<trkpt lat="49.32679" lon="-0.6026">
				<ele>22.71</ele>
			</trkpt>
			<trkpt lat="49.32642" lon="-0.60286">
				<ele>22.71</ele>
			</trkpt>
			<trkpt lat="49.32613" lon="-0.60324">
				<ele>22.71</ele>
			</trkpt>
			<trkpt lat="49.32561" lon="-0.60383">
				<ele>61.98</ele>
			</trkpt>
			<trkpt lat="49.32553" lon="-0.6037">
				<ele>61.98</ele>
			</trkpt>
			<trkpt lat="49.32529" lon="-0.60357">
				<ele>61.98</ele>
			</trkpt>
			<trkpt lat="49.32465" lon="-0.60353">
				<ele>61.98</ele>
			</trkpt>
			<trkpt lat="49.32407" lon="-0.60246">
				<ele>61.98</ele>
			</trkpt>
			<trkpt lat="49.32351" lon="-0.60182">
				<ele>61.98</ele>
			</trkpt>
			<trkpt lat="49.32307" lon="-0.60152">
				<ele>61.98</ele>
			</trkpt>
			<trkpt lat="49.32228" lon="-0.6012">
				<ele>61.98</ele>
			</trkpt>
			<trkpt lat="49.32094" lon="-0.60083">
				<ele>61.98</ele>
			</trkpt>
			<trkpt lat="49.32029" lon="-0.60048">
				<ele>61.98</ele>
			</trkpt>
			<trkpt lat="49.32011" lon="-0.60026">
				<ele>61.98</ele>
			</trkpt>
			<trkpt lat="49.31993" lon="-0.59991">
				<ele>61.98</ele>
			</trkpt>
			<trkpt lat="49.31943" lon="-0.59829">
				<ele>61.98</ele>
			</trkpt>
			<trkpt lat="49.31926" lon="-0.59795">
				<ele>64.04</ele>
			</trkpt>
			<trkpt lat="49.31899" lon="-0.59761">
				<ele>64.04</ele>
			</trkpt>
			<trkpt lat="49.31829" lon="-0.59662">
				<ele>64.04</ele>
			</trkpt>
			<trkpt lat="49.31757" lon="-0.59569">
				<ele>64.04</ele>
			</trkpt>
			<trkpt lat="49.31561" lon="-0.59297">
				<ele>64.04</ele>
			</trkpt>
			<trkpt lat="49.31391" lon="-0.59019">
				<ele>64.04</ele>
			</trkpt>
			<trkpt lat="49.31315" lon="-0.58906">
				<ele>64.04</ele>
			</trkpt>
			<trkpt lat="49.31261" lon="-0.58812">
				<ele>64.04</ele>
			</trkpt>
			<trkpt lat="49.31194" lon="-0.58745">
				<ele>64.04</ele>
			</trkpt>
			<trkpt lat="49.31185" lon="-0.58733">
				<ele>64.04</ele>
			</trkpt>
			<trkpt lat="49.31179" lon="-0.58705">
				<ele>64.04</ele>
			</trkpt>
			<trkpt lat="49.31053" lon="-0.58655">
				<ele>64.04</ele>
			</trkpt>
			<trkpt lat="49.31072" lon="-0.58577">
				<ele>64.04</ele>
			</trkpt>
			<trkpt lat="49.31122" lon="-0.58501">
				<ele>48.89</ele>
			</trkpt>
			<trkpt lat="49.31102" lon="-0.58492">
				<ele>48.89</ele>
			</trkpt>
			<trkpt lat="49.31045" lon="-0.58434">
				<ele>48.89</ele>
			</trkpt>
			<trkpt lat="49.31027" lon="-0.58422">
				<ele>48.89</ele>
			</trkpt>
			<trkpt lat="49.31006" lon="-0.58425">
				<ele>48.89</ele>
			</trkpt>
			<trkpt lat="49.30924" lon="-0.58475">
				<ele>48.89</ele>
			</trkpt>
			<trkpt lat="49.30878" lon="-0.58479">
				<ele>48.89</ele>
			</trkpt>
			<trkpt lat="49.30634" lon="-0.58175">
				<ele>48.89</ele>
			</trkpt>
			<trkpt lat="49.30643" lon="-0.58074">
				<ele>48.89</ele>
			</trkpt>
			<trkpt lat="49.30647" lon="-0.57917">
				<ele>48.89</ele>
			</trkpt>
			<trkpt lat="49.30645" lon="-0.57753">
				<ele>48.89</ele>
			</trkpt>
			<trkpt lat="49.30561" lon="-0.57626">
				<ele>48.89</ele>
			</trkpt>
			<trkpt lat="49.30515" lon="-0.57577">
				<ele>48.89</ele>
			</trkpt>
			<trkpt lat="49.30514" lon="-0.57562">
				<ele>19.91</ele>
			</trkpt>
			<trkpt lat="49.30522" lon="-0.57543">
				<ele>19.91</ele>
			</trkpt>
			<trkpt lat="49.30319" lon="-0.57279">
				<ele>19.91</ele>
			</trkpt>
			<trkpt lat="49.30041" lon="-0.57046">
				<ele>19.91</ele>
			</trkpt>
			<trkpt lat="49.30001" lon="-0.5703">
				<ele>19.91</ele>
			</trkpt>
			<trkpt lat="49.29708" lon="-0.56984">
				<ele>19.91</ele>
			</trkpt>
			<trkpt lat="49.29491" lon="-0.56964">
				<ele>19.91</ele>
			</trkpt>
			<trkpt lat="49.2939" lon="-0.56975">
				<ele>19.91</ele>
			</trkpt>
			<trkpt lat="49.29182" lon="-0.57014">
				<ele>19.91</ele>
			</trkpt>
			<trkpt lat="49.29102" lon="-0.57021">
				<ele>19.91</ele>
			</trkpt>
			<trkpt lat="49.29074" lon="-0.57034">
				<ele>19.91</ele>
			</trkpt>
			<trkpt lat="49.29026" lon="-0.57027">
				<ele>19.91</ele>
			</trkpt>
			<trkpt lat="49.29022" lon="-0.57059">
				<ele>19.91</ele>
			</trkpt>
			<trkpt lat="49.2887" lon="-0.57036">
				<ele>32.84</ele>
			</trkpt>
			<trkpt lat="49.28801" lon="-0.5702">
				<ele>32.84</ele>
			</trkpt>
			<trkpt lat="49.28597" lon="-0.5695">
				<ele>32.84</ele>
			</trkpt>
			<trkpt lat="49.28338" lon="-0.56826">
				<ele>32.84</ele>
			</trkpt>
			<trkpt lat="49.28282" lon="-0.56745">
				<ele>32.84</ele>
			</trkpt>
			<trkpt lat="49.28188" lon="-0.5666">
				<ele>32.84</ele>
			</trkpt>
			<trkpt lat="49.28124" lon="-0.56643">
				<ele>32.84</ele>
			</trkpt>
			<trkpt lat="49.28103" lon="-0.56631">
				<ele>32.84</ele>
			</trkpt>
			<trkpt lat="49.28044" lon="-0.56639">
				<ele>32.84</ele>
			</trkpt>
			<trkpt lat="49.27933" lon="-0.56668">
				<ele>32.84</ele>
			</trkpt>
			<trkpt lat="49.27897" lon="-0.56669">
				<ele>32.84</ele>
			</trkpt>
			<trkpt lat="49.27867" lon="-0.56647">
				<ele>32.84</ele>
			</trkpt>
			<trkpt lat="49.27843" lon="-0.56613">
				<ele>32.84</ele>
			</trkpt>
			<trkpt lat="49.27815" lon="-0.56637">
				<ele>56.98</ele>
			</trkpt>
			<trkpt lat="49.27773" lon="-0.56694">
				<ele>56.98</ele>
			</trkpt>
			<trkpt lat="49.2777" lon="-0.5675">
				<ele>56.98</ele>
			</trkpt>
			<trkpt lat="49.27707" lon="-0.56762">
				<ele>56.98</ele>
			</trkpt>
			<trkpt lat="49.2762" lon="-0.5679">
				<ele>56.98</ele>
			</trkpt>
			<trkpt lat="49.27558" lon="-0.56816">
				<ele>56.98</ele>
			</trkpt>
			<trkpt lat="49.27531" lon="-0.56832">
				<ele>56.98</ele>
			</trkpt>
			<trkpt lat="49.27449" lon="-0.56909">
				<ele>56.98</ele>
			</trkpt>
			<trkpt lat="49.27258" lon="-0.56597">
				<ele>56.98</ele>
			</trkpt>
			<trkpt lat="49.27189" lon="-0.56511">
				<ele>56.98</ele>
			</trkpt>
			<trkpt lat="49.27085" lon="-0.56437">
				<ele>56.98</ele>
			</trkpt>
			<trkpt lat="49.26972" lon="-0.56292">
				<ele>56.98</ele>
			</trkpt>
			<trkpt lat="49.26942" lon="-0.56203">
				<ele>56.98</ele>
			</trkpt>
			<trkpt lat="49.26936" lon="-0.56172">
				<ele>46.96</ele>
			</trkpt>
			<trkpt lat="49.26938" lon="-0.56156">
				<ele>46.96</ele>
			</trkpt>
			<trkpt lat="49.26968" lon="-0.56116">
				<ele>46.96</ele>
			</trkpt>
			<trkpt lat="49.26991" lon="-0.56068">
				<ele>46.96</ele>
			</trkpt>
			<trkpt lat="49.27017" lon="-0.55993">
				<ele>46.96</ele>
			</trkpt>
			<trkpt lat="49.26872" lon="-0.55863">
				<ele>46.96</ele>
			</trkpt>
			<trkpt lat="49.26872" lon="-0.55848">
				<ele>46.96</ele>
			</trkpt>
			<trkpt lat="49.26851" lon="-0.55836">
				<ele>46.96</ele>
			</trkpt>
			<trkpt lat="49.26835" lon="-0.55837">
				<ele>46.96</ele>
			</trkpt>
			<trkpt lat="49.26726" lon="-0.55901">
				<ele>46.96</ele>
			</trkpt>
			<trkpt lat="49.26692" lon="-0.55909">
				<ele>46.96</ele>
			</trkpt>
			<trkpt lat="49.26499" lon="-0.559">
				<ele>46.96</ele>
			</trkpt>
			<trkpt lat="49.26451" lon="-0.55907">
				<ele>46.96</ele>
			</trkpt>
			<trkpt lat="49.26397" lon="-0.55926">
				<ele>53.17</ele>
			</trkpt>
			<trkpt lat="49.26256" lon="-0.55372">
				<ele>53.17</ele>
			</trkpt>
			<trkpt lat="49.26251" lon="-0.55324">
				<ele>53.17</ele>
			</trkpt>
			<trkpt lat="49.26255" lon="-0.55273">
				<ele>53.17</ele>
			</trkpt>
			<trkpt lat="49.25581" lon="-0.54399">
				<ele>53.17</ele>
			</trkpt>
			<trkpt lat="49.25241" lon="-0.53968">
				<ele>53.17</ele>
			</trkpt>
			<trkpt lat="49.25177" lon="-0.5389">
				<ele>53.17</ele>
			</trkpt>
			<trkpt lat="49.25172" lon="-0.53865">
				<ele>53.17</ele>
			</trkpt>
			<trkpt lat="49.25115" lon="-0.53779">
				<ele>53.17</ele>
			</trkpt>
			<trkpt lat="49.25075" lon="-0.53706">
				<ele>53.17</ele>
			</trkpt>
			<trkpt lat="49.25032" lon="-0.53646">
				<ele>53.17</ele>
			</trkpt>
			<trkpt lat="49.2499" lon="-0.53576">
				<ele>53.17</ele>
			</trkpt>
			<trkpt lat="49.24878" lon="-0.53742">
				<ele>53.17</ele>
			</trkpt>
			<trkpt lat="49.24824" lon="-0.53801">
				<ele>53.59</ele>
			</trkpt>
			<trkpt lat="49.24681" lon="-0.53575">
				<ele>53.59</ele>
			</trkpt>
			<trkpt lat="49.24667" lon="-0.53541">
				<ele>53.59</ele>
			</trkpt>
			<trkpt lat="49.24648" lon="-0.53511">
				<ele>53.59</ele>
			</trkpt>
			<trkpt lat="49.24599" lon="-0.53495">
				<ele>53.59</ele>
			</trkpt>
			<trkpt lat="49.24559" lon="-0.53436">
				<ele>53.59</ele>
			</trkpt>
			<trkpt lat="49.24478" lon="-0.53351">
				<ele>53.59</ele>
			</trkpt>
			<trkpt lat="49.2443" lon="-0.53284">
				<ele>53.59</ele>
			</trkpt>
			<trkpt lat="49.24406" lon="-0.53241">
				<ele>53.59</ele>
			</trkpt>
			<trkpt lat="49.2436" lon="-0.53193">
				<ele>53.59</ele>
			</trkpt>
			<trkpt lat="49.24305" lon="-0.5314">
				<ele>53.59</ele>
			</trkpt>
			<trkpt lat="49.24248" lon="-0.53106">
				<ele>53.59</ele>
			</trkpt>
			<trkpt lat="49.24206" lon="-0.53213">
				<ele>53.59</ele>
			</trkpt>
			<trkpt lat="49.24112" lon="-0.53085">
				<ele>55.68</ele>
			</trkpt>
			<trkpt lat="49.24086" lon="-0.53073">
				<ele>55.68</ele>
			</trkpt>
			<trkpt lat="49.23939" lon="-0.52952">
				<ele>55.68</ele>
			</trkpt>
			<trkpt lat="49.23887" lon="-0.52916">
				<ele>55.68</ele>
			</trkpt>
			<trkpt lat="49.23827" lon="-0.52859">
				<ele>55.68</ele>
			</trkpt>
			<trkpt lat="49.23674" lon="-0.52689">
				<ele>55.68</ele>
			</trkpt>
			<trkpt lat="49.23622" lon="-0.52627">
				<ele>55.68</ele>
			</trkpt>
			<trkpt lat="49.23587" lon="-0.52608">
				<ele>55.68</ele>
			</trkpt>
			<trkpt lat="49.23582" lon="-0.52594">
				<ele>55.68</ele>
			</trkpt>
			<trkpt lat="49.23511" lon="-0.52539">
				<ele>55.68</ele>
			</trkpt>
			<trkpt lat="49.23392" lon="-0.5247">
				<ele>55.68</ele>
			</trkpt>
			<trkpt lat="49.23325" lon="-0.52448">
				<ele>55.68</ele>
			</trkpt>
			<trkpt lat="49.23218" lon="-0.52544">
				<ele>55.68</ele>
			</trkpt>
			<trkpt lat="49.23047" lon="-0.52587">
				<ele>57.81</ele>
			</trkpt>
			<trkpt lat="49.23025" lon="-0.52588">
				<ele>57.81</ele>
			</trkpt>
			<trkpt lat="49.23002" lon="-0.52639">
				<ele>57.81</ele>
			</trkpt>
			<trkpt lat="49.22973" lon="-0.52678">
				<ele>57.81</ele>
			</trkpt>
			<trkpt lat="49.2295" lon="-0.52697">
				<ele>57.81</ele>
			</trkpt>
			<trkpt lat="49.2284" lon="-0.5275">
				<ele>57.81</ele>
			</trkpt>
			<trkpt lat="49.22812" lon="-0.52775">
				<ele>57.81</ele>
			</trkpt>
			<trkpt lat="49.228" lon="-0.52795">
				<ele>57.81</ele>
			</trkpt>
			<trkpt lat="49.22764" lon="-0.52888">
				<ele>57.81</ele>
			</trkpt>
			<trkpt lat="49.22739" lon="-0.5293">
				<ele>57.81</ele>
			</trkpt>
			<trkpt lat="49.22708" lon="-0.52968">
				<ele>57.81</ele>
			</trkpt>
			<trkpt lat="49.22667" lon="-0.52998">
				<ele>57.81</ele>
			</trkpt>
			<trkpt lat="49.22649" lon="-0.53025">
				<ele>57.81</ele>
			</trkpt>
			<trkpt lat="49.22634" lon="-0.53061">
				<ele>69.61</ele>
			</trkpt>
			<trkpt lat="49.22605" lon="-0.53169">
				<ele>69.61</ele>
			</trkpt>
			<trkpt lat="49.2255" lon="-0.53293">
				<ele>69.61</ele>
			</trkpt>
			<trkpt lat="49.22505" lon="-0.53398">
				<ele>69.61</ele>
			</trkpt>
			<trkpt lat="49.22428" lon="-0.53564">
				<ele>69.61</ele>
			</trkpt>
			<trkpt lat="49.22278" lon="-0.53844">
				<ele>69.61</ele>
			</trkpt>
			<trkpt lat="49.22192" lon="-0.53999">
				<ele>69.61</ele>
			</trkpt>
			<trkpt lat="49.22201" lon="-0.54013">
				<ele>69.61</ele>
			</trkpt>
			<trkpt lat="49.22205" lon="-0.54031">
				<ele>69.61</ele>
			</trkpt>
			<trkpt lat="49.222" lon="-0.54051">
				<ele>69.61</ele>
			</trkpt>
			<trkpt lat="49.22181" lon="-0.54062">
				<ele>69.61</ele>
			</trkpt>
			<trkpt lat="49.22168" lon="-0.54052">
				<ele>69.61</ele>
			</trkpt>
			<trkpt lat="49.22141" lon="-0.54063">
				<ele>69.61</ele>
			</trkpt>
			<trkpt lat="49.21902" lon="-0.5425">
				<ele>72.47</ele>
			</trkpt>
			<trkpt lat="49.21885" lon="-0.5428">
				<ele>72.47</ele>
			</trkpt>
			<trkpt lat="49.2188" lon="-0.54302">
				<ele>72.47</ele>
			</trkpt>
			<trkpt lat="49.21869" lon="-0.54313">
				<ele>72.47</ele>
			</trkpt>
			<trkpt lat="49.21858" lon="-0.54312">
				<ele>72.47</ele>
			</trkpt>
			<trkpt lat="49.21806" lon="-0.54388">
				<ele>72.47</ele>
			</trkpt>
			<trkpt lat="49.21702" lon="-0.54198">
				<ele>72.47</ele>
			</trkpt>
			<trkpt lat="49.21579" lon="-0.54037">
				<ele>72.47</ele>
			</trkpt>
			<trkpt lat="49.21444" lon="-0.53882">
				<ele>72.47</ele>
			</trkpt>
			<trkpt lat="49.21435" lon="-0.53897">
				<ele>72.47</ele>
			</trkpt>
			<trkpt lat="49.21421" lon="-0.53914">
				<ele>72.47</ele>
			</trkpt>
			<trkpt lat="49.21361" lon="-0.54018">
				<ele>72.47</ele>
			</trkpt>
			<trkpt lat="49.21299" lon="-0.5412">
				<ele>72.47</ele>
			</trkpt>
			<trkpt lat="49.2128" lon="-0.54136">
				<ele>70.87</ele>
			</trkpt>
			<trkpt lat="49.21216" lon="-0.54117">
				<ele>70.87</ele>
			</trkpt>
			<trkpt lat="49.21189" lon="-0.5414">
				<ele>70.87</ele>
			</trkpt>
			<trkpt lat="49.21138" lon="-0.54236">
				<ele>70.87</ele>
			</trkpt>
			<trkpt lat="49.21107" lon="-0.54279">
				<ele>70.87</ele>
			</trkpt>
			<trkpt lat="49.21084" lon="-0.54314">
				<ele>70.87</ele>
			</trkpt>
			<trkpt lat="49.21031" lon="-0.5442">
				<ele>70.87</ele>
			</trkpt>
			<trkpt lat="49.21016" lon="-0.54411">
				<ele>70.87</ele>
			</trkpt>
			<trkpt lat="49.20997" lon="-0.54403">
				<ele>70.87</ele>
			</trkpt>
			<trkpt lat="49.20982" lon="-0.544">
				<ele>70.87</ele>
			</trkpt>
			<trkpt lat="49.20954" lon="-0.54412">
				<ele>70.87</ele>
			</trkpt>
			<trkpt lat="49.20954" lon="-0.54432">
				<ele>70.87</ele>
			</trkpt>
			<trkpt lat="49.20969" lon="-0.54515">
				<ele>70.87</ele>
			</trkpt>
			<trkpt lat="49.2094" lon="-0.54529">
				<ele>79.79</ele>
			</trkpt>
			<trkpt lat="49.20936" lon="-0.54517">
				<ele>79.79</ele>
			</trkpt>
			<trkpt lat="49.20938" lon="-0.54465">
				<ele>79.79</ele>
			</trkpt>
			<trkpt lat="49.20918" lon="-0.54362">
				<ele>79.79</ele>
			</trkpt>
			<trkpt lat="49.20859" lon="-0.54269">
				<ele>79.79</ele>
			</trkpt>
			<trkpt lat="49.2072" lon="-0.54105">
				<ele>79.79</ele>
			</trkpt>
			<trkpt lat="49.20692" lon="-0.54086">
				<ele>79.79</ele>
			</trkpt>
			<trkpt lat="49.20597" lon="-0.54072">
				<ele>79.79</ele>
			</trkpt>
			<trkpt lat="49.20579" lon="-0.54062">
				<ele>79.79</ele>
			</trkpt>
			<trkpt lat="49.20526" lon="-0.54011">
				<ele>79.79</ele>
			</trkpt>
			<trkpt lat="49.20469" lon="-0.53963">
				<ele>79.79</ele>
			</trkpt>
			<trkpt lat="49.20392" lon="-0.53916">
				<ele>79.79</ele>
			</trkpt>
			<trkpt lat="49.20415" lon="-0.53857">
				<ele>79.79</ele>
			</trkpt>
			<trkpt lat="49.20339" lon="-0.5373">
				<ele>66.89</ele>
			</trkpt>
			<trkpt lat="49.20277" lon="-0.53641">
				<ele>66.89</ele>
			</trkpt>
			<trkpt lat="49.20206" lon="-0.53507">
				<ele>66.89</ele>
			</trkpt>
			<trkpt lat="49.20195" lon="-0.53473">
				<ele>66.89</ele>
			</trkpt>
			<trkpt lat="49.19751" lon="-0.53023">
				<ele>66.89</ele>
			</trkpt>
			<trkpt lat="49.19733" lon="-0.53011">
				<ele>66.89</ele>
			</trkpt>
			<trkpt lat="49.19717" lon="-0.53094">
				<ele>66.89</ele>
			</trkpt>
			<trkpt lat="49.19116" lon="-0.52836">
				<ele>66.89</ele>
			</trkpt>
			<trkpt lat="49.19105" lon="-0.52844">
				<ele>66.89</ele>
			</trkpt>
			<trkpt lat="49.19071" lon="-0.53024">
				<ele>66.89</ele>
			</trkpt>
			<trkpt lat="49.19034" lon="-0.53202">
				<ele>66.89</ele>
			</trkpt>
			<trkpt lat="49.1888" lon="-0.53136">
				<ele>66.89</ele>
			</trkpt>
			<trkpt lat="49.18647" lon="-0.53088">
				<ele>66.89</ele>
			</trkpt>
			<trkpt lat="49.18597" lon="-0.53065">
				<ele>92.64</ele>
			</trkpt>
			<trkpt lat="49.18375" lon="-0.53033">
				<ele>92.64</ele>
			</trkpt>
			<trkpt lat="49.18315" lon="-0.53013">
				<ele>92.64</ele>
			</trkpt>
			<trkpt lat="49.18221" lon="-0.52967">
				<ele>92.64</ele>
			</trkpt>
			<trkpt lat="49.18088" lon="-0.52881">
				<ele>92.64</ele>
			</trkpt>
			<trkpt lat="49.18051" lon="-0.52925">
				<ele>92.64</ele>
			</trkpt>
			<trkpt lat="49.18021" lon="-0.52942">
				<ele>92.64</ele>
			</trkpt>
			<trkpt lat="49.17981" lon="-0.52949">
				<ele>92.64</ele>
			</trkpt>
			<trkpt lat="49.17962" lon="-0.52946">
				<ele>92.64</ele>
			</trkpt>
			<trkpt lat="49.17944" lon="-0.52933">
				<ele>92.64</ele>
			</trkpt>
			<trkpt lat="49.17815" lon="-0.52795">
				<ele>92.64</ele>
			</trkpt>
			<trkpt lat="49.178" lon="-0.52788">
				<ele>92.64</ele>
			</trkpt>
			<trkpt lat="49.1774" lon="-0.52804">
				<ele>92.64</ele>
			</trkpt>
			<trkpt lat="49.1769" lon="-0.52805">
				<ele>86</ele>
			</trkpt>
			<trkpt lat="49.1767" lon="-0.52799">
				<ele>86</ele>
			</trkpt>
			<trkpt lat="49.17635" lon="-0.52769">
				<ele>86</ele>
			</trkpt>
			<trkpt lat="49.1762" lon="-0.52765">
				<ele>86</ele>
			</trkpt>
			<trkpt lat="49.17532" lon="-0.52805">
				<ele>86</ele>
			</trkpt>
			<trkpt lat="49.17322" lon="-0.52871">
				<ele>86</ele>
			</trkpt>
			<trkpt lat="49.17308" lon="-0.52865">
				<ele>86</ele>
			</trkpt>
			<trkpt lat="49.17086" lon="-0.52529">
				<ele>86</ele>
			</trkpt>
			<trkpt lat="49.17052" lon="-0.52482">
				<ele>86</ele>
			</trkpt>
			<trkpt lat="49.17039" lon="-0.52473">
				<ele>86</ele>
			</trkpt>
			<trkpt lat="49.17025" lon="-0.52474">
				<ele>86</ele>
			</trkpt>
			<trkpt lat="49.16976" lon="-0.52501">
				<ele>86</ele>
			</trkpt>
			<trkpt lat="49.16945" lon="-0.52509">
				<ele>86</ele>
			</trkpt>
			<trkpt lat="49.16862" lon="-0.52481">
				<ele>97.16</ele>
			</trkpt>
			<trkpt lat="49.16811" lon="-0.52452">
				<ele>97.16</ele>
			</trkpt>
			<trkpt lat="49.168" lon="-0.52488">
				<ele>97.16</ele>
			</trkpt>
			<trkpt lat="49.16754" lon="-0.52559">
				<ele>97.16</ele>
			</trkpt>
			<trkpt lat="49.16715" lon="-0.5249">
				<ele>97.16</ele>
			</trkpt>
			<trkpt lat="49.16697" lon="-0.52454">
				<ele>97.16</ele>
			</trkpt>
			<trkpt lat="49.16636" lon="-0.52521">
				<ele>97.16</ele>
			</trkpt>
			<trkpt lat="49.16613" lon="-0.52545">
				<ele>97.16</ele>
			</trkpt>
			<trkpt lat="49.16572" lon="-0.52595">
				<ele>97.16</ele>
			</trkpt>
			<trkpt lat="49.16547" lon="-0.52552">
				<ele>97.16</ele>
			</trkpt>
			<trkpt lat="49.16521" lon="-0.52512">
				<ele>97.16</ele>
			</trkpt>
			<trkpt lat="49.16477" lon="-0.52564">
				<ele>97.16</ele>
			</trkpt>
			<trkpt lat="49.16448" lon="-0.52508">
				<ele>97.16</ele>
			</trkpt>
			<trkpt lat="49.16427" lon="-0.52446">
				<ele>89.25</ele>
			</trkpt>
			<trkpt lat="49.16392" lon="-0.52375">
				<ele>89.25</ele>
			</trkpt>
			<trkpt lat="49.16122" lon="-0.51872">
				<ele>89.25</ele>
			</trkpt>
			<trkpt lat="49.16105" lon="-0.51848">
				<ele>89.25</ele>
			</trkpt>
			<trkpt lat="49.16084" lon="-0.51854">
				<ele>89.25</ele>
			</trkpt>
			<trkpt lat="49.15983" lon="-0.5195">
				<ele>89.25</ele>
			</trkpt>
			<trkpt lat="49.15964" lon="-0.51958">
				<ele>89.25</ele>
			</trkpt>
			<trkpt lat="49.15936" lon="-0.51954">
				<ele>89.25</ele>
			</trkpt>
			<trkpt lat="49.15864" lon="-0.51919">
				<ele>89.25</ele>
			</trkpt>
			<trkpt lat="49.15722" lon="-0.51776">
				<ele>89.25</ele>
			</trkpt>
			<trkpt lat="49.15655" lon="-0.51727">
				<ele>89.25</ele>
			</trkpt>
			<trkpt lat="49.15493" lon="-0.51573">
				<ele>89.25</ele>
			</trkpt>
			<trkpt lat="49.15406" lon="-0.51537">
				<ele>89.25</ele>
			</trkpt>
			<trkpt lat="49.15323" lon="-0.5153">
				<ele>84.23</ele>
			</trkpt>
			<trkpt lat="49.15274" lon="-0.51512">
				<ele>84.23</ele>
			</trkpt>
			<trkpt lat="49.15137" lon="-0.51422">
				<ele>84.23</ele>
			</trkpt>
			<trkpt lat="49.14951" lon="-0.51462">
				<ele>84.23</ele>
			</trkpt>
			<trkpt lat="49.14939" lon="-0.51447">
				<ele>84.23</ele>
			</trkpt>
			<trkpt lat="49.14866" lon="-0.51225">
				<ele>84.23</ele>
			</trkpt>
			<trkpt lat="49.14829" lon="-0.51144">
				<ele>84.23</ele>
			</trkpt>
			<trkpt lat="49.14766" lon="-0.51068">
				<ele>84.23</ele>
			</trkpt>
			<trkpt lat="49.14719" lon="-0.51008">
				<ele>84.23</ele>
			</trkpt>
			<trkpt lat="49.14627" lon="-0.5115">
				<ele>84.23</ele>
			</trkpt>
			<trkpt lat="49.14522" lon="-0.51291">
				<ele>84.23</ele>
			</trkpt>
			<trkpt lat="49.14436" lon="-0.51382">
				<ele>84.23</ele>
			</trkpt>
			<trkpt lat="49.14245" lon="-0.51524">
				<ele>84.23</ele>
			</trkpt>
			<trkpt lat="49.1421" lon="-0.51543">
				<ele>76.77</ele>
			</trkpt>
			<trkpt lat="49.14177" lon="-0.51549">
				<ele>76.77</ele>
			</trkpt>
			<trkpt lat="49.14093" lon="-0.5156">
				<ele>76.77</ele>
			</trkpt>
			<trkpt lat="49.14054" lon="-0.51548">
				<ele>76.77</ele>
			</trkpt>
			<trkpt lat="49.13933" lon="-0.51468">
				<ele>76.77</ele>
			</trkpt>
			<trkpt lat="49.13901" lon="-0.51449">
				<ele>76.77</ele>
			</trkpt>
			<trkpt lat="49.13828" lon="-0.51424">
				<ele>76.77</ele>
			</trkpt>
			<trkpt lat="49.13837" lon="-0.51383">
				<ele>76.77</ele>
			</trkpt>
			<trkpt lat="49.13344" lon="-0.51281">
				<ele>76.77</ele>
			</trkpt>
			<trkpt lat="49.12951" lon="-0.51205">
				<ele>76.77</ele>
			</trkpt>
			<trkpt lat="49.12811" lon="-0.51173">
				<ele>76.77</ele>
			</trkpt>
			<trkpt lat="49.12696" lon="-0.51153">
				<ele>76.77</ele>
			</trkpt>
			<trkpt lat="49.12364" lon="-0.51088">
				<ele>76.77</ele>
			</trkpt>
			<trkpt lat="49.12323" lon="-0.51098">
				<ele>79.64</ele>
			</trkpt>
			<trkpt lat="49.12291" lon="-0.51138">
				<ele>79.64</ele>
			</trkpt>
			<trkpt lat="49.12257" lon="-0.51227">
				<ele>79.64</ele>
			</trkpt>
			<trkpt lat="49.12115" lon="-0.51093">
				<ele>79.64</ele>
			</trkpt>
			<trkpt lat="49.12098" lon="-0.51084">
				<ele>79.64</ele>
			</trkpt>
			<trkpt lat="49.12079" lon="-0.51128">
				<ele>79.64</ele>
			</trkpt>
			<trkpt lat="49.12058" lon="-0.51134">
				<ele>79.64</ele>
			</trkpt>
			<trkpt lat="49.12039" lon="-0.51136">
				<ele>79.64</ele>
			</trkpt>
			<trkpt lat="49.12011" lon="-0.51116">
				<ele>79.64</ele>
			</trkpt>
			<trkpt lat="49.11959" lon="-0.5106">
				<ele>79.64</ele>
			</trkpt>
			<trkpt lat="49.11942" lon="-0.51053">
				<ele>79.64</ele>
			</trkpt>
			<trkpt lat="49.11929" lon="-0.51058">
				<ele>79.64</ele>
			</trkpt>
			<trkpt lat="49.11913" lon="-0.51109">
				<ele>79.64</ele>
			</trkpt>
			<trkpt lat="49.11889" lon="-0.51192">
				<ele>77.06</ele>
			</trkpt>
			<trkpt lat="49.11783" lon="-0.51125">
				<ele>77.06</ele>
			</trkpt>
			<trkpt lat="49.11759" lon="-0.51235">
				<ele>77.06</ele>
			</trkpt>
			<trkpt lat="49.11788" lon="-0.51333">
				<ele>77.06</ele>
			</trkpt>
			<trkpt lat="49.11822" lon="-0.51486">
				<ele>77.06</ele>
			</trkpt>
			<trkpt lat="49.11823" lon="-0.51557">
				<ele>77.06</ele>
			</trkpt>
			<trkpt lat="49.1182" lon="-0.51587">
				<ele>77.06</ele>
			</trkpt>
			<trkpt lat="49.11757" lon="-0.51712">
				<ele>77.06</ele>
			</trkpt>
			<trkpt lat="49.11737" lon="-0.51761">
				<ele>77.06</ele>
			</trkpt>
			<trkpt lat="49.11721" lon="-0.51788">
				<ele>77.06</ele>
			</trkpt>
			<trkpt lat="49.11646" lon="-0.51904">
				<ele>77.06</ele>
			</trkpt>
			<trkpt lat="49.11457" lon="-0.52117">
				<ele>77.06</ele>
			</trkpt>
			<trkpt lat="49.11365" lon="-0.52219">
				<ele>77.06</ele>
			</trkpt>
			<trkpt lat="49.11345" lon="-0.52257">
				<ele>114.23</ele>
			</trkpt>
			<trkpt lat="49.11293" lon="-0.52339">
				<ele>114.23</ele>
			</trkpt>
			<trkpt lat="49.11278" lon="-0.52374">
				<ele>114.23</ele>
			</trkpt>
			<trkpt lat="49.11258" lon="-0.52515">
				<ele>114.23</ele>
			</trkpt>
			<trkpt lat="49.11242" lon="-0.52539">
				<ele>114.23</ele>
			</trkpt>
			<trkpt lat="49.11209" lon="-0.52575">
				<ele>114.23</ele>
			</trkpt>
			<trkpt lat="49.11198" lon="-0.52565">
				<ele>114.23</ele>
			</trkpt>
			<trkpt lat="49.11149" lon="-0.52483">
				<ele>114.23</ele>
			</trkpt>
			<trkpt lat="49.1109" lon="-0.52402">
				<ele>114.23</ele>
			</trkpt>
			<trkpt lat="49.1104" lon="-0.52316">
				<ele>114.23</ele>
			</trkpt>
			<trkpt lat="49.11" lon="-0.52238">
				<ele>114.23</ele>
			</trkpt>
			<trkpt lat="49.1099" lon="-0.52251">
				<ele>114.23</ele>
			</trkpt>
			<trkpt lat="49.10926" lon="-0.52305">
				<ele>114.23</ele>
			</trkpt>
			<trkpt lat="49.10808" lon="-0.52348">
				<ele>103.84</ele>
			</trkpt>
			<trkpt lat="49.10621" lon="-0.52391">
				<ele>103.84</ele>
			</trkpt>
			<trkpt lat="49.09716" lon="-0.52535">
				<ele>103.84</ele>
			</trkpt>
			<trkpt lat="49.09729" lon="-0.52344">
				<ele>103.84</ele>
			</trkpt>
			<trkpt lat="49.09727" lon="-0.52293">
				<ele>103.84</ele>
			</trkpt>
			<trkpt lat="49.09681" lon="-0.52234">
				<ele>103.84</ele>
			</trkpt>
			<trkpt lat="49.09736" lon="-0.52086">
				<ele>103.84</ele>
			</trkpt>
			<trkpt lat="49.09747" lon="-0.5203">
				<ele>103.84</ele>
			</trkpt>
			<trkpt lat="49.09759" lon="-0.51902">
				<ele>103.84</ele>
			</trkpt>
			<trkpt lat="49.09775" lon="-0.51793">
				<ele>103.84</ele>
			</trkpt>
			<trkpt lat="49.0987" lon="-0.51359">
				<ele>103.84</ele>
			</trkpt>
			<trkpt lat="49.09903" lon="-0.51153">
				<ele>103.84</ele>
			</trkpt>
			<trkpt lat="49.09909" lon="-0.51045">
				<ele>103.84</ele>
			</trkpt>
			<trkpt lat="49.09899" lon="-0.50972">
				<ele>87.94</ele>
			</trkpt>
			<trkpt lat="49.09869" lon="-0.50876">
				<ele>87.94</ele>
			</trkpt>
			<trkpt lat="49.09858" lon="-0.50858">
				<ele>87.94</ele>
			</trkpt>
			<trkpt lat="49.09782" lon="-0.50799">
				<ele>87.94</ele>
			</trkpt>
			<trkpt lat="49.09807" lon="-0.50731">
				<ele>87.94</ele>
			</trkpt>
			<trkpt lat="49.0983" lon="-0.50628">
				<ele>87.94</ele>
			</trkpt>
			<trkpt lat="49.09856" lon="-0.50485">
				<ele>87.94</ele>
			</trkpt>
			<trkpt lat="49.0975" lon="-0.50403">
				<ele>87.94</ele>
			</trkpt>
			<trkpt lat="49.0972" lon="-0.50376">
				<ele>87.94</ele>
			</trkpt>
			<trkpt lat="49.09599" lon="-0.50309">
				<ele>87.94</ele>
			</trkpt>
			<trkpt lat="49.09584" lon="-0.50289">
				<ele>87.94</ele>
			</trkpt>
			<trkpt lat="49.09553" lon="-0.50175">
				<ele>87.94</ele>
			</trkpt>
			<trkpt lat="49.09522" lon="-0.50154">
				<ele>87.94</ele>
			</trkpt>
			<trkpt lat="49.095" lon="-0.50125">
				<ele>105.89</ele>
			</trkpt>
			<trkpt lat="49.09365" lon="-0.50181">
				<ele>105.89</ele>
			</trkpt>
			<trkpt lat="49.09307" lon="-0.50193">
				<ele>105.89</ele>
			</trkpt>
			<trkpt lat="49.09175" lon="-0.50166">
				<ele>105.89</ele>
			</trkpt>
			<trkpt lat="49.09052" lon="-0.50123">
				<ele>105.89</ele>
			</trkpt>
			<trkpt lat="49.08969" lon="-0.5011">
				<ele>105.89</ele>
			</trkpt>
			<trkpt lat="49.08918" lon="-0.50082">
				<ele>105.89</ele>
			</trkpt>
			<trkpt lat="49.08899" lon="-0.50039">
				<ele>105.89</ele>
			</trkpt>
			<trkpt lat="49.08885" lon="-0.49969">
				<ele>105.89</ele>
			</trkpt>
			<trkpt lat="49.08884" lon="-0.49904">
				<ele>105.89</ele>
			</trkpt>
			<trkpt lat="49.08871" lon="-0.49868">
				<ele>105.89</ele>
			</trkpt>
			<trkpt lat="49.086" lon="-0.49881">
				<ele>105.89</ele>
			</trkpt>
			<trkpt lat="49.08428" lon="-0.49987">
				<ele>105.89</ele>
			</trkpt>
			<trkpt lat="49.08338" lon="-0.49956">
				<ele>114.27</ele>
			</trkpt>
			<trkpt lat="49.08283" lon="-0.49946">
				<ele>114.27</ele>
			</trkpt>
			<trkpt lat="49.08195" lon="-0.49943">
				<ele>114.27</ele>
			</trkpt>
			<trkpt lat="49.08087" lon="-0.49945">
				<ele>114.27</ele>
			</trkpt>
			<trkpt lat="49.08038" lon="-0.49904">
				<ele>114.27</ele>
			</trkpt>
			<trkpt lat="49.08023" lon="-0.49907">
				<ele>114.27</ele>
			</trkpt>
			<trkpt lat="49.08008" lon="-0.49859">
				<ele>114.27</ele>
			</trkpt>
			<trkpt lat="49.07989" lon="-0.49753">
				<ele>114.27</ele>
			</trkpt>
			<trkpt lat="49.07954" lon="-0.49622">
				<ele>114.27</ele>
			</trkpt>
			<trkpt lat="49.0794" lon="-0.49535">
				<ele>114.27</ele>
			</trkpt>
			<trkpt lat="49.07861" lon="-0.49346">
				<ele>114.27</ele>
			</trkpt>
			<trkpt lat="49.07834" lon="-0.4929">
				<ele>114.27</ele>
			</trkpt>
			<trkpt lat="49.07792" lon="-0.49327">
				<ele>114.27</ele>
			</trkpt>
			<trkpt lat="49.07764" lon="-0.49302">
				<ele>80.82</ele>
			</trkpt>
			<trkpt lat="49.07747" lon="-0.49301">
				<ele>80.82</ele>
			</trkpt>
			<trkpt lat="49.07716" lon="-0.49242">
				<ele>80.82</ele>
			</trkpt>
			<trkpt lat="49.07689" lon="-0.49276">
				<ele>80.82</ele>
			</trkpt>
			<trkpt lat="49.07642" lon="-0.49276">
				<ele>80.82</ele>
			</trkpt>
			<trkpt lat="49.07601" lon="-0.49262">
				<ele>80.82</ele>
			</trkpt>
			<trkpt lat="49.0759" lon="-0.49267">
				<ele>80.82</ele>
			</trkpt>
			<trkpt lat="49.07565" lon="-0.49265">
				<ele>80.82</ele>
			</trkpt>
			<trkpt lat="49.0753" lon="-0.49254">
				<ele>80.82</ele>
			</trkpt>
			<trkpt lat="49.0749" lon="-0.49229">
				<ele>80.82</ele>
			</trkpt>
			<trkpt lat="49.07428" lon="-0.4926">
				<ele>80.82</ele>
			</trkpt>
			<trkpt lat="49.07399" lon="-0.49269">
				<ele>80.82</ele>
			</trkpt>
			<trkpt lat="49.07322" lon="-0.49283">
				<ele>80.82</ele>
			</trkpt>
			<trkpt lat="49.07214" lon="-0.49262">
				<ele>96.61</ele>
			</trkpt>
			<trkpt lat="49.07114" lon="-0.4926">
				<ele>96.61</ele>
			</trkpt>
			<trkpt lat="49.07018" lon="-0.49274">
				<ele>96.61</ele>
			</trkpt>
			<trkpt lat="49.06893" lon="-0.49316">
				<ele>96.61</ele>
			</trkpt>
			<trkpt lat="49.06868" lon="-0.49318">
				<ele>96.61</ele>
			</trkpt>
			<trkpt lat="49.06875" lon="-0.49362">
				<ele>96.61</ele>
			</trkpt>
			<trkpt lat="49.06862" lon="-0.4937">
				<ele>96.61</ele>
			</trkpt>
			<trkpt lat="49.06787" lon="-0.49512">
				<ele>96.61</ele>
			</trkpt>
			<trkpt lat="49.06632" lon="-0.49442">
				<ele>96.61</ele>
			</trkpt>
			<trkpt lat="49.0655" lon="-0.49406">
				<ele>96.61</ele>
			</trkpt>
			<trkpt lat="49.06381" lon="-0.49312">
				<ele>96.61</ele>
			</trkpt>
			<trkpt lat="49.06342" lon="-0.49303">
				<ele>96.61</ele>
			</trkpt>
			<trkpt lat="49.06342" lon="-0.48958">
				<ele>96.61</ele>
			</trkpt>
			<trkpt lat="49.06344" lon="-0.48872">
				<ele>124.32</ele>
			</trkpt>
			<trkpt lat="49.0635" lon="-0.48827">
				<ele>124.32</ele>
			</trkpt>
			<trkpt lat="49.06347" lon="-0.48735">
				<ele>124.32</ele>
			</trkpt>
			<trkpt lat="49.0634" lon="-0.48701">
				<ele>124.32</ele>
			</trkpt>
			<trkpt lat="49.06278" lon="-0.48599">
				<ele>124.32</ele>
			</trkpt>
			<trkpt lat="49.06275" lon="-0.48579">
				<ele>124.32</ele>
			</trkpt>
			<trkpt lat="49.06276" lon="-0.48563">
				<ele>124.32</ele>
			</trkpt>
			<trkpt lat="49.06309" lon="-0.48511">
				<ele>124.32</ele>
			</trkpt>
			<trkpt lat="49.06272" lon="-0.48529">
				<ele>124.32</ele>
			</trkpt>
			<trkpt lat="49.06223" lon="-0.48539">
				<ele>124.32</ele>
			</trkpt>
			<trkpt lat="49.06058" lon="-0.48544">
				<ele>124.32</ele>
			</trkpt>
			<trkpt lat="49.0597" lon="-0.48265">
				<ele>124.32</ele>
			</trkpt>
			<trkpt lat="49.05941" lon="-0.48226">
				<ele>124.32</ele>
			</trkpt>
			<trkpt lat="49.0584" lon="-0.48157">
				<ele>96.33</ele>
			</trkpt>
			<trkpt lat="49.05713" lon="-0.48083">
				<ele>96.33</ele>
			</trkpt>
			<trkpt lat="49.05619" lon="-0.48087">
				<ele>96.33</ele>
			</trkpt>
			<trkpt lat="49.05608" lon="-0.4798">
				<ele>96.33</ele>
			</trkpt>
			<trkpt lat="49.05609" lon="-0.47923">
				<ele>96.33</ele>
			</trkpt>
			<trkpt lat="49.05572" lon="-0.47938">
				<ele>96.33</ele>
			</trkpt>
			<trkpt lat="49.05507" lon="-0.47955">
				<ele>96.33</ele>
			</trkpt>
			<trkpt lat="49.05461" lon="-0.47947">
				<ele>96.33</ele>
			</trkpt>
			<trkpt lat="49.05426" lon="-0.47948">
				<ele>96.33</ele>
			</trkpt>
			<trkpt lat="49.05361" lon="-0.4798">
				<ele>96.33</ele>
			</trkpt>
			<trkpt lat="49.0514" lon="-0.48162">
				<ele>96.33</ele>
			</trkpt>
			<trkpt lat="49.05032" lon="-0.48266">
				<ele>96.33</ele>
			</trkpt>
			<trkpt lat="49.0502" lon="-0.4827">
				<ele>96.33</ele>
			</trkpt>
			<trkpt lat="49.04961" lon="-0.48368">
				<ele>37.8</ele>
			</trkpt>
			<trkpt lat="49.04957" lon="-0.48389">
				<ele>37.8</ele>
			</trkpt>
			<trkpt lat="49.04964" lon="-0.4843">
				<ele>37.8</ele>
			</trkpt>
			<trkpt lat="49.04967" lon="-0.48496">
				<ele>37.8</ele>
			</trkpt>
			<trkpt lat="49.04951" lon="-0.48536">
				<ele>37.8</ele>
			</trkpt>
			<trkpt lat="49.04934" lon="-0.48553">
				<ele>37.8</ele>
			</trkpt>
			<trkpt lat="49.04887" lon="-0.48636">
				<ele>37.8</ele>
			</trkpt>
			<trkpt lat="49.0487" lon="-0.48687">
				<ele>37.8</ele>
			</trkpt>
			<trkpt lat="49.04802" lon="-0.48668">
				<ele>37.8</ele>
			</trkpt>
			<trkpt lat="49.04751" lon="-0.48616">
				<ele>37.8</ele>
			</trkpt>
			<trkpt lat="49.04745" lon="-0.48569">
				<ele>37.8</ele>
			</trkpt>
			<trkpt lat="49.04754" lon="-0.48484">
				<ele>37.8</ele>
			</trkpt>
			<trkpt lat="49.04749" lon="-0.4846">
				<ele>37.8</ele>
			</trkpt>
			<trkpt lat="49.04706" lon="-0.48392">
				<ele>46.91</ele>
			</trkpt>
			<trkpt lat="49.04681" lon="-0.48314">
				<ele>46.91</ele>
			</trkpt>
			<trkpt lat="49.04682" lon="-0.48274">
				<ele>46.91</ele>
			</trkpt>
			<trkpt lat="49.04692" lon="-0.48244">
				<ele>46.91</ele>
			</trkpt>
			<trkpt lat="49.04592" lon="-0.48052">
				<ele>46.91</ele>
			</trkpt>
			<trkpt lat="49.04566" lon="-0.48062">
				<ele>46.91</ele>
			</trkpt>
			<trkpt lat="49.04523" lon="-0.48099">
				<ele>46.91</ele>
			</trkpt>
			<trkpt lat="49.04491" lon="-0.48117">
				<ele>46.91</ele>
			</trkpt>
			<trkpt lat="49.04457" lon="-0.48113">
				<ele>46.91</ele>
			</trkpt>
			<trkpt lat="49.04337" lon="-0.48043">
				<ele>46.91</ele>
			</trkpt>
			<trkpt lat="49.04314" lon="-0.48035">
				<ele>46.91</ele>
			</trkpt>
			<trkpt lat="49.0403" lon="-0.48039">
				<ele>46.91</ele>
			</trkpt>
			<trkpt lat="49.04006" lon="-0.4803">
				<ele>46.91</ele>
			</trkpt>
			<trkpt lat="49.03936" lon="-0.47943">
				<ele>26.23</ele>
			</trkpt>
			<trkpt lat="49.03916" lon="-0.4793">
				<ele>26.23</ele>
			</trkpt>
			<trkpt lat="49.03889" lon="-0.47923">
				<ele>26.23</ele>
			</trkpt>
			<trkpt lat="49.03749" lon="-0.47925">
				<ele>26.23</ele>
			</trkpt>
			<trkpt lat="49.03751" lon="-0.47713">
				<ele>26.23</ele>
			</trkpt>
			<trkpt lat="49.03754" lon="-0.47698">
				<ele>26.23</ele>
			</trkpt>
			<trkpt lat="49.03767" lon="-0.47687">
				<ele>26.23</ele>
			</trkpt>
			<trkpt lat="49.03872" lon="-0.477">
				<ele>26.23</ele>
			</trkpt>
			<trkpt lat="49.03886" lon="-0.47694">
				<ele>26.23</ele>
			</trkpt>
			<trkpt lat="49.03888" lon="-0.47676">
				<ele>26.23</ele>
			</trkpt>
			<trkpt lat="49.03883" lon="-0.4762">
				<ele>26.23</ele>
			</trkpt>
			<trkpt lat="49.03867" lon="-0.4756">
				<ele>26.23</ele>
			</trkpt>
			<trkpt lat="49.03866" lon="-0.47537">
				<ele>26.23</ele>
			</trkpt>
			<trkpt lat="49.03925" lon="-0.47603">
				<ele>29.04</ele>
			</trkpt>
			<trkpt lat="49.03941" lon="-0.47599">
				<ele>29.04</ele>
			</trkpt>
			<trkpt lat="49.03939" lon="-0.47576">
				<ele>29.04</ele>
			</trkpt>
			<trkpt lat="49.03929" lon="-0.47555">
				<ele>29.04</ele>
			</trkpt>
			<trkpt lat="49.0391" lon="-0.47465">
				<ele>29.04</ele>
			</trkpt>
			<trkpt lat="49.03908" lon="-0.47401">
				<ele>29.04</ele>
			</trkpt>
			<trkpt lat="49.03903" lon="-0.47379">
				<ele>29.04</ele>
			</trkpt>
			<trkpt lat="49.03904" lon="-0.47354">
				<ele>29.04</ele>
			</trkpt>
			<trkpt lat="49.03891" lon="-0.47308">
				<ele>29.04</ele>
			</trkpt>
			<trkpt lat="49.03883" lon="-0.47258">
				<ele>29.04</ele>
			</trkpt>
			<trkpt lat="49.0384" lon="-0.47145">
				<ele>29.04</ele>
			</trkpt>
			<trkpt lat="49.03816" lon="-0.47119">
				<ele>29.04</ele>
			</trkpt>
			<trkpt lat="49.03788" lon="-0.47059">
				<ele>29.04</ele>
			</trkpt>
			<trkpt lat="49.0379" lon="-0.47018">
				<ele>30.82</ele>
			</trkpt>
			<trkpt lat="49.03766" lon="-0.46941">
				<ele>30.82</ele>
			</trkpt>
			<trkpt lat="49.03769" lon="-0.46885">
				<ele>30.82</ele>
			</trkpt>
			<trkpt lat="49.03763" lon="-0.46806">
				<ele>30.82</ele>
			</trkpt>
			<trkpt lat="49.03764" lon="-0.46688">
				<ele>30.82</ele>
			</trkpt>
			<trkpt lat="49.03751" lon="-0.46685">
				<ele>30.82</ele>
			</trkpt>
			<trkpt lat="49.0371" lon="-0.46699">
				<ele>30.82</ele>
			</trkpt>
			<trkpt lat="49.03683" lon="-0.46722">
				<ele>30.82</ele>
			</trkpt>
			<trkpt lat="49.036" lon="-0.46773">
				<ele>30.82</ele>
			</trkpt>
			<trkpt lat="49.03563" lon="-0.46781">
				<ele>30.82</ele>
			</trkpt>
			<trkpt lat="49.03409" lon="-0.46778">
				<ele>30.82</ele>
			</trkpt>
			<trkpt lat="49.03308" lon="-0.46742">
				<ele>30.82</ele>
			</trkpt>
			<trkpt lat="49.03305" lon="-0.46709">
				<ele>30.82</ele>
			</trkpt>
			<trkpt lat="49.03316" lon="-0.46585">
				<ele>30.82</ele>
			</trkpt>
			<trkpt lat="49.02863" lon="-0.46442">
				<ele>56.24</ele>
			</trkpt>
			<trkpt lat="49.02774" lon="-0.46422">
				<ele>56.24</ele>
			</trkpt>
			<trkpt lat="49.02708" lon="-0.46421">
				<ele>56.24</ele>
			</trkpt>
			<trkpt lat="49.02656" lon="-0.46429">
				<ele>56.24</ele>
			</trkpt>
			<trkpt lat="49.02066" lon="-0.46551">
				<ele>56.24</ele>
			</trkpt>
			<trkpt lat="49.01971" lon="-0.46578">
				<ele>56.24</ele>
			</trkpt>
			<trkpt lat="49.01896" lon="-0.46621">
				<ele>56.24</ele>
			</trkpt>
			<trkpt lat="49.017" lon="-0.46784">
				<ele>56.24</ele>
			</trkpt>
			<trkpt lat="49.01558" lon="-0.46907">
				<ele>56.24</ele>
			</trkpt>
			<trkpt lat="49.01343" lon="-0.47113">
				<ele>56.24</ele>
			</trkpt>
			<trkpt lat="49.01296" lon="-0.47144">
				<ele>56.24</ele>
			</trkpt>
			<trkpt lat="49.0122" lon="-0.4718">
				<ele>56.24</ele>
			</trkpt>
			<trkpt lat="49.01135" lon="-0.47199">
				<ele>56.24</ele>
			</trkpt>
			<trkpt lat="49.0104" lon="-0.47193">
				<ele>28.25</ele>
			</trkpt>
			<trkpt lat="49.00927" lon="-0.47155">
				<ele>28.25</ele>
			</trkpt>
			<trkpt lat="49.00855" lon="-0.47108">
				<ele>28.25</ele>
			</trkpt>
			<trkpt lat="49.00804" lon="-0.47062">
				<ele>28.25</ele>
			</trkpt>
			<trkpt lat="49.00742" lon="-0.46989">
				<ele>28.25</ele>
			</trkpt>
			<trkpt lat="49.00699" lon="-0.46928">
				<ele>28.25</ele>
			</trkpt>
			<trkpt lat="49.00557" lon="-0.46625">
				<ele>28.25</ele>
			</trkpt>
			<trkpt lat="49.00505" lon="-0.46551">
				<ele>28.25</ele>
			</trkpt>
			<trkpt lat="49.00458" lon="-0.46512">
				<ele>28.25</ele>
			</trkpt>
			<trkpt lat="49.00407" lon="-0.46487">
				<ele>28.25</ele>
			</trkpt>
			<trkpt lat="49.00376" lon="-0.4648">
				<ele>28.25</ele>
			</trkpt>
			<trkpt lat="49.00345" lon="-0.46478">
				<ele>28.25</ele>
			</trkpt>
			<trkpt lat="49.00295" lon="-0.46486">
				<ele>28.25</ele>
			</trkpt>
			<trkpt lat="49.00234" lon="-0.4651">
				<ele>26.04</ele>
			</trkpt>
			<trkpt lat="49.00177" lon="-0.46552">
				<ele>26.04</ele>
			</trkpt>
			<trkpt lat="49.00134" lon="-0.46605">
				<ele>26.04</ele>
			</trkpt>
			<trkpt lat="49.0007" lon="-0.46718">
				<ele>26.04</ele>
			</trkpt>
			<trkpt lat="49.0003" lon="-0.46883">
				<ele>26.04</ele>
			</trkpt>
			<trkpt lat="48.99942" lon="-0.47356">
				<ele>26.04</ele>
			</trkpt>
			<trkpt lat="48.99917" lon="-0.47455">
				<ele>26.04</ele>
			</trkpt>
			<trkpt lat="48.99874" lon="-0.47587">
				<ele>26.04</ele>
			</trkpt>
			<trkpt lat="48.99824" lon="-0.47698">
				<ele>26.04</ele>
			</trkpt>
			<trkpt lat="48.99741" lon="-0.47854">
				<ele>26.04</ele>
			</trkpt>
			<trkpt lat="48.99681" lon="-0.47942">
				<ele>26.04</ele>
			</trkpt>
			<trkpt lat="48.99514" lon="-0.48162">
				<ele>26.04</ele>
			</trkpt>
			<trkpt lat="48.9946" lon="-0.48216">
				<ele>26.04</ele>
			</trkpt>
			<trkpt lat="48.99376" lon="-0.48257">
				<ele>32.97</ele>
			</trkpt>
			<trkpt lat="48.99326" lon="-0.4826">
				<ele>32.97</ele>
			</trkpt>
			<trkpt lat="48.99295" lon="-0.48257">
				<ele>32.97</ele>
			</trkpt>
			<trkpt lat="48.99289" lon="-0.48246">
				<ele>32.97</ele>
			</trkpt>
			<trkpt lat="48.99112" lon="-0.48201">
				<ele>32.97</ele>
			</trkpt>
			<trkpt lat="48.99098" lon="-0.48193">
				<ele>32.97</ele>
			</trkpt>
			<trkpt lat="48.98986" lon="-0.48164">
				<ele>32.97</ele>
			</trkpt>
			<trkpt lat="48.98929" lon="-0.48158">
				<ele>32.97</ele>
			</trkpt>
			<trkpt lat="48.9887" lon="-0.48166">
				<ele>32.97</ele>
			</trkpt>
			<trkpt lat="48.98628" lon="-0.48243">
				<ele>32.97</ele>
			</trkpt>
			<trkpt lat="48.98562" lon="-0.48251">
				<ele>32.97</ele>
			</trkpt>
			<trkpt lat="48.98478" lon="-0.48247">
				<ele>32.97</ele>
			</trkpt>
			<trkpt lat="48.98418" lon="-0.48239">
				<ele>32.97</ele>
			</trkpt>
			<trkpt lat="48.9769" lon="-0.48083">
				<ele>41.71</ele>
			</trkpt>
			<trkpt lat="48.97659" lon="-0.48082">
				<ele>41.71</ele>
			</trkpt>
			<trkpt lat="48.97594" lon="-0.48099">
				<ele>41.71</ele>
			</trkpt>
			<trkpt lat="48.97517" lon="-0.48146">
				<ele>41.71</ele>
			</trkpt>
			<trkpt lat="48.97467" lon="-0.48181">
				<ele>41.71</ele>
			</trkpt>
			<trkpt lat="48.97416" lon="-0.48222">
				<ele>41.71</ele>
			</trkpt>
			<trkpt lat="48.9735" lon="-0.48259">
				<ele>41.71</ele>
			</trkpt>
			<trkpt lat="48.97284" lon="-0.48274">
				<ele>41.71</ele>
			</trkpt>
			<trkpt lat="48.97241" lon="-0.48273">
				<ele>41.71</ele>
			</trkpt>
			<trkpt lat="48.96983" lon="-0.48209">
				<ele>41.71</ele>
			</trkpt>
			<trkpt lat="48.96962" lon="-0.48194">
				<ele>41.71</ele>
			</trkpt>
			<trkpt lat="48.96762" lon="-0.48144">
				<ele>41.71</ele>
			</trkpt>
			<trkpt lat="48.96762" lon="-0.48126">
				<ele>41.71</ele>
			</trkpt>
			<trkpt lat="48.96712" lon="-0.48129">
				<ele>33.95</ele>
			</trkpt>
			<trkpt lat="48.96407" lon="-0.48054">
				<ele>33.95</ele>
			</trkpt>
			<trkpt lat="48.96382" lon="-0.48063">
				<ele>33.95</ele>
			</trkpt>
			<trkpt lat="48.96295" lon="-0.48062">
				<ele>33.95</ele>
			</trkpt>
			<trkpt lat="48.96219" lon="-0.48081">
				<ele>33.95</ele>
			</trkpt>
			<trkpt lat="48.96156" lon="-0.48114">
				<ele>33.95</ele>
			</trkpt>
			<trkpt lat="48.96116" lon="-0.48144">
				<ele>33.95</ele>
			</trkpt>
			<trkpt lat="48.96032" lon="-0.48237">
				<ele>33.95</ele>
			</trkpt>
			<trkpt lat="48.95952" lon="-0.48363">
				<ele>33.95</ele>
			</trkpt>
			<trkpt lat="48.9588" lon="-0.48491">
				<ele>33.95</ele>
			</trkpt>
			<trkpt lat="48.95598" lon="-0.48977">
				<ele>33.95</ele>
			</trkpt>
			<trkpt lat="48.95525" lon="-0.49164">
				<ele>33.95</ele>
			</trkpt>
			<trkpt lat="48.95489" lon="-0.49307">
				<ele>33.95</ele>
			</trkpt>
			<trkpt lat="48.95392" lon="-0.49931">
				<ele>38.08</ele>
			</trkpt>
			<trkpt lat="48.9536" lon="-0.50109">
				<ele>38.08</ele>
			</trkpt>
			<trkpt lat="48.95313" lon="-0.50216">
				<ele>38.08</ele>
			</trkpt>
			<trkpt lat="48.95287" lon="-0.50256">
				<ele>38.08</ele>
			</trkpt>
			<trkpt lat="48.95304" lon="-0.50291">
				<ele>38.08</ele>
			</trkpt>
			<trkpt lat="48.95319" lon="-0.50334">
				<ele>38.08</ele>
			</trkpt>
			<trkpt lat="48.95348" lon="-0.50508">
				<ele>38.08</ele>
			</trkpt>
			<trkpt lat="48.95302" lon="-0.50546">
				<ele>38.08</ele>
			</trkpt>
			<trkpt lat="48.95271" lon="-0.50552">
				<ele>38.08</ele>
			</trkpt>
			<trkpt lat="48.95163" lon="-0.50536">
				<ele>38.08</ele>
			</trkpt>
			<trkpt lat="48.95102" lon="-0.5052">
				<ele>38.08</ele>
			</trkpt>
			<trkpt lat="48.95054" lon="-0.50516">
				<ele>38.08</ele>
			</trkpt>
			<trkpt lat="48.94988" lon="-0.50518">
				<ele>38.08</ele>
			</trkpt>
			<trkpt lat="48.94962" lon="-0.50537">
				<ele>31.54</ele>
			</trkpt>
			<trkpt lat="48.94952" lon="-0.50558">
				<ele>31.54</ele>
			</trkpt>
			<trkpt lat="48.94937" lon="-0.50576">
				<ele>31.54</ele>
			</trkpt>
			<trkpt lat="48.94925" lon="-0.50579">
				<ele>31.54</ele>
			</trkpt>
			<trkpt lat="48.9488" lon="-0.50582">
				<ele>31.54</ele>
			</trkpt>
			<trkpt lat="48.94802" lon="-0.50606">
				<ele>31.54</ele>
			</trkpt>
			<trkpt lat="48.94789" lon="-0.50596">
				<ele>31.54</ele>
			</trkpt>
			<trkpt lat="48.9474" lon="-0.50592">
				<ele>31.54</ele>
			</trkpt>
			<trkpt lat="48.94694" lon="-0.50616">
				<ele>31.54</ele>
			</trkpt>
			<trkpt lat="48.94654" lon="-0.50626">
				<ele>31.54</ele>
			</trkpt>
			<trkpt lat="48.94607" lon="-0.50597">
				<ele>31.54</ele>
			</trkpt>
			<trkpt lat="48.94579" lon="-0.50597">
				<ele>31.54</ele>
			</trkpt>
			<trkpt lat="48.9455" lon="-0.50616">
				<ele>31.54</ele>
			</trkpt>
			<trkpt lat="48.94527" lon="-0.50646">
				<ele>38.97</ele>
			</trkpt>
			<trkpt lat="48.94501" lon="-0.50708">
				<ele>38.97</ele>
			</trkpt>
			<trkpt lat="48.94485" lon="-0.50773">
				<ele>38.97</ele>
			</trkpt>
			<trkpt lat="48.94469" lon="-0.50806">
				<ele>38.97</ele>
			</trkpt>
			<trkpt lat="48.94452" lon="-0.5083">
				<ele>38.97</ele>
			</trkpt>
			<trkpt lat="48.94394" lon="-0.5086">
				<ele>38.97</ele>
			</trkpt>
			<trkpt lat="48.94333" lon="-0.51092">
				<ele>38.97</ele>
			</trkpt>
			<trkpt lat="48.94316" lon="-0.51171">
				<ele>38.97</ele>
			</trkpt>
			<trkpt lat="48.94266" lon="-0.51286">
				<ele>38.97</ele>
			</trkpt>
			<trkpt lat="48.94211" lon="-0.51291">
				<ele>38.97</ele>
			</trkpt>
			<trkpt lat="48.93977" lon="-0.51342">
				<ele>38.97</ele>
			</trkpt>
			<trkpt lat="48.93904" lon="-0.51352">
				<ele>38.97</ele>
			</trkpt>
			<trkpt lat="48.93879" lon="-0.51362">
				<ele>38.97</ele>
			</trkpt>
			<trkpt lat="48.93863" lon="-0.51363">
				<ele>112.73</ele>
			</trkpt>
			<trkpt lat="48.93759" lon="-0.51407">
				<ele>112.73</ele>
			</trkpt>
			<trkpt lat="48.93648" lon="-0.51427">
				<ele>112.73</ele>
			</trkpt>
			<trkpt lat="48.93624" lon="-0.51416">
				<ele>112.73</ele>
			</trkpt>
			<trkpt lat="48.93595" lon="-0.51388">
				<ele>112.73</ele>
			</trkpt>
			<trkpt lat="48.93512" lon="-0.51363">
				<ele>112.73</ele>
			</trkpt>
			<trkpt lat="48.93484" lon="-0.51345">
				<ele>112.73</ele>
			</trkpt>
			<trkpt lat="48.93378" lon="-0.51352">
				<ele>112.73</ele>
			</trkpt>
			<trkpt lat="48.93186" lon="-0.51265">
				<ele>112.73</ele>
			</trkpt>
			<trkpt lat="48.93085" lon="-0.5123">
				<ele>112.73</ele>
			</trkpt>
			<trkpt lat="48.93008" lon="-0.51223">
				<ele>112.73</ele>
			</trkpt>
			<trkpt lat="48.92947" lon="-0.51245">
				<ele>112.73</ele>
			</trkpt>
			<trkpt lat="48.92843" lon="-0.51222">
				<ele>112.73</ele>
			</trkpt>
			<trkpt lat="48.92738" lon="-0.51253">
				<ele>180.2</ele>
			</trkpt>
			<trkpt lat="48.92675" lon="-0.51285">
				<ele>180.2</ele>
			</trkpt>
			<trkpt lat="48.92597" lon="-0.51314">
				<ele>180.2</ele>
			</trkpt>
			<trkpt lat="48.92525" lon="-0.51322">
				<ele>180.2</ele>
			</trkpt>
			<trkpt lat="48.92494" lon="-0.51286">
				<ele>180.2</ele>
			</trkpt>
			<trkpt lat="48.92478" lon="-0.51248">
				<ele>180.2</ele>
			</trkpt>
			<trkpt lat="48.92477" lon="-0.51212">
				<ele>180.2</ele>
			</trkpt>
			<trkpt lat="48.92482" lon="-0.51168">
				<ele>180.2</ele>
			</trkpt>
			<trkpt lat="48.92476" lon="-0.51129">
				<ele>180.2</ele>
			</trkpt>
			<trkpt lat="48.92437" lon="-0.51007">
				<ele>180.2</ele>
			</trkpt>
			<trkpt lat="48.92408" lon="-0.51093">
				<ele>180.2</ele>
			</trkpt>
			<trkpt lat="48.9236" lon="-0.51158">
				<ele>180.2</ele>
			</trkpt>
			<trkpt lat="48.923" lon="-0.51261">
				<ele>180.2</ele>
			</trkpt>
			<trkpt lat="48.92268" lon="-0.5133">
				<ele>192.75</ele>
			</trkpt>
			<trkpt lat="48.92249" lon="-0.51397">
				<ele>192.75</ele>
			</trkpt>
			<trkpt lat="48.92245" lon="-0.51446">
				<ele>192.75</ele>
			</trkpt>
			<trkpt lat="48.92233" lon="-0.51518">
				<ele>192.75</ele>
			</trkpt>
			<trkpt lat="48.92201" lon="-0.51641">
				<ele>192.75</ele>
			</trkpt>
			<trkpt lat="48.92162" lon="-0.51831">
				<ele>192.75</ele>
			</trkpt>
			<trkpt lat="48.92137" lon="-0.51906">
				<ele>192.75</ele>
			</trkpt>
			<trkpt lat="48.92123" lon="-0.51926">
				<ele>192.75</ele>
			</trkpt>
			<trkpt lat="48.92083" lon="-0.51955">
				<ele>192.75</ele>
			</trkpt>
			<trkpt lat="48.92068" lon="-0.51974">
				<ele>192.75</ele>
			</trkpt>
			<trkpt lat="48.92058" lon="-0.52005">
				<ele>192.75</ele>
			</trkpt>
			<trkpt lat="48.92056" lon="-0.5204">
				<ele>192.75</ele>
			</trkpt>
			<trkpt lat="48.92007" lon="-0.52166">
				<ele>192.75</ele>
			</trkpt>
			<trkpt lat="48.91953" lon="-0.52238">
				<ele>216.33</ele>
			</trkpt>
			<trkpt lat="48.91874" lon="-0.52362">
				<ele>216.33</ele>
			</trkpt>
			<trkpt lat="48.91797" lon="-0.52431">
				<ele>216.33</ele>
			</trkpt>
			<trkpt lat="48.9173" lon="-0.5254">
				<ele>216.33</ele>
			</trkpt>
			<trkpt lat="48.91662" lon="-0.52767">
				<ele>216.33</ele>
			</trkpt>
			<trkpt lat="48.91607" lon="-0.52911">
				<ele>216.33</ele>
			</trkpt>
			<trkpt lat="48.9157" lon="-0.52965">
				<ele>216.33</ele>
			</trkpt>
			<trkpt lat="48.9149" lon="-0.53054">
				<ele>216.33</ele>
			</trkpt>
			<trkpt lat="48.91488" lon="-0.53074">
				<ele>216.33</ele>
			</trkpt>
			<trkpt lat="48.91398" lon="-0.53133">
				<ele>216.33</ele>
			</trkpt>
			<trkpt lat="48.91358" lon="-0.53147">
				<ele>216.33</ele>
			</trkpt>
			<trkpt lat="48.91289" lon="-0.53154">
				<ele>216.33</ele>
			</trkpt>
			<trkpt lat="48.91189" lon="-0.53137">
				<ele>216.33</ele>
			</trkpt>
			<trkpt lat="48.91147" lon="-0.53142">
				<ele>207.13</ele>
			</trkpt>
			<trkpt lat="48.911" lon="-0.53164">
				<ele>207.13</ele>
			</trkpt>
			<trkpt lat="48.91071" lon="-0.53154">
				<ele>207.13</ele>
			</trkpt>
			<trkpt lat="48.91047" lon="-0.53155">
				<ele>207.13</ele>
			</trkpt>
			<trkpt lat="48.9084" lon="-0.53228">
				<ele>207.13</ele>
			</trkpt>
			<trkpt lat="48.90833" lon="-0.53238">
				<ele>207.13</ele>
			</trkpt>
			<trkpt lat="48.9082" lon="-0.53314">
				<ele>207.13</ele>
			</trkpt>
			<trkpt lat="48.90785" lon="-0.53387">
				<ele>207.13</ele>
			</trkpt>
			<trkpt lat="48.9075" lon="-0.53446">
				<ele>207.13</ele>
			</trkpt>
			<trkpt lat="48.90669" lon="-0.53542">
				<ele>207.13</ele>
			</trkpt>
			<trkpt lat="48.90626" lon="-0.53586">
				<ele>207.13</ele>
			</trkpt>
			<trkpt lat="48.90545" lon="-0.53644">
				<ele>207.13</ele>
			</trkpt>
			<trkpt lat="48.90508" lon="-0.53663">
				<ele>207.13</ele>
			</trkpt>
			<trkpt lat="48.90478" lon="-0.53671">
				<ele>212</ele>
			</trkpt>
			<trkpt lat="48.90453" lon="-0.53693">
				<ele>212</ele>
			</trkpt>
			<trkpt lat="48.90448" lon="-0.53712">
				<ele>212</ele>
			</trkpt>
			<trkpt lat="48.90448" lon="-0.53744">
				<ele>212</ele>
			</trkpt>
			<trkpt lat="48.9046" lon="-0.53791">
				<ele>212</ele>
			</trkpt>
			<trkpt lat="48.9046" lon="-0.5381">
				<ele>212</ele>
			</trkpt>
			<trkpt lat="48.90452" lon="-0.5383">
				<ele>212</ele>
			</trkpt>
			<trkpt lat="48.90439" lon="-0.53839">
				<ele>212</ele>
			</trkpt>
			<trkpt lat="48.90401" lon="-0.53843">
				<ele>212</ele>
			</trkpt>
			<trkpt lat="48.90363" lon="-0.53881">
				<ele>212</ele>
			</trkpt>
			<trkpt lat="48.90353" lon="-0.53872">
				<ele>212</ele>
			</trkpt>
			<trkpt lat="48.90316" lon="-0.53859">
				<ele>212</ele>
			</trkpt>
			<trkpt lat="48.90308" lon="-0.53845">
				<ele>212</ele>
			</trkpt>
			<trkpt lat="48.90274" lon="-0.53864">
				<ele>178.92</ele>
			</trkpt>
			<trkpt lat="48.90262" lon="-0.53862">
				<ele>178.92</ele>
			</trkpt>
			<trkpt lat="48.90217" lon="-0.53813">
				<ele>178.92</ele>
			</trkpt>
			<trkpt lat="48.90208" lon="-0.53807">
				<ele>178.92</ele>
			</trkpt>
			<trkpt lat="48.90198" lon="-0.53809">
				<ele>178.92</ele>
			</trkpt>
			<trkpt lat="48.90116" lon="-0.53925">
				<ele>178.92</ele>
			</trkpt>
			<trkpt lat="48.90038" lon="-0.54029">
				<ele>178.92</ele>
			</trkpt>
			<trkpt lat="48.90022" lon="-0.54076">
				<ele>178.92</ele>
			</trkpt>
			<trkpt lat="48.90021" lon="-0.54125">
				<ele>178.92</ele>
			</trkpt>
			<trkpt lat="48.90042" lon="-0.54203">
				<ele>178.92</ele>
			</trkpt>
			<trkpt lat="48.90061" lon="-0.54257">
				<ele>178.92</ele>
			</trkpt>
			<trkpt lat="48.90061" lon="-0.54276">
				<ele>178.92</ele>
			</trkpt>
			<trkpt lat="48.90046" lon="-0.5429">
				<ele>178.92</ele>
			</trkpt>
			<trkpt lat="48.9" lon="-0.54279">
				<ele>160.9</ele>
			</trkpt>
			<trkpt lat="48.8998" lon="-0.54264">
				<ele>160.9</ele>
			</trkpt>
			<trkpt lat="48.89951" lon="-0.54231">
				<ele>160.9</ele>
			</trkpt>
			<trkpt lat="48.89932" lon="-0.54194">
				<ele>160.9</ele>
			</trkpt>
			<trkpt lat="48.89884" lon="-0.54165">
				<ele>160.9</ele>
			</trkpt>
			<trkpt lat="48.89875" lon="-0.54137">
				<ele>160.9</ele>
			</trkpt>
			<trkpt lat="48.89876" lon="-0.54117">
				<ele>160.9</ele>
			</trkpt>
			<trkpt lat="48.89889" lon="-0.54067">
				<ele>160.9</ele>
			</trkpt>
			<trkpt lat="48.8989" lon="-0.54002">
				<ele>160.9</ele>
			</trkpt>
			<trkpt lat="48.89885" lon="-0.53951">
				<ele>160.9</ele>
			</trkpt>
			<trkpt lat="48.89878" lon="-0.53931">
				<ele>160.9</ele>
			</trkpt>
			<trkpt lat="48.89865" lon="-0.53911">
				<ele>160.9</ele>
			</trkpt>
			<trkpt lat="48.89827" lon="-0.53897">
				<ele>160.9</ele>
			</trkpt>
			<trkpt lat="48.89776" lon="-0.53917">
				<ele>151</ele>
			</trkpt>
			<trkpt lat="48.89763" lon="-0.53916">
				<ele>151</ele>
			</trkpt>
			<trkpt lat="48.89687" lon="-0.53893">
				<ele>151</ele>
			</trkpt>
			<trkpt lat="48.89574" lon="-0.53942">
				<ele>151</ele>
			</trkpt>
			<trkpt lat="48.89519" lon="-0.53984">
				<ele>151</ele>
			</trkpt>
			<trkpt lat="48.89502" lon="-0.5398">
				<ele>151</ele>
			</trkpt>
			<trkpt lat="48.89469" lon="-0.53952">
				<ele>151</ele>
			</trkpt>
			<trkpt lat="48.89429" lon="-0.5395">
				<ele>151</ele>
			</trkpt>
			<trkpt lat="48.89399" lon="-0.53968">
				<ele>151</ele>
			</trkpt>
			<trkpt lat="48.89366" lon="-0.54009">
				<ele>151</ele>
			</trkpt>
			<trkpt lat="48.89315" lon="-0.5404">
				<ele>151</ele>
			</trkpt>
			<trkpt lat="48.89188" lon="-0.54076">
				<ele>151</ele>
			</trkpt>
			<trkpt lat="48.89155" lon="-0.54067">
				<ele>151</ele>
			</trkpt>
			<trkpt lat="48.8914" lon="-0.54076">
				<ele>134.42</ele>
			</trkpt>
			<trkpt lat="48.89129" lon="-0.54093">
				<ele>134.42</ele>
			</trkpt>
			<trkpt lat="48.89087" lon="-0.5432">
				<ele>134.42</ele>
			</trkpt>
			<trkpt lat="48.89067" lon="-0.54345">
				<ele>134.42</ele>
			</trkpt>
			<trkpt lat="48.89" lon="-0.54194">
				<ele>134.42</ele>
			</trkpt>
			<trkpt lat="48.88982" lon="-0.54166">
				<ele>134.42</ele>
			</trkpt>
			<trkpt lat="48.88849" lon="-0.54057">
				<ele>134.42</ele>
			</trkpt>
			<trkpt lat="48.88796" lon="-0.54016">
				<ele>134.42</ele>
			</trkpt>
			<trkpt lat="48.88706" lon="-0.54196">
				<ele>134.42</ele>
			</trkpt>
			<trkpt lat="48.88606" lon="-0.5443">
				<ele>134.42</ele>
			</trkpt>
			<trkpt lat="48.88575" lon="-0.54494">
				<ele>134.42</ele>
			</trkpt>
			<trkpt lat="48.88546" lon="-0.54538">
				<ele>134.42</ele>
			</trkpt>
			<trkpt lat="48.88396" lon="-0.54686">
				<ele>134.42</ele>
			</trkpt>
			<trkpt lat="48.88364" lon="-0.54739">
				<ele>82.02</ele>
			</trkpt>
			<trkpt lat="48.88336" lon="-0.54815">
				<ele>82.02</ele>
			</trkpt>
			<trkpt lat="48.88274" lon="-0.55055">
				<ele>82.02</ele>
			</trkpt>
			<trkpt lat="48.88252" lon="-0.55111">
				<ele>82.02</ele>
			</trkpt>
			<trkpt lat="48.88204" lon="-0.5509">
				<ele>82.02</ele>
			</trkpt>
			<trkpt lat="48.88159" lon="-0.55081">
				<ele>82.02</ele>
			</trkpt>
			<trkpt lat="48.88067" lon="-0.55034">
				<ele>82.02</ele>
			</trkpt>
			<trkpt lat="48.88052" lon="-0.55032">
				<ele>82.02</ele>
			</trkpt>
			<trkpt lat="48.88043" lon="-0.55015">
				<ele>82.02</ele>
			</trkpt>
			<trkpt lat="48.87997" lon="-0.54985">
				<ele>82.02</ele>
			</trkpt>
			<trkpt lat="48.87989" lon="-0.54974">
				<ele>82.02</ele>
			</trkpt>
			<trkpt lat="48.87985" lon="-0.54953">
				<ele>82.02</ele>
			</trkpt>
			<trkpt lat="48.87987" lon="-0.54885">
				<ele>82.02</ele>
			</trkpt>
			<trkpt lat="48.88019" lon="-0.54713">
				<ele>162.52</ele>
			</trkpt>
			<trkpt lat="48.88029" lon="-0.5453">
				<ele>162.52</ele>
			</trkpt>
			<trkpt lat="48.8804" lon="-0.54482">
				<ele>162.52</ele>
			</trkpt>
			<trkpt lat="48.88075" lon="-0.54417">
				<ele>162.52</ele>
			</trkpt>
			<trkpt lat="48.881" lon="-0.54387">
				<ele>162.52</ele>
			</trkpt>
			<trkpt lat="48.88136" lon="-0.54327">
				<ele>162.52</ele>
			</trkpt>
			<trkpt lat="48.88204" lon="-0.54178">
				<ele>162.52</ele>
			</trkpt>
			<trkpt lat="48.88271" lon="-0.54048">
				<ele>162.52</ele>
			</trkpt>
			<trkpt lat="48.88315" lon="-0.53917">
				<ele>162.52</ele>
			</trkpt>
			<trkpt lat="48.88357" lon="-0.53826">
				<ele>162.52</ele>
			</trkpt>
			<trkpt lat="48.88359" lon="-0.53793">
				<ele>162.52</ele>
			</trkpt>
			<trkpt lat="48.88353" lon="-0.53684">
				<ele>162.52</ele>
			</trkpt>
			<trkpt lat="48.88327" lon="-0.53685">
				<ele>162.52</ele>
			</trkpt>
			<trkpt lat="48.88319" lon="-0.53574">
				<ele>190.23</ele>
			</trkpt>
			<trkpt lat="48.88259" lon="-0.53324">
				<ele>190.23</ele>
			</trkpt>
			<trkpt lat="48.88238" lon="-0.5313">
				<ele>190.23</ele>
			</trkpt>
			<trkpt lat="48.88204" lon="-0.52992">
				<ele>190.23</ele>
			</trkpt>
			<trkpt lat="48.88156" lon="-0.52909">
				<ele>190.23</ele>
			</trkpt>
			<trkpt lat="48.88142" lon="-0.52869">
				<ele>190.23</ele>
			</trkpt>
			<trkpt lat="48.88128" lon="-0.52794">
				<ele>190.23</ele>
			</trkpt>
			<trkpt lat="48.88062" lon="-0.5267">
				<ele>190.23</ele>
			</trkpt>
			<trkpt lat="48.88037" lon="-0.52657">
				<ele>190.23</ele>
			</trkpt>
			<trkpt lat="48.87994" lon="-0.52666">
				<ele>190.23</ele>
			</trkpt>
			<trkpt lat="48.87938" lon="-0.52624">
				<ele>190.23</ele>
			</trkpt>
			<trkpt lat="48.87922" lon="-0.52601">
				<ele>190.23</ele>
			</trkpt>
			<trkpt lat="48.87809" lon="-0.52345">
				<ele>190.23</ele>
			</trkpt>
			<trkpt lat="48.87792" lon="-0.52317">
				<ele>204.89</ele>
			</trkpt>
			<trkpt lat="48.87683" lon="-0.52206">
				<ele>204.89</ele>
			</trkpt>
			<trkpt lat="48.87576" lon="-0.52134">
				<ele>204.89</ele>
			</trkpt>
			<trkpt lat="48.87468" lon="-0.52085">
				<ele>204.89</ele>
			</trkpt>
			<trkpt lat="48.87242" lon="-0.5195">
				<ele>204.89</ele>
			</trkpt>
			<trkpt lat="48.87162" lon="-0.5208">
				<ele>204.89</ele>
			</trkpt>
			<trkpt lat="48.8709" lon="-0.52164">
				<ele>204.89</ele>
			</trkpt>
			<trkpt lat="48.8705" lon="-0.52227">
				<ele>204.89</ele>
			</trkpt>
			<trkpt lat="48.86945" lon="-0.52416">
				<ele>204.89</ele>
			</trkpt>
			<trkpt lat="48.86757" lon="-0.52668">
				<ele>204.89</ele>
			</trkpt>
			<trkpt lat="48.86762" lon="-0.52442">
				<ele>204.89</ele>
			</trkpt>
			<trkpt lat="48.86759" lon="-0.52403">
				<ele>204.89</ele>
			</trkpt>
			<trkpt lat="48.86764" lon="-0.52352">
				<ele>204.89</ele>
			</trkpt>
			<trkpt lat="48.86785" lon="-0.5225">
				<ele>205.32</ele>
			</trkpt>
			<trkpt lat="48.86784" lon="-0.52218">
				<ele>205.32</ele>
			</trkpt>
			<trkpt lat="48.86766" lon="-0.52185">
				<ele>205.32</ele>
			</trkpt>
			<trkpt lat="48.86732" lon="-0.52162">
				<ele>205.32</ele>
			</trkpt>
			<trkpt lat="48.86684" lon="-0.52095">
				<ele>205.32</ele>
			</trkpt>
			<trkpt lat="48.86678" lon="-0.52067">
				<ele>205.32</ele>
			</trkpt>
			<trkpt lat="48.86625" lon="-0.5218">
				<ele>205.32</ele>
			</trkpt>
			<trkpt lat="48.86599" lon="-0.5227">
				<ele>205.32</ele>
			</trkpt>
			<trkpt lat="48.86548" lon="-0.52393">
				<ele>205.32</ele>
			</trkpt>
			<trkpt lat="48.86468" lon="-0.5251">
				<ele>205.32</ele>
			</trkpt>
			<trkpt lat="48.86454" lon="-0.52541">
				<ele>205.32</ele>
			</trkpt>
			<trkpt lat="48.86401" lon="-0.52606">
				<ele>205.32</ele>
			</trkpt>
			<trkpt lat="48.86395" lon="-0.5262">
				<ele>205.32</ele>
			</trkpt>
			<trkpt lat="48.86392" lon="-0.52671">
				<ele>185.71</ele>
			</trkpt>
			<trkpt lat="48.86337" lon="-0.52847">
				<ele>185.71</ele>
			</trkpt>
			<trkpt lat="48.86314" lon="-0.52934">
				<ele>185.71</ele>
			</trkpt>
			<trkpt lat="48.86218" lon="-0.529">
				<ele>185.71</ele>
			</trkpt>
			<trkpt lat="48.86109" lon="-0.5288">
				<ele>185.71</ele>
			</trkpt>
			<trkpt lat="48.85982" lon="-0.5284">
				<ele>185.71</ele>
			</trkpt>
			<trkpt lat="48.85944" lon="-0.52821">
				<ele>185.71</ele>
			</trkpt>
			<trkpt lat="48.8592" lon="-0.52795">
				<ele>185.71</ele>
			</trkpt>
			<trkpt lat="48.85851" lon="-0.52695">
				<ele>185.71</ele>
			</trkpt>
			<trkpt lat="48.85821" lon="-0.52667">
				<ele>185.71</ele>
			</trkpt>
			<trkpt lat="48.85826" lon="-0.52398">
				<ele>185.71</ele>
			</trkpt>
			<trkpt lat="48.85759" lon="-0.52353">
				<ele>185.71</ele>
			</trkpt>
			<trkpt lat="48.85708" lon="-0.5234">
				<ele>185.71</ele>
			</trkpt>
			<trkpt lat="48.85662" lon="-0.5235">
				<ele>194.84</ele>
			</trkpt>
			<trkpt lat="48.85662" lon="-0.52277">
				<ele>194.84</ele>
			</trkpt>
			<trkpt lat="48.85684" lon="-0.52212">
				<ele>194.84</ele>
			</trkpt>
			<trkpt lat="48.85704" lon="-0.52186">
				<ele>194.84</ele>
			</trkpt>
			<trkpt lat="48.85718" lon="-0.52179">
				<ele>194.84</ele>
			</trkpt>
			<trkpt lat="48.85753" lon="-0.52174">
				<ele>194.84</ele>
			</trkpt>
			<trkpt lat="48.85786" lon="-0.52188">
				<ele>194.84</ele>
			</trkpt>
			<trkpt lat="48.85806" lon="-0.52144">
				<ele>194.84</ele>
			</trkpt>
			<trkpt lat="48.85749" lon="-0.52097">
				<ele>194.84</ele>
			</trkpt>
			<trkpt lat="48.85742" lon="-0.5208">
				<ele>194.84</ele>
			</trkpt>
			<trkpt lat="48.8568" lon="-0.52082">
				<ele>194.84</ele>
			</trkpt>
			<trkpt lat="48.85649" lon="-0.52098">
				<ele>194.84</ele>
			</trkpt>
			<trkpt lat="48.85607" lon="-0.52146">
				<ele>194.84</ele>
			</trkpt>
			<trkpt lat="48.85501" lon="-0.52233">
				<ele>201.24</ele>
			</trkpt>
			<trkpt lat="48.85462" lon="-0.52253">
				<ele>201.24</ele>
			</trkpt>
			<trkpt lat="48.85379" lon="-0.52265">
				<ele>201.24</ele>
			</trkpt>
			<trkpt lat="48.85338" lon="-0.52265">
				<ele>201.24</ele>
			</trkpt>
			<trkpt lat="48.85229" lon="-0.52313">
				<ele>201.24</ele>
			</trkpt>
			<trkpt lat="48.85184" lon="-0.52321">
				<ele>201.24</ele>
			</trkpt>
			<trkpt lat="48.851" lon="-0.52358">
				<ele>201.24</ele>
			</trkpt>
			<trkpt lat="48.85028" lon="-0.52197">
				<ele>201.24</ele>
			</trkpt>
			<trkpt lat="48.85004" lon="-0.52152">
				<ele>201.24</ele>
			</trkpt>
			<trkpt lat="48.84984" lon="-0.52126">
				<ele>201.24</ele>
			</trkpt>
			<trkpt lat="48.84972" lon="-0.52089">
				<ele>201.24</ele>
			</trkpt>
			<trkpt lat="48.84974" lon="-0.52071">
				<ele>201.24</ele>
			</trkpt>
			<trkpt lat="48.85004" lon="-0.51983">
				<ele>201.24</ele>
			</trkpt>
			<trkpt lat="48.85016" lon="-0.51922">
				<ele>212.75</ele>
			</trkpt>
			<trkpt lat="48.85026" lon="-0.51821">
				<ele>212.75</ele>
			</trkpt>
			<trkpt lat="48.85007" lon="-0.51818">
				<ele>212.75</ele>
			</trkpt>
			<trkpt lat="48.84993" lon="-0.51823">
				<ele>212.75</ele>
			</trkpt>
			<trkpt lat="48.84964" lon="-0.51841">
				<ele>212.75</ele>
			</trkpt>
			<trkpt lat="48.84946" lon="-0.51861">
				<ele>212.75</ele>
			</trkpt>
			<trkpt lat="48.8491" lon="-0.5193">
				<ele>212.75</ele>
			</trkpt>
			<trkpt lat="48.84889" lon="-0.52017">
				<ele>212.75</ele>
			</trkpt>
			<trkpt lat="48.84811" lon="-0.52172">
				<ele>212.75</ele>
			</trkpt>
			<trkpt lat="48.84767" lon="-0.52293">
				<ele>212.75</ele>
			</trkpt>
			<trkpt lat="48.84741" lon="-0.52339">
				<ele>212.75</ele>
			</trkpt>
			<trkpt lat="48.84641" lon="-0.52461">
				<ele>212.75</ele>
			</trkpt>
			<trkpt lat="48.84606" lon="-0.52529">
				<ele>212.75</ele>
			</trkpt>
			<trkpt lat="48.84594" lon="-0.52488">
				<ele>219.45</ele>
			</trkpt>
			<trkpt lat="48.84586" lon="-0.52476">
				<ele>219.45</ele>
			</trkpt>
			<trkpt lat="48.84524" lon="-0.52542">
				<ele>219.45</ele>
			</trkpt>
			<trkpt lat="48.84465" lon="-0.52555">
				<ele>219.45</ele>
			</trkpt>
			<trkpt lat="48.84447" lon="-0.52567">
				<ele>219.45</ele>
			</trkpt>
			<trkpt lat="48.84329" lon="-0.52683">
				<ele>219.45</ele>
			</trkpt>
			<trkpt lat="48.84317" lon="-0.52667">
				<ele>219.45</ele>
			</trkpt>
			<trkpt lat="48.84223" lon="-0.52587">
				<ele>219.45</ele>
			</trkpt>
			<trkpt lat="48.84159" lon="-0.52572">
				<ele>219.45</ele>
			</trkpt>
			<trkpt lat="48.84116" lon="-0.52532">
				<ele>219.45</ele>
			</trkpt>
			<trkpt lat="48.8408" lon="-0.52508">
				<ele>219.45</ele>
			</trkpt>
			<trkpt lat="48.84025" lon="-0.52486">
				<ele>219.45</ele>
			</trkpt>
			<trkpt lat="48.83965" lon="-0.52496">
				<ele>219.45</ele>
			</trkpt>
			<trkpt lat="48.83803" lon="-0.5257">
				<ele>237.62</ele>
			</trkpt>
			<trkpt lat="48.83689" lon="-0.5266">
				<ele>237.62</ele>
			</trkpt>
			<trkpt lat="48.83551" lon="-0.52732">
				<ele>237.62</ele>
			</trkpt>
			<trkpt lat="48.83519" lon="-0.52757">
				<ele>237.62</ele>
			</trkpt>
			<trkpt lat="48.83449" lon="-0.528">
				<ele>237.62</ele>
			</trkpt>
			<trkpt lat="48.83423" lon="-0.52824">
				<ele>237.62</ele>
			</trkpt>
			<trkpt lat="48.83399" lon="-0.52849">
				<ele>237.62</ele>
			</trkpt>
			<trkpt lat="48.8341" lon="-0.52875">
				<ele>237.62</ele>
			</trkpt>
			<trkpt lat="48.83341" lon="-0.53018">
				<ele>237.62</ele>
			</trkpt>
			<trkpt lat="48.83297" lon="-0.53149">
				<ele>237.62</ele>
			</trkpt>
			<trkpt lat="48.83262" lon="-0.5328">
				<ele>237.62</ele>
			</trkpt>
			<trkpt lat="48.83235" lon="-0.5344">
				<ele>237.62</ele>
			</trkpt>
			<trkpt lat="48.83109" lon="-0.53746">
				<ele>237.62</ele>
			</trkpt>
			<trkpt lat="48.82977" lon="-0.54002">
				<ele>248.31</ele>
			</trkpt>
			<trkpt lat="48.8294" lon="-0.54085">
				<ele>248.31</ele>
			</trkpt>
			<trkpt lat="48.82878" lon="-0.54212">
				<ele>248.31</ele>
			</trkpt>
			<trkpt lat="48.82849" lon="-0.5425">
				<ele>248.31</ele>
			</trkpt>
			<trkpt lat="48.82795" lon="-0.54303">
				<ele>248.31</ele>
			</trkpt>
			<trkpt lat="48.82705" lon="-0.54422">
				<ele>248.31</ele>
			</trkpt>
			<trkpt lat="48.82687" lon="-0.54441">
				<ele>248.31</ele>
			</trkpt>
			<trkpt lat="48.82396" lon="-0.54651">
				<ele>248.31</ele>
			</trkpt>
			<trkpt lat="48.8228" lon="-0.54607">
				<ele>248.31</ele>
			</trkpt>
			<trkpt lat="48.8212" lon="-0.54626">
				<ele>248.31</ele>
			</trkpt>
			<trkpt lat="48.82045" lon="-0.54643">
				<ele>248.31</ele>
			</trkpt>
			<trkpt lat="48.81893" lon="-0.54695">
				<ele>248.31</ele>
			</trkpt>
			<trkpt lat="48.81715" lon="-0.54731">
				<ele>248.31</ele>
			</trkpt>
			<trkpt lat="48.81666" lon="-0.54753">
				<ele>244.32</ele>
			</trkpt>
			<trkpt lat="48.81577" lon="-0.54771">
				<ele>244.32</ele>
			</trkpt>
			<trkpt lat="48.81466" lon="-0.54756">
				<ele>244.32</ele>
			</trkpt>
			<trkpt lat="48.81344" lon="-0.54699">
				<ele>244.32</ele>
			</trkpt>
			<trkpt lat="48.81092" lon="-0.54702">
				<ele>244.32</ele>
			</trkpt>
			<trkpt lat="48.81063" lon="-0.54696">
				<ele>244.32</ele>
			</trkpt>
			<trkpt lat="48.81016" lon="-0.54659">
				<ele>244.32</ele>
			</trkpt>
			<trkpt lat="48.80954" lon="-0.54507">
				<ele>244.32</ele>
			</trkpt>
			<trkpt lat="48.80872" lon="-0.54358">
				<ele>244.32</ele>
			</trkpt>
			<trkpt lat="48.80853" lon="-0.54339">
				<ele>244.32</ele>
			</trkpt>
			<trkpt lat="48.80732" lon="-0.54305">
				<ele>244.32</ele>
			</trkpt>
			<trkpt lat="48.80692" lon="-0.5431">
				<ele>244.32</ele>
			</trkpt>
			<trkpt lat="48.80692" lon="-0.54231">
				<ele>244.32</ele>
			</trkpt>
			<trkpt lat="48.80715" lon="-0.54204">
				<ele>205.74</ele>
			</trkpt>
			<trkpt lat="48.80708" lon="-0.54188">
				<ele>205.74</ele>
			</trkpt>
			<trkpt lat="48.80702" lon="-0.54168">
				<ele>205.74</ele>
			</trkpt>
			<trkpt lat="48.80688" lon="-0.54147">
				<ele>205.74</ele>
			</trkpt>
			<trkpt lat="48.80645" lon="-0.54203">
				<ele>205.74</ele>
			</trkpt>
			<trkpt lat="48.8058" lon="-0.54249">
				<ele>205.74</ele>
			</trkpt>
			<trkpt lat="48.80536" lon="-0.54259">
				<ele>205.74</ele>
			</trkpt>
			<trkpt lat="48.80465" lon="-0.54249">
				<ele>205.74</ele>
			</trkpt>
			<trkpt lat="48.80382" lon="-0.54222">
				<ele>205.74</ele>
			</trkpt>
			<trkpt lat="48.80319" lon="-0.54169">
				<ele>205.74</ele>
			</trkpt>
			<trkpt lat="48.80255" lon="-0.54068">
				<ele>205.74</ele>
			</trkpt>
			<trkpt lat="48.80227" lon="-0.54057">
				<ele>205.74</ele>
			</trkpt>
			<trkpt lat="48.80076" lon="-0.53882">
				<ele>205.74</ele>
			</trkpt>
			<trkpt lat="48.80015" lon="-0.5382">
				<ele>213.03</ele>
			</trkpt>
			<trkpt lat="48.79974" lon="-0.53761">
				<ele>213.03</ele>
			</trkpt>
			<trkpt lat="48.79936" lon="-0.53714">
				<ele>213.03</ele>
			</trkpt>
			<trkpt lat="48.79887" lon="-0.53677">
				<ele>213.03</ele>
			</trkpt>
			<trkpt lat="48.79833" lon="-0.53651">
				<ele>213.03</ele>
			</trkpt>
			<trkpt lat="48.79793" lon="-0.53644">
				<ele>213.03</ele>
			</trkpt>
			<trkpt lat="48.79617" lon="-0.53521">
				<ele>213.03</ele>
			</trkpt>
			<trkpt lat="48.7943" lon="-0.53402">
				<ele>213.03</ele>
			</trkpt>
			<trkpt lat="48.79388" lon="-0.53384">
				<ele>213.03</ele>
			</trkpt>
			<trkpt lat="48.79229" lon="-0.53367">
				<ele>213.03</ele>
			</trkpt>
			<trkpt lat="48.79178" lon="-0.53346">
				<ele>213.03</ele>
			</trkpt>
			<trkpt lat="48.79145" lon="-0.53321">
				<ele>213.03</ele>
			</trkpt>
			<trkpt lat="48.79102" lon="-0.53299">
				<ele>213.03</ele>
			</trkpt>
			<trkpt lat="48.79041" lon="-0.53242">
				<ele>204.01</ele>
			</trkpt>
			<trkpt lat="48.78988" lon="-0.53203">
				<ele>204.01</ele>
			</trkpt>
			<trkpt lat="48.789" lon="-0.53218">
				<ele>204.01</ele>
			</trkpt>
			<trkpt lat="48.78803" lon="-0.53204">
				<ele>204.01</ele>
			</trkpt>
			<trkpt lat="48.78755" lon="-0.53219">
				<ele>204.01</ele>
			</trkpt>
			<trkpt lat="48.7875" lon="-0.53407">
				<ele>204.01</ele>
			</trkpt>
			<trkpt lat="48.78725" lon="-0.539">
				<ele>204.01</ele>
			</trkpt>
			<trkpt lat="48.78461" lon="-0.53782">
				<ele>204.01</ele>
			</trkpt>
			<trkpt lat="48.78406" lon="-0.53872">
				<ele>204.01</ele>
			</trkpt>
			<trkpt lat="48.78383" lon="-0.53857">
				<ele>204.01</ele>
			</trkpt>
			<trkpt lat="48.78348" lon="-0.53814">
				<ele>204.01</ele>
			</trkpt>
			<trkpt lat="48.78299" lon="-0.53802">
				<ele>204.01</ele>
			</trkpt>
			<trkpt lat="48.78289" lon="-0.53785">
				<ele>204.01</ele>
			</trkpt>
			<trkpt lat="48.78284" lon="-0.53761">
				<ele>215.91</ele>
			</trkpt>
			<trkpt lat="48.78267" lon="-0.53747">
				<ele>215.91</ele>
			</trkpt>
			<trkpt lat="48.78216" lon="-0.53707">
				<ele>215.91</ele>
			</trkpt>
			<trkpt lat="48.78162" lon="-0.53677">
				<ele>215.91</ele>
			</trkpt>
			<trkpt lat="48.78078" lon="-0.53611">
				<ele>215.91</ele>
			</trkpt>
			<trkpt lat="48.78062" lon="-0.53593">
				<ele>215.91</ele>
			</trkpt>
			<trkpt lat="48.78049" lon="-0.53559">
				<ele>215.91</ele>
			</trkpt>
			<trkpt lat="48.78039" lon="-0.53547">
				<ele>215.91</ele>
			</trkpt>
			<trkpt lat="48.78005" lon="-0.53545">
				<ele>215.91</ele>
			</trkpt>
			<trkpt lat="48.77865" lon="-0.53531">
				<ele>215.91</ele>
			</trkpt>
			<trkpt lat="48.77804" lon="-0.5358">
				<ele>215.91</ele>
			</trkpt>
			<trkpt lat="48.7776" lon="-0.53634">
				<ele>215.91</ele>
			</trkpt>
			<trkpt lat="48.77737" lon="-0.53702">
				<ele>215.91</ele>
			</trkpt>
			<trkpt lat="48.7771" lon="-0.53742">
				<ele>205.59</ele>
			</trkpt>
			<trkpt lat="48.77683" lon="-0.53769">
				<ele>205.59</ele>
			</trkpt>
			<trkpt lat="48.77565" lon="-0.5378">
				<ele>205.59</ele>
			</trkpt>
			<trkpt lat="48.77557" lon="-0.5371">
				<ele>205.59</ele>
			</trkpt>
			<trkpt lat="48.77584" lon="-0.53639">
				<ele>205.59</ele>
			</trkpt>
			<trkpt lat="48.7757" lon="-0.5358">
				<ele>205.59</ele>
			</trkpt>
			<trkpt lat="48.77502" lon="-0.53256">
				<ele>205.59</ele>
			</trkpt>
			<trkpt lat="48.7748" lon="-0.53214">
				<ele>205.59</ele>
			</trkpt>
			<trkpt lat="48.77465" lon="-0.53184">
				<ele>205.59</ele>
			</trkpt>
			<trkpt lat="48.77425" lon="-0.53133">
				<ele>205.59</ele>
			</trkpt>
			<trkpt lat="48.77354" lon="-0.53077">
				<ele>205.59</ele>
			</trkpt>
			<trkpt lat="48.77281" lon="-0.52994">
				<ele>205.59</ele>
			</trkpt>
			<trkpt lat="48.7726" lon="-0.5296">
				<ele>205.59</ele>
			</trkpt>
			<trkpt lat="48.77253" lon="-0.52941">
				<ele>203.57</ele>
			</trkpt>
			<trkpt lat="48.77253" lon="-0.52862">
				<ele>203.57</ele>
			</trkpt>
			<trkpt lat="48.77235" lon="-0.5278">
				<ele>203.57</ele>
			</trkpt>
			<trkpt lat="48.77211" lon="-0.52741">
				<ele>203.57</ele>
			</trkpt>
			<trkpt lat="48.77165" lon="-0.52595">
				<ele>203.57</ele>
			</trkpt>
			<trkpt lat="48.77114" lon="-0.5242">
				<ele>203.57</ele>
			</trkpt>
			<trkpt lat="48.77075" lon="-0.52237">
				<ele>203.57</ele>
			</trkpt>
			<trkpt lat="48.77063" lon="-0.52199">
				<ele>203.57</ele>
			</trkpt>
			<trkpt lat="48.77047" lon="-0.5217">
				<ele>203.57</ele>
			</trkpt>
			<trkpt lat="48.76976" lon="-0.52121">
				<ele>203.57</ele>
			</trkpt>
			<trkpt lat="48.76954" lon="-0.52091">
				<ele>203.57</ele>
			</trkpt>
			<trkpt lat="48.76931" lon="-0.52035">
				<ele>203.57</ele>
			</trkpt>
			<trkpt lat="48.76904" lon="-0.5203">
				<ele>203.57</ele>
			</trkpt>
			<trkpt lat="48.76891" lon="-0.52034">
				<ele>216.57</ele>
			</trkpt>
			<trkpt lat="48.76861" lon="-0.52058">
				<ele>216.57</ele>
			</trkpt>
			<trkpt lat="48.76823" lon="-0.52072">
				<ele>216.57</ele>
			</trkpt>
			<trkpt lat="48.76685" lon="-0.52143">
				<ele>216.57</ele>
			</trkpt>
			<trkpt lat="48.76565" lon="-0.5223">
				<ele>216.57</ele>
			</trkpt>
			<trkpt lat="48.76532" lon="-0.52243">
				<ele>216.57</ele>
			</trkpt>
			<trkpt lat="48.76473" lon="-0.52232">
				<ele>216.57</ele>
			</trkpt>
			<trkpt lat="48.7639" lon="-0.52203">
				<ele>216.57</ele>
			</trkpt>
			<trkpt lat="48.76405" lon="-0.52382">
				<ele>216.57</ele>
			</trkpt>
			<trkpt lat="48.76276" lon="-0.52472">
				<ele>216.57</ele>
			</trkpt>
			<trkpt lat="48.76231" lon="-0.52493">
				<ele>216.57</ele>
			</trkpt>
			<trkpt lat="48.76146" lon="-0.52559">
				<ele>216.57</ele>
			</trkpt>
			<trkpt lat="48.76039" lon="-0.52661">
				<ele>216.57</ele>
			</trkpt>
			<trkpt lat="48.75988" lon="-0.52718">
				<ele>198.94</ele>
			</trkpt>
			<trkpt lat="48.7598" lon="-0.52734">
				<ele>198.94</ele>
			</trkpt>
			<trkpt lat="48.75973" lon="-0.52772">
				<ele>198.94</ele>
			</trkpt>
			<trkpt lat="48.75963" lon="-0.5277">
				<ele>198.94</ele>
			</trkpt>
			<trkpt lat="48.75866" lon="-0.527">
				<ele>198.94</ele>
			</trkpt>
			<trkpt lat="48.75824" lon="-0.52703">
				<ele>198.94</ele>
			</trkpt>
			<trkpt lat="48.75803" lon="-0.52704">
				<ele>198.94</ele>
			</trkpt>
			<trkpt lat="48.75778" lon="-0.52709">
				<ele>198.94</ele>
			</trkpt>
			<trkpt lat="48.75718" lon="-0.52728">
				<ele>198.94</ele>
			</trkpt>
			<trkpt lat="48.75671" lon="-0.52728">
				<ele>198.94</ele>
			</trkpt>
			<trkpt lat="48.75603" lon="-0.52764">
				<ele>198.94</ele>
			</trkpt>
			<trkpt lat="48.75592" lon="-0.52862">
				<ele>198.94</ele>
			</trkpt>
			<trkpt lat="48.75569" lon="-0.5284">
				<ele>198.94</ele>
			</trkpt>
			<trkpt lat="48.75558" lon="-0.52838">
				<ele>202.15</ele>
			</trkpt>
			<trkpt lat="48.75546" lon="-0.52778">
				<ele>202.15</ele>
			</trkpt>
			<trkpt lat="48.75431" lon="-0.5267">
				<ele>202.15</ele>
			</trkpt>
			<trkpt lat="48.75389" lon="-0.52656">
				<ele>202.15</ele>
			</trkpt>
			<trkpt lat="48.75347" lon="-0.52632">
				<ele>202.15</ele>
			</trkpt>
			<trkpt lat="48.75285" lon="-0.52608">
				<ele>202.15</ele>
			</trkpt>
			<trkpt lat="48.75246" lon="-0.52608">
				<ele>202.15</ele>
			</trkpt>
			<trkpt lat="48.75239" lon="-0.52634">
				<ele>202.15</ele>
			</trkpt>
			<trkpt lat="48.7509" lon="-0.52801">
				<ele>202.15</ele>
			</trkpt>
			<trkpt lat="48.75048" lon="-0.52829">
				<ele>202.15</ele>
			</trkpt>
			<trkpt lat="48.74934" lon="-0.5293">
				<ele>202.15</ele>
			</trkpt>
			<trkpt lat="48.74897" lon="-0.52982">
				<ele>202.15</ele>
			</trkpt>
			<trkpt lat="48.74852" lon="-0.53027">
				<ele>202.15</ele>
			</trkpt>
			<trkpt lat="48.74811" lon="-0.53085">
				<ele>198.62</ele>
			</trkpt>
			<trkpt lat="48.7454" lon="-0.53389">
				<ele>198.62</ele>
			</trkpt>
			<trkpt lat="48.74527" lon="-0.53413">
				<ele>198.62</ele>
			</trkpt>
			<trkpt lat="48.74542" lon="-0.53501">
				<ele>198.62</ele>
			</trkpt>
			<trkpt lat="48.74535" lon="-0.53526">
				<ele>198.62</ele>
			</trkpt>
			<trkpt lat="48.74423" lon="-0.53593">
				<ele>198.62</ele>
			</trkpt>
			<trkpt lat="48.74354" lon="-0.53597">
				<ele>198.62</ele>
			</trkpt>
			<trkpt lat="48.74335" lon="-0.53525">
				<ele>198.62</ele>
			</trkpt>
			<trkpt lat="48.74295" lon="-0.53612">
				<ele>198.62</ele>
			</trkpt>
			<trkpt lat="48.74154" lon="-0.53776">
				<ele>198.62</ele>
			</trkpt>
			<trkpt lat="48.7414" lon="-0.53779">
				<ele>198.62</ele>
			</trkpt>
			<trkpt lat="48.74096" lon="-0.53761">
				<ele>198.62</ele>
			</trkpt>
			<trkpt lat="48.74021" lon="-0.53763">
				<ele>198.62</ele>
			</trkpt>
			<trkpt lat="48.73976" lon="-0.5375">
				<ele>184.82</ele>
			</trkpt>
			<trkpt lat="48.73941" lon="-0.53751">
				<ele>184.82</ele>
			</trkpt>
			<trkpt lat="48.73921" lon="-0.5376">
				<ele>184.82</ele>
			</trkpt>
			<trkpt lat="48.73875" lon="-0.53808">
				<ele>184.82</ele>
			</trkpt>
			<trkpt lat="48.73643" lon="-0.54202">
				<ele>184.82</ele>
			</trkpt>
			<trkpt lat="48.73579" lon="-0.5433">
				<ele>184.82</ele>
			</trkpt>
			<trkpt lat="48.7355" lon="-0.54363">
				<ele>184.82</ele>
			</trkpt>
			<trkpt lat="48.73499" lon="-0.54314">
				<ele>184.82</ele>
			</trkpt>
			<trkpt lat="48.73396" lon="-0.54466">
				<ele>184.82</ele>
			</trkpt>
			<trkpt lat="48.73405" lon="-0.54665">
				<ele>184.82</ele>
			</trkpt>
			<trkpt lat="48.73404" lon="-0.54742">
				<ele>184.82</ele>
			</trkpt>
			<trkpt lat="48.73395" lon="-0.54835">
				<ele>184.82</ele>
			</trkpt>
			<trkpt lat="48.7338" lon="-0.54931">
				<ele>184.82</ele>
			</trkpt>
			<trkpt lat="48.73376" lon="-0.55035">
				<ele>184.82</ele>
			</trkpt>
			<trkpt lat="48.73359" lon="-0.55151">
				<ele>202.84</ele>
			</trkpt>
			<trkpt lat="48.73335" lon="-0.55231">
				<ele>202.84</ele>
			</trkpt>
			<trkpt lat="48.73234" lon="-0.55437">
				<ele>202.84</ele>
			</trkpt>
			<trkpt lat="48.73212" lon="-0.55426">
				<ele>202.84</ele>
			</trkpt>
			<trkpt lat="48.73185" lon="-0.55392">
				<ele>202.84</ele>
			</trkpt>
			<trkpt lat="48.73147" lon="-0.5536">
				<ele>202.84</ele>
			</trkpt>
			<trkpt lat="48.73086" lon="-0.55345">
				<ele>202.84</ele>
			</trkpt>
			<trkpt lat="48.73036" lon="-0.55357">
				<ele>202.84</ele>
			</trkpt>
			<trkpt lat="48.73014" lon="-0.55352">
				<ele>202.84</ele>
			</trkpt>
			<trkpt lat="48.72987" lon="-0.55332">
				<ele>202.84</ele>
			</trkpt>
			<trkpt lat="48.72953" lon="-0.55286">
				<ele>202.84</ele>
			</trkpt>
			<trkpt lat="48.72942" lon="-0.55248">
				<ele>202.84</ele>
			</trkpt>
			<trkpt lat="48.72916" lon="-0.55088">
				<ele>202.84</ele>
			</trkpt>
			<trkpt lat="48.72899" lon="-0.55127">
				<ele>193.28</ele>
			</trkpt>
			<trkpt lat="48.72881" lon="-0.55147">
				<ele>193.28</ele>
			</trkpt>
			<trkpt lat="48.72817" lon="-0.55175">
				<ele>193.28</ele>
			</trkpt>
			<trkpt lat="48.72764" lon="-0.55209">
				<ele>193.28</ele>
			</trkpt>
			<trkpt lat="48.7266" lon="-0.55286">
				<ele>193.28</ele>
			</trkpt>
			<trkpt lat="48.72623" lon="-0.55354">
				<ele>193.28</ele>
			</trkpt>
			<trkpt lat="48.72603" lon="-0.55378">
				<ele>193.28</ele>
			</trkpt>
			<trkpt lat="48.72563" lon="-0.55401">
				<ele>193.28</ele>
			</trkpt>
			<trkpt lat="48.725" lon="-0.55417">
				<ele>193.28</ele>
			</trkpt>
			<trkpt lat="48.72486" lon="-0.55426">
				<ele>193.28</ele>
			</trkpt>
			<trkpt lat="48.72483" lon="-0.55459">
				<ele>193.28</ele>
			</trkpt>
			<trkpt lat="48.72159" lon="-0.556">
				<ele>193.28</ele>
			</trkpt>
			<trkpt lat="48.71998" lon="-0.55591">
				<ele>193.28</ele>
			</trkpt>
			<trkpt lat="48.71928" lon="-0.5556">
				<ele>187.16</ele>
			</trkpt>
			<trkpt lat="48.71477" lon="-0.55186">
				<ele>187.16</ele>
			</trkpt>
			<trkpt lat="48.71289" lon="-0.55024">
				<ele>187.16</ele>
			</trkpt>
			<trkpt lat="48.71119" lon="-0.54899">
				<ele>187.16</ele>
			</trkpt>
			<trkpt lat="48.71071" lon="-0.54869">
				<ele>187.16</ele>
			</trkpt>
			<trkpt lat="48.70973" lon="-0.54838">
				<ele>187.16</ele>
			</trkpt>
			<trkpt lat="48.70819" lon="-0.54833">
				<ele>187.16</ele>
			</trkpt>
			<trkpt lat="48.70731" lon="-0.54855">
				<ele>187.16</ele>
			</trkpt>
			<trkpt lat="48.70711" lon="-0.54858">
				<ele>187.16</ele>
			</trkpt>
			<trkpt lat="48.70383" lon="-0.55052">
				<ele>187.16</ele>
			</trkpt>
			<trkpt lat="48.6893" lon="-0.55969">
				<ele>187.16</ele>
			</trkpt>
			<trkpt lat="48.68788" lon="-0.56045">
				<ele>187.16</ele>
			</trkpt>
			<trkpt lat="48.68689" lon="-0.5611">
				<ele>187.16</ele>
			</trkpt>
			<trkpt lat="48.68639" lon="-0.56155">
				<ele>213.17</ele>
			</trkpt>
			<trkpt lat="48.68593" lon="-0.56209">
				<ele>213.17</ele>
			</trkpt>
			<trkpt lat="48.68222" lon="-0.5672">
				<ele>213.17</ele>
			</trkpt>
			<trkpt lat="48.68167" lon="-0.56819">
				<ele>213.17</ele>
			</trkpt>
			<trkpt lat="48.68131" lon="-0.56903">
				<ele>213.17</ele>
			</trkpt>
			<trkpt lat="48.67933" lon="-0.57313">
				<ele>213.17</ele>
			</trkpt>
			<trkpt lat="48.67816" lon="-0.57689">
				<ele>213.17</ele>
			</trkpt>
			<trkpt lat="48.67773" lon="-0.57808">
				<ele>213.17</ele>
			</trkpt>
			<trkpt lat="48.67738" lon="-0.57884">
				<ele>213.17</ele>
			</trkpt>
			<trkpt lat="48.67706" lon="-0.57937">
				<ele>213.17</ele>
			</trkpt>
			<trkpt lat="48.67625" lon="-0.58039">
				<ele>213.17</ele>
			</trkpt>
			<trkpt lat="48.67559" lon="-0.58098">
				<ele>213.17</ele>
			</trkpt>
			<trkpt lat="48.67517" lon="-0.58129">
				<ele>213.17</ele>
			</trkpt>
			<trkpt lat="48.67467" lon="-0.58157">
				<ele>227.8</ele>
			</trkpt>
			<trkpt lat="48.67409" lon="-0.58173">
				<ele>227.8</ele>
			</trkpt>
			<trkpt lat="48.67287" lon="-0.58198">
				<ele>227.8</ele>
			</trkpt>
			<trkpt lat="48.67201" lon="-0.58201">
				<ele>227.8</ele>
			</trkpt>
			<trkpt lat="48.67163" lon="-0.58209">
				<ele>227.8</ele>
			</trkpt>
			<trkpt lat="48.67135" lon="-0.58226">
				<ele>227.8</ele>
			</trkpt>
			<trkpt lat="48.67079" lon="-0.58232">
				<ele>227.8</ele>
			</trkpt>
			<trkpt lat="48.66962" lon="-0.58233">
				<ele>227.8</ele>
			</trkpt>
			<trkpt lat="48.66901" lon="-0.58219">
				<ele>227.8</ele>
			</trkpt>
			<trkpt lat="48.66809" lon="-0.58183">
				<ele>227.8</ele>
			</trkpt>
			<trkpt lat="48.66619" lon="-0.58042">
				<ele>227.8</ele>
			</trkpt>
			<trkpt lat="48.66558" lon="-0.58005">
				<ele>227.8</ele>
			</trkpt>
			<trkpt lat="48.66513" lon="-0.57991">
				<ele>227.8</ele>
			</trkpt>
			<trkpt lat="48.66145" lon="-0.58005">
				<ele>294.47</ele>
			</trkpt>
			<trkpt lat="48.6549" lon="-0.58055">
				<ele>294.47</ele>
			</trkpt>
			<trkpt lat="48.65388" lon="-0.58078">
				<ele>294.47</ele>
			</trkpt>
			<trkpt lat="48.65314" lon="-0.5811">
				<ele>294.47</ele>
			</trkpt>
			<trkpt lat="48.65255" lon="-0.58143">
				<ele>294.47</ele>
			</trkpt>
			<trkpt lat="48.65172" lon="-0.58162">
				<ele>294.47</ele>
			</trkpt>
			<trkpt lat="48.6505" lon="-0.58135">
				<ele>294.47</ele>
			</trkpt>
			<trkpt lat="48.64953" lon="-0.58098">
				<ele>294.47</ele>
			</trkpt>
			<trkpt lat="48.64657" lon="-0.57996">
				<ele>294.47</ele>
			</trkpt>
			<trkpt lat="48.64562" lon="-0.57989">
				<ele>294.47</ele>
			</trkpt>
			<trkpt lat="48.64477" lon="-0.58022">
				<ele>294.47</ele>
			</trkpt>
			<trkpt lat="48.64424" lon="-0.58066">
				<ele>294.47</ele>
			</trkpt>
			<trkpt lat="48.64413" lon="-0.58023">
				<ele>294.47</ele>
			</trkpt>
			<trkpt lat="48.64466" lon="-0.57907">
				<ele>310.3</ele>
			</trkpt>
			<trkpt lat="48.64485" lon="-0.57801">
				<ele>310.3</ele>
			</trkpt>
			<trkpt lat="48.64486" lon="-0.57566">
				<ele>310.3</ele>
			</trkpt>
			<trkpt lat="48.64473" lon="-0.57347">
				<ele>310.3</ele>
			</trkpt>
			<trkpt lat="48.64467" lon="-0.57155">
				<ele>310.3</ele>
			</trkpt>
			<trkpt lat="48.64472" lon="-0.56974">
				<ele>310.3</ele>
			</trkpt>
			<trkpt lat="48.645" lon="-0.56822">
				<ele>310.3</ele>
			</trkpt>
			<trkpt lat="48.64555" lon="-0.56668">
				<ele>310.3</ele>
			</trkpt>
			<trkpt lat="48.64608" lon="-0.56542">
				<ele>310.3</ele>
			</trkpt>
			<trkpt lat="48.64635" lon="-0.56491">
				<ele>310.3</ele>
			</trkpt>
			<trkpt lat="48.64676" lon="-0.56397">
				<ele>310.3</ele>
			</trkpt>
			<trkpt lat="48.64714" lon="-0.56216">
				<ele>310.3</ele>
			</trkpt>
			<trkpt lat="48.64723" lon="-0.56141">
				<ele>310.3</ele>
			</trkpt>
			<trkpt lat="48.64719" lon="-0.55959">
				<ele>282.13</ele>
			</trkpt>
			<trkpt lat="48.64694" lon="-0.55671">
				<ele>282.13</ele>
			</trkpt>
			<trkpt lat="48.64684" lon="-0.55623">
				<ele>282.13</ele>
			</trkpt>
			<trkpt lat="48.64679" lon="-0.55563">
				<ele>282.13</ele>
			</trkpt>
			<trkpt lat="48.64664" lon="-0.55308">
				<ele>282.13</ele>
			</trkpt>
			<trkpt lat="48.64598" lon="-0.54541">
				<ele>282.13</ele>
			</trkpt>
			<trkpt lat="48.64578" lon="-0.54434">
				<ele>282.13</ele>
			</trkpt>
			<trkpt lat="48.64585" lon="-0.54417">
				<ele>282.13</ele>
			</trkpt>
			<trkpt lat="48.64582" lon="-0.54397">
				<ele>282.13</ele>
			</trkpt>
			<trkpt lat="48.64548" lon="-0.54319">
				<ele>282.13</ele>
			</trkpt>
			<trkpt lat="48.64493" lon="-0.54229">
				<ele>282.13</ele>
			</trkpt>
			<trkpt lat="48.64476" lon="-0.5425">
				<ele>282.13</ele>
			</trkpt>
			<trkpt lat="48.6439" lon="-0.54115">
				<ele>282.13</ele>
			</trkpt>
			<trkpt lat="48.64374" lon="-0.54052">
				<ele>268.34</ele>
			</trkpt>
			<trkpt lat="48.6436" lon="-0.54025">
				<ele>268.34</ele>
			</trkpt>
			<trkpt lat="48.64322" lon="-0.53975">
				<ele>268.34</ele>
			</trkpt>
			<trkpt lat="48.64292" lon="-0.5396">
				<ele>268.34</ele>
			</trkpt>
			<trkpt lat="48.64192" lon="-0.53936">
				<ele>268.34</ele>
			</trkpt>
			<trkpt lat="48.6416" lon="-0.53962">
				<ele>268.34</ele>
			</trkpt>
			<trkpt lat="48.64183" lon="-0.54055">
				<ele>268.34</ele>
			</trkpt>
			<trkpt lat="48.64172" lon="-0.54065">
				<ele>268.34</ele>
			</trkpt>
			<trkpt lat="48.64121" lon="-0.53924">
				<ele>268.34</ele>
			</trkpt>
			<trkpt lat="48.64113" lon="-0.53879">
				<ele>268.34</ele>
			</trkpt>
			<trkpt lat="48.64118" lon="-0.53837">
				<ele>268.34</ele>
			</trkpt>
			<trkpt lat="48.64265" lon="-0.53203">
				<ele>268.34</ele>
			</trkpt>
			<trkpt lat="48.64272" lon="-0.5311">
				<ele>268.34</ele>
			</trkpt>
			<trkpt lat="48.64353" lon="-0.52662">
				<ele>272.7</ele>
			</trkpt>
			<trkpt lat="48.64364" lon="-0.52638">
				<ele>272.7</ele>
			</trkpt>
			<trkpt lat="48.64392" lon="-0.52628">
				<ele>272.7</ele>
			</trkpt>
			<trkpt lat="48.64606" lon="-0.52288">
				<ele>272.7</ele>
			</trkpt>
			<trkpt lat="48.64651" lon="-0.52214">
				<ele>272.7</ele>
			</trkpt>
			<trkpt lat="48.64662" lon="-0.52186">
				<ele>272.7</ele>
			</trkpt>
			<trkpt lat="48.64668" lon="-0.52152">
				<ele>272.7</ele>
			</trkpt>
			<trkpt lat="48.64679" lon="-0.5194">
				<ele>272.7</ele>
			</trkpt>
			<trkpt lat="48.64664" lon="-0.5195">
				<ele>272.7</ele>
			</trkpt>
			<trkpt lat="48.64636" lon="-0.51904">
				<ele>272.7</ele>
			</trkpt>
			<trkpt lat="48.64642" lon="-0.5189">
				<ele>272.7</ele>
			</trkpt>
			<trkpt lat="48.64647" lon="-0.5187">
				<ele>272.7</ele>
			</trkpt>
			<trkpt lat="48.64636" lon="-0.51848">
				<ele>272.7</ele>
			</trkpt>
			<trkpt lat="48.64618" lon="-0.51842">
				<ele>269.99</ele>
			</trkpt>
			<trkpt lat="48.64632" lon="-0.51818">
				<ele>269.99</ele>
			</trkpt>
			<trkpt lat="48.64654" lon="-0.51733">
				<ele>269.99</ele>
			</trkpt>
			<trkpt lat="48.64686" lon="-0.5155">
				<ele>269.99</ele>
			</trkpt>
			<trkpt lat="48.64646" lon="-0.51559">
				<ele>269.99</ele>
			</trkpt>
			<trkpt lat="48.64638" lon="-0.51545">
				<ele>269.99</ele>
			</trkpt>
			<trkpt lat="48.64623" lon="-0.51527">
				<ele>269.99</ele>
			</trkpt>
			<trkpt lat="48.64597" lon="-0.51472">
				<ele>269.99</ele>
			</trkpt>
			<trkpt lat="48.64496" lon="-0.51524">
				<ele>269.99</ele>
			</trkpt>
			<trkpt lat="48.64468" lon="-0.516">
				<ele>269.99</ele>
			</trkpt>
			<trkpt lat="48.64459" lon="-0.51566">
				<ele>269.99</ele>
			</trkpt>
			<trkpt lat="48.64402" lon="-0.51482">
				<ele>269.99</ele>
			</trkpt>
			<trkpt lat="48.64406" lon="-0.51442">
				<ele>269.99</ele>
			</trkpt>
			<trkpt lat="48.64391" lon="-0.51436">
				<ele>263.25</ele>
			</trkpt>
			<trkpt lat="48.6437" lon="-0.51417">
				<ele>263.25</ele>
			</trkpt>
			<trkpt lat="48.64272" lon="-0.51282">
				<ele>263.25</ele>
			</trkpt>
			<trkpt lat="48.64205" lon="-0.51161">
				<ele>263.25</ele>
			</trkpt>
			<trkpt lat="48.64128" lon="-0.51043">
				<ele>263.25</ele>
			</trkpt>
			<trkpt lat="48.64107" lon="-0.51018">
				<ele>263.25</ele>
			</trkpt>
			<trkpt lat="48.64065" lon="-0.50987">
				<ele>263.25</ele>
			</trkpt>
			<trkpt lat="48.63988" lon="-0.50948">
				<ele>263.25</ele>
			</trkpt>
			<trkpt lat="48.63964" lon="-0.50992">
				<ele>263.25</ele>
			</trkpt>
			<trkpt lat="48.63964" lon="-0.51022">
				<ele>263.25</ele>
			</trkpt>
			<trkpt lat="48.64002" lon="-0.51131">
				<ele>263.25</ele>
			</trkpt>
			<trkpt lat="48.64012" lon="-0.51172">
				<ele>263.25</ele>
			</trkpt>
			<trkpt lat="48.64015" lon="-0.51214">
				<ele>263.25</ele>
			</trkpt>
			<trkpt lat="48.64005" lon="-0.51237">
				<ele>240.79</ele>
			</trkpt>
			<trkpt lat="48.63995" lon="-0.5124">
				<ele>240.79</ele>
			</trkpt>
			<trkpt lat="48.63983" lon="-0.51234">
				<ele>240.79</ele>
			</trkpt>
			<trkpt lat="48.63911" lon="-0.51166">
				<ele>240.79</ele>
			</trkpt>
			<trkpt lat="48.63795" lon="-0.51084">
				<ele>240.79</ele>
			</trkpt>
			<trkpt lat="48.63762" lon="-0.5105">
				<ele>240.79</ele>
			</trkpt>
			<trkpt lat="48.63718" lon="-0.50981">
				<ele>240.79</ele>
			</trkpt>
			<trkpt lat="48.63615" lon="-0.5091">
				<ele>240.79</ele>
			</trkpt>
			<trkpt lat="48.63536" lon="-0.50798">
				<ele>240.79</ele>
			</trkpt>
			<trkpt lat="48.63506" lon="-0.5079">
				<ele>240.79</ele>
			</trkpt>
			<trkpt lat="48.63476" lon="-0.50796">
				<ele>240.79</ele>
			</trkpt>
			<trkpt lat="48.63464" lon="-0.50785">
				<ele>240.79</ele>
			</trkpt>
			<trkpt lat="48.6323" lon="-0.50467">
				<ele>240.79</ele>
			</trkpt>
			<trkpt lat="48.63235" lon="-0.50353">
				<ele>280.27</ele>
			</trkpt>
			<trkpt lat="48.63229" lon="-0.50282">
				<ele>280.27</ele>
			</trkpt>
			<trkpt lat="48.63204" lon="-0.50227">
				<ele>280.27</ele>
			</trkpt>
			<trkpt lat="48.63156" lon="-0.50175">
				<ele>280.27</ele>
			</trkpt>
			<trkpt lat="48.63133" lon="-0.50142">
				<ele>280.27</ele>
			</trkpt>
			<trkpt lat="48.63117" lon="-0.50107">
				<ele>280.27</ele>
			</trkpt>
			<trkpt lat="48.63111" lon="-0.50078">
				<ele>280.27</ele>
			</trkpt>
			<trkpt lat="48.63117" lon="-0.50005">
				<ele>280.27</ele>
			</trkpt>
			<trkpt lat="48.63152" lon="-0.49857">
				<ele>280.27</ele>
			</trkpt>
			<trkpt lat="48.63366" lon="-0.48924">
				<ele>280.27</ele>
			</trkpt>
			<trkpt lat="48.62876" lon="-0.48195">
				<ele>280.27</ele>
			</trkpt>
			<trkpt lat="48.62443" lon="-0.47426">
				<ele>280.27</ele>
			</trkpt>
			<trkpt lat="48.62149" lon="-0.47128">
				<ele>280.27</ele>
			</trkpt>
			<trkpt lat="48.61691" lon="-0.46858">
				<ele>250.53</ele>
			</trkpt>
			<trkpt lat="48.61646" lon="-0.468">
				<ele>250.53</ele>
			</trkpt>
			<trkpt lat="48.6104" lon="-0.45822">
				<ele>250.53</ele>
			</trkpt>
			<trkpt lat="48.60562" lon="-0.45302">
				<ele>250.53</ele>
			</trkpt>
			<trkpt lat="48.60326" lon="-0.45054">
				<ele>250.53</ele>
			</trkpt>
			<trkpt lat="48.60129" lon="-0.44839">
				<ele>250.53</ele>
			</trkpt>
			<trkpt lat="48.60003" lon="-0.44709">
				<ele>250.53</ele>
			</trkpt>
			<trkpt lat="48.59835" lon="-0.44529">
				<ele>250.53</ele>
			</trkpt>
			<trkpt lat="48.59706" lon="-0.44394">
				<ele>250.53</ele>
			</trkpt>
			<trkpt lat="48.59695" lon="-0.44431">
				<ele>250.53</ele>
			</trkpt>
			<trkpt lat="48.59681" lon="-0.44461">
				<ele>250.53</ele>
			</trkpt>
			<trkpt lat="48.59662" lon="-0.44476">
				<ele>250.53</ele>
			</trkpt>
			<trkpt lat="48.5964" lon="-0.44479">
				<ele>250.53</ele>
			</trkpt>
			<trkpt lat="48.59615" lon="-0.44468">
				<ele>222.1</ele>
			</trkpt>
			<trkpt lat="48.59596" lon="-0.44447">
				<ele>222.1</ele>
			</trkpt>
			<trkpt lat="48.59574" lon="-0.44443">
				<ele>222.1</ele>
			</trkpt>
			<trkpt lat="48.5956" lon="-0.44461">
				<ele>222.1</ele>
			</trkpt>
			<trkpt lat="48.59566" lon="-0.44491">
				<ele>222.1</ele>
			</trkpt>
			<trkpt lat="48.59582" lon="-0.44503">
				<ele>222.1</ele>
			</trkpt>
			<trkpt lat="48.59632" lon="-0.44563">
				<ele>222.1</ele>
			</trkpt>
			<trkpt lat="48.59648" lon="-0.44595">
				<ele>222.1</ele>
			</trkpt>
			<trkpt lat="48.5965" lon="-0.44641">
				<ele>222.1</ele>
			</trkpt>
			<trkpt lat="48.59526" lon="-0.45267">
				<ele>222.1</ele>
			</trkpt>
			<trkpt lat="48.59529" lon="-0.45321">
				<ele>222.1</ele>
			</trkpt>
			<trkpt lat="48.59598" lon="-0.45397">
				<ele>222.1</ele>
			</trkpt>
			<trkpt lat="48.59618" lon="-0.4545">
				<ele>222.1</ele>
			</trkpt>
			<trkpt lat="48.59648" lon="-0.45492">
				<ele>216.23</ele>
			</trkpt>
			<trkpt lat="48.59651" lon="-0.45516">
				<ele>216.23</ele>
			</trkpt>
			<trkpt lat="48.59639" lon="-0.45528">
				<ele>216.23</ele>
			</trkpt>
			<trkpt lat="48.59597" lon="-0.45515">
				<ele>216.23</ele>
			</trkpt>
			<trkpt lat="48.59559" lon="-0.45543">
				<ele>216.23</ele>
			</trkpt>
			<trkpt lat="48.59528" lon="-0.45552">
				<ele>216.23</ele>
			</trkpt>
			<trkpt lat="48.59496" lon="-0.45544">
				<ele>216.23</ele>
			</trkpt>
			<trkpt lat="48.59474" lon="-0.45558">
				<ele>216.23</ele>
			</trkpt>
			<trkpt lat="48.5946" lon="-0.45613">
				<ele>216.23</ele>
			</trkpt>
			<trkpt lat="48.59239" lon="-0.45422">
				<ele>216.23</ele>
			</trkpt>
			<trkpt lat="48.59109" lon="-0.45322">
				<ele>216.23</ele>
			</trkpt>
			<trkpt lat="48.59059" lon="-0.45335">
				<ele>216.23</ele>
			</trkpt>
			<trkpt lat="48.59025" lon="-0.45368">
				<ele>216.23</ele>
			</trkpt>
			<trkpt lat="48.58986" lon="-0.4545">
				<ele>198.83</ele>
			</trkpt>
			<trkpt lat="48.58954" lon="-0.45563">
				<ele>198.83</ele>
			</trkpt>
			<trkpt lat="48.58926" lon="-0.45619">
				<ele>198.83</ele>
			</trkpt>
			<trkpt lat="48.58911" lon="-0.45634">
				<ele>198.83</ele>
			</trkpt>
			<trkpt lat="48.58883" lon="-0.45643">
				<ele>198.83</ele>
			</trkpt>
			<trkpt lat="48.58838" lon="-0.4563">
				<ele>198.83</ele>
			</trkpt>
			<trkpt lat="48.58819" lon="-0.4561">
				<ele>198.83</ele>
			</trkpt>
			<trkpt lat="48.58806" lon="-0.45581">
				<ele>198.83</ele>
			</trkpt>
			<trkpt lat="48.58767" lon="-0.45391">
				<ele>198.83</ele>
			</trkpt>
			<trkpt lat="48.58734" lon="-0.45211">
				<ele>198.83</ele>
			</trkpt>
			<trkpt lat="48.58714" lon="-0.45031">
				<ele>198.83</ele>
			</trkpt>
			<trkpt lat="48.58689" lon="-0.44972">
				<ele>198.83</ele>
			</trkpt>
			<trkpt lat="48.58647" lon="-0.4493">
				<ele>198.83</ele>
			</trkpt>
			<trkpt lat="48.58572" lon="-0.44873">
				<ele>212.38</ele>
			</trkpt>
			<trkpt lat="48.58407" lon="-0.44603">
				<ele>212.38</ele>
			</trkpt>
			<trkpt lat="48.58394" lon="-0.44587">
				<ele>212.38</ele>
			</trkpt>
			<trkpt lat="48.58164" lon="-0.44228">
				<ele>212.38</ele>
			</trkpt>
			<trkpt lat="48.5788" lon="-0.43789">
				<ele>212.38</ele>
			</trkpt>
			<trkpt lat="48.5772" lon="-0.43534">
				<ele>212.38</ele>
			</trkpt>
			<trkpt lat="48.5766" lon="-0.4345">
				<ele>212.38</ele>
			</trkpt>
			<trkpt lat="48.5746" lon="-0.43142">
				<ele>212.38</ele>
			</trkpt>
			<trkpt lat="48.57293" lon="-0.42889">
				<ele>212.38</ele>
			</trkpt>
			<trkpt lat="48.57226" lon="-0.42806">
				<ele>212.38</ele>
			</trkpt>
			<trkpt lat="48.57071" lon="-0.42774">
				<ele>212.38</ele>
			</trkpt>
			<trkpt lat="48.56954" lon="-0.42706">
				<ele>212.38</ele>
			</trkpt>
			<trkpt lat="48.56674" lon="-0.42519">
				<ele>212.38</ele>
			</trkpt>
			<trkpt lat="48.55975" lon="-0.42044">
				<ele>204.79</ele>
			</trkpt>
			<trkpt lat="48.55964" lon="-0.42054">
				<ele>204.79</ele>
			</trkpt>
			<trkpt lat="48.55892" lon="-0.4213">
				<ele>204.79</ele>
			</trkpt>
			<trkpt lat="48.56007" lon="-0.42379">
				<ele>204.79</ele>
			</trkpt>
			<trkpt lat="48.56" lon="-0.42389">
				<ele>204.79</ele>
			</trkpt>
			<trkpt lat="48.55968" lon="-0.42372">
				<ele>204.79</ele>
			</trkpt>
			<trkpt lat="48.55744" lon="-0.4207">
				<ele>204.79</ele>
			</trkpt>
			<trkpt lat="48.55721" lon="-0.42051">
				<ele>204.79</ele>
			</trkpt>
			<trkpt lat="48.55713" lon="-0.42067">
				<ele>204.79</ele>
			</trkpt>
			<trkpt lat="48.55707" lon="-0.4203">
				<ele>204.79</ele>
			</trkpt>
			<trkpt lat="48.55697" lon="-0.42027">
				<ele>204.79</ele>
			</trkpt>
			<trkpt lat="48.5565" lon="-0.42037">
				<ele>204.79</ele>
			</trkpt>
			<trkpt lat="48.55628" lon="-0.42033">
				<ele>204.79</ele>
			</trkpt>
			<trkpt lat="48.55561" lon="-0.41993">
				<ele>197.07</ele>
			</trkpt>
			<trkpt lat="48.55504" lon="-0.41989">
				<ele>197.07</ele>
			</trkpt>
			<trkpt lat="48.55493" lon="-0.41991">
				<ele>197.07</ele>
			</trkpt>
			<trkpt lat="48.5547" lon="-0.41941">
				<ele>197.07</ele>
			</trkpt>
			<trkpt lat="48.55435" lon="-0.419">
				<ele>197.07</ele>
			</trkpt>
			<trkpt lat="48.55411" lon="-0.41882">
				<ele>197.07</ele>
			</trkpt>
			<trkpt lat="48.55393" lon="-0.41856">
				<ele>197.07</ele>
			</trkpt>
			<trkpt lat="48.55372" lon="-0.41801">
				<ele>197.07</ele>
			</trkpt>
			<trkpt lat="48.5535" lon="-0.41757">
				<ele>197.07</ele>
			</trkpt>
			<trkpt lat="48.55336" lon="-0.41756">
				<ele>197.07</ele>
			</trkpt>
			<trkpt lat="48.55323" lon="-0.41768">
				<ele>197.07</ele>
			</trkpt>
			<trkpt lat="48.55282" lon="-0.41837">
				<ele>197.07</ele>
			</trkpt>
			<trkpt lat="48.55278" lon="-0.41861">
				<ele>197.07</ele>
			</trkpt>
			<trkpt lat="48.55291" lon="-0.41977">
				<ele>181.93</ele>
			</trkpt>
			<trkpt lat="48.55288" lon="-0.42019">
				<ele>181.93</ele>
			</trkpt>
			<trkpt lat="48.55285" lon="-0.42035">
				<ele>181.93</ele>
			</trkpt>
			<trkpt lat="48.55287" lon="-0.42089">
				<ele>181.93</ele>
			</trkpt>
			<trkpt lat="48.55315" lon="-0.42107">
				<ele>181.93</ele>
			</trkpt>
			<trkpt lat="48.55315" lon="-0.42143">
				<ele>181.93</ele>
			</trkpt>
			<trkpt lat="48.55321" lon="-0.42164">
				<ele>181.93</ele>
			</trkpt>
			<trkpt lat="48.55311" lon="-0.4216">
				<ele>181.93</ele>
			</trkpt>
			<trkpt lat="48.55286" lon="-0.42166">
				<ele>181.93</ele>
			</trkpt>
			<trkpt lat="48.55287" lon="-0.42091">
				<ele>181.93</ele>
			</trkpt>
			<trkpt lat="48.55285" lon="-0.42035">
				<ele>181.93</ele>
			</trkpt>
			<trkpt lat="48.55287" lon="-0.4202">
				<ele>181.93</ele>
			</trkpt>
			<trkpt lat="48.55291" lon="-0.41979">
				<ele>181.93</ele>
			</trkpt>
			<trkpt lat="48.55287" lon="-0.41938">
				<ele>157.64</ele>
			</trkpt>
			<trkpt lat="48.55253" lon="-0.41838">
				<ele>157.64</ele>
			</trkpt>
			<trkpt lat="48.55251" lon="-0.4181">
				<ele>157.64</ele>
			</trkpt>
			<trkpt lat="48.5526" lon="-0.41765">
				<ele>157.64</ele>
			</trkpt>
			<trkpt lat="48.55299" lon="-0.41663">
				<ele>157.64</ele>
			</trkpt>
			<trkpt lat="48.55338" lon="-0.41671">
				<ele>157.64</ele>
			</trkpt>
			<trkpt lat="48.5539" lon="-0.41719">
				<ele>157.64</ele>
			</trkpt>
			<trkpt lat="48.55403" lon="-0.41722">
				<ele>157.64</ele>
			</trkpt>
			<trkpt lat="48.55393" lon="-0.41701">
				<ele>157.64</ele>
			</trkpt>
			<trkpt lat="48.555" lon="-0.41824">
				<ele>157.64</ele>
			</trkpt>
			<trkpt lat="48.55523" lon="-0.41841">
				<ele>157.64</ele>
			</trkpt>
			<trkpt lat="48.55562" lon="-0.41835">
				<ele>157.64</ele>
			</trkpt>
			<trkpt lat="48.55634" lon="-0.41792">
				<ele>157.64</ele>
			</trkpt>
			<trkpt lat="48.55662" lon="-0.41773">
				<ele>191.93</ele>
			</trkpt>
			<trkpt lat="48.55688" lon="-0.41749">
				<ele>191.93</ele>
			</trkpt>
			<trkpt lat="48.55695" lon="-0.41729">
				<ele>191.93</ele>
			</trkpt>
			<trkpt lat="48.55685" lon="-0.41674">
				<ele>191.93</ele>
			</trkpt>
			<trkpt lat="48.55684" lon="-0.41646">
				<ele>191.93</ele>
			</trkpt>
			<trkpt lat="48.55696" lon="-0.41593">
				<ele>191.93</ele>
			</trkpt>
			<trkpt lat="48.55706" lon="-0.41568">
				<ele>191.93</ele>
			</trkpt>
			<trkpt lat="48.55718" lon="-0.41511">
				<ele>191.93</ele>
			</trkpt>
			<trkpt lat="48.55721" lon="-0.41459">
				<ele>191.93</ele>
			</trkpt>
			<trkpt lat="48.5572" lon="-0.41377">
				<ele>191.93</ele>
			</trkpt>
			<trkpt lat="48.55711" lon="-0.41367">
				<ele>191.93</ele>
			</trkpt>
			<trkpt lat="48.55665" lon="-0.41376">
				<ele>191.93</ele>
			</trkpt>
			<trkpt lat="48.55662" lon="-0.41354">
				<ele>191.93</ele>
			</trkpt>
			<trkpt lat="48.55631" lon="-0.41274">
				<ele>143.35</ele>
			</trkpt>
			<trkpt lat="48.55303" lon="-0.40642">
				<ele>143.35</ele>
			</trkpt>
			<trkpt lat="48.55238" lon="-0.40513">
				<ele>143.35</ele>
			</trkpt>
			<trkpt lat="48.55215" lon="-0.4048">
				<ele>143.35</ele>
			</trkpt>
			<trkpt lat="48.55205" lon="-0.40435">
				<ele>143.35</ele>
			</trkpt>
			<trkpt lat="48.55188" lon="-0.40383">
				<ele>143.35</ele>
			</trkpt>
			<trkpt lat="48.55178" lon="-0.40367">
				<ele>143.35</ele>
			</trkpt>
			<trkpt lat="48.55159" lon="-0.40327">
				<ele>143.35</ele>
			</trkpt>
			<trkpt lat="48.55106" lon="-0.40307">
				<ele>143.35</ele>
			</trkpt>
			<trkpt lat="48.55099" lon="-0.40273">
				<ele>143.35</ele>
			</trkpt>
			<trkpt lat="48.55032" lon="-0.40042">
				<ele>143.35</ele>
			</trkpt>
			<trkpt lat="48.55012" lon="-0.40011">
				<ele>143.35</ele>
			</trkpt>
			<trkpt lat="48.54949" lon="-0.39925">
				<ele>143.35</ele>
			</trkpt>
			<trkpt lat="48.5491" lon="-0.39832">
				<ele>127.26</ele>
			</trkpt>
			<trkpt lat="48.5491" lon="-0.398">
				<ele>127.26</ele>
			</trkpt>
			<trkpt lat="48.54906" lon="-0.3972">
				<ele>127.26</ele>
			</trkpt>
			<trkpt lat="48.54875" lon="-0.3963">
				<ele>127.26</ele>
			</trkpt>
			<trkpt lat="48.54768" lon="-0.39372">
				<ele>127.26</ele>
			</trkpt>
			<trkpt lat="48.54603" lon="-0.39409">
				<ele>127.26</ele>
			</trkpt>
			<trkpt lat="48.54522" lon="-0.39415">
				<ele>127.26</ele>
			</trkpt>
			<trkpt lat="48.54469" lon="-0.39452">
				<ele>127.26</ele>
			</trkpt>
			<trkpt lat="48.54421" lon="-0.39518">
				<ele>127.26</ele>
			</trkpt>
			<trkpt lat="48.54386" lon="-0.39545">
				<ele>127.26</ele>
			</trkpt>
			<trkpt lat="48.54283" lon="-0.39594">
				<ele>127.26</ele>
			</trkpt>
			<trkpt lat="48.54214" lon="-0.3961">
				<ele>127.26</ele>
			</trkpt>
			<trkpt lat="48.54171" lon="-0.3964">
				<ele>127.26</ele>
			</trkpt>
			<trkpt lat="48.54126" lon="-0.39694">
				<ele>119.57</ele>
			</trkpt>
			<trkpt lat="48.54063" lon="-0.39733">
				<ele>119.57</ele>
			</trkpt>
			<trkpt lat="48.54021" lon="-0.39765">
				<ele>119.57</ele>
			</trkpt>
			<trkpt lat="48.53975" lon="-0.39803">
				<ele>119.57</ele>
			</trkpt>
			<trkpt lat="48.5387" lon="-0.39901">
				<ele>119.57</ele>
			</trkpt>
			<trkpt lat="48.5383" lon="-0.39961">
				<ele>119.57</ele>
			</trkpt>
			<trkpt lat="48.53793" lon="-0.39983">
				<ele>119.57</ele>
			</trkpt>
			<trkpt lat="48.53745" lon="-0.40023">
				<ele>119.57</ele>
			</trkpt>
			<trkpt lat="48.53714" lon="-0.40009">
				<ele>119.57</ele>
			</trkpt>
			<trkpt lat="48.5369" lon="-0.4001">
				<ele>119.57</ele>
			</trkpt>
			<trkpt lat="48.53666" lon="-0.39982">
				<ele>119.57</ele>
			</trkpt>
			<trkpt lat="48.53617" lon="-0.39983">
				<ele>119.57</ele>
			</trkpt>
			<trkpt lat="48.53525" lon="-0.40046">
				<ele>119.57</ele>
			</trkpt>
			<trkpt lat="48.53478" lon="-0.4007">
				<ele>131</ele>
			</trkpt>
			<trkpt lat="48.53385" lon="-0.40169">
				<ele>131</ele>
			</trkpt>
			<trkpt lat="48.53342" lon="-0.4019">
				<ele>131</ele>
			</trkpt>
			<trkpt lat="48.53291" lon="-0.402">
				<ele>131</ele>
			</trkpt>
			<trkpt lat="48.53209" lon="-0.40255">
				<ele>131</ele>
			</trkpt>
			<trkpt lat="48.5317" lon="-0.40259">
				<ele>131</ele>
			</trkpt>
			<trkpt lat="48.53115" lon="-0.4029">
				<ele>131</ele>
			</trkpt>
			<trkpt lat="48.53046" lon="-0.40306">
				<ele>131</ele>
			</trkpt>
			<trkpt lat="48.53006" lon="-0.40324">
				<ele>131</ele>
			</trkpt>
			<trkpt lat="48.52958" lon="-0.40371">
				<ele>131</ele>
			</trkpt>
			<trkpt lat="48.52939" lon="-0.40375">
				<ele>131</ele>
			</trkpt>
			<trkpt lat="48.52819" lon="-0.40354">
				<ele>131</ele>
			</trkpt>
			<trkpt lat="48.52804" lon="-0.40354">
				<ele>131</ele>
			</trkpt>
			<trkpt lat="48.52791" lon="-0.40366">
				<ele>122.11</ele>
			</trkpt>
			<trkpt lat="48.52771" lon="-0.40349">
				<ele>122.11</ele>
			</trkpt>
			<trkpt lat="48.527" lon="-0.40316">
				<ele>122.11</ele>
			</trkpt>
			<trkpt lat="48.52659" lon="-0.40303">
				<ele>122.11</ele>
			</trkpt>
			<trkpt lat="48.52636" lon="-0.40302">
				<ele>122.11</ele>
			</trkpt>
			<trkpt lat="48.52547" lon="-0.4033">
				<ele>122.11</ele>
			</trkpt>
			<trkpt lat="48.52519" lon="-0.4033">
				<ele>122.11</ele>
			</trkpt>
			<trkpt lat="48.52415" lon="-0.40396">
				<ele>122.11</ele>
			</trkpt>
			<trkpt lat="48.52408" lon="-0.4037">
				<ele>122.11</ele>
			</trkpt>
			<trkpt lat="48.52412" lon="-0.40297">
				<ele>122.11</ele>
			</trkpt>
			<trkpt lat="48.52427" lon="-0.39811">
				<ele>122.11</ele>
			</trkpt>
			<trkpt lat="48.52298" lon="-0.3987">
				<ele>122.11</ele>
			</trkpt>
			<trkpt lat="48.52205" lon="-0.3992">
				<ele>122.11</ele>
			</trkpt>
			<trkpt lat="48.52137" lon="-0.39942">
				<ele>121.38</ele>
			</trkpt>
			<trkpt lat="48.52061" lon="-0.39947">
				<ele>121.38</ele>
			</trkpt>
			<trkpt lat="48.51969" lon="-0.39869">
				<ele>121.38</ele>
			</trkpt>
			<trkpt lat="48.51923" lon="-0.39842">
				<ele>121.38</ele>
			</trkpt>
			<trkpt lat="48.51855" lon="-0.39852">
				<ele>121.38</ele>
			</trkpt>
			<trkpt lat="48.51831" lon="-0.39743">
				<ele>121.38</ele>
			</trkpt>
			<trkpt lat="48.51823" lon="-0.39674">
				<ele>121.38</ele>
			</trkpt>
			<trkpt lat="48.51681" lon="-0.39704">
				<ele>121.38</ele>
			</trkpt>
			<trkpt lat="48.51545" lon="-0.3971">
				<ele>121.38</ele>
			</trkpt>
			<trkpt lat="48.51464" lon="-0.3973">
				<ele>121.38</ele>
			</trkpt>
			<trkpt lat="48.51364" lon="-0.39732">
				<ele>121.38</ele>
			</trkpt>
			<trkpt lat="48.51382" lon="-0.39757">
				<ele>121.38</ele>
			</trkpt>
			<trkpt lat="48.51401" lon="-0.39858">
				<ele>121.38</ele>
			</trkpt>
			<trkpt lat="48.51402" lon="-0.39897">
				<ele>127.03</ele>
			</trkpt>
			<trkpt lat="48.51394" lon="-0.39956">
				<ele>127.03</ele>
			</trkpt>
			<trkpt lat="48.51392" lon="-0.40053">
				<ele>127.03</ele>
			</trkpt>
			<trkpt lat="48.51397" lon="-0.40197">
				<ele>127.03</ele>
			</trkpt>
			<trkpt lat="48.51406" lon="-0.40241">
				<ele>127.03</ele>
			</trkpt>
			<trkpt lat="48.51407" lon="-0.40272">
				<ele>127.03</ele>
			</trkpt>
			<trkpt lat="48.51404" lon="-0.40294">
				<ele>127.03</ele>
			</trkpt>
			<trkpt lat="48.51387" lon="-0.4035">
				<ele>127.03</ele>
			</trkpt>
			<trkpt lat="48.51394" lon="-0.40389">
				<ele>127.03</ele>
			</trkpt>
			<trkpt lat="48.5144" lon="-0.40524">
				<ele>127.03</ele>
			</trkpt>
			<trkpt lat="48.51462" lon="-0.40524">
				<ele>127.03</ele>
			</trkpt>
			<trkpt lat="48.51472" lon="-0.40547">
				<ele>127.03</ele>
			</trkpt>
			<trkpt lat="48.51482" lon="-0.40634">
				<ele>127.03</ele>
			</trkpt>
			<trkpt lat="48.51499" lon="-0.40701">
				<ele>142.49</ele>
			</trkpt>
			<trkpt lat="48.51495" lon="-0.40723">
				<ele>142.49</ele>
			</trkpt>
			<trkpt lat="48.51476" lon="-0.40744">
				<ele>142.49</ele>
			</trkpt>
			<trkpt lat="48.51475" lon="-0.4076">
				<ele>142.49</ele>
			</trkpt>
			<trkpt lat="48.51508" lon="-0.40957">
				<ele>142.49</ele>
			</trkpt>
			<trkpt lat="48.51364" lon="-0.41226">
				<ele>142.49</ele>
			</trkpt>
			<trkpt lat="48.51329" lon="-0.41256">
				<ele>142.49</ele>
			</trkpt>
			<trkpt lat="48.51312" lon="-0.41257">
				<ele>142.49</ele>
			</trkpt>
			<trkpt lat="48.51311" lon="-0.41303">
				<ele>142.49</ele>
			</trkpt>
			<trkpt lat="48.51062" lon="-0.41526">
				<ele>142.49</ele>
			</trkpt>
			<trkpt lat="48.51085" lon="-0.41659">
				<ele>142.49</ele>
			</trkpt>
			<trkpt lat="48.51095" lon="-0.41681">
				<ele>142.49</ele>
			</trkpt>
			<trkpt lat="48.51019" lon="-0.41745">
				<ele>142.49</ele>
			</trkpt>
			<trkpt lat="48.50994" lon="-0.41758">
				<ele>154.23</ele>
			</trkpt>
			<trkpt lat="48.50958" lon="-0.41768">
				<ele>154.23</ele>
			</trkpt>
			<trkpt lat="48.50909" lon="-0.41767">
				<ele>154.23</ele>
			</trkpt>
			<trkpt lat="48.50757" lon="-0.41722">
				<ele>154.23</ele>
			</trkpt>
			<trkpt lat="48.50746" lon="-0.41742">
				<ele>154.23</ele>
			</trkpt>
			<trkpt lat="48.50704" lon="-0.41752">
				<ele>154.23</ele>
			</trkpt>
			<trkpt lat="48.50695" lon="-0.41763">
				<ele>154.23</ele>
			</trkpt>
			<trkpt lat="48.50691" lon="-0.41785">
				<ele>154.23</ele>
			</trkpt>
			<trkpt lat="48.50693" lon="-0.41845">
				<ele>154.23</ele>
			</trkpt>
			<trkpt lat="48.50688" lon="-0.41901">
				<ele>154.23</ele>
			</trkpt>
			<trkpt lat="48.5062" lon="-0.42204">
				<ele>154.23</ele>
			</trkpt>
			<trkpt lat="48.50615" lon="-0.42479">
				<ele>154.23</ele>
			</trkpt>
			<trkpt lat="48.50573" lon="-0.42602">
				<ele>154.23</ele>
			</trkpt>
			<trkpt lat="48.50603" lon="-0.42814">
				<ele>180.06</ele>
			</trkpt>
			<trkpt lat="48.50627" lon="-0.42935">
				<ele>180.06</ele>
			</trkpt>
			<trkpt lat="48.50782" lon="-0.43219">
				<ele>180.06</ele>
			</trkpt>
			<trkpt lat="48.5079" lon="-0.43257">
				<ele>180.06</ele>
			</trkpt>
			<trkpt lat="48.5078" lon="-0.43338">
				<ele>180.06</ele>
			</trkpt>
			<trkpt lat="48.50725" lon="-0.4365">
				<ele>180.06</ele>
			</trkpt>
			<trkpt lat="48.50723" lon="-0.43687">
				<ele>180.06</ele>
			</trkpt>
			<trkpt lat="48.50729" lon="-0.43723">
				<ele>180.06</ele>
			</trkpt>
			<trkpt lat="48.50863" lon="-0.44248">
				<ele>180.06</ele>
			</trkpt>
			<trkpt lat="48.50875" lon="-0.44301">
				<ele>180.06</ele>
			</trkpt>
			<trkpt lat="48.50874" lon="-0.44345">
				<ele>180.06</ele>
			</trkpt>
			<trkpt lat="48.50842" lon="-0.44568">
				<ele>180.06</ele>
			</trkpt>
			<trkpt lat="48.50837" lon="-0.44649">
				<ele>180.06</ele>
			</trkpt>
			<trkpt lat="48.50854" lon="-0.44737">
				<ele>226.56</ele>
			</trkpt>
			<trkpt lat="48.50796" lon="-0.44742">
				<ele>226.56</ele>
			</trkpt>
			<trkpt lat="48.50848" lon="-0.44912">
				<ele>226.56</ele>
			</trkpt>
			<trkpt lat="48.50845" lon="-0.45045">
				<ele>226.56</ele>
			</trkpt>
			<trkpt lat="48.50834" lon="-0.45104">
				<ele>226.56</ele>
			</trkpt>
			<trkpt lat="48.50853" lon="-0.45259">
				<ele>226.56</ele>
			</trkpt>
			<trkpt lat="48.50888" lon="-0.45355">
				<ele>226.56</ele>
			</trkpt>
			<trkpt lat="48.50924" lon="-0.45435">
				<ele>226.56</ele>
			</trkpt>
			<trkpt lat="48.50956" lon="-0.45492">
				<ele>226.56</ele>
			</trkpt>
			<trkpt lat="48.50996" lon="-0.45544">
				<ele>226.56</ele>
			</trkpt>
			<trkpt lat="48.51015" lon="-0.45582">
				<ele>226.56</ele>
			</trkpt>
			<trkpt lat="48.5102" lon="-0.45603">
				<ele>226.56</ele>
			</trkpt>
			<trkpt lat="48.51016" lon="-0.45679">
				<ele>226.56</ele>
			</trkpt>
			<trkpt lat="48.51012" lon="-0.45698">
				<ele>228.11</ele>
			</trkpt>
			<trkpt lat="48.51004" lon="-0.45709">
				<ele>228.11</ele>
			</trkpt>
			<trkpt lat="48.50949" lon="-0.45749">
				<ele>228.11</ele>
			</trkpt>
			<trkpt lat="48.50862" lon="-0.458">
				<ele>228.11</ele>
			</trkpt>
			<trkpt lat="48.50809" lon="-0.45855">
				<ele>228.11</ele>
			</trkpt>
			<trkpt lat="48.5079" lon="-0.45866">
				<ele>228.11</ele>
			</trkpt>
			<trkpt lat="48.50761" lon="-0.45866">
				<ele>228.11</ele>
			</trkpt>
			<trkpt lat="48.50729" lon="-0.4589">
				<ele>228.11</ele>
			</trkpt>
			<trkpt lat="48.50764" lon="-0.46023">
				<ele>228.11</ele>
			</trkpt>
			<trkpt lat="48.50767" lon="-0.46106">
				<ele>228.11</ele>
			</trkpt>
			<trkpt lat="48.50801" lon="-0.46268">
				<ele>228.11</ele>
			</trkpt>
			<trkpt lat="48.50807" lon="-0.4628">
				<ele>228.11</ele>
			</trkpt>
			<trkpt lat="48.50797" lon="-0.46286">
				<ele>228.11</ele>
			</trkpt>
			<trkpt lat="48.50766" lon="-0.46282">
				<ele>221.18</ele>
			</trkpt>
			<trkpt lat="48.50654" lon="-0.4625">
				<ele>221.18</ele>
			</trkpt>
			<trkpt lat="48.50616" lon="-0.4623">
				<ele>221.18</ele>
			</trkpt>
			<trkpt lat="48.50547" lon="-0.46217">
				<ele>221.18</ele>
			</trkpt>
			<trkpt lat="48.50526" lon="-0.46219">
				<ele>221.18</ele>
			</trkpt>
			<trkpt lat="48.50379" lon="-0.4628">
				<ele>221.18</ele>
			</trkpt>
			<trkpt lat="48.50327" lon="-0.46333">
				<ele>221.18</ele>
			</trkpt>
			<trkpt lat="48.50307" lon="-0.46345">
				<ele>221.18</ele>
			</trkpt>
			<trkpt lat="48.50245" lon="-0.46351">
				<ele>221.18</ele>
			</trkpt>
			<trkpt lat="48.50221" lon="-0.46356">
				<ele>221.18</ele>
			</trkpt>
			<trkpt lat="48.50176" lon="-0.46396">
				<ele>221.18</ele>
			</trkpt>
			<trkpt lat="48.50157" lon="-0.46145">
				<ele>221.18</ele>
			</trkpt>
			<trkpt lat="48.50152" lon="-0.4598">
				<ele>221.18</ele>
			</trkpt>
			<trkpt lat="48.49989" lon="-0.45936">
				<ele>197.53</ele>
			</trkpt>
			<trkpt lat="48.49961" lon="-0.45936">
				<ele>197.53</ele>
			</trkpt>
			<trkpt lat="48.49935" lon="-0.45947">
				<ele>197.53</ele>
			</trkpt>
			<trkpt lat="48.49873" lon="-0.45996">
				<ele>197.53</ele>
			</trkpt>
			<trkpt lat="48.49856" lon="-0.4602">
				<ele>197.53</ele>
			</trkpt>
			<trkpt lat="48.4984" lon="-0.46067">
				<ele>197.53</ele>
			</trkpt>
			<trkpt lat="48.49815" lon="-0.4617">
				<ele>197.53</ele>
			</trkpt>
			<trkpt lat="48.49797" lon="-0.46223">
				<ele>197.53</ele>
			</trkpt>
			<trkpt lat="48.49776" lon="-0.46218">
				<ele>197.53</ele>
			</trkpt>
			<trkpt lat="48.49761" lon="-0.46221">
				<ele>197.53</ele>
			</trkpt>
			<trkpt lat="48.49673" lon="-0.46261">
				<ele>197.53</ele>
			</trkpt>
			<trkpt lat="48.49627" lon="-0.46272">
				<ele>197.53</ele>
			</trkpt>
			<trkpt lat="48.49578" lon="-0.46258">
				<ele>197.53</ele>
			</trkpt>
			<trkpt lat="48.49486" lon="-0.46265">
				<ele>199.69</ele>
			</trkpt>
			<trkpt lat="48.49411" lon="-0.46304">
				<ele>199.69</ele>
			</trkpt>
			<trkpt lat="48.49252" lon="-0.46349">
				<ele>199.69</ele>
			</trkpt>
			<trkpt lat="48.4904" lon="-0.46374">
				<ele>199.69</ele>
			</trkpt>
			<trkpt lat="48.4894" lon="-0.46375">
				<ele>199.69</ele>
			</trkpt>
			<trkpt lat="48.48763" lon="-0.46417">
				<ele>199.69</ele>
			</trkpt>
			<trkpt lat="48.48605" lon="-0.46444">
				<ele>199.69</ele>
			</trkpt>
			<trkpt lat="48.48584" lon="-0.46453">
				<ele>199.69</ele>
			</trkpt>
			<trkpt lat="48.48519" lon="-0.46504">
				<ele>199.69</ele>
			</trkpt>
			<trkpt lat="48.48483" lon="-0.4652">
				<ele>199.69</ele>
			</trkpt>
			<trkpt lat="48.48397" lon="-0.4653">
				<ele>199.69</ele>
			</trkpt>
			<trkpt lat="48.48355" lon="-0.46522">
				<ele>199.69</ele>
			</trkpt>
			<trkpt lat="48.48368" lon="-0.46617">
				<ele>199.69</ele>
			</trkpt>
			<trkpt lat="48.48386" lon="-0.46707">
				<ele>192.06</ele>
			</trkpt>
			<trkpt lat="48.48431" lon="-0.46851">
				<ele>192.06</ele>
			</trkpt>
			<trkpt lat="48.48441" lon="-0.46902">
				<ele>192.06</ele>
			</trkpt>
			<trkpt lat="48.48441" lon="-0.4701">
				<ele>192.06</ele>
			</trkpt>
			<trkpt lat="48.48414" lon="-0.47152">
				<ele>192.06</ele>
			</trkpt>
			<trkpt lat="48.48417" lon="-0.47187">
				<ele>192.06</ele>
			</trkpt>
			<trkpt lat="48.48461" lon="-0.47329">
				<ele>192.06</ele>
			</trkpt>
			<trkpt lat="48.48502" lon="-0.4731">
				<ele>192.06</ele>
			</trkpt>
			<trkpt lat="48.48521" lon="-0.47308">
				<ele>192.06</ele>
			</trkpt>
			<trkpt lat="48.48505" lon="-0.4733">
				<ele>192.06</ele>
			</trkpt>
			<trkpt lat="48.48491" lon="-0.47361">
				<ele>192.06</ele>
			</trkpt>
			<trkpt lat="48.48482" lon="-0.47402">
				<ele>192.06</ele>
			</trkpt>
			<trkpt lat="48.4851" lon="-0.47571">
				<ele>192.06</ele>
			</trkpt>
			<trkpt lat="48.4851" lon="-0.47597">
				<ele>195.02</ele>
			</trkpt>
			<trkpt lat="48.48502" lon="-0.47621">
				<ele>195.02</ele>
			</trkpt>
			<trkpt lat="48.48493" lon="-0.47635">
				<ele>195.02</ele>
			</trkpt>
			<trkpt lat="48.4847" lon="-0.47645">
				<ele>195.02</ele>
			</trkpt>
			<trkpt lat="48.48411" lon="-0.47657">
				<ele>195.02</ele>
			</trkpt>
			<trkpt lat="48.48345" lon="-0.47655">
				<ele>195.02</ele>
			</trkpt>
			<trkpt lat="48.48288" lon="-0.47645">
				<ele>195.02</ele>
			</trkpt>
			<trkpt lat="48.48232" lon="-0.47649">
				<ele>195.02</ele>
			</trkpt>
			<trkpt lat="48.482" lon="-0.47654">
				<ele>195.02</ele>
			</trkpt>
			<trkpt lat="48.48106" lon="-0.47687">
				<ele>195.02</ele>
			</trkpt>
			<trkpt lat="48.48077" lon="-0.47691">
				<ele>195.02</ele>
			</trkpt>
			<trkpt lat="48.47974" lon="-0.47682">
				<ele>195.02</ele>
			</trkpt>
			<trkpt lat="48.47938" lon="-0.47694">
				<ele>195.02</ele>
			</trkpt>
			<trkpt lat="48.47871" lon="-0.47737">
				<ele>180.18</ele>
			</trkpt>
			<trkpt lat="48.47758" lon="-0.47834">
				<ele>180.18</ele>
			</trkpt>
			<trkpt lat="48.47678" lon="-0.4788">
				<ele>180.18</ele>
			</trkpt>
			<trkpt lat="48.47614" lon="-0.47882">
				<ele>180.18</ele>
			</trkpt>
			<trkpt lat="48.475" lon="-0.47905">
				<ele>180.18</ele>
			</trkpt>
			<trkpt lat="48.47418" lon="-0.47895">
				<ele>180.18</ele>
			</trkpt>
			<trkpt lat="48.47374" lon="-0.47899">
				<ele>180.18</ele>
			</trkpt>
			<trkpt lat="48.47156" lon="-0.48031">
				<ele>180.18</ele>
			</trkpt>
			<trkpt lat="48.47069" lon="-0.48031">
				<ele>180.18</ele>
			</trkpt>
			<trkpt lat="48.47044" lon="-0.48036">
				<ele>180.18</ele>
			</trkpt>
			<trkpt lat="48.47018" lon="-0.48045">
				<ele>180.18</ele>
			</trkpt>
			<trkpt lat="48.46873" lon="-0.48126">
				<ele>180.18</ele>
			</trkpt>
			<trkpt lat="48.46838" lon="-0.48088">
				<ele>180.18</ele>
			</trkpt>
			<trkpt lat="48.46786" lon="-0.48046">
				<ele>183.97</ele>
			</trkpt>
			<trkpt lat="48.46716" lon="-0.48019">
				<ele>183.97</ele>
			</trkpt>
			<trkpt lat="48.46704" lon="-0.48008">
				<ele>183.97</ele>
			</trkpt>
			<trkpt lat="48.46679" lon="-0.48018">
				<ele>183.97</ele>
			</trkpt>
			<trkpt lat="48.4666" lon="-0.48019">
				<ele>183.97</ele>
			</trkpt>
			<trkpt lat="48.4659" lon="-0.48053">
				<ele>183.97</ele>
			</trkpt>
			<trkpt lat="48.46564" lon="-0.48071">
				<ele>183.97</ele>
			</trkpt>
			<trkpt lat="48.46573" lon="-0.48104">
				<ele>183.97</ele>
			</trkpt>
			<trkpt lat="48.46576" lon="-0.48141">
				<ele>183.97</ele>
			</trkpt>
			<trkpt lat="48.46573" lon="-0.48155">
				<ele>183.97</ele>
			</trkpt>
			<trkpt lat="48.46545" lon="-0.48239">
				<ele>183.97</ele>
			</trkpt>
			<trkpt lat="48.46531" lon="-0.48267">
				<ele>183.97</ele>
			</trkpt>
			<trkpt lat="48.4653" lon="-0.48287">
				<ele>183.97</ele>
			</trkpt>
			<trkpt lat="48.46516" lon="-0.48327">
				<ele>183.97</ele>
			</trkpt>
			<trkpt lat="48.46472" lon="-0.4838">
				<ele>165.56</ele>
			</trkpt>
			<trkpt lat="48.46456" lon="-0.48418">
				<ele>165.56</ele>
			</trkpt>
			<trkpt lat="48.46452" lon="-0.48448">
				<ele>165.56</ele>
			</trkpt>
			<trkpt lat="48.46452" lon="-0.4855">
				<ele>165.56</ele>
			</trkpt>
			<trkpt lat="48.46443" lon="-0.48638">
				<ele>165.56</ele>
			</trkpt>
			<trkpt lat="48.46427" lon="-0.48707">
				<ele>165.56</ele>
			</trkpt>
			<trkpt lat="48.46364" lon="-0.48889">
				<ele>165.56</ele>
			</trkpt>
			<trkpt lat="48.46307" lon="-0.48847">
				<ele>165.56</ele>
			</trkpt>
			<trkpt lat="48.46166" lon="-0.48781">
				<ele>165.56</ele>
			</trkpt>
			<trkpt lat="48.46145" lon="-0.48759">
				<ele>165.56</ele>
			</trkpt>
			<trkpt lat="48.4608" lon="-0.48638">
				<ele>165.56</ele>
			</trkpt>
			<trkpt lat="48.46065" lon="-0.48613">
				<ele>165.56</ele>
			</trkpt>
			<trkpt lat="48.46051" lon="-0.48604">
				<ele>165.56</ele>
			</trkpt>
			<trkpt lat="48.46046" lon="-0.48581">
				<ele>114.94</ele>
			</trkpt>
			<trkpt lat="48.46002" lon="-0.48523">
				<ele>114.94</ele>
			</trkpt>
			<trkpt lat="48.45966" lon="-0.48438">
				<ele>114.94</ele>
			</trkpt>
			<trkpt lat="48.45876" lon="-0.48265">
				<ele>114.94</ele>
			</trkpt>
			<trkpt lat="48.45859" lon="-0.48224">
				<ele>114.94</ele>
			</trkpt>
			<trkpt lat="48.45824" lon="-0.48093">
				<ele>114.94</ele>
			</trkpt>
			<trkpt lat="48.45803" lon="-0.48034">
				<ele>114.94</ele>
			</trkpt>
			<trkpt lat="48.45722" lon="-0.47873">
				<ele>114.94</ele>
			</trkpt>
			<trkpt lat="48.45659" lon="-0.47772">
				<ele>114.94</ele>
			</trkpt>
			<trkpt lat="48.45579" lon="-0.47596">
				<ele>114.94</ele>
			</trkpt>
			<trkpt lat="48.45548" lon="-0.47618">
				<ele>114.94</ele>
			</trkpt>
			<trkpt lat="48.45469" lon="-0.47661">
				<ele>114.94</ele>
			</trkpt>
			<trkpt lat="48.45432" lon="-0.47688">
				<ele>114.94</ele>
			</trkpt>
			<trkpt lat="48.45289" lon="-0.47837">
				<ele>119.32</ele>
			</trkpt>
			<trkpt lat="48.45158" lon="-0.47922">
				<ele>119.32</ele>
			</trkpt>
			<trkpt lat="48.45112" lon="-0.47959">
				<ele>119.32</ele>
			</trkpt>
			<trkpt lat="48.45076" lon="-0.48">
				<ele>119.32</ele>
			</trkpt>
			<trkpt lat="48.44974" lon="-0.4814">
				<ele>119.32</ele>
			</trkpt>
			<trkpt lat="48.44801" lon="-0.48465">
				<ele>119.32</ele>
			</trkpt>
			<trkpt lat="48.44759" lon="-0.48514">
				<ele>119.32</ele>
			</trkpt>
			<trkpt lat="48.44628" lon="-0.48603">
				<ele>119.32</ele>
			</trkpt>
			<trkpt lat="48.44593" lon="-0.48642">
				<ele>119.32</ele>
			</trkpt>
			<trkpt lat="48.44584" lon="-0.48626">
				<ele>119.32</ele>
			</trkpt>
			<trkpt lat="48.44507" lon="-0.48565">
				<ele>119.32</ele>
			</trkpt>
			<trkpt lat="48.44483" lon="-0.48586">
				<ele>119.32</ele>
			</trkpt>
			<trkpt lat="48.44472" lon="-0.48582">
				<ele>119.32</ele>
			</trkpt>
			<trkpt lat="48.4426" lon="-0.4842">
				<ele>119.33</ele>
			</trkpt>
			<trkpt lat="48.44245" lon="-0.48428">
				<ele>119.33</ele>
			</trkpt>
			<trkpt lat="48.44239" lon="-0.48409">
				<ele>119.33</ele>
			</trkpt>
			<trkpt lat="48.44244" lon="-0.48385">
				<ele>119.33</ele>
			</trkpt>
			<trkpt lat="48.44256" lon="-0.48362">
				<ele>119.33</ele>
			</trkpt>
			<trkpt lat="48.44271" lon="-0.48321">
				<ele>119.33</ele>
			</trkpt>
			<trkpt lat="48.44355" lon="-0.48026">
				<ele>119.33</ele>
			</trkpt>
			<trkpt lat="48.44236" lon="-0.48029">
				<ele>119.33</ele>
			</trkpt>
			<trkpt lat="48.44212" lon="-0.48048">
				<ele>119.33</ele>
			</trkpt>
			<trkpt lat="48.44178" lon="-0.4809">
				<ele>119.33</ele>
			</trkpt>
			<trkpt lat="48.44025" lon="-0.48334">
				<ele>119.33</ele>
			</trkpt>
			<trkpt lat="48.44028" lon="-0.4835">
				<ele>119.33</ele>
			</trkpt>
			<trkpt lat="48.44026" lon="-0.48372">
				<ele>119.33</ele>
			</trkpt>
			<trkpt lat="48.43995" lon="-0.4842">
				<ele>119.62</ele>
			</trkpt>
			<trkpt lat="48.44005" lon="-0.48452">
				<ele>119.62</ele>
			</trkpt>
			<trkpt lat="48.43994" lon="-0.48475">
				<ele>119.62</ele>
			</trkpt>
			<trkpt lat="48.43966" lon="-0.48489">
				<ele>119.62</ele>
			</trkpt>
			<trkpt lat="48.43944" lon="-0.4852">
				<ele>119.62</ele>
			</trkpt>
			<trkpt lat="48.43872" lon="-0.48573">
				<ele>119.62</ele>
			</trkpt>
			<trkpt lat="48.43821" lon="-0.48633">
				<ele>119.62</ele>
			</trkpt>
			<trkpt lat="48.43803" lon="-0.48647">
				<ele>119.62</ele>
			</trkpt>
			<trkpt lat="48.43766" lon="-0.4866">
				<ele>119.62</ele>
			</trkpt>
			<trkpt lat="48.43734" lon="-0.48697">
				<ele>119.62</ele>
			</trkpt>
			<trkpt lat="48.43723" lon="-0.48703">
				<ele>119.62</ele>
			</trkpt>
			<trkpt lat="48.43698" lon="-0.48691">
				<ele>119.62</ele>
			</trkpt>
			<trkpt lat="48.43675" lon="-0.48652">
				<ele>119.62</ele>
			</trkpt>
			<trkpt lat="48.43656" lon="-0.48665">
				<ele>127.53</ele>
			</trkpt>
			<trkpt lat="48.43645" lon="-0.48691">
				<ele>127.53</ele>
			</trkpt>
			<trkpt lat="48.43621" lon="-0.48693">
				<ele>127.53</ele>
			</trkpt>
			<trkpt lat="48.43596" lon="-0.4872">
				<ele>127.53</ele>
			</trkpt>
			<trkpt lat="48.43489" lon="-0.48888">
				<ele>127.53</ele>
			</trkpt>
			<trkpt lat="48.43291" lon="-0.49113">
				<ele>127.53</ele>
			</trkpt>
			<trkpt lat="48.43251" lon="-0.49181">
				<ele>127.53</ele>
			</trkpt>
			<trkpt lat="48.43229" lon="-0.4924">
				<ele>127.53</ele>
			</trkpt>
			<trkpt lat="48.43225" lon="-0.49254">
				<ele>127.53</ele>
			</trkpt>
			<trkpt lat="48.4323" lon="-0.49275">
				<ele>127.53</ele>
			</trkpt>
			<trkpt lat="48.43245" lon="-0.49283">
				<ele>127.53</ele>
			</trkpt>
			<trkpt lat="48.43379" lon="-0.49278">
				<ele>127.53</ele>
			</trkpt>
			<trkpt lat="48.43394" lon="-0.49282">
				<ele>127.53</ele>
			</trkpt>
			<trkpt lat="48.43401" lon="-0.49334">
				<ele>103.18</ele>
			</trkpt>
			<trkpt lat="48.43425" lon="-0.49382">
				<ele>103.18</ele>
			</trkpt>
			<trkpt lat="48.43605" lon="-0.4944">
				<ele>103.18</ele>
			</trkpt>
			<trkpt lat="48.43638" lon="-0.49457">
				<ele>103.18</ele>
			</trkpt>
			<trkpt lat="48.43669" lon="-0.49517">
				<ele>103.18</ele>
			</trkpt>
			<trkpt lat="48.43747" lon="-0.49567">
				<ele>103.18</ele>
			</trkpt>
			<trkpt lat="48.43752" lon="-0.49555">
				<ele>103.18</ele>
			</trkpt>
			<trkpt lat="48.43802" lon="-0.49571">
				<ele>103.18</ele>
			</trkpt>
			<trkpt lat="48.43819" lon="-0.49583">
				<ele>103.18</ele>
			</trkpt>
			<trkpt lat="48.43846" lon="-0.49619">
				<ele>103.18</ele>
			</trkpt>
			<trkpt lat="48.43867" lon="-0.49668">
				<ele>103.18</ele>
			</trkpt>
			<trkpt lat="48.43895" lon="-0.49718">
				<ele>103.18</ele>
			</trkpt>
			<trkpt lat="48.43923" lon="-0.4976">
				<ele>103.18</ele>
			</trkpt>
			<trkpt lat="48.43943" lon="-0.49773">
				<ele>117.59</ele>
			</trkpt>
			<trkpt lat="48.43974" lon="-0.498">
				<ele>117.59</ele>
			</trkpt>
			<trkpt lat="48.43989" lon="-0.49806">
				<ele>117.59</ele>
			</trkpt>
			<trkpt lat="48.44004" lon="-0.49808">
				<ele>117.59</ele>
			</trkpt>
			<trkpt lat="48.44013" lon="-0.49817">
				<ele>117.59</ele>
			</trkpt>
			<trkpt lat="48.44028" lon="-0.49824">
				<ele>117.59</ele>
			</trkpt>
			<trkpt lat="48.44059" lon="-0.49868">
				<ele>117.59</ele>
			</trkpt>
			<trkpt lat="48.4408" lon="-0.49876">
				<ele>117.59</ele>
			</trkpt>
			<trkpt lat="48.44129" lon="-0.4985">
				<ele>117.59</ele>
			</trkpt>
			<trkpt lat="48.44202" lon="-0.49781">
				<ele>117.59</ele>
			</trkpt>
			<trkpt lat="48.44237" lon="-0.49765">
				<ele>117.59</ele>
			</trkpt>
			<trkpt lat="48.44279" lon="-0.49769">
				<ele>117.59</ele>
			</trkpt>
			<trkpt lat="48.44309" lon="-0.49743">
				<ele>117.59</ele>
			</trkpt>
			<trkpt lat="48.44354" lon="-0.49687">
				<ele>123.48</ele>
			</trkpt>
			<trkpt lat="48.44485" lon="-0.49912">
				<ele>123.48</ele>
			</trkpt>
			<trkpt lat="48.44586" lon="-0.50107">
				<ele>123.48</ele>
			</trkpt>
			<trkpt lat="48.44566" lon="-0.50122">
				<ele>123.48</ele>
			</trkpt>
			<trkpt lat="48.44541" lon="-0.50126">
				<ele>123.48</ele>
			</trkpt>
			<trkpt lat="48.44509" lon="-0.50118">
				<ele>123.48</ele>
			</trkpt>
			<trkpt lat="48.44501" lon="-0.50148">
				<ele>123.48</ele>
			</trkpt>
			<trkpt lat="48.44651" lon="-0.50301">
				<ele>123.48</ele>
			</trkpt>
			<trkpt lat="48.44724" lon="-0.50335">
				<ele>123.48</ele>
			</trkpt>
			<trkpt lat="48.44748" lon="-0.50354">
				<ele>123.48</ele>
			</trkpt>
			<trkpt lat="48.44765" lon="-0.50343">
				<ele>123.48</ele>
			</trkpt>
			<trkpt lat="48.4475" lon="-0.50307">
				<ele>123.48</ele>
			</trkpt>
			<trkpt lat="48.44748" lon="-0.50278">
				<ele>123.48</ele>
			</trkpt>
			<trkpt lat="48.44786" lon="-0.50252">
				<ele>121.51</ele>
			</trkpt>
			<trkpt lat="48.44802" lon="-0.5027">
				<ele>121.51</ele>
			</trkpt>
			<trkpt lat="48.44821" lon="-0.5031">
				<ele>121.51</ele>
			</trkpt>
			<trkpt lat="48.44784" lon="-0.5037">
				<ele>121.51</ele>
			</trkpt>
			<trkpt lat="48.44766" lon="-0.50343">
				<ele>121.51</ele>
			</trkpt>
			<trkpt lat="48.44748" lon="-0.50354">
				<ele>121.51</ele>
			</trkpt>
			<trkpt lat="48.44725" lon="-0.50336">
				<ele>121.51</ele>
			</trkpt>
			<trkpt lat="48.44653" lon="-0.50303">
				<ele>121.51</ele>
			</trkpt>
			<trkpt lat="48.44503" lon="-0.5015">
				<ele>121.51</ele>
			</trkpt>
			<trkpt lat="48.44509" lon="-0.50118">
				<ele>121.51</ele>
			</trkpt>
			<trkpt lat="48.4454" lon="-0.50126">
				<ele>121.51</ele>
			</trkpt>
			<trkpt lat="48.44566" lon="-0.50122">
				<ele>121.51</ele>
			</trkpt>
			<trkpt lat="48.44587" lon="-0.5011">
				<ele>121.51</ele>
			</trkpt>
			<trkpt lat="48.44488" lon="-0.49917">
				<ele>128.44</ele>
			</trkpt>
			<trkpt lat="48.44356" lon="-0.49689">
				<ele>128.44</ele>
			</trkpt>
			<trkpt lat="48.4431" lon="-0.49743">
				<ele>128.44</ele>
			</trkpt>
			<trkpt lat="48.44279" lon="-0.49769">
				<ele>128.44</ele>
			</trkpt>
			<trkpt lat="48.44239" lon="-0.49759">
				<ele>128.44</ele>
			</trkpt>
			<trkpt lat="48.44189" lon="-0.49896">
				<ele>128.44</ele>
			</trkpt>
			<trkpt lat="48.44161" lon="-0.49884">
				<ele>128.44</ele>
			</trkpt>
			<trkpt lat="48.44139" lon="-0.49891">
				<ele>128.44</ele>
			</trkpt>
			<trkpt lat="48.44129" lon="-0.4985">
				<ele>128.44</ele>
			</trkpt>
			<trkpt lat="48.44081" lon="-0.49876">
				<ele>128.44</ele>
			</trkpt>
			<trkpt lat="48.44057" lon="-0.49902">
				<ele>128.44</ele>
			</trkpt>
			<trkpt lat="48.44041" lon="-0.49915">
				<ele>128.44</ele>
			</trkpt>
			<trkpt lat="48.43972" lon="-0.49945">
				<ele>128.44</ele>
			</trkpt>
			<trkpt lat="48.43959" lon="-0.49912">
				<ele>141.61</ele>
			</trkpt>
			<trkpt lat="48.43947" lon="-0.49895">
				<ele>141.61</ele>
			</trkpt>
			<trkpt lat="48.43925" lon="-0.49915">
				<ele>141.61</ele>
			</trkpt>
			<trkpt lat="48.439" lon="-0.49929">
				<ele>141.61</ele>
			</trkpt>
			<trkpt lat="48.43887" lon="-0.49936">
				<ele>141.61</ele>
			</trkpt>
			<trkpt lat="48.43855" lon="-0.49953">
				<ele>141.61</ele>
			</trkpt>
			<trkpt lat="48.43856" lon="-0.49973">
				<ele>141.61</ele>
			</trkpt>
			<trkpt lat="48.43842" lon="-0.49978">
				<ele>141.61</ele>
			</trkpt>
			<trkpt lat="48.43842" lon="-0.50022">
				<ele>141.61</ele>
			</trkpt>
			<trkpt lat="48.43785" lon="-0.50027">
				<ele>141.61</ele>
			</trkpt>
			<trkpt lat="48.43787" lon="-0.50181">
				<ele>141.61</ele>
			</trkpt>
			<trkpt lat="48.43759" lon="-0.50234">
				<ele>141.61</ele>
			</trkpt>
			<trkpt lat="48.43753" lon="-0.50267">
				<ele>141.61</ele>
			</trkpt>
			<trkpt lat="48.43765" lon="-0.50332">
				<ele>121.96</ele>
			</trkpt>
			<trkpt lat="48.43788" lon="-0.50439">
				<ele>121.96</ele>
			</trkpt>
			<trkpt lat="48.43794" lon="-0.50517">
				<ele>121.96</ele>
			</trkpt>
			<trkpt lat="48.43796" lon="-0.50652">
				<ele>121.96</ele>
			</trkpt>
			<trkpt lat="48.43788" lon="-0.50704">
				<ele>121.96</ele>
			</trkpt>
			<trkpt lat="48.43809" lon="-0.50879">
				<ele>121.96</ele>
			</trkpt>
			<trkpt lat="48.43804" lon="-0.50948">
				<ele>121.96</ele>
			</trkpt>
			<trkpt lat="48.43809" lon="-0.50995">
				<ele>121.96</ele>
			</trkpt>
			<trkpt lat="48.43842" lon="-0.51087">
				<ele>121.96</ele>
			</trkpt>
			<trkpt lat="48.43841" lon="-0.5119">
				<ele>121.96</ele>
			</trkpt>
			<trkpt lat="48.43858" lon="-0.5125">
				<ele>121.96</ele>
			</trkpt>
			<trkpt lat="48.43899" lon="-0.51341">
				<ele>121.96</ele>
			</trkpt>
			<trkpt lat="48.4393" lon="-0.51381">
				<ele>121.96</ele>
			</trkpt>
			<trkpt lat="48.43933" lon="-0.51412">
				<ele>136.43</ele>
			</trkpt>
			<trkpt lat="48.43916" lon="-0.51455">
				<ele>136.43</ele>
			</trkpt>
			<trkpt lat="48.43906" lon="-0.5146">
				<ele>136.43</ele>
			</trkpt>
			<trkpt lat="48.43894" lon="-0.51497">
				<ele>136.43</ele>
			</trkpt>
			<trkpt lat="48.43859" lon="-0.51546">
				<ele>136.43</ele>
			</trkpt>
			<trkpt lat="48.43867" lon="-0.51606">
				<ele>136.43</ele>
			</trkpt>
			<trkpt lat="48.43866" lon="-0.51638">
				<ele>136.43</ele>
			</trkpt>
			<trkpt lat="48.43857" lon="-0.51682">
				<ele>136.43</ele>
			</trkpt>
			<trkpt lat="48.43764" lon="-0.5185">
				<ele>136.43</ele>
			</trkpt>
			<trkpt lat="48.4372" lon="-0.51983">
				<ele>136.43</ele>
			</trkpt>
			<trkpt lat="48.43708" lon="-0.52073">
				<ele>136.43</ele>
			</trkpt>
			<trkpt lat="48.43689" lon="-0.52142">
				<ele>136.43</ele>
			</trkpt>
			<trkpt lat="48.4365" lon="-0.52204">
				<ele>136.43</ele>
			</trkpt>
			<trkpt lat="48.43621" lon="-0.52194">
				<ele>129.69</ele>
			</trkpt>
			<trkpt lat="48.43609" lon="-0.52197">
				<ele>129.69</ele>
			</trkpt>
			<trkpt lat="48.4361" lon="-0.52286">
				<ele>129.69</ele>
			</trkpt>
			<trkpt lat="48.43599" lon="-0.52364">
				<ele>129.69</ele>
			</trkpt>
			<trkpt lat="48.43525" lon="-0.52744">
				<ele>129.69</ele>
			</trkpt>
			<trkpt lat="48.43546" lon="-0.52805">
				<ele>129.69</ele>
			</trkpt>
			<trkpt lat="48.43551" lon="-0.52847">
				<ele>129.69</ele>
			</trkpt>
			<trkpt lat="48.43556" lon="-0.5312">
				<ele>129.69</ele>
			</trkpt>
			<trkpt lat="48.43556" lon="-0.53157">
				<ele>129.69</ele>
			</trkpt>
			<trkpt lat="48.43529" lon="-0.5326">
				<ele>129.69</ele>
			</trkpt>
			<trkpt lat="48.43523" lon="-0.53304">
				<ele>129.69</ele>
			</trkpt>
			<trkpt lat="48.43542" lon="-0.53628">
				<ele>129.69</ele>
			</trkpt>
			<trkpt lat="48.4355" lon="-0.53688">
				<ele>129.69</ele>
			</trkpt>
			<trkpt lat="48.43615" lon="-0.53998">
				<ele>109.03</ele>
			</trkpt>
			<trkpt lat="48.43622" lon="-0.54073">
				<ele>109.03</ele>
			</trkpt>
			<trkpt lat="48.43614" lon="-0.54166">
				<ele>109.03</ele>
			</trkpt>
			<trkpt lat="48.43633" lon="-0.5428">
				<ele>109.03</ele>
			</trkpt>
			<trkpt lat="48.43631" lon="-0.54481">
				<ele>109.03</ele>
			</trkpt>
			<trkpt lat="48.43655" lon="-0.54637">
				<ele>109.03</ele>
			</trkpt>
			<trkpt lat="48.43644" lon="-0.54767">
				<ele>109.03</ele>
			</trkpt>
			<trkpt lat="48.4365" lon="-0.54859">
				<ele>109.03</ele>
			</trkpt>
			<trkpt lat="48.43639" lon="-0.5492">
				<ele>109.03</ele>
			</trkpt>
			<trkpt lat="48.43621" lon="-0.54973">
				<ele>109.03</ele>
			</trkpt>
			<trkpt lat="48.43608" lon="-0.55042">
				<ele>109.03</ele>
			</trkpt>
			<trkpt lat="48.43537" lon="-0.55161">
				<ele>109.03</ele>
			</trkpt>
			<trkpt lat="48.4353" lon="-0.55202">
				<ele>109.03</ele>
			</trkpt>
			<trkpt lat="48.43541" lon="-0.55335">
				<ele>132.26</ele>
			</trkpt>
			<trkpt lat="48.43536" lon="-0.55474">
				<ele>132.26</ele>
			</trkpt>
			<trkpt lat="48.4354" lon="-0.55506">
				<ele>132.26</ele>
			</trkpt>
			<trkpt lat="48.43555" lon="-0.55542">
				<ele>132.26</ele>
			</trkpt>
			<trkpt lat="48.43577" lon="-0.55586">
				<ele>132.26</ele>
			</trkpt>
			<trkpt lat="48.4359" lon="-0.55628">
				<ele>132.26</ele>
			</trkpt>
			<trkpt lat="48.4361" lon="-0.55736">
				<ele>132.26</ele>
			</trkpt>
			<trkpt lat="48.43623" lon="-0.55871">
				<ele>132.26</ele>
			</trkpt>
			<trkpt lat="48.43653" lon="-0.5597">
				<ele>132.26</ele>
			</trkpt>
			<trkpt lat="48.43638" lon="-0.56116">
				<ele>132.26</ele>
			</trkpt>
			<trkpt lat="48.43623" lon="-0.56156">
				<ele>132.26</ele>
			</trkpt>
			<trkpt lat="48.43441" lon="-0.56359">
				<ele>132.26</ele>
			</trkpt>
			<trkpt lat="48.43426" lon="-0.56393">
				<ele>132.26</ele>
			</trkpt>
			<trkpt lat="48.43399" lon="-0.56494">
				<ele>110</ele>
			</trkpt>
			<trkpt lat="48.4339" lon="-0.56513">
				<ele>110</ele>
			</trkpt>
			<trkpt lat="48.43371" lon="-0.56532">
				<ele>110</ele>
			</trkpt>
			<trkpt lat="48.43328" lon="-0.56537">
				<ele>110</ele>
			</trkpt>
			<trkpt lat="48.43298" lon="-0.5655">
				<ele>110</ele>
			</trkpt>
			<trkpt lat="48.43274" lon="-0.56577">
				<ele>110</ele>
			</trkpt>
			<trkpt lat="48.43251" lon="-0.56624">
				<ele>110</ele>
			</trkpt>
			<trkpt lat="48.43175" lon="-0.56836">
				<ele>110</ele>
			</trkpt>
			<trkpt lat="48.43151" lon="-0.56922">
				<ele>110</ele>
			</trkpt>
			<trkpt lat="48.43136" lon="-0.57">
				<ele>110</ele>
			</trkpt>
			<trkpt lat="48.43126" lon="-0.57269">
				<ele>110</ele>
			</trkpt>
			<trkpt lat="48.43122" lon="-0.57294">
				<ele>110</ele>
			</trkpt>
			<trkpt lat="48.43107" lon="-0.57332">
				<ele>110</ele>
			</trkpt>
			<trkpt lat="48.4308" lon="-0.57364">
				<ele>123.38</ele>
			</trkpt>
			<trkpt lat="48.43061" lon="-0.57396">
				<ele>123.38</ele>
			</trkpt>
			<trkpt lat="48.43033" lon="-0.57457">
				<ele>123.38</ele>
			</trkpt>
			<trkpt lat="48.42967" lon="-0.57506">
				<ele>123.38</ele>
			</trkpt>
			<trkpt lat="48.42908" lon="-0.5752">
				<ele>123.38</ele>
			</trkpt>
			<trkpt lat="48.42725" lon="-0.57512">
				<ele>123.38</ele>
			</trkpt>
			<trkpt lat="48.42677" lon="-0.57486">
				<ele>123.38</ele>
			</trkpt>
			<trkpt lat="48.42677" lon="-0.575">
				<ele>123.38</ele>
			</trkpt>
			<trkpt lat="48.42721" lon="-0.57607">
				<ele>123.38</ele>
			</trkpt>
			<trkpt lat="48.42723" lon="-0.57722">
				<ele>123.38</ele>
			</trkpt>
			<trkpt lat="48.42727" lon="-0.57764">
				<ele>123.38</ele>
			</trkpt>
			<trkpt lat="48.42758" lon="-0.57891">
				<ele>123.38</ele>
			</trkpt>
			<trkpt lat="48.42784" lon="-0.57987">
				<ele>123.38</ele>
			</trkpt>
			<trkpt lat="48.42832" lon="-0.58087">
				<ele>132.6</ele>
			</trkpt>
			<trkpt lat="48.42842" lon="-0.58154">
				<ele>132.6</ele>
			</trkpt>
			<trkpt lat="48.42852" lon="-0.58249">
				<ele>132.6</ele>
			</trkpt>
			<trkpt lat="48.42848" lon="-0.58289">
				<ele>132.6</ele>
			</trkpt>
			<trkpt lat="48.42831" lon="-0.58347">
				<ele>132.6</ele>
			</trkpt>
			<trkpt lat="48.42809" lon="-0.58483">
				<ele>132.6</ele>
			</trkpt>
			<trkpt lat="48.42798" lon="-0.58525">
				<ele>132.6</ele>
			</trkpt>
			<trkpt lat="48.42743" lon="-0.58602">
				<ele>132.6</ele>
			</trkpt>
			<trkpt lat="48.42656" lon="-0.58845">
				<ele>132.6</ele>
			</trkpt>
			<trkpt lat="48.42641" lon="-0.5891">
				<ele>132.6</ele>
			</trkpt>
			<trkpt lat="48.42629" lon="-0.58935">
				<ele>132.6</ele>
			</trkpt>
			<trkpt lat="48.42557" lon="-0.59027">
				<ele>132.6</ele>
			</trkpt>
			<trkpt lat="48.42501" lon="-0.59068">
				<ele>132.6</ele>
			</trkpt>
			<trkpt lat="48.42445" lon="-0.5915">
				<ele>129.45</ele>
			</trkpt>
			<trkpt lat="48.42381" lon="-0.5926">
				<ele>129.45</ele>
			</trkpt>
			<trkpt lat="48.4236" lon="-0.59282">
				<ele>129.45</ele>
			</trkpt>
			<trkpt lat="48.42337" lon="-0.59295">
				<ele>129.45</ele>
			</trkpt>
			<trkpt lat="48.42241" lon="-0.593">
				<ele>129.45</ele>
			</trkpt>
			<trkpt lat="48.42196" lon="-0.59314">
				<ele>129.45</ele>
			</trkpt>
			<trkpt lat="48.42151" lon="-0.59343">
				<ele>129.45</ele>
			</trkpt>
			<trkpt lat="48.42111" lon="-0.59384">
				<ele>129.45</ele>
			</trkpt>
			<trkpt lat="48.42077" lon="-0.5941">
				<ele>129.45</ele>
			</trkpt>
			<trkpt lat="48.42039" lon="-0.59426">
				<ele>129.45</ele>
			</trkpt>
			<trkpt lat="48.41937" lon="-0.59443">
				<ele>129.45</ele>
			</trkpt>
			<trkpt lat="48.41885" lon="-0.59438">
				<ele>129.45</ele>
			</trkpt>
			<trkpt lat="48.41774" lon="-0.59446">
				<ele>129.45</ele>
			</trkpt>
			<trkpt lat="48.41746" lon="-0.59458">
				<ele>121.28</ele>
			</trkpt>
			<trkpt lat="48.41647" lon="-0.59515">
				<ele>121.28</ele>
			</trkpt>
			<trkpt lat="48.4152" lon="-0.59657">
				<ele>121.28</ele>
			</trkpt>
			<trkpt lat="48.41453" lon="-0.59717">
				<ele>121.28</ele>
			</trkpt>
			<trkpt lat="48.41398" lon="-0.59743">
				<ele>121.28</ele>
			</trkpt>
			<trkpt lat="48.41356" lon="-0.59778">
				<ele>121.28</ele>
			</trkpt>
			<trkpt lat="48.41295" lon="-0.59824">
				<ele>121.28</ele>
			</trkpt>
			<trkpt lat="48.41238" lon="-0.59906">
				<ele>121.28</ele>
			</trkpt>
			<trkpt lat="48.41112" lon="-0.60035">
				<ele>121.28</ele>
			</trkpt>
			<trkpt lat="48.41011" lon="-0.60148">
				<ele>121.28</ele>
			</trkpt>
			<trkpt lat="48.40789" lon="-0.60267">
				<ele>121.28</ele>
			</trkpt>
			<trkpt lat="48.40725" lon="-0.60341">
				<ele>121.28</ele>
			</trkpt>
			<trkpt lat="48.40686" lon="-0.60372">
				<ele>121.28</ele>
			</trkpt>
			<trkpt lat="48.40645" lon="-0.60392">
				<ele>120.59</ele>
			</trkpt>
			<trkpt lat="48.40626" lon="-0.6042">
				<ele>120.59</ele>
			</trkpt>
			<trkpt lat="48.40613" lon="-0.60454">
				<ele>120.59</ele>
			</trkpt>
			<trkpt lat="48.40532" lon="-0.60575">
				<ele>120.59</ele>
			</trkpt>
			<trkpt lat="48.40474" lon="-0.60645">
				<ele>120.59</ele>
			</trkpt>
			<trkpt lat="48.40461" lon="-0.60648">
				<ele>120.59</ele>
			</trkpt>
			<trkpt lat="48.40438" lon="-0.6072">
				<ele>120.59</ele>
			</trkpt>
			<trkpt lat="48.40416" lon="-0.60677">
				<ele>120.59</ele>
			</trkpt>
			<trkpt lat="48.40395" lon="-0.6066">
				<ele>120.59</ele>
			</trkpt>
			<trkpt lat="48.40376" lon="-0.60658">
				<ele>120.59</ele>
			</trkpt>
			<trkpt lat="48.40222" lon="-0.60699">
				<ele>120.59</ele>
			</trkpt>
			<trkpt lat="48.40191" lon="-0.607">
				<ele>120.59</ele>
			</trkpt>
			<trkpt lat="48.40143" lon="-0.60679">
				<ele>120.59</ele>
			</trkpt>
			<trkpt lat="48.40102" lon="-0.60637">
				<ele>124.6</ele>
			</trkpt>
			<trkpt lat="48.40088" lon="-0.60612">
				<ele>124.6</ele>
			</trkpt>
			<trkpt lat="48.39813" lon="-0.60932">
				<ele>124.6</ele>
			</trkpt>
			<trkpt lat="48.39791" lon="-0.60951">
				<ele>124.6</ele>
			</trkpt>
			<trkpt lat="48.39717" lon="-0.60964">
				<ele>124.6</ele>
			</trkpt>
			<trkpt lat="48.3967" lon="-0.60928">
				<ele>124.6</ele>
			</trkpt>
			<trkpt lat="48.39625" lon="-0.60922">
				<ele>124.6</ele>
			</trkpt>
			<trkpt lat="48.39595" lon="-0.60898">
				<ele>124.6</ele>
			</trkpt>
			<trkpt lat="48.39582" lon="-0.60906">
				<ele>124.6</ele>
			</trkpt>
			<trkpt lat="48.39498" lon="-0.60656">
				<ele>124.6</ele>
			</trkpt>
			<trkpt lat="48.39138" lon="-0.59727">
				<ele>124.6</ele>
			</trkpt>
			<trkpt lat="48.38706" lon="-0.58591">
				<ele>124.6</ele>
			</trkpt>
			<trkpt lat="48.38638" lon="-0.5844">
				<ele>124.6</ele>
			</trkpt>
			<trkpt lat="48.38532" lon="-0.58242">
				<ele>126.6</ele>
			</trkpt>
			<trkpt lat="48.38435" lon="-0.58086">
				<ele>126.6</ele>
			</trkpt>
			<trkpt lat="48.38207" lon="-0.57798">
				<ele>126.6</ele>
			</trkpt>
			<trkpt lat="48.38137" lon="-0.5773">
				<ele>126.6</ele>
			</trkpt>
			<trkpt lat="48.38073" lon="-0.57679">
				<ele>126.6</ele>
			</trkpt>
			<trkpt lat="48.37935" lon="-0.57578">
				<ele>126.6</ele>
			</trkpt>
			<trkpt lat="48.37817" lon="-0.57502">
				<ele>126.6</ele>
			</trkpt>
			<trkpt lat="48.37222" lon="-0.57133">
				<ele>126.6</ele>
			</trkpt>
			<trkpt lat="48.3712" lon="-0.57066">
				<ele>126.6</ele>
			</trkpt>
			<trkpt lat="48.37034" lon="-0.57">
				<ele>126.6</ele>
			</trkpt>
			<trkpt lat="48.36578" lon="-0.56573">
				<ele>126.6</ele>
			</trkpt>
			<trkpt lat="48.36151" lon="-0.56168">
				<ele>126.6</ele>
			</trkpt>
			<trkpt lat="48.36071" lon="-0.56109">
				<ele>126.6</ele>
			</trkpt>
			<trkpt lat="48.35981" lon="-0.56069">
				<ele>130.77</ele>
			</trkpt>
			<trkpt lat="48.3594" lon="-0.56056">
				<ele>130.77</ele>
			</trkpt>
			<trkpt lat="48.35877" lon="-0.56047">
				<ele>130.77</ele>
			</trkpt>
			<trkpt lat="48.35759" lon="-0.56053">
				<ele>130.77</ele>
			</trkpt>
			<trkpt lat="48.35695" lon="-0.56074">
				<ele>130.77</ele>
			</trkpt>
			<trkpt lat="48.35018" lon="-0.56437">
				<ele>130.77</ele>
			</trkpt>
			<trkpt lat="48.34355" lon="-0.56608">
				<ele>130.77</ele>
			</trkpt>
			<trkpt lat="48.34231" lon="-0.56663">
				<ele>130.77</ele>
			</trkpt>
			<trkpt lat="48.34147" lon="-0.56715">
				<ele>130.77</ele>
			</trkpt>
			<trkpt lat="48.33872" lon="-0.5692">
				<ele>130.77</ele>
			</trkpt>
			<trkpt lat="48.33813" lon="-0.56975">
				<ele>130.77</ele>
			</trkpt>
			<trkpt lat="48.33773" lon="-0.57025">
				<ele>130.77</ele>
			</trkpt>
			<trkpt lat="48.3372" lon="-0.57111">
				<ele>130.77</ele>
			</trkpt>
			<trkpt lat="48.33681" lon="-0.57204">
				<ele>135.5</ele>
			</trkpt>
			<trkpt lat="48.3367" lon="-0.57236">
				<ele>135.5</ele>
			</trkpt>
			<trkpt lat="48.33659" lon="-0.57273">
				<ele>135.5</ele>
			</trkpt>
			<trkpt lat="48.33588" lon="-0.57618">
				<ele>135.5</ele>
			</trkpt>
			<trkpt lat="48.33537" lon="-0.57768">
				<ele>135.5</ele>
			</trkpt>
			<trkpt lat="48.3348" lon="-0.57884">
				<ele>135.5</ele>
			</trkpt>
			<trkpt lat="48.33394" lon="-0.5801">
				<ele>135.5</ele>
			</trkpt>
			<trkpt lat="48.32876" lon="-0.58572">
				<ele>135.5</ele>
			</trkpt>
			<trkpt lat="48.32541" lon="-0.58929">
				<ele>135.5</ele>
			</trkpt>
			<trkpt lat="48.32388" lon="-0.59088">
				<ele>135.5</ele>
			</trkpt>
			<trkpt lat="48.32329" lon="-0.59138">
				<ele>135.5</ele>
			</trkpt>
			<trkpt lat="48.3226" lon="-0.59178">
				<ele>135.5</ele>
			</trkpt>
			<trkpt lat="48.32209" lon="-0.59199">
				<ele>135.5</ele>
			</trkpt>
			<trkpt lat="48.32138" lon="-0.59215">
				<ele>138.99</ele>
			</trkpt>
			<trkpt lat="48.31995" lon="-0.59224">
				<ele>138.99</ele>
			</trkpt>
			<trkpt lat="48.31892" lon="-0.59221">
				<ele>138.99</ele>
			</trkpt>
			<trkpt lat="48.31645" lon="-0.59233">
				<ele>138.99</ele>
			</trkpt>
			<trkpt lat="48.31564" lon="-0.59251">
				<ele>138.99</ele>
			</trkpt>
			<trkpt lat="48.31398" lon="-0.59303">
				<ele>138.99</ele>
			</trkpt>
			<trkpt lat="48.31317" lon="-0.59346">
				<ele>138.99</ele>
			</trkpt>
			<trkpt lat="48.31201" lon="-0.59418">
				<ele>138.99</ele>
			</trkpt>
			<trkpt lat="48.31057" lon="-0.59537">
				<ele>138.99</ele>
			</trkpt>
			<trkpt lat="48.30916" lon="-0.59695">
				<ele>138.99</ele>
			</trkpt>
			<trkpt lat="48.30714" lon="-0.59942">
				<ele>138.99</ele>
			</trkpt>
			<trkpt lat="48.30667" lon="-0.59997">
				<ele>138.99</ele>
			</trkpt>
			<trkpt lat="48.30654" lon="-0.59957">
				<ele>138.99</ele>
			</trkpt>
			<trkpt lat="48.30618" lon="-0.59926">
				<ele>144.83</ele>
			</trkpt>
			<trkpt lat="48.30596" lon="-0.59887">
				<ele>144.83</ele>
			</trkpt>
			<trkpt lat="48.30587" lon="-0.59882">
				<ele>144.83</ele>
			</trkpt>
			<trkpt lat="48.30601" lon="-0.59782">
				<ele>144.83</ele>
			</trkpt>
			<trkpt lat="48.30593" lon="-0.59585">
				<ele>144.83</ele>
			</trkpt>
			<trkpt lat="48.30519" lon="-0.59199">
				<ele>144.83</ele>
			</trkpt>
			<trkpt lat="48.30494" lon="-0.58925">
				<ele>144.83</ele>
			</trkpt>
			<trkpt lat="48.30399" lon="-0.58978">
				<ele>144.83</ele>
			</trkpt>
			<trkpt lat="48.3028" lon="-0.59057">
				<ele>144.83</ele>
			</trkpt>
			<trkpt lat="48.30118" lon="-0.59182">
				<ele>144.83</ele>
			</trkpt>
			<trkpt lat="48.30065" lon="-0.59216">
				<ele>144.83</ele>
			</trkpt>
			<trkpt lat="48.30003" lon="-0.59216">
				<ele>144.83</ele>
			</trkpt>
			<trkpt lat="48.29943" lon="-0.59244">
				<ele>144.83</ele>
			</trkpt>
			<trkpt lat="48.29931" lon="-0.59255">
				<ele>141.96</ele>
			</trkpt>
			<trkpt lat="48.29934" lon="-0.59234">
				<ele>141.96</ele>
			</trkpt>
			<trkpt lat="48.29927" lon="-0.59223">
				<ele>141.96</ele>
			</trkpt>
			<trkpt lat="48.29917" lon="-0.59042">
				<ele>141.96</ele>
			</trkpt>
			<trkpt lat="48.29896" lon="-0.59006">
				<ele>141.96</ele>
			</trkpt>
			<trkpt lat="48.29766" lon="-0.59032">
				<ele>141.96</ele>
			</trkpt>
			<trkpt lat="48.29606" lon="-0.59083">
				<ele>141.96</ele>
			</trkpt>
			<trkpt lat="48.29405" lon="-0.59124">
				<ele>141.96</ele>
			</trkpt>
			<trkpt lat="48.29391" lon="-0.59134">
				<ele>141.96</ele>
			</trkpt>
			<trkpt lat="48.29268" lon="-0.59185">
				<ele>141.96</ele>
			</trkpt>
			<trkpt lat="48.2925" lon="-0.59196">
				<ele>141.96</ele>
			</trkpt>
			<trkpt lat="48.2924" lon="-0.59211">
				<ele>141.96</ele>
			</trkpt>
			<trkpt lat="48.29198" lon="-0.59201">
				<ele>141.96</ele>
			</trkpt>
			<trkpt lat="48.29071" lon="-0.59298">
				<ele>135.11</ele>
			</trkpt>
			<trkpt lat="48.29015" lon="-0.59351">
				<ele>135.11</ele>
			</trkpt>
			<trkpt lat="48.28949" lon="-0.59431">
				<ele>135.11</ele>
			</trkpt>
			<trkpt lat="48.28923" lon="-0.59474">
				<ele>135.11</ele>
			</trkpt>
			<trkpt lat="48.28884" lon="-0.5952">
				<ele>135.11</ele>
			</trkpt>
			<trkpt lat="48.28758" lon="-0.59769">
				<ele>135.11</ele>
			</trkpt>
			<trkpt lat="48.28753" lon="-0.59811">
				<ele>135.11</ele>
			</trkpt>
			<trkpt lat="48.28737" lon="-0.59852">
				<ele>135.11</ele>
			</trkpt>
			<trkpt lat="48.28704" lon="-0.59931">
				<ele>135.11</ele>
			</trkpt>
			<trkpt lat="48.28667" lon="-0.60076">
				<ele>135.11</ele>
			</trkpt>
			<trkpt lat="48.28608" lon="-0.60398">
				<ele>135.11</ele>
			</trkpt>
			<trkpt lat="48.28605" lon="-0.60428">
				<ele>135.11</ele>
			</trkpt>
			<trkpt lat="48.28563" lon="-0.60609">
				<ele>135.11</ele>
			</trkpt>
			<trkpt lat="48.28546" lon="-0.60706">
				<ele>126.08</ele>
			</trkpt>
			<trkpt lat="48.28511" lon="-0.60859">
				<ele>126.08</ele>
			</trkpt>
			<trkpt lat="48.28507" lon="-0.6093">
				<ele>126.08</ele>
			</trkpt>
			<trkpt lat="48.28439" lon="-0.60919">
				<ele>126.08</ele>
			</trkpt>
			<trkpt lat="48.28374" lon="-0.61251">
				<ele>126.08</ele>
			</trkpt>
			<trkpt lat="48.28359" lon="-0.61278">
				<ele>126.08</ele>
			</trkpt>
			<trkpt lat="48.28331" lon="-0.61301">
				<ele>126.08</ele>
			</trkpt>
			<trkpt lat="48.28291" lon="-0.613">
				<ele>126.08</ele>
			</trkpt>
			<trkpt lat="48.2826" lon="-0.6131">
				<ele>126.08</ele>
			</trkpt>
			<trkpt lat="48.28239" lon="-0.61336">
				<ele>126.08</ele>
			</trkpt>
			<trkpt lat="48.28222" lon="-0.61372">
				<ele>126.08</ele>
			</trkpt>
			<trkpt lat="48.28219" lon="-0.61431">
				<ele>126.08</ele>
			</trkpt>
			<trkpt lat="48.28225" lon="-0.61545">
				<ele>126.08</ele>
			</trkpt>
			<trkpt lat="48.28134" lon="-0.61484">
				<ele>120.18</ele>
			</trkpt>
			<trkpt lat="48.27855" lon="-0.61267">
				<ele>120.18</ele>
			</trkpt>
			<trkpt lat="48.27547" lon="-0.61042">
				<ele>120.18</ele>
			</trkpt>
			<trkpt lat="48.27422" lon="-0.6094">
				<ele>120.18</ele>
			</trkpt>
			<trkpt lat="48.27267" lon="-0.60855">
				<ele>120.18</ele>
			</trkpt>
			<trkpt lat="48.27163" lon="-0.6081">
				<ele>120.18</ele>
			</trkpt>
			<trkpt lat="48.27063" lon="-0.60779">
				<ele>120.18</ele>
			</trkpt>
			<trkpt lat="48.26962" lon="-0.60759">
				<ele>120.18</ele>
			</trkpt>
			<trkpt lat="48.26752" lon="-0.60752">
				<ele>120.18</ele>
			</trkpt>
			<trkpt lat="48.25965" lon="-0.60768">
				<ele>120.18</ele>
			</trkpt>
			<trkpt lat="48.25136" lon="-0.60773">
				<ele>120.18</ele>
			</trkpt>
			<trkpt lat="48.24816" lon="-0.60782">
				<ele>120.18</ele>
			</trkpt>
			<trkpt lat="48.24679" lon="-0.60797">
				<ele>120.18</ele>
			</trkpt>
			<trkpt lat="48.24576" lon="-0.60818">
				<ele>127.6</ele>
			</trkpt>
			<trkpt lat="48.24443" lon="-0.60864">
				<ele>127.6</ele>
			</trkpt>
			<trkpt lat="48.24328" lon="-0.60914">
				<ele>127.6</ele>
			</trkpt>
			<trkpt lat="48.24233" lon="-0.60965">
				<ele>127.6</ele>
			</trkpt>
			<trkpt lat="48.23924" lon="-0.61176">
				<ele>127.6</ele>
			</trkpt>
			<trkpt lat="48.23471" lon="-0.61497">
				<ele>127.6</ele>
			</trkpt>
			<trkpt lat="48.23341" lon="-0.6158">
				<ele>127.6</ele>
			</trkpt>
			<trkpt lat="48.23211" lon="-0.61647">
				<ele>127.6</ele>
			</trkpt>
			<trkpt lat="48.21218" lon="-0.62522">
				<ele>127.6</ele>
			</trkpt>
			<trkpt lat="48.21101" lon="-0.62569">
				<ele>127.6</ele>
			</trkpt>
			<trkpt lat="48.20883" lon="-0.6268">
				<ele>127.6</ele>
			</trkpt>
			<trkpt lat="48.19584" lon="-0.63502">
				<ele>127.6</ele>
			</trkpt>
			<trkpt lat="48.19299" lon="-0.63662">
				<ele>127.6</ele>
			</trkpt>
			<trkpt lat="48.18829" lon="-0.6371">
				<ele>124.32</ele>
			</trkpt>
			<trkpt lat="48.18153" lon="-0.63815">
				<ele>124.32</ele>
			</trkpt>
			<trkpt lat="48.17406" lon="-0.63646">
				<ele>124.32</ele>
			</trkpt>
			<trkpt lat="48.1716" lon="-0.63592">
				<ele>124.32</ele>
			</trkpt>
			<trkpt lat="48.1659" lon="-0.63474">
				<ele>124.32</ele>
			</trkpt>
			<trkpt lat="48.15849" lon="-0.63127">
				<ele>124.32</ele>
			</trkpt>
			<trkpt lat="48.15323" lon="-0.62896">
				<ele>124.32</ele>
			</trkpt>
			<trkpt lat="48.15284" lon="-0.62884">
				<ele>124.32</ele>
			</trkpt>
			<trkpt lat="48.15131" lon="-0.62865">
				<ele>124.32</ele>
			</trkpt>
			<trkpt lat="48.14914" lon="-0.62852">
				<ele>124.32</ele>
			</trkpt>
			<trkpt lat="48.14824" lon="-0.62863">
				<ele>124.32</ele>
			</trkpt>
			<trkpt lat="48.14546" lon="-0.62927">
				<ele>124.32</ele>
			</trkpt>
			<trkpt lat="48.14401" lon="-0.62992">
				<ele>124.32</ele>
			</trkpt>
			<trkpt lat="48.14319" lon="-0.63038">
				<ele>124.23</ele>
			</trkpt>
			<trkpt lat="48.13426" lon="-0.6367">
				<ele>124.23</ele>
			</trkpt>
			<trkpt lat="48.13408" lon="-0.63695">
				<ele>124.23</ele>
			</trkpt>
			<trkpt lat="48.13354" lon="-0.6374">
				<ele>124.23</ele>
			</trkpt>
			<trkpt lat="48.13338" lon="-0.63762">
				<ele>124.23</ele>
			</trkpt>
			<trkpt lat="48.13293" lon="-0.63656">
				<ele>124.23</ele>
			</trkpt>
			<trkpt lat="48.13284" lon="-0.63645">
				<ele>124.23</ele>
			</trkpt>
			<trkpt lat="48.13208" lon="-0.63619">
				<ele>124.23</ele>
			</trkpt>
			<trkpt lat="48.13171" lon="-0.63609">
				<ele>124.23</ele>
			</trkpt>
			<trkpt lat="48.13163" lon="-0.6369">
				<ele>124.23</ele>
			</trkpt>
			<trkpt lat="48.13143" lon="-0.63773">
				<ele>124.23</ele>
			</trkpt>
			<trkpt lat="48.13034" lon="-0.63931">
				<ele>124.23</ele>
			</trkpt>
			<trkpt lat="48.12961" lon="-0.64086">
				<ele>124.23</ele>
			</trkpt>
			<trkpt lat="48.12906" lon="-0.64228">
				<ele>120.79</ele>
			</trkpt>
			<trkpt lat="48.12835" lon="-0.64442">
				<ele>120.79</ele>
			</trkpt>
			<trkpt lat="48.12822" lon="-0.64473">
				<ele>120.79</ele>
			</trkpt>
			<trkpt lat="48.12669" lon="-0.64732">
				<ele>120.79</ele>
			</trkpt>
			<trkpt lat="48.12334" lon="-0.64972">
				<ele>120.79</ele>
			</trkpt>
			<trkpt lat="48.12321" lon="-0.64995">
				<ele>120.79</ele>
			</trkpt>
			<trkpt lat="48.12314" lon="-0.65041">
				<ele>120.79</ele>
			</trkpt>
			<trkpt lat="48.12319" lon="-0.65163">
				<ele>120.79</ele>
			</trkpt>
			<trkpt lat="48.12324" lon="-0.65261">
				<ele>120.79</ele>
			</trkpt>
			<trkpt lat="48.12344" lon="-0.65349">
				<ele>120.79</ele>
			</trkpt>
			<trkpt lat="48.12349" lon="-0.65396">
				<ele>120.79</ele>
			</trkpt>
			<trkpt lat="48.12343" lon="-0.65579">
				<ele>120.79</ele>
			</trkpt>
			<trkpt lat="48.1232" lon="-0.65676">
				<ele>120.79</ele>
			</trkpt>
			<trkpt lat="48.12309" lon="-0.65704">
				<ele>103.55</ele>
			</trkpt>
			<trkpt lat="48.12131" lon="-0.66034">
				<ele>103.55</ele>
			</trkpt>
			<trkpt lat="48.12023" lon="-0.66141">
				<ele>103.55</ele>
			</trkpt>
			<trkpt lat="48.12003" lon="-0.66178">
				<ele>103.55</ele>
			</trkpt>
			<trkpt lat="48.11994" lon="-0.66205">
				<ele>103.55</ele>
			</trkpt>
			<trkpt lat="48.11984" lon="-0.66267">
				<ele>103.55</ele>
			</trkpt>
			<trkpt lat="48.11984" lon="-0.66296">
				<ele>103.55</ele>
			</trkpt>
			<trkpt lat="48.12001" lon="-0.66399">
				<ele>103.55</ele>
			</trkpt>
			<trkpt lat="48.12027" lon="-0.66597">
				<ele>103.55</ele>
			</trkpt>
			<trkpt lat="48.12109" lon="-0.67136">
				<ele>103.55</ele>
			</trkpt>
			<trkpt lat="48.12199" lon="-0.67564">
				<ele>103.55</ele>
			</trkpt>
			<trkpt lat="48.122" lon="-0.67604">
				<ele>103.55</ele>
			</trkpt>
			<trkpt lat="48.12185" lon="-0.67672">
				<ele>103.55</ele>
			</trkpt>
			<trkpt lat="48.12164" lon="-0.67727">
				<ele>117.16</ele>
			</trkpt>
			<trkpt lat="48.12115" lon="-0.6787">
				<ele>117.16</ele>
			</trkpt>
			<trkpt lat="48.12039" lon="-0.68">
				<ele>117.16</ele>
			</trkpt>
			<trkpt lat="48.12007" lon="-0.68033">
				<ele>117.16</ele>
			</trkpt>
			<trkpt lat="48.11916" lon="-0.68056">
				<ele>117.16</ele>
			</trkpt>
			<trkpt lat="48.11476" lon="-0.68131">
				<ele>117.16</ele>
			</trkpt>
			<trkpt lat="48.11336" lon="-0.67629">
				<ele>117.16</ele>
			</trkpt>
			<trkpt lat="48.11316" lon="-0.67577">
				<ele>117.16</ele>
			</trkpt>
			<trkpt lat="48.11296" lon="-0.67559">
				<ele>117.16</ele>
			</trkpt>
			<trkpt lat="48.11275" lon="-0.6755">
				<ele>117.16</ele>
			</trkpt>
			<trkpt lat="48.11047" lon="-0.6754">
				<ele>117.16</ele>
			</trkpt>
			<trkpt lat="48.11025" lon="-0.67533">
				<ele>117.16</ele>
			</trkpt>
			<trkpt lat="48.11005" lon="-0.67508">
				<ele>117.16</ele>
			</trkpt>
			<trkpt lat="48.10817" lon="-0.67132">
				<ele>104.24</ele>
			</trkpt>
			<trkpt lat="48.10792" lon="-0.67187">
				<ele>104.24</ele>
			</trkpt>
			<trkpt lat="48.10792" lon="-0.67208">
				<ele>104.24</ele>
			</trkpt>
			<trkpt lat="48.10806" lon="-0.67283">
				<ele>104.24</ele>
			</trkpt>
			<trkpt lat="48.10801" lon="-0.67303">
				<ele>104.24</ele>
			</trkpt>
			<trkpt lat="48.10751" lon="-0.6736">
				<ele>104.24</ele>
			</trkpt>
			<trkpt lat="48.10738" lon="-0.67407">
				<ele>104.24</ele>
			</trkpt>
			<trkpt lat="48.1069" lon="-0.67465">
				<ele>104.24</ele>
			</trkpt>
			<trkpt lat="48.10653" lon="-0.67492">
				<ele>104.24</ele>
			</trkpt>
			<trkpt lat="48.10594" lon="-0.67514">
				<ele>104.24</ele>
			</trkpt>
			<trkpt lat="48.10512" lon="-0.67568">
				<ele>104.24</ele>
			</trkpt>
			<trkpt lat="48.10454" lon="-0.67595">
				<ele>104.24</ele>
			</trkpt>
			<trkpt lat="48.10428" lon="-0.67615">
				<ele>104.24</ele>
			</trkpt>
			<trkpt lat="48.10409" lon="-0.67648">
				<ele>115.3</ele>
			</trkpt>
			<trkpt lat="48.10404" lon="-0.67672">
				<ele>115.3</ele>
			</trkpt>
			<trkpt lat="48.10379" lon="-0.67738">
				<ele>115.3</ele>
			</trkpt>
			<trkpt lat="48.10366" lon="-0.67758">
				<ele>115.3</ele>
			</trkpt>
			<trkpt lat="48.10349" lon="-0.67773">
				<ele>115.3</ele>
			</trkpt>
			<trkpt lat="48.1032" lon="-0.67812">
				<ele>115.3</ele>
			</trkpt>
			<trkpt lat="48.10303" lon="-0.67822">
				<ele>115.3</ele>
			</trkpt>
			<trkpt lat="48.10229" lon="-0.67892">
				<ele>115.3</ele>
			</trkpt>
			<trkpt lat="48.10149" lon="-0.6795">
				<ele>115.3</ele>
			</trkpt>
			<trkpt lat="48.10105" lon="-0.67993">
				<ele>115.3</ele>
			</trkpt>
			<trkpt lat="48.10055" lon="-0.68025">
				<ele>115.3</ele>
			</trkpt>
			<trkpt lat="48.09991" lon="-0.68092">
				<ele>115.3</ele>
			</trkpt>
			<trkpt lat="48.09983" lon="-0.68109">
				<ele>115.3</ele>
			</trkpt>
			<trkpt lat="48.10008" lon="-0.68195">
				<ele>96.77</ele>
			</trkpt>
			<trkpt lat="48.10009" lon="-0.68216">
				<ele>96.77</ele>
			</trkpt>
			<trkpt lat="48.09992" lon="-0.68241">
				<ele>96.77</ele>
			</trkpt>
			<trkpt lat="48.09936" lon="-0.68281">
				<ele>96.77</ele>
			</trkpt>
			<trkpt lat="48.09881" lon="-0.6836">
				<ele>96.77</ele>
			</trkpt>
			<trkpt lat="48.09923" lon="-0.6845">
				<ele>96.77</ele>
			</trkpt>
			<trkpt lat="48.09912" lon="-0.68462">
				<ele>96.77</ele>
			</trkpt>
			<trkpt lat="48.09788" lon="-0.68522">
				<ele>96.77</ele>
			</trkpt>
			<trkpt lat="48.09736" lon="-0.68564">
				<ele>96.77</ele>
			</trkpt>
			<trkpt lat="48.09672" lon="-0.68641">
				<ele>96.77</ele>
			</trkpt>
			<trkpt lat="48.0965" lon="-0.68694">
				<ele>96.77</ele>
			</trkpt>
			<trkpt lat="48.0961" lon="-0.68766">
				<ele>96.77</ele>
			</trkpt>
			<trkpt lat="48.09572" lon="-0.68821">
				<ele>96.77</ele>
			</trkpt>
			<trkpt lat="48.09523" lon="-0.68864">
				<ele>96.77</ele>
			</trkpt>
			<trkpt lat="48.09282" lon="-0.68989">
				<ele>100.66</ele>
			</trkpt>
			<trkpt lat="48.09189" lon="-0.69042">
				<ele>100.66</ele>
			</trkpt>
			<trkpt lat="48.09104" lon="-0.69073">
				<ele>100.66</ele>
			</trkpt>
			<trkpt lat="48.09021" lon="-0.69095">
				<ele>100.66</ele>
			</trkpt>
			<trkpt lat="48.08967" lon="-0.69106">
				<ele>100.66</ele>
			</trkpt>
			<trkpt lat="48.08856" lon="-0.69081">
				<ele>100.66</ele>
			</trkpt>
			<trkpt lat="48.08758" lon="-0.69096">
				<ele>100.66</ele>
			</trkpt>
			<trkpt lat="48.08684" lon="-0.69115">
				<ele>100.66</ele>
			</trkpt>
			<trkpt lat="48.08595" lon="-0.6912">
				<ele>100.66</ele>
			</trkpt>
			<trkpt lat="48.08592" lon="-0.69104">
				<ele>100.66</ele>
			</trkpt>
			<trkpt lat="48.08496" lon="-0.69099">
				<ele>100.66</ele>
			</trkpt>
			<trkpt lat="48.0847" lon="-0.69083">
				<ele>100.66</ele>
			</trkpt>
			<trkpt lat="48.08396" lon="-0.69079">
				<ele>100.66</ele>
			</trkpt>
			<trkpt lat="48.0837" lon="-0.69096">
				<ele>96.1</ele>
			</trkpt>
			<trkpt lat="48.08339" lon="-0.69166">
				<ele>96.1</ele>
			</trkpt>
			<trkpt lat="48.08293" lon="-0.69193">
				<ele>96.1</ele>
			</trkpt>
			<trkpt lat="48.08017" lon="-0.69238">
				<ele>96.1</ele>
			</trkpt>
			<trkpt lat="48.08007" lon="-0.69236">
				<ele>96.1</ele>
			</trkpt>
			<trkpt lat="48.07949" lon="-0.69273">
				<ele>96.1</ele>
			</trkpt>
			<trkpt lat="48.07901" lon="-0.69279">
				<ele>96.1</ele>
			</trkpt>
			<trkpt lat="48.079" lon="-0.69322">
				<ele>96.1</ele>
			</trkpt>
			<trkpt lat="48.07825" lon="-0.69312">
				<ele>96.1</ele>
			</trkpt>
			<trkpt lat="48.07769" lon="-0.69273">
				<ele>96.1</ele>
			</trkpt>
			<trkpt lat="48.07753" lon="-0.69273">
				<ele>96.1</ele>
			</trkpt>
			<trkpt lat="48.07743" lon="-0.6928">
				<ele>96.1</ele>
			</trkpt>
			<trkpt lat="48.07723" lon="-0.69312">
				<ele>96.1</ele>
			</trkpt>
			<trkpt lat="48.07707" lon="-0.69317">
				<ele>87.83</ele>
			</trkpt>
			<trkpt lat="48.07702" lon="-0.6926">
				<ele>87.83</ele>
			</trkpt>
			<trkpt lat="48.07646" lon="-0.69276">
				<ele>87.83</ele>
			</trkpt>
			<trkpt lat="48.07597" lon="-0.69281">
				<ele>87.83</ele>
			</trkpt>
			<trkpt lat="48.07536" lon="-0.69271">
				<ele>87.83</ele>
			</trkpt>
			<trkpt lat="48.07488" lon="-0.69282">
				<ele>87.83</ele>
			</trkpt>
			<trkpt lat="48.07447" lon="-0.69302">
				<ele>87.83</ele>
			</trkpt>
			<trkpt lat="48.0742" lon="-0.69272">
				<ele>87.83</ele>
			</trkpt>
			<trkpt lat="48.07387" lon="-0.69252">
				<ele>87.83</ele>
			</trkpt>
			<trkpt lat="48.07359" lon="-0.69221">
				<ele>87.83</ele>
			</trkpt>
			<trkpt lat="48.07335" lon="-0.69208">
				<ele>87.83</ele>
			</trkpt>
			<trkpt lat="48.07251" lon="-0.69173">
				<ele>87.83</ele>
			</trkpt>
			<trkpt lat="48.07244" lon="-0.6912">
				<ele>87.83</ele>
			</trkpt>
			<trkpt lat="48.07225" lon="-0.69113">
				<ele>99.68</ele>
			</trkpt>
			<trkpt lat="48.07219" lon="-0.69097">
				<ele>99.68</ele>
			</trkpt>
			<trkpt lat="48.07206" lon="-0.69089">
				<ele>99.68</ele>
			</trkpt>
			<trkpt lat="48.07156" lon="-0.69105">
				<ele>99.68</ele>
			</trkpt>
			<trkpt lat="48.07077" lon="-0.6915">
				<ele>99.68</ele>
			</trkpt>
			<trkpt lat="48.07066" lon="-0.69051">
				<ele>99.68</ele>
			</trkpt>
			<trkpt lat="48.07036" lon="-0.69049">
				<ele>99.68</ele>
			</trkpt>
			<trkpt lat="48.07026" lon="-0.69044">
				<ele>99.68</ele>
			</trkpt>
			<trkpt lat="48.07017" lon="-0.68998">
				<ele>99.68</ele>
			</trkpt>
			<trkpt lat="48.06965" lon="-0.69046">
				<ele>99.68</ele>
			</trkpt>
			<trkpt lat="48.06963" lon="-0.69028">
				<ele>99.68</ele>
			</trkpt>
			<trkpt lat="48.06865" lon="-0.69048">
				<ele>99.68</ele>
			</trkpt>
			<trkpt lat="48.06812" lon="-0.68904">
				<ele>99.68</ele>
			</trkpt>
			<trkpt lat="48.06737" lon="-0.68723">
				<ele>85.47</ele>
			</trkpt>
			<trkpt lat="48.06703" lon="-0.68667">
				<ele>85.47</ele>
			</trkpt>
			<trkpt lat="48.06665" lon="-0.68628">
				<ele>85.47</ele>
			</trkpt>
			<trkpt lat="48.06627" lon="-0.68576">
				<ele>85.47</ele>
			</trkpt>
			<trkpt lat="48.06576" lon="-0.68491">
				<ele>85.47</ele>
			</trkpt>
			<trkpt lat="48.06489" lon="-0.68404">
				<ele>85.47</ele>
			</trkpt>
			<trkpt lat="48.06429" lon="-0.68313">
				<ele>85.47</ele>
			</trkpt>
			<trkpt lat="48.06407" lon="-0.68265">
				<ele>85.47</ele>
			</trkpt>
			<trkpt lat="48.06393" lon="-0.68213">
				<ele>85.47</ele>
			</trkpt>
			<trkpt lat="48.06397" lon="-0.68161">
				<ele>85.47</ele>
			</trkpt>
			<trkpt lat="48.06418" lon="-0.68071">
				<ele>85.47</ele>
			</trkpt>
			<trkpt lat="48.06441" lon="-0.67856">
				<ele>85.47</ele>
			</trkpt>
			<trkpt lat="48.06444" lon="-0.67697">
				<ele>85.47</ele>
			</trkpt>
			<trkpt lat="48.06463" lon="-0.67562">
				<ele>72.4</ele>
			</trkpt>
			<trkpt lat="48.06467" lon="-0.67542">
				<ele>72.4</ele>
			</trkpt>
			<trkpt lat="48.06467" lon="-0.67526">
				<ele>72.4</ele>
			</trkpt>
			<trkpt lat="48.0646" lon="-0.67489">
				<ele>72.4</ele>
			</trkpt>
			<trkpt lat="48.06454" lon="-0.67408">
				<ele>72.4</ele>
			</trkpt>
			<trkpt lat="48.06444" lon="-0.67245">
				<ele>72.4</ele>
			</trkpt>
			<trkpt lat="48.06434" lon="-0.67214">
				<ele>72.4</ele>
			</trkpt>
			<trkpt lat="48.06373" lon="-0.67224">
				<ele>72.4</ele>
			</trkpt>
			<trkpt lat="48.06306" lon="-0.67177">
				<ele>72.4</ele>
			</trkpt>
			<trkpt lat="48.06288" lon="-0.67175">
				<ele>72.4</ele>
			</trkpt>
			<trkpt lat="48.0627" lon="-0.67187">
				<ele>72.4</ele>
			</trkpt>
			<trkpt lat="48.06244" lon="-0.67207">
				<ele>72.4</ele>
			</trkpt>
			<trkpt lat="48.06186" lon="-0.6722">
				<ele>72.4</ele>
			</trkpt>
			<trkpt lat="48.06163" lon="-0.67216">
				<ele>78.39</ele>
			</trkpt>
			<trkpt lat="48.06134" lon="-0.67199">
				<ele>78.39</ele>
			</trkpt>
			<trkpt lat="48.06104" lon="-0.67204">
				<ele>78.39</ele>
			</trkpt>
			<trkpt lat="48.06039" lon="-0.67337">
				<ele>78.39</ele>
			</trkpt>
			<trkpt lat="48.06026" lon="-0.67337">
				<ele>78.39</ele>
			</trkpt>
			<trkpt lat="48.05838" lon="-0.6742">
				<ele>78.39</ele>
			</trkpt>
			<trkpt lat="48.05748" lon="-0.67469">
				<ele>78.39</ele>
			</trkpt>
			<trkpt lat="48.0573" lon="-0.67436">
				<ele>78.39</ele>
			</trkpt>
			<trkpt lat="48.05579" lon="-0.67226">
				<ele>78.39</ele>
			</trkpt>
			<trkpt lat="48.05505" lon="-0.67073">
				<ele>78.39</ele>
			</trkpt>
			<trkpt lat="48.05483" lon="-0.6704">
				<ele>78.39</ele>
			</trkpt>
			<trkpt lat="48.0546" lon="-0.6703">
				<ele>78.39</ele>
			</trkpt>
			<trkpt lat="48.05401" lon="-0.67057">
				<ele>78.39</ele>
			</trkpt>
			<trkpt lat="48.05376" lon="-0.67057">
				<ele>78.07</ele>
			</trkpt>
			<trkpt lat="48.05354" lon="-0.67048">
				<ele>78.07</ele>
			</trkpt>
			<trkpt lat="48.05334" lon="-0.67035">
				<ele>78.07</ele>
			</trkpt>
			<trkpt lat="48.05325" lon="-0.67019">
				<ele>78.07</ele>
			</trkpt>
			<trkpt lat="48.05321" lon="-0.66994">
				<ele>78.07</ele>
			</trkpt>
			<trkpt lat="48.05324" lon="-0.66958">
				<ele>78.07</ele>
			</trkpt>
			<trkpt lat="48.05345" lon="-0.66883">
				<ele>78.07</ele>
			</trkpt>
			<trkpt lat="48.05386" lon="-0.66796">
				<ele>78.07</ele>
			</trkpt>
			<trkpt lat="48.05388" lon="-0.6672">
				<ele>78.07</ele>
			</trkpt>
			<trkpt lat="48.05425" lon="-0.6661">
				<ele>78.07</ele>
			</trkpt>
			<trkpt lat="48.05435" lon="-0.66557">
				<ele>78.07</ele>
			</trkpt>
			<trkpt lat="48.05437" lon="-0.66506">
				<ele>78.07</ele>
			</trkpt>
			<trkpt lat="48.05433" lon="-0.66456">
				<ele>78.07</ele>
			</trkpt>
			<trkpt lat="48.05376" lon="-0.66198">
				<ele>58.79</ele>
			</trkpt>
			<trkpt lat="48.05377" lon="-0.66062">
				<ele>58.79</ele>
			</trkpt>
			<trkpt lat="48.05335" lon="-0.65771">
				<ele>58.79</ele>
			</trkpt>
			<trkpt lat="48.0532" lon="-0.6579">
				<ele>58.79</ele>
			</trkpt>
			<trkpt lat="48.05046" lon="-0.66374">
				<ele>58.79</ele>
			</trkpt>
			<trkpt lat="48.04939" lon="-0.66579">
				<ele>58.79</ele>
			</trkpt>
			<trkpt lat="48.04879" lon="-0.66636">
				<ele>58.79</ele>
			</trkpt>
			<trkpt lat="48.04773" lon="-0.6669">
				<ele>58.79</ele>
			</trkpt>
			<trkpt lat="48.04706" lon="-0.66797">
				<ele>58.79</ele>
			</trkpt>
			<trkpt lat="48.04665" lon="-0.66847">
				<ele>58.79</ele>
			</trkpt>
			<trkpt lat="48.04643" lon="-0.66864">
				<ele>58.79</ele>
			</trkpt>
			<trkpt lat="48.04588" lon="-0.66944">
				<ele>58.79</ele>
			</trkpt>
			<trkpt lat="48.04538" lon="-0.66971">
				<ele>58.79</ele>
			</trkpt>
			<trkpt lat="48.04526" lon="-0.67017">
				<ele>87.53</ele>
			</trkpt>
			<trkpt lat="48.04465" lon="-0.67105">
				<ele>87.53</ele>
			</trkpt>
			<trkpt lat="48.04375" lon="-0.67207">
				<ele>87.53</ele>
			</trkpt>
			<trkpt lat="48.0434" lon="-0.67281">
				<ele>87.53</ele>
			</trkpt>
			<trkpt lat="48.04256" lon="-0.67349">
				<ele>87.53</ele>
			</trkpt>
			<trkpt lat="48.04181" lon="-0.67478">
				<ele>87.53</ele>
			</trkpt>
			<trkpt lat="48.04088" lon="-0.67583">
				<ele>87.53</ele>
			</trkpt>
			<trkpt lat="48.04044" lon="-0.67643">
				<ele>87.53</ele>
			</trkpt>
			<trkpt lat="48.03996" lon="-0.67744">
				<ele>87.53</ele>
			</trkpt>
			<trkpt lat="48.03958" lon="-0.67796">
				<ele>87.53</ele>
			</trkpt>
			<trkpt lat="48.03941" lon="-0.67844">
				<ele>87.53</ele>
			</trkpt>
			<trkpt lat="48.03925" lon="-0.67873">
				<ele>87.53</ele>
			</trkpt>
			<trkpt lat="48.03907" lon="-0.67897">
				<ele>87.53</ele>
			</trkpt>
			<trkpt lat="48.03928" lon="-0.68034">
				<ele>80.66</ele>
			</trkpt>
			<trkpt lat="48.03931" lon="-0.68087">
				<ele>80.66</ele>
			</trkpt>
			<trkpt lat="48.03922" lon="-0.6813">
				<ele>80.66</ele>
			</trkpt>
			<trkpt lat="48.03998" lon="-0.68464">
				<ele>80.66</ele>
			</trkpt>
			<trkpt lat="48.0403" lon="-0.68531">
				<ele>80.66</ele>
			</trkpt>
			<trkpt lat="48.0403" lon="-0.68555">
				<ele>80.66</ele>
			</trkpt>
			<trkpt lat="48.03982" lon="-0.68583">
				<ele>80.66</ele>
			</trkpt>
			<trkpt lat="48.0395" lon="-0.68579">
				<ele>80.66</ele>
			</trkpt>
			<trkpt lat="48.0391" lon="-0.68602">
				<ele>80.66</ele>
			</trkpt>
			<trkpt lat="48.03872" lon="-0.68616">
				<ele>80.66</ele>
			</trkpt>
			<trkpt lat="48.03839" lon="-0.68603">
				<ele>80.66</ele>
			</trkpt>
			<trkpt lat="48.03769" lon="-0.68597">
				<ele>80.66</ele>
			</trkpt>
			<trkpt lat="48.03732" lon="-0.68612">
				<ele>80.66</ele>
			</trkpt>
			<trkpt lat="48.03701" lon="-0.68629">
				<ele>84.79</ele>
			</trkpt>
			<trkpt lat="48.0365" lon="-0.68633">
				<ele>84.79</ele>
			</trkpt>
			<trkpt lat="48.03555" lon="-0.68663">
				<ele>84.79</ele>
			</trkpt>
			<trkpt lat="48.03474" lon="-0.68657">
				<ele>84.79</ele>
			</trkpt>
			<trkpt lat="48.03343" lon="-0.6869">
				<ele>84.79</ele>
			</trkpt>
			<trkpt lat="48.03171" lon="-0.68765">
				<ele>84.79</ele>
			</trkpt>
			<trkpt lat="48.03087" lon="-0.68816">
				<ele>84.79</ele>
			</trkpt>
			<trkpt lat="48.03047" lon="-0.68861">
				<ele>84.79</ele>
			</trkpt>
			<trkpt lat="48.02954" lon="-0.68909">
				<ele>84.79</ele>
			</trkpt>
			<trkpt lat="48.02925" lon="-0.68914">
				<ele>84.79</ele>
			</trkpt>
			<trkpt lat="48.02644" lon="-0.6879">
				<ele>84.79</ele>
			</trkpt>
			<trkpt lat="48.02559" lon="-0.68765">
				<ele>84.79</ele>
			</trkpt>
			<trkpt lat="48.02499" lon="-0.68765">
				<ele>84.79</ele>
			</trkpt>
			<trkpt lat="48.02484" lon="-0.6877">
				<ele>61.74</ele>
			</trkpt>
			<trkpt lat="48.02462" lon="-0.68793">
				<ele>61.74</ele>
			</trkpt>
			<trkpt lat="48.0243" lon="-0.68835">
				<ele>61.74</ele>
			</trkpt>
			<trkpt lat="48.02092" lon="-0.68231">
				<ele>61.74</ele>
			</trkpt>
			<trkpt lat="48.01901" lon="-0.68367">
				<ele>61.74</ele>
			</trkpt>
			<trkpt lat="48.01565" lon="-0.68629">
				<ele>61.74</ele>
			</trkpt>
			<trkpt lat="48.01507" lon="-0.68684">
				<ele>61.74</ele>
			</trkpt>
			<trkpt lat="48.01411" lon="-0.68808">
				<ele>61.74</ele>
			</trkpt>
			<trkpt lat="48.01324" lon="-0.68859">
				<ele>61.74</ele>
			</trkpt>
			<trkpt lat="48.01278" lon="-0.68898">
				<ele>61.74</ele>
			</trkpt>
			<trkpt lat="48.01135" lon="-0.68959">
				<ele>61.74</ele>
			</trkpt>
			<trkpt lat="48.01056" lon="-0.68979">
				<ele>61.74</ele>
			</trkpt>
			<trkpt lat="48.01023" lon="-0.68982">
				<ele>61.74</ele>
			</trkpt>
			<trkpt lat="48.00977" lon="-0.69186">
				<ele>59.9</ele>
			</trkpt>
			<trkpt lat="48.00972" lon="-0.69225">
				<ele>59.9</ele>
			</trkpt>
			<trkpt lat="48.00952" lon="-0.69299">
				<ele>59.9</ele>
			</trkpt>
			<trkpt lat="48.00921" lon="-0.69389">
				<ele>59.9</ele>
			</trkpt>
			<trkpt lat="48.00841" lon="-0.69656">
				<ele>59.9</ele>
			</trkpt>
			<trkpt lat="48.00829" lon="-0.69728">
				<ele>59.9</ele>
			</trkpt>
			<trkpt lat="48.00806" lon="-0.69743">
				<ele>59.9</ele>
			</trkpt>
			<trkpt lat="48.00789" lon="-0.69792">
				<ele>59.9</ele>
			</trkpt>
			<trkpt lat="48.00765" lon="-0.69828">
				<ele>59.9</ele>
			</trkpt>
			<trkpt lat="48.00753" lon="-0.69857">
				<ele>59.9</ele>
			</trkpt>
			<trkpt lat="48.00727" lon="-0.69956">
				<ele>59.9</ele>
			</trkpt>
			<trkpt lat="48.00683" lon="-0.70021">
				<ele>59.9</ele>
			</trkpt>
			<trkpt lat="48.0065" lon="-0.70122">
				<ele>59.9</ele>
			</trkpt>
			<trkpt lat="48.0057" lon="-0.70239">
				<ele>71.12</ele>
			</trkpt>
			<trkpt lat="48.00514" lon="-0.70358">
				<ele>71.12</ele>
			</trkpt>
			<trkpt lat="48.0045" lon="-0.70425">
				<ele>71.12</ele>
			</trkpt>
			<trkpt lat="48.00411" lon="-0.70479">
				<ele>71.12</ele>
			</trkpt>
			<trkpt lat="48.00385" lon="-0.70523">
				<ele>71.12</ele>
			</trkpt>
			<trkpt lat="48.00321" lon="-0.70641">
				<ele>71.12</ele>
			</trkpt>
			<trkpt lat="48.00316" lon="-0.70673">
				<ele>71.12</ele>
			</trkpt>
			<trkpt lat="48.00329" lon="-0.70699">
				<ele>71.12</ele>
			</trkpt>
			<trkpt lat="48.00436" lon="-0.70785">
				<ele>71.12</ele>
			</trkpt>
			<trkpt lat="48.00461" lon="-0.70844">
				<ele>71.12</ele>
			</trkpt>
			<trkpt lat="48.00316" lon="-0.71049">
				<ele>71.12</ele>
			</trkpt>
			<trkpt lat="48.00328" lon="-0.71064">
				<ele>71.12</ele>
			</trkpt>
			<trkpt lat="48.00365" lon="-0.71112">
				<ele>71.12</ele>
			</trkpt>
			<trkpt lat="48.00383" lon="-0.71145">
				<ele>43.19</ele>
			</trkpt>
			<trkpt lat="48.00414" lon="-0.71196">
				<ele>43.19</ele>
			</trkpt>
			<trkpt lat="48.00422" lon="-0.71238">
				<ele>43.19</ele>
			</trkpt>
			<trkpt lat="48.00432" lon="-0.71327">
				<ele>43.19</ele>
			</trkpt>
			<trkpt lat="48.00433" lon="-0.7141">
				<ele>43.19</ele>
			</trkpt>
			<trkpt lat="48.00414" lon="-0.71403">
				<ele>43.19</ele>
			</trkpt>
			<trkpt lat="48.00363" lon="-0.71415">
				<ele>43.19</ele>
			</trkpt>
			<trkpt lat="48.00294" lon="-0.71482">
				<ele>43.19</ele>
			</trkpt>
			<trkpt lat="48.00272" lon="-0.71494">
				<ele>43.19</ele>
			</trkpt>
			<trkpt lat="48.00138" lon="-0.71547">
				<ele>43.19</ele>
			</trkpt>
			<trkpt lat="48.00127" lon="-0.7156">
				<ele>43.19</ele>
			</trkpt>
			<trkpt lat="48.00101" lon="-0.71636">
				<ele>43.19</ele>
			</trkpt>
			<trkpt lat="48.00024" lon="-0.71825">
				<ele>43.19</ele>
			</trkpt>
			<trkpt lat="47.99984" lon="-0.72004">
				<ele>37.84</ele>
			</trkpt>
			<trkpt lat="47.99958" lon="-0.7209">
				<ele>37.84</ele>
			</trkpt>
			<trkpt lat="47.99983" lon="-0.72158">
				<ele>37.84</ele>
			</trkpt>
			<trkpt lat="48.00039" lon="-0.72266">
				<ele>37.84</ele>
			</trkpt>
			<trkpt lat="48.00085" lon="-0.72321">
				<ele>37.84</ele>
			</trkpt>
			<trkpt lat="48.00068" lon="-0.72393">
				<ele>37.84</ele>
			</trkpt>
			<trkpt lat="48.00099" lon="-0.72394">
				<ele>37.84</ele>
			</trkpt>
			<trkpt lat="48.0011" lon="-0.72397">
				<ele>37.84</ele>
			</trkpt>
			<trkpt lat="48.00164" lon="-0.72449">
				<ele>37.84</ele>
			</trkpt>
			<trkpt lat="48.00178" lon="-0.72483">
				<ele>37.84</ele>
			</trkpt>
			<trkpt lat="48.0019" lon="-0.7253">
				<ele>37.84</ele>
			</trkpt>
			<trkpt lat="48.00189" lon="-0.72547">
				<ele>37.84</ele>
			</trkpt>
			<trkpt lat="48.00159" lon="-0.7256">
				<ele>37.84</ele>
			</trkpt>
			<trkpt lat="48.00118" lon="-0.72631">
				<ele>40.62</ele>
			</trkpt>
			<trkpt lat="48.00115" lon="-0.72645">
				<ele>40.62</ele>
			</trkpt>
			<trkpt lat="48.00116" lon="-0.72684">
				<ele>40.62</ele>
			</trkpt>
			<trkpt lat="48.00099" lon="-0.72771">
				<ele>40.62</ele>
			</trkpt>
			<trkpt lat="47.99932" lon="-0.73166">
				<ele>40.62</ele>
			</trkpt>
			<trkpt lat="47.99903" lon="-0.73243">
				<ele>40.62</ele>
			</trkpt>
			<trkpt lat="47.99858" lon="-0.73425">
				<ele>40.62</ele>
			</trkpt>
			<trkpt lat="47.99839" lon="-0.73481">
				<ele>40.62</ele>
			</trkpt>
			<trkpt lat="47.99798" lon="-0.73564">
				<ele>40.62</ele>
			</trkpt>
			<trkpt lat="47.99762" lon="-0.73614">
				<ele>40.62</ele>
			</trkpt>
			<trkpt lat="47.99721" lon="-0.73683">
				<ele>40.62</ele>
			</trkpt>
			<trkpt lat="47.9966" lon="-0.73797">
				<ele>40.62</ele>
			</trkpt>
			<trkpt lat="47.99643" lon="-0.73841">
				<ele>40.62</ele>
			</trkpt>
			<trkpt lat="47.99654" lon="-0.73847">
				<ele>44.06</ele>
			</trkpt>
			<trkpt lat="47.99655" lon="-0.73874">
				<ele>44.06</ele>
			</trkpt>
			<trkpt lat="47.99648" lon="-0.73933">
				<ele>44.06</ele>
			</trkpt>
			<trkpt lat="47.99658" lon="-0.74018">
				<ele>44.06</ele>
			</trkpt>
			<trkpt lat="47.99698" lon="-0.74281">
				<ele>44.06</ele>
			</trkpt>
			<trkpt lat="47.99709" lon="-0.74269">
				<ele>44.06</ele>
			</trkpt>
			<trkpt lat="47.99704" lon="-0.7423">
				<ele>44.06</ele>
			</trkpt>
			<trkpt lat="47.99698" lon="-0.74147">
				<ele>44.06</ele>
			</trkpt>
			<trkpt lat="47.99679" lon="-0.74143">
				<ele>44.06</ele>
			</trkpt>
			<trkpt lat="47.99631" lon="-0.74167">
				<ele>44.06</ele>
			</trkpt>
			<trkpt lat="47.99462" lon="-0.74228">
				<ele>44.06</ele>
			</trkpt>
			<trkpt lat="47.9932" lon="-0.74288">
				<ele>44.06</ele>
			</trkpt>
			<trkpt lat="47.99193" lon="-0.743">
				<ele>44.06</ele>
			</trkpt>
			<trkpt lat="47.99147" lon="-0.7428">
				<ele>37.87</ele>
			</trkpt>
			<trkpt lat="47.99106" lon="-0.7425">
				<ele>37.87</ele>
			</trkpt>
			<trkpt lat="47.99025" lon="-0.7421">
				<ele>37.87</ele>
			</trkpt>
			<trkpt lat="47.98961" lon="-0.7417">
				<ele>37.87</ele>
			</trkpt>
			<trkpt lat="47.98816" lon="-0.741">
				<ele>37.87</ele>
			</trkpt>
			<trkpt lat="47.98791" lon="-0.74089">
				<ele>37.87</ele>
			</trkpt>
			<trkpt lat="47.98782" lon="-0.74087">
				<ele>37.87</ele>
			</trkpt>
			<trkpt lat="47.9862" lon="-0.74007">
				<ele>37.87</ele>
			</trkpt>
			<trkpt lat="47.9858" lon="-0.73966">
				<ele>37.87</ele>
			</trkpt>
			<trkpt lat="47.98538" lon="-0.73884">
				<ele>37.87</ele>
			</trkpt>
			<trkpt lat="47.98505" lon="-0.73799">
				<ele>37.87</ele>
			</trkpt>
			<trkpt lat="47.985" lon="-0.73753">
				<ele>37.87</ele>
			</trkpt>
			<trkpt lat="47.98505" lon="-0.73712">
				<ele>37.87</ele>
			</trkpt>
			<trkpt lat="47.98541" lon="-0.73655">
				<ele>41.24</ele>
			</trkpt>
			<trkpt lat="47.98563" lon="-0.73635">
				<ele>41.24</ele>
			</trkpt>
			<trkpt lat="47.98578" lon="-0.73603">
				<ele>41.24</ele>
			</trkpt>
			<trkpt lat="47.98583" lon="-0.73574">
				<ele>41.24</ele>
			</trkpt>
			<trkpt lat="47.98584" lon="-0.73526">
				<ele>41.24</ele>
			</trkpt>
			<trkpt lat="47.9858" lon="-0.7346">
				<ele>41.24</ele>
			</trkpt>
			<trkpt lat="47.98556" lon="-0.73349">
				<ele>41.24</ele>
			</trkpt>
			<trkpt lat="47.98533" lon="-0.73274">
				<ele>41.24</ele>
			</trkpt>
			<trkpt lat="47.98405" lon="-0.73004">
				<ele>41.24</ele>
			</trkpt>
			<trkpt lat="47.98368" lon="-0.72937">
				<ele>41.24</ele>
			</trkpt>
			<trkpt lat="47.98332" lon="-0.72901">
				<ele>41.24</ele>
			</trkpt>
			<trkpt lat="47.98299" lon="-0.72918">
				<ele>41.24</ele>
			</trkpt>
			<trkpt lat="47.98266" lon="-0.72948">
				<ele>41.24</ele>
			</trkpt>
			<trkpt lat="47.98242" lon="-0.72961">
				<ele>49.69</ele>
			</trkpt>
			<trkpt lat="47.98165" lon="-0.72987">
				<ele>49.69</ele>
			</trkpt>
			<trkpt lat="47.98136" lon="-0.72993">
				<ele>49.69</ele>
			</trkpt>
			<trkpt lat="47.98084" lon="-0.72988">
				<ele>49.69</ele>
			</trkpt>
			<trkpt lat="47.98013" lon="-0.72953">
				<ele>49.69</ele>
			</trkpt>
			<trkpt lat="47.97843" lon="-0.7276">
				<ele>49.69</ele>
			</trkpt>
			<trkpt lat="47.97778" lon="-0.72701">
				<ele>49.69</ele>
			</trkpt>
			<trkpt lat="47.9765" lon="-0.72621">
				<ele>49.69</ele>
			</trkpt>
			<trkpt lat="47.97615" lon="-0.72615">
				<ele>49.69</ele>
			</trkpt>
			<trkpt lat="47.97514" lon="-0.72644">
				<ele>49.69</ele>
			</trkpt>
			<trkpt lat="47.97436" lon="-0.72645">
				<ele>49.69</ele>
			</trkpt>
			<trkpt lat="47.97386" lon="-0.72635">
				<ele>49.69</ele>
			</trkpt>
			<trkpt lat="47.97328" lon="-0.72612">
				<ele>49.69</ele>
			</trkpt>
			<trkpt lat="47.97288" lon="-0.72581">
				<ele>49.42</ele>
			</trkpt>
			<trkpt lat="47.9725" lon="-0.72541">
				<ele>49.42</ele>
			</trkpt>
			<trkpt lat="47.97204" lon="-0.72472">
				<ele>49.42</ele>
			</trkpt>
			<trkpt lat="47.97159" lon="-0.72345">
				<ele>49.42</ele>
			</trkpt>
			<trkpt lat="47.97143" lon="-0.72275">
				<ele>49.42</ele>
			</trkpt>
			<trkpt lat="47.97104" lon="-0.72143">
				<ele>49.42</ele>
			</trkpt>
			<trkpt lat="47.97085" lon="-0.72114">
				<ele>49.42</ele>
			</trkpt>
			<trkpt lat="47.97052" lon="-0.72087">
				<ele>49.42</ele>
			</trkpt>
			<trkpt lat="47.97019" lon="-0.72084">
				<ele>49.42</ele>
			</trkpt>
			<trkpt lat="47.96986" lon="-0.72104">
				<ele>49.42</ele>
			</trkpt>
			<trkpt lat="47.96773" lon="-0.72451">
				<ele>49.42</ele>
			</trkpt>
			<trkpt lat="47.96748" lon="-0.72498">
				<ele>49.42</ele>
			</trkpt>
			<trkpt lat="47.96714" lon="-0.72623">
				<ele>49.42</ele>
			</trkpt>
			<trkpt lat="47.96638" lon="-0.72773">
				<ele>36.26</ele>
			</trkpt>
			<trkpt lat="47.96511" lon="-0.72938">
				<ele>36.26</ele>
			</trkpt>
			<trkpt lat="47.96461" lon="-0.7298">
				<ele>36.26</ele>
			</trkpt>
			<trkpt lat="47.96406" lon="-0.73016">
				<ele>36.26</ele>
			</trkpt>
			<trkpt lat="47.96292" lon="-0.73046">
				<ele>36.26</ele>
			</trkpt>
			<trkpt lat="47.96163" lon="-0.73038">
				<ele>36.26</ele>
			</trkpt>
			<trkpt lat="47.96103" lon="-0.73028">
				<ele>36.26</ele>
			</trkpt>
			<trkpt lat="47.96049" lon="-0.7301">
				<ele>36.26</ele>
			</trkpt>
			<trkpt lat="47.95991" lon="-0.72965">
				<ele>36.26</ele>
			</trkpt>
			<trkpt lat="47.95954" lon="-0.72914">
				<ele>36.26</ele>
			</trkpt>
			<trkpt lat="47.95793" lon="-0.7271">
				<ele>36.26</ele>
			</trkpt>
			<trkpt lat="47.9577" lon="-0.72663">
				<ele>36.26</ele>
			</trkpt>
			<trkpt lat="47.95714" lon="-0.72505">
				<ele>36.26</ele>
			</trkpt>
			<trkpt lat="47.95702" lon="-0.72456">
				<ele>36.81</ele>
			</trkpt>
			<trkpt lat="47.95705" lon="-0.7239">
				<ele>36.81</ele>
			</trkpt>
			<trkpt lat="47.95686" lon="-0.72289">
				<ele>36.81</ele>
			</trkpt>
			<trkpt lat="47.95636" lon="-0.72143">
				<ele>36.81</ele>
			</trkpt>
			<trkpt lat="47.95617" lon="-0.72099">
				<ele>36.81</ele>
			</trkpt>
			<trkpt lat="47.9558" lon="-0.72042">
				<ele>36.81</ele>
			</trkpt>
			<trkpt lat="47.95529" lon="-0.72004">
				<ele>36.81</ele>
			</trkpt>
			<trkpt lat="47.95485" lon="-0.71995">
				<ele>36.81</ele>
			</trkpt>
			<trkpt lat="47.95441" lon="-0.71996">
				<ele>36.81</ele>
			</trkpt>
			<trkpt lat="47.95398" lon="-0.72001">
				<ele>36.81</ele>
			</trkpt>
			<trkpt lat="47.95285" lon="-0.72037">
				<ele>36.81</ele>
			</trkpt>
			<trkpt lat="47.95155" lon="-0.72055">
				<ele>36.81</ele>
			</trkpt>
			<trkpt lat="47.95134" lon="-0.72056">
				<ele>36.81</ele>
			</trkpt>
			<trkpt lat="47.95104" lon="-0.72052">
				<ele>41.78</ele>
			</trkpt>
			<trkpt lat="47.94743" lon="-0.72046">
				<ele>41.78</ele>
			</trkpt>
			<trkpt lat="47.94688" lon="-0.72036">
				<ele>41.78</ele>
			</trkpt>
			<trkpt lat="47.94599" lon="-0.71991">
				<ele>41.78</ele>
			</trkpt>
			<trkpt lat="47.94563" lon="-0.71956">
				<ele>41.78</ele>
			</trkpt>
			<trkpt lat="47.94547" lon="-0.71928">
				<ele>41.78</ele>
			</trkpt>
			<trkpt lat="47.94538" lon="-0.71873">
				<ele>41.78</ele>
			</trkpt>
			<trkpt lat="47.9454" lon="-0.71776">
				<ele>41.78</ele>
			</trkpt>
			<trkpt lat="47.94533" lon="-0.71684">
				<ele>41.78</ele>
			</trkpt>
			<trkpt lat="47.94518" lon="-0.71572">
				<ele>41.78</ele>
			</trkpt>
			<trkpt lat="47.94484" lon="-0.71441">
				<ele>41.78</ele>
			</trkpt>
			<trkpt lat="47.94456" lon="-0.71366">
				<ele>41.78</ele>
			</trkpt>
			<trkpt lat="47.9443" lon="-0.71325">
				<ele>41.78</ele>
			</trkpt>
			<trkpt lat="47.94382" lon="-0.71272">
				<ele>34.53</ele>
			</trkpt>
			<trkpt lat="47.94317" lon="-0.71212">
				<ele>34.53</ele>
			</trkpt>
			<trkpt lat="47.94294" lon="-0.71197">
				<ele>34.53</ele>
			</trkpt>
			<trkpt lat="47.9421" lon="-0.71183">
				<ele>34.53</ele>
			</trkpt>
			<trkpt lat="47.94131" lon="-0.71146">
				<ele>34.53</ele>
			</trkpt>
			<trkpt lat="47.94062" lon="-0.71099">
				<ele>34.53</ele>
			</trkpt>
			<trkpt lat="47.94016" lon="-0.71049">
				<ele>34.53</ele>
			</trkpt>
			<trkpt lat="47.93941" lon="-0.70987">
				<ele>34.53</ele>
			</trkpt>
			<trkpt lat="47.9383" lon="-0.70939">
				<ele>34.53</ele>
			</trkpt>
			<trkpt lat="47.93764" lon="-0.70951">
				<ele>34.53</ele>
			</trkpt>
			<trkpt lat="47.9374" lon="-0.70949">
				<ele>34.53</ele>
			</trkpt>
			<trkpt lat="47.93718" lon="-0.70964">
				<ele>34.53</ele>
			</trkpt>
			<trkpt lat="47.93597" lon="-0.70949">
				<ele>34.53</ele>
			</trkpt>
			<trkpt lat="47.93562" lon="-0.70941">
				<ele>40.74</ele>
			</trkpt>
			<trkpt lat="47.93472" lon="-0.70881">
				<ele>40.74</ele>
			</trkpt>
			<trkpt lat="47.93434" lon="-0.70847">
				<ele>40.74</ele>
			</trkpt>
			<trkpt lat="47.93346" lon="-0.7074">
				<ele>40.74</ele>
			</trkpt>
			<trkpt lat="47.9331" lon="-0.70707">
				<ele>40.74</ele>
			</trkpt>
			<trkpt lat="47.9323" lon="-0.70652">
				<ele>40.74</ele>
			</trkpt>
			<trkpt lat="47.93197" lon="-0.70636">
				<ele>40.74</ele>
			</trkpt>
			<trkpt lat="47.93114" lon="-0.70619">
				<ele>40.74</ele>
			</trkpt>
			<trkpt lat="47.93069" lon="-0.70624">
				<ele>40.74</ele>
			</trkpt>
			<trkpt lat="47.93034" lon="-0.70667">
				<ele>40.74</ele>
			</trkpt>
			<trkpt lat="47.93014" lon="-0.70708">
				<ele>40.74</ele>
			</trkpt>
			<trkpt lat="47.92948" lon="-0.70815">
				<ele>40.74</ele>
			</trkpt>
			<trkpt lat="47.92927" lon="-0.70878">
				<ele>40.74</ele>
			</trkpt>
			<trkpt lat="47.92924" lon="-0.7093">
				<ele>32.94</ele>
			</trkpt>
			<trkpt lat="47.92928" lon="-0.70952">
				<ele>32.94</ele>
			</trkpt>
			<trkpt lat="47.92937" lon="-0.70969">
				<ele>32.94</ele>
			</trkpt>
			<trkpt lat="47.92996" lon="-0.71026">
				<ele>32.94</ele>
			</trkpt>
			<trkpt lat="47.93093" lon="-0.71157">
				<ele>32.94</ele>
			</trkpt>
			<trkpt lat="47.93209" lon="-0.71331">
				<ele>32.94</ele>
			</trkpt>
			<trkpt lat="47.93243" lon="-0.71404">
				<ele>32.94</ele>
			</trkpt>
			<trkpt lat="47.93257" lon="-0.7146">
				<ele>32.94</ele>
			</trkpt>
			<trkpt lat="47.93282" lon="-0.71694">
				<ele>32.94</ele>
			</trkpt>
			<trkpt lat="47.9329" lon="-0.71839">
				<ele>32.94</ele>
			</trkpt>
			<trkpt lat="47.93296" lon="-0.72072">
				<ele>32.94</ele>
			</trkpt>
			<trkpt lat="47.93294" lon="-0.72246">
				<ele>32.94</ele>
			</trkpt>
			<trkpt lat="47.9329" lon="-0.72277">
				<ele>32.94</ele>
			</trkpt>
			<trkpt lat="47.93237" lon="-0.72429">
				<ele>32.17</ele>
			</trkpt>
			<trkpt lat="47.93215" lon="-0.72459">
				<ele>32.17</ele>
			</trkpt>
			<trkpt lat="47.93173" lon="-0.72489">
				<ele>32.17</ele>
			</trkpt>
			<trkpt lat="47.93136" lon="-0.72495">
				<ele>32.17</ele>
			</trkpt>
			<trkpt lat="47.93072" lon="-0.72517">
				<ele>32.17</ele>
			</trkpt>
			<trkpt lat="47.92967" lon="-0.72583">
				<ele>32.17</ele>
			</trkpt>
			<trkpt lat="47.92896" lon="-0.72638">
				<ele>32.17</ele>
			</trkpt>
			<trkpt lat="47.92762" lon="-0.72767">
				<ele>32.17</ele>
			</trkpt>
			<trkpt lat="47.92724" lon="-0.72814">
				<ele>32.17</ele>
			</trkpt>
			<trkpt lat="47.92674" lon="-0.72888">
				<ele>32.17</ele>
			</trkpt>
			<trkpt lat="47.92604" lon="-0.7296">
				<ele>32.17</ele>
			</trkpt>
			<trkpt lat="47.92458" lon="-0.73137">
				<ele>32.17</ele>
			</trkpt>
			<trkpt lat="47.9236" lon="-0.73241">
				<ele>32.17</ele>
			</trkpt>
			<trkpt lat="47.92314" lon="-0.73262">
				<ele>31.34</ele>
			</trkpt>
			<trkpt lat="47.92261" lon="-0.73261">
				<ele>31.34</ele>
			</trkpt>
			<trkpt lat="47.92044" lon="-0.7322">
				<ele>31.34</ele>
			</trkpt>
			<trkpt lat="47.91922" lon="-0.7308">
				<ele>31.34</ele>
			</trkpt>
			<trkpt lat="47.91895" lon="-0.73058">
				<ele>31.34</ele>
			</trkpt>
			<trkpt lat="47.91813" lon="-0.73011">
				<ele>31.34</ele>
			</trkpt>
			<trkpt lat="47.91788" lon="-0.72983">
				<ele>31.34</ele>
			</trkpt>
			<trkpt lat="47.91562" lon="-0.72857">
				<ele>31.34</ele>
			</trkpt>
			<trkpt lat="47.91529" lon="-0.72832">
				<ele>31.34</ele>
			</trkpt>
			<trkpt lat="47.91463" lon="-0.72756">
				<ele>31.34</ele>
			</trkpt>
			<trkpt lat="47.91388" lon="-0.72686">
				<ele>31.34</ele>
			</trkpt>
			<trkpt lat="47.9129" lon="-0.72485">
				<ele>31.34</ele>
			</trkpt>
			<trkpt lat="47.91268" lon="-0.72443">
				<ele>31.34</ele>
			</trkpt>
			<trkpt lat="47.91207" lon="-0.72403">
				<ele>31.43</ele>
			</trkpt>
			<trkpt lat="47.91178" lon="-0.72368">
				<ele>31.43</ele>
			</trkpt>
			<trkpt lat="47.91121" lon="-0.72228">
				<ele>31.43</ele>
			</trkpt>
			<trkpt lat="47.91088" lon="-0.72134">
				<ele>31.43</ele>
			</trkpt>
			<trkpt lat="47.91063" lon="-0.72035">
				<ele>31.43</ele>
			</trkpt>
			<trkpt lat="47.91057" lon="-0.71965">
				<ele>31.43</ele>
			</trkpt>
			<trkpt lat="47.91058" lon="-0.7192">
				<ele>31.43</ele>
			</trkpt>
			<trkpt lat="47.91052" lon="-0.71888">
				<ele>31.43</ele>
			</trkpt>
			<trkpt lat="47.91023" lon="-0.71772">
				<ele>31.43</ele>
			</trkpt>
			<trkpt lat="47.90966" lon="-0.7158">
				<ele>31.43</ele>
			</trkpt>
			<trkpt lat="47.90959" lon="-0.71539">
				<ele>31.43</ele>
			</trkpt>
			<trkpt lat="47.90949" lon="-0.71431">
				<ele>31.43</ele>
			</trkpt>
			<trkpt lat="47.90948" lon="-0.71271">
				<ele>31.43</ele>
			</trkpt>
			<trkpt lat="47.90944" lon="-0.71239">
				<ele>37.26</ele>
			</trkpt>
			<trkpt lat="47.9089" lon="-0.71054">
				<ele>37.26</ele>
			</trkpt>
			<trkpt lat="47.90821" lon="-0.70829">
				<ele>37.26</ele>
			</trkpt>
			<trkpt lat="47.90769" lon="-0.70714">
				<ele>37.26</ele>
			</trkpt>
			<trkpt lat="47.90713" lon="-0.70611">
				<ele>37.26</ele>
			</trkpt>
			<trkpt lat="47.90688" lon="-0.70576">
				<ele>37.26</ele>
			</trkpt>
			<trkpt lat="47.90661" lon="-0.70514">
				<ele>37.26</ele>
			</trkpt>
			<trkpt lat="47.90557" lon="-0.70342">
				<ele>37.26</ele>
			</trkpt>
			<trkpt lat="47.90492" lon="-0.70269">
				<ele>37.26</ele>
			</trkpt>
			<trkpt lat="47.90443" lon="-0.70202">
				<ele>37.26</ele>
			</trkpt>
			<trkpt lat="47.90419" lon="-0.7014">
				<ele>37.26</ele>
			</trkpt>
			<trkpt lat="47.90383" lon="-0.7007">
				<ele>37.26</ele>
			</trkpt>
			<trkpt lat="47.9037" lon="-0.70021">
				<ele>37.26</ele>
			</trkpt>
			<trkpt lat="47.9034" lon="-0.69972">
				<ele>41.91</ele>
			</trkpt>
			<trkpt lat="47.90265" lon="-0.69823">
				<ele>41.91</ele>
			</trkpt>
			<trkpt lat="47.90199" lon="-0.69724">
				<ele>41.91</ele>
			</trkpt>
			<trkpt lat="47.90142" lon="-0.69661">
				<ele>41.91</ele>
			</trkpt>
			<trkpt lat="47.90081" lon="-0.6961">
				<ele>41.91</ele>
			</trkpt>
			<trkpt lat="47.9" lon="-0.69553">
				<ele>41.91</ele>
			</trkpt>
			<trkpt lat="47.89788" lon="-0.6935">
				<ele>41.91</ele>
			</trkpt>
			<trkpt lat="47.89753" lon="-0.69302">
				<ele>41.91</ele>
			</trkpt>
			<trkpt lat="47.89738" lon="-0.69249">
				<ele>41.91</ele>
			</trkpt>
			<trkpt lat="47.89692" lon="-0.69164">
				<ele>41.91</ele>
			</trkpt>
			<trkpt lat="47.89654" lon="-0.69114">
				<ele>41.91</ele>
			</trkpt>
			<trkpt lat="47.89598" lon="-0.69057">
				<ele>41.91</ele>
			</trkpt>
			<trkpt lat="47.89523" lon="-0.69029">
				<ele>41.91</ele>
			</trkpt>
			<trkpt lat="47.89449" lon="-0.69056">
				<ele>29.56</ele>
			</trkpt>
			<trkpt lat="47.89291" lon="-0.69083">
				<ele>29.56</ele>
			</trkpt>
			<trkpt lat="47.89195" lon="-0.69118">
				<ele>29.56</ele>
			</trkpt>
			<trkpt lat="47.89174" lon="-0.69132">
				<ele>29.56</ele>
			</trkpt>
			<trkpt lat="47.89143" lon="-0.69172">
				<ele>29.56</ele>
			</trkpt>
			<trkpt lat="47.89072" lon="-0.69293">
				<ele>29.56</ele>
			</trkpt>
			<trkpt lat="47.88939" lon="-0.69506">
				<ele>29.56</ele>
			</trkpt>
			<trkpt lat="47.88802" lon="-0.69643">
				<ele>29.56</ele>
			</trkpt>
			<trkpt lat="47.8865" lon="-0.69751">
				<ele>29.56</ele>
			</trkpt>
			<trkpt lat="47.88612" lon="-0.69764">
				<ele>29.56</ele>
			</trkpt>
			<trkpt lat="47.88522" lon="-0.69808">
				<ele>29.56</ele>
			</trkpt>
			<trkpt lat="47.88429" lon="-0.69835">
				<ele>29.56</ele>
			</trkpt>
			<trkpt lat="47.88305" lon="-0.69889">
				<ele>29.56</ele>
			</trkpt>
			<trkpt lat="47.88239" lon="-0.69931">
				<ele>38.98</ele>
			</trkpt>
			<trkpt lat="47.88212" lon="-0.69968">
				<ele>38.98</ele>
			</trkpt>
			<trkpt lat="47.88151" lon="-0.70091">
				<ele>38.98</ele>
			</trkpt>
			<trkpt lat="47.88105" lon="-0.70166">
				<ele>38.98</ele>
			</trkpt>
			<trkpt lat="47.88" lon="-0.70289">
				<ele>38.98</ele>
			</trkpt>
			<trkpt lat="47.87931" lon="-0.70344">
				<ele>38.98</ele>
			</trkpt>
			<trkpt lat="47.87876" lon="-0.70378">
				<ele>38.98</ele>
			</trkpt>
			<trkpt lat="47.87741" lon="-0.70426">
				<ele>38.98</ele>
			</trkpt>
			<trkpt lat="47.87618" lon="-0.70495">
				<ele>38.98</ele>
			</trkpt>
			<trkpt lat="47.87486" lon="-0.70522">
				<ele>38.98</ele>
			</trkpt>
			<trkpt lat="47.87406" lon="-0.70525">
				<ele>38.98</ele>
			</trkpt>
			<trkpt lat="47.87329" lon="-0.70504">
				<ele>38.98</ele>
			</trkpt>
			<trkpt lat="47.87286" lon="-0.70475">
				<ele>38.98</ele>
			</trkpt>
			<trkpt lat="47.87253" lon="-0.70443">
				<ele>33.99</ele>
			</trkpt>
			<trkpt lat="47.87214" lon="-0.70388">
				<ele>33.99</ele>
			</trkpt>
			<trkpt lat="47.87108" lon="-0.70265">
				<ele>33.99</ele>
			</trkpt>
			<trkpt lat="47.8708" lon="-0.70211">
				<ele>33.99</ele>
			</trkpt>
			<trkpt lat="47.87074" lon="-0.70106">
				<ele>33.99</ele>
			</trkpt>
			<trkpt lat="47.87067" lon="-0.70063">
				<ele>33.99</ele>
			</trkpt>
			<trkpt lat="47.87046" lon="-0.70076">
				<ele>33.99</ele>
			</trkpt>
			<trkpt lat="47.87034" lon="-0.70042">
				<ele>33.99</ele>
			</trkpt>
			<trkpt lat="47.87057" lon="-0.70024">
				<ele>33.99</ele>
			</trkpt>
			<trkpt lat="47.87019" lon="-0.69924">
				<ele>33.99</ele>
			</trkpt>
			<trkpt lat="47.86974" lon="-0.69852">
				<ele>33.99</ele>
			</trkpt>
			<trkpt lat="47.86926" lon="-0.69805">
				<ele>33.99</ele>
			</trkpt>
			<trkpt lat="47.86892" lon="-0.6978">
				<ele>33.99</ele>
			</trkpt>
			<trkpt lat="47.86738" lon="-0.69707">
				<ele>30.55</ele>
			</trkpt>
			<trkpt lat="47.8666" lon="-0.69681">
				<ele>30.55</ele>
			</trkpt>
			<trkpt lat="47.86445" lon="-0.69582">
				<ele>30.55</ele>
			</trkpt>
			<trkpt lat="47.86095" lon="-0.69457">
				<ele>30.55</ele>
			</trkpt>
			<trkpt lat="47.86062" lon="-0.69454">
				<ele>30.55</ele>
			</trkpt>
			<trkpt lat="47.85968" lon="-0.6949">
				<ele>30.55</ele>
			</trkpt>
			<trkpt lat="47.85847" lon="-0.69546">
				<ele>30.55</ele>
			</trkpt>
			<trkpt lat="47.85655" lon="-0.69651">
				<ele>30.55</ele>
			</trkpt>
			<trkpt lat="47.85521" lon="-0.69697">
				<ele>30.55</ele>
			</trkpt>
			<trkpt lat="47.85435" lon="-0.69738">
				<ele>30.55</ele>
			</trkpt>
			<trkpt lat="47.85261" lon="-0.69851">
				<ele>30.55</ele>
			</trkpt>
			<trkpt lat="47.8526" lon="-0.69885">
				<ele>30.55</ele>
			</trkpt>
			<trkpt lat="47.85196" lon="-0.69891">
				<ele>30.55</ele>
			</trkpt>
			<trkpt lat="47.85128" lon="-0.69915">
				<ele>29.9</ele>
			</trkpt>
			<trkpt lat="47.84998" lon="-0.7002">
				<ele>29.9</ele>
			</trkpt>
			<trkpt lat="47.8491" lon="-0.70146">
				<ele>29.9</ele>
			</trkpt>
			<trkpt lat="47.84821" lon="-0.70211">
				<ele>29.9</ele>
			</trkpt>
			<trkpt lat="47.84775" lon="-0.7025">
				<ele>29.9</ele>
			</trkpt>
			<trkpt lat="47.84616" lon="-0.70401">
				<ele>29.9</ele>
			</trkpt>
			<trkpt lat="47.84537" lon="-0.70449">
				<ele>29.9</ele>
			</trkpt>
			<trkpt lat="47.84504" lon="-0.70463">
				<ele>29.9</ele>
			</trkpt>
			<trkpt lat="47.84434" lon="-0.70469">
				<ele>29.9</ele>
			</trkpt>
			<trkpt lat="47.84405" lon="-0.70469">
				<ele>29.9</ele>
			</trkpt>
			<trkpt lat="47.84366" lon="-0.70458">
				<ele>29.9</ele>
			</trkpt>
			<trkpt lat="47.84279" lon="-0.70376">
				<ele>29.9</ele>
			</trkpt>
			<trkpt lat="47.84241" lon="-0.70358">
				<ele>29.9</ele>
			</trkpt>
			<trkpt lat="47.84227" lon="-0.70358">
				<ele>35.63</ele>
			</trkpt>
			<trkpt lat="47.84151" lon="-0.70343">
				<ele>35.63</ele>
			</trkpt>
			<trkpt lat="47.84035" lon="-0.70331">
				<ele>35.63</ele>
			</trkpt>
			<trkpt lat="47.83922" lon="-0.70361">
				<ele>35.63</ele>
			</trkpt>
			<trkpt lat="47.83654" lon="-0.70462">
				<ele>35.63</ele>
			</trkpt>
			<trkpt lat="47.83531" lon="-0.70486">
				<ele>35.63</ele>
			</trkpt>
			<trkpt lat="47.83286" lon="-0.70546">
				<ele>35.63</ele>
			</trkpt>
			<trkpt lat="47.83235" lon="-0.70553">
				<ele>35.63</ele>
			</trkpt>
			<trkpt lat="47.83194" lon="-0.70543">
				<ele>35.63</ele>
			</trkpt>
			<trkpt lat="47.83099" lon="-0.70505">
				<ele>35.63</ele>
			</trkpt>
			<trkpt lat="47.83067" lon="-0.70486">
				<ele>35.63</ele>
			</trkpt>
			<trkpt lat="47.83007" lon="-0.70431">
				<ele>35.63</ele>
			</trkpt>
			<trkpt lat="47.829" lon="-0.7029">
				<ele>35.63</ele>
			</trkpt>
			<trkpt lat="47.82874" lon="-0.70259">
				<ele>26.39</ele>
			</trkpt>
			<trkpt lat="47.8287" lon="-0.70186">
				<ele>26.39</ele>
			</trkpt>
			<trkpt lat="47.82864" lon="-0.70175">
				<ele>26.39</ele>
			</trkpt>
			<trkpt lat="47.82573" lon="-0.70142">
				<ele>26.39</ele>
			</trkpt>
			<trkpt lat="47.82569" lon="-0.70161">
				<ele>26.39</ele>
			</trkpt>
			<trkpt lat="47.82377" lon="-0.70241">
				<ele>26.39</ele>
			</trkpt>
			<trkpt lat="47.8236" lon="-0.70255">
				<ele>26.39</ele>
			</trkpt>
			<trkpt lat="47.82337" lon="-0.70259">
				<ele>26.39</ele>
			</trkpt>
			<trkpt lat="47.82308" lon="-0.69882">
				<ele>26.39</ele>
			</trkpt>
			<trkpt lat="47.82299" lon="-0.69828">
				<ele>26.39</ele>
			</trkpt>
			<trkpt lat="47.82281" lon="-0.69837">
				<ele>26.39</ele>
			</trkpt>
			<trkpt lat="47.82261" lon="-0.69797">
				<ele>26.39</ele>
			</trkpt>
			<trkpt lat="47.8224" lon="-0.69776">
				<ele>26.39</ele>
			</trkpt>
			<trkpt lat="47.82121" lon="-0.69721">
				<ele>26.25</ele>
			</trkpt>
			<trkpt lat="47.82101" lon="-0.69734">
				<ele>26.25</ele>
			</trkpt>
			<trkpt lat="47.82081" lon="-0.69744">
				<ele>26.25</ele>
			</trkpt>
			<trkpt lat="47.8207" lon="-0.6974">
				<ele>26.25</ele>
			</trkpt>
			<trkpt lat="47.82055" lon="-0.69723">
				<ele>26.25</ele>
			</trkpt>
			<trkpt lat="47.82028" lon="-0.69671">
				<ele>26.25</ele>
			</trkpt>
			<trkpt lat="47.82013" lon="-0.6962">
				<ele>26.25</ele>
			</trkpt>
			<trkpt lat="47.82011" lon="-0.69597">
				<ele>26.25</ele>
			</trkpt>
			<trkpt lat="47.8195" lon="-0.69522">
				<ele>26.25</ele>
			</trkpt>
			<trkpt lat="47.81927" lon="-0.69514">
				<ele>26.25</ele>
			</trkpt>
			<trkpt lat="47.81916" lon="-0.69499">
				<ele>26.25</ele>
			</trkpt>
			<trkpt lat="47.8186" lon="-0.69466">
				<ele>26.25</ele>
			</trkpt>
			<trkpt lat="47.8179" lon="-0.69454">
				<ele>26.25</ele>
			</trkpt>
			<trkpt lat="47.81743" lon="-0.6945">
				<ele>33.33</ele>
			</trkpt>
			<trkpt lat="47.81741" lon="-0.6937">
				<ele>33.33</ele>
			</trkpt>
			<trkpt lat="47.81762" lon="-0.68979">
				<ele>33.33</ele>
			</trkpt>
			<trkpt lat="47.81755" lon="-0.68851">
				<ele>33.33</ele>
			</trkpt>
			<trkpt lat="47.8174" lon="-0.68707">
				<ele>33.33</ele>
			</trkpt>
			<trkpt lat="47.81711" lon="-0.68568">
				<ele>33.33</ele>
			</trkpt>
			<trkpt lat="47.81679" lon="-0.68186">
				<ele>33.33</ele>
			</trkpt>
			<trkpt lat="47.81666" lon="-0.68107">
				<ele>33.33</ele>
			</trkpt>
			<trkpt lat="47.81628" lon="-0.67971">
				<ele>33.33</ele>
			</trkpt>
			<trkpt lat="47.81589" lon="-0.67904">
				<ele>33.33</ele>
			</trkpt>
			<trkpt lat="47.81572" lon="-0.67888">
				<ele>33.33</ele>
			</trkpt>
			<trkpt lat="47.81432" lon="-0.67864">
				<ele>33.33</ele>
			</trkpt>
			<trkpt lat="47.81318" lon="-0.67814">
				<ele>33.33</ele>
			</trkpt>
			<trkpt lat="47.81172" lon="-0.67733">
				<ele>33.33</ele>
			</trkpt>
			<trkpt lat="47.81102" lon="-0.67713">
				<ele>53.31</ele>
			</trkpt>
			<trkpt lat="47.81042" lon="-0.67712">
				<ele>53.31</ele>
			</trkpt>
			<trkpt lat="47.81002" lon="-0.67697">
				<ele>53.31</ele>
			</trkpt>
			<trkpt lat="47.80987" lon="-0.67698">
				<ele>53.31</ele>
			</trkpt>
			<trkpt lat="47.80917" lon="-0.67719">
				<ele>53.31</ele>
			</trkpt>
			<trkpt lat="47.80785" lon="-0.67792">
				<ele>53.31</ele>
			</trkpt>
			<trkpt lat="47.80763" lon="-0.67799">
				<ele>53.31</ele>
			</trkpt>
			<trkpt lat="47.80721" lon="-0.678">
				<ele>53.31</ele>
			</trkpt>
			<trkpt lat="47.80568" lon="-0.67712">
				<ele>53.31</ele>
			</trkpt>
			<trkpt lat="47.80527" lon="-0.67696">
				<ele>53.31</ele>
			</trkpt>
			<trkpt lat="47.80446" lon="-0.67677">
				<ele>53.31</ele>
			</trkpt>
			<trkpt lat="47.8024" lon="-0.67646">
				<ele>53.31</ele>
			</trkpt>
			<trkpt lat="47.80175" lon="-0.67626">
				<ele>53.31</ele>
			</trkpt>
			<trkpt lat="47.8011" lon="-0.67598">
				<ele>49.68</ele>
			</trkpt>
			<trkpt lat="47.80061" lon="-0.67561">
				<ele>49.68</ele>
			</trkpt>
			<trkpt lat="47.80037" lon="-0.67535">
				<ele>49.68</ele>
			</trkpt>
			<trkpt lat="47.80019" lon="-0.67508">
				<ele>49.68</ele>
			</trkpt>
			<trkpt lat="47.79908" lon="-0.6728">
				<ele>49.68</ele>
			</trkpt>
			<trkpt lat="47.79817" lon="-0.67145">
				<ele>49.68</ele>
			</trkpt>
			<trkpt lat="47.79747" lon="-0.67061">
				<ele>49.68</ele>
			</trkpt>
			<trkpt lat="47.79649" lon="-0.66966">
				<ele>49.68</ele>
			</trkpt>
			<trkpt lat="47.79477" lon="-0.66848">
				<ele>49.68</ele>
			</trkpt>
			<trkpt lat="47.79427" lon="-0.66803">
				<ele>49.68</ele>
			</trkpt>
			<trkpt lat="47.79428" lon="-0.66785">
				<ele>49.68</ele>
			</trkpt>
			<trkpt lat="47.79446" lon="-0.66741">
				<ele>49.68</ele>
			</trkpt>
			<trkpt lat="47.79481" lon="-0.66689">
				<ele>49.68</ele>
			</trkpt>
			<trkpt lat="47.79522" lon="-0.66649">
				<ele>38.76</ele>
			</trkpt>
			<trkpt lat="47.79527" lon="-0.66633">
				<ele>38.76</ele>
			</trkpt>
			<trkpt lat="47.79394" lon="-0.66623">
				<ele>38.76</ele>
			</trkpt>
			<trkpt lat="47.79348" lon="-0.66605">
				<ele>38.76</ele>
			</trkpt>
			<trkpt lat="47.79293" lon="-0.66575">
				<ele>38.76</ele>
			</trkpt>
			<trkpt lat="47.79195" lon="-0.66504">
				<ele>38.76</ele>
			</trkpt>
			<trkpt lat="47.79045" lon="-0.66442">
				<ele>38.76</ele>
			</trkpt>
			<trkpt lat="47.79018" lon="-0.66421">
				<ele>38.76</ele>
			</trkpt>
			<trkpt lat="47.7896" lon="-0.66387">
				<ele>38.76</ele>
			</trkpt>
			<trkpt lat="47.78716" lon="-0.66309">
				<ele>38.76</ele>
			</trkpt>
			<trkpt lat="47.78669" lon="-0.66303">
				<ele>38.76</ele>
			</trkpt>
			<trkpt lat="47.78615" lon="-0.66307">
				<ele>38.76</ele>
			</trkpt>
			<trkpt lat="47.78547" lon="-0.66294">
				<ele>38.76</ele>
			</trkpt>
			<trkpt lat="47.78477" lon="-0.66285">
				<ele>33.33</ele>
			</trkpt>
			<trkpt lat="47.78359" lon="-0.66209">
				<ele>33.33</ele>
			</trkpt>
			<trkpt lat="47.78303" lon="-0.66182">
				<ele>33.33</ele>
			</trkpt>
			<trkpt lat="47.78196" lon="-0.66151">
				<ele>33.33</ele>
			</trkpt>
			<trkpt lat="47.78179" lon="-0.66253">
				<ele>33.33</ele>
			</trkpt>
			<trkpt lat="47.78155" lon="-0.66344">
				<ele>33.33</ele>
			</trkpt>
			<trkpt lat="47.78132" lon="-0.66417">
				<ele>33.33</ele>
			</trkpt>
			<trkpt lat="47.78067" lon="-0.66552">
				<ele>33.33</ele>
			</trkpt>
			<trkpt lat="47.78043" lon="-0.66573">
				<ele>33.33</ele>
			</trkpt>
			<trkpt lat="47.77866" lon="-0.66609">
				<ele>33.33</ele>
			</trkpt>
			<trkpt lat="47.77862" lon="-0.66288">
				<ele>33.33</ele>
			</trkpt>
			<trkpt lat="47.77839" lon="-0.66049">
				<ele>33.33</ele>
			</trkpt>
			<trkpt lat="47.77834" lon="-0.66023">
				<ele>33.33</ele>
			</trkpt>
			<trkpt lat="47.77808" lon="-0.65985">
				<ele>31.97</ele>
			</trkpt>
			<trkpt lat="47.7774" lon="-0.65934">
				<ele>31.97</ele>
			</trkpt>
			<trkpt lat="47.77623" lon="-0.65853">
				<ele>31.97</ele>
			</trkpt>
			<trkpt lat="47.77495" lon="-0.65746">
				<ele>31.97</ele>
			</trkpt>
			<trkpt lat="47.77416" lon="-0.65668">
				<ele>31.97</ele>
			</trkpt>
			<trkpt lat="47.7733" lon="-0.65567">
				<ele>31.97</ele>
			</trkpt>
			<trkpt lat="47.77245" lon="-0.6543">
				<ele>31.97</ele>
			</trkpt>
			<trkpt lat="47.77193" lon="-0.65363">
				<ele>31.97</ele>
			</trkpt>
			<trkpt lat="47.77019" lon="-0.65236">
				<ele>31.97</ele>
			</trkpt>
			<trkpt lat="47.7694" lon="-0.65191">
				<ele>31.97</ele>
			</trkpt>
			<trkpt lat="47.7686" lon="-0.65158">
				<ele>31.97</ele>
			</trkpt>
			<trkpt lat="47.76743" lon="-0.65076">
				<ele>31.97</ele>
			</trkpt>
			<trkpt lat="47.76679" lon="-0.65062">
				<ele>31.97</ele>
			</trkpt>
			<trkpt lat="47.76583" lon="-0.65061">
				<ele>28.75</ele>
			</trkpt>
			<trkpt lat="47.76518" lon="-0.6504">
				<ele>28.75</ele>
			</trkpt>
			<trkpt lat="47.76493" lon="-0.65038">
				<ele>28.75</ele>
			</trkpt>
			<trkpt lat="47.76445" lon="-0.65041">
				<ele>28.75</ele>
			</trkpt>
			<trkpt lat="47.76321" lon="-0.65081">
				<ele>28.75</ele>
			</trkpt>
			<trkpt lat="47.76181" lon="-0.65053">
				<ele>28.75</ele>
			</trkpt>
			<trkpt lat="47.7588" lon="-0.65008">
				<ele>28.75</ele>
			</trkpt>
			<trkpt lat="47.75844" lon="-0.64998">
				<ele>28.75</ele>
			</trkpt>
			<trkpt lat="47.75818" lon="-0.64978">
				<ele>28.75</ele>
			</trkpt>
			<trkpt lat="47.75791" lon="-0.64946">
				<ele>28.75</ele>
			</trkpt>
			<trkpt lat="47.7571" lon="-0.64825">
				<ele>28.75</ele>
			</trkpt>
			<trkpt lat="47.75663" lon="-0.64768">
				<ele>28.75</ele>
			</trkpt>
			<trkpt lat="47.75618" lon="-0.64728">
				<ele>28.75</ele>
			</trkpt>
			<trkpt lat="47.75575" lon="-0.64699">
				<ele>21.31</ele>
			</trkpt>
			<trkpt lat="47.75561" lon="-0.64682">
				<ele>21.31</ele>
			</trkpt>
			<trkpt lat="47.75547" lon="-0.64643">
				<ele>21.31</ele>
			</trkpt>
			<trkpt lat="47.7554" lon="-0.64597">
				<ele>21.31</ele>
			</trkpt>
			<trkpt lat="47.75531" lon="-0.6458">
				<ele>21.31</ele>
			</trkpt>
			<trkpt lat="47.75501" lon="-0.64557">
				<ele>21.31</ele>
			</trkpt>
			<trkpt lat="47.75463" lon="-0.64547">
				<ele>21.31</ele>
			</trkpt>
			<trkpt lat="47.75433" lon="-0.64526">
				<ele>21.31</ele>
			</trkpt>
			<trkpt lat="47.7532" lon="-0.64378">
				<ele>21.31</ele>
			</trkpt>
			<trkpt lat="47.75261" lon="-0.64251">
				<ele>21.31</ele>
			</trkpt>
			<trkpt lat="47.75253" lon="-0.64272">
				<ele>21.31</ele>
			</trkpt>
			<trkpt lat="47.75192" lon="-0.64326">
				<ele>21.31</ele>
			</trkpt>
			<trkpt lat="47.75165" lon="-0.64419">
				<ele>21.31</ele>
			</trkpt>
			<trkpt lat="47.75168" lon="-0.64456">
				<ele>35.35</ele>
			</trkpt>
			<trkpt lat="47.75163" lon="-0.64486">
				<ele>35.35</ele>
			</trkpt>
			<trkpt lat="47.75153" lon="-0.645">
				<ele>35.35</ele>
			</trkpt>
			<trkpt lat="47.75081" lon="-0.64558">
				<ele>35.35</ele>
			</trkpt>
			<trkpt lat="47.75062" lon="-0.64534">
				<ele>35.35</ele>
			</trkpt>
			<trkpt lat="47.74969" lon="-0.64244">
				<ele>35.35</ele>
			</trkpt>
			<trkpt lat="47.74971" lon="-0.6423">
				<ele>35.35</ele>
			</trkpt>
			<trkpt lat="47.74953" lon="-0.64186">
				<ele>35.35</ele>
			</trkpt>
			<trkpt lat="47.74957" lon="-0.64167">
				<ele>35.35</ele>
			</trkpt>
			<trkpt lat="47.74934" lon="-0.64109">
				<ele>35.35</ele>
			</trkpt>
			<trkpt lat="47.74813" lon="-0.64234">
				<ele>35.35</ele>
			</trkpt>
			<trkpt lat="47.74833" lon="-0.64192">
				<ele>35.35</ele>
			</trkpt>
			<trkpt lat="47.74807" lon="-0.64151">
				<ele>35.35</ele>
			</trkpt>
			<trkpt lat="47.74741" lon="-0.64025">
				<ele>44.06</ele>
			</trkpt>
			<trkpt lat="47.74697" lon="-0.6398">
				<ele>44.06</ele>
			</trkpt>
			<trkpt lat="47.74657" lon="-0.63966">
				<ele>44.06</ele>
			</trkpt>
			<trkpt lat="47.74613" lon="-0.63971">
				<ele>44.06</ele>
			</trkpt>
			<trkpt lat="47.74538" lon="-0.63999">
				<ele>44.06</ele>
			</trkpt>
			<trkpt lat="47.74431" lon="-0.64003">
				<ele>44.06</ele>
			</trkpt>
			<trkpt lat="47.74189" lon="-0.64049">
				<ele>44.06</ele>
			</trkpt>
			<trkpt lat="47.74118" lon="-0.64089">
				<ele>44.06</ele>
			</trkpt>
			<trkpt lat="47.74095" lon="-0.64109">
				<ele>44.06</ele>
			</trkpt>
			<trkpt lat="47.74026" lon="-0.64208">
				<ele>44.06</ele>
			</trkpt>
			<trkpt lat="47.7388" lon="-0.64468">
				<ele>44.06</ele>
			</trkpt>
			<trkpt lat="47.73811" lon="-0.64554">
				<ele>44.06</ele>
			</trkpt>
			<trkpt lat="47.73659" lon="-0.64771">
				<ele>44.06</ele>
			</trkpt>
			<trkpt lat="47.73519" lon="-0.64919">
				<ele>22.52</ele>
			</trkpt>
			<trkpt lat="47.73495" lon="-0.64974">
				<ele>22.52</ele>
			</trkpt>
			<trkpt lat="47.73475" lon="-0.65156">
				<ele>22.52</ele>
			</trkpt>
			<trkpt lat="47.73456" lon="-0.65226">
				<ele>22.52</ele>
			</trkpt>
			<trkpt lat="47.73423" lon="-0.65315">
				<ele>22.52</ele>
			</trkpt>
			<trkpt lat="47.73404" lon="-0.65355">
				<ele>22.52</ele>
			</trkpt>
			<trkpt lat="47.73186" lon="-0.65705">
				<ele>22.52</ele>
			</trkpt>
			<trkpt lat="47.73086" lon="-0.65921">
				<ele>22.52</ele>
			</trkpt>
			<trkpt lat="47.72944" lon="-0.66297">
				<ele>22.52</ele>
			</trkpt>
			<trkpt lat="47.7288" lon="-0.66508">
				<ele>22.52</ele>
			</trkpt>
			<trkpt lat="47.72792" lon="-0.66633">
				<ele>22.52</ele>
			</trkpt>
			<trkpt lat="47.72618" lon="-0.66848">
				<ele>22.52</ele>
			</trkpt>
			<trkpt lat="47.72552" lon="-0.66905">
				<ele>22.52</ele>
			</trkpt>
			<trkpt lat="47.72476" lon="-0.66937">
				<ele>22.11</ele>
			</trkpt>
			<trkpt lat="47.72447" lon="-0.66938">
				<ele>22.11</ele>
			</trkpt>
			<trkpt lat="47.72422" lon="-0.6693">
				<ele>22.11</ele>
			</trkpt>
			<trkpt lat="47.72354" lon="-0.66885">
				<ele>22.11</ele>
			</trkpt>
			<trkpt lat="47.72184" lon="-0.66777">
				<ele>22.11</ele>
			</trkpt>
			<trkpt lat="47.72057" lon="-0.66717">
				<ele>22.11</ele>
			</trkpt>
			<trkpt lat="47.71981" lon="-0.66664">
				<ele>22.11</ele>
			</trkpt>
			<trkpt lat="47.71905" lon="-0.66644">
				<ele>22.11</ele>
			</trkpt>
			<trkpt lat="47.71873" lon="-0.66622">
				<ele>22.11</ele>
			</trkpt>
			<trkpt lat="47.71452" lon="-0.66476">
				<ele>22.11</ele>
			</trkpt>
			<trkpt lat="47.71336" lon="-0.66454">
				<ele>22.11</ele>
			</trkpt>
			<trkpt lat="47.71212" lon="-0.66422">
				<ele>22.11</ele>
			</trkpt>
			<trkpt lat="47.7112" lon="-0.6639">
				<ele>22.11</ele>
			</trkpt>
			<trkpt lat="47.7108" lon="-0.66382">
				<ele>19.57</ele>
			</trkpt>
			<trkpt lat="47.71062" lon="-0.66368">
				<ele>19.57</ele>
			</trkpt>
			<trkpt lat="47.7095" lon="-0.66319">
				<ele>19.57</ele>
			</trkpt>
			<trkpt lat="47.7081" lon="-0.66283">
				<ele>19.57</ele>
			</trkpt>
			<trkpt lat="47.70779" lon="-0.66298">
				<ele>19.57</ele>
			</trkpt>
			<trkpt lat="47.70727" lon="-0.66376">
				<ele>19.57</ele>
			</trkpt>
			<trkpt lat="47.7071" lon="-0.66384">
				<ele>19.57</ele>
			</trkpt>
			<trkpt lat="47.70511" lon="-0.66562">
				<ele>19.57</ele>
			</trkpt>
			<trkpt lat="47.70482" lon="-0.66574">
				<ele>19.57</ele>
			</trkpt>
			<trkpt lat="47.704" lon="-0.66649">
				<ele>19.57</ele>
			</trkpt>
			<trkpt lat="47.70379" lon="-0.66672">
				<ele>19.57</ele>
			</trkpt>
			<trkpt lat="47.70336" lon="-0.66747">
				<ele>19.57</ele>
			</trkpt>
			<trkpt lat="47.70297" lon="-0.66805">
				<ele>19.57</ele>
			</trkpt>
			<trkpt lat="47.7024" lon="-0.66867">
				<ele>28.57</ele>
			</trkpt>
			<trkpt lat="47.70204" lon="-0.66898">
				<ele>28.57</ele>
			</trkpt>
			<trkpt lat="47.70137" lon="-0.66941">
				<ele>28.57</ele>
			</trkpt>
			<trkpt lat="47.70128" lon="-0.66938">
				<ele>28.57</ele>
			</trkpt>
			<trkpt lat="47.6987" lon="-0.67083">
				<ele>28.57</ele>
			</trkpt>
			<trkpt lat="47.69794" lon="-0.67178">
				<ele>28.57</ele>
			</trkpt>
			<trkpt lat="47.69621" lon="-0.67426">
				<ele>28.57</ele>
			</trkpt>
			<trkpt lat="47.69493" lon="-0.67565">
				<ele>28.57</ele>
			</trkpt>
			<trkpt lat="47.6938" lon="-0.67675">
				<ele>28.57</ele>
			</trkpt>
			<trkpt lat="47.69202" lon="-0.67832">
				<ele>28.57</ele>
			</trkpt>
			<trkpt lat="47.69095" lon="-0.67941">
				<ele>28.57</ele>
			</trkpt>
			<trkpt lat="47.69082" lon="-0.67961">
				<ele>28.57</ele>
			</trkpt>
			<trkpt lat="47.69028" lon="-0.68023">
				<ele>28.57</ele>
			</trkpt>
			<trkpt lat="47.68971" lon="-0.6807">
				<ele>50.85</ele>
			</trkpt>
			<trkpt lat="47.68863" lon="-0.68091">
				<ele>50.85</ele>
			</trkpt>
			<trkpt lat="47.6882" lon="-0.68093">
				<ele>50.85</ele>
			</trkpt>
			<trkpt lat="47.6873" lon="-0.68072">
				<ele>50.85</ele>
			</trkpt>
			<trkpt lat="47.68714" lon="-0.6808">
				<ele>50.85</ele>
			</trkpt>
			<trkpt lat="47.6868" lon="-0.68058">
				<ele>50.85</ele>
			</trkpt>
			<trkpt lat="47.6864" lon="-0.6805">
				<ele>50.85</ele>
			</trkpt>
			<trkpt lat="47.68593" lon="-0.68052">
				<ele>50.85</ele>
			</trkpt>
			<trkpt lat="47.68567" lon="-0.68065">
				<ele>50.85</ele>
			</trkpt>
			<trkpt lat="47.6855" lon="-0.68082">
				<ele>50.85</ele>
			</trkpt>
			<trkpt lat="47.68521" lon="-0.68129">
				<ele>50.85</ele>
			</trkpt>
			<trkpt lat="47.68482" lon="-0.68177">
				<ele>50.85</ele>
			</trkpt>
			<trkpt lat="47.68362" lon="-0.68291">
				<ele>50.85</ele>
			</trkpt>
			<trkpt lat="47.6814" lon="-0.68453">
				<ele>38.82</ele>
			</trkpt>
			<trkpt lat="47.68105" lon="-0.68492">
				<ele>38.82</ele>
			</trkpt>
			<trkpt lat="47.68076" lon="-0.68541">
				<ele>38.82</ele>
			</trkpt>
			<trkpt lat="47.68043" lon="-0.68647">
				<ele>38.82</ele>
			</trkpt>
			<trkpt lat="47.68022" lon="-0.68692">
				<ele>38.82</ele>
			</trkpt>
			<trkpt lat="47.68012" lon="-0.68709">
				<ele>38.82</ele>
			</trkpt>
			<trkpt lat="47.67941" lon="-0.68784">
				<ele>38.82</ele>
			</trkpt>
			<trkpt lat="47.67809" lon="-0.68834">
				<ele>38.82</ele>
			</trkpt>
			<trkpt lat="47.67815" lon="-0.68848">
				<ele>38.82</ele>
			</trkpt>
			<trkpt lat="47.67894" lon="-0.68848">
				<ele>38.82</ele>
			</trkpt>
			<trkpt lat="47.67923" lon="-0.6886">
				<ele>38.82</ele>
			</trkpt>
			<trkpt lat="47.67991" lon="-0.68944">
				<ele>38.82</ele>
			</trkpt>
			<trkpt lat="47.68028" lon="-0.69032">
				<ele>38.82</ele>
			</trkpt>
			<trkpt lat="47.68049" lon="-0.6907">
				<ele>22.43</ele>
			</trkpt>
			<trkpt lat="47.68063" lon="-0.69086">
				<ele>22.43</ele>
			</trkpt>
			<trkpt lat="47.68094" lon="-0.69172">
				<ele>22.43</ele>
			</trkpt>
			<trkpt lat="47.68135" lon="-0.69265">
				<ele>22.43</ele>
			</trkpt>
			<trkpt lat="47.68078" lon="-0.69334">
				<ele>22.43</ele>
			</trkpt>
			<trkpt lat="47.67991" lon="-0.69386">
				<ele>22.43</ele>
			</trkpt>
			<trkpt lat="47.67952" lon="-0.69401">
				<ele>22.43</ele>
			</trkpt>
			<trkpt lat="47.67871" lon="-0.69408">
				<ele>22.43</ele>
			</trkpt>
			<trkpt lat="47.67749" lon="-0.6945">
				<ele>22.43</ele>
			</trkpt>
			<trkpt lat="47.67721" lon="-0.69467">
				<ele>22.43</ele>
			</trkpt>
			<trkpt lat="47.67692" lon="-0.69504">
				<ele>22.43</ele>
			</trkpt>
			<trkpt lat="47.67675" lon="-0.69539">
				<ele>22.43</ele>
			</trkpt>
			<trkpt lat="47.67644" lon="-0.6963">
				<ele>22.43</ele>
			</trkpt>
			<trkpt lat="47.6759" lon="-0.69721">
				<ele>23.07</ele>
			</trkpt>
			<trkpt lat="47.6757" lon="-0.69746">
				<ele>23.07</ele>
			</trkpt>
			<trkpt lat="47.67538" lon="-0.69762">
				<ele>23.07</ele>
			</trkpt>
			<trkpt lat="47.6739" lon="-0.69799">
				<ele>23.07</ele>
			</trkpt>
			<trkpt lat="47.6721" lon="-0.69881">
				<ele>23.07</ele>
			</trkpt>
			<trkpt lat="47.67141" lon="-0.69955">
				<ele>23.07</ele>
			</trkpt>
			<trkpt lat="47.67118" lon="-0.69984">
				<ele>23.07</ele>
			</trkpt>
			<trkpt lat="47.67067" lon="-0.70021">
				<ele>23.07</ele>
			</trkpt>
			<trkpt lat="47.66995" lon="-0.70053">
				<ele>23.07</ele>
			</trkpt>
			<trkpt lat="47.66652" lon="-0.70175">
				<ele>23.07</ele>
			</trkpt>
			<trkpt lat="47.66258" lon="-0.70269">
				<ele>23.07</ele>
			</trkpt>
			<trkpt lat="47.66183" lon="-0.70266">
				<ele>23.07</ele>
			</trkpt>
			<trkpt lat="47.66084" lon="-0.70244">
				<ele>23.07</ele>
			</trkpt>
			<trkpt lat="47.66041" lon="-0.70224">
				<ele>21.14</ele>
			</trkpt>
			<trkpt lat="47.66002" lon="-0.70191">
				<ele>21.14</ele>
			</trkpt>
			<trkpt lat="47.65969" lon="-0.70172">
				<ele>21.14</ele>
			</trkpt>
			<trkpt lat="47.65816" lon="-0.70135">
				<ele>21.14</ele>
			</trkpt>
			<trkpt lat="47.65648" lon="-0.70113">
				<ele>21.14</ele>
			</trkpt>
			<trkpt lat="47.65668" lon="-0.70093">
				<ele>21.14</ele>
			</trkpt>
			<trkpt lat="47.65748" lon="-0.70079">
				<ele>21.14</ele>
			</trkpt>
			<trkpt lat="47.65753" lon="-0.70056">
				<ele>21.14</ele>
			</trkpt>
			<trkpt lat="47.65499" lon="-0.70002">
				<ele>21.14</ele>
			</trkpt>
			<trkpt lat="47.65436" lon="-0.69969">
				<ele>21.14</ele>
			</trkpt>
			<trkpt lat="47.65389" lon="-0.6993">
				<ele>21.14</ele>
			</trkpt>
			<trkpt lat="47.65365" lon="-0.69903">
				<ele>21.14</ele>
			</trkpt>
			<trkpt lat="47.6532" lon="-0.69821">
				<ele>21.14</ele>
			</trkpt>
			<trkpt lat="47.65227" lon="-0.69697">
				<ele>18.54</ele>
			</trkpt>
			<trkpt lat="47.65105" lon="-0.69566">
				<ele>18.54</ele>
			</trkpt>
			<trkpt lat="47.65073" lon="-0.69538">
				<ele>18.54</ele>
			</trkpt>
			<trkpt lat="47.65052" lon="-0.69527">
				<ele>18.54</ele>
			</trkpt>
			<trkpt lat="47.65052" lon="-0.69506">
				<ele>18.54</ele>
			</trkpt>
			<trkpt lat="47.64966" lon="-0.69419">
				<ele>18.54</ele>
			</trkpt>
			<trkpt lat="47.64838" lon="-0.69312">
				<ele>18.54</ele>
			</trkpt>
			<trkpt lat="47.64758" lon="-0.69278">
				<ele>18.54</ele>
			</trkpt>
			<trkpt lat="47.64571" lon="-0.69254">
				<ele>18.54</ele>
			</trkpt>
			<trkpt lat="47.64555" lon="-0.69259">
				<ele>18.54</ele>
			</trkpt>
			<trkpt lat="47.64536" lon="-0.69253">
				<ele>18.54</ele>
			</trkpt>
			<trkpt lat="47.6428" lon="-0.69241">
				<ele>18.54</ele>
			</trkpt>
			<trkpt lat="47.64181" lon="-0.69257">
				<ele>18.54</ele>
			</trkpt>
			<trkpt lat="47.64159" lon="-0.69283">
				<ele>17.83</ele>
			</trkpt>
			<trkpt lat="47.64118" lon="-0.69289">
				<ele>17.83</ele>
			</trkpt>
			<trkpt lat="47.6405" lon="-0.69325">
				<ele>17.83</ele>
			</trkpt>
			<trkpt lat="47.6394" lon="-0.69399">
				<ele>17.83</ele>
			</trkpt>
			<trkpt lat="47.63877" lon="-0.69431">
				<ele>17.83</ele>
			</trkpt>
			<trkpt lat="47.63804" lon="-0.69447">
				<ele>17.83</ele>
			</trkpt>
			<trkpt lat="47.63749" lon="-0.69432">
				<ele>17.83</ele>
			</trkpt>
			<trkpt lat="47.63709" lon="-0.69406">
				<ele>17.83</ele>
			</trkpt>
			<trkpt lat="47.63642" lon="-0.69439">
				<ele>17.83</ele>
			</trkpt>
			<trkpt lat="47.63562" lon="-0.69439">
				<ele>17.83</ele>
			</trkpt>
			<trkpt lat="47.63522" lon="-0.69418">
				<ele>17.83</ele>
			</trkpt>
			<trkpt lat="47.63499" lon="-0.69388">
				<ele>17.83</ele>
			</trkpt>
			<trkpt lat="47.63444" lon="-0.69341">
				<ele>17.83</ele>
			</trkpt>
			<trkpt lat="47.63397" lon="-0.69168">
				<ele>18.59</ele>
			</trkpt>
			<trkpt lat="47.63346" lon="-0.69117">
				<ele>18.59</ele>
			</trkpt>
			<trkpt lat="47.63323" lon="-0.6911">
				<ele>18.59</ele>
			</trkpt>
			<trkpt lat="47.63301" lon="-0.69128">
				<ele>18.59</ele>
			</trkpt>
			<trkpt lat="47.63266" lon="-0.69143">
				<ele>18.59</ele>
			</trkpt>
			<trkpt lat="47.63226" lon="-0.6914">
				<ele>18.59</ele>
			</trkpt>
			<trkpt lat="47.63156" lon="-0.69156">
				<ele>18.59</ele>
			</trkpt>
			<trkpt lat="47.62986" lon="-0.69219">
				<ele>18.59</ele>
			</trkpt>
			<trkpt lat="47.62892" lon="-0.69237">
				<ele>18.59</ele>
			</trkpt>
			<trkpt lat="47.6282" lon="-0.69243">
				<ele>18.59</ele>
			</trkpt>
			<trkpt lat="47.62767" lon="-0.69237">
				<ele>18.59</ele>
			</trkpt>
			<trkpt lat="47.62574" lon="-0.69244">
				<ele>18.59</ele>
			</trkpt>
			<trkpt lat="47.6246" lon="-0.69272">
				<ele>18.59</ele>
			</trkpt>
			<trkpt lat="47.62379" lon="-0.69314">
				<ele>27.42</ele>
			</trkpt>
			<trkpt lat="47.62243" lon="-0.69435">
				<ele>27.42</ele>
			</trkpt>
			<trkpt lat="47.62177" lon="-0.69477">
				<ele>27.42</ele>
			</trkpt>
			<trkpt lat="47.62139" lon="-0.69496">
				<ele>27.42</ele>
			</trkpt>
			<trkpt lat="47.62052" lon="-0.69561">
				<ele>27.42</ele>
			</trkpt>
			<trkpt lat="47.62037" lon="-0.69564">
				<ele>27.42</ele>
			</trkpt>
			<trkpt lat="47.61962" lon="-0.69546">
				<ele>27.42</ele>
			</trkpt>
			<trkpt lat="47.61912" lon="-0.69509">
				<ele>27.42</ele>
			</trkpt>
			<trkpt lat="47.6186" lon="-0.69493">
				<ele>27.42</ele>
			</trkpt>
			<trkpt lat="47.61735" lon="-0.69476">
				<ele>27.42</ele>
			</trkpt>
			<trkpt lat="47.61667" lon="-0.69469">
				<ele>27.42</ele>
			</trkpt>
			<trkpt lat="47.6164" lon="-0.69468">
				<ele>27.42</ele>
			</trkpt>
			<trkpt lat="47.61603" lon="-0.69462">
				<ele>27.42</ele>
			</trkpt>
			<trkpt lat="47.61578" lon="-0.69414">
				<ele>18.26</ele>
			</trkpt>
			<trkpt lat="47.61553" lon="-0.69349">
				<ele>18.26</ele>
			</trkpt>
			<trkpt lat="47.61478" lon="-0.69213">
				<ele>18.26</ele>
			</trkpt>
			<trkpt lat="47.614" lon="-0.6911">
				<ele>18.26</ele>
			</trkpt>
			<trkpt lat="47.61252" lon="-0.68933">
				<ele>18.26</ele>
			</trkpt>
			<trkpt lat="47.61235" lon="-0.68905">
				<ele>18.26</ele>
			</trkpt>
			<trkpt lat="47.61141" lon="-0.68821">
				<ele>18.26</ele>
			</trkpt>
			<trkpt lat="47.60962" lon="-0.68779">
				<ele>18.26</ele>
			</trkpt>
			<trkpt lat="47.60453" lon="-0.68669">
				<ele>18.26</ele>
			</trkpt>
			<trkpt lat="47.60388" lon="-0.6865">
				<ele>18.26</ele>
			</trkpt>
			<trkpt lat="47.60331" lon="-0.68665">
				<ele>18.26</ele>
			</trkpt>
			<trkpt lat="47.6031" lon="-0.68674">
				<ele>18.26</ele>
			</trkpt>
			<trkpt lat="47.60182" lon="-0.68676">
				<ele>18.26</ele>
			</trkpt>
			<trkpt lat="47.60173" lon="-0.68664">
				<ele>19.18</ele>
			</trkpt>
			<trkpt lat="47.60146" lon="-0.68661">
				<ele>19.18</ele>
			</trkpt>
			<trkpt lat="47.60097" lon="-0.68682">
				<ele>19.18</ele>
			</trkpt>
			<trkpt lat="47.5986" lon="-0.68739">
				<ele>19.18</ele>
			</trkpt>
			<trkpt lat="47.59723" lon="-0.68758">
				<ele>19.18</ele>
			</trkpt>
			<trkpt lat="47.59683" lon="-0.68759">
				<ele>19.18</ele>
			</trkpt>
			<trkpt lat="47.59638" lon="-0.68753">
				<ele>19.18</ele>
			</trkpt>
			<trkpt lat="47.59547" lon="-0.6871">
				<ele>19.18</ele>
			</trkpt>
			<trkpt lat="47.59391" lon="-0.68629">
				<ele>19.18</ele>
			</trkpt>
			<trkpt lat="47.59331" lon="-0.68579">
				<ele>19.18</ele>
			</trkpt>
			<trkpt lat="47.59303" lon="-0.68527">
				<ele>19.18</ele>
			</trkpt>
			<trkpt lat="47.59233" lon="-0.68438">
				<ele>19.18</ele>
			</trkpt>
			<trkpt lat="47.59215" lon="-0.68398">
				<ele>19.18</ele>
			</trkpt>
			<trkpt lat="47.59191" lon="-0.68288">
				<ele>19.6</ele>
			</trkpt>
			<trkpt lat="47.59152" lon="-0.68203">
				<ele>19.6</ele>
			</trkpt>
			<trkpt lat="47.59022" lon="-0.67866">
				<ele>19.6</ele>
			</trkpt>
			<trkpt lat="47.58979" lon="-0.67762">
				<ele>19.6</ele>
			</trkpt>
			<trkpt lat="47.58903" lon="-0.67617">
				<ele>19.6</ele>
			</trkpt>
			<trkpt lat="47.58816" lon="-0.67443">
				<ele>19.6</ele>
			</trkpt>
			<trkpt lat="47.58795" lon="-0.67387">
				<ele>19.6</ele>
			</trkpt>
			<trkpt lat="47.58767" lon="-0.6733">
				<ele>19.6</ele>
			</trkpt>
			<trkpt lat="47.58636" lon="-0.67099">
				<ele>19.6</ele>
			</trkpt>
			<trkpt lat="47.58619" lon="-0.67043">
				<ele>19.6</ele>
			</trkpt>
			<trkpt lat="47.58571" lon="-0.66969">
				<ele>19.6</ele>
			</trkpt>
			<trkpt lat="47.58319" lon="-0.66731">
				<ele>19.6</ele>
			</trkpt>
			<trkpt lat="47.58123" lon="-0.66528">
				<ele>19.6</ele>
			</trkpt>
			<trkpt lat="47.58107" lon="-0.66524">
				<ele>20.3</ele>
			</trkpt>
			<trkpt lat="47.58085" lon="-0.6655">
				<ele>20.3</ele>
			</trkpt>
			<trkpt lat="47.58075" lon="-0.66531">
				<ele>20.3</ele>
			</trkpt>
			<trkpt lat="47.58091" lon="-0.66496">
				<ele>20.3</ele>
			</trkpt>
			<trkpt lat="47.57953" lon="-0.66345">
				<ele>20.3</ele>
			</trkpt>
			<trkpt lat="47.57942" lon="-0.66338">
				<ele>20.3</ele>
			</trkpt>
			<trkpt lat="47.57929" lon="-0.66314">
				<ele>20.3</ele>
			</trkpt>
			<trkpt lat="47.57917" lon="-0.66301">
				<ele>20.3</ele>
			</trkpt>
			<trkpt lat="47.57909" lon="-0.66319">
				<ele>20.3</ele>
			</trkpt>
			<trkpt lat="47.57905" lon="-0.66275">
				<ele>20.3</ele>
			</trkpt>
			<trkpt lat="47.57893" lon="-0.66252">
				<ele>20.3</ele>
			</trkpt>
			<trkpt lat="47.57844" lon="-0.66176">
				<ele>20.3</ele>
			</trkpt>
			<trkpt lat="47.57784" lon="-0.66063">
				<ele>20.3</ele>
			</trkpt>
			<trkpt lat="47.57717" lon="-0.6579">
				<ele>18.91</ele>
			</trkpt>
			<trkpt lat="47.5771" lon="-0.65749">
				<ele>18.91</ele>
			</trkpt>
			<trkpt lat="47.5764" lon="-0.65476">
				<ele>18.91</ele>
			</trkpt>
			<trkpt lat="47.57617" lon="-0.65401">
				<ele>18.91</ele>
			</trkpt>
			<trkpt lat="47.576" lon="-0.65368">
				<ele>18.91</ele>
			</trkpt>
			<trkpt lat="47.57588" lon="-0.65315">
				<ele>18.91</ele>
			</trkpt>
			<trkpt lat="47.57541" lon="-0.65201">
				<ele>18.91</ele>
			</trkpt>
			<trkpt lat="47.57498" lon="-0.65068">
				<ele>18.91</ele>
			</trkpt>
			<trkpt lat="47.57448" lon="-0.64949">
				<ele>18.91</ele>
			</trkpt>
			<trkpt lat="47.57382" lon="-0.64744">
				<ele>18.91</ele>
			</trkpt>
			<trkpt lat="47.57374" lon="-0.647">
				<ele>18.91</ele>
			</trkpt>
			<trkpt lat="47.57358" lon="-0.64627">
				<ele>18.91</ele>
			</trkpt>
			<trkpt lat="47.57303" lon="-0.64227">
				<ele>18.91</ele>
			</trkpt>
			<trkpt lat="47.57305" lon="-0.64004">
				<ele>18.64</ele>
			</trkpt>
			<trkpt lat="47.573" lon="-0.63894">
				<ele>18.64</ele>
			</trkpt>
			<trkpt lat="47.57313" lon="-0.63824">
				<ele>18.64</ele>
			</trkpt>
			<trkpt lat="47.57319" lon="-0.63663">
				<ele>18.64</ele>
			</trkpt>
			<trkpt lat="47.57309" lon="-0.63596">
				<ele>18.64</ele>
			</trkpt>
			<trkpt lat="47.57292" lon="-0.63528">
				<ele>18.64</ele>
			</trkpt>
			<trkpt lat="47.5721" lon="-0.63348">
				<ele>18.64</ele>
			</trkpt>
			<trkpt lat="47.57118" lon="-0.63098">
				<ele>18.64</ele>
			</trkpt>
			<trkpt lat="47.57059" lon="-0.6292">
				<ele>18.64</ele>
			</trkpt>
			<trkpt lat="47.57028" lon="-0.62883">
				<ele>18.64</ele>
			</trkpt>
			<trkpt lat="47.56969" lon="-0.62841">
				<ele>18.64</ele>
			</trkpt>
			<trkpt lat="47.56931" lon="-0.62789">
				<ele>18.64</ele>
			</trkpt>
			<trkpt lat="47.56869" lon="-0.62514">
				<ele>18.64</ele>
			</trkpt>
			<trkpt lat="47.56793" lon="-0.62382">
				<ele>16.03</ele>
			</trkpt>
			<trkpt lat="47.56769" lon="-0.62272">
				<ele>16.03</ele>
			</trkpt>
			<trkpt lat="47.56761" lon="-0.62209">
				<ele>16.03</ele>
			</trkpt>
			<trkpt lat="47.56745" lon="-0.62185">
				<ele>16.03</ele>
			</trkpt>
			<trkpt lat="47.56726" lon="-0.62088">
				<ele>16.03</ele>
			</trkpt>
			<trkpt lat="47.56657" lon="-0.61821">
				<ele>16.03</ele>
			</trkpt>
			<trkpt lat="47.5662" lon="-0.61729">
				<ele>16.03</ele>
			</trkpt>
			<trkpt lat="47.56607" lon="-0.61623">
				<ele>16.03</ele>
			</trkpt>
			<trkpt lat="47.56537" lon="-0.61326">
				<ele>16.03</ele>
			</trkpt>
			<trkpt lat="47.56488" lon="-0.61175">
				<ele>16.03</ele>
			</trkpt>
			<trkpt lat="47.56437" lon="-0.6109">
				<ele>16.03</ele>
			</trkpt>
			<trkpt lat="47.5643" lon="-0.61058">
				<ele>16.03</ele>
			</trkpt>
			<trkpt lat="47.56408" lon="-0.61018">
				<ele>16.03</ele>
			</trkpt>
			<trkpt lat="47.56368" lon="-0.60993">
				<ele>16.39</ele>
			</trkpt>
			<trkpt lat="47.56143" lon="-0.60958">
				<ele>16.39</ele>
			</trkpt>
			<trkpt lat="47.55959" lon="-0.60885">
				<ele>16.39</ele>
			</trkpt>
			<trkpt lat="47.55845" lon="-0.60829">
				<ele>16.39</ele>
			</trkpt>
			<trkpt lat="47.55793" lon="-0.60818">
				<ele>16.39</ele>
			</trkpt>
			<trkpt lat="47.55707" lon="-0.6081">
				<ele>16.39</ele>
			</trkpt>
			<trkpt lat="47.55547" lon="-0.60833">
				<ele>16.39</ele>
			</trkpt>
			<trkpt lat="47.55372" lon="-0.60873">
				<ele>16.39</ele>
			</trkpt>
			<trkpt lat="47.5518" lon="-0.60935">
				<ele>16.39</ele>
			</trkpt>
			<trkpt lat="47.55129" lon="-0.60955">
				<ele>16.39</ele>
			</trkpt>
			<trkpt lat="47.54951" lon="-0.61045">
				<ele>16.39</ele>
			</trkpt>
			<trkpt lat="47.5477" lon="-0.61145">
				<ele>16.39</ele>
			</trkpt>
			<trkpt lat="47.54465" lon="-0.61221">
				<ele>16.39</ele>
			</trkpt>
			<trkpt lat="47.54297" lon="-0.61282">
				<ele>15.88</ele>
			</trkpt>
			<trkpt lat="47.54143" lon="-0.61367">
				<ele>15.88</ele>
			</trkpt>
			<trkpt lat="47.54063" lon="-0.61401">
				<ele>15.88</ele>
			</trkpt>
			<trkpt lat="47.54046" lon="-0.61403">
				<ele>15.88</ele>
			</trkpt>
			<trkpt lat="47.54033" lon="-0.61421">
				<ele>15.88</ele>
			</trkpt>
			<trkpt lat="47.54008" lon="-0.61449">
				<ele>15.88</ele>
			</trkpt>
			<trkpt lat="47.53994" lon="-0.61454">
				<ele>15.88</ele>
			</trkpt>
			<trkpt lat="47.53959" lon="-0.61484">
				<ele>15.88</ele>
			</trkpt>
			<trkpt lat="47.53873" lon="-0.61536">
				<ele>15.88</ele>
			</trkpt>
			<trkpt lat="47.53696" lon="-0.61599">
				<ele>15.88</ele>
			</trkpt>
			<trkpt lat="47.53589" lon="-0.61607">
				<ele>15.88</ele>
			</trkpt>
			<trkpt lat="47.53545" lon="-0.61602">
				<ele>15.88</ele>
			</trkpt>
			<trkpt lat="47.53505" lon="-0.61584">
				<ele>15.88</ele>
			</trkpt>
			<trkpt lat="47.53407" lon="-0.61503">
				<ele>16.37</ele>
			</trkpt>
			<trkpt lat="47.53347" lon="-0.61442">
				<ele>16.37</ele>
			</trkpt>
			<trkpt lat="47.53269" lon="-0.61355">
				<ele>16.37</ele>
			</trkpt>
			<trkpt lat="47.53198" lon="-0.61253">
				<ele>16.37</ele>
			</trkpt>
			<trkpt lat="47.53129" lon="-0.61139">
				<ele>16.37</ele>
			</trkpt>
			<trkpt lat="47.53085" lon="-0.61044">
				<ele>16.37</ele>
			</trkpt>
			<trkpt lat="47.53072" lon="-0.60972">
				<ele>16.37</ele>
			</trkpt>
			<trkpt lat="47.53062" lon="-0.60827">
				<ele>16.37</ele>
			</trkpt>
			<trkpt lat="47.5308" lon="-0.60675">
				<ele>16.37</ele>
			</trkpt>
			<trkpt lat="47.53113" lon="-0.60532">
				<ele>16.37</ele>
			</trkpt>
			<trkpt lat="47.53153" lon="-0.60411">
				<ele>16.37</ele>
			</trkpt>
			<trkpt lat="47.532" lon="-0.60301">
				<ele>16.37</ele>
			</trkpt>
			<trkpt lat="47.53255" lon="-0.60123">
				<ele>16.37</ele>
			</trkpt>
			<trkpt lat="47.53271" lon="-0.60048">
				<ele>16.04</ele>
			</trkpt>
			<trkpt lat="47.53314" lon="-0.59908">
				<ele>16.04</ele>
			</trkpt>
			<trkpt lat="47.53345" lon="-0.59767">
				<ele>16.04</ele>
			</trkpt>
			<trkpt lat="47.53376" lon="-0.59463">
				<ele>16.04</ele>
			</trkpt>
			<trkpt lat="47.53388" lon="-0.59303">
				<ele>16.04</ele>
			</trkpt>
			<trkpt lat="47.53394" lon="-0.59258">
				<ele>16.04</ele>
			</trkpt>
			<trkpt lat="47.53485" lon="-0.59118">
				<ele>16.04</ele>
			</trkpt>
			<trkpt lat="47.53504" lon="-0.59079">
				<ele>16.04</ele>
			</trkpt>
			<trkpt lat="47.53553" lon="-0.5889">
				<ele>16.04</ele>
			</trkpt>
			<trkpt lat="47.53563" lon="-0.58837">
				<ele>16.04</ele>
			</trkpt>
			<trkpt lat="47.53564" lon="-0.58781">
				<ele>16.04</ele>
			</trkpt>
			<trkpt lat="47.53548" lon="-0.58638">
				<ele>16.04</ele>
			</trkpt>
			<trkpt lat="47.53539" lon="-0.58575">
				<ele>16.04</ele>
			</trkpt>
			<trkpt lat="47.53527" lon="-0.58533">
				<ele>17.01</ele>
			</trkpt>
			<trkpt lat="47.53524" lon="-0.5848">
				<ele>17.01</ele>
			</trkpt>
			<trkpt lat="47.53519" lon="-0.58429">
				<ele>17.01</ele>
			</trkpt>
			<trkpt lat="47.53517" lon="-0.58348">
				<ele>17.01</ele>
			</trkpt>
			<trkpt lat="47.53526" lon="-0.58101">
				<ele>17.01</ele>
			</trkpt>
			<trkpt lat="47.5352" lon="-0.58036">
				<ele>17.01</ele>
			</trkpt>
			<trkpt lat="47.53496" lon="-0.57893">
				<ele>17.01</ele>
			</trkpt>
			<trkpt lat="47.53458" lon="-0.57718">
				<ele>17.01</ele>
			</trkpt>
			<trkpt lat="47.53415" lon="-0.57579">
				<ele>17.01</ele>
			</trkpt>
			<trkpt lat="47.53392" lon="-0.57528">
				<ele>17.01</ele>
			</trkpt>
			<trkpt lat="47.53388" lon="-0.57506">
				<ele>17.01</ele>
			</trkpt>
			<trkpt lat="47.53387" lon="-0.57489">
				<ele>17.01</ele>
			</trkpt>
			<trkpt lat="47.53372" lon="-0.57456">
				<ele>17.01</ele>
			</trkpt>
			<trkpt lat="47.53309" lon="-0.57327">
				<ele>16.44</ele>
			</trkpt>
			<trkpt lat="47.5329" lon="-0.57301">
				<ele>16.44</ele>
			</trkpt>
			<trkpt lat="47.53259" lon="-0.57263">
				<ele>16.44</ele>
			</trkpt>
			<trkpt lat="47.53117" lon="-0.57155">
				<ele>16.44</ele>
			</trkpt>
			<trkpt lat="47.53015" lon="-0.57103">
				<ele>16.44</ele>
			</trkpt>
			<trkpt lat="47.52925" lon="-0.57112">
				<ele>16.44</ele>
			</trkpt>
			<trkpt lat="47.52885" lon="-0.57077">
				<ele>16.44</ele>
			</trkpt>
			<trkpt lat="47.52861" lon="-0.57069">
				<ele>16.44</ele>
			</trkpt>
			<trkpt lat="47.5267" lon="-0.57037">
				<ele>16.44</ele>
			</trkpt>
			<trkpt lat="47.52596" lon="-0.56994">
				<ele>16.44</ele>
			</trkpt>
			<trkpt lat="47.52573" lon="-0.56968">
				<ele>16.44</ele>
			</trkpt>
			<trkpt lat="47.52482" lon="-0.56904">
				<ele>16.44</ele>
			</trkpt>
			<trkpt lat="47.52442" lon="-0.56872">
				<ele>16.44</ele>
			</trkpt>
			<trkpt lat="47.52361" lon="-0.56763">
				<ele>16</ele>
			</trkpt>
			<trkpt lat="47.52346" lon="-0.56754">
				<ele>16</ele>
			</trkpt>
			<trkpt lat="47.52329" lon="-0.56726">
				<ele>16</ele>
			</trkpt>
			<trkpt lat="47.52261" lon="-0.56645">
				<ele>16</ele>
			</trkpt>
			<trkpt lat="47.522" lon="-0.5659">
				<ele>16</ele>
			</trkpt>
			<trkpt lat="47.52111" lon="-0.5653">
				<ele>16</ele>
			</trkpt>
			<trkpt lat="47.52053" lon="-0.56501">
				<ele>16</ele>
			</trkpt>
			<trkpt lat="47.51956" lon="-0.5644">
				<ele>16</ele>
			</trkpt>
			<trkpt lat="47.51875" lon="-0.56422">
				<ele>16</ele>
			</trkpt>
			<trkpt lat="47.51796" lon="-0.56432">
				<ele>16</ele>
			</trkpt>
			<trkpt lat="47.51762" lon="-0.5644">
				<ele>16</ele>
			</trkpt>
			<trkpt lat="47.51648" lon="-0.5643">
				<ele>16</ele>
			</trkpt>
			<trkpt lat="47.51612" lon="-0.56421">
				<ele>16</ele>
			</trkpt>
			<trkpt lat="47.51578" lon="-0.56392">
				<ele>16.51</ele>
			</trkpt>
			<trkpt lat="47.51524" lon="-0.56361">
				<ele>16.51</ele>
			</trkpt>
			<trkpt lat="47.51143" lon="-0.56282">
				<ele>16.51</ele>
			</trkpt>
			<trkpt lat="47.51098" lon="-0.56279">
				<ele>16.51</ele>
			</trkpt>
			<trkpt lat="47.5104" lon="-0.56288">
				<ele>16.51</ele>
			</trkpt>
			<trkpt lat="47.50991" lon="-0.56313">
				<ele>16.51</ele>
			</trkpt>
			<trkpt lat="47.50922" lon="-0.5639">
				<ele>16.51</ele>
			</trkpt>
			<trkpt lat="47.50866" lon="-0.56433">
				<ele>16.51</ele>
			</trkpt>
			<trkpt lat="47.50801" lon="-0.56461">
				<ele>16.51</ele>
			</trkpt>
			<trkpt lat="47.50744" lon="-0.56472">
				<ele>16.51</ele>
			</trkpt>
			<trkpt lat="47.50715" lon="-0.56485">
				<ele>16.51</ele>
			</trkpt>
			<trkpt lat="47.50647" lon="-0.56462">
				<ele>16.51</ele>
			</trkpt>
			<trkpt lat="47.50609" lon="-0.56442">
				<ele>16.51</ele>
			</trkpt>
			<trkpt lat="47.50583" lon="-0.5642">
				<ele>15.86</ele>
			</trkpt>
			<trkpt lat="47.50549" lon="-0.56376">
				<ele>15.86</ele>
			</trkpt>
			<trkpt lat="47.50511" lon="-0.56294">
				<ele>15.86</ele>
			</trkpt>
			<trkpt lat="47.50478" lon="-0.56257">
				<ele>15.86</ele>
			</trkpt>
			<trkpt lat="47.50376" lon="-0.5613">
				<ele>15.86</ele>
			</trkpt>
			<trkpt lat="47.50356" lon="-0.56072">
				<ele>15.86</ele>
			</trkpt>
			<trkpt lat="47.50337" lon="-0.56039">
				<ele>15.86</ele>
			</trkpt>
			<trkpt lat="47.5032" lon="-0.56033">
				<ele>15.86</ele>
			</trkpt>
			<trkpt lat="47.50307" lon="-0.56054">
				<ele>15.86</ele>
			</trkpt>
			<trkpt lat="47.50296" lon="-0.56052">
				<ele>15.86</ele>
			</trkpt>
			<trkpt lat="47.50288" lon="-0.56037">
				<ele>15.86</ele>
			</trkpt>
			<trkpt lat="47.50294" lon="-0.5602">
				<ele>15.86</ele>
			</trkpt>
			<trkpt lat="47.50205" lon="-0.55938">
				<ele>15.86</ele>
			</trkpt>
			<trkpt lat="47.5018" lon="-0.559">
				<ele>18.08</ele>
			</trkpt>
			<trkpt lat="47.50159" lon="-0.55846">
				<ele>18.08</ele>
			</trkpt>
			<trkpt lat="47.50141" lon="-0.55743">
				<ele>18.08</ele>
			</trkpt>
			<trkpt lat="47.50138" lon="-0.55696">
				<ele>18.08</ele>
			</trkpt>
			<trkpt lat="47.50158" lon="-0.55634">
				<ele>18.08</ele>
			</trkpt>
			<trkpt lat="47.50194" lon="-0.55574">
				<ele>18.08</ele>
			</trkpt>
			<trkpt lat="47.50198" lon="-0.55533">
				<ele>18.08</ele>
			</trkpt>
			<trkpt lat="47.50194" lon="-0.55513">
				<ele>18.08</ele>
			</trkpt>
			<trkpt lat="47.50112" lon="-0.55455">
				<ele>18.08</ele>
			</trkpt>
			<trkpt lat="47.50052" lon="-0.55402">
				<ele>18.08</ele>
			</trkpt>
			<trkpt lat="47.50027" lon="-0.55314">
				<ele>18.08</ele>
			</trkpt>
			<trkpt lat="47.49987" lon="-0.55221">
				<ele>18.08</ele>
			</trkpt>
			<trkpt lat="47.49971" lon="-0.55116">
				<ele>18.08</ele>
			</trkpt>
			<trkpt lat="47.49958" lon="-0.55071">
				<ele>17.55</ele>
			</trkpt>
			<trkpt lat="47.4985" lon="-0.54898">
				<ele>17.55</ele>
			</trkpt>
			<trkpt lat="47.49809" lon="-0.54793">
				<ele>17.55</ele>
			</trkpt>
			<trkpt lat="47.49776" lon="-0.54746">
				<ele>17.55</ele>
			</trkpt>
			<trkpt lat="47.49715" lon="-0.54706">
				<ele>17.55</ele>
			</trkpt>
			<trkpt lat="47.49669" lon="-0.54663">
				<ele>17.55</ele>
			</trkpt>
			<trkpt lat="47.49609" lon="-0.54588">
				<ele>17.55</ele>
			</trkpt>
			<trkpt lat="47.49572" lon="-0.54532">
				<ele>17.55</ele>
			</trkpt>
			<trkpt lat="47.49483" lon="-0.54447">
				<ele>17.55</ele>
			</trkpt>
			<trkpt lat="47.49409" lon="-0.54386">
				<ele>17.55</ele>
			</trkpt>
			<trkpt lat="47.49339" lon="-0.54345">
				<ele>17.55</ele>
			</trkpt>
			<trkpt lat="47.49311" lon="-0.54345">
				<ele>17.55</ele>
			</trkpt>
			<trkpt lat="47.49271" lon="-0.54364">
				<ele>17.55</ele>
			</trkpt>
			<trkpt lat="47.49254" lon="-0.54396">
				<ele>19.88</ele>
			</trkpt>
			<trkpt lat="47.49138" lon="-0.54546">
				<ele>19.88</ele>
			</trkpt>
			<trkpt lat="47.49035" lon="-0.54699">
				<ele>19.88</ele>
			</trkpt>
			<trkpt lat="47.49039" lon="-0.54713">
				<ele>19.88</ele>
			</trkpt>
			<trkpt lat="47.49029" lon="-0.54718">
				<ele>19.88</ele>
			</trkpt>
			<trkpt lat="47.48896" lon="-0.54816">
				<ele>19.88</ele>
			</trkpt>
			<trkpt lat="47.48855" lon="-0.54814">
				<ele>19.88</ele>
			</trkpt>
			<trkpt lat="47.48732" lon="-0.54911">
				<ele>19.88</ele>
			</trkpt>
			<trkpt lat="47.48551" lon="-0.55081">
				<ele>19.88</ele>
			</trkpt>
			<trkpt lat="47.48554" lon="-0.55094">
				<ele>19.88</ele>
			</trkpt>
			<trkpt lat="47.48462" lon="-0.55159">
				<ele>19.88</ele>
			</trkpt>
			<trkpt lat="47.48405" lon="-0.55204">
				<ele>19.88</ele>
			</trkpt>
			<trkpt lat="47.48262" lon="-0.55294">
				<ele>19.88</ele>
			</trkpt>
			<trkpt lat="47.48253" lon="-0.55283">
				<ele>19.05</ele>
			</trkpt>
			<trkpt lat="47.48206" lon="-0.55297">
				<ele>19.05</ele>
			</trkpt>
			<trkpt lat="47.48101" lon="-0.55366">
				<ele>19.05</ele>
			</trkpt>
			<trkpt lat="47.47929" lon="-0.55463">
				<ele>19.05</ele>
			</trkpt>
			<trkpt lat="47.4791" lon="-0.55484">
				<ele>19.05</ele>
			</trkpt>
			<trkpt lat="47.47862" lon="-0.55512">
				<ele>19.05</ele>
			</trkpt>
			<trkpt lat="47.4782" lon="-0.5551">
				<ele>19.05</ele>
			</trkpt>
			<trkpt lat="47.47806" lon="-0.5552">
				<ele>19.05</ele>
			</trkpt>
			<trkpt lat="47.47801" lon="-0.55541">
				<ele>19.05</ele>
			</trkpt>
			<trkpt lat="47.47659" lon="-0.5564">
				<ele>19.05</ele>
			</trkpt>
			<trkpt lat="47.4765" lon="-0.55664">
				<ele>19.05</ele>
			</trkpt>
			<trkpt lat="47.47602" lon="-0.55697">
				<ele>19.05</ele>
			</trkpt>
			<trkpt lat="47.47606" lon="-0.5571">
				<ele>19.05</ele>
			</trkpt>
		</trkseg>
	</trk>
</gpx>