<?xml version="1.0" encoding="UTF-8" standalone="no" ?>
<gpx xmlns="http://www.topografix.com/GPX/1/1"
		xmlns:gpxx="http://www.garmin.com/xmlschemas/GpxExtensions/v3"
		xmlns:gpxtpx="http://www.garmin.com/xmlschemas/TrackPointExtension/v1"
		xmlns:xsi="http://www.w3.org/2001/XMLSchema-instance"
		xsi:schemaLocation="http://www.topografix.com/GPX/1/1 http://www.topografix.com/GPX/1/1/gpx.xsd http://www.garmin.com/xmlschemas/GpxExtensions/v3 http://www.garmin.com/xmlschemas/GpxExtensionsv3.xsd http://www.garmin.com/xmlschemas/TrackPointExtension/v1 http://www.garmin.com/xmlschemas/TrackPointExtensionv1.xsd"
		creator="Gravelmap.com"
		version="1.1">

	<metadata>
		<name><![CDATA[Sand Route: Vechtdal Gravel]]></name>
		<desc><![CDATA[]]></desc>
		<link href="http://www.gravelmap.com/route/145623">
			<text><![CDATA[Sand Route: Vechtdal Gravel]]></text>
		</link>
		<time>2024-10-22T02:11:52-04:00</time>
	</metadata>

	<trk>
		<name><![CDATA[Sand Route: Vechtdal Gravel]]></name>
		<desc><![CDATA[]]></desc>
		<link href="http://www.gravelmap.com/route/145623">
			<text><![CDATA[Sand Route: Vechtdal Gravel]]></text>
		</link>
		<trkseg>
			<trkpt lat="52.53047" lon="6.05196">
				<ele>1.16</ele>
			</trkpt>
			<trkpt lat="52.53126" lon="6.05181">
				<ele>1.16</ele>
			</trkpt>
			<trkpt lat="52.53159" lon="6.05271">
				<ele>1.16</ele>
			</trkpt>
			<trkpt lat="52.5317" lon="6.0528">
				<ele>1.16</ele>
			</trkpt>
			<trkpt lat="52.5318" lon="6.05313">
				<ele>1.16</ele>
			</trkpt>
			<trkpt lat="52.53182" lon="6.05357">
				<ele>1.16</ele>
			</trkpt>
			<trkpt lat="52.53206" lon="6.05353">
				<ele>1.16</ele>
			</trkpt>
			<trkpt lat="52.5321" lon="6.05385">
				<ele>1.86</ele>
			</trkpt>
			<trkpt lat="52.53219" lon="6.05508">
				<ele>1.86</ele>
			</trkpt>
			<trkpt lat="52.53215" lon="6.05529">
				<ele>1.86</ele>
			</trkpt>
			<trkpt lat="52.53082" lon="6.06">
				<ele>1.86</ele>
			</trkpt>
			<trkpt lat="52.52709" lon="6.06603">
				<ele>1.86</ele>
			</trkpt>
			<trkpt lat="52.52652" lon="6.06689">
				<ele>1.86</ele>
			</trkpt>
			<trkpt lat="52.52711" lon="6.07292">
				<ele>0.37</ele>
			</trkpt>
			<trkpt lat="52.5271" lon="6.07322">
				<ele>0.37</ele>
			</trkpt>
			<trkpt lat="52.52701" lon="6.07347">
				<ele>0.37</ele>
			</trkpt>
			<trkpt lat="52.52692" lon="6.07357">
				<ele>0.37</ele>
			</trkpt>
			<trkpt lat="52.52656" lon="6.07388">
				<ele>0.37</ele>
			</trkpt>
			<trkpt lat="52.52649" lon="6.07399">
				<ele>0.37</ele>
			</trkpt>
			<trkpt lat="52.52641" lon="6.07429">
				<ele>0.37</ele>
			</trkpt>
			<trkpt lat="52.52634" lon="6.08104">
				<ele>2.92</ele>
			</trkpt>
			<trkpt lat="52.52613" lon="6.08224">
				<ele>2.92</ele>
			</trkpt>
			<trkpt lat="52.52657" lon="6.08325">
				<ele>2.92</ele>
			</trkpt>
			<trkpt lat="52.52687" lon="6.08469">
				<ele>2.92</ele>
			</trkpt>
			<trkpt lat="52.52722" lon="6.08801">
				<ele>2.92</ele>
			</trkpt>
			<trkpt lat="52.52736" lon="6.08974">
				<ele>2.92</ele>
			</trkpt>
			<trkpt lat="52.52747" lon="6.09122">
				<ele>4.34</ele>
			</trkpt>
			<trkpt lat="52.52742" lon="6.09146">
				<ele>4.34</ele>
			</trkpt>
			<trkpt lat="52.5274" lon="6.09171">
				<ele>4.34</ele>
			</trkpt>
			<trkpt lat="52.5275" lon="6.09222">
				<ele>4.34</ele>
			</trkpt>
			<trkpt lat="52.52756" lon="6.09359">
				<ele>4.34</ele>
			</trkpt>
			<trkpt lat="52.52764" lon="6.09387">
				<ele>4.34</ele>
			</trkpt>
			<trkpt lat="52.5279" lon="6.09428">
				<ele>4.34</ele>
			</trkpt>
			<trkpt lat="52.52875" lon="6.09786">
				<ele>3.07</ele>
			</trkpt>
			<trkpt lat="52.52898" lon="6.09892">
				<ele>3.07</ele>
			</trkpt>
			<trkpt lat="52.52912" lon="6.10019">
				<ele>3.07</ele>
			</trkpt>
			<trkpt lat="52.529" lon="6.10028">
				<ele>3.07</ele>
			</trkpt>
			<trkpt lat="52.52894" lon="6.10046">
				<ele>3.07</ele>
			</trkpt>
			<trkpt lat="52.52895" lon="6.10067">
				<ele>3.07</ele>
			</trkpt>
			<trkpt lat="52.52902" lon="6.10081">
				<ele>2.24</ele>
			</trkpt>
			<trkpt lat="52.52903" lon="6.10123">
				<ele>2.24</ele>
			</trkpt>
			<trkpt lat="52.52898" lon="6.10141">
				<ele>2.24</ele>
			</trkpt>
			<trkpt lat="52.52884" lon="6.10249">
				<ele>2.24</ele>
			</trkpt>
			<trkpt lat="52.52826" lon="6.10268">
				<ele>2.24</ele>
			</trkpt>
			<trkpt lat="52.52836" lon="6.10365">
				<ele>2.24</ele>
			</trkpt>
			<trkpt lat="52.52832" lon="6.10396">
				<ele>3.04</ele>
			</trkpt>
			<trkpt lat="52.52867" lon="6.10504">
				<ele>3.04</ele>
			</trkpt>
			<trkpt lat="52.52907" lon="6.10639">
				<ele>3.04</ele>
			</trkpt>
			<trkpt lat="52.52917" lon="6.10666">
				<ele>3.04</ele>
			</trkpt>
			<trkpt lat="52.52922" lon="6.10699">
				<ele>3.04</ele>
			</trkpt>
			<trkpt lat="52.52949" lon="6.10798">
				<ele>3.04</ele>
			</trkpt>
			<trkpt lat="52.52961" lon="6.1085">
				<ele>3.04</ele>
			</trkpt>
			<trkpt lat="52.52991" lon="6.11006">
				<ele>3.52</ele>
			</trkpt>
			<trkpt lat="52.52995" lon="6.11044">
				<ele>3.52</ele>
			</trkpt>
			<trkpt lat="52.52993" lon="6.11105">
				<ele>3.52</ele>
			</trkpt>
			<trkpt lat="52.52982" lon="6.11161">
				<ele>3.52</ele>
			</trkpt>
			<trkpt lat="52.52953" lon="6.11238">
				<ele>3.52</ele>
			</trkpt>
			<trkpt lat="52.52871" lon="6.11446">
				<ele>3.52</ele>
			</trkpt>
			<trkpt lat="52.52843" lon="6.11508">
				<ele>2.58</ele>
			</trkpt>
			<trkpt lat="52.52824" lon="6.11542">
				<ele>2.58</ele>
			</trkpt>
			<trkpt lat="52.528" lon="6.11569">
				<ele>2.58</ele>
			</trkpt>
			<trkpt lat="52.52782" lon="6.11585">
				<ele>2.58</ele>
			</trkpt>
			<trkpt lat="52.52733" lon="6.1161">
				<ele>2.58</ele>
			</trkpt>
			<trkpt lat="52.52698" lon="6.11624">
				<ele>2.58</ele>
			</trkpt>
			<trkpt lat="52.52693" lon="6.11955">
				<ele>2.58</ele>
			</trkpt>
			<trkpt lat="52.52686" lon="6.1197">
				<ele>2.37</ele>
			</trkpt>
			<trkpt lat="52.52688" lon="6.12149">
				<ele>2.37</ele>
			</trkpt>
			<trkpt lat="52.52706" lon="6.12351">
				<ele>2.37</ele>
			</trkpt>
			<trkpt lat="52.52694" lon="6.12353">
				<ele>2.37</ele>
			</trkpt>
			<trkpt lat="52.5266" lon="6.12364">
				<ele>2.37</ele>
			</trkpt>
			<trkpt lat="52.52622" lon="6.12361">
				<ele>2.37</ele>
			</trkpt>
			<trkpt lat="52.52602" lon="6.12368">
				<ele>3.1</ele>
			</trkpt>
			<trkpt lat="52.52607" lon="6.12414">
				<ele>3.1</ele>
			</trkpt>
			<trkpt lat="52.52582" lon="6.12417">
				<ele>3.1</ele>
			</trkpt>
			<trkpt lat="52.52121" lon="6.12565">
				<ele>3.1</ele>
			</trkpt>
			<trkpt lat="52.52041" lon="6.12628">
				<ele>3.1</ele>
			</trkpt>
			<trkpt lat="52.5203" lon="6.12651">
				<ele>3.1</ele>
			</trkpt>
			<trkpt lat="52.52008" lon="6.12662">
				<ele>3.06</ele>
			</trkpt>
			<trkpt lat="52.51982" lon="6.1268">
				<ele>3.06</ele>
			</trkpt>
			<trkpt lat="52.51957" lon="6.12666">
				<ele>3.06</ele>
			</trkpt>
			<trkpt lat="52.51939" lon="6.12661">
				<ele>3.06</ele>
			</trkpt>
			<trkpt lat="52.51916" lon="6.1266">
				<ele>3.06</ele>
			</trkpt>
			<trkpt lat="52.51906" lon="6.12662">
				<ele>3.06</ele>
			</trkpt>
			<trkpt lat="52.51853" lon="6.12684">
				<ele>3.06</ele>
			</trkpt>
			<trkpt lat="52.51841" lon="6.12691">
				<ele>3.05</ele>
			</trkpt>
			<trkpt lat="52.51789" lon="6.12744">
				<ele>3.05</ele>
			</trkpt>
			<trkpt lat="52.51741" lon="6.12776">
				<ele>3.05</ele>
			</trkpt>
			<trkpt lat="52.51725" lon="6.12783">
				<ele>3.05</ele>
			</trkpt>
			<trkpt lat="52.51673" lon="6.12814">
				<ele>3.05</ele>
			</trkpt>
			<trkpt lat="52.51657" lon="6.12819">
				<ele>3.05</ele>
			</trkpt>
			<trkpt lat="52.51594" lon="6.12827">
				<ele>2.69</ele>
			</trkpt>
			<trkpt lat="52.51572" lon="6.12838">
				<ele>2.69</ele>
			</trkpt>
			<trkpt lat="52.51549" lon="6.12854">
				<ele>2.69</ele>
			</trkpt>
			<trkpt lat="52.51525" lon="6.12854">
				<ele>2.69</ele>
			</trkpt>
			<trkpt lat="52.51506" lon="6.12847">
				<ele>2.69</ele>
			</trkpt>
			<trkpt lat="52.51477" lon="6.12843">
				<ele>2.69</ele>
			</trkpt>
			<trkpt lat="52.5146" lon="6.12847">
				<ele>2.69</ele>
			</trkpt>
			<trkpt lat="52.51398" lon="6.12875">
				<ele>2.43</ele>
			</trkpt>
			<trkpt lat="52.51384" lon="6.12875">
				<ele>2.43</ele>
			</trkpt>
			<trkpt lat="52.51314" lon="6.13146">
				<ele>2.43</ele>
			</trkpt>
			<trkpt lat="52.51265" lon="6.13158">
				<ele>2.43</ele>
			</trkpt>
			<trkpt lat="52.51246" lon="6.13248">
				<ele>2.43</ele>
			</trkpt>
			<trkpt lat="52.51241" lon="6.13281">
				<ele>2.43</ele>
			</trkpt>
			<trkpt lat="52.51204" lon="6.13452">
				<ele>1.72</ele>
			</trkpt>
			<trkpt lat="52.5119" lon="6.13539">
				<ele>1.72</ele>
			</trkpt>
			<trkpt lat="52.51185" lon="6.13555">
				<ele>1.72</ele>
			</trkpt>
			<trkpt lat="52.51151" lon="6.13621">
				<ele>1.72</ele>
			</trkpt>
			<trkpt lat="52.51113" lon="6.13731">
				<ele>1.72</ele>
			</trkpt>
			<trkpt lat="52.51171" lon="6.13814">
				<ele>1.72</ele>
			</trkpt>
			<trkpt lat="52.51182" lon="6.13836">
				<ele>1.24</ele>
			</trkpt>
			<trkpt lat="52.512" lon="6.13885">
				<ele>1.24</ele>
			</trkpt>
			<trkpt lat="52.51215" lon="6.13911">
				<ele>1.24</ele>
			</trkpt>
			<trkpt lat="52.51246" lon="6.13947">
				<ele>1.24</ele>
			</trkpt>
			<trkpt lat="52.51323" lon="6.13996">
				<ele>1.24</ele>
			</trkpt>
			<trkpt lat="52.51357" lon="6.14027">
				<ele>1.24</ele>
			</trkpt>
			<trkpt lat="52.51393" lon="6.14077">
				<ele>1.24</ele>
			</trkpt>
			<trkpt lat="52.51414" lon="6.14051">
				<ele>1.09</ele>
			</trkpt>
			<trkpt lat="52.51421" lon="6.14069">
				<ele>1.09</ele>
			</trkpt>
			<trkpt lat="52.51418" lon="6.14102">
				<ele>1.09</ele>
			</trkpt>
			<trkpt lat="52.51418" lon="6.14122">
				<ele>1.09</ele>
			</trkpt>
			<trkpt lat="52.51432" lon="6.14239">
				<ele>1.09</ele>
			</trkpt>
			<trkpt lat="52.51514" lon="6.14335">
				<ele>1.09</ele>
			</trkpt>
			<trkpt lat="52.51518" lon="6.1435">
				<ele>2.4</ele>
			</trkpt>
			<trkpt lat="52.51506" lon="6.14392">
				<ele>2.4</ele>
			</trkpt>
			<trkpt lat="52.51491" lon="6.14436">
				<ele>2.4</ele>
			</trkpt>
			<trkpt lat="52.51458" lon="6.14478">
				<ele>2.4</ele>
			</trkpt>
			<trkpt lat="52.5145" lon="6.14517">
				<ele>2.4</ele>
			</trkpt>
			<trkpt lat="52.51434" lon="6.14556">
				<ele>2.4</ele>
			</trkpt>
			<trkpt lat="52.51441" lon="6.146">
				<ele>2.4</ele>
			</trkpt>
			<trkpt lat="52.51424" lon="6.14732">
				<ele>3.89</ele>
			</trkpt>
			<trkpt lat="52.51417" lon="6.1477">
				<ele>3.89</ele>
			</trkpt>
			<trkpt lat="52.51395" lon="6.14852">
				<ele>3.89</ele>
			</trkpt>
			<trkpt lat="52.51373" lon="6.14851">
				<ele>3.89</ele>
			</trkpt>
			<trkpt lat="52.51356" lon="6.148">
				<ele>3.89</ele>
			</trkpt>
			<trkpt lat="52.51347" lon="6.14794">
				<ele>3.89</ele>
			</trkpt>
			<trkpt lat="52.51338" lon="6.14794">
				<ele>3.49</ele>
			</trkpt>
			<trkpt lat="52.5133" lon="6.14784">
				<ele>3.49</ele>
			</trkpt>
			<trkpt lat="52.51311" lon="6.14784">
				<ele>3.49</ele>
			</trkpt>
			<trkpt lat="52.51284" lon="6.14797">
				<ele>3.49</ele>
			</trkpt>
			<trkpt lat="52.51265" lon="6.14795">
				<ele>3.49</ele>
			</trkpt>
			<trkpt lat="52.51254" lon="6.14749">
				<ele>3.49</ele>
			</trkpt>
			<trkpt lat="52.51245" lon="6.14725">
				<ele>3.49</ele>
			</trkpt>
			<trkpt lat="52.5123" lon="6.1471">
				<ele>1.04</ele>
			</trkpt>
			<trkpt lat="52.51225" lon="6.14689">
				<ele>1.04</ele>
			</trkpt>
			<trkpt lat="52.51179" lon="6.14714">
				<ele>1.04</ele>
			</trkpt>
			<trkpt lat="52.51162" lon="6.14719">
				<ele>1.04</ele>
			</trkpt>
			<trkpt lat="52.51153" lon="6.1469">
				<ele>1.04</ele>
			</trkpt>
			<trkpt lat="52.51131" lon="6.14577">
				<ele>1.04</ele>
			</trkpt>
			<trkpt lat="52.51118" lon="6.14544">
				<ele>1.63</ele>
			</trkpt>
			<trkpt lat="52.51093" lon="6.14469">
				<ele>1.63</ele>
			</trkpt>
			<trkpt lat="52.5108" lon="6.14451">
				<ele>1.63</ele>
			</trkpt>
			<trkpt lat="52.51061" lon="6.14434">
				<ele>1.63</ele>
			</trkpt>
			<trkpt lat="52.51034" lon="6.14424">
				<ele>1.63</ele>
			</trkpt>
			<trkpt lat="52.51015" lon="6.14432">
				<ele>1.63</ele>
			</trkpt>
			<trkpt lat="52.50996" lon="6.1443">
				<ele>2.89</ele>
			</trkpt>
			<trkpt lat="52.50979" lon="6.14417">
				<ele>2.89</ele>
			</trkpt>
			<trkpt lat="52.50955" lon="6.14389">
				<ele>2.89</ele>
			</trkpt>
			<trkpt lat="52.50938" lon="6.14379">
				<ele>2.89</ele>
			</trkpt>
			<trkpt lat="52.50924" lon="6.14381">
				<ele>2.89</ele>
			</trkpt>
			<trkpt lat="52.50918" lon="6.14366">
				<ele>2.89</ele>
			</trkpt>
			<trkpt lat="52.5091" lon="6.14352">
				<ele>2.89</ele>
			</trkpt>
			<trkpt lat="52.50877" lon="6.14366">
				<ele>2.94</ele>
			</trkpt>
			<trkpt lat="52.50858" lon="6.14368">
				<ele>2.94</ele>
			</trkpt>
			<trkpt lat="52.50847" lon="6.14363">
				<ele>2.94</ele>
			</trkpt>
			<trkpt lat="52.50817" lon="6.14409">
				<ele>2.94</ele>
			</trkpt>
			<trkpt lat="52.50812" lon="6.14428">
				<ele>2.94</ele>
			</trkpt>
			<trkpt lat="52.50829" lon="6.1476">
				<ele>2.94</ele>
			</trkpt>
			<trkpt lat="52.50834" lon="6.148">
				<ele>2.68</ele>
			</trkpt>
			<trkpt lat="52.50859" lon="6.14933">
				<ele>2.68</ele>
			</trkpt>
			<trkpt lat="52.50848" lon="6.14938">
				<ele>2.68</ele>
			</trkpt>
			<trkpt lat="52.50825" lon="6.14938">
				<ele>2.68</ele>
			</trkpt>
			<trkpt lat="52.50815" lon="6.14942">
				<ele>2.68</ele>
			</trkpt>
			<trkpt lat="52.50809" lon="6.1506">
				<ele>2.68</ele>
			</trkpt>
			<trkpt lat="52.50805" lon="6.15085">
				<ele>2.68</ele>
			</trkpt>
			<trkpt lat="52.50799" lon="6.15105">
				<ele>6.86</ele>
			</trkpt>
			<trkpt lat="52.50791" lon="6.15124">
				<ele>6.86</ele>
			</trkpt>
			<trkpt lat="52.50776" lon="6.15151">
				<ele>6.86</ele>
			</trkpt>
			<trkpt lat="52.50727" lon="6.15227">
				<ele>6.86</ele>
			</trkpt>
			<trkpt lat="52.50711" lon="6.1527">
				<ele>6.86</ele>
			</trkpt>
			<trkpt lat="52.50699" lon="6.15282">
				<ele>6.86</ele>
			</trkpt>
			<trkpt lat="52.50631" lon="6.15292">
				<ele>0.74</ele>
			</trkpt>
			<trkpt lat="52.50591" lon="6.15293">
				<ele>0.74</ele>
			</trkpt>
			<trkpt lat="52.50507" lon="6.15286">
				<ele>0.74</ele>
			</trkpt>
			<trkpt lat="52.50495" lon="6.15293">
				<ele>0.74</ele>
			</trkpt>
			<trkpt lat="52.50326" lon="6.1543">
				<ele>0.74</ele>
			</trkpt>
			<trkpt lat="52.50317" lon="6.15406">
				<ele>0.74</ele>
			</trkpt>
			<trkpt lat="52.50311" lon="6.15393">
				<ele>4.35</ele>
			</trkpt>
			<trkpt lat="52.50299" lon="6.15343">
				<ele>4.35</ele>
			</trkpt>
			<trkpt lat="52.50285" lon="6.15335">
				<ele>4.35</ele>
			</trkpt>
			<trkpt lat="52.50268" lon="6.15334">
				<ele>4.35</ele>
			</trkpt>
			<trkpt lat="52.50212" lon="6.15358">
				<ele>4.35</ele>
			</trkpt>
			<trkpt lat="52.50203" lon="6.15364">
				<ele>4.35</ele>
			</trkpt>
			<trkpt lat="52.50171" lon="6.154">
				<ele>4.35</ele>
			</trkpt>
			<trkpt lat="52.50157" lon="6.15411">
				<ele>3.2</ele>
			</trkpt>
			<trkpt lat="52.50138" lon="6.15443">
				<ele>3.2</ele>
			</trkpt>
			<trkpt lat="52.5013" lon="6.15475">
				<ele>3.2</ele>
			</trkpt>
			<trkpt lat="52.50116" lon="6.15498">
				<ele>3.2</ele>
			</trkpt>
			<trkpt lat="52.50111" lon="6.15512">
				<ele>3.2</ele>
			</trkpt>
			<trkpt lat="52.50101" lon="6.15561">
				<ele>3.2</ele>
			</trkpt>
			<trkpt lat="52.50093" lon="6.15612">
				<ele>4.06</ele>
			</trkpt>
			<trkpt lat="52.50102" lon="6.15656">
				<ele>4.06</ele>
			</trkpt>
			<trkpt lat="52.50081" lon="6.15668">
				<ele>4.06</ele>
			</trkpt>
			<trkpt lat="52.50059" lon="6.15692">
				<ele>4.06</ele>
			</trkpt>
			<trkpt lat="52.50034" lon="6.15735">
				<ele>4.06</ele>
			</trkpt>
			<trkpt lat="52.49956" lon="6.15906">
				<ele>4.06</ele>
			</trkpt>
			<trkpt lat="52.49907" lon="6.16002">
				<ele>4.06</ele>
			</trkpt>
			<trkpt lat="52.49888" lon="6.16034">
				<ele>3.28</ele>
			</trkpt>
			<trkpt lat="52.49584" lon="6.16412">
				<ele>3.28</ele>
			</trkpt>
			<trkpt lat="52.49379" lon="6.1668">
				<ele>3.28</ele>
			</trkpt>
			<trkpt lat="52.49335" lon="6.16744">
				<ele>3.28</ele>
			</trkpt>
			<trkpt lat="52.49277" lon="6.1684">
				<ele>3.28</ele>
			</trkpt>
			<trkpt lat="52.49251" lon="6.16885">
				<ele>3.28</ele>
			</trkpt>
			<trkpt lat="52.49139" lon="6.17099">
				<ele>2.37</ele>
			</trkpt>
			<trkpt lat="52.49089" lon="6.17211">
				<ele>2.37</ele>
			</trkpt>
			<trkpt lat="52.49059" lon="6.17258">
				<ele>2.37</ele>
			</trkpt>
			<trkpt lat="52.49037" lon="6.17279">
				<ele>2.37</ele>
			</trkpt>
			<trkpt lat="52.49017" lon="6.17295">
				<ele>2.37</ele>
			</trkpt>
			<trkpt lat="52.4895" lon="6.17325">
				<ele>2.37</ele>
			</trkpt>
			<trkpt lat="52.48938" lon="6.17334">
				<ele>2.29</ele>
			</trkpt>
			<trkpt lat="52.48889" lon="6.17391">
				<ele>2.29</ele>
			</trkpt>
			<trkpt lat="52.48897" lon="6.17418">
				<ele>2.29</ele>
			</trkpt>
			<trkpt lat="52.48879" lon="6.17434">
				<ele>2.29</ele>
			</trkpt>
			<trkpt lat="52.48864" lon="6.17451">
				<ele>2.29</ele>
			</trkpt>
			<trkpt lat="52.48816" lon="6.17535">
				<ele>2.29</ele>
			</trkpt>
			<trkpt lat="52.48799" lon="6.17574">
				<ele>2.29</ele>
			</trkpt>
			<trkpt lat="52.48788" lon="6.17612">
				<ele>3</ele>
			</trkpt>
			<trkpt lat="52.48777" lon="6.17661">
				<ele>3</ele>
			</trkpt>
			<trkpt lat="52.48773" lon="6.17691">
				<ele>3</ele>
			</trkpt>
			<trkpt lat="52.48755" lon="6.17888">
				<ele>3</ele>
			</trkpt>
			<trkpt lat="52.48675" lon="6.18303">
				<ele>3</ele>
			</trkpt>
			<trkpt lat="52.48666" lon="6.18336">
				<ele>3</ele>
			</trkpt>
			<trkpt lat="52.48659" lon="6.18347">
				<ele>2.5</ele>
			</trkpt>
			<trkpt lat="52.48647" lon="6.18359">
				<ele>2.5</ele>
			</trkpt>
			<trkpt lat="52.48655" lon="6.18376">
				<ele>2.5</ele>
			</trkpt>
			<trkpt lat="52.48691" lon="6.18379">
				<ele>2.5</ele>
			</trkpt>
			<trkpt lat="52.48694" lon="6.18433">
				<ele>2.5</ele>
			</trkpt>
			<trkpt lat="52.48699" lon="6.18453">
				<ele>2.5</ele>
			</trkpt>
			<trkpt lat="52.48707" lon="6.18462">
				<ele>2.5</ele>
			</trkpt>
			<trkpt lat="52.48754" lon="6.18464">
				<ele>2.34</ele>
			</trkpt>
			<trkpt lat="52.48896" lon="6.18938">
				<ele>2.34</ele>
			</trkpt>
			<trkpt lat="52.48903" lon="6.18957">
				<ele>2.34</ele>
			</trkpt>
			<trkpt lat="52.48935" lon="6.19056">
				<ele>2.34</ele>
			</trkpt>
			<trkpt lat="52.49025" lon="6.18987">
				<ele>2.34</ele>
			</trkpt>
			<trkpt lat="52.49217" lon="6.19621">
				<ele>2.34</ele>
			</trkpt>
			<trkpt lat="52.49234" lon="6.19671">
				<ele>10.13</ele>
			</trkpt>
			<trkpt lat="52.49332" lon="6.20009">
				<ele>10.13</ele>
			</trkpt>
			<trkpt lat="52.49401" lon="6.20212">
				<ele>10.13</ele>
			</trkpt>
			<trkpt lat="52.49409" lon="6.20226">
				<ele>10.13</ele>
			</trkpt>
			<trkpt lat="52.49512" lon="6.20175">
				<ele>10.13</ele>
			</trkpt>
			<trkpt lat="52.49617" lon="6.2048">
				<ele>10.13</ele>
			</trkpt>
			<trkpt lat="52.496" lon="6.20543">
				<ele>7.27</ele>
			</trkpt>
			<trkpt lat="52.49596" lon="6.2057">
				<ele>7.27</ele>
			</trkpt>
			<trkpt lat="52.49597" lon="6.20589">
				<ele>7.27</ele>
			</trkpt>
			<trkpt lat="52.49625" lon="6.20615">
				<ele>7.27</ele>
			</trkpt>
			<trkpt lat="52.49636" lon="6.20627">
				<ele>7.27</ele>
			</trkpt>
			<trkpt lat="52.49635" lon="6.20693">
				<ele>7.27</ele>
			</trkpt>
			<trkpt lat="52.49638" lon="6.20724">
				<ele>7.27</ele>
			</trkpt>
			<trkpt lat="52.49655" lon="6.20763">
				<ele>10</ele>
			</trkpt>
			<trkpt lat="52.49691" lon="6.20797">
				<ele>10</ele>
			</trkpt>
			<trkpt lat="52.49696" lon="6.2081">
				<ele>10</ele>
			</trkpt>
			<trkpt lat="52.497" lon="6.20829">
				<ele>10</ele>
			</trkpt>
			<trkpt lat="52.49693" lon="6.20884">
				<ele>10</ele>
			</trkpt>
			<trkpt lat="52.49695" lon="6.209">
				<ele>10</ele>
			</trkpt>
			<trkpt lat="52.497" lon="6.20919">
				<ele>11.1</ele>
			</trkpt>
			<trkpt lat="52.49713" lon="6.20942">
				<ele>11.1</ele>
			</trkpt>
			<trkpt lat="52.49726" lon="6.20954">
				<ele>11.1</ele>
			</trkpt>
			<trkpt lat="52.49738" lon="6.20973">
				<ele>11.1</ele>
			</trkpt>
			<trkpt lat="52.49747" lon="6.2098">
				<ele>11.1</ele>
			</trkpt>
			<trkpt lat="52.49755" lon="6.21001">
				<ele>11.1</ele>
			</trkpt>
			<trkpt lat="52.4975" lon="6.21044">
				<ele>11.1</ele>
			</trkpt>
			<trkpt lat="52.49754" lon="6.21071">
				<ele>7.08</ele>
			</trkpt>
			<trkpt lat="52.49752" lon="6.21094">
				<ele>7.08</ele>
			</trkpt>
			<trkpt lat="52.4974" lon="6.21143">
				<ele>7.08</ele>
			</trkpt>
			<trkpt lat="52.49734" lon="6.21184">
				<ele>7.08</ele>
			</trkpt>
			<trkpt lat="52.49746" lon="6.21178">
				<ele>7.08</ele>
			</trkpt>
			<trkpt lat="52.49763" lon="6.21184">
				<ele>7.08</ele>
			</trkpt>
			<trkpt lat="52.49793" lon="6.21178">
				<ele>13.32</ele>
			</trkpt>
			<trkpt lat="52.49835" lon="6.21419">
				<ele>13.32</ele>
			</trkpt>
			<trkpt lat="52.4987" lon="6.21648">
				<ele>13.32</ele>
			</trkpt>
			<trkpt lat="52.49871" lon="6.21673">
				<ele>13.32</ele>
			</trkpt>
			<trkpt lat="52.4976" lon="6.21882">
				<ele>13.32</ele>
			</trkpt>
			<trkpt lat="52.49734" lon="6.2192">
				<ele>13.32</ele>
			</trkpt>
			<trkpt lat="52.49522" lon="6.222">
				<ele>13.32</ele>
			</trkpt>
			<trkpt lat="52.4951" lon="6.2221">
				<ele>2.24</ele>
			</trkpt>
			<trkpt lat="52.4949" lon="6.22211">
				<ele>2.24</ele>
			</trkpt>
			<trkpt lat="52.49483" lon="6.2231">
				<ele>2.24</ele>
			</trkpt>
			<trkpt lat="52.49462" lon="6.22401">
				<ele>2.24</ele>
			</trkpt>
			<trkpt lat="52.49441" lon="6.22456">
				<ele>2.24</ele>
			</trkpt>
			<trkpt lat="52.49368" lon="6.22586">
				<ele>2.24</ele>
			</trkpt>
			<trkpt lat="52.49352" lon="6.2261">
				<ele>0.76</ele>
			</trkpt>
			<trkpt lat="52.49314" lon="6.22717">
				<ele>0.76</ele>
			</trkpt>
			<trkpt lat="52.49287" lon="6.22713">
				<ele>0.76</ele>
			</trkpt>
			<trkpt lat="52.49264" lon="6.22716">
				<ele>0.76</ele>
			</trkpt>
			<trkpt lat="52.49147" lon="6.22746">
				<ele>0.76</ele>
			</trkpt>
			<trkpt lat="52.49069" lon="6.22757">
				<ele>0.76</ele>
			</trkpt>
			<trkpt lat="52.49192" lon="6.2305">
				<ele>3.36</ele>
			</trkpt>
			<trkpt lat="52.49223" lon="6.23124">
				<ele>3.36</ele>
			</trkpt>
			<trkpt lat="52.49228" lon="6.23142">
				<ele>3.36</ele>
			</trkpt>
			<trkpt lat="52.49238" lon="6.23143">
				<ele>3.36</ele>
			</trkpt>
			<trkpt lat="52.4928" lon="6.2317">
				<ele>3.36</ele>
			</trkpt>
			<trkpt lat="52.49418" lon="6.2352">
				<ele>3.36</ele>
			</trkpt>
			<trkpt lat="52.49388" lon="6.23619">
				<ele>3.36</ele>
			</trkpt>
			<trkpt lat="52.49368" lon="6.23632">
				<ele>3.06</ele>
			</trkpt>
			<trkpt lat="52.49308" lon="6.23658">
				<ele>3.06</ele>
			</trkpt>
			<trkpt lat="52.49228" lon="6.23696">
				<ele>3.06</ele>
			</trkpt>
			<trkpt lat="52.49217" lon="6.23694">
				<ele>3.06</ele>
			</trkpt>
			<trkpt lat="52.49181" lon="6.23711">
				<ele>3.06</ele>
			</trkpt>
			<trkpt lat="52.49147" lon="6.23722">
				<ele>3.06</ele>
			</trkpt>
			<trkpt lat="52.49155" lon="6.23761">
				<ele>1</ele>
			</trkpt>
			<trkpt lat="52.49104" lon="6.23932">
				<ele>1</ele>
			</trkpt>
			<trkpt lat="52.49094" lon="6.23945">
				<ele>1</ele>
			</trkpt>
			<trkpt lat="52.49075" lon="6.23955">
				<ele>1</ele>
			</trkpt>
			<trkpt lat="52.49028" lon="6.23922">
				<ele>1</ele>
			</trkpt>
			<trkpt lat="52.48959" lon="6.23951">
				<ele>1</ele>
			</trkpt>
			<trkpt lat="52.48925" lon="6.23967">
				<ele>1</ele>
			</trkpt>
			<trkpt lat="52.48904" lon="6.2398">
				<ele>2</ele>
			</trkpt>
			<trkpt lat="52.48884" lon="6.23933">
				<ele>2</ele>
			</trkpt>
			<trkpt lat="52.48821" lon="6.23828">
				<ele>2</ele>
			</trkpt>
			<trkpt lat="52.48686" lon="6.24287">
				<ele>2</ele>
			</trkpt>
			<trkpt lat="52.48825" lon="6.24814">
				<ele>2</ele>
			</trkpt>
			<trkpt lat="52.4861" lon="6.24896">
				<ele>2</ele>
			</trkpt>
			<trkpt lat="52.48568" lon="6.24914">
				<ele>5.63</ele>
			</trkpt>
			<trkpt lat="52.48527" lon="6.24945">
				<ele>5.63</ele>
			</trkpt>
			<trkpt lat="52.48505" lon="6.24951">
				<ele>5.63</ele>
			</trkpt>
			<trkpt lat="52.48455" lon="6.2495">
				<ele>5.63</ele>
			</trkpt>
			<trkpt lat="52.48434" lon="6.24956">
				<ele>5.63</ele>
			</trkpt>
			<trkpt lat="52.48236" lon="6.25038">
				<ele>5.63</ele>
			</trkpt>
			<trkpt lat="52.48036" lon="6.25112">
				<ele>10.56</ele>
			</trkpt>
			<trkpt lat="52.48026" lon="6.2512">
				<ele>10.56</ele>
			</trkpt>
			<trkpt lat="52.4802" lon="6.25145">
				<ele>10.56</ele>
			</trkpt>
			<trkpt lat="52.48026" lon="6.25157">
				<ele>10.56</ele>
			</trkpt>
			<trkpt lat="52.48191" lon="6.25849">
				<ele>10.56</ele>
			</trkpt>
			<trkpt lat="52.48203" lon="6.2587">
				<ele>10.56</ele>
			</trkpt>
			<trkpt lat="52.48202" lon="6.25891">
				<ele>10.56</ele>
			</trkpt>
			<trkpt lat="52.48237" lon="6.26042">
				<ele>6.95</ele>
			</trkpt>
			<trkpt lat="52.48286" lon="6.26235">
				<ele>6.95</ele>
			</trkpt>
			<trkpt lat="52.48526" lon="6.27223">
				<ele>6.95</ele>
			</trkpt>
			<trkpt lat="52.48561" lon="6.27373">
				<ele>6.95</ele>
			</trkpt>
			<trkpt lat="52.48673" lon="6.27265">
				<ele>6.95</ele>
			</trkpt>
			<trkpt lat="52.48782" lon="6.2715">
				<ele>6.95</ele>
			</trkpt>
			<trkpt lat="52.48801" lon="6.27146">
				<ele>9.01</ele>
			</trkpt>
			<trkpt lat="52.4885" lon="6.27179">
				<ele>9.01</ele>
			</trkpt>
			<trkpt lat="52.48902" lon="6.27223">
				<ele>9.01</ele>
			</trkpt>
			<trkpt lat="52.48921" lon="6.27222">
				<ele>9.01</ele>
			</trkpt>
			<trkpt lat="52.48931" lon="6.27219">
				<ele>9.01</ele>
			</trkpt>
			<trkpt lat="52.48985" lon="6.27171">
				<ele>9.01</ele>
			</trkpt>
			<trkpt lat="52.49003" lon="6.27144">
				<ele>9.01</ele>
			</trkpt>
			<trkpt lat="52.49165" lon="6.27018">
				<ele>7.73</ele>
			</trkpt>
			<trkpt lat="52.49178" lon="6.27018">
				<ele>7.73</ele>
			</trkpt>
			<trkpt lat="52.49237" lon="6.27076">
				<ele>7.73</ele>
			</trkpt>
			<trkpt lat="52.49221" lon="6.27199">
				<ele>7.73</ele>
			</trkpt>
			<trkpt lat="52.49213" lon="6.27228">
				<ele>7.73</ele>
			</trkpt>
			<trkpt lat="52.49156" lon="6.27311">
				<ele>7.73</ele>
			</trkpt>
			<trkpt lat="52.49146" lon="6.27329">
				<ele>13.65</ele>
			</trkpt>
			<trkpt lat="52.4914" lon="6.27349">
				<ele>13.65</ele>
			</trkpt>
			<trkpt lat="52.49135" lon="6.27388">
				<ele>13.65</ele>
			</trkpt>
			<trkpt lat="52.49135" lon="6.27407">
				<ele>13.65</ele>
			</trkpt>
			<trkpt lat="52.49197" lon="6.28131">
				<ele>13.65</ele>
			</trkpt>
			<trkpt lat="52.49199" lon="6.28167">
				<ele>13.65</ele>
			</trkpt>
			<trkpt lat="52.49197" lon="6.28184">
				<ele>3.24</ele>
			</trkpt>
			<trkpt lat="52.4919" lon="6.282">
				<ele>3.24</ele>
			</trkpt>
			<trkpt lat="52.49177" lon="6.28212">
				<ele>3.24</ele>
			</trkpt>
			<trkpt lat="52.49074" lon="6.28269">
				<ele>3.24</ele>
			</trkpt>
			<trkpt lat="52.49057" lon="6.28283">
				<ele>3.24</ele>
			</trkpt>
			<trkpt lat="52.49047" lon="6.28297">
				<ele>3.24</ele>
			</trkpt>
			<trkpt lat="52.49041" lon="6.28309">
				<ele>3.24</ele>
			</trkpt>
			<trkpt lat="52.49037" lon="6.28325">
				<ele>7.46</ele>
			</trkpt>
			<trkpt lat="52.49017" lon="6.28493">
				<ele>7.46</ele>
			</trkpt>
			<trkpt lat="52.49021" lon="6.28519">
				<ele>7.46</ele>
			</trkpt>
			<trkpt lat="52.49134" lon="6.28789">
				<ele>7.46</ele>
			</trkpt>
			<trkpt lat="52.492" lon="6.28932">
				<ele>7.46</ele>
			</trkpt>
			<trkpt lat="52.49242" lon="6.28938">
				<ele>7.46</ele>
			</trkpt>
			<trkpt lat="52.49323" lon="6.28988">
				<ele>4.98</ele>
			</trkpt>
			<trkpt lat="52.49417" lon="6.2905">
				<ele>4.98</ele>
			</trkpt>
			<trkpt lat="52.49494" lon="6.29106">
				<ele>4.98</ele>
			</trkpt>
			<trkpt lat="52.49443" lon="6.29168">
				<ele>4.98</ele>
			</trkpt>
			<trkpt lat="52.49436" lon="6.29182">
				<ele>4.98</ele>
			</trkpt>
			<trkpt lat="52.49415" lon="6.29202">
				<ele>4.98</ele>
			</trkpt>
			<trkpt lat="52.4936" lon="6.29267">
				<ele>4.98</ele>
			</trkpt>
			<trkpt lat="52.49346" lon="6.29279">
				<ele>3.71</ele>
			</trkpt>
			<trkpt lat="52.49049" lon="6.29632">
				<ele>3.71</ele>
			</trkpt>
			<trkpt lat="52.48896" lon="6.29818">
				<ele>3.71</ele>
			</trkpt>
			<trkpt lat="52.4881" lon="6.2993">
				<ele>3.71</ele>
			</trkpt>
			<trkpt lat="52.48762" lon="6.30004">
				<ele>3.71</ele>
			</trkpt>
			<trkpt lat="52.48743" lon="6.30022">
				<ele>3.71</ele>
			</trkpt>
			<trkpt lat="52.48738" lon="6.30068">
				<ele>3.96</ele>
			</trkpt>
			<trkpt lat="52.48674" lon="6.30202">
				<ele>3.96</ele>
			</trkpt>
			<trkpt lat="52.48656" lon="6.30253">
				<ele>3.96</ele>
			</trkpt>
			<trkpt lat="52.48651" lon="6.30282">
				<ele>3.96</ele>
			</trkpt>
			<trkpt lat="52.48649" lon="6.30305">
				<ele>3.96</ele>
			</trkpt>
			<trkpt lat="52.48635" lon="6.30635">
				<ele>3.96</ele>
			</trkpt>
			<trkpt lat="52.48628" lon="6.30673">
				<ele>3.96</ele>
			</trkpt>
			<trkpt lat="52.48616" lon="6.30705">
				<ele>8.25</ele>
			</trkpt>
			<trkpt lat="52.48606" lon="6.30726">
				<ele>8.25</ele>
			</trkpt>
			<trkpt lat="52.48526" lon="6.30835">
				<ele>8.25</ele>
			</trkpt>
			<trkpt lat="52.48516" lon="6.30854">
				<ele>8.25</ele>
			</trkpt>
			<trkpt lat="52.48506" lon="6.3089">
				<ele>8.25</ele>
			</trkpt>
			<trkpt lat="52.485" lon="6.30928">
				<ele>8.25</ele>
			</trkpt>
			<trkpt lat="52.48499" lon="6.31443">
				<ele>6.53</ele>
			</trkpt>
			<trkpt lat="52.48492" lon="6.31504">
				<ele>6.53</ele>
			</trkpt>
			<trkpt lat="52.48491" lon="6.31539">
				<ele>6.53</ele>
			</trkpt>
			<trkpt lat="52.48497" lon="6.31737">
				<ele>6.53</ele>
			</trkpt>
			<trkpt lat="52.4851" lon="6.31982">
				<ele>6.53</ele>
			</trkpt>
			<trkpt lat="52.4851" lon="6.32045">
				<ele>6.53</ele>
			</trkpt>
			<trkpt lat="52.48508" lon="6.3207">
				<ele>8.67</ele>
			</trkpt>
			<trkpt lat="52.485" lon="6.32114">
				<ele>8.67</ele>
			</trkpt>
			<trkpt lat="52.48471" lon="6.32215">
				<ele>8.67</ele>
			</trkpt>
			<trkpt lat="52.48447" lon="6.32281">
				<ele>8.67</ele>
			</trkpt>
			<trkpt lat="52.48422" lon="6.32334">
				<ele>8.67</ele>
			</trkpt>
			<trkpt lat="52.48353" lon="6.32446">
				<ele>8.67</ele>
			</trkpt>
			<trkpt lat="52.48347" lon="6.32462">
				<ele>8.67</ele>
			</trkpt>
			<trkpt lat="52.48228" lon="6.32522">
				<ele>16.05</ele>
			</trkpt>
			<trkpt lat="52.47924" lon="6.32663">
				<ele>16.05</ele>
			</trkpt>
			<trkpt lat="52.47836" lon="6.32707">
				<ele>16.05</ele>
			</trkpt>
			<trkpt lat="52.47774" lon="6.32735">
				<ele>16.05</ele>
			</trkpt>
			<trkpt lat="52.4784" lon="6.3324">
				<ele>16.05</ele>
			</trkpt>
			<trkpt lat="52.47583" lon="6.33344">
				<ele>16.05</ele>
			</trkpt>
			<trkpt lat="52.47574" lon="6.33357">
				<ele>11.91</ele>
			</trkpt>
			<trkpt lat="52.47572" lon="6.33506">
				<ele>11.91</ele>
			</trkpt>
			<trkpt lat="52.47553" lon="6.3435">
				<ele>11.91</ele>
			</trkpt>
			<trkpt lat="52.47695" lon="6.34369">
				<ele>11.91</ele>
			</trkpt>
			<trkpt lat="52.47794" lon="6.35738">
				<ele>11.91</ele>
			</trkpt>
			<trkpt lat="52.47797" lon="6.35759">
				<ele>11.91</ele>
			</trkpt>
			<trkpt lat="52.47763" lon="6.35952">
				<ele>11.91</ele>
			</trkpt>
			<trkpt lat="52.47722" lon="6.36097">
				<ele>12.14</ele>
			</trkpt>
			<trkpt lat="52.47721" lon="6.36112">
				<ele>12.14</ele>
			</trkpt>
			<trkpt lat="52.47724" lon="6.36126">
				<ele>12.14</ele>
			</trkpt>
			<trkpt lat="52.47805" lon="6.36195">
				<ele>12.14</ele>
			</trkpt>
			<trkpt lat="52.47826" lon="6.36203">
				<ele>12.14</ele>
			</trkpt>
			<trkpt lat="52.47836" lon="6.36209">
				<ele>12.14</ele>
			</trkpt>
			<trkpt lat="52.4808" lon="6.36409">
				<ele>5.89</ele>
			</trkpt>
			<trkpt lat="52.48092" lon="6.36412">
				<ele>5.89</ele>
			</trkpt>
			<trkpt lat="52.48164" lon="6.36389">
				<ele>5.89</ele>
			</trkpt>
			<trkpt lat="52.48201" lon="6.36381">
				<ele>5.89</ele>
			</trkpt>
			<trkpt lat="52.48211" lon="6.36403">
				<ele>5.89</ele>
			</trkpt>
			<trkpt lat="52.4801" lon="6.36541">
				<ele>5.89</ele>
			</trkpt>
			<trkpt lat="52.48014" lon="6.36559">
				<ele>9.78</ele>
			</trkpt>
			<trkpt lat="52.48027" lon="6.36566">
				<ele>9.78</ele>
			</trkpt>
			<trkpt lat="52.48136" lon="6.36534">
				<ele>9.78</ele>
			</trkpt>
			<trkpt lat="52.48147" lon="6.36536">
				<ele>9.78</ele>
			</trkpt>
			<trkpt lat="52.48213" lon="6.36589">
				<ele>9.78</ele>
			</trkpt>
			<trkpt lat="52.4825" lon="6.36609">
				<ele>9.78</ele>
			</trkpt>
			<trkpt lat="52.484" lon="6.36733">
				<ele>9.78</ele>
			</trkpt>
			<trkpt lat="52.48434" lon="6.36763">
				<ele>11.8</ele>
			</trkpt>
			<trkpt lat="52.48464" lon="6.368">
				<ele>11.8</ele>
			</trkpt>
			<trkpt lat="52.48485" lon="6.36819">
				<ele>11.8</ele>
			</trkpt>
			<trkpt lat="52.48514" lon="6.36841">
				<ele>11.8</ele>
			</trkpt>
			<trkpt lat="52.48511" lon="6.36869">
				<ele>11.8</ele>
			</trkpt>
			<trkpt lat="52.48537" lon="6.36946">
				<ele>11.8</ele>
			</trkpt>
			<trkpt lat="52.4854" lon="6.36967">
				<ele>13.11</ele>
			</trkpt>
			<trkpt lat="52.48554" lon="6.37373">
				<ele>13.11</ele>
			</trkpt>
			<trkpt lat="52.48562" lon="6.37543">
				<ele>13.11</ele>
			</trkpt>
			<trkpt lat="52.48565" lon="6.37578">
				<ele>13.11</ele>
			</trkpt>
			<trkpt lat="52.48609" lon="6.37784">
				<ele>13.11</ele>
			</trkpt>
			<trkpt lat="52.48659" lon="6.38">
				<ele>13.11</ele>
			</trkpt>
			<trkpt lat="52.48821" lon="6.38486">
				<ele>13.11</ele>
			</trkpt>
			<trkpt lat="52.48962" lon="6.38897">
				<ele>11.34</ele>
			</trkpt>
			<trkpt lat="52.49228" lon="6.39349">
				<ele>11.34</ele>
			</trkpt>
			<trkpt lat="52.49242" lon="6.39369">
				<ele>11.34</ele>
			</trkpt>
			<trkpt lat="52.49247" lon="6.39385">
				<ele>11.34</ele>
			</trkpt>
			<trkpt lat="52.49254" lon="6.39399">
				<ele>11.34</ele>
			</trkpt>
			<trkpt lat="52.49398" lon="6.39817">
				<ele>11.34</ele>
			</trkpt>
			<trkpt lat="52.49413" lon="6.39869">
				<ele>3.63</ele>
			</trkpt>
			<trkpt lat="52.49439" lon="6.39982">
				<ele>3.63</ele>
			</trkpt>
			<trkpt lat="52.49429" lon="6.40037">
				<ele>3.63</ele>
			</trkpt>
			<trkpt lat="52.49403" lon="6.40231">
				<ele>3.63</ele>
			</trkpt>
			<trkpt lat="52.49389" lon="6.40303">
				<ele>3.63</ele>
			</trkpt>
			<trkpt lat="52.49399" lon="6.40314">
				<ele>3.63</ele>
			</trkpt>
			<trkpt lat="52.49444" lon="6.40303">
				<ele>2.11</ele>
			</trkpt>
			<trkpt lat="52.49459" lon="6.4031">
				<ele>2.11</ele>
			</trkpt>
			<trkpt lat="52.49477" lon="6.40342">
				<ele>2.11</ele>
			</trkpt>
			<trkpt lat="52.49489" lon="6.40372">
				<ele>2.11</ele>
			</trkpt>
			<trkpt lat="52.49501" lon="6.40383">
				<ele>2.11</ele>
			</trkpt>
			<trkpt lat="52.49514" lon="6.40381">
				<ele>2.11</ele>
			</trkpt>
			<trkpt lat="52.49819" lon="6.40295">
				<ele>2.11</ele>
			</trkpt>
			<trkpt lat="52.49837" lon="6.40292">
				<ele>4</ele>
			</trkpt>
			<trkpt lat="52.49849" lon="6.40304">
				<ele>4</ele>
			</trkpt>
			<trkpt lat="52.49854" lon="6.40318">
				<ele>4</ele>
			</trkpt>
			<trkpt lat="52.49863" lon="6.40358">
				<ele>4</ele>
			</trkpt>
			<trkpt lat="52.49872" lon="6.40378">
				<ele>4</ele>
			</trkpt>
			<trkpt lat="52.49865" lon="6.40494">
				<ele>4</ele>
			</trkpt>
			<trkpt lat="52.49866" lon="6.40596">
				<ele>3</ele>
			</trkpt>
			<trkpt lat="52.49864" lon="6.40938">
				<ele>3</ele>
			</trkpt>
			<trkpt lat="52.49862" lon="6.40962">
				<ele>3</ele>
			</trkpt>
			<trkpt lat="52.49858" lon="6.40979">
				<ele>3</ele>
			</trkpt>
			<trkpt lat="52.49821" lon="6.41103">
				<ele>3</ele>
			</trkpt>
			<trkpt lat="52.49823" lon="6.41119">
				<ele>3</ele>
			</trkpt>
			<trkpt lat="52.49868" lon="6.41176">
				<ele>3</ele>
			</trkpt>
			<trkpt lat="52.4988" lon="6.41197">
				<ele>3.28</ele>
			</trkpt>
			<trkpt lat="52.50077" lon="6.41684">
				<ele>3.28</ele>
			</trkpt>
			<trkpt lat="52.50082" lon="6.41704">
				<ele>3.28</ele>
			</trkpt>
			<trkpt lat="52.50099" lon="6.41917">
				<ele>3.28</ele>
			</trkpt>
			<trkpt lat="52.50113" lon="6.42027">
				<ele>3.28</ele>
			</trkpt>
			<trkpt lat="52.50121" lon="6.42077">
				<ele>3.28</ele>
			</trkpt>
			<trkpt lat="52.50137" lon="6.42143">
				<ele>4</ele>
			</trkpt>
			<trkpt lat="52.50137" lon="6.42172">
				<ele>4</ele>
			</trkpt>
			<trkpt lat="52.50147" lon="6.42196">
				<ele>4</ele>
			</trkpt>
			<trkpt lat="52.50149" lon="6.42235">
				<ele>4</ele>
			</trkpt>
			<trkpt lat="52.50238" lon="6.42397">
				<ele>4</ele>
			</trkpt>
			<trkpt lat="52.50252" lon="6.42451">
				<ele>4</ele>
			</trkpt>
			<trkpt lat="52.50291" lon="6.42684">
				<ele>3.07</ele>
			</trkpt>
			<trkpt lat="52.50305" lon="6.42799">
				<ele>3.07</ele>
			</trkpt>
			<trkpt lat="52.50305" lon="6.42838">
				<ele>3.07</ele>
			</trkpt>
			<trkpt lat="52.50302" lon="6.42876">
				<ele>3.07</ele>
			</trkpt>
			<trkpt lat="52.50297" lon="6.42911">
				<ele>3.07</ele>
			</trkpt>
			<trkpt lat="52.50271" lon="6.43005">
				<ele>3.07</ele>
			</trkpt>
			<trkpt lat="52.50259" lon="6.43043">
				<ele>3.07</ele>
			</trkpt>
			<trkpt lat="52.50239" lon="6.43092">
				<ele>4</ele>
			</trkpt>
			<trkpt lat="52.50255" lon="6.43192">
				<ele>4</ele>
			</trkpt>
			<trkpt lat="52.50266" lon="6.43205">
				<ele>4</ele>
			</trkpt>
			<trkpt lat="52.50404" lon="6.43377">
				<ele>4</ele>
			</trkpt>
			<trkpt lat="52.50451" lon="6.4344">
				<ele>4</ele>
			</trkpt>
			<trkpt lat="52.50467" lon="6.4347">
				<ele>4</ele>
			</trkpt>
			<trkpt lat="52.5049" lon="6.43526">
				<ele>4</ele>
			</trkpt>
			<trkpt lat="52.50543" lon="6.43695">
				<ele>4</ele>
			</trkpt>
			<trkpt lat="52.50579" lon="6.43787">
				<ele>4</ele>
			</trkpt>
			<trkpt lat="52.50611" lon="6.4386">
				<ele>4</ele>
			</trkpt>
			<trkpt lat="52.5067" lon="6.43975">
				<ele>4</ele>
			</trkpt>
			<trkpt lat="52.50687" lon="6.4401">
				<ele>4</ele>
			</trkpt>
			<trkpt lat="52.50882" lon="6.44365">
				<ele>4</ele>
			</trkpt>
			<trkpt lat="52.50894" lon="6.44377">
				<ele>5.01</ele>
			</trkpt>
			<trkpt lat="52.50943" lon="6.44418">
				<ele>5.01</ele>
			</trkpt>
			<trkpt lat="52.50973" lon="6.4444">
				<ele>5.01</ele>
			</trkpt>
			<trkpt lat="52.50983" lon="6.44445">
				<ele>5.01</ele>
			</trkpt>
			<trkpt lat="52.50982" lon="6.44469">
				<ele>5.01</ele>
			</trkpt>
			<trkpt lat="52.50988" lon="6.45954">
				<ele>5.01</ele>
			</trkpt>
			<trkpt lat="52.50987" lon="6.46194">
				<ele>10.49</ele>
			</trkpt>
			<trkpt lat="52.51011" lon="6.46197">
				<ele>10.49</ele>
			</trkpt>
			<trkpt lat="52.51021" lon="6.462">
				<ele>10.49</ele>
			</trkpt>
			<trkpt lat="52.51028" lon="6.46211">
				<ele>10.49</ele>
			</trkpt>
			<trkpt lat="52.51052" lon="6.46165">
				<ele>10.49</ele>
			</trkpt>
			<trkpt lat="52.51097" lon="6.46108">
				<ele>10.49</ele>
			</trkpt>
			<trkpt lat="52.51111" lon="6.46091">
				<ele>10.49</ele>
			</trkpt>
			<trkpt lat="52.51173" lon="6.46035">
				<ele>10.17</ele>
			</trkpt>
			<trkpt lat="52.51219" lon="6.45998">
				<ele>10.17</ele>
			</trkpt>
			<trkpt lat="52.51241" lon="6.45966">
				<ele>10.17</ele>
			</trkpt>
			<trkpt lat="52.51261" lon="6.4599">
				<ele>10.17</ele>
			</trkpt>
			<trkpt lat="52.51288" lon="6.46031">
				<ele>10.17</ele>
			</trkpt>
			<trkpt lat="52.5131" lon="6.4605">
				<ele>10.17</ele>
			</trkpt>
			<trkpt lat="52.51315" lon="6.46077">
				<ele>12.77</ele>
			</trkpt>
			<trkpt lat="52.5133" lon="6.46093">
				<ele>12.77</ele>
			</trkpt>
			<trkpt lat="52.51343" lon="6.46117">
				<ele>12.77</ele>
			</trkpt>
			<trkpt lat="52.51365" lon="6.46168">
				<ele>12.77</ele>
			</trkpt>
			<trkpt lat="52.51419" lon="6.46188">
				<ele>12.77</ele>
			</trkpt>
			<trkpt lat="52.51453" lon="6.46203">
				<ele>12.77</ele>
			</trkpt>
			<trkpt lat="52.51508" lon="6.46143">
				<ele>11.98</ele>
			</trkpt>
			<trkpt lat="52.51525" lon="6.46137">
				<ele>11.98</ele>
			</trkpt>
			<trkpt lat="52.51584" lon="6.46179">
				<ele>11.98</ele>
			</trkpt>
			<trkpt lat="52.51601" lon="6.46193">
				<ele>11.98</ele>
			</trkpt>
			<trkpt lat="52.51619" lon="6.46196">
				<ele>11.98</ele>
			</trkpt>
			<trkpt lat="52.51633" lon="6.46199">
				<ele>11.98</ele>
			</trkpt>
			<trkpt lat="52.51664" lon="6.46223">
				<ele>11.98</ele>
			</trkpt>
			<trkpt lat="52.51671" lon="6.46235">
				<ele>6.2</ele>
			</trkpt>
			<trkpt lat="52.51686" lon="6.46271">
				<ele>6.2</ele>
			</trkpt>
			<trkpt lat="52.51697" lon="6.46321">
				<ele>6.2</ele>
			</trkpt>
			<trkpt lat="52.51693" lon="6.46347">
				<ele>6.2</ele>
			</trkpt>
			<trkpt lat="52.51695" lon="6.46364">
				<ele>6.2</ele>
			</trkpt>
			<trkpt lat="52.51705" lon="6.46384">
				<ele>6.2</ele>
			</trkpt>
			<trkpt lat="52.51723" lon="6.46446">
				<ele>5.87</ele>
			</trkpt>
			<trkpt lat="52.51727" lon="6.46468">
				<ele>5.87</ele>
			</trkpt>
			<trkpt lat="52.51733" lon="6.46482">
				<ele>5.87</ele>
			</trkpt>
			<trkpt lat="52.51742" lon="6.46488">
				<ele>5.87</ele>
			</trkpt>
			<trkpt lat="52.51759" lon="6.46514">
				<ele>5.87</ele>
			</trkpt>
			<trkpt lat="52.51768" lon="6.46523">
				<ele>5.87</ele>
			</trkpt>
			<trkpt lat="52.51845" lon="6.46571">
				<ele>5.87</ele>
			</trkpt>
			<trkpt lat="52.51868" lon="6.46595">
				<ele>5.96</ele>
			</trkpt>
			<trkpt lat="52.51876" lon="6.4661">
				<ele>5.96</ele>
			</trkpt>
			<trkpt lat="52.51878" lon="6.4663">
				<ele>5.96</ele>
			</trkpt>
			<trkpt lat="52.51868" lon="6.46699">
				<ele>5.96</ele>
			</trkpt>
			<trkpt lat="52.51867" lon="6.46725">
				<ele>5.96</ele>
			</trkpt>
			<trkpt lat="52.51875" lon="6.46759">
				<ele>5.96</ele>
			</trkpt>
			<trkpt lat="52.51896" lon="6.4679">
				<ele>4.7</ele>
			</trkpt>
			<trkpt lat="52.51905" lon="6.46799">
				<ele>4.7</ele>
			</trkpt>
			<trkpt lat="52.51997" lon="6.46804">
				<ele>4.7</ele>
			</trkpt>
			<trkpt lat="52.52006" lon="6.46808">
				<ele>4.7</ele>
			</trkpt>
			<trkpt lat="52.52016" lon="6.46817">
				<ele>4.7</ele>
			</trkpt>
			<trkpt lat="52.52051" lon="6.46867">
				<ele>4.7</ele>
			</trkpt>
			<trkpt lat="52.5208" lon="6.46971">
				<ele>2.41</ele>
			</trkpt>
			<trkpt lat="52.52086" lon="6.46984">
				<ele>2.41</ele>
			</trkpt>
			<trkpt lat="52.52109" lon="6.46981">
				<ele>2.41</ele>
			</trkpt>
			<trkpt lat="52.52116" lon="6.47042">
				<ele>2.41</ele>
			</trkpt>
			<trkpt lat="52.52115" lon="6.47073">
				<ele>2.41</ele>
			</trkpt>
			<trkpt lat="52.52122" lon="6.47126">
				<ele>2.41</ele>
			</trkpt>
			<trkpt lat="52.52138" lon="6.47195">
				<ele>2.41</ele>
			</trkpt>
			<trkpt lat="52.52146" lon="6.47219">
				<ele>2.65</ele>
			</trkpt>
			<trkpt lat="52.52151" lon="6.47252">
				<ele>2.65</ele>
			</trkpt>
			<trkpt lat="52.5216" lon="6.4729">
				<ele>2.65</ele>
			</trkpt>
			<trkpt lat="52.52162" lon="6.47314">
				<ele>2.65</ele>
			</trkpt>
			<trkpt lat="52.52162" lon="6.47365">
				<ele>2.65</ele>
			</trkpt>
			<trkpt lat="52.52168" lon="6.47427">
				<ele>2.65</ele>
			</trkpt>
			<trkpt lat="52.52179" lon="6.47493">
				<ele>8.37</ele>
			</trkpt>
			<trkpt lat="52.52192" lon="6.47535">
				<ele>8.37</ele>
			</trkpt>
			<trkpt lat="52.52198" lon="6.47576">
				<ele>8.37</ele>
			</trkpt>
			<trkpt lat="52.522" lon="6.4761">
				<ele>8.37</ele>
			</trkpt>
			<trkpt lat="52.52212" lon="6.4767">
				<ele>8.37</ele>
			</trkpt>
			<trkpt lat="52.52218" lon="6.47688">
				<ele>8.37</ele>
			</trkpt>
			<trkpt lat="52.52235" lon="6.47705">
				<ele>8.37</ele>
			</trkpt>
			<trkpt lat="52.52277" lon="6.47721">
				<ele>11</ele>
			</trkpt>
			<trkpt lat="52.52291" lon="6.47731">
				<ele>11</ele>
			</trkpt>
			<trkpt lat="52.52303" lon="6.4775">
				<ele>11</ele>
			</trkpt>
			<trkpt lat="52.52307" lon="6.47765">
				<ele>11</ele>
			</trkpt>
			<trkpt lat="52.52309" lon="6.47786">
				<ele>11</ele>
			</trkpt>
			<trkpt lat="52.52312" lon="6.47893">
				<ele>11</ele>
			</trkpt>
			<trkpt lat="52.52325" lon="6.48071">
				<ele>10.71</ele>
			</trkpt>
			<trkpt lat="52.52331" lon="6.48198">
				<ele>10.71</ele>
			</trkpt>
			<trkpt lat="52.52336" lon="6.48213">
				<ele>10.71</ele>
			</trkpt>
			<trkpt lat="52.52351" lon="6.48174">
				<ele>10.71</ele>
			</trkpt>
			<trkpt lat="52.52448" lon="6.47978">
				<ele>10.71</ele>
			</trkpt>
			<trkpt lat="52.52511" lon="6.47902">
				<ele>10.71</ele>
			</trkpt>
			<trkpt lat="52.52521" lon="6.47893">
				<ele>7.53</ele>
			</trkpt>
			<trkpt lat="52.52532" lon="6.47915">
				<ele>7.53</ele>
			</trkpt>
			<trkpt lat="52.52544" lon="6.47948">
				<ele>7.53</ele>
			</trkpt>
			<trkpt lat="52.5257" lon="6.47983">
				<ele>7.53</ele>
			</trkpt>
			<trkpt lat="52.52583" lon="6.48018">
				<ele>7.53</ele>
			</trkpt>
			<trkpt lat="52.52616" lon="6.48162">
				<ele>7.53</ele>
			</trkpt>
			<trkpt lat="52.52637" lon="6.48225">
				<ele>7.53</ele>
			</trkpt>
			<trkpt lat="52.52646" lon="6.48264">
				<ele>21.2</ele>
			</trkpt>
			<trkpt lat="52.52648" lon="6.48323">
				<ele>21.2</ele>
			</trkpt>
			<trkpt lat="52.52656" lon="6.48408">
				<ele>21.2</ele>
			</trkpt>
			<trkpt lat="52.52657" lon="6.4846">
				<ele>21.2</ele>
			</trkpt>
			<trkpt lat="52.52664" lon="6.48532">
				<ele>21.2</ele>
			</trkpt>
			<trkpt lat="52.52682" lon="6.48633">
				<ele>21.2</ele>
			</trkpt>
			<trkpt lat="52.52825" lon="6.48637">
				<ele>8.17</ele>
			</trkpt>
			<trkpt lat="52.52905" lon="6.48621">
				<ele>8.17</ele>
			</trkpt>
			<trkpt lat="52.52918" lon="6.48638">
				<ele>8.17</ele>
			</trkpt>
			<trkpt lat="52.52924" lon="6.48707">
				<ele>8.17</ele>
			</trkpt>
			<trkpt lat="52.52925" lon="6.48773">
				<ele>8.17</ele>
			</trkpt>
			<trkpt lat="52.52923" lon="6.48816">
				<ele>8.17</ele>
			</trkpt>
			<trkpt lat="52.52915" lon="6.48901">
				<ele>8.17</ele>
			</trkpt>
			<trkpt lat="52.52891" lon="6.49051">
				<ele>10.77</ele>
			</trkpt>
			<trkpt lat="52.52873" lon="6.49188">
				<ele>10.77</ele>
			</trkpt>
			<trkpt lat="52.52833" lon="6.49458">
				<ele>10.77</ele>
			</trkpt>
			<trkpt lat="52.52828" lon="6.49486">
				<ele>10.77</ele>
			</trkpt>
			<trkpt lat="52.52726" lon="6.49694">
				<ele>10.77</ele>
			</trkpt>
			<trkpt lat="52.52721" lon="6.49712">
				<ele>10.77</ele>
			</trkpt>
			<trkpt lat="52.5274" lon="6.49733">
				<ele>10.59</ele>
			</trkpt>
			<trkpt lat="52.52751" lon="6.49751">
				<ele>10.59</ele>
			</trkpt>
			<trkpt lat="52.52812" lon="6.49876">
				<ele>10.59</ele>
			</trkpt>
			<trkpt lat="52.52822" lon="6.49939">
				<ele>10.59</ele>
			</trkpt>
			<trkpt lat="52.52854" lon="6.50099">
				<ele>10.59</ele>
			</trkpt>
			<trkpt lat="52.52872" lon="6.50203">
				<ele>10.59</ele>
			</trkpt>
			<trkpt lat="52.52868" lon="6.50281">
				<ele>10.59</ele>
			</trkpt>
			<trkpt lat="52.52871" lon="6.50305">
				<ele>12.21</ele>
			</trkpt>
			<trkpt lat="52.52888" lon="6.50321">
				<ele>12.21</ele>
			</trkpt>
			<trkpt lat="52.52928" lon="6.50336">
				<ele>12.21</ele>
			</trkpt>
			<trkpt lat="52.52941" lon="6.50351">
				<ele>12.21</ele>
			</trkpt>
			<trkpt lat="52.5297" lon="6.50494">
				<ele>12.21</ele>
			</trkpt>
			<trkpt lat="52.52979" lon="6.50531">
				<ele>12.21</ele>
			</trkpt>
			<trkpt lat="52.53075" lon="6.50431">
				<ele>13.38</ele>
			</trkpt>
			<trkpt lat="52.53086" lon="6.50444">
				<ele>13.38</ele>
			</trkpt>
			<trkpt lat="52.53217" lon="6.50468">
				<ele>13.38</ele>
			</trkpt>
			<trkpt lat="52.53206" lon="6.50517">
				<ele>13.38</ele>
			</trkpt>
			<trkpt lat="52.53195" lon="6.50572">
				<ele>13.38</ele>
			</trkpt>
			<trkpt lat="52.53119" lon="6.51284">
				<ele>13.38</ele>
			</trkpt>
			<trkpt lat="52.53116" lon="6.51396">
				<ele>9.65</ele>
			</trkpt>
			<trkpt lat="52.53119" lon="6.51414">
				<ele>9.65</ele>
			</trkpt>
			<trkpt lat="52.53124" lon="6.51431">
				<ele>9.65</ele>
			</trkpt>
			<trkpt lat="52.53107" lon="6.51457">
				<ele>9.65</ele>
			</trkpt>
			<trkpt lat="52.52856" lon="6.51716">
				<ele>9.65</ele>
			</trkpt>
			<trkpt lat="52.52768" lon="6.51548">
				<ele>9.65</ele>
			</trkpt>
			<trkpt lat="52.52758" lon="6.51544">
				<ele>9.65</ele>
			</trkpt>
			<trkpt lat="52.52528" lon="6.5107">
				<ele>11.95</ele>
			</trkpt>
			<trkpt lat="52.52523" lon="6.51057">
				<ele>11.95</ele>
			</trkpt>
			<trkpt lat="52.52519" lon="6.51028">
				<ele>11.95</ele>
			</trkpt>
			<trkpt lat="52.52505" lon="6.51019">
				<ele>11.95</ele>
			</trkpt>
			<trkpt lat="52.52519" lon="6.51028">
				<ele>11.95</ele>
			</trkpt>
			<trkpt lat="52.52545" lon="6.51016">
				<ele>11.95</ele>
			</trkpt>
			<trkpt lat="52.52579" lon="6.50983">
				<ele>10.32</ele>
			</trkpt>
			<trkpt lat="52.52698" lon="6.50876">
				<ele>10.32</ele>
			</trkpt>
			<trkpt lat="52.52743" lon="6.50839">
				<ele>10.32</ele>
			</trkpt>
			<trkpt lat="52.52801" lon="6.5077">
				<ele>10.32</ele>
			</trkpt>
			<trkpt lat="52.52848" lon="6.50707">
				<ele>10.32</ele>
			</trkpt>
			<trkpt lat="52.5291" lon="6.50596">
				<ele>10.32</ele>
			</trkpt>
			<trkpt lat="52.52924" lon="6.5058">
				<ele>10.32</ele>
			</trkpt>
			<trkpt lat="52.52978" lon="6.50531">
				<ele>11.11</ele>
			</trkpt>
			<trkpt lat="52.5297" lon="6.50495">
				<ele>11.11</ele>
			</trkpt>
			<trkpt lat="52.52945" lon="6.50362">
				<ele>11.11</ele>
			</trkpt>
			<trkpt lat="52.52928" lon="6.50336">
				<ele>11.11</ele>
			</trkpt>
			<trkpt lat="52.52888" lon="6.50321">
				<ele>11.11</ele>
			</trkpt>
			<trkpt lat="52.52877" lon="6.50315">
				<ele>11.11</ele>
			</trkpt>
			<trkpt lat="52.52868" lon="6.50282">
				<ele>11.97</ele>
			</trkpt>
			<trkpt lat="52.52872" lon="6.50205">
				<ele>11.97</ele>
			</trkpt>
			<trkpt lat="52.52854" lon="6.50102">
				<ele>11.97</ele>
			</trkpt>
			<trkpt lat="52.52822" lon="6.49942">
				<ele>11.97</ele>
			</trkpt>
			<trkpt lat="52.52813" lon="6.49878">
				<ele>11.97</ele>
			</trkpt>
			<trkpt lat="52.52752" lon="6.49752">
				<ele>11.97</ele>
			</trkpt>
			<trkpt lat="52.5274" lon="6.49733">
				<ele>10.98</ele>
			</trkpt>
			<trkpt lat="52.52721" lon="6.49712">
				<ele>10.98</ele>
			</trkpt>
			<trkpt lat="52.52575" lon="6.49594">
				<ele>10.98</ele>
			</trkpt>
			<trkpt lat="52.52448" lon="6.49772">
				<ele>10.98</ele>
			</trkpt>
			<trkpt lat="52.52436" lon="6.49775">
				<ele>10.98</ele>
			</trkpt>
			<trkpt lat="52.52382" lon="6.49722">
				<ele>10.98</ele>
			</trkpt>
			<trkpt lat="52.52371" lon="6.49717">
				<ele>10.98</ele>
			</trkpt>
			<trkpt lat="52.52348" lon="6.49723">
				<ele>6.58</ele>
			</trkpt>
			<trkpt lat="52.52263" lon="6.49637">
				<ele>6.58</ele>
			</trkpt>
			<trkpt lat="52.52244" lon="6.49636">
				<ele>6.58</ele>
			</trkpt>
			<trkpt lat="52.52237" lon="6.49646">
				<ele>6.58</ele>
			</trkpt>
			<trkpt lat="52.52235" lon="6.49677">
				<ele>6.58</ele>
			</trkpt>
			<trkpt lat="52.52237" lon="6.49715">
				<ele>6.58</ele>
			</trkpt>
			<trkpt lat="52.52197" lon="6.49747">
				<ele>8.39</ele>
			</trkpt>
			<trkpt lat="52.52143" lon="6.49761">
				<ele>8.39</ele>
			</trkpt>
			<trkpt lat="52.5214" lon="6.49806">
				<ele>8.39</ele>
			</trkpt>
			<trkpt lat="52.52133" lon="6.49815">
				<ele>8.39</ele>
			</trkpt>
			<trkpt lat="52.52078" lon="6.49803">
				<ele>8.39</ele>
			</trkpt>
			<trkpt lat="52.51968" lon="6.49775">
				<ele>8.39</ele>
			</trkpt>
			<trkpt lat="52.51823" lon="6.49729">
				<ele>8.39</ele>
			</trkpt>
			<trkpt lat="52.51807" lon="6.49764">
				<ele>6.65</ele>
			</trkpt>
			<trkpt lat="52.51787" lon="6.49884">
				<ele>6.65</ele>
			</trkpt>
			<trkpt lat="52.51781" lon="6.4994">
				<ele>6.65</ele>
			</trkpt>
			<trkpt lat="52.51782" lon="6.49964">
				<ele>6.65</ele>
			</trkpt>
			<trkpt lat="52.51764" lon="6.50076">
				<ele>6.65</ele>
			</trkpt>
			<trkpt lat="52.5176" lon="6.50094">
				<ele>6.65</ele>
			</trkpt>
			<trkpt lat="52.51745" lon="6.50102">
				<ele>3</ele>
			</trkpt>
			<trkpt lat="52.51697" lon="6.501">
				<ele>3</ele>
			</trkpt>
			<trkpt lat="52.51608" lon="6.50089">
				<ele>3</ele>
			</trkpt>
			<trkpt lat="52.51584" lon="6.50071">
				<ele>3</ele>
			</trkpt>
			<trkpt lat="52.51555" lon="6.50054">
				<ele>3</ele>
			</trkpt>
			<trkpt lat="52.51507" lon="6.50051">
				<ele>3</ele>
			</trkpt>
			<trkpt lat="52.51498" lon="6.50059">
				<ele>5.2</ele>
			</trkpt>
			<trkpt lat="52.51494" lon="6.5008">
				<ele>5.2</ele>
			</trkpt>
			<trkpt lat="52.51492" lon="6.50136">
				<ele>5.2</ele>
			</trkpt>
			<trkpt lat="52.51487" lon="6.5017">
				<ele>5.2</ele>
			</trkpt>
			<trkpt lat="52.51479" lon="6.50195">
				<ele>5.2</ele>
			</trkpt>
			<trkpt lat="52.51468" lon="6.50278">
				<ele>5.2</ele>
			</trkpt>
			<trkpt lat="52.51474" lon="6.50324">
				<ele>5.2</ele>
			</trkpt>
			<trkpt lat="52.51481" lon="6.50427">
				<ele>5.54</ele>
			</trkpt>
			<trkpt lat="52.51452" lon="6.50557">
				<ele>5.54</ele>
			</trkpt>
			<trkpt lat="52.51449" lon="6.50577">
				<ele>5.54</ele>
			</trkpt>
			<trkpt lat="52.51405" lon="6.50517">
				<ele>5.54</ele>
			</trkpt>
			<trkpt lat="52.51375" lon="6.50466">
				<ele>5.54</ele>
			</trkpt>
			<trkpt lat="52.51354" lon="6.50435">
				<ele>5.54</ele>
			</trkpt>
			<trkpt lat="52.51349" lon="6.50422">
				<ele>6.73</ele>
			</trkpt>
			<trkpt lat="52.51337" lon="6.50375">
				<ele>6.73</ele>
			</trkpt>
			<trkpt lat="52.51329" lon="6.50351">
				<ele>6.73</ele>
			</trkpt>
			<trkpt lat="52.51309" lon="6.50316">
				<ele>6.73</ele>
			</trkpt>
			<trkpt lat="52.51287" lon="6.50285">
				<ele>6.73</ele>
			</trkpt>
			<trkpt lat="52.51267" lon="6.50281">
				<ele>6.73</ele>
			</trkpt>
			<trkpt lat="52.5124" lon="6.50282">
				<ele>6.73</ele>
			</trkpt>
			<trkpt lat="52.51225" lon="6.50288">
				<ele>9.99</ele>
			</trkpt>
			<trkpt lat="52.51213" lon="6.50302">
				<ele>9.99</ele>
			</trkpt>
			<trkpt lat="52.5119" lon="6.50338">
				<ele>9.99</ele>
			</trkpt>
			<trkpt lat="52.51172" lon="6.50384">
				<ele>9.99</ele>
			</trkpt>
			<trkpt lat="52.51156" lon="6.50397">
				<ele>9.99</ele>
			</trkpt>
			<trkpt lat="52.51128" lon="6.50432">
				<ele>9.99</ele>
			</trkpt>
			<trkpt lat="52.51116" lon="6.5046">
				<ele>9.72</ele>
			</trkpt>
			<trkpt lat="52.51094" lon="6.50491">
				<ele>9.72</ele>
			</trkpt>
			<trkpt lat="52.51065" lon="6.50524">
				<ele>9.72</ele>
			</trkpt>
			<trkpt lat="52.51056" lon="6.50527">
				<ele>9.72</ele>
			</trkpt>
			<trkpt lat="52.5104" lon="6.50544">
				<ele>9.72</ele>
			</trkpt>
			<trkpt lat="52.51034" lon="6.50557">
				<ele>9.72</ele>
			</trkpt>
			<trkpt lat="52.51024" lon="6.50568">
				<ele>5.14</ele>
			</trkpt>
			<trkpt lat="52.51014" lon="6.50574">
				<ele>5.14</ele>
			</trkpt>
			<trkpt lat="52.50983" lon="6.50619">
				<ele>5.14</ele>
			</trkpt>
			<trkpt lat="52.50951" lon="6.50593">
				<ele>5.14</ele>
			</trkpt>
			<trkpt lat="52.50939" lon="6.5059">
				<ele>5.14</ele>
			</trkpt>
			<trkpt lat="52.5093" lon="6.50582">
				<ele>5.14</ele>
			</trkpt>
			<trkpt lat="52.50921" lon="6.50581">
				<ele>5.14</ele>
			</trkpt>
			<trkpt lat="52.5091" lon="6.50574">
				<ele>6</ele>
			</trkpt>
			<trkpt lat="52.50881" lon="6.50544">
				<ele>6</ele>
			</trkpt>
			<trkpt lat="52.50867" lon="6.50539">
				<ele>6</ele>
			</trkpt>
			<trkpt lat="52.50878" lon="6.50459">
				<ele>6</ele>
			</trkpt>
			<trkpt lat="52.50859" lon="6.50535">
				<ele>6</ele>
			</trkpt>
			<trkpt lat="52.50804" lon="6.5052">
				<ele>6</ele>
			</trkpt>
			<trkpt lat="52.50772" lon="6.50503">
				<ele>4</ele>
			</trkpt>
			<trkpt lat="52.50757" lon="6.50486">
				<ele>4</ele>
			</trkpt>
			<trkpt lat="52.50733" lon="6.50474">
				<ele>4</ele>
			</trkpt>
			<trkpt lat="52.50721" lon="6.50472">
				<ele>4</ele>
			</trkpt>
			<trkpt lat="52.50681" lon="6.50472">
				<ele>4</ele>
			</trkpt>
			<trkpt lat="52.50662" lon="6.50492">
				<ele>4</ele>
			</trkpt>
			<trkpt lat="52.50627" lon="6.5051">
				<ele>4</ele>
			</trkpt>
			<trkpt lat="52.5061" lon="6.50528">
				<ele>6.33</ele>
			</trkpt>
			<trkpt lat="52.50601" lon="6.50551">
				<ele>6.33</ele>
			</trkpt>
			<trkpt lat="52.50582" lon="6.50679">
				<ele>6.33</ele>
			</trkpt>
			<trkpt lat="52.50581" lon="6.5072">
				<ele>6.33</ele>
			</trkpt>
			<trkpt lat="52.50582" lon="6.50753">
				<ele>6.33</ele>
			</trkpt>
			<trkpt lat="52.50586" lon="6.5077">
				<ele>6.33</ele>
			</trkpt>
			<trkpt lat="52.50577" lon="6.50774">
				<ele>6.57</ele>
			</trkpt>
			<trkpt lat="52.50549" lon="6.5077">
				<ele>6.57</ele>
			</trkpt>
			<trkpt lat="52.50555" lon="6.50813">
				<ele>6.57</ele>
			</trkpt>
			<trkpt lat="52.5056" lon="6.50832">
				<ele>6.57</ele>
			</trkpt>
			<trkpt lat="52.5058" lon="6.5088">
				<ele>6.57</ele>
			</trkpt>
			<trkpt lat="52.5063" lon="6.5096">
				<ele>6.57</ele>
			</trkpt>
			<trkpt lat="52.50649" lon="6.50997">
				<ele>6.57</ele>
			</trkpt>
			<trkpt lat="52.50672" lon="6.51068">
				<ele>7.32</ele>
			</trkpt>
			<trkpt lat="52.50684" lon="6.51151">
				<ele>7.32</ele>
			</trkpt>
			<trkpt lat="52.50693" lon="6.51193">
				<ele>7.32</ele>
			</trkpt>
			<trkpt lat="52.50703" lon="6.51227">
				<ele>7.32</ele>
			</trkpt>
			<trkpt lat="52.50762" lon="6.51359">
				<ele>7.32</ele>
			</trkpt>
			<trkpt lat="52.50785" lon="6.51384">
				<ele>7.32</ele>
			</trkpt>
			<trkpt lat="52.50795" lon="6.51399">
				<ele>9.5</ele>
			</trkpt>
			<trkpt lat="52.50801" lon="6.51415">
				<ele>9.5</ele>
			</trkpt>
			<trkpt lat="52.50763" lon="6.51437">
				<ele>9.5</ele>
			</trkpt>
			<trkpt lat="52.50749" lon="6.51441">
				<ele>9.5</ele>
			</trkpt>
			<trkpt lat="52.50556" lon="6.51549">
				<ele>9.5</ele>
			</trkpt>
			<trkpt lat="52.50512" lon="6.51563">
				<ele>9.5</ele>
			</trkpt>
			<trkpt lat="52.50473" lon="6.51571">
				<ele>12</ele>
			</trkpt>
			<trkpt lat="52.50403" lon="6.51564">
				<ele>12</ele>
			</trkpt>
			<trkpt lat="52.50375" lon="6.51559">
				<ele>12</ele>
			</trkpt>
			<trkpt lat="52.50355" lon="6.51544">
				<ele>12</ele>
			</trkpt>
			<trkpt lat="52.5032" lon="6.51554">
				<ele>12</ele>
			</trkpt>
			<trkpt lat="52.49888" lon="6.51526">
				<ele>12</ele>
			</trkpt>
			<trkpt lat="52.49836" lon="6.51529">
				<ele>12</ele>
			</trkpt>
			<trkpt lat="52.49818" lon="6.51527">
				<ele>10.75</ele>
			</trkpt>
			<trkpt lat="52.49787" lon="6.51519">
				<ele>10.75</ele>
			</trkpt>
			<trkpt lat="52.49763" lon="6.51502">
				<ele>10.75</ele>
			</trkpt>
			<trkpt lat="52.49636" lon="6.51398">
				<ele>10.75</ele>
			</trkpt>
			<trkpt lat="52.49534" lon="6.5132">
				<ele>10.75</ele>
			</trkpt>
			<trkpt lat="52.4947" lon="6.51265">
				<ele>10.75</ele>
			</trkpt>
			<trkpt lat="52.4938" lon="6.51199">
				<ele>11.74</ele>
			</trkpt>
			<trkpt lat="52.49236" lon="6.51082">
				<ele>11.74</ele>
			</trkpt>
			<trkpt lat="52.49211" lon="6.50864">
				<ele>11.74</ele>
			</trkpt>
			<trkpt lat="52.492" lon="6.50795">
				<ele>11.74</ele>
			</trkpt>
			<trkpt lat="52.49209" lon="6.50776">
				<ele>11.74</ele>
			</trkpt>
			<trkpt lat="52.49201" lon="6.50733">
				<ele>11.74</ele>
			</trkpt>
			<trkpt lat="52.49194" lon="6.50682">
				<ele>11.74</ele>
			</trkpt>
			<trkpt lat="52.49194" lon="6.50666">
				<ele>11.96</ele>
			</trkpt>
			<trkpt lat="52.49188" lon="6.50645">
				<ele>11.96</ele>
			</trkpt>
			<trkpt lat="52.4918" lon="6.50546">
				<ele>11.96</ele>
			</trkpt>
			<trkpt lat="52.49167" lon="6.50428">
				<ele>11.96</ele>
			</trkpt>
			<trkpt lat="52.49051" lon="6.49434">
				<ele>11.96</ele>
			</trkpt>
			<trkpt lat="52.49046" lon="6.49404">
				<ele>11.96</ele>
			</trkpt>
			<trkpt lat="52.49035" lon="6.49391">
				<ele>11.63</ele>
			</trkpt>
			<trkpt lat="52.49011" lon="6.49176">
				<ele>11.63</ele>
			</trkpt>
			<trkpt lat="52.49011" lon="6.49135">
				<ele>11.63</ele>
			</trkpt>
			<trkpt lat="52.49026" lon="6.48969">
				<ele>11.63</ele>
			</trkpt>
			<trkpt lat="52.4903" lon="6.48821">
				<ele>11.63</ele>
			</trkpt>
			<trkpt lat="52.49034" lon="6.48787">
				<ele>11.63</ele>
			</trkpt>
			<trkpt lat="52.49035" lon="6.48762">
				<ele>12.7</ele>
			</trkpt>
			<trkpt lat="52.49039" lon="6.48738">
				<ele>12.7</ele>
			</trkpt>
			<trkpt lat="52.4904" lon="6.48642">
				<ele>12.7</ele>
			</trkpt>
			<trkpt lat="52.49049" lon="6.4858">
				<ele>12.7</ele>
			</trkpt>
			<trkpt lat="52.49046" lon="6.48534">
				<ele>12.7</ele>
			</trkpt>
			<trkpt lat="52.49039" lon="6.48522">
				<ele>12.7</ele>
			</trkpt>
			<trkpt lat="52.49024" lon="6.48538">
				<ele>12.7</ele>
			</trkpt>
			<trkpt lat="52.49016" lon="6.48529">
				<ele>18.98</ele>
			</trkpt>
			<trkpt lat="52.49011" lon="6.48482">
				<ele>18.98</ele>
			</trkpt>
			<trkpt lat="52.49024" lon="6.48455">
				<ele>18.98</ele>
			</trkpt>
			<trkpt lat="52.49023" lon="6.48419">
				<ele>18.98</ele>
			</trkpt>
			<trkpt lat="52.49003" lon="6.48301">
				<ele>18.98</ele>
			</trkpt>
			<trkpt lat="52.48998" lon="6.48323">
				<ele>18.98</ele>
			</trkpt>
			<trkpt lat="52.48981" lon="6.48373">
				<ele>15.02</ele>
			</trkpt>
			<trkpt lat="52.48969" lon="6.48388">
				<ele>15.02</ele>
			</trkpt>
			<trkpt lat="52.48954" lon="6.48392">
				<ele>15.02</ele>
			</trkpt>
			<trkpt lat="52.48942" lon="6.48399">
				<ele>15.02</ele>
			</trkpt>
			<trkpt lat="52.48931" lon="6.48413">
				<ele>15.02</ele>
			</trkpt>
			<trkpt lat="52.4891" lon="6.48454">
				<ele>15.02</ele>
			</trkpt>
			<trkpt lat="52.48887" lon="6.48512">
				<ele>15.02</ele>
			</trkpt>
			<trkpt lat="52.48866" lon="6.48591">
				<ele>11.16</ele>
			</trkpt>
			<trkpt lat="52.48853" lon="6.48626">
				<ele>11.16</ele>
			</trkpt>
			<trkpt lat="52.48842" lon="6.48641">
				<ele>11.16</ele>
			</trkpt>
			<trkpt lat="52.4882" lon="6.48664">
				<ele>11.16</ele>
			</trkpt>
			<trkpt lat="52.488" lon="6.48692">
				<ele>11.16</ele>
			</trkpt>
			<trkpt lat="52.48778" lon="6.48714">
				<ele>11.16</ele>
			</trkpt>
			<trkpt lat="52.48743" lon="6.48734">
				<ele>12.52</ele>
			</trkpt>
			<trkpt lat="52.4871" lon="6.48749">
				<ele>12.52</ele>
			</trkpt>
			<trkpt lat="52.48693" lon="6.48748">
				<ele>12.52</ele>
			</trkpt>
			<trkpt lat="52.48678" lon="6.48745">
				<ele>12.52</ele>
			</trkpt>
			<trkpt lat="52.48664" lon="6.48693">
				<ele>12.52</ele>
			</trkpt>
			<trkpt lat="52.48597" lon="6.48753">
				<ele>12.52</ele>
			</trkpt>
			<trkpt lat="52.48582" lon="6.48752">
				<ele>14.11</ele>
			</trkpt>
			<trkpt lat="52.48546" lon="6.48699">
				<ele>14.11</ele>
			</trkpt>
			<trkpt lat="52.48343" lon="6.48858">
				<ele>14.11</ele>
			</trkpt>
			<trkpt lat="52.48229" lon="6.4895">
				<ele>14.11</ele>
			</trkpt>
			<trkpt lat="52.48212" lon="6.48962">
				<ele>14.11</ele>
			</trkpt>
			<trkpt lat="52.48182" lon="6.48992">
				<ele>14.11</ele>
			</trkpt>
			<trkpt lat="52.48172" lon="6.48997">
				<ele>14.11</ele>
			</trkpt>
			<trkpt lat="52.48158" lon="6.48992">
				<ele>9.14</ele>
			</trkpt>
			<trkpt lat="52.48119" lon="6.4895">
				<ele>9.14</ele>
			</trkpt>
			<trkpt lat="52.48107" lon="6.48944">
				<ele>9.14</ele>
			</trkpt>
			<trkpt lat="52.48097" lon="6.48943">
				<ele>9.14</ele>
			</trkpt>
			<trkpt lat="52.48044" lon="6.48954">
				<ele>9.14</ele>
			</trkpt>
			<trkpt lat="52.48025" lon="6.48954">
				<ele>9.14</ele>
			</trkpt>
			<trkpt lat="52.47989" lon="6.48947">
				<ele>11.74</ele>
			</trkpt>
			<trkpt lat="52.4797" lon="6.48924">
				<ele>11.74</ele>
			</trkpt>
			<trkpt lat="52.47921" lon="6.4884">
				<ele>11.74</ele>
			</trkpt>
			<trkpt lat="52.47889" lon="6.48807">
				<ele>11.74</ele>
			</trkpt>
			<trkpt lat="52.47897" lon="6.48766">
				<ele>11.74</ele>
			</trkpt>
			<trkpt lat="52.47902" lon="6.48676">
				<ele>11.74</ele>
			</trkpt>
			<trkpt lat="52.47901" lon="6.48657">
				<ele>11.74</ele>
			</trkpt>
			<trkpt lat="52.47896" lon="6.48629">
				<ele>14.18</ele>
			</trkpt>
			<trkpt lat="52.47868" lon="6.48547">
				<ele>14.18</ele>
			</trkpt>
			<trkpt lat="52.47858" lon="6.48528">
				<ele>14.18</ele>
			</trkpt>
			<trkpt lat="52.47865" lon="6.48497">
				<ele>14.18</ele>
			</trkpt>
			<trkpt lat="52.47865" lon="6.48461">
				<ele>14.18</ele>
			</trkpt>
			<trkpt lat="52.47859" lon="6.48413">
				<ele>14.18</ele>
			</trkpt>
			<trkpt lat="52.47859" lon="6.48363">
				<ele>11.51</ele>
			</trkpt>
			<trkpt lat="52.47872" lon="6.48312">
				<ele>11.51</ele>
			</trkpt>
			<trkpt lat="52.47874" lon="6.48265">
				<ele>11.51</ele>
			</trkpt>
			<trkpt lat="52.47869" lon="6.48228">
				<ele>11.51</ele>
			</trkpt>
			<trkpt lat="52.47847" lon="6.48144">
				<ele>11.51</ele>
			</trkpt>
			<trkpt lat="52.47841" lon="6.48096">
				<ele>11.51</ele>
			</trkpt>
			<trkpt lat="52.47839" lon="6.48026">
				<ele>11.51</ele>
			</trkpt>
			<trkpt lat="52.47845" lon="6.47938">
				<ele>13.59</ele>
			</trkpt>
			<trkpt lat="52.4787" lon="6.47814">
				<ele>13.59</ele>
			</trkpt>
			<trkpt lat="52.47872" lon="6.47796">
				<ele>13.59</ele>
			</trkpt>
			<trkpt lat="52.47871" lon="6.47741">
				<ele>13.59</ele>
			</trkpt>
			<trkpt lat="52.4786" lon="6.47581">
				<ele>13.59</ele>
			</trkpt>
			<trkpt lat="52.47863" lon="6.47564">
				<ele>13.59</ele>
			</trkpt>
			<trkpt lat="52.47875" lon="6.47552">
				<ele>14.57</ele>
			</trkpt>
			<trkpt lat="52.47895" lon="6.47537">
				<ele>14.57</ele>
			</trkpt>
			<trkpt lat="52.47907" lon="6.47487">
				<ele>14.57</ele>
			</trkpt>
			<trkpt lat="52.47927" lon="6.47152">
				<ele>14.57</ele>
			</trkpt>
			<trkpt lat="52.47931" lon="6.47135">
				<ele>14.57</ele>
			</trkpt>
			<trkpt lat="52.48141" lon="6.46725">
				<ele>14.57</ele>
			</trkpt>
			<trkpt lat="52.48191" lon="6.46619">
				<ele>10.96</ele>
			</trkpt>
			<trkpt lat="52.48266" lon="6.46441">
				<ele>10.96</ele>
			</trkpt>
			<trkpt lat="52.48348" lon="6.46212">
				<ele>10.96</ele>
			</trkpt>
			<trkpt lat="52.48374" lon="6.46118">
				<ele>10.96</ele>
			</trkpt>
			<trkpt lat="52.48625" lon="6.44898">
				<ele>10.96</ele>
			</trkpt>
			<trkpt lat="52.48632" lon="6.44852">
				<ele>10.96</ele>
			</trkpt>
			<trkpt lat="52.48631" lon="6.44731">
				<ele>10.96</ele>
			</trkpt>
			<trkpt lat="52.4864" lon="6.44646">
				<ele>9.82</ele>
			</trkpt>
			<trkpt lat="52.48646" lon="6.44605">
				<ele>9.82</ele>
			</trkpt>
			<trkpt lat="52.48661" lon="6.44555">
				<ele>9.82</ele>
			</trkpt>
			<trkpt lat="52.48679" lon="6.44514">
				<ele>9.82</ele>
			</trkpt>
			<trkpt lat="52.48699" lon="6.4448">
				<ele>9.82</ele>
			</trkpt>
			<trkpt lat="52.48717" lon="6.44438">
				<ele>9.82</ele>
			</trkpt>
			<trkpt lat="52.48742" lon="6.44366">
				<ele>12.25</ele>
			</trkpt>
			<trkpt lat="52.48781" lon="6.44292">
				<ele>12.25</ele>
			</trkpt>
			<trkpt lat="52.48799" lon="6.44266">
				<ele>12.25</ele>
			</trkpt>
			<trkpt lat="52.48816" lon="6.44248">
				<ele>12.25</ele>
			</trkpt>
			<trkpt lat="52.48843" lon="6.44235">
				<ele>12.25</ele>
			</trkpt>
			<trkpt lat="52.48861" lon="6.4423">
				<ele>12.25</ele>
			</trkpt>
			<trkpt lat="52.48885" lon="6.44231">
				<ele>12.25</ele>
			</trkpt>
			<trkpt lat="52.48903" lon="6.44235">
				<ele>8.82</ele>
			</trkpt>
			<trkpt lat="52.48933" lon="6.44233">
				<ele>8.82</ele>
			</trkpt>
			<trkpt lat="52.4897" lon="6.44205">
				<ele>8.82</ele>
			</trkpt>
			<trkpt lat="52.4903" lon="6.44184">
				<ele>8.82</ele>
			</trkpt>
			<trkpt lat="52.49054" lon="6.44173">
				<ele>8.82</ele>
			</trkpt>
			<trkpt lat="52.49073" lon="6.44157">
				<ele>8.82</ele>
			</trkpt>
			<trkpt lat="52.49161" lon="6.43747">
				<ele>10.41</ele>
			</trkpt>
			<trkpt lat="52.49173" lon="6.43724">
				<ele>10.41</ele>
			</trkpt>
			<trkpt lat="52.49197" lon="6.43693">
				<ele>10.41</ele>
			</trkpt>
			<trkpt lat="52.49256" lon="6.43636">
				<ele>10.41</ele>
			</trkpt>
			<trkpt lat="52.49275" lon="6.43608">
				<ele>10.41</ele>
			</trkpt>
			<trkpt lat="52.49292" lon="6.43577">
				<ele>10.41</ele>
			</trkpt>
			<trkpt lat="52.49304" lon="6.43536">
				<ele>9.1</ele>
			</trkpt>
			<trkpt lat="52.49328" lon="6.43428">
				<ele>9.1</ele>
			</trkpt>
			<trkpt lat="52.49332" lon="6.43394">
				<ele>9.1</ele>
			</trkpt>
			<trkpt lat="52.49333" lon="6.43344">
				<ele>9.1</ele>
			</trkpt>
			<trkpt lat="52.49332" lon="6.43285">
				<ele>9.1</ele>
			</trkpt>
			<trkpt lat="52.49326" lon="6.43203">
				<ele>9.1</ele>
			</trkpt>
			<trkpt lat="52.49326" lon="6.43161">
				<ele>9.1</ele>
			</trkpt>
			<trkpt lat="52.49341" lon="6.43104">
				<ele>12</ele>
			</trkpt>
			<trkpt lat="52.494" lon="6.42983">
				<ele>12</ele>
			</trkpt>
			<trkpt lat="52.49212" lon="6.42815">
				<ele>12</ele>
			</trkpt>
			<trkpt lat="52.49168" lon="6.42756">
				<ele>12</ele>
			</trkpt>
			<trkpt lat="52.49156" lon="6.42732">
				<ele>12</ele>
			</trkpt>
			<trkpt lat="52.4914" lon="6.42695">
				<ele>12</ele>
			</trkpt>
			<trkpt lat="52.49113" lon="6.42622">
				<ele>12.7</ele>
			</trkpt>
			<trkpt lat="52.49079" lon="6.42545">
				<ele>12.7</ele>
			</trkpt>
			<trkpt lat="52.49079" lon="6.42523">
				<ele>12.7</ele>
			</trkpt>
			<trkpt lat="52.49074" lon="6.42495">
				<ele>12.7</ele>
			</trkpt>
			<trkpt lat="52.49058" lon="6.42428">
				<ele>12.7</ele>
			</trkpt>
			<trkpt lat="52.49055" lon="6.42385">
				<ele>12.7</ele>
			</trkpt>
			<trkpt lat="52.49099" lon="6.42381">
				<ele>12.7</ele>
			</trkpt>
			<trkpt lat="52.49135" lon="6.42373">
				<ele>18.23</ele>
			</trkpt>
			<trkpt lat="52.49143" lon="6.42367">
				<ele>18.23</ele>
			</trkpt>
			<trkpt lat="52.49229" lon="6.42343">
				<ele>18.23</ele>
			</trkpt>
			<trkpt lat="52.49283" lon="6.42325">
				<ele>18.23</ele>
			</trkpt>
			<trkpt lat="52.49267" lon="6.42236">
				<ele>18.23</ele>
			</trkpt>
			<trkpt lat="52.4927" lon="6.4221">
				<ele>18.23</ele>
			</trkpt>
			<trkpt lat="52.49279" lon="6.42179">
				<ele>14.44</ele>
			</trkpt>
			<trkpt lat="52.49286" lon="6.42167">
				<ele>14.44</ele>
			</trkpt>
			<trkpt lat="52.49343" lon="6.42102">
				<ele>14.44</ele>
			</trkpt>
			<trkpt lat="52.49406" lon="6.42056">
				<ele>14.44</ele>
			</trkpt>
			<trkpt lat="52.49457" lon="6.42017">
				<ele>14.44</ele>
			</trkpt>
			<trkpt lat="52.49498" lon="6.42004">
				<ele>14.44</ele>
			</trkpt>
			<trkpt lat="52.49529" lon="6.41986">
				<ele>16.36</ele>
			</trkpt>
			<trkpt lat="52.49547" lon="6.41979">
				<ele>16.36</ele>
			</trkpt>
			<trkpt lat="52.4958" lon="6.41977">
				<ele>16.36</ele>
			</trkpt>
			<trkpt lat="52.49618" lon="6.41978">
				<ele>16.36</ele>
			</trkpt>
			<trkpt lat="52.49745" lon="6.41993">
				<ele>16.36</ele>
			</trkpt>
			<trkpt lat="52.49782" lon="6.41987">
				<ele>16.36</ele>
			</trkpt>
			<trkpt lat="52.49803" lon="6.4198">
				<ele>16.36</ele>
			</trkpt>
			<trkpt lat="52.49969" lon="6.41905">
				<ele>10.64</ele>
			</trkpt>
			<trkpt lat="52.49988" lon="6.41884">
				<ele>10.64</ele>
			</trkpt>
			<trkpt lat="52.50001" lon="6.4186">
				<ele>10.64</ele>
			</trkpt>
			<trkpt lat="52.50035" lon="6.4175">
				<ele>10.64</ele>
			</trkpt>
			<trkpt lat="52.50043" lon="6.41727">
				<ele>10.64</ele>
			</trkpt>
			<trkpt lat="52.50054" lon="6.41714">
				<ele>10.64</ele>
			</trkpt>
			<trkpt lat="52.50065" lon="6.41708">
				<ele>11.43</ele>
			</trkpt>
			<trkpt lat="52.50086" lon="6.41703">
				<ele>11.43</ele>
			</trkpt>
			<trkpt lat="52.5013" lon="6.41665">
				<ele>11.43</ele>
			</trkpt>
			<trkpt lat="52.50156" lon="6.41633">
				<ele>11.43</ele>
			</trkpt>
			<trkpt lat="52.5018" lon="6.41599">
				<ele>11.43</ele>
			</trkpt>
			<trkpt lat="52.50202" lon="6.4156">
				<ele>11.43</ele>
			</trkpt>
			<trkpt lat="52.5024" lon="6.41512">
				<ele>11.43</ele>
			</trkpt>
			<trkpt lat="52.5033" lon="6.41454">
				<ele>14.02</ele>
			</trkpt>
			<trkpt lat="52.50365" lon="6.41427">
				<ele>14.02</ele>
			</trkpt>
			<trkpt lat="52.50426" lon="6.41188">
				<ele>14.02</ele>
			</trkpt>
			<trkpt lat="52.50436" lon="6.41158">
				<ele>14.02</ele>
			</trkpt>
			<trkpt lat="52.5045" lon="6.41098">
				<ele>14.02</ele>
			</trkpt>
			<trkpt lat="52.50454" lon="6.4099">
				<ele>14.02</ele>
			</trkpt>
			<trkpt lat="52.50459" lon="6.40912">
				<ele>19.88</ele>
			</trkpt>
			<trkpt lat="52.50464" lon="6.4089">
				<ele>19.88</ele>
			</trkpt>
			<trkpt lat="52.50474" lon="6.40883">
				<ele>19.88</ele>
			</trkpt>
			<trkpt lat="52.50503" lon="6.40879">
				<ele>19.88</ele>
			</trkpt>
			<trkpt lat="52.50535" lon="6.40879">
				<ele>19.88</ele>
			</trkpt>
			<trkpt lat="52.50579" lon="6.40885">
				<ele>19.88</ele>
			</trkpt>
			<trkpt lat="52.50644" lon="6.40873">
				<ele>16.93</ele>
			</trkpt>
			<trkpt lat="52.50653" lon="6.40866">
				<ele>16.93</ele>
			</trkpt>
			<trkpt lat="52.5066" lon="6.40855">
				<ele>16.93</ele>
			</trkpt>
			<trkpt lat="52.5071" lon="6.40759">
				<ele>16.93</ele>
			</trkpt>
			<trkpt lat="52.50704" lon="6.40671">
				<ele>16.93</ele>
			</trkpt>
			<trkpt lat="52.50704" lon="6.40623">
				<ele>16.93</ele>
			</trkpt>
			<trkpt lat="52.507" lon="6.40579">
				<ele>16.93</ele>
			</trkpt>
			<trkpt lat="52.5069" lon="6.40512">
				<ele>10.97</ele>
			</trkpt>
			<trkpt lat="52.50689" lon="6.40459">
				<ele>10.97</ele>
			</trkpt>
			<trkpt lat="52.5068" lon="6.4041">
				<ele>10.97</ele>
			</trkpt>
			<trkpt lat="52.50666" lon="6.4025">
				<ele>10.97</ele>
			</trkpt>
			<trkpt lat="52.50672" lon="6.4023">
				<ele>10.97</ele>
			</trkpt>
			<trkpt lat="52.50711" lon="6.40217">
				<ele>10.97</ele>
			</trkpt>
			<trkpt lat="52.5078" lon="6.40181">
				<ele>10.85</ele>
			</trkpt>
			<trkpt lat="52.50845" lon="6.40162">
				<ele>10.85</ele>
			</trkpt>
			<trkpt lat="52.50863" lon="6.40161">
				<ele>10.85</ele>
			</trkpt>
			<trkpt lat="52.50891" lon="6.40169">
				<ele>10.85</ele>
			</trkpt>
			<trkpt lat="52.50903" lon="6.40178">
				<ele>10.85</ele>
			</trkpt>
			<trkpt lat="52.50915" lon="6.40175">
				<ele>10.85</ele>
			</trkpt>
			<trkpt lat="52.50925" lon="6.4018">
				<ele>10.85</ele>
			</trkpt>
			<trkpt lat="52.50973" lon="6.4019">
				<ele>9.42</ele>
			</trkpt>
			<trkpt lat="52.51014" lon="6.40182">
				<ele>9.42</ele>
			</trkpt>
			<trkpt lat="52.51026" lon="6.40184">
				<ele>9.42</ele>
			</trkpt>
			<trkpt lat="52.51036" lon="6.40197">
				<ele>9.42</ele>
			</trkpt>
			<trkpt lat="52.51045" lon="6.40219">
				<ele>9.42</ele>
			</trkpt>
			<trkpt lat="52.51049" lon="6.40236">
				<ele>9.42</ele>
			</trkpt>
			<trkpt lat="52.51051" lon="6.4027">
				<ele>5.26</ele>
			</trkpt>
			<trkpt lat="52.51073" lon="6.40312">
				<ele>5.26</ele>
			</trkpt>
			<trkpt lat="52.51082" lon="6.40317">
				<ele>5.26</ele>
			</trkpt>
			<trkpt lat="52.51091" lon="6.40313">
				<ele>5.26</ele>
			</trkpt>
			<trkpt lat="52.51116" lon="6.40285">
				<ele>5.26</ele>
			</trkpt>
			<trkpt lat="52.51135" lon="6.40274">
				<ele>5.26</ele>
			</trkpt>
			<trkpt lat="52.51252" lon="6.40175">
				<ele>5.26</ele>
			</trkpt>
			<trkpt lat="52.51244" lon="6.40148">
				<ele>7.27</ele>
			</trkpt>
			<trkpt lat="52.51235" lon="6.4011">
				<ele>7.27</ele>
			</trkpt>
			<trkpt lat="52.51231" lon="6.40059">
				<ele>7.27</ele>
			</trkpt>
			<trkpt lat="52.51236" lon="6.40008">
				<ele>7.27</ele>
			</trkpt>
			<trkpt lat="52.51232" lon="6.39985">
				<ele>7.27</ele>
			</trkpt>
			<trkpt lat="52.51279" lon="6.39898">
				<ele>7.27</ele>
			</trkpt>
			<trkpt lat="52.51293" lon="6.39864">
				<ele>5.81</ele>
			</trkpt>
			<trkpt lat="52.513" lon="6.39834">
				<ele>5.81</ele>
			</trkpt>
			<trkpt lat="52.51281" lon="6.39758">
				<ele>5.81</ele>
			</trkpt>
			<trkpt lat="52.51262" lon="6.39634">
				<ele>5.81</ele>
			</trkpt>
			<trkpt lat="52.51261" lon="6.39611">
				<ele>5.81</ele>
			</trkpt>
			<trkpt lat="52.51264" lon="6.39597">
				<ele>5.81</ele>
			</trkpt>
			<trkpt lat="52.5125" lon="6.39537">
				<ele>13.55</ele>
			</trkpt>
			<trkpt lat="52.51149" lon="6.39217">
				<ele>13.55</ele>
			</trkpt>
			<trkpt lat="52.51134" lon="6.3916">
				<ele>13.55</ele>
			</trkpt>
			<trkpt lat="52.51113" lon="6.39096">
				<ele>13.55</ele>
			</trkpt>
			<trkpt lat="52.51081" lon="6.39019">
				<ele>13.55</ele>
			</trkpt>
			<trkpt lat="52.51071" lon="6.39001">
				<ele>13.55</ele>
			</trkpt>
			<trkpt lat="52.51048" lon="6.3897">
				<ele>13.55</ele>
			</trkpt>
			<trkpt lat="52.51021" lon="6.38944">
				<ele>14.61</ele>
			</trkpt>
			<trkpt lat="52.50995" lon="6.38929">
				<ele>14.61</ele>
			</trkpt>
			<trkpt lat="52.50965" lon="6.38919">
				<ele>14.61</ele>
			</trkpt>
			<trkpt lat="52.50899" lon="6.38904">
				<ele>14.61</ele>
			</trkpt>
			<trkpt lat="52.50875" lon="6.38887">
				<ele>14.61</ele>
			</trkpt>
			<trkpt lat="52.5086" lon="6.38866">
				<ele>14.61</ele>
			</trkpt>
			<trkpt lat="52.50851" lon="6.38842">
				<ele>11.88</ele>
			</trkpt>
			<trkpt lat="52.50844" lon="6.38808">
				<ele>11.88</ele>
			</trkpt>
			<trkpt lat="52.50843" lon="6.3878">
				<ele>11.88</ele>
			</trkpt>
			<trkpt lat="52.5085" lon="6.38732">
				<ele>11.88</ele>
			</trkpt>
			<trkpt lat="52.50881" lon="6.3863">
				<ele>11.88</ele>
			</trkpt>
			<trkpt lat="52.50894" lon="6.38602">
				<ele>11.88</ele>
			</trkpt>
			<trkpt lat="52.50905" lon="6.38584">
				<ele>11.88</ele>
			</trkpt>
			<trkpt lat="52.50929" lon="6.3856">
				<ele>12.32</ele>
			</trkpt>
			<trkpt lat="52.50979" lon="6.38524">
				<ele>12.32</ele>
			</trkpt>
			<trkpt lat="52.51002" lon="6.385">
				<ele>12.32</ele>
			</trkpt>
			<trkpt lat="52.51015" lon="6.38478">
				<ele>12.32</ele>
			</trkpt>
			<trkpt lat="52.51035" lon="6.38428">
				<ele>12.32</ele>
			</trkpt>
			<trkpt lat="52.51042" lon="6.38401">
				<ele>12.32</ele>
			</trkpt>
			<trkpt lat="52.51047" lon="6.38352">
				<ele>7.66</ele>
			</trkpt>
			<trkpt lat="52.51068" lon="6.38012">
				<ele>7.66</ele>
			</trkpt>
			<trkpt lat="52.51022" lon="6.37962">
				<ele>7.66</ele>
			</trkpt>
			<trkpt lat="52.51015" lon="6.37944">
				<ele>7.66</ele>
			</trkpt>
			<trkpt lat="52.50965" lon="6.37932">
				<ele>7.66</ele>
			</trkpt>
			<trkpt lat="52.50947" lon="6.37575">
				<ele>7.66</ele>
			</trkpt>
			<trkpt lat="52.50928" lon="6.37573">
				<ele>7.53</ele>
			</trkpt>
			<trkpt lat="52.50918" lon="6.37565">
				<ele>7.53</ele>
			</trkpt>
			<trkpt lat="52.50865" lon="6.37547">
				<ele>7.53</ele>
			</trkpt>
			<trkpt lat="52.50758" lon="6.37523">
				<ele>7.53</ele>
			</trkpt>
			<trkpt lat="52.50747" lon="6.37516">
				<ele>7.53</ele>
			</trkpt>
			<trkpt lat="52.5074" lon="6.37502">
				<ele>7.53</ele>
			</trkpt>
			<trkpt lat="52.50732" lon="6.37466">
				<ele>7.53</ele>
			</trkpt>
			<trkpt lat="52.50727" lon="6.3745">
				<ele>9.3</ele>
			</trkpt>
			<trkpt lat="52.50718" lon="6.3744">
				<ele>9.3</ele>
			</trkpt>
			<trkpt lat="52.50669" lon="6.37399">
				<ele>9.3</ele>
			</trkpt>
			<trkpt lat="52.50646" lon="6.37388">
				<ele>9.3</ele>
			</trkpt>
			<trkpt lat="52.50623" lon="6.3738">
				<ele>9.3</ele>
			</trkpt>
			<trkpt lat="52.50598" lon="6.3739">
				<ele>9.3</ele>
			</trkpt>
			<trkpt lat="52.50592" lon="6.37366">
				<ele>6.03</ele>
			</trkpt>
			<trkpt lat="52.50599" lon="6.37123">
				<ele>6.03</ele>
			</trkpt>
			<trkpt lat="52.50609" lon="6.37029">
				<ele>6.03</ele>
			</trkpt>
			<trkpt lat="52.50623" lon="6.36977">
				<ele>6.03</ele>
			</trkpt>
			<trkpt lat="52.50684" lon="6.36797">
				<ele>6.03</ele>
			</trkpt>
			<trkpt lat="52.50664" lon="6.36761">
				<ele>6.03</ele>
			</trkpt>
			<trkpt lat="52.50728" lon="6.35954">
				<ele>6.03</ele>
			</trkpt>
			<trkpt lat="52.50749" lon="6.35683">
				<ele>6.64</ele>
			</trkpt>
			<trkpt lat="52.50835" lon="6.35561">
				<ele>6.64</ele>
			</trkpt>
			<trkpt lat="52.50992" lon="6.35357">
				<ele>6.64</ele>
			</trkpt>
			<trkpt lat="52.51005" lon="6.35338">
				<ele>6.64</ele>
			</trkpt>
			<trkpt lat="52.51118" lon="6.35108">
				<ele>6.64</ele>
			</trkpt>
			<trkpt lat="52.51129" lon="6.35112">
				<ele>6.64</ele>
			</trkpt>
			<trkpt lat="52.51111" lon="6.3504">
				<ele>9.29</ele>
			</trkpt>
			<trkpt lat="52.51124" lon="6.34931">
				<ele>9.29</ele>
			</trkpt>
			<trkpt lat="52.51238" lon="6.34687">
				<ele>9.29</ele>
			</trkpt>
			<trkpt lat="52.51243" lon="6.34671">
				<ele>9.29</ele>
			</trkpt>
			<trkpt lat="52.51242" lon="6.34652">
				<ele>9.29</ele>
			</trkpt>
			<trkpt lat="52.51213" lon="6.34528">
				<ele>9.29</ele>
			</trkpt>
			<trkpt lat="52.51212" lon="6.34508">
				<ele>9.55</ele>
			</trkpt>
			<trkpt lat="52.51217" lon="6.34475">
				<ele>9.55</ele>
			</trkpt>
			<trkpt lat="52.51229" lon="6.34439">
				<ele>9.55</ele>
			</trkpt>
			<trkpt lat="52.51246" lon="6.34409">
				<ele>9.55</ele>
			</trkpt>
			<trkpt lat="52.51258" lon="6.34395">
				<ele>9.55</ele>
			</trkpt>
			<trkpt lat="52.51285" lon="6.3437">
				<ele>9.55</ele>
			</trkpt>
			<trkpt lat="52.51335" lon="6.34292">
				<ele>9.55</ele>
			</trkpt>
			<trkpt lat="52.51349" lon="6.3426">
				<ele>10.75</ele>
			</trkpt>
			<trkpt lat="52.51363" lon="6.34221">
				<ele>10.75</ele>
			</trkpt>
			<trkpt lat="52.51386" lon="6.34143">
				<ele>10.75</ele>
			</trkpt>
			<trkpt lat="52.51398" lon="6.34116">
				<ele>10.75</ele>
			</trkpt>
			<trkpt lat="52.51435" lon="6.34082">
				<ele>10.75</ele>
			</trkpt>
			<trkpt lat="52.51619" lon="6.33957">
				<ele>10.75</ele>
			</trkpt>
			<trkpt lat="52.51633" lon="6.33954">
				<ele>10.72</ele>
			</trkpt>
			<trkpt lat="52.5172" lon="6.33962">
				<ele>10.72</ele>
			</trkpt>
			<trkpt lat="52.51805" lon="6.33962">
				<ele>10.72</ele>
			</trkpt>
			<trkpt lat="52.51839" lon="6.33947">
				<ele>10.72</ele>
			</trkpt>
			<trkpt lat="52.51868" lon="6.33923">
				<ele>10.72</ele>
			</trkpt>
			<trkpt lat="52.51879" lon="6.33911">
				<ele>10.72</ele>
			</trkpt>
			<trkpt lat="52.51922" lon="6.33847">
				<ele>10.72</ele>
			</trkpt>
			<trkpt lat="52.51949" lon="6.338">
				<ele>11.9</ele>
			</trkpt>
			<trkpt lat="52.51956" lon="6.33774">
				<ele>11.9</ele>
			</trkpt>
			<trkpt lat="52.51952" lon="6.33724">
				<ele>11.9</ele>
			</trkpt>
			<trkpt lat="52.51947" lon="6.33685">
				<ele>11.9</ele>
			</trkpt>
			<trkpt lat="52.51944" lon="6.33639">
				<ele>11.9</ele>
			</trkpt>
			<trkpt lat="52.51924" lon="6.33589">
				<ele>11.9</ele>
			</trkpt>
			<trkpt lat="52.51902" lon="6.33553">
				<ele>11.53</ele>
			</trkpt>
			<trkpt lat="52.51864" lon="6.33511">
				<ele>11.53</ele>
			</trkpt>
			<trkpt lat="52.51852" lon="6.33487">
				<ele>11.53</ele>
			</trkpt>
			<trkpt lat="52.5184" lon="6.33453">
				<ele>11.53</ele>
			</trkpt>
			<trkpt lat="52.51838" lon="6.33432">
				<ele>11.53</ele>
			</trkpt>
			<trkpt lat="52.5184" lon="6.33393">
				<ele>11.53</ele>
			</trkpt>
			<trkpt lat="52.51831" lon="6.33302">
				<ele>11.53</ele>
			</trkpt>
			<trkpt lat="52.51798" lon="6.33207">
				<ele>7.35</ele>
			</trkpt>
			<trkpt lat="52.51787" lon="6.33161">
				<ele>7.35</ele>
			</trkpt>
			<trkpt lat="52.51784" lon="6.33143">
				<ele>7.35</ele>
			</trkpt>
			<trkpt lat="52.51785" lon="6.33106">
				<ele>7.35</ele>
			</trkpt>
			<trkpt lat="52.51779" lon="6.3307">
				<ele>7.35</ele>
			</trkpt>
			<trkpt lat="52.51807" lon="6.33058">
				<ele>7.35</ele>
			</trkpt>
			<trkpt lat="52.51809" lon="6.33038">
				<ele>3.88</ele>
			</trkpt>
			<trkpt lat="52.5179" lon="6.32949">
				<ele>3.88</ele>
			</trkpt>
			<trkpt lat="52.51784" lon="6.32885">
				<ele>3.88</ele>
			</trkpt>
			<trkpt lat="52.51786" lon="6.32846">
				<ele>3.88</ele>
			</trkpt>
			<trkpt lat="52.51798" lon="6.3281">
				<ele>3.88</ele>
			</trkpt>
			<trkpt lat="52.51815" lon="6.32795">
				<ele>3.88</ele>
			</trkpt>
			<trkpt lat="52.51855" lon="6.32784">
				<ele>2</ele>
			</trkpt>
			<trkpt lat="52.51865" lon="6.32777">
				<ele>2</ele>
			</trkpt>
			<trkpt lat="52.51891" lon="6.32746">
				<ele>2</ele>
			</trkpt>
			<trkpt lat="52.51895" lon="6.32729">
				<ele>2</ele>
			</trkpt>
			<trkpt lat="52.51898" lon="6.3268">
				<ele>2</ele>
			</trkpt>
			<trkpt lat="52.51897" lon="6.32572">
				<ele>2</ele>
			</trkpt>
			<trkpt lat="52.51789" lon="6.32564">
				<ele>2</ele>
			</trkpt>
			<trkpt lat="52.51784" lon="6.32443">
				<ele>2</ele>
			</trkpt>
			<trkpt lat="52.51702" lon="6.32437">
				<ele>2</ele>
			</trkpt>
			<trkpt lat="52.51663" lon="6.32351">
				<ele>2</ele>
			</trkpt>
			<trkpt lat="52.51648" lon="6.32345">
				<ele>2</ele>
			</trkpt>
			<trkpt lat="52.51525" lon="6.32339">
				<ele>2</ele>
			</trkpt>
			<trkpt lat="52.51496" lon="6.32334">
				<ele>2</ele>
			</trkpt>
			<trkpt lat="52.51446" lon="6.32242">
				<ele>2.77</ele>
			</trkpt>
			<trkpt lat="52.51382" lon="6.31988">
				<ele>2.77</ele>
			</trkpt>
			<trkpt lat="52.51357" lon="6.31898">
				<ele>2.77</ele>
			</trkpt>
			<trkpt lat="52.51349" lon="6.31876">
				<ele>2.77</ele>
			</trkpt>
			<trkpt lat="52.51303" lon="6.31794">
				<ele>2.77</ele>
			</trkpt>
			<trkpt lat="52.51277" lon="6.31739">
				<ele>2.77</ele>
			</trkpt>
			<trkpt lat="52.51252" lon="6.3167">
				<ele>2.77</ele>
			</trkpt>
			<trkpt lat="52.51274" lon="6.31435">
				<ele>8.25</ele>
			</trkpt>
			<trkpt lat="52.51284" lon="6.31259">
				<ele>8.25</ele>
			</trkpt>
			<trkpt lat="52.51357" lon="6.3141">
				<ele>8.25</ele>
			</trkpt>
			<trkpt lat="52.51369" lon="6.31423">
				<ele>8.25</ele>
			</trkpt>
			<trkpt lat="52.51441" lon="6.31458">
				<ele>8.25</ele>
			</trkpt>
			<trkpt lat="52.51489" lon="6.31241">
				<ele>8.25</ele>
			</trkpt>
			<trkpt lat="52.51494" lon="6.31202">
				<ele>10.3</ele>
			</trkpt>
			<trkpt lat="52.51498" lon="6.3095">
				<ele>10.3</ele>
			</trkpt>
			<trkpt lat="52.51496" lon="6.30798">
				<ele>10.3</ele>
			</trkpt>
			<trkpt lat="52.5139" lon="6.30456">
				<ele>10.3</ele>
			</trkpt>
			<trkpt lat="52.5138" lon="6.30432">
				<ele>10.3</ele>
			</trkpt>
			<trkpt lat="52.51384" lon="6.30405">
				<ele>10.3</ele>
			</trkpt>
			<trkpt lat="52.51319" lon="6.30323">
				<ele>7.76</ele>
			</trkpt>
			<trkpt lat="52.51303" lon="6.30329">
				<ele>7.76</ele>
			</trkpt>
			<trkpt lat="52.51274" lon="6.30357">
				<ele>7.76</ele>
			</trkpt>
			<trkpt lat="52.51267" lon="6.30368">
				<ele>7.76</ele>
			</trkpt>
			<trkpt lat="52.51246" lon="6.30424">
				<ele>7.76</ele>
			</trkpt>
			<trkpt lat="52.51221" lon="6.3051">
				<ele>7.76</ele>
			</trkpt>
			<trkpt lat="52.51208" lon="6.30515">
				<ele>7.76</ele>
			</trkpt>
			<trkpt lat="52.51153" lon="6.30513">
				<ele>7.73</ele>
			</trkpt>
			<trkpt lat="52.51087" lon="6.30521">
				<ele>7.73</ele>
			</trkpt>
			<trkpt lat="52.5108" lon="6.30487">
				<ele>7.73</ele>
			</trkpt>
			<trkpt lat="52.51059" lon="6.30411">
				<ele>7.73</ele>
			</trkpt>
			<trkpt lat="52.51047" lon="6.30307">
				<ele>7.73</ele>
			</trkpt>
			<trkpt lat="52.51041" lon="6.30288">
				<ele>7.73</ele>
			</trkpt>
			<trkpt lat="52.51025" lon="6.30272">
				<ele>5.9</ele>
			</trkpt>
			<trkpt lat="52.50994" lon="6.30264">
				<ele>5.9</ele>
			</trkpt>
			<trkpt lat="52.50973" lon="6.30238">
				<ele>5.9</ele>
			</trkpt>
			<trkpt lat="52.50962" lon="6.30226">
				<ele>5.9</ele>
			</trkpt>
			<trkpt lat="52.50938" lon="6.30208">
				<ele>5.9</ele>
			</trkpt>
			<trkpt lat="52.50792" lon="6.30052">
				<ele>5.9</ele>
			</trkpt>
			<trkpt lat="52.50779" lon="6.30042">
				<ele>5.9</ele>
			</trkpt>
			<trkpt lat="52.50763" lon="6.30035">
				<ele>4</ele>
			</trkpt>
			<trkpt lat="52.50755" lon="6.30019">
				<ele>4</ele>
			</trkpt>
			<trkpt lat="52.50743" lon="6.29867">
				<ele>4</ele>
			</trkpt>
			<trkpt lat="52.50738" lon="6.29737">
				<ele>4</ele>
			</trkpt>
			<trkpt lat="52.50777" lon="6.29496">
				<ele>4</ele>
			</trkpt>
			<trkpt lat="52.50772" lon="6.29477">
				<ele>4</ele>
			</trkpt>
			<trkpt lat="52.50755" lon="6.29484">
				<ele>2</ele>
			</trkpt>
			<trkpt lat="52.50745" lon="6.29485">
				<ele>2</ele>
			</trkpt>
			<trkpt lat="52.50715" lon="6.29475">
				<ele>2</ele>
			</trkpt>
			<trkpt lat="52.50659" lon="6.29463">
				<ele>2</ele>
			</trkpt>
			<trkpt lat="52.50647" lon="6.29463">
				<ele>2</ele>
			</trkpt>
			<trkpt lat="52.50568" lon="6.29488">
				<ele>2</ele>
			</trkpt>
			<trkpt lat="52.50377" lon="6.29587">
				<ele>6.29</ele>
			</trkpt>
			<trkpt lat="52.50372" lon="6.29574">
				<ele>6.29</ele>
			</trkpt>
			<trkpt lat="52.50411" lon="6.2926">
				<ele>6.29</ele>
			</trkpt>
			<trkpt lat="52.5045" lon="6.29241">
				<ele>6.29</ele>
			</trkpt>
			<trkpt lat="52.50443" lon="6.29218">
				<ele>6.29</ele>
			</trkpt>
			<trkpt lat="52.50315" lon="6.28398">
				<ele>6.29</ele>
			</trkpt>
			<trkpt lat="52.50208" lon="6.28061">
				<ele>6.29</ele>
			</trkpt>
			<trkpt lat="52.50201" lon="6.28044">
				<ele>1.2</ele>
			</trkpt>
			<trkpt lat="52.50184" lon="6.28027">
				<ele>1.2</ele>
			</trkpt>
			<trkpt lat="52.50174" lon="6.28022">
				<ele>1.2</ele>
			</trkpt>
			<trkpt lat="52.49827" lon="6.27928">
				<ele>1.2</ele>
			</trkpt>
			<trkpt lat="52.49816" lon="6.27927">
				<ele>1.2</ele>
			</trkpt>
			<trkpt lat="52.49804" lon="6.2793">
				<ele>1.2</ele>
			</trkpt>
			<trkpt lat="52.49748" lon="6.28006">
				<ele>1</ele>
			</trkpt>
			<trkpt lat="52.49647" lon="6.28122">
				<ele>1</ele>
			</trkpt>
			<trkpt lat="52.49639" lon="6.28129">
				<ele>1</ele>
			</trkpt>
			<trkpt lat="52.4963" lon="6.28052">
				<ele>1</ele>
			</trkpt>
			<trkpt lat="52.49622" lon="6.2801">
				<ele>1</ele>
			</trkpt>
			<trkpt lat="52.49549" lon="6.27784">
				<ele>1</ele>
			</trkpt>
			<trkpt lat="52.4954" lon="6.27733">
				<ele>1</ele>
			</trkpt>
			<trkpt lat="52.49538" lon="6.2768">
				<ele>1</ele>
			</trkpt>
			<trkpt lat="52.49541" lon="6.27557">
				<ele>1</ele>
			</trkpt>
			<trkpt lat="52.49545" lon="6.2753">
				<ele>1</ele>
			</trkpt>
			<trkpt lat="52.49724" lon="6.27093">
				<ele>1</ele>
			</trkpt>
			<trkpt lat="52.49755" lon="6.27023">
				<ele>1</ele>
			</trkpt>
			<trkpt lat="52.4993" lon="6.26396">
				<ele>1</ele>
			</trkpt>
			<trkpt lat="52.49941" lon="6.26352">
				<ele>1.66</ele>
			</trkpt>
			<trkpt lat="52.49984" lon="6.26199">
				<ele>1.66</ele>
			</trkpt>
			<trkpt lat="52.49992" lon="6.26159">
				<ele>1.66</ele>
			</trkpt>
			<trkpt lat="52.49997" lon="6.26113">
				<ele>1.66</ele>
			</trkpt>
			<trkpt lat="52.50004" lon="6.25971">
				<ele>1.66</ele>
			</trkpt>
			<trkpt lat="52.50016" lon="6.25958">
				<ele>1.66</ele>
			</trkpt>
			<trkpt lat="52.50016" lon="6.25916">
				<ele>1.01</ele>
			</trkpt>
			<trkpt lat="52.5" lon="6.25895">
				<ele>1.01</ele>
			</trkpt>
			<trkpt lat="52.49979" lon="6.25896">
				<ele>1.01</ele>
			</trkpt>
			<trkpt lat="52.49974" lon="6.25915">
				<ele>1.01</ele>
			</trkpt>
			<trkpt lat="52.49966" lon="6.25925">
				<ele>1.01</ele>
			</trkpt>
			<trkpt lat="52.49952" lon="6.25934">
				<ele>1.01</ele>
			</trkpt>
			<trkpt lat="52.4994" lon="6.25938">
				<ele>1.01</ele>
			</trkpt>
			<trkpt lat="52.49877" lon="6.25936">
				<ele>6.19</ele>
			</trkpt>
			<trkpt lat="52.49862" lon="6.25931">
				<ele>6.19</ele>
			</trkpt>
			<trkpt lat="52.49821" lon="6.2608">
				<ele>6.19</ele>
			</trkpt>
			<trkpt lat="52.49818" lon="6.26102">
				<ele>6.19</ele>
			</trkpt>
			<trkpt lat="52.49802" lon="6.26108">
				<ele>6.19</ele>
			</trkpt>
			<trkpt lat="52.49783" lon="6.261">
				<ele>6.19</ele>
			</trkpt>
			<trkpt lat="52.49768" lon="6.26126">
				<ele>7.69</ele>
			</trkpt>
			<trkpt lat="52.4975" lon="6.26154">
				<ele>7.69</ele>
			</trkpt>
			<trkpt lat="52.49709" lon="6.26199">
				<ele>7.69</ele>
			</trkpt>
			<trkpt lat="52.49692" lon="6.26199">
				<ele>7.69</ele>
			</trkpt>
			<trkpt lat="52.49675" lon="6.26179">
				<ele>7.69</ele>
			</trkpt>
			<trkpt lat="52.49652" lon="6.26135">
				<ele>7.69</ele>
			</trkpt>
			<trkpt lat="52.49648" lon="6.26107">
				<ele>7.69</ele>
			</trkpt>
			<trkpt lat="52.49644" lon="6.26092">
				<ele>5.06</ele>
			</trkpt>
			<trkpt lat="52.49617" lon="6.26046">
				<ele>5.06</ele>
			</trkpt>
			<trkpt lat="52.49545" lon="6.25869">
				<ele>5.06</ele>
			</trkpt>
			<trkpt lat="52.49526" lon="6.25899">
				<ele>5.06</ele>
			</trkpt>
			<trkpt lat="52.49514" lon="6.25915">
				<ele>5.06</ele>
			</trkpt>
			<trkpt lat="52.49421" lon="6.25991">
				<ele>5.06</ele>
			</trkpt>
			<trkpt lat="52.49328" lon="6.26043">
				<ele>3.71</ele>
			</trkpt>
			<trkpt lat="52.4931" lon="6.25982">
				<ele>3.71</ele>
			</trkpt>
			<trkpt lat="52.49286" lon="6.25909">
				<ele>3.71</ele>
			</trkpt>
			<trkpt lat="52.49272" lon="6.25841">
				<ele>3.71</ele>
			</trkpt>
			<trkpt lat="52.49266" lon="6.25798">
				<ele>3.71</ele>
			</trkpt>
			<trkpt lat="52.4926" lon="6.2578">
				<ele>3.71</ele>
			</trkpt>
			<trkpt lat="52.49245" lon="6.25755">
				<ele>3.71</ele>
			</trkpt>
			<trkpt lat="52.49219" lon="6.2558">
				<ele>2.82</ele>
			</trkpt>
			<trkpt lat="52.49214" lon="6.25525">
				<ele>2.82</ele>
			</trkpt>
			<trkpt lat="52.49217" lon="6.25431">
				<ele>2.82</ele>
			</trkpt>
			<trkpt lat="52.49211" lon="6.25369">
				<ele>2.82</ele>
			</trkpt>
			<trkpt lat="52.49183" lon="6.253">
				<ele>2.82</ele>
			</trkpt>
			<trkpt lat="52.49172" lon="6.25278">
				<ele>2.82</ele>
			</trkpt>
			<trkpt lat="52.49185" lon="6.25245">
				<ele>4.53</ele>
			</trkpt>
			<trkpt lat="52.49189" lon="6.25229">
				<ele>4.53</ele>
			</trkpt>
			<trkpt lat="52.49193" lon="6.25199">
				<ele>4.53</ele>
			</trkpt>
			<trkpt lat="52.49193" lon="6.25174">
				<ele>4.53</ele>
			</trkpt>
			<trkpt lat="52.49191" lon="6.25159">
				<ele>4.53</ele>
			</trkpt>
			<trkpt lat="52.49163" lon="6.25075">
				<ele>4.53</ele>
			</trkpt>
			<trkpt lat="52.49115" lon="6.24945">
				<ele>8.02</ele>
			</trkpt>
			<trkpt lat="52.49106" lon="6.24909">
				<ele>8.02</ele>
			</trkpt>
			<trkpt lat="52.4908" lon="6.24767">
				<ele>8.02</ele>
			</trkpt>
			<trkpt lat="52.49038" lon="6.24504">
				<ele>8.02</ele>
			</trkpt>
			<trkpt lat="52.49006" lon="6.24459">
				<ele>8.02</ele>
			</trkpt>
			<trkpt lat="52.48989" lon="6.24426">
				<ele>8.02</ele>
			</trkpt>
			<trkpt lat="52.48978" lon="6.24377">
				<ele>8.02</ele>
			</trkpt>
			<trkpt lat="52.48976" lon="6.2433">
				<ele>8.72</ele>
			</trkpt>
			<trkpt lat="52.48969" lon="6.24288">
				<ele>8.72</ele>
			</trkpt>
			<trkpt lat="52.48959" lon="6.24268">
				<ele>8.72</ele>
			</trkpt>
			<trkpt lat="52.48925" lon="6.24219">
				<ele>8.72</ele>
			</trkpt>
			<trkpt lat="52.48918" lon="6.24199">
				<ele>8.72</ele>
			</trkpt>
			<trkpt lat="52.48915" lon="6.2418">
				<ele>8.72</ele>
			</trkpt>
			<trkpt lat="52.489" lon="6.24016">
				<ele>5.69</ele>
			</trkpt>
			<trkpt lat="52.48887" lon="6.23954">
				<ele>5.69</ele>
			</trkpt>
			<trkpt lat="52.48877" lon="6.23928">
				<ele>5.69</ele>
			</trkpt>
			<trkpt lat="52.4882" lon="6.23832">
				<ele>5.69</ele>
			</trkpt>
			<trkpt lat="52.48806" lon="6.23799">
				<ele>5.69</ele>
			</trkpt>
			<trkpt lat="52.48736" lon="6.23491">
				<ele>5.69</ele>
			</trkpt>
			<trkpt lat="52.48695" lon="6.23382">
				<ele>5.69</ele>
			</trkpt>
			<trkpt lat="52.48671" lon="6.23337">
				<ele>5</ele>
			</trkpt>
			<trkpt lat="52.4866" lon="6.23297">
				<ele>5</ele>
			</trkpt>
			<trkpt lat="52.4864" lon="6.23213">
				<ele>5</ele>
			</trkpt>
			<trkpt lat="52.48595" lon="6.2307">
				<ele>5</ele>
			</trkpt>
			<trkpt lat="52.48586" lon="6.23028">
				<ele>5</ele>
			</trkpt>
			<trkpt lat="52.48588" lon="6.22927">
				<ele>5</ele>
			</trkpt>
			<trkpt lat="52.48578" lon="6.229">
				<ele>2.08</ele>
			</trkpt>
			<trkpt lat="52.48573" lon="6.22878">
				<ele>2.08</ele>
			</trkpt>
			<trkpt lat="52.48591" lon="6.22875">
				<ele>2.08</ele>
			</trkpt>
			<trkpt lat="52.48601" lon="6.22869">
				<ele>2.08</ele>
			</trkpt>
			<trkpt lat="52.48622" lon="6.22844">
				<ele>2.08</ele>
			</trkpt>
			<trkpt lat="52.48631" lon="6.22822">
				<ele>2.08</ele>
			</trkpt>
			<trkpt lat="52.48612" lon="6.22723">
				<ele>3.17</ele>
			</trkpt>
			<trkpt lat="52.48584" lon="6.22597">
				<ele>3.17</ele>
			</trkpt>
			<trkpt lat="52.48577" lon="6.22547">
				<ele>3.17</ele>
			</trkpt>
			<trkpt lat="52.48571" lon="6.22458">
				<ele>3.17</ele>
			</trkpt>
			<trkpt lat="52.48572" lon="6.2239">
				<ele>3.17</ele>
			</trkpt>
			<trkpt lat="52.48574" lon="6.22353">
				<ele>3.17</ele>
			</trkpt>
			<trkpt lat="52.48579" lon="6.22316">
				<ele>3.17</ele>
			</trkpt>
			<trkpt lat="52.48604" lon="6.22183">
				<ele>9.26</ele>
			</trkpt>
			<trkpt lat="52.4861" lon="6.22127">
				<ele>9.26</ele>
			</trkpt>
			<trkpt lat="52.48609" lon="6.22078">
				<ele>9.26</ele>
			</trkpt>
			<trkpt lat="52.48683" lon="6.22055">
				<ele>9.26</ele>
			</trkpt>
			<trkpt lat="52.48738" lon="6.22044">
				<ele>9.26</ele>
			</trkpt>
			<trkpt lat="52.48748" lon="6.22047">
				<ele>9.26</ele>
			</trkpt>
			<trkpt lat="52.48739" lon="6.22169">
				<ele>5.7</ele>
			</trkpt>
			<trkpt lat="52.4874" lon="6.22185">
				<ele>5.7</ele>
			</trkpt>
			<trkpt lat="52.48749" lon="6.22192">
				<ele>5.7</ele>
			</trkpt>
			<trkpt lat="52.48782" lon="6.22188">
				<ele>5.7</ele>
			</trkpt>
			<trkpt lat="52.48916" lon="6.22132">
				<ele>5.7</ele>
			</trkpt>
			<trkpt lat="52.48931" lon="6.22129">
				<ele>5.7</ele>
			</trkpt>
			<trkpt lat="52.48941" lon="6.22105">
				<ele>5.7</ele>
			</trkpt>
			<trkpt lat="52.48941" lon="6.22078">
				<ele>5</ele>
			</trkpt>
			<trkpt lat="52.48943" lon="6.22052">
				<ele>5</ele>
			</trkpt>
			<trkpt lat="52.48997" lon="6.21944">
				<ele>5</ele>
			</trkpt>
			<trkpt lat="52.49" lon="6.21924">
				<ele>5</ele>
			</trkpt>
			<trkpt lat="52.49059" lon="6.21807">
				<ele>5</ele>
			</trkpt>
			<trkpt lat="52.49052" lon="6.21712">
				<ele>5</ele>
			</trkpt>
			<trkpt lat="52.49053" lon="6.21692">
				<ele>3.14</ele>
			</trkpt>
			<trkpt lat="52.49063" lon="6.21648">
				<ele>3.14</ele>
			</trkpt>
			<trkpt lat="52.49076" lon="6.21615">
				<ele>3.14</ele>
			</trkpt>
			<trkpt lat="52.49089" lon="6.21468">
				<ele>3.14</ele>
			</trkpt>
			<trkpt lat="52.49087" lon="6.21443">
				<ele>3.14</ele>
			</trkpt>
			<trkpt lat="52.49068" lon="6.21368">
				<ele>3.14</ele>
			</trkpt>
			<trkpt lat="52.49069" lon="6.21338">
				<ele>3.67</ele>
			</trkpt>
			<trkpt lat="52.49076" lon="6.2129">
				<ele>3.67</ele>
			</trkpt>
			<trkpt lat="52.49076" lon="6.21267">
				<ele>3.67</ele>
			</trkpt>
			<trkpt lat="52.4907" lon="6.21247">
				<ele>3.67</ele>
			</trkpt>
			<trkpt lat="52.4905" lon="6.21223">
				<ele>3.67</ele>
			</trkpt>
			<trkpt lat="52.49029" lon="6.21161">
				<ele>3.67</ele>
			</trkpt>
			<trkpt lat="52.49017" lon="6.21136">
				<ele>3.67</ele>
			</trkpt>
			<trkpt lat="52.49001" lon="6.21117">
				<ele>7.51</ele>
			</trkpt>
			<trkpt lat="52.4898" lon="6.21099">
				<ele>7.51</ele>
			</trkpt>
			<trkpt lat="52.48932" lon="6.2107">
				<ele>7.51</ele>
			</trkpt>
			<trkpt lat="52.48905" lon="6.21069">
				<ele>7.51</ele>
			</trkpt>
			<trkpt lat="52.48836" lon="6.21055">
				<ele>7.51</ele>
			</trkpt>
			<trkpt lat="52.48787" lon="6.21042">
				<ele>7.51</ele>
			</trkpt>
			<trkpt lat="52.48776" lon="6.21031">
				<ele>1.05</ele>
			</trkpt>
			<trkpt lat="52.48716" lon="6.20868">
				<ele>1.05</ele>
			</trkpt>
			<trkpt lat="52.48702" lon="6.20837">
				<ele>1.05</ele>
			</trkpt>
			<trkpt lat="52.48654" lon="6.20748">
				<ele>1.05</ele>
			</trkpt>
			<trkpt lat="52.48649" lon="6.20716">
				<ele>1.05</ele>
			</trkpt>
			<trkpt lat="52.48649" lon="6.20537">
				<ele>1.05</ele>
			</trkpt>
			<trkpt lat="52.48646" lon="6.20483">
				<ele>1.05</ele>
			</trkpt>
			<trkpt lat="52.48631" lon="6.20365">
				<ele>0.92</ele>
			</trkpt>
			<trkpt lat="52.48631" lon="6.20345">
				<ele>0.92</ele>
			</trkpt>
			<trkpt lat="52.48637" lon="6.20318">
				<ele>0.92</ele>
			</trkpt>
			<trkpt lat="52.48656" lon="6.20263">
				<ele>0.92</ele>
			</trkpt>
			<trkpt lat="52.48657" lon="6.20247">
				<ele>0.92</ele>
			</trkpt>
			<trkpt lat="52.48639" lon="6.20133">
				<ele>0.92</ele>
			</trkpt>
			<trkpt lat="52.48624" lon="6.20055">
				<ele>3.93</ele>
			</trkpt>
			<trkpt lat="52.48612" lon="6.20005">
				<ele>3.93</ele>
			</trkpt>
			<trkpt lat="52.48604" lon="6.19985">
				<ele>3.93</ele>
			</trkpt>
			<trkpt lat="52.48536" lon="6.19939">
				<ele>3.93</ele>
			</trkpt>
			<trkpt lat="52.48507" lon="6.19916">
				<ele>3.93</ele>
			</trkpt>
			<trkpt lat="52.48482" lon="6.19887">
				<ele>3.93</ele>
			</trkpt>
			<trkpt lat="52.48494" lon="6.19878">
				<ele>3.93</ele>
			</trkpt>
			<trkpt lat="52.48514" lon="6.19856">
				<ele>2.75</ele>
			</trkpt>
			<trkpt lat="52.48527" lon="6.19832">
				<ele>2.75</ele>
			</trkpt>
			<trkpt lat="52.48538" lon="6.19801">
				<ele>2.75</ele>
			</trkpt>
			<trkpt lat="52.48568" lon="6.19625">
				<ele>2.75</ele>
			</trkpt>
			<trkpt lat="52.48574" lon="6.19576">
				<ele>2.75</ele>
			</trkpt>
			<trkpt lat="52.48573" lon="6.19449">
				<ele>2.75</ele>
			</trkpt>
			<trkpt lat="52.48576" lon="6.1943">
				<ele>3.13</ele>
			</trkpt>
			<trkpt lat="52.48582" lon="6.19412">
				<ele>3.13</ele>
			</trkpt>
			<trkpt lat="52.48591" lon="6.19394">
				<ele>3.13</ele>
			</trkpt>
			<trkpt lat="52.48622" lon="6.19353">
				<ele>3.13</ele>
			</trkpt>
			<trkpt lat="52.48634" lon="6.19324">
				<ele>3.13</ele>
			</trkpt>
			<trkpt lat="52.48641" lon="6.19301">
				<ele>3.13</ele>
			</trkpt>
			<trkpt lat="52.48658" lon="6.1923">
				<ele>3.39</ele>
			</trkpt>
			<trkpt lat="52.48663" lon="6.19186">
				<ele>3.39</ele>
			</trkpt>
			<trkpt lat="52.48663" lon="6.19164">
				<ele>3.39</ele>
			</trkpt>
			<trkpt lat="52.48647" lon="6.18959">
				<ele>3.39</ele>
			</trkpt>
			<trkpt lat="52.4864" lon="6.18907">
				<ele>3.39</ele>
			</trkpt>
			<trkpt lat="52.48616" lon="6.18781">
				<ele>3.39</ele>
			</trkpt>
			<trkpt lat="52.48572" lon="6.18433">
				<ele>3.39</ele>
			</trkpt>
			<trkpt lat="52.48573" lon="6.18411">
				<ele>2.87</ele>
			</trkpt>
			<trkpt lat="52.48577" lon="6.18393">
				<ele>2.87</ele>
			</trkpt>
			<trkpt lat="52.4857" lon="6.18382">
				<ele>2.87</ele>
			</trkpt>
			<trkpt lat="52.48566" lon="6.18356">
				<ele>2.87</ele>
			</trkpt>
			<trkpt lat="52.48566" lon="6.18301">
				<ele>2.87</ele>
			</trkpt>
			<trkpt lat="52.48573" lon="6.18113">
				<ele>2.87</ele>
			</trkpt>
			<trkpt lat="52.48569" lon="6.18096">
				<ele>2.92</ele>
			</trkpt>
			<trkpt lat="52.48556" lon="6.18079">
				<ele>2.92</ele>
			</trkpt>
			<trkpt lat="52.48591" lon="6.17979">
				<ele>2.92</ele>
			</trkpt>
			<trkpt lat="52.486" lon="6.17936">
				<ele>2.92</ele>
			</trkpt>
			<trkpt lat="52.48655" lon="6.17517">
				<ele>2.92</ele>
			</trkpt>
			<trkpt lat="52.48668" lon="6.17403">
				<ele>2.92</ele>
			</trkpt>
			<trkpt lat="52.48674" lon="6.1726">
				<ele>2.92</ele>
			</trkpt>
			<trkpt lat="52.48687" lon="6.17164">
				<ele>5.2</ele>
			</trkpt>
			<trkpt lat="52.48695" lon="6.17151">
				<ele>5.2</ele>
			</trkpt>
			<trkpt lat="52.48719" lon="6.17149">
				<ele>5.2</ele>
			</trkpt>
			<trkpt lat="52.48731" lon="6.17154">
				<ele>5.2</ele>
			</trkpt>
			<trkpt lat="52.48742" lon="6.17165">
				<ele>5.2</ele>
			</trkpt>
			<trkpt lat="52.48768" lon="6.17127">
				<ele>5.2</ele>
			</trkpt>
			<trkpt lat="52.4881" lon="6.17009">
				<ele>2.93</ele>
			</trkpt>
			<trkpt lat="52.4883" lon="6.16952">
				<ele>2.93</ele>
			</trkpt>
			<trkpt lat="52.48853" lon="6.16916">
				<ele>2.93</ele>
			</trkpt>
			<trkpt lat="52.48892" lon="6.16797">
				<ele>2.93</ele>
			</trkpt>
			<trkpt lat="52.48915" lon="6.16743">
				<ele>2.93</ele>
			</trkpt>
			<trkpt lat="52.48931" lon="6.1671">
				<ele>2.93</ele>
			</trkpt>
			<trkpt lat="52.48949" lon="6.16685">
				<ele>3.53</ele>
			</trkpt>
			<trkpt lat="52.48992" lon="6.16635">
				<ele>3.53</ele>
			</trkpt>
			<trkpt lat="52.49002" lon="6.16611">
				<ele>3.53</ele>
			</trkpt>
			<trkpt lat="52.49091" lon="6.1649">
				<ele>3.53</ele>
			</trkpt>
			<trkpt lat="52.49106" lon="6.16467">
				<ele>3.53</ele>
			</trkpt>
			<trkpt lat="52.49166" lon="6.16355">
				<ele>3.53</ele>
			</trkpt>
			<trkpt lat="52.49182" lon="6.1633">
				<ele>3.53</ele>
			</trkpt>
			<trkpt lat="52.49197" lon="6.16321">
				<ele>0.99</ele>
			</trkpt>
			<trkpt lat="52.49215" lon="6.16287">
				<ele>0.99</ele>
			</trkpt>
			<trkpt lat="52.49192" lon="6.1618">
				<ele>0.99</ele>
			</trkpt>
			<trkpt lat="52.49224" lon="6.16169">
				<ele>0.99</ele>
			</trkpt>
			<trkpt lat="52.49251" lon="6.16156">
				<ele>0.99</ele>
			</trkpt>
			<trkpt lat="52.4917" lon="6.15472">
				<ele>0.99</ele>
			</trkpt>
			<trkpt lat="52.4916" lon="6.15435">
				<ele>1.64</ele>
			</trkpt>
			<trkpt lat="52.49252" lon="6.15391">
				<ele>1.64</ele>
			</trkpt>
			<trkpt lat="52.4926" lon="6.15375">
				<ele>1.64</ele>
			</trkpt>
			<trkpt lat="52.49334" lon="6.15297">
				<ele>1.64</ele>
			</trkpt>
			<trkpt lat="52.49377" lon="6.15227">
				<ele>1.64</ele>
			</trkpt>
			<trkpt lat="52.49394" lon="6.15225">
				<ele>1.64</ele>
			</trkpt>
			<trkpt lat="52.49435" lon="6.15175">
				<ele>1.64</ele>
			</trkpt>
			<trkpt lat="52.49418" lon="6.15082">
				<ele>2.7</ele>
			</trkpt>
			<trkpt lat="52.49399" lon="6.15034">
				<ele>2.7</ele>
			</trkpt>
			<trkpt lat="52.49394" lon="6.15017">
				<ele>2.7</ele>
			</trkpt>
			<trkpt lat="52.49399" lon="6.14979">
				<ele>2.7</ele>
			</trkpt>
			<trkpt lat="52.49407" lon="6.14955">
				<ele>2.7</ele>
			</trkpt>
			<trkpt lat="52.49455" lon="6.14851">
				<ele>2.7</ele>
			</trkpt>
			<trkpt lat="52.4949" lon="6.14785">
				<ele>2.34</ele>
			</trkpt>
			<trkpt lat="52.49507" lon="6.14764">
				<ele>2.34</ele>
			</trkpt>
			<trkpt lat="52.49527" lon="6.14751">
				<ele>2.34</ele>
			</trkpt>
			<trkpt lat="52.49549" lon="6.14747">
				<ele>2.34</ele>
			</trkpt>
			<trkpt lat="52.4961" lon="6.14746">
				<ele>2.34</ele>
			</trkpt>
			<trkpt lat="52.49639" lon="6.14749">
				<ele>2.34</ele>
			</trkpt>
			<trkpt lat="52.49653" lon="6.14701">
				<ele>1.54</ele>
			</trkpt>
			<trkpt lat="52.49656" lon="6.14665">
				<ele>1.54</ele>
			</trkpt>
			<trkpt lat="52.49655" lon="6.1462">
				<ele>1.54</ele>
			</trkpt>
			<trkpt lat="52.49639" lon="6.14526">
				<ele>1.54</ele>
			</trkpt>
			<trkpt lat="52.49636" lon="6.14485">
				<ele>1.54</ele>
			</trkpt>
			<trkpt lat="52.49645" lon="6.14455">
				<ele>1.54</ele>
			</trkpt>
			<trkpt lat="52.49718" lon="6.14319">
				<ele>1.54</ele>
			</trkpt>
			<trkpt lat="52.49726" lon="6.14299">
				<ele>1.03</ele>
			</trkpt>
			<trkpt lat="52.4973" lon="6.14285">
				<ele>1.03</ele>
			</trkpt>
			<trkpt lat="52.49851" lon="6.14071">
				<ele>1.03</ele>
			</trkpt>
			<trkpt lat="52.49863" lon="6.14058">
				<ele>1.03</ele>
			</trkpt>
			<trkpt lat="52.49887" lon="6.14012">
				<ele>1.03</ele>
			</trkpt>
			<trkpt lat="52.49898" lon="6.14023">
				<ele>1.03</ele>
			</trkpt>
			<trkpt lat="52.49915" lon="6.13994">
				<ele>0.54</ele>
			</trkpt>
			<trkpt lat="52.49933" lon="6.13969">
				<ele>0.54</ele>
			</trkpt>
			<trkpt lat="52.49969" lon="6.13995">
				<ele>0.54</ele>
			</trkpt>
			<trkpt lat="52.50019" lon="6.13897">
				<ele>0.54</ele>
			</trkpt>
			<trkpt lat="52.50013" lon="6.13849">
				<ele>0.54</ele>
			</trkpt>
			<trkpt lat="52.50015" lon="6.13821">
				<ele>0.54</ele>
			</trkpt>
			<trkpt lat="52.50054" lon="6.13736">
				<ele>0.54</ele>
			</trkpt>
			<trkpt lat="52.50051" lon="6.13721">
				<ele>1.76</ele>
			</trkpt>
			<trkpt lat="52.50124" lon="6.13587">
				<ele>1.76</ele>
			</trkpt>
			<trkpt lat="52.50144" lon="6.13611">
				<ele>1.76</ele>
			</trkpt>
			<trkpt lat="52.50307" lon="6.13869">
				<ele>1.76</ele>
			</trkpt>
			<trkpt lat="52.50321" lon="6.13875">
				<ele>1.76</ele>
			</trkpt>
			<trkpt lat="52.50344" lon="6.13876">
				<ele>1.76</ele>
			</trkpt>
			<trkpt lat="52.50363" lon="6.13871">
				<ele>1.86</ele>
			</trkpt>
			<trkpt lat="52.50376" lon="6.13853">
				<ele>1.86</ele>
			</trkpt>
			<trkpt lat="52.50391" lon="6.1382">
				<ele>1.86</ele>
			</trkpt>
			<trkpt lat="52.50397" lon="6.13789">
				<ele>1.86</ele>
			</trkpt>
			<trkpt lat="52.50452" lon="6.13821">
				<ele>1.86</ele>
			</trkpt>
			<trkpt lat="52.50453" lon="6.13836">
				<ele>1.86</ele>
			</trkpt>
			<trkpt lat="52.50404" lon="6.14003">
				<ele>3.16</ele>
			</trkpt>
			<trkpt lat="52.50404" lon="6.14026">
				<ele>3.16</ele>
			</trkpt>
			<trkpt lat="52.5045" lon="6.14064">
				<ele>3.16</ele>
			</trkpt>
			<trkpt lat="52.50463" lon="6.14053">
				<ele>3.16</ele>
			</trkpt>
			<trkpt lat="52.50478" lon="6.14004">
				<ele>3.16</ele>
			</trkpt>
			<trkpt lat="52.50489" lon="6.13983">
				<ele>3.16</ele>
			</trkpt>
			<trkpt lat="52.50508" lon="6.13956">
				<ele>3.16</ele>
			</trkpt>
			<trkpt lat="52.50531" lon="6.13937">
				<ele>1.92</ele>
			</trkpt>
			<trkpt lat="52.50541" lon="6.13939">
				<ele>1.92</ele>
			</trkpt>
			<trkpt lat="52.50614" lon="6.14054">
				<ele>1.92</ele>
			</trkpt>
			<trkpt lat="52.50656" lon="6.14152">
				<ele>1.92</ele>
			</trkpt>
			<trkpt lat="52.50663" lon="6.14163">
				<ele>1.92</ele>
			</trkpt>
			<trkpt lat="52.50672" lon="6.14169">
				<ele>1.92</ele>
			</trkpt>
			<trkpt lat="52.50683" lon="6.14165">
				<ele>1.9</ele>
			</trkpt>
			<trkpt lat="52.50697" lon="6.14164">
				<ele>1.9</ele>
			</trkpt>
			<trkpt lat="52.50709" lon="6.14176">
				<ele>1.9</ele>
			</trkpt>
			<trkpt lat="52.50755" lon="6.14317">
				<ele>1.9</ele>
			</trkpt>
			<trkpt lat="52.50786" lon="6.14442">
				<ele>1.9</ele>
			</trkpt>
			<trkpt lat="52.50811" lon="6.14442">
				<ele>1.9</ele>
			</trkpt>
			<trkpt lat="52.50817" lon="6.14409">
				<ele>1.9</ele>
			</trkpt>
			<trkpt lat="52.50847" lon="6.14363">
				<ele>1.74</ele>
			</trkpt>
			<trkpt lat="52.50858" lon="6.14368">
				<ele>1.74</ele>
			</trkpt>
			<trkpt lat="52.50877" lon="6.14366">
				<ele>1.74</ele>
			</trkpt>
			<trkpt lat="52.50907" lon="6.1435">
				<ele>1.74</ele>
			</trkpt>
			<trkpt lat="52.50979" lon="6.14305">
				<ele>1.74</ele>
			</trkpt>
			<trkpt lat="52.50995" lon="6.14289">
				<ele>1.74</ele>
			</trkpt>
			<trkpt lat="52.51019" lon="6.14232">
				<ele>1.47</ele>
			</trkpt>
			<trkpt lat="52.51028" lon="6.14217">
				<ele>1.47</ele>
			</trkpt>
			<trkpt lat="52.51048" lon="6.14197">
				<ele>1.47</ele>
			</trkpt>
			<trkpt lat="52.51237" lon="6.14085">
				<ele>1.47</ele>
			</trkpt>
			<trkpt lat="52.51058" lon="6.13842">
				<ele>1.47</ele>
			</trkpt>
			<trkpt lat="52.51085" lon="6.13794">
				<ele>1.47</ele>
			</trkpt>
			<trkpt lat="52.51113" lon="6.13733">
				<ele>1.47</ele>
			</trkpt>
			<trkpt lat="52.51151" lon="6.13623">
				<ele>1.44</ele>
			</trkpt>
			<trkpt lat="52.51185" lon="6.13556">
				<ele>1.44</ele>
			</trkpt>
			<trkpt lat="52.5119" lon="6.1354">
				<ele>1.44</ele>
			</trkpt>
			<trkpt lat="52.51204" lon="6.13455">
				<ele>1.44</ele>
			</trkpt>
			<trkpt lat="52.51241" lon="6.13283">
				<ele>1.44</ele>
			</trkpt>
			<trkpt lat="52.51246" lon="6.13249">
				<ele>1.44</ele>
			</trkpt>
			<trkpt lat="52.51265" lon="6.13159">
				<ele>2.5</ele>
			</trkpt>
			<trkpt lat="52.51313" lon="6.13149">
				<ele>2.5</ele>
			</trkpt>
			<trkpt lat="52.51378" lon="6.12882">
				<ele>2.5</ele>
			</trkpt>
			<trkpt lat="52.51397" lon="6.12875">
				<ele>2.5</ele>
			</trkpt>
			<trkpt lat="52.51459" lon="6.12847">
				<ele>2.5</ele>
			</trkpt>
			<trkpt lat="52.51477" lon="6.12843">
				<ele>2.5</ele>
			</trkpt>
			<trkpt lat="52.51506" lon="6.12847">
				<ele>5.03</ele>
			</trkpt>
			<trkpt lat="52.51525" lon="6.12854">
				<ele>5.03</ele>
			</trkpt>
			<trkpt lat="52.51541" lon="6.12856">
				<ele>5.03</ele>
			</trkpt>
			<trkpt lat="52.51572" lon="6.12838">
				<ele>5.03</ele>
			</trkpt>
			<trkpt lat="52.51593" lon="6.12827">
				<ele>5.03</ele>
			</trkpt>
			<trkpt lat="52.51656" lon="6.12819">
				<ele>5.03</ele>
			</trkpt>
			<trkpt lat="52.51672" lon="6.12814">
				<ele>5.03</ele>
			</trkpt>
			<trkpt lat="52.51724" lon="6.12783">
				<ele>2.73</ele>
			</trkpt>
			<trkpt lat="52.51741" lon="6.12776">
				<ele>2.73</ele>
			</trkpt>
			<trkpt lat="52.51788" lon="6.12745">
				<ele>2.73</ele>
			</trkpt>
			<trkpt lat="52.5184" lon="6.12692">
				<ele>2.73</ele>
			</trkpt>
			<trkpt lat="52.51852" lon="6.12684">
				<ele>2.73</ele>
			</trkpt>
			<trkpt lat="52.51905" lon="6.12662">
				<ele>2.73</ele>
			</trkpt>
			<trkpt lat="52.51916" lon="6.1266">
				<ele>4.19</ele>
			</trkpt>
			<trkpt lat="52.51939" lon="6.12661">
				<ele>4.19</ele>
			</trkpt>
			<trkpt lat="52.51957" lon="6.12666">
				<ele>4.19</ele>
			</trkpt>
			<trkpt lat="52.51982" lon="6.1268">
				<ele>4.19</ele>
			</trkpt>
			<trkpt lat="52.52008" lon="6.12662">
				<ele>4.19</ele>
			</trkpt>
			<trkpt lat="52.52025" lon="6.12656">
				<ele>4.19</ele>
			</trkpt>
			<trkpt lat="52.5204" lon="6.12629">
				<ele>4.19</ele>
			</trkpt>
			<trkpt lat="52.52115" lon="6.12567">
				<ele>3.16</ele>
			</trkpt>
			<trkpt lat="52.52577" lon="6.12418">
				<ele>3.16</ele>
			</trkpt>
			<trkpt lat="52.52607" lon="6.12414">
				<ele>3.16</ele>
			</trkpt>
			<trkpt lat="52.52637" lon="6.12405">
				<ele>3.16</ele>
			</trkpt>
			<trkpt lat="52.52662" lon="6.12386">
				<ele>3.16</ele>
			</trkpt>
			<trkpt lat="52.52697" lon="6.12374">
				<ele>3.16</ele>
			</trkpt>
			<trkpt lat="52.5272" lon="6.12357">
				<ele>3.18</ele>
			</trkpt>
			<trkpt lat="52.52814" lon="6.12351">
				<ele>3.18</ele>
			</trkpt>
			<trkpt lat="52.52845" lon="6.12345">
				<ele>3.18</ele>
			</trkpt>
			<trkpt lat="52.52881" lon="6.12334">
				<ele>3.18</ele>
			</trkpt>
			<trkpt lat="52.53003" lon="6.12276">
				<ele>3.18</ele>
			</trkpt>
			<trkpt lat="52.52992" lon="6.12171">
				<ele>3.18</ele>
			</trkpt>
			<trkpt lat="52.52995" lon="6.12129">
				<ele>3.64</ele>
			</trkpt>
			<trkpt lat="52.53023" lon="6.12034">
				<ele>3.64</ele>
			</trkpt>
			<trkpt lat="52.53033" lon="6.12018">
				<ele>3.64</ele>
			</trkpt>
			<trkpt lat="52.53016" lon="6.11976">
				<ele>3.64</ele>
			</trkpt>
			<trkpt lat="52.5301" lon="6.11949">
				<ele>3.64</ele>
			</trkpt>
			<trkpt lat="52.5299" lon="6.11788">
				<ele>3.64</ele>
			</trkpt>
			<trkpt lat="52.52989" lon="6.11761">
				<ele>3.64</ele>
			</trkpt>
			<trkpt lat="52.52992" lon="6.11736">
				<ele>2.99</ele>
			</trkpt>
			<trkpt lat="52.53077" lon="6.11447">
				<ele>2.99</ele>
			</trkpt>
			<trkpt lat="52.53082" lon="6.11382">
				<ele>2.99</ele>
			</trkpt>
			<trkpt lat="52.5309" lon="6.11349">
				<ele>2.99</ele>
			</trkpt>
			<trkpt lat="52.53085" lon="6.11299">
				<ele>2.99</ele>
			</trkpt>
			<trkpt lat="52.53088" lon="6.11238">
				<ele>2.99</ele>
			</trkpt>
			<trkpt lat="52.53088" lon="6.11204">
				<ele>3.1</ele>
			</trkpt>
			<trkpt lat="52.53093" lon="6.11125">
				<ele>3.1</ele>
			</trkpt>
			<trkpt lat="52.53144" lon="6.11082">
				<ele>3.1</ele>
			</trkpt>
			<trkpt lat="52.53139" lon="6.11063">
				<ele>3.1</ele>
			</trkpt>
			<trkpt lat="52.5312" lon="6.10937">
				<ele>3.1</ele>
			</trkpt>
			<trkpt lat="52.53123" lon="6.10838">
				<ele>3.1</ele>
			</trkpt>
			<trkpt lat="52.53121" lon="6.1074">
				<ele>3.1</ele>
			</trkpt>
			<trkpt lat="52.53081" lon="6.10401">
				<ele>2.6</ele>
			</trkpt>
			<trkpt lat="52.53068" lon="6.10253">
				<ele>2.6</ele>
			</trkpt>
			<trkpt lat="52.53057" lon="6.10131">
				<ele>2.6</ele>
			</trkpt>
			<trkpt lat="52.53055" lon="6.10081">
				<ele>2.6</ele>
			</trkpt>
			<trkpt lat="52.53062" lon="6.10056">
				<ele>2.6</ele>
			</trkpt>
			<trkpt lat="52.53054" lon="6.10033">
				<ele>2.6</ele>
			</trkpt>
			<trkpt lat="52.53052" lon="6.09955">
				<ele>3.77</ele>
			</trkpt>
			<trkpt lat="52.5305" lon="6.0992">
				<ele>3.77</ele>
			</trkpt>
			<trkpt lat="52.52998" lon="6.09636">
				<ele>3.77</ele>
			</trkpt>
			<trkpt lat="52.52926" lon="6.09667">
				<ele>3.77</ele>
			</trkpt>
			<trkpt lat="52.52857" lon="6.09707">
				<ele>3.77</ele>
			</trkpt>
			<trkpt lat="52.52791" lon="6.09431">
				<ele>3.77</ele>
			</trkpt>
			<trkpt lat="52.52764" lon="6.09387">
				<ele>1.05</ele>
			</trkpt>
			<trkpt lat="52.52756" lon="6.0936">
				<ele>1.05</ele>
			</trkpt>
			<trkpt lat="52.5275" lon="6.09224">
				<ele>1.05</ele>
			</trkpt>
			<trkpt lat="52.5274" lon="6.09172">
				<ele>1.05</ele>
			</trkpt>
			<trkpt lat="52.52742" lon="6.09146">
				<ele>1.05</ele>
			</trkpt>
			<trkpt lat="52.52747" lon="6.09123">
				<ele>1.05</ele>
			</trkpt>
			<trkpt lat="52.52736" lon="6.08977">
				<ele>1.05</ele>
			</trkpt>
			<trkpt lat="52.52722" lon="6.08806">
				<ele>1.03</ele>
			</trkpt>
			<trkpt lat="52.52687" lon="6.08473">
				<ele>1.03</ele>
			</trkpt>
			<trkpt lat="52.52657" lon="6.08327">
				<ele>1.03</ele>
			</trkpt>
			<trkpt lat="52.52618" lon="6.0823">
				<ele>1.03</ele>
			</trkpt>
			<trkpt lat="52.52634" lon="6.08112">
				<ele>1.03</ele>
			</trkpt>
			<trkpt lat="52.52641" lon="6.07436">
				<ele>1.03</ele>
			</trkpt>
			<trkpt lat="52.52649" lon="6.07399">
				<ele>2.77</ele>
			</trkpt>
			<trkpt lat="52.52656" lon="6.07388">
				<ele>2.77</ele>
			</trkpt>
			<trkpt lat="52.52692" lon="6.07357">
				<ele>2.77</ele>
			</trkpt>
			<trkpt lat="52.52701" lon="6.07347">
				<ele>2.77</ele>
			</trkpt>
			<trkpt lat="52.5271" lon="6.07322">
				<ele>2.77</ele>
			</trkpt>
			<trkpt lat="52.52712" lon="6.07298">
				<ele>2.77</ele>
			</trkpt>
			<trkpt lat="52.52666" lon="6.06841">
				<ele>2.77</ele>
			</trkpt>
			<trkpt lat="52.52666" lon="6.0679">
				<ele>2.44</ele>
			</trkpt>
			<trkpt lat="52.52658" lon="6.06763">
				<ele>2.44</ele>
			</trkpt>
			<trkpt lat="52.52651" lon="6.06691">
				<ele>2.44</ele>
			</trkpt>
			<trkpt lat="52.52704" lon="6.0661">
				<ele>2.44</ele>
			</trkpt>
			<trkpt lat="52.53077" lon="6.06011">
				<ele>2.44</ele>
			</trkpt>
			<trkpt lat="52.53214" lon="6.05534">
				<ele>2.44</ele>
			</trkpt>
			<trkpt lat="52.53219" lon="6.05509">
				<ele>1.16</ele>
			</trkpt>
			<trkpt lat="52.5321" lon="6.05386">
				<ele>1.16</ele>
			</trkpt>
			<trkpt lat="52.53206" lon="6.05353">
				<ele>1.16</ele>
			</trkpt>
			<trkpt lat="52.5319" lon="6.05359">
				<ele>1.16</ele>
			</trkpt>
			<trkpt lat="52.5295" lon="6.05235">
				<ele>1.16</ele>
			</trkpt>
			<trkpt lat="52.52952" lon="6.05174">
				<ele>1.16</ele>
			</trkpt>
		</trkseg>
	</trk>
</gpx>