<?xml version="1.0" encoding="UTF-8" standalone="no" ?>
<gpx xmlns="http://www.topografix.com/GPX/1/1"
		xmlns:gpxx="http://www.garmin.com/xmlschemas/GpxExtensions/v3"
		xmlns:gpxtpx="http://www.garmin.com/xmlschemas/TrackPointExtension/v1"
		xmlns:xsi="http://www.w3.org/2001/XMLSchema-instance"
		xsi:schemaLocation="http://www.topografix.com/GPX/1/1 http://www.topografix.com/GPX/1/1/gpx.xsd http://www.garmin.com/xmlschemas/GpxExtensions/v3 http://www.garmin.com/xmlschemas/GpxExtensionsv3.xsd http://www.garmin.com/xmlschemas/TrackPointExtension/v1 http://www.garmin.com/xmlschemas/TrackPointExtensionv1.xsd"
		creator="Gravelmap.com"
		version="1.1">

	<metadata>
		<name><![CDATA[Gravel Route: Ferie]]></name>
		<desc><![CDATA[]]></desc>
		<link href="http://www.gravelmap.com/route/140411">
			<text><![CDATA[Gravel Route: Ferie]]></text>
		</link>
		<time>2023-11-29T05:58:22-05:00</time>
	</metadata>

	<trk>
		<name><![CDATA[Gravel Route: Ferie]]></name>
		<desc><![CDATA[]]></desc>
		<link href="http://www.gravelmap.com/route/140411">
			<text><![CDATA[Gravel Route: Ferie]]></text>
		</link>
		<trkseg>
			<trkpt lat="47.3794" lon="0.6931">
				<ele>50.77</ele>
			</trkpt>
			<trkpt lat="47.3793" lon="0.6933">
				<ele>50.77</ele>
			</trkpt>
			<trkpt lat="47.3792" lon="0.6933">
				<ele>50.77</ele>
			</trkpt>
			<trkpt lat="47.3791" lon="0.6932">
				<ele>50.77</ele>
			</trkpt>
			<trkpt lat="47.379" lon="0.6932">
				<ele>50.77</ele>
			</trkpt>
			<trkpt lat="47.3789" lon="0.6933">
				<ele>50.77</ele>
			</trkpt>
			<trkpt lat="47.3788" lon="0.6933">
				<ele>50.77</ele>
			</trkpt>
			<trkpt lat="47.3787" lon="0.6934">
				<ele>50.77</ele>
			</trkpt>
			<trkpt lat="47.3786" lon="0.6934">
				<ele>50.77</ele>
			</trkpt>
			<trkpt lat="47.3783" lon="0.6935">
				<ele>50.77</ele>
			</trkpt>
			<trkpt lat="47.378" lon="0.6937">
				<ele>50.77</ele>
			</trkpt>
			<trkpt lat="47.3776" lon="0.6937">
				<ele>50.77</ele>
			</trkpt>
			<trkpt lat="47.3774" lon="0.6938">
				<ele>50.77</ele>
			</trkpt>
			<trkpt lat="47.3773" lon="0.6939">
				<ele>50.14</ele>
			</trkpt>
			<trkpt lat="47.3772" lon="0.694">
				<ele>50.14</ele>
			</trkpt>
			<trkpt lat="47.3771" lon="0.6941">
				<ele>50.14</ele>
			</trkpt>
			<trkpt lat="47.377" lon="0.6941">
				<ele>50.14</ele>
			</trkpt>
			<trkpt lat="47.3769" lon="0.6942">
				<ele>50.14</ele>
			</trkpt>
			<trkpt lat="47.3767" lon="0.6942">
				<ele>50.14</ele>
			</trkpt>
			<trkpt lat="47.3765" lon="0.6943">
				<ele>50.14</ele>
			</trkpt>
			<trkpt lat="47.3762" lon="0.6944">
				<ele>50.14</ele>
			</trkpt>
			<trkpt lat="47.3761" lon="0.6945">
				<ele>50.14</ele>
			</trkpt>
			<trkpt lat="47.3759" lon="0.6943">
				<ele>50.14</ele>
			</trkpt>
			<trkpt lat="47.3758" lon="0.6943">
				<ele>50.14</ele>
			</trkpt>
			<trkpt lat="47.3757" lon="0.6945">
				<ele>50.14</ele>
			</trkpt>
			<trkpt lat="47.3754" lon="0.6946">
				<ele>52.12</ele>
			</trkpt>
			<trkpt lat="47.3753" lon="0.6947">
				<ele>52.12</ele>
			</trkpt>
			<trkpt lat="47.3752" lon="0.6947">
				<ele>52.12</ele>
			</trkpt>
			<trkpt lat="47.3751" lon="0.6948">
				<ele>52.12</ele>
			</trkpt>
			<trkpt lat="47.375" lon="0.6948">
				<ele>52.12</ele>
			</trkpt>
			<trkpt lat="47.3749" lon="0.6949">
				<ele>52.12</ele>
			</trkpt>
			<trkpt lat="47.3748" lon="0.695">
				<ele>52.12</ele>
			</trkpt>
			<trkpt lat="47.3746" lon="0.695">
				<ele>52.12</ele>
			</trkpt>
			<trkpt lat="47.3745" lon="0.6949">
				<ele>52.12</ele>
			</trkpt>
			<trkpt lat="47.3744" lon="0.6948">
				<ele>52.12</ele>
			</trkpt>
			<trkpt lat="47.3743" lon="0.695">
				<ele>52.12</ele>
			</trkpt>
			<trkpt lat="47.3742" lon="0.6951">
				<ele>52.12</ele>
			</trkpt>
			<trkpt lat="47.3741" lon="0.6951">
				<ele>52.12</ele>
			</trkpt>
			<trkpt lat="47.374" lon="0.6952">
				<ele>43</ele>
			</trkpt>
			<trkpt lat="47.3739" lon="0.6952">
				<ele>43</ele>
			</trkpt>
			<trkpt lat="47.3738" lon="0.6954">
				<ele>43</ele>
			</trkpt>
			<trkpt lat="47.3733" lon="0.6954">
				<ele>43</ele>
			</trkpt>
			<trkpt lat="47.3731" lon="0.6955">
				<ele>43</ele>
			</trkpt>
			<trkpt lat="47.3729" lon="0.6956">
				<ele>43</ele>
			</trkpt>
			<trkpt lat="47.3727" lon="0.6957">
				<ele>43</ele>
			</trkpt>
			<trkpt lat="47.3725" lon="0.6959">
				<ele>43</ele>
			</trkpt>
			<trkpt lat="47.3724" lon="0.6959">
				<ele>43</ele>
			</trkpt>
			<trkpt lat="47.3723" lon="0.696">
				<ele>43</ele>
			</trkpt>
			<trkpt lat="47.3722" lon="0.696">
				<ele>43</ele>
			</trkpt>
			<trkpt lat="47.372" lon="0.6961">
				<ele>43</ele>
			</trkpt>
			<trkpt lat="47.3718" lon="0.6962">
				<ele>43.06</ele>
			</trkpt>
			<trkpt lat="47.3715" lon="0.6963">
				<ele>43.06</ele>
			</trkpt>
			<trkpt lat="47.3713" lon="0.6964">
				<ele>43.06</ele>
			</trkpt>
			<trkpt lat="47.3711" lon="0.6965">
				<ele>43.06</ele>
			</trkpt>
			<trkpt lat="47.371" lon="0.6966">
				<ele>43.06</ele>
			</trkpt>
			<trkpt lat="47.3707" lon="0.6966">
				<ele>43.06</ele>
			</trkpt>
			<trkpt lat="47.3704" lon="0.6967">
				<ele>43.06</ele>
			</trkpt>
			<trkpt lat="47.3703" lon="0.6968">
				<ele>43.06</ele>
			</trkpt>
			<trkpt lat="47.3702" lon="0.6969">
				<ele>43.06</ele>
			</trkpt>
			<trkpt lat="47.3701" lon="0.6969">
				<ele>43.06</ele>
			</trkpt>
			<trkpt lat="47.37" lon="0.697">
				<ele>43.06</ele>
			</trkpt>
			<trkpt lat="47.3698" lon="0.697">
				<ele>43.06</ele>
			</trkpt>
			<trkpt lat="47.3696" lon="0.6971">
				<ele>43.06</ele>
			</trkpt>
			<trkpt lat="47.3694" lon="0.6972">
				<ele>49.36</ele>
			</trkpt>
			<trkpt lat="47.3693" lon="0.6973">
				<ele>49.36</ele>
			</trkpt>
			<trkpt lat="47.369" lon="0.6973">
				<ele>49.36</ele>
			</trkpt>
			<trkpt lat="47.3687" lon="0.6974">
				<ele>49.36</ele>
			</trkpt>
			<trkpt lat="47.3686" lon="0.6975">
				<ele>49.36</ele>
			</trkpt>
			<trkpt lat="47.3685" lon="0.6976">
				<ele>49.36</ele>
			</trkpt>
			<trkpt lat="47.3683" lon="0.6976">
				<ele>49.36</ele>
			</trkpt>
			<trkpt lat="47.3681" lon="0.6977">
				<ele>49.36</ele>
			</trkpt>
			<trkpt lat="47.368" lon="0.6978">
				<ele>49.36</ele>
			</trkpt>
			<trkpt lat="47.3678" lon="0.6978">
				<ele>49.36</ele>
			</trkpt>
			<trkpt lat="47.3676" lon="0.6979">
				<ele>49.36</ele>
			</trkpt>
			<trkpt lat="47.3675" lon="0.698">
				<ele>49.36</ele>
			</trkpt>
			<trkpt lat="47.3673" lon="0.698">
				<ele>45.79</ele>
			</trkpt>
			<trkpt lat="47.3672" lon="0.6981">
				<ele>45.79</ele>
			</trkpt>
			<trkpt lat="47.367" lon="0.6981">
				<ele>45.79</ele>
			</trkpt>
			<trkpt lat="47.3667" lon="0.6982">
				<ele>45.79</ele>
			</trkpt>
			<trkpt lat="47.3666" lon="0.6983">
				<ele>45.79</ele>
			</trkpt>
			<trkpt lat="47.3665" lon="0.6983">
				<ele>45.79</ele>
			</trkpt>
			<trkpt lat="47.3663" lon="0.6982">
				<ele>45.79</ele>
			</trkpt>
			<trkpt lat="47.3661" lon="0.6981">
				<ele>45.79</ele>
			</trkpt>
			<trkpt lat="47.3661" lon="0.6978">
				<ele>45.79</ele>
			</trkpt>
			<trkpt lat="47.3662" lon="0.6977">
				<ele>45.79</ele>
			</trkpt>
			<trkpt lat="47.3664" lon="0.6976">
				<ele>45.79</ele>
			</trkpt>
			<trkpt lat="47.3664" lon="0.6971">
				<ele>45.79</ele>
			</trkpt>
			<trkpt lat="47.3665" lon="0.6971">
				<ele>45.79</ele>
			</trkpt>
			<trkpt lat="47.3665" lon="0.6966">
				<ele>46.3</ele>
			</trkpt>
			<trkpt lat="47.3664" lon="0.6966">
				<ele>46.3</ele>
			</trkpt>
			<trkpt lat="47.3664" lon="0.6962">
				<ele>46.3</ele>
			</trkpt>
			<trkpt lat="47.3663" lon="0.6962">
				<ele>46.3</ele>
			</trkpt>
			<trkpt lat="47.3663" lon="0.6958">
				<ele>46.3</ele>
			</trkpt>
			<trkpt lat="47.3662" lon="0.6958">
				<ele>46.3</ele>
			</trkpt>
			<trkpt lat="47.3662" lon="0.6954">
				<ele>46.3</ele>
			</trkpt>
			<trkpt lat="47.3661" lon="0.6954">
				<ele>46.3</ele>
			</trkpt>
			<trkpt lat="47.3661" lon="0.69461">
				<ele>46.3</ele>
			</trkpt>
			<trkpt lat="47.366" lon="0.6945">
				<ele>46.3</ele>
			</trkpt>
			<trkpt lat="47.366" lon="0.6942">
				<ele>46.3</ele>
			</trkpt>
			<trkpt lat="47.3659" lon="0.6942">
				<ele>46.3</ele>
			</trkpt>
			<trkpt lat="47.3659" lon="0.694">
				<ele>45.05</ele>
			</trkpt>
			<trkpt lat="47.3658" lon="0.6939">
				<ele>45.05</ele>
			</trkpt>
			<trkpt lat="47.3658" lon="0.69241">
				<ele>45.05</ele>
			</trkpt>
			<trkpt lat="47.3657" lon="0.6923">
				<ele>45.05</ele>
			</trkpt>
			<trkpt lat="47.3657" lon="0.6919">
				<ele>45.05</ele>
			</trkpt>
			<trkpt lat="47.3656" lon="0.6919">
				<ele>45.05</ele>
			</trkpt>
			<trkpt lat="47.3656" lon="0.6916">
				<ele>45.05</ele>
			</trkpt>
			<trkpt lat="47.3655" lon="0.6916">
				<ele>45.05</ele>
			</trkpt>
			<trkpt lat="47.3655" lon="0.6913">
				<ele>45.05</ele>
			</trkpt>
			<trkpt lat="47.3654" lon="0.6912">
				<ele>45.05</ele>
			</trkpt>
			<trkpt lat="47.3654" lon="0.691">
				<ele>45.05</ele>
			</trkpt>
			<trkpt lat="47.3653" lon="0.691">
				<ele>45.05</ele>
			</trkpt>
			<trkpt lat="47.3653" lon="0.6906">
				<ele>45.05</ele>
			</trkpt>
			<trkpt lat="47.3652" lon="0.6906">
				<ele>47.57</ele>
			</trkpt>
			<trkpt lat="47.3652" lon="0.68931">
				<ele>47.57</ele>
			</trkpt>
			<trkpt lat="47.3653" lon="0.6892">
				<ele>47.57</ele>
			</trkpt>
			<trkpt lat="47.3653" lon="0.689">
				<ele>47.57</ele>
			</trkpt>
			<trkpt lat="47.3652" lon="0.6889">
				<ele>47.57</ele>
			</trkpt>
			<trkpt lat="47.3652" lon="0.6887">
				<ele>47.57</ele>
			</trkpt>
			<trkpt lat="47.3648" lon="0.6887">
				<ele>47.57</ele>
			</trkpt>
			<trkpt lat="47.3647" lon="0.6886">
				<ele>47.57</ele>
			</trkpt>
			<trkpt lat="47.3646" lon="0.6885">
				<ele>47.57</ele>
			</trkpt>
			<trkpt lat="47.3645" lon="0.6883">
				<ele>47.57</ele>
			</trkpt>
			<trkpt lat="47.3645" lon="0.6881">
				<ele>47.57</ele>
			</trkpt>
			<trkpt lat="47.3644" lon="0.6881">
				<ele>47.57</ele>
			</trkpt>
			<trkpt lat="47.3644" lon="0.6879">
				<ele>46.44</ele>
			</trkpt>
			<trkpt lat="47.3643" lon="0.6878">
				<ele>46.44</ele>
			</trkpt>
			<trkpt lat="47.3642" lon="0.6878">
				<ele>46.44</ele>
			</trkpt>
			<trkpt lat="47.3641" lon="0.6877">
				<ele>46.44</ele>
			</trkpt>
			<trkpt lat="47.364" lon="0.6878">
				<ele>46.44</ele>
			</trkpt>
			<trkpt lat="47.3639" lon="0.6879">
				<ele>46.44</ele>
			</trkpt>
			<trkpt lat="47.3638" lon="0.6877">
				<ele>46.44</ele>
			</trkpt>
			<trkpt lat="47.3638" lon="0.68681">
				<ele>46.44</ele>
			</trkpt>
			<trkpt lat="47.3639" lon="0.6868">
				<ele>46.44</ele>
			</trkpt>
			<trkpt lat="47.3639" lon="0.68601">
				<ele>46.44</ele>
			</trkpt>
			<trkpt lat="47.364" lon="0.686">
				<ele>46.44</ele>
			</trkpt>
			<trkpt lat="47.364" lon="0.6857">
				<ele>46.44</ele>
			</trkpt>
			<trkpt lat="47.3641" lon="0.6857">
				<ele>46.44</ele>
			</trkpt>
			<trkpt lat="47.3641" lon="0.6854">
				<ele>49.75</ele>
			</trkpt>
			<trkpt lat="47.3642" lon="0.6853">
				<ele>49.75</ele>
			</trkpt>
			<trkpt lat="47.3642" lon="0.6851">
				<ele>49.75</ele>
			</trkpt>
			<trkpt lat="47.3643" lon="0.685">
				<ele>49.75</ele>
			</trkpt>
			<trkpt lat="47.3643" lon="0.6845">
				<ele>49.75</ele>
			</trkpt>
			<trkpt lat="47.364" lon="0.6845">
				<ele>49.75</ele>
			</trkpt>
			<trkpt lat="47.3639" lon="0.6843">
				<ele>49.75</ele>
			</trkpt>
			<trkpt lat="47.3637" lon="0.6843">
				<ele>49.75</ele>
			</trkpt>
			<trkpt lat="47.3636" lon="0.6844">
				<ele>49.75</ele>
			</trkpt>
			<trkpt lat="47.3635" lon="0.6845">
				<ele>49.75</ele>
			</trkpt>
			<trkpt lat="47.3633" lon="0.6845">
				<ele>49.75</ele>
			</trkpt>
			<trkpt lat="47.3633" lon="0.6842">
				<ele>49.75</ele>
			</trkpt>
			<trkpt lat="47.3632" lon="0.6842">
				<ele>49.06</ele>
			</trkpt>
			<trkpt lat="47.3632" lon="0.6837">
				<ele>49.06</ele>
			</trkpt>
			<trkpt lat="47.3631" lon="0.6836">
				<ele>49.06</ele>
			</trkpt>
			<trkpt lat="47.3631" lon="0.68261">
				<ele>49.06</ele>
			</trkpt>
			<trkpt lat="47.363" lon="0.6826">
				<ele>49.06</ele>
			</trkpt>
			<trkpt lat="47.363" lon="0.6822">
				<ele>49.06</ele>
			</trkpt>
			<trkpt lat="47.3629" lon="0.6821">
				<ele>49.06</ele>
			</trkpt>
			<trkpt lat="47.3629" lon="0.6819">
				<ele>49.06</ele>
			</trkpt>
			<trkpt lat="47.3628" lon="0.6818">
				<ele>49.06</ele>
			</trkpt>
			<trkpt lat="47.3627" lon="0.6816">
				<ele>49.06</ele>
			</trkpt>
			<trkpt lat="47.3626" lon="0.6815">
				<ele>49.06</ele>
			</trkpt>
			<trkpt lat="47.3626" lon="0.6813">
				<ele>49.06</ele>
			</trkpt>
			<trkpt lat="47.3625" lon="0.6813">
				<ele>49.06</ele>
			</trkpt>
			<trkpt lat="47.3625" lon="0.68031">
				<ele>47.88</ele>
			</trkpt>
			<trkpt lat="47.3624" lon="0.6802">
				<ele>47.88</ele>
			</trkpt>
			<trkpt lat="47.3624" lon="0.6797">
				<ele>47.88</ele>
			</trkpt>
			<trkpt lat="47.3625" lon="0.6797">
				<ele>47.88</ele>
			</trkpt>
			<trkpt lat="47.3624" lon="0.6796">
				<ele>47.88</ele>
			</trkpt>
			<trkpt lat="47.3624" lon="0.6792">
				<ele>47.88</ele>
			</trkpt>
			<trkpt lat="47.3625" lon="0.6792">
				<ele>47.88</ele>
			</trkpt>
			<trkpt lat="47.3625" lon="0.679">
				<ele>47.88</ele>
			</trkpt>
			<trkpt lat="47.3626" lon="0.679">
				<ele>47.88</ele>
			</trkpt>
			<trkpt lat="47.3626" lon="0.67841">
				<ele>47.88</ele>
			</trkpt>
			<trkpt lat="47.3625" lon="0.6784">
				<ele>47.88</ele>
			</trkpt>
			<trkpt lat="47.3625" lon="0.678">
				<ele>47.88</ele>
			</trkpt>
			<trkpt lat="47.3626" lon="0.6779">
				<ele>48.51</ele>
			</trkpt>
			<trkpt lat="47.3627" lon="0.6778">
				<ele>48.51</ele>
			</trkpt>
			<trkpt lat="47.3628" lon="0.6777">
				<ele>48.51</ele>
			</trkpt>
			<trkpt lat="47.3628" lon="0.6775">
				<ele>48.51</ele>
			</trkpt>
			<trkpt lat="47.3629" lon="0.6775">
				<ele>48.51</ele>
			</trkpt>
			<trkpt lat="47.363" lon="0.6774">
				<ele>48.51</ele>
			</trkpt>
			<trkpt lat="47.363" lon="0.6772">
				<ele>48.51</ele>
			</trkpt>
			<trkpt lat="47.3631" lon="0.6771">
				<ele>48.51</ele>
			</trkpt>
			<trkpt lat="47.3631" lon="0.6769">
				<ele>48.51</ele>
			</trkpt>
			<trkpt lat="47.3632" lon="0.6768">
				<ele>48.51</ele>
			</trkpt>
			<trkpt lat="47.3633" lon="0.6766">
				<ele>48.51</ele>
			</trkpt>
			<trkpt lat="47.3634" lon="0.6764">
				<ele>48.51</ele>
			</trkpt>
			<trkpt lat="47.3635" lon="0.6763">
				<ele>48.51</ele>
			</trkpt>
			<trkpt lat="47.3636" lon="0.6762">
				<ele>47.74</ele>
			</trkpt>
			<trkpt lat="47.3637" lon="0.6761">
				<ele>47.74</ele>
			</trkpt>
			<trkpt lat="47.3637" lon="0.6759">
				<ele>47.74</ele>
			</trkpt>
			<trkpt lat="47.3638" lon="0.6759">
				<ele>47.74</ele>
			</trkpt>
			<trkpt lat="47.3638" lon="0.6757">
				<ele>47.74</ele>
			</trkpt>
			<trkpt lat="47.3639" lon="0.6757">
				<ele>47.74</ele>
			</trkpt>
			<trkpt lat="47.3639" lon="0.6755">
				<ele>47.74</ele>
			</trkpt>
			<trkpt lat="47.364" lon="0.6755">
				<ele>47.74</ele>
			</trkpt>
			<trkpt lat="47.364" lon="0.6753">
				<ele>47.74</ele>
			</trkpt>
			<trkpt lat="47.3641" lon="0.6753">
				<ele>47.74</ele>
			</trkpt>
			<trkpt lat="47.3642" lon="0.6752">
				<ele>47.74</ele>
			</trkpt>
			<trkpt lat="47.3643" lon="0.675">
				<ele>47.74</ele>
			</trkpt>
			<trkpt lat="47.3644" lon="0.6749">
				<ele>44.92</ele>
			</trkpt>
			<trkpt lat="47.3643" lon="0.6749">
				<ele>44.92</ele>
			</trkpt>
			<trkpt lat="47.3642" lon="0.6749">
				<ele>44.92</ele>
			</trkpt>
			<trkpt lat="47.3643" lon="0.6747">
				<ele>44.92</ele>
			</trkpt>
			<trkpt lat="47.3643" lon="0.6744">
				<ele>44.92</ele>
			</trkpt>
			<trkpt lat="47.3644" lon="0.6744">
				<ele>44.92</ele>
			</trkpt>
			<trkpt lat="47.3644" lon="0.6742">
				<ele>44.92</ele>
			</trkpt>
			<trkpt lat="47.3645" lon="0.6741">
				<ele>44.92</ele>
			</trkpt>
			<trkpt lat="47.3645" lon="0.67351">
				<ele>44.92</ele>
			</trkpt>
			<trkpt lat="47.3644" lon="0.6735">
				<ele>44.92</ele>
			</trkpt>
			<trkpt lat="47.3644" lon="0.67231">
				<ele>44.92</ele>
			</trkpt>
			<trkpt lat="47.3643" lon="0.6723">
				<ele>44.92</ele>
			</trkpt>
			<trkpt lat="47.3643" lon="0.6719">
				<ele>44.92</ele>
			</trkpt>
			<trkpt lat="47.3642" lon="0.6719">
				<ele>44.8</ele>
			</trkpt>
			<trkpt lat="47.3642" lon="0.6714">
				<ele>44.8</ele>
			</trkpt>
			<trkpt lat="47.3641" lon="0.6714">
				<ele>44.8</ele>
			</trkpt>
			<trkpt lat="47.3641" lon="0.6712">
				<ele>44.8</ele>
			</trkpt>
			<trkpt lat="47.364" lon="0.6712">
				<ele>44.8</ele>
			</trkpt>
			<trkpt lat="47.364" lon="0.671">
				<ele>44.8</ele>
			</trkpt>
			<trkpt lat="47.3639" lon="0.6709">
				<ele>44.8</ele>
			</trkpt>
			<trkpt lat="47.3639" lon="0.6707">
				<ele>44.8</ele>
			</trkpt>
			<trkpt lat="47.3638" lon="0.6707">
				<ele>44.8</ele>
			</trkpt>
			<trkpt lat="47.3638" lon="0.66961">
				<ele>44.8</ele>
			</trkpt>
			<trkpt lat="47.3639" lon="0.6695">
				<ele>44.8</ele>
			</trkpt>
			<trkpt lat="47.3639" lon="0.66851">
				<ele>44.8</ele>
			</trkpt>
			<trkpt lat="47.3638" lon="0.6684">
				<ele>44.5</ele>
			</trkpt>
			<trkpt lat="47.3638" lon="0.66632">
				<ele>44.5</ele>
			</trkpt>
			<trkpt lat="47.3637" lon="0.6662">
				<ele>44.5</ele>
			</trkpt>
			<trkpt lat="47.3636" lon="0.666">
				<ele>44.5</ele>
			</trkpt>
			<trkpt lat="47.3636" lon="0.66511">
				<ele>44.5</ele>
			</trkpt>
			<trkpt lat="47.3637" lon="0.665">
				<ele>44.5</ele>
			</trkpt>
			<trkpt lat="47.3637" lon="0.6646">
				<ele>44.5</ele>
			</trkpt>
			<trkpt lat="47.3638" lon="0.6645">
				<ele>44.5</ele>
			</trkpt>
			<trkpt lat="47.3638" lon="0.6643">
				<ele>44.5</ele>
			</trkpt>
			<trkpt lat="47.3639" lon="0.6643">
				<ele>44.5</ele>
			</trkpt>
			<trkpt lat="47.364" lon="0.6641">
				<ele>44.5</ele>
			</trkpt>
			<trkpt lat="47.364" lon="0.66351">
				<ele>44.5</ele>
			</trkpt>
			<trkpt lat="47.3641" lon="0.6634">
				<ele>44.5</ele>
			</trkpt>
			<trkpt lat="47.3641" lon="0.6631">
				<ele>44.21</ele>
			</trkpt>
			<trkpt lat="47.3642" lon="0.6631">
				<ele>44.21</ele>
			</trkpt>
			<trkpt lat="47.3642" lon="0.66251">
				<ele>44.21</ele>
			</trkpt>
			<trkpt lat="47.3643" lon="0.6624">
				<ele>44.21</ele>
			</trkpt>
			<trkpt lat="47.3644" lon="0.6622">
				<ele>44.21</ele>
			</trkpt>
			<trkpt lat="47.3644" lon="0.6618">
				<ele>44.21</ele>
			</trkpt>
			<trkpt lat="47.3645" lon="0.6617">
				<ele>44.21</ele>
			</trkpt>
			<trkpt lat="47.3645" lon="0.6615">
				<ele>44.21</ele>
			</trkpt>
			<trkpt lat="47.3646" lon="0.6614">
				<ele>44.21</ele>
			</trkpt>
			<trkpt lat="47.3646" lon="0.6612">
				<ele>44.21</ele>
			</trkpt>
			<trkpt lat="47.3647" lon="0.6611">
				<ele>44.21</ele>
			</trkpt>
			<trkpt lat="47.3647" lon="0.66021">
				<ele>44.21</ele>
			</trkpt>
			<trkpt lat="47.3648" lon="0.6602">
				<ele>44.3</ele>
			</trkpt>
			<trkpt lat="47.3648" lon="0.66">
				<ele>44.3</ele>
			</trkpt>
			<trkpt lat="47.3649" lon="0.6599">
				<ele>44.3</ele>
			</trkpt>
			<trkpt lat="47.365" lon="0.6597">
				<ele>44.3</ele>
			</trkpt>
			<trkpt lat="47.3651" lon="0.6597">
				<ele>44.3</ele>
			</trkpt>
			<trkpt lat="47.3652" lon="0.6597">
				<ele>44.3</ele>
			</trkpt>
			<trkpt lat="47.3653" lon="0.6597">
				<ele>44.3</ele>
			</trkpt>
			<trkpt lat="47.3654" lon="0.6598">
				<ele>44.3</ele>
			</trkpt>
			<trkpt lat="47.3655" lon="0.6599">
				<ele>44.3</ele>
			</trkpt>
			<trkpt lat="47.3656" lon="0.6599">
				<ele>44.3</ele>
			</trkpt>
			<trkpt lat="47.3658" lon="0.66">
				<ele>44.3</ele>
			</trkpt>
			<trkpt lat="47.3659" lon="0.6601">
				<ele>44.3</ele>
			</trkpt>
			<trkpt lat="47.366" lon="0.6602">
				<ele>44.3</ele>
			</trkpt>
			<trkpt lat="47.3661" lon="0.6602">
				<ele>44.48</ele>
			</trkpt>
			<trkpt lat="47.3662" lon="0.6603">
				<ele>44.48</ele>
			</trkpt>
			<trkpt lat="47.3663" lon="0.6603">
				<ele>44.48</ele>
			</trkpt>
			<trkpt lat="47.3664" lon="0.6604">
				<ele>44.48</ele>
			</trkpt>
			<trkpt lat="47.3665" lon="0.6604">
				<ele>44.48</ele>
			</trkpt>
			<trkpt lat="47.3667" lon="0.6605">
				<ele>44.48</ele>
			</trkpt>
			<trkpt lat="47.3669" lon="0.6606">
				<ele>44.48</ele>
			</trkpt>
			<trkpt lat="47.367" lon="0.6607">
				<ele>44.48</ele>
			</trkpt>
			<trkpt lat="47.3671" lon="0.6608">
				<ele>44.48</ele>
			</trkpt>
			<trkpt lat="47.3672" lon="0.6608">
				<ele>44.48</ele>
			</trkpt>
			<trkpt lat="47.3674" lon="0.661">
				<ele>44.48</ele>
			</trkpt>
			<trkpt lat="47.3675" lon="0.661">
				<ele>44.48</ele>
			</trkpt>
			<trkpt lat="47.3676" lon="0.6611">
				<ele>44.09</ele>
			</trkpt>
			<trkpt lat="47.3677" lon="0.6611">
				<ele>44.09</ele>
			</trkpt>
			<trkpt lat="47.3678" lon="0.661">
				<ele>44.09</ele>
			</trkpt>
			<trkpt lat="47.3678" lon="0.6607">
				<ele>44.09</ele>
			</trkpt>
			<trkpt lat="47.3679" lon="0.6607">
				<ele>44.09</ele>
			</trkpt>
			<trkpt lat="47.368" lon="0.6606">
				<ele>44.09</ele>
			</trkpt>
			<trkpt lat="47.3681" lon="0.6606">
				<ele>44.09</ele>
			</trkpt>
			<trkpt lat="47.3681" lon="0.6602">
				<ele>44.09</ele>
			</trkpt>
			<trkpt lat="47.3682" lon="0.6602">
				<ele>44.09</ele>
			</trkpt>
			<trkpt lat="47.3682" lon="0.6598">
				<ele>44.09</ele>
			</trkpt>
			<trkpt lat="47.3683" lon="0.6598">
				<ele>44.09</ele>
			</trkpt>
			<trkpt lat="47.3683" lon="0.6596">
				<ele>44.09</ele>
			</trkpt>
			<trkpt lat="47.3684" lon="0.6595">
				<ele>44.09</ele>
			</trkpt>
			<trkpt lat="47.3684" lon="0.6593">
				<ele>44.41</ele>
			</trkpt>
			<trkpt lat="47.3685" lon="0.6593">
				<ele>44.41</ele>
			</trkpt>
			<trkpt lat="47.3685" lon="0.6591">
				<ele>44.41</ele>
			</trkpt>
			<trkpt lat="47.3686" lon="0.6591">
				<ele>44.41</ele>
			</trkpt>
			<trkpt lat="47.3686" lon="0.6589">
				<ele>44.41</ele>
			</trkpt>
			<trkpt lat="47.3687" lon="0.6589">
				<ele>44.41</ele>
			</trkpt>
			<trkpt lat="47.3688" lon="0.6587">
				<ele>44.41</ele>
			</trkpt>
			<trkpt lat="47.3689" lon="0.6586">
				<ele>44.41</ele>
			</trkpt>
			<trkpt lat="47.369" lon="0.6584">
				<ele>44.41</ele>
			</trkpt>
			<trkpt lat="47.3691" lon="0.6583">
				<ele>44.41</ele>
			</trkpt>
			<trkpt lat="47.3692" lon="0.6581">
				<ele>44.41</ele>
			</trkpt>
			<trkpt lat="47.3693" lon="0.658">
				<ele>44.41</ele>
			</trkpt>
			<trkpt lat="47.3694" lon="0.6578">
				<ele>45.17</ele>
			</trkpt>
			<trkpt lat="47.3695" lon="0.6578">
				<ele>45.17</ele>
			</trkpt>
			<trkpt lat="47.3696" lon="0.6576">
				<ele>45.17</ele>
			</trkpt>
			<trkpt lat="47.3697" lon="0.6575">
				<ele>45.17</ele>
			</trkpt>
			<trkpt lat="47.3698" lon="0.6574">
				<ele>45.17</ele>
			</trkpt>
			<trkpt lat="47.3699" lon="0.6573">
				<ele>45.17</ele>
			</trkpt>
			<trkpt lat="47.37" lon="0.6572">
				<ele>45.17</ele>
			</trkpt>
			<trkpt lat="47.3701" lon="0.6571">
				<ele>45.17</ele>
			</trkpt>
			<trkpt lat="47.3702" lon="0.657">
				<ele>45.17</ele>
			</trkpt>
			<trkpt lat="47.3702" lon="0.6567">
				<ele>45.17</ele>
			</trkpt>
			<trkpt lat="47.3703" lon="0.6567">
				<ele>45.17</ele>
			</trkpt>
			<trkpt lat="47.3703" lon="0.6564">
				<ele>45.17</ele>
			</trkpt>
			<trkpt lat="47.3704" lon="0.6563">
				<ele>45.17</ele>
			</trkpt>
			<trkpt lat="47.3705" lon="0.6561">
				<ele>45.72</ele>
			</trkpt>
			<trkpt lat="47.3706" lon="0.6559">
				<ele>45.72</ele>
			</trkpt>
			<trkpt lat="47.3706" lon="0.6557">
				<ele>45.72</ele>
			</trkpt>
			<trkpt lat="47.3707" lon="0.6556">
				<ele>45.72</ele>
			</trkpt>
			<trkpt lat="47.3707" lon="0.6552">
				<ele>45.72</ele>
			</trkpt>
			<trkpt lat="47.3708" lon="0.6552">
				<ele>45.72</ele>
			</trkpt>
			<trkpt lat="47.3708" lon="0.6548">
				<ele>45.72</ele>
			</trkpt>
			<trkpt lat="47.3709" lon="0.6547">
				<ele>45.72</ele>
			</trkpt>
			<trkpt lat="47.371" lon="0.6546">
				<ele>45.72</ele>
			</trkpt>
			<trkpt lat="47.3711" lon="0.6545">
				<ele>45.72</ele>
			</trkpt>
			<trkpt lat="47.3712" lon="0.6545">
				<ele>45.72</ele>
			</trkpt>
			<trkpt lat="47.3713" lon="0.6544">
				<ele>45.72</ele>
			</trkpt>
			<trkpt lat="47.3714" lon="0.6544">
				<ele>46.38</ele>
			</trkpt>
			<trkpt lat="47.3715" lon="0.6543">
				<ele>46.38</ele>
			</trkpt>
			<trkpt lat="47.3716" lon="0.6542">
				<ele>46.38</ele>
			</trkpt>
			<trkpt lat="47.3717" lon="0.6542">
				<ele>46.38</ele>
			</trkpt>
			<trkpt lat="47.3718" lon="0.6541">
				<ele>46.38</ele>
			</trkpt>
			<trkpt lat="47.3719" lon="0.6541">
				<ele>46.38</ele>
			</trkpt>
			<trkpt lat="47.3721" lon="0.654">
				<ele>46.38</ele>
			</trkpt>
			<trkpt lat="47.3722" lon="0.6539">
				<ele>46.38</ele>
			</trkpt>
			<trkpt lat="47.3723" lon="0.6539">
				<ele>46.38</ele>
			</trkpt>
			<trkpt lat="47.3724" lon="0.6538">
				<ele>46.38</ele>
			</trkpt>
			<trkpt lat="47.3725" lon="0.6538">
				<ele>46.38</ele>
			</trkpt>
			<trkpt lat="47.3726" lon="0.6537">
				<ele>46.38</ele>
			</trkpt>
			<trkpt lat="47.3727" lon="0.6537">
				<ele>46.38</ele>
			</trkpt>
			<trkpt lat="47.3728" lon="0.6536">
				<ele>48.01</ele>
			</trkpt>
			<trkpt lat="47.373" lon="0.6536">
				<ele>48.01</ele>
			</trkpt>
			<trkpt lat="47.3732" lon="0.6535">
				<ele>48.01</ele>
			</trkpt>
			<trkpt lat="47.3734" lon="0.6534">
				<ele>48.01</ele>
			</trkpt>
			<trkpt lat="47.3734" lon="0.65271">
				<ele>48.01</ele>
			</trkpt>
			<trkpt lat="47.3733" lon="0.6527">
				<ele>48.01</ele>
			</trkpt>
			<trkpt lat="47.3733" lon="0.6531">
				<ele>48.01</ele>
			</trkpt>
			<trkpt lat="47.3734" lon="0.6531">
				<ele>48.01</ele>
			</trkpt>
			<trkpt lat="47.3734" lon="0.6533">
				<ele>48.01</ele>
			</trkpt>
			<trkpt lat="47.3736" lon="0.6533">
				<ele>48.01</ele>
			</trkpt>
			<trkpt lat="47.3737" lon="0.6532">
				<ele>48.01</ele>
			</trkpt>
			<trkpt lat="47.3739" lon="0.6532">
				<ele>48.01</ele>
			</trkpt>
			<trkpt lat="47.374" lon="0.653">
				<ele>42.11</ele>
			</trkpt>
			<trkpt lat="47.374" lon="0.6526">
				<ele>42.11</ele>
			</trkpt>
			<trkpt lat="47.3741" lon="0.6525">
				<ele>42.11</ele>
			</trkpt>
			<trkpt lat="47.3741" lon="0.652">
				<ele>42.11</ele>
			</trkpt>
			<trkpt lat="47.3742" lon="0.6519">
				<ele>42.11</ele>
			</trkpt>
			<trkpt lat="47.3742" lon="0.65121">
				<ele>42.11</ele>
			</trkpt>
			<trkpt lat="47.3743" lon="0.6512">
				<ele>42.11</ele>
			</trkpt>
			<trkpt lat="47.3743" lon="0.65051">
				<ele>42.11</ele>
			</trkpt>
			<trkpt lat="47.3744" lon="0.6504">
				<ele>42.11</ele>
			</trkpt>
			<trkpt lat="47.3744" lon="0.6499">
				<ele>42.11</ele>
			</trkpt>
			<trkpt lat="47.3743" lon="0.6498">
				<ele>42.11</ele>
			</trkpt>
			<trkpt lat="47.3743" lon="0.6494">
				<ele>42.11</ele>
			</trkpt>
			<trkpt lat="47.3742" lon="0.6493">
				<ele>42.11</ele>
			</trkpt>
			<trkpt lat="47.3741" lon="0.6491">
				<ele>43.79</ele>
			</trkpt>
			<trkpt lat="47.374" lon="0.6489">
				<ele>43.79</ele>
			</trkpt>
			<trkpt lat="47.3739" lon="0.6488">
				<ele>43.79</ele>
			</trkpt>
			<trkpt lat="47.3738" lon="0.6486">
				<ele>43.79</ele>
			</trkpt>
			<trkpt lat="47.3737" lon="0.6485">
				<ele>43.79</ele>
			</trkpt>
			<trkpt lat="47.3736" lon="0.6483">
				<ele>43.79</ele>
			</trkpt>
			<trkpt lat="47.3735" lon="0.6482">
				<ele>43.79</ele>
			</trkpt>
			<trkpt lat="47.3734" lon="0.6481">
				<ele>43.79</ele>
			</trkpt>
			<trkpt lat="47.3732" lon="0.6478">
				<ele>43.79</ele>
			</trkpt>
			<trkpt lat="47.3731" lon="0.6476">
				<ele>43.79</ele>
			</trkpt>
			<trkpt lat="47.3729" lon="0.6473">
				<ele>43.79</ele>
			</trkpt>
			<trkpt lat="47.3728" lon="0.6471">
				<ele>43.79</ele>
			</trkpt>
			<trkpt lat="47.3727" lon="0.647">
				<ele>44.58</ele>
			</trkpt>
			<trkpt lat="47.3727" lon="0.6468">
				<ele>44.58</ele>
			</trkpt>
			<trkpt lat="47.3726" lon="0.6468">
				<ele>44.58</ele>
			</trkpt>
			<trkpt lat="47.3726" lon="0.6466">
				<ele>44.58</ele>
			</trkpt>
			<trkpt lat="47.3725" lon="0.6466">
				<ele>44.58</ele>
			</trkpt>
			<trkpt lat="47.3724" lon="0.6464">
				<ele>44.58</ele>
			</trkpt>
			<trkpt lat="47.3724" lon="0.646">
				<ele>44.58</ele>
			</trkpt>
			<trkpt lat="47.3723" lon="0.646">
				<ele>44.58</ele>
			</trkpt>
			<trkpt lat="47.3723" lon="0.64422">
				<ele>44.58</ele>
			</trkpt>
			<trkpt lat="47.3724" lon="0.6441">
				<ele>44.58</ele>
			</trkpt>
			<trkpt lat="47.3724" lon="0.64232">
				<ele>44.58</ele>
			</trkpt>
			<trkpt lat="47.3723" lon="0.6422">
				<ele>44.58</ele>
			</trkpt>
			<trkpt lat="47.3723" lon="0.64151">
				<ele>44.58</ele>
			</trkpt>
			<trkpt lat="47.3724" lon="0.6415">
				<ele>45.21</ele>
			</trkpt>
			<trkpt lat="47.3723" lon="0.6413">
				<ele>45.21</ele>
			</trkpt>
			<trkpt lat="47.3723" lon="0.64051">
				<ele>45.21</ele>
			</trkpt>
			<trkpt lat="47.3722" lon="0.6404">
				<ele>45.21</ele>
			</trkpt>
			<trkpt lat="47.3722" lon="0.6399">
				<ele>45.21</ele>
			</trkpt>
			<trkpt lat="47.3721" lon="0.6398">
				<ele>45.21</ele>
			</trkpt>
			<trkpt lat="47.3721" lon="0.6393">
				<ele>45.21</ele>
			</trkpt>
			<trkpt lat="47.372" lon="0.6393">
				<ele>45.21</ele>
			</trkpt>
			<trkpt lat="47.3719" lon="0.6392">
				<ele>45.21</ele>
			</trkpt>
			<trkpt lat="47.3719" lon="0.6389">
				<ele>45.21</ele>
			</trkpt>
			<trkpt lat="47.3718" lon="0.6389">
				<ele>45.21</ele>
			</trkpt>
			<trkpt lat="47.3718" lon="0.6387">
				<ele>45.21</ele>
			</trkpt>
			<trkpt lat="47.3717" lon="0.6386">
				<ele>44.71</ele>
			</trkpt>
			<trkpt lat="47.3717" lon="0.6384">
				<ele>44.71</ele>
			</trkpt>
			<trkpt lat="47.3716" lon="0.6383">
				<ele>44.71</ele>
			</trkpt>
			<trkpt lat="47.3716" lon="0.6381">
				<ele>44.71</ele>
			</trkpt>
			<trkpt lat="47.3715" lon="0.638">
				<ele>44.71</ele>
			</trkpt>
			<trkpt lat="47.3715" lon="0.6378">
				<ele>44.71</ele>
			</trkpt>
			<trkpt lat="47.3714" lon="0.6378">
				<ele>44.71</ele>
			</trkpt>
			<trkpt lat="47.3714" lon="0.6373">
				<ele>44.71</ele>
			</trkpt>
			<trkpt lat="47.3713" lon="0.6373">
				<ele>44.71</ele>
			</trkpt>
			<trkpt lat="47.3713" lon="0.63621">
				<ele>44.71</ele>
			</trkpt>
			<trkpt lat="47.3712" lon="0.6361">
				<ele>44.71</ele>
			</trkpt>
			<trkpt lat="47.3712" lon="0.63531">
				<ele>44.71</ele>
			</trkpt>
			<trkpt lat="47.3711" lon="0.6353">
				<ele>44.71</ele>
			</trkpt>
			<trkpt lat="47.3711" lon="0.63431">
				<ele>45.51</ele>
			</trkpt>
			<trkpt lat="47.371" lon="0.6342">
				<ele>45.51</ele>
			</trkpt>
			<trkpt lat="47.371" lon="0.63321">
				<ele>45.51</ele>
			</trkpt>
			<trkpt lat="47.3709" lon="0.6331">
				<ele>45.51</ele>
			</trkpt>
			<trkpt lat="47.3709" lon="0.63221">
				<ele>45.51</ele>
			</trkpt>
			<trkpt lat="47.3708" lon="0.6321">
				<ele>45.51</ele>
			</trkpt>
			<trkpt lat="47.3708" lon="0.63151">
				<ele>45.51</ele>
			</trkpt>
			<trkpt lat="47.3707" lon="0.6314">
				<ele>45.51</ele>
			</trkpt>
			<trkpt lat="47.3707" lon="0.6309">
				<ele>45.51</ele>
			</trkpt>
			<trkpt lat="47.3706" lon="0.6308">
				<ele>45.51</ele>
			</trkpt>
			<trkpt lat="47.3706" lon="0.62991">
				<ele>45.51</ele>
			</trkpt>
			<trkpt lat="47.3705" lon="0.6298">
				<ele>45.51</ele>
			</trkpt>
			<trkpt lat="47.3705" lon="0.62921">
				<ele>44.41</ele>
			</trkpt>
			<trkpt lat="47.3704" lon="0.6291">
				<ele>44.41</ele>
			</trkpt>
			<trkpt lat="47.3704" lon="0.62514">
				<ele>44.41</ele>
			</trkpt>
			<trkpt lat="47.3703" lon="0.625">
				<ele>44.41</ele>
			</trkpt>
			<trkpt lat="47.3703" lon="0.6245">
				<ele>44.41</ele>
			</trkpt>
			<trkpt lat="47.3702" lon="0.6244">
				<ele>44.41</ele>
			</trkpt>
			<trkpt lat="47.3702" lon="0.6239">
				<ele>44.41</ele>
			</trkpt>
			<trkpt lat="47.3701" lon="0.6238">
				<ele>44.41</ele>
			</trkpt>
			<trkpt lat="47.3701" lon="0.62321">
				<ele>44.41</ele>
			</trkpt>
			<trkpt lat="47.37" lon="0.6232">
				<ele>44.41</ele>
			</trkpt>
			<trkpt lat="47.37" lon="0.62261">
				<ele>44.41</ele>
			</trkpt>
			<trkpt lat="47.3699" lon="0.6225">
				<ele>44.41</ele>
			</trkpt>
			<trkpt lat="47.3699" lon="0.622">
				<ele>44.41</ele>
			</trkpt>
			<trkpt lat="47.3698" lon="0.6219">
				<ele>45.54</ele>
			</trkpt>
			<trkpt lat="47.3698" lon="0.6214">
				<ele>45.54</ele>
			</trkpt>
			<trkpt lat="47.3697" lon="0.6213">
				<ele>45.54</ele>
			</trkpt>
			<trkpt lat="47.3697" lon="0.6208">
				<ele>45.54</ele>
			</trkpt>
			<trkpt lat="47.3696" lon="0.6207">
				<ele>45.54</ele>
			</trkpt>
			<trkpt lat="47.3696" lon="0.6202">
				<ele>45.54</ele>
			</trkpt>
			<trkpt lat="47.3695" lon="0.6201">
				<ele>45.54</ele>
			</trkpt>
			<trkpt lat="47.3695" lon="0.6196">
				<ele>45.54</ele>
			</trkpt>
			<trkpt lat="47.3694" lon="0.6195">
				<ele>45.54</ele>
			</trkpt>
			<trkpt lat="47.3694" lon="0.619">
				<ele>45.54</ele>
			</trkpt>
			<trkpt lat="47.3693" lon="0.6189">
				<ele>45.54</ele>
			</trkpt>
			<trkpt lat="47.3693" lon="0.61831">
				<ele>45.54</ele>
			</trkpt>
			<trkpt lat="47.3692" lon="0.6183">
				<ele>44.23</ele>
			</trkpt>
			<trkpt lat="47.3692" lon="0.6178">
				<ele>44.23</ele>
			</trkpt>
			<trkpt lat="47.3691" lon="0.6177">
				<ele>44.23</ele>
			</trkpt>
			<trkpt lat="47.3691" lon="0.6173">
				<ele>44.23</ele>
			</trkpt>
			<trkpt lat="47.369" lon="0.6172">
				<ele>44.23</ele>
			</trkpt>
			<trkpt lat="47.369" lon="0.6168">
				<ele>44.23</ele>
			</trkpt>
			<trkpt lat="47.3689" lon="0.6167">
				<ele>44.23</ele>
			</trkpt>
			<trkpt lat="47.3689" lon="0.6162">
				<ele>44.23</ele>
			</trkpt>
			<trkpt lat="47.3688" lon="0.6161">
				<ele>44.23</ele>
			</trkpt>
			<trkpt lat="47.3688" lon="0.6158">
				<ele>44.23</ele>
			</trkpt>
			<trkpt lat="47.3687" lon="0.6157">
				<ele>44.23</ele>
			</trkpt>
			<trkpt lat="47.3687" lon="0.6154">
				<ele>44.23</ele>
			</trkpt>
			<trkpt lat="47.3686" lon="0.6153">
				<ele>44.23</ele>
			</trkpt>
			<trkpt lat="47.3685" lon="0.6151">
				<ele>44.4</ele>
			</trkpt>
			<trkpt lat="47.3685" lon="0.6149">
				<ele>44.4</ele>
			</trkpt>
			<trkpt lat="47.3684" lon="0.6149">
				<ele>44.4</ele>
			</trkpt>
			<trkpt lat="47.3684" lon="0.6147">
				<ele>44.4</ele>
			</trkpt>
			<trkpt lat="47.3682" lon="0.6145">
				<ele>44.4</ele>
			</trkpt>
			<trkpt lat="47.3681" lon="0.6144">
				<ele>44.4</ele>
			</trkpt>
			<trkpt lat="47.368" lon="0.6143">
				<ele>44.4</ele>
			</trkpt>
			<trkpt lat="47.368" lon="0.6141">
				<ele>44.4</ele>
			</trkpt>
			<trkpt lat="47.3679" lon="0.6141">
				<ele>44.4</ele>
			</trkpt>
			<trkpt lat="47.3678" lon="0.614">
				<ele>44.4</ele>
			</trkpt>
			<trkpt lat="47.3678" lon="0.6138">
				<ele>44.4</ele>
			</trkpt>
			<trkpt lat="47.3677" lon="0.6138">
				<ele>44.4</ele>
			</trkpt>
			<trkpt lat="47.3676" lon="0.6136">
				<ele>44.04</ele>
			</trkpt>
			<trkpt lat="47.3675" lon="0.6135">
				<ele>44.04</ele>
			</trkpt>
			<trkpt lat="47.36691" lon="0.61281">
				<ele>44.04</ele>
			</trkpt>
			<trkpt lat="47.3668" lon="0.6128">
				<ele>44.04</ele>
			</trkpt>
			<trkpt lat="47.3667" lon="0.6126">
				<ele>44.04</ele>
			</trkpt>
			<trkpt lat="47.3666" lon="0.6126">
				<ele>44.04</ele>
			</trkpt>
			<trkpt lat="47.3665" lon="0.6125">
				<ele>44.04</ele>
			</trkpt>
			<trkpt lat="47.3664" lon="0.6124">
				<ele>44.04</ele>
			</trkpt>
			<trkpt lat="47.3663" lon="0.6123">
				<ele>44.04</ele>
			</trkpt>
			<trkpt lat="47.3662" lon="0.6122">
				<ele>44.04</ele>
			</trkpt>
			<trkpt lat="47.3661" lon="0.6121">
				<ele>44.04</ele>
			</trkpt>
			<trkpt lat="47.366" lon="0.612">
				<ele>44.04</ele>
			</trkpt>
			<trkpt lat="47.3659" lon="0.6118">
				<ele>44.04</ele>
			</trkpt>
			<trkpt lat="47.3658" lon="0.6117">
				<ele>43.94</ele>
			</trkpt>
			<trkpt lat="47.3657" lon="0.6115">
				<ele>43.94</ele>
			</trkpt>
			<trkpt lat="47.3656" lon="0.6113">
				<ele>43.94</ele>
			</trkpt>
			<trkpt lat="47.3656" lon="0.6111">
				<ele>43.94</ele>
			</trkpt>
			<trkpt lat="47.3655" lon="0.6111">
				<ele>43.94</ele>
			</trkpt>
			<trkpt lat="47.3655" lon="0.6108">
				<ele>43.94</ele>
			</trkpt>
			<trkpt lat="47.3654" lon="0.6108">
				<ele>43.94</ele>
			</trkpt>
			<trkpt lat="47.3654" lon="0.6106">
				<ele>43.94</ele>
			</trkpt>
			<trkpt lat="47.3653" lon="0.6105">
				<ele>43.94</ele>
			</trkpt>
			<trkpt lat="47.3653" lon="0.6103">
				<ele>43.94</ele>
			</trkpt>
			<trkpt lat="47.3652" lon="0.6102">
				<ele>43.94</ele>
			</trkpt>
			<trkpt lat="47.3651" lon="0.61">
				<ele>43.94</ele>
			</trkpt>
			<trkpt lat="47.365" lon="0.6098">
				<ele>44.14</ele>
			</trkpt>
			<trkpt lat="47.3649" lon="0.6097">
				<ele>44.14</ele>
			</trkpt>
			<trkpt lat="47.3648" lon="0.6095">
				<ele>44.14</ele>
			</trkpt>
			<trkpt lat="47.3647" lon="0.6094">
				<ele>44.14</ele>
			</trkpt>
			<trkpt lat="47.3646" lon="0.6092">
				<ele>44.14</ele>
			</trkpt>
			<trkpt lat="47.3645" lon="0.609">
				<ele>44.14</ele>
			</trkpt>
			<trkpt lat="47.3645" lon="0.6088">
				<ele>44.14</ele>
			</trkpt>
			<trkpt lat="47.3644" lon="0.6087">
				<ele>44.14</ele>
			</trkpt>
			<trkpt lat="47.3643" lon="0.6085">
				<ele>44.14</ele>
			</trkpt>
			<trkpt lat="47.3643" lon="0.6083">
				<ele>44.14</ele>
			</trkpt>
			<trkpt lat="47.3642" lon="0.6082">
				<ele>44.14</ele>
			</trkpt>
			<trkpt lat="47.3641" lon="0.608">
				<ele>44.14</ele>
			</trkpt>
			<trkpt lat="47.3641" lon="0.6078">
				<ele>44.14</ele>
			</trkpt>
			<trkpt lat="47.364" lon="0.6077">
				<ele>45.39</ele>
			</trkpt>
			<trkpt lat="47.364" lon="0.6075">
				<ele>45.39</ele>
			</trkpt>
			<trkpt lat="47.3639" lon="0.6074">
				<ele>45.39</ele>
			</trkpt>
			<trkpt lat="47.3639" lon="0.607">
				<ele>45.39</ele>
			</trkpt>
			<trkpt lat="47.3638" lon="0.607">
				<ele>45.39</ele>
			</trkpt>
			<trkpt lat="47.3638" lon="0.6068">
				<ele>45.39</ele>
			</trkpt>
			<trkpt lat="47.3637" lon="0.6067">
				<ele>45.39</ele>
			</trkpt>
			<trkpt lat="47.3637" lon="0.6065">
				<ele>45.39</ele>
			</trkpt>
			<trkpt lat="47.3636" lon="0.6064">
				<ele>45.39</ele>
			</trkpt>
			<trkpt lat="47.3636" lon="0.6061">
				<ele>45.39</ele>
			</trkpt>
			<trkpt lat="47.3635" lon="0.606">
				<ele>45.39</ele>
			</trkpt>
			<trkpt lat="47.3634" lon="0.6058">
				<ele>45.39</ele>
			</trkpt>
			<trkpt lat="47.3634" lon="0.6056">
				<ele>46.23</ele>
			</trkpt>
			<trkpt lat="47.3633" lon="0.6055">
				<ele>46.23</ele>
			</trkpt>
			<trkpt lat="47.3633" lon="0.6053">
				<ele>46.23</ele>
			</trkpt>
			<trkpt lat="47.3632" lon="0.6053">
				<ele>46.23</ele>
			</trkpt>
			<trkpt lat="47.3631" lon="0.6052">
				<ele>46.23</ele>
			</trkpt>
			<trkpt lat="47.3629" lon="0.6049">
				<ele>46.23</ele>
			</trkpt>
			<trkpt lat="47.3628" lon="0.6047">
				<ele>46.23</ele>
			</trkpt>
			<trkpt lat="47.3629" lon="0.6046">
				<ele>46.23</ele>
			</trkpt>
			<trkpt lat="47.3629" lon="0.60262">
				<ele>46.23</ele>
			</trkpt>
			<trkpt lat="47.3628" lon="0.6026">
				<ele>46.23</ele>
			</trkpt>
			<trkpt lat="47.3628" lon="0.60201">
				<ele>46.23</ele>
			</trkpt>
			<trkpt lat="47.3629" lon="0.602">
				<ele>46.23</ele>
			</trkpt>
			<trkpt lat="47.3629" lon="0.60061">
				<ele>46.23</ele>
			</trkpt>
			<trkpt lat="47.363" lon="0.6005">
				<ele>43.91</ele>
			</trkpt>
			<trkpt lat="47.363" lon="0.59872">
				<ele>43.91</ele>
			</trkpt>
			<trkpt lat="47.3631" lon="0.5986">
				<ele>43.91</ele>
			</trkpt>
			<trkpt lat="47.3631" lon="0.59781">
				<ele>43.91</ele>
			</trkpt>
			<trkpt lat="47.3632" lon="0.5977">
				<ele>43.91</ele>
			</trkpt>
			<trkpt lat="47.3632" lon="0.59661">
				<ele>43.91</ele>
			</trkpt>
			<trkpt lat="47.3633" lon="0.5966">
				<ele>43.91</ele>
			</trkpt>
			<trkpt lat="47.3633" lon="0.59591">
				<ele>43.91</ele>
			</trkpt>
			<trkpt lat="47.3634" lon="0.5958">
				<ele>43.91</ele>
			</trkpt>
			<trkpt lat="47.3634" lon="0.5955">
				<ele>43.91</ele>
			</trkpt>
			<trkpt lat="47.3635" lon="0.5954">
				<ele>43.91</ele>
			</trkpt>
			<trkpt lat="47.3635" lon="0.5952">
				<ele>43.91</ele>
			</trkpt>
			<trkpt lat="47.3636" lon="0.5951">
				<ele>45.33</ele>
			</trkpt>
			<trkpt lat="47.3636" lon="0.5949">
				<ele>45.33</ele>
			</trkpt>
			<trkpt lat="47.3637" lon="0.5948">
				<ele>45.33</ele>
			</trkpt>
			<trkpt lat="47.3637" lon="0.5946">
				<ele>45.33</ele>
			</trkpt>
			<trkpt lat="47.3638" lon="0.5945">
				<ele>45.33</ele>
			</trkpt>
			<trkpt lat="47.3638" lon="0.5942">
				<ele>45.33</ele>
			</trkpt>
			<trkpt lat="47.3639" lon="0.5941">
				<ele>45.33</ele>
			</trkpt>
			<trkpt lat="47.3639" lon="0.5939">
				<ele>45.33</ele>
			</trkpt>
			<trkpt lat="47.364" lon="0.5938">
				<ele>45.33</ele>
			</trkpt>
			<trkpt lat="47.364" lon="0.5934">
				<ele>45.33</ele>
			</trkpt>
			<trkpt lat="47.3641" lon="0.5933">
				<ele>45.33</ele>
			</trkpt>
			<trkpt lat="47.3641" lon="0.593">
				<ele>45.33</ele>
			</trkpt>
			<trkpt lat="47.3642" lon="0.5929">
				<ele>45.33</ele>
			</trkpt>
			<trkpt lat="47.3642" lon="0.5925">
				<ele>44.79</ele>
			</trkpt>
			<trkpt lat="47.3643" lon="0.5924">
				<ele>44.79</ele>
			</trkpt>
			<trkpt lat="47.3643" lon="0.592">
				<ele>44.79</ele>
			</trkpt>
			<trkpt lat="47.3644" lon="0.5919">
				<ele>44.79</ele>
			</trkpt>
			<trkpt lat="47.3644" lon="0.5914">
				<ele>44.79</ele>
			</trkpt>
			<trkpt lat="47.3645" lon="0.5913">
				<ele>44.79</ele>
			</trkpt>
			<trkpt lat="47.3645" lon="0.59071">
				<ele>44.79</ele>
			</trkpt>
			<trkpt lat="47.3646" lon="0.5906">
				<ele>44.79</ele>
			</trkpt>
			<trkpt lat="47.3646" lon="0.58832">
				<ele>44.79</ele>
			</trkpt>
			<trkpt lat="47.3645" lon="0.5883">
				<ele>44.79</ele>
			</trkpt>
			<trkpt lat="47.3645" lon="0.5878">
				<ele>44.79</ele>
			</trkpt>
			<trkpt lat="47.3644" lon="0.5878">
				<ele>44.79</ele>
			</trkpt>
			<trkpt lat="47.3644" lon="0.58701">
				<ele>45.92</ele>
			</trkpt>
			<trkpt lat="47.3643" lon="0.5869">
				<ele>45.92</ele>
			</trkpt>
			<trkpt lat="47.3643" lon="0.5865">
				<ele>45.92</ele>
			</trkpt>
			<trkpt lat="47.3642" lon="0.5864">
				<ele>45.92</ele>
			</trkpt>
			<trkpt lat="47.3642" lon="0.5862">
				<ele>45.92</ele>
			</trkpt>
			<trkpt lat="47.3641" lon="0.5861">
				<ele>45.92</ele>
			</trkpt>
			<trkpt lat="47.3641" lon="0.5859">
				<ele>45.92</ele>
			</trkpt>
			<trkpt lat="47.364" lon="0.5859">
				<ele>45.92</ele>
			</trkpt>
			<trkpt lat="47.364" lon="0.5856">
				<ele>45.92</ele>
			</trkpt>
			<trkpt lat="47.3639" lon="0.5856">
				<ele>45.92</ele>
			</trkpt>
			<trkpt lat="47.3639" lon="0.5854">
				<ele>45.92</ele>
			</trkpt>
			<trkpt lat="47.3638" lon="0.5853">
				<ele>45.92</ele>
			</trkpt>
			<trkpt lat="47.3638" lon="0.5851">
				<ele>45.92</ele>
			</trkpt>
			<trkpt lat="47.3637" lon="0.5851">
				<ele>44.78</ele>
			</trkpt>
			<trkpt lat="47.3637" lon="0.5849">
				<ele>44.78</ele>
			</trkpt>
			<trkpt lat="47.3636" lon="0.5848">
				<ele>44.78</ele>
			</trkpt>
			<trkpt lat="47.3636" lon="0.5846">
				<ele>44.78</ele>
			</trkpt>
			<trkpt lat="47.3635" lon="0.5845">
				<ele>44.78</ele>
			</trkpt>
			<trkpt lat="47.3635" lon="0.5843">
				<ele>44.78</ele>
			</trkpt>
			<trkpt lat="47.3634" lon="0.5842">
				<ele>44.78</ele>
			</trkpt>
			<trkpt lat="47.3633" lon="0.584">
				<ele>44.78</ele>
			</trkpt>
			<trkpt lat="47.3633" lon="0.5838">
				<ele>44.78</ele>
			</trkpt>
			<trkpt lat="47.3632" lon="0.5837">
				<ele>44.78</ele>
			</trkpt>
			<trkpt lat="47.3632" lon="0.5835">
				<ele>44.78</ele>
			</trkpt>
			<trkpt lat="47.3631" lon="0.5834">
				<ele>44.78</ele>
			</trkpt>
			<trkpt lat="47.3631" lon="0.5832">
				<ele>47.33</ele>
			</trkpt>
			<trkpt lat="47.363" lon="0.5831">
				<ele>47.33</ele>
			</trkpt>
			<trkpt lat="47.363" lon="0.5829">
				<ele>47.33</ele>
			</trkpt>
			<trkpt lat="47.3629" lon="0.5829">
				<ele>47.33</ele>
			</trkpt>
			<trkpt lat="47.3629" lon="0.5827">
				<ele>47.33</ele>
			</trkpt>
			<trkpt lat="47.3628" lon="0.5826">
				<ele>47.33</ele>
			</trkpt>
			<trkpt lat="47.3628" lon="0.5824">
				<ele>47.33</ele>
			</trkpt>
			<trkpt lat="47.3627" lon="0.5823">
				<ele>47.33</ele>
			</trkpt>
			<trkpt lat="47.3627" lon="0.5821">
				<ele>47.33</ele>
			</trkpt>
			<trkpt lat="47.3626" lon="0.5821">
				<ele>47.33</ele>
			</trkpt>
			<trkpt lat="47.3626" lon="0.5819">
				<ele>47.33</ele>
			</trkpt>
			<trkpt lat="47.3625" lon="0.5819">
				<ele>47.33</ele>
			</trkpt>
			<trkpt lat="47.3625" lon="0.5817">
				<ele>47.33</ele>
			</trkpt>
			<trkpt lat="47.3624" lon="0.5816">
				<ele>42.35</ele>
			</trkpt>
			<trkpt lat="47.3624" lon="0.5814">
				<ele>42.35</ele>
			</trkpt>
			<trkpt lat="47.3623" lon="0.5813">
				<ele>42.35</ele>
			</trkpt>
			<trkpt lat="47.3623" lon="0.5811">
				<ele>42.35</ele>
			</trkpt>
			<trkpt lat="47.3622" lon="0.5811">
				<ele>42.35</ele>
			</trkpt>
			<trkpt lat="47.3622" lon="0.5809">
				<ele>42.35</ele>
			</trkpt>
			<trkpt lat="47.3621" lon="0.5808">
				<ele>42.35</ele>
			</trkpt>
			<trkpt lat="47.3621" lon="0.5806">
				<ele>42.35</ele>
			</trkpt>
			<trkpt lat="47.362" lon="0.5805">
				<ele>42.35</ele>
			</trkpt>
			<trkpt lat="47.362" lon="0.5803">
				<ele>42.35</ele>
			</trkpt>
			<trkpt lat="47.3619" lon="0.5803">
				<ele>42.35</ele>
			</trkpt>
			<trkpt lat="47.3619" lon="0.5801">
				<ele>42.35</ele>
			</trkpt>
			<trkpt lat="47.3618" lon="0.58">
				<ele>44.11</ele>
			</trkpt>
			<trkpt lat="47.3617" lon="0.5798">
				<ele>44.11</ele>
			</trkpt>
			<trkpt lat="47.3616" lon="0.5796">
				<ele>44.11</ele>
			</trkpt>
			<trkpt lat="47.3616" lon="0.5792">
				<ele>44.11</ele>
			</trkpt>
			<trkpt lat="47.3615" lon="0.5791">
				<ele>44.11</ele>
			</trkpt>
			<trkpt lat="47.3615" lon="0.5788">
				<ele>44.11</ele>
			</trkpt>
			<trkpt lat="47.3614" lon="0.5787">
				<ele>44.11</ele>
			</trkpt>
			<trkpt lat="47.3613" lon="0.5785">
				<ele>44.11</ele>
			</trkpt>
			<trkpt lat="47.3612" lon="0.5783">
				<ele>44.11</ele>
			</trkpt>
			<trkpt lat="47.3612" lon="0.5779">
				<ele>44.11</ele>
			</trkpt>
			<trkpt lat="47.3611" lon="0.5778">
				<ele>44.11</ele>
			</trkpt>
			<trkpt lat="47.3611" lon="0.57671">
				<ele>44.11</ele>
			</trkpt>
			<trkpt lat="47.361" lon="0.5767">
				<ele>44.11</ele>
			</trkpt>
			<trkpt lat="47.361" lon="0.5764">
				<ele>44.35</ele>
			</trkpt>
			<trkpt lat="47.3609" lon="0.5763">
				<ele>44.35</ele>
			</trkpt>
			<trkpt lat="47.3609" lon="0.5758">
				<ele>44.35</ele>
			</trkpt>
			<trkpt lat="47.3608" lon="0.5757">
				<ele>44.35</ele>
			</trkpt>
			<trkpt lat="47.3608" lon="0.5752">
				<ele>44.35</ele>
			</trkpt>
			<trkpt lat="47.3607" lon="0.5751">
				<ele>44.35</ele>
			</trkpt>
			<trkpt lat="47.3607" lon="0.57055">
				<ele>44.35</ele>
			</trkpt>
			<trkpt lat="47.3608" lon="0.5705">
				<ele>44.35</ele>
			</trkpt>
			<trkpt lat="47.3608" lon="0.5702">
				<ele>44.35</ele>
			</trkpt>
			<trkpt lat="47.3609" lon="0.5701">
				<ele>44.35</ele>
			</trkpt>
			<trkpt lat="47.3609" lon="0.5699">
				<ele>44.35</ele>
			</trkpt>
			<trkpt lat="47.361" lon="0.5698">
				<ele>44.35</ele>
			</trkpt>
			<trkpt lat="47.3611" lon="0.5697">
				<ele>44.67</ele>
			</trkpt>
			<trkpt lat="47.3611" lon="0.5695">
				<ele>44.67</ele>
			</trkpt>
			<trkpt lat="47.3612" lon="0.5695">
				<ele>44.67</ele>
			</trkpt>
			<trkpt lat="47.3613" lon="0.5693">
				<ele>44.67</ele>
			</trkpt>
			<trkpt lat="47.3614" lon="0.5691">
				<ele>44.67</ele>
			</trkpt>
			<trkpt lat="47.3615" lon="0.5689">
				<ele>44.67</ele>
			</trkpt>
			<trkpt lat="47.3616" lon="0.5687">
				<ele>44.67</ele>
			</trkpt>
			<trkpt lat="47.3616" lon="0.5685">
				<ele>44.67</ele>
			</trkpt>
			<trkpt lat="47.3617" lon="0.5685">
				<ele>44.67</ele>
			</trkpt>
			<trkpt lat="47.3618" lon="0.5683">
				<ele>44.67</ele>
			</trkpt>
			<trkpt lat="47.3619" lon="0.5682">
				<ele>44.67</ele>
			</trkpt>
			<trkpt lat="47.362" lon="0.568">
				<ele>44.67</ele>
			</trkpt>
			<trkpt lat="47.3621" lon="0.5678">
				<ele>44.67</ele>
			</trkpt>
			<trkpt lat="47.3622" lon="0.5676">
				<ele>45.32</ele>
			</trkpt>
			<trkpt lat="47.3623" lon="0.5674">
				<ele>45.32</ele>
			</trkpt>
			<trkpt lat="47.3623" lon="0.5672">
				<ele>45.32</ele>
			</trkpt>
			<trkpt lat="47.3624" lon="0.5672">
				<ele>45.32</ele>
			</trkpt>
			<trkpt lat="47.3624" lon="0.567">
				<ele>45.32</ele>
			</trkpt>
			<trkpt lat="47.3625" lon="0.5669">
				<ele>45.32</ele>
			</trkpt>
			<trkpt lat="47.3626" lon="0.5667">
				<ele>45.32</ele>
			</trkpt>
			<trkpt lat="47.3626" lon="0.5665">
				<ele>45.32</ele>
			</trkpt>
			<trkpt lat="47.3627" lon="0.5665">
				<ele>45.32</ele>
			</trkpt>
			<trkpt lat="47.3627" lon="0.5663">
				<ele>45.32</ele>
			</trkpt>
			<trkpt lat="47.3628" lon="0.5663">
				<ele>45.32</ele>
			</trkpt>
			<trkpt lat="47.3629" lon="0.5661">
				<ele>45.32</ele>
			</trkpt>
			<trkpt lat="47.363" lon="0.5659">
				<ele>39.59</ele>
			</trkpt>
			<trkpt lat="47.3631" lon="0.5657">
				<ele>39.59</ele>
			</trkpt>
			<trkpt lat="47.3632" lon="0.5655">
				<ele>39.59</ele>
			</trkpt>
			<trkpt lat="47.3633" lon="0.5653">
				<ele>39.59</ele>
			</trkpt>
			<trkpt lat="47.3633" lon="0.5651">
				<ele>39.59</ele>
			</trkpt>
			<trkpt lat="47.3634" lon="0.565">
				<ele>39.59</ele>
			</trkpt>
			<trkpt lat="47.3634" lon="0.5647">
				<ele>39.59</ele>
			</trkpt>
			<trkpt lat="47.3635" lon="0.5646">
				<ele>39.59</ele>
			</trkpt>
			<trkpt lat="47.3635" lon="0.56331">
				<ele>39.59</ele>
			</trkpt>
			<trkpt lat="47.3634" lon="0.5632">
				<ele>39.59</ele>
			</trkpt>
			<trkpt lat="47.3634" lon="0.5628">
				<ele>39.59</ele>
			</trkpt>
			<trkpt lat="47.3633" lon="0.5628">
				<ele>39.59</ele>
			</trkpt>
			<trkpt lat="47.3633" lon="0.5624">
				<ele>39.59</ele>
			</trkpt>
			<trkpt lat="47.3632" lon="0.5624">
				<ele>39</ele>
			</trkpt>
			<trkpt lat="47.3632" lon="0.5622">
				<ele>39</ele>
			</trkpt>
			<trkpt lat="47.3631" lon="0.5621">
				<ele>39</ele>
			</trkpt>
			<trkpt lat="47.3631" lon="0.5619">
				<ele>39</ele>
			</trkpt>
			<trkpt lat="47.363" lon="0.5618">
				<ele>39</ele>
			</trkpt>
			<trkpt lat="47.363" lon="0.5616">
				<ele>39</ele>
			</trkpt>
			<trkpt lat="47.3629" lon="0.5616">
				<ele>39</ele>
			</trkpt>
			<trkpt lat="47.3628" lon="0.5615">
				<ele>39</ele>
			</trkpt>
			<trkpt lat="47.3627" lon="0.5613">
				<ele>39</ele>
			</trkpt>
			<trkpt lat="47.3626" lon="0.5613">
				<ele>39</ele>
			</trkpt>
			<trkpt lat="47.3626" lon="0.5611">
				<ele>39</ele>
			</trkpt>
			<trkpt lat="47.3625" lon="0.561">
				<ele>39</ele>
			</trkpt>
			<trkpt lat="47.3624" lon="0.5608">
				<ele>48.14</ele>
			</trkpt>
			<trkpt lat="47.3623" lon="0.5607">
				<ele>48.14</ele>
			</trkpt>
			<trkpt lat="47.3622" lon="0.5606">
				<ele>48.14</ele>
			</trkpt>
			<trkpt lat="47.3622" lon="0.5604">
				<ele>48.14</ele>
			</trkpt>
			<trkpt lat="47.3621" lon="0.5603">
				<ele>48.14</ele>
			</trkpt>
			<trkpt lat="47.3621" lon="0.5601">
				<ele>48.14</ele>
			</trkpt>
			<trkpt lat="47.362" lon="0.56">
				<ele>48.14</ele>
			</trkpt>
			<trkpt lat="47.362" lon="0.5598">
				<ele>48.14</ele>
			</trkpt>
			<trkpt lat="47.3619" lon="0.5598">
				<ele>48.14</ele>
			</trkpt>
			<trkpt lat="47.3619" lon="0.5596">
				<ele>48.14</ele>
			</trkpt>
			<trkpt lat="47.3618" lon="0.5596">
				<ele>48.14</ele>
			</trkpt>
			<trkpt lat="47.3618" lon="0.5593">
				<ele>48.14</ele>
			</trkpt>
			<trkpt lat="47.3617" lon="0.5592">
				<ele>48.14</ele>
			</trkpt>
			<trkpt lat="47.3617" lon="0.559">
				<ele>41.95</ele>
			</trkpt>
			<trkpt lat="47.3616" lon="0.559">
				<ele>41.95</ele>
			</trkpt>
			<trkpt lat="47.3616" lon="0.5588">
				<ele>41.95</ele>
			</trkpt>
			<trkpt lat="47.3615" lon="0.5587">
				<ele>41.95</ele>
			</trkpt>
			<trkpt lat="47.3615" lon="0.5585">
				<ele>41.95</ele>
			</trkpt>
			<trkpt lat="47.3614" lon="0.5585">
				<ele>41.95</ele>
			</trkpt>
			<trkpt lat="47.3614" lon="0.5583">
				<ele>41.95</ele>
			</trkpt>
			<trkpt lat="47.3613" lon="0.5583">
				<ele>41.95</ele>
			</trkpt>
			<trkpt lat="47.361" lon="0.5579">
				<ele>41.95</ele>
			</trkpt>
			<trkpt lat="47.3609" lon="0.5578">
				<ele>41.95</ele>
			</trkpt>
			<trkpt lat="47.3608" lon="0.5577">
				<ele>41.95</ele>
			</trkpt>
			<trkpt lat="47.3608" lon="0.5575">
				<ele>41.95</ele>
			</trkpt>
			<trkpt lat="47.3607" lon="0.5574">
				<ele>42.98</ele>
			</trkpt>
			<trkpt lat="47.3607" lon="0.5572">
				<ele>42.98</ele>
			</trkpt>
			<trkpt lat="47.3606" lon="0.5572">
				<ele>42.98</ele>
			</trkpt>
			<trkpt lat="47.3606" lon="0.5569">
				<ele>42.98</ele>
			</trkpt>
			<trkpt lat="47.3605" lon="0.5568">
				<ele>42.98</ele>
			</trkpt>
			<trkpt lat="47.3605" lon="0.5564">
				<ele>42.98</ele>
			</trkpt>
			<trkpt lat="47.3604" lon="0.5563">
				<ele>42.98</ele>
			</trkpt>
			<trkpt lat="47.3604" lon="0.5559">
				<ele>42.98</ele>
			</trkpt>
			<trkpt lat="47.3603" lon="0.5558">
				<ele>42.98</ele>
			</trkpt>
			<trkpt lat="47.3603" lon="0.5554">
				<ele>42.98</ele>
			</trkpt>
			<trkpt lat="47.3602" lon="0.5553">
				<ele>42.98</ele>
			</trkpt>
			<trkpt lat="47.3602" lon="0.5551">
				<ele>42.98</ele>
			</trkpt>
			<trkpt lat="47.3601" lon="0.555">
				<ele>42.98</ele>
			</trkpt>
			<trkpt lat="47.36" lon="0.5548">
				<ele>45.23</ele>
			</trkpt>
			<trkpt lat="47.3599" lon="0.5546">
				<ele>45.23</ele>
			</trkpt>
			<trkpt lat="47.3598" lon="0.5545">
				<ele>45.23</ele>
			</trkpt>
			<trkpt lat="47.3598" lon="0.5543">
				<ele>45.23</ele>
			</trkpt>
			<trkpt lat="47.3597" lon="0.5542">
				<ele>45.23</ele>
			</trkpt>
			<trkpt lat="47.3597" lon="0.55301">
				<ele>45.23</ele>
			</trkpt>
			<trkpt lat="47.3596" lon="0.5529">
				<ele>45.23</ele>
			</trkpt>
			<trkpt lat="47.3596" lon="0.5527">
				<ele>45.23</ele>
			</trkpt>
			<trkpt lat="47.3595" lon="0.5526">
				<ele>45.23</ele>
			</trkpt>
			<trkpt lat="47.3596" lon="0.5526">
				<ele>45.23</ele>
			</trkpt>
			<trkpt lat="47.3598" lon="0.5525">
				<ele>45.23</ele>
			</trkpt>
			<trkpt lat="47.3599" lon="0.5524">
				<ele>45.23</ele>
			</trkpt>
			<trkpt lat="47.36" lon="0.5524">
				<ele>42.57</ele>
			</trkpt>
			<trkpt lat="47.3601" lon="0.5523">
				<ele>42.57</ele>
			</trkpt>
			<trkpt lat="47.3601" lon="0.55091">
				<ele>42.57</ele>
			</trkpt>
			<trkpt lat="47.36" lon="0.5508">
				<ele>42.57</ele>
			</trkpt>
			<trkpt lat="47.36" lon="0.5503">
				<ele>42.57</ele>
			</trkpt>
			<trkpt lat="47.3599" lon="0.5503">
				<ele>42.57</ele>
			</trkpt>
			<trkpt lat="47.3599" lon="0.5499">
				<ele>42.57</ele>
			</trkpt>
			<trkpt lat="47.3598" lon="0.5498">
				<ele>42.57</ele>
			</trkpt>
			<trkpt lat="47.3598" lon="0.5494">
				<ele>42.57</ele>
			</trkpt>
			<trkpt lat="47.3597" lon="0.5493">
				<ele>42.57</ele>
			</trkpt>
			<trkpt lat="47.3597" lon="0.5489">
				<ele>42.57</ele>
			</trkpt>
			<trkpt lat="47.3596" lon="0.5489">
				<ele>42.57</ele>
			</trkpt>
			<trkpt lat="47.3596" lon="0.5486">
				<ele>42.57</ele>
			</trkpt>
			<trkpt lat="47.3595" lon="0.5486">
				<ele>41.95</ele>
			</trkpt>
			<trkpt lat="47.3595" lon="0.5483">
				<ele>41.95</ele>
			</trkpt>
			<trkpt lat="47.3594" lon="0.5482">
				<ele>41.95</ele>
			</trkpt>
			<trkpt lat="47.3593" lon="0.5481">
				<ele>41.95</ele>
			</trkpt>
			<trkpt lat="47.3592" lon="0.5479">
				<ele>41.95</ele>
			</trkpt>
			<trkpt lat="47.3591" lon="0.5478">
				<ele>41.95</ele>
			</trkpt>
			<trkpt lat="47.359" lon="0.5477">
				<ele>41.95</ele>
			</trkpt>
			<trkpt lat="47.3589" lon="0.5475">
				<ele>41.95</ele>
			</trkpt>
			<trkpt lat="47.3588" lon="0.5474">
				<ele>41.95</ele>
			</trkpt>
			<trkpt lat="47.3587" lon="0.5473">
				<ele>41.95</ele>
			</trkpt>
			<trkpt lat="47.3586" lon="0.5472">
				<ele>41.95</ele>
			</trkpt>
			<trkpt lat="47.3585" lon="0.5471">
				<ele>41.95</ele>
			</trkpt>
			<trkpt lat="47.3584" lon="0.5469">
				<ele>43.09</ele>
			</trkpt>
			<trkpt lat="47.3583" lon="0.5469">
				<ele>43.09</ele>
			</trkpt>
			<trkpt lat="47.3582" lon="0.5468">
				<ele>43.09</ele>
			</trkpt>
			<trkpt lat="47.3581" lon="0.5467">
				<ele>43.09</ele>
			</trkpt>
			<trkpt lat="47.358" lon="0.5466">
				<ele>43.09</ele>
			</trkpt>
			<trkpt lat="47.3579" lon="0.5466">
				<ele>43.09</ele>
			</trkpt>
			<trkpt lat="47.3578" lon="0.5465">
				<ele>43.09</ele>
			</trkpt>
			<trkpt lat="47.3577" lon="0.5465">
				<ele>43.09</ele>
			</trkpt>
			<trkpt lat="47.3576" lon="0.5464">
				<ele>43.09</ele>
			</trkpt>
			<trkpt lat="47.3573" lon="0.5464">
				<ele>43.09</ele>
			</trkpt>
			<trkpt lat="47.3572" lon="0.5463">
				<ele>43.09</ele>
			</trkpt>
			<trkpt lat="47.3567" lon="0.5463">
				<ele>43.09</ele>
			</trkpt>
			<trkpt lat="47.3565" lon="0.5464">
				<ele>43.09</ele>
			</trkpt>
			<trkpt lat="47.3564" lon="0.5465">
				<ele>42.84</ele>
			</trkpt>
			<trkpt lat="47.3563" lon="0.5465">
				<ele>42.84</ele>
			</trkpt>
			<trkpt lat="47.3561" lon="0.5467">
				<ele>42.84</ele>
			</trkpt>
			<trkpt lat="47.356" lon="0.5467">
				<ele>42.84</ele>
			</trkpt>
			<trkpt lat="47.3558" lon="0.547">
				<ele>42.84</ele>
			</trkpt>
			<trkpt lat="47.3557" lon="0.5471">
				<ele>42.84</ele>
			</trkpt>
			<trkpt lat="47.3556" lon="0.5473">
				<ele>42.84</ele>
			</trkpt>
			<trkpt lat="47.3555" lon="0.5473">
				<ele>42.84</ele>
			</trkpt>
			<trkpt lat="47.3554" lon="0.5474">
				<ele>42.84</ele>
			</trkpt>
			<trkpt lat="47.3553" lon="0.5475">
				<ele>42.84</ele>
			</trkpt>
			<trkpt lat="47.355" lon="0.5478">
				<ele>42.84</ele>
			</trkpt>
			<trkpt lat="47.3549" lon="0.5479">
				<ele>42.84</ele>
			</trkpt>
			<trkpt lat="47.3548" lon="0.548">
				<ele>44.34</ele>
			</trkpt>
			<trkpt lat="47.3543" lon="0.5485">
				<ele>44.34</ele>
			</trkpt>
			<trkpt lat="47.3542" lon="0.5486">
				<ele>44.34</ele>
			</trkpt>
			<trkpt lat="47.354" lon="0.5488">
				<ele>44.34</ele>
			</trkpt>
			<trkpt lat="47.3539" lon="0.5489">
				<ele>44.34</ele>
			</trkpt>
			<trkpt lat="47.3538" lon="0.549">
				<ele>44.34</ele>
			</trkpt>
			<trkpt lat="47.3537" lon="0.549">
				<ele>44.34</ele>
			</trkpt>
			<trkpt lat="47.3536" lon="0.5491">
				<ele>44.34</ele>
			</trkpt>
			<trkpt lat="47.3535" lon="0.5492">
				<ele>44.34</ele>
			</trkpt>
			<trkpt lat="47.3534" lon="0.5493">
				<ele>44.34</ele>
			</trkpt>
			<trkpt lat="47.3533" lon="0.5493">
				<ele>44.34</ele>
			</trkpt>
			<trkpt lat="47.3532" lon="0.5494">
				<ele>44.34</ele>
			</trkpt>
			<trkpt lat="47.3531" lon="0.5495">
				<ele>44.07</ele>
			</trkpt>
			<trkpt lat="47.3529" lon="0.5495">
				<ele>44.07</ele>
			</trkpt>
			<trkpt lat="47.3525" lon="0.5496">
				<ele>44.07</ele>
			</trkpt>
			<trkpt lat="47.35171" lon="0.5497">
				<ele>44.07</ele>
			</trkpt>
			<trkpt lat="47.35111" lon="0.5498">
				<ele>44.07</ele>
			</trkpt>
			<trkpt lat="47.351" lon="0.5497">
				<ele>44.07</ele>
			</trkpt>
			<trkpt lat="47.3509" lon="0.5497">
				<ele>44.07</ele>
			</trkpt>
			<trkpt lat="47.3507" lon="0.5496">
				<ele>44.07</ele>
			</trkpt>
			<trkpt lat="47.3506" lon="0.5495">
				<ele>44.07</ele>
			</trkpt>
			<trkpt lat="47.3504" lon="0.5494">
				<ele>44.07</ele>
			</trkpt>
			<trkpt lat="47.3502" lon="0.5493">
				<ele>44.07</ele>
			</trkpt>
			<trkpt lat="47.3501" lon="0.5492">
				<ele>44.07</ele>
			</trkpt>
			<trkpt lat="47.3499" lon="0.5491">
				<ele>44.07</ele>
			</trkpt>
			<trkpt lat="47.3497" lon="0.549">
				<ele>43.49</ele>
			</trkpt>
			<trkpt lat="47.3495" lon="0.5489">
				<ele>43.49</ele>
			</trkpt>
			<trkpt lat="47.3494" lon="0.5488">
				<ele>43.49</ele>
			</trkpt>
			<trkpt lat="47.3492" lon="0.5488">
				<ele>43.49</ele>
			</trkpt>
			<trkpt lat="47.3492" lon="0.5485">
				<ele>43.49</ele>
			</trkpt>
			<trkpt lat="47.3491" lon="0.5485">
				<ele>43.49</ele>
			</trkpt>
			<trkpt lat="47.3491" lon="0.5483">
				<ele>43.49</ele>
			</trkpt>
			<trkpt lat="47.349" lon="0.5483">
				<ele>43.49</ele>
			</trkpt>
			<trkpt lat="47.349" lon="0.5481">
				<ele>43.49</ele>
			</trkpt>
			<trkpt lat="47.3489" lon="0.5481">
				<ele>43.49</ele>
			</trkpt>
			<trkpt lat="47.3489" lon="0.5479">
				<ele>43.49</ele>
			</trkpt>
			<trkpt lat="47.3488" lon="0.5479">
				<ele>43.49</ele>
			</trkpt>
			<trkpt lat="47.3488" lon="0.5477">
				<ele>42.53</ele>
			</trkpt>
			<trkpt lat="47.3487" lon="0.5477">
				<ele>42.53</ele>
			</trkpt>
			<trkpt lat="47.3486" lon="0.5475">
				<ele>42.53</ele>
			</trkpt>
			<trkpt lat="47.3486" lon="0.54691">
				<ele>42.53</ele>
			</trkpt>
			<trkpt lat="47.3485" lon="0.5468">
				<ele>42.53</ele>
			</trkpt>
			<trkpt lat="47.3485" lon="0.54621">
				<ele>42.53</ele>
			</trkpt>
			<trkpt lat="47.3484" lon="0.5462">
				<ele>42.53</ele>
			</trkpt>
			<trkpt lat="47.3484" lon="0.5459">
				<ele>42.53</ele>
			</trkpt>
			<trkpt lat="47.3483" lon="0.5459">
				<ele>42.53</ele>
			</trkpt>
			<trkpt lat="47.3483" lon="0.5456">
				<ele>42.53</ele>
			</trkpt>
			<trkpt lat="47.3482" lon="0.5456">
				<ele>42.53</ele>
			</trkpt>
			<trkpt lat="47.3481" lon="0.5455">
				<ele>42.53</ele>
			</trkpt>
			<trkpt lat="47.3481" lon="0.5452">
				<ele>42.53</ele>
			</trkpt>
			<trkpt lat="47.3479" lon="0.545">
				<ele>39.74</ele>
			</trkpt>
			<trkpt lat="47.3479" lon="0.54411">
				<ele>39.74</ele>
			</trkpt>
			<trkpt lat="47.3478" lon="0.5441">
				<ele>39.74</ele>
			</trkpt>
			<trkpt lat="47.3478" lon="0.54311">
				<ele>39.74</ele>
			</trkpt>
			<trkpt lat="47.3477" lon="0.543">
				<ele>39.74</ele>
			</trkpt>
			<trkpt lat="47.3477" lon="0.54221">
				<ele>39.74</ele>
			</trkpt>
			<trkpt lat="47.3476" lon="0.5421">
				<ele>39.74</ele>
			</trkpt>
			<trkpt lat="47.3477" lon="0.542">
				<ele>39.74</ele>
			</trkpt>
			<trkpt lat="47.3476" lon="0.542">
				<ele>39.74</ele>
			</trkpt>
			<trkpt lat="47.3476" lon="0.54131">
				<ele>39.74</ele>
			</trkpt>
			<trkpt lat="47.3475" lon="0.5413">
				<ele>39.74</ele>
			</trkpt>
			<trkpt lat="47.3475" lon="0.53952">
				<ele>39.74</ele>
			</trkpt>
			<trkpt lat="47.3474" lon="0.5395">
				<ele>44.96</ele>
			</trkpt>
			<trkpt lat="47.3474" lon="0.53831">
				<ele>44.96</ele>
			</trkpt>
			<trkpt lat="47.3473" lon="0.5382">
				<ele>44.96</ele>
			</trkpt>
			<trkpt lat="47.3473" lon="0.5378">
				<ele>44.96</ele>
			</trkpt>
			<trkpt lat="47.3472" lon="0.5377">
				<ele>44.96</ele>
			</trkpt>
			<trkpt lat="47.3472" lon="0.5372">
				<ele>44.96</ele>
			</trkpt>
			<trkpt lat="47.3471" lon="0.5371">
				<ele>44.96</ele>
			</trkpt>
			<trkpt lat="47.3471" lon="0.5367">
				<ele>44.96</ele>
			</trkpt>
			<trkpt lat="47.347" lon="0.5366">
				<ele>44.96</ele>
			</trkpt>
			<trkpt lat="47.347" lon="0.53551">
				<ele>44.96</ele>
			</trkpt>
			<trkpt lat="47.3469" lon="0.5354">
				<ele>44.96</ele>
			</trkpt>
			<trkpt lat="47.3469" lon="0.5352">
				<ele>44.96</ele>
			</trkpt>
			<trkpt lat="47.347" lon="0.5352">
				<ele>44.96</ele>
			</trkpt>
			<trkpt lat="47.347" lon="0.53381">
				<ele>39.97</ele>
			</trkpt>
			<trkpt lat="47.3471" lon="0.5338">
				<ele>39.97</ele>
			</trkpt>
			<trkpt lat="47.3471" lon="0.53311">
				<ele>39.97</ele>
			</trkpt>
			<trkpt lat="47.3472" lon="0.533">
				<ele>39.97</ele>
			</trkpt>
			<trkpt lat="47.3472" lon="0.5327">
				<ele>39.97</ele>
			</trkpt>
			<trkpt lat="47.3473" lon="0.5326">
				<ele>39.97</ele>
			</trkpt>
			<trkpt lat="47.3473" lon="0.5324">
				<ele>39.97</ele>
			</trkpt>
			<trkpt lat="47.3472" lon="0.5324">
				<ele>39.97</ele>
			</trkpt>
			<trkpt lat="47.3472" lon="0.53171">
				<ele>39.97</ele>
			</trkpt>
			<trkpt lat="47.3471" lon="0.5316">
				<ele>39.97</ele>
			</trkpt>
			<trkpt lat="47.3472" lon="0.5315">
				<ele>39.97</ele>
			</trkpt>
			<trkpt lat="47.3472" lon="0.5311">
				<ele>39.97</ele>
			</trkpt>
			<trkpt lat="47.3471" lon="0.531">
				<ele>40.31</ele>
			</trkpt>
			<trkpt lat="47.3471" lon="0.5307">
				<ele>40.31</ele>
			</trkpt>
			<trkpt lat="47.347" lon="0.5306">
				<ele>40.31</ele>
			</trkpt>
			<trkpt lat="47.347" lon="0.5304">
				<ele>40.31</ele>
			</trkpt>
			<trkpt lat="47.3469" lon="0.5303">
				<ele>40.31</ele>
			</trkpt>
			<trkpt lat="47.3469" lon="0.52961">
				<ele>40.31</ele>
			</trkpt>
			<trkpt lat="47.347" lon="0.5295">
				<ele>40.31</ele>
			</trkpt>
			<trkpt lat="47.347" lon="0.5293">
				<ele>40.31</ele>
			</trkpt>
			<trkpt lat="47.3471" lon="0.5293">
				<ele>40.31</ele>
			</trkpt>
			<trkpt lat="47.3471" lon="0.52821">
				<ele>40.31</ele>
			</trkpt>
			<trkpt lat="47.347" lon="0.5281">
				<ele>40.31</ele>
			</trkpt>
			<trkpt lat="47.347" lon="0.5279">
				<ele>40.31</ele>
			</trkpt>
			<trkpt lat="47.3469" lon="0.5278">
				<ele>40.31</ele>
			</trkpt>
			<trkpt lat="47.3469" lon="0.5275">
				<ele>39.53</ele>
			</trkpt>
			<trkpt lat="47.3468" lon="0.5274">
				<ele>39.53</ele>
			</trkpt>
			<trkpt lat="47.3468" lon="0.5272">
				<ele>39.53</ele>
			</trkpt>
			<trkpt lat="47.3467" lon="0.5271">
				<ele>39.53</ele>
			</trkpt>
			<trkpt lat="47.3467" lon="0.5268">
				<ele>39.53</ele>
			</trkpt>
			<trkpt lat="47.3466" lon="0.5268">
				<ele>39.53</ele>
			</trkpt>
			<trkpt lat="47.3466" lon="0.5265">
				<ele>39.53</ele>
			</trkpt>
			<trkpt lat="47.3465" lon="0.5264">
				<ele>39.53</ele>
			</trkpt>
			<trkpt lat="47.3465" lon="0.5261">
				<ele>39.53</ele>
			</trkpt>
			<trkpt lat="47.3464" lon="0.526">
				<ele>39.53</ele>
			</trkpt>
			<trkpt lat="47.3463" lon="0.5259">
				<ele>39.53</ele>
			</trkpt>
			<trkpt lat="47.3463" lon="0.5257">
				<ele>39.53</ele>
			</trkpt>
			<trkpt lat="47.3462" lon="0.5257">
				<ele>40.2</ele>
			</trkpt>
			<trkpt lat="47.3461" lon="0.5255">
				<ele>40.2</ele>
			</trkpt>
			<trkpt lat="47.346" lon="0.5253">
				<ele>40.2</ele>
			</trkpt>
			<trkpt lat="47.3459" lon="0.5252">
				<ele>40.2</ele>
			</trkpt>
			<trkpt lat="47.3459" lon="0.5249">
				<ele>40.2</ele>
			</trkpt>
			<trkpt lat="47.3458" lon="0.5249">
				<ele>40.2</ele>
			</trkpt>
			<trkpt lat="47.3458" lon="0.5245">
				<ele>40.2</ele>
			</trkpt>
			<trkpt lat="47.3457" lon="0.5245">
				<ele>40.2</ele>
			</trkpt>
			<trkpt lat="47.3457" lon="0.5243">
				<ele>40.2</ele>
			</trkpt>
			<trkpt lat="47.3455" lon="0.5241">
				<ele>40.2</ele>
			</trkpt>
			<trkpt lat="47.3453" lon="0.5238">
				<ele>40.2</ele>
			</trkpt>
			<trkpt lat="47.3453" lon="0.5236">
				<ele>40.2</ele>
			</trkpt>
			<trkpt lat="47.3452" lon="0.5236">
				<ele>40.2</ele>
			</trkpt>
			<trkpt lat="47.3452" lon="0.5234">
				<ele>41.86</ele>
			</trkpt>
			<trkpt lat="47.3451" lon="0.5234">
				<ele>41.86</ele>
			</trkpt>
			<trkpt lat="47.3451" lon="0.5232">
				<ele>41.86</ele>
			</trkpt>
			<trkpt lat="47.345" lon="0.5232">
				<ele>41.86</ele>
			</trkpt>
			<trkpt lat="47.3449" lon="0.523">
				<ele>41.86</ele>
			</trkpt>
			<trkpt lat="47.3448" lon="0.5228">
				<ele>41.86</ele>
			</trkpt>
			<trkpt lat="47.3447" lon="0.5226">
				<ele>41.86</ele>
			</trkpt>
			<trkpt lat="47.3446" lon="0.5224">
				<ele>41.86</ele>
			</trkpt>
			<trkpt lat="47.3445" lon="0.5223">
				<ele>41.86</ele>
			</trkpt>
			<trkpt lat="47.3445" lon="0.5221">
				<ele>41.86</ele>
			</trkpt>
			<trkpt lat="47.3444" lon="0.5221">
				<ele>41.86</ele>
			</trkpt>
			<trkpt lat="47.3444" lon="0.5219">
				<ele>41.86</ele>
			</trkpt>
			<trkpt lat="47.3442" lon="0.5217">
				<ele>40.35</ele>
			</trkpt>
			<trkpt lat="47.3441" lon="0.5215">
				<ele>40.35</ele>
			</trkpt>
			<trkpt lat="47.3441" lon="0.5213">
				<ele>40.35</ele>
			</trkpt>
			<trkpt lat="47.344" lon="0.5212">
				<ele>40.35</ele>
			</trkpt>
			<trkpt lat="47.344" lon="0.521">
				<ele>40.35</ele>
			</trkpt>
			<trkpt lat="47.3439" lon="0.521">
				<ele>40.35</ele>
			</trkpt>
			<trkpt lat="47.3439" lon="0.5208">
				<ele>40.35</ele>
			</trkpt>
			<trkpt lat="47.3438" lon="0.5207">
				<ele>40.35</ele>
			</trkpt>
			<trkpt lat="47.3437" lon="0.5205">
				<ele>40.35</ele>
			</trkpt>
			<trkpt lat="47.3437" lon="0.51961">
				<ele>40.35</ele>
			</trkpt>
			<trkpt lat="47.3436" lon="0.5195">
				<ele>40.35</ele>
			</trkpt>
			<trkpt lat="47.3436" lon="0.51851">
				<ele>40.35</ele>
			</trkpt>
			<trkpt lat="47.3435" lon="0.5184">
				<ele>40.35</ele>
			</trkpt>
			<trkpt lat="47.3435" lon="0.51652">
				<ele>41.4</ele>
			</trkpt>
			<trkpt lat="47.3436" lon="0.5165">
				<ele>41.4</ele>
			</trkpt>
			<trkpt lat="47.3436" lon="0.51571">
				<ele>41.4</ele>
			</trkpt>
			<trkpt lat="47.3437" lon="0.5156">
				<ele>41.4</ele>
			</trkpt>
			<trkpt lat="47.3437" lon="0.5151">
				<ele>41.4</ele>
			</trkpt>
			<trkpt lat="47.3438" lon="0.5151">
				<ele>41.4</ele>
			</trkpt>
			<trkpt lat="47.3438" lon="0.5147">
				<ele>41.4</ele>
			</trkpt>
			<trkpt lat="47.3439" lon="0.5146">
				<ele>41.4</ele>
			</trkpt>
			<trkpt lat="47.3439" lon="0.5141">
				<ele>41.4</ele>
			</trkpt>
			<trkpt lat="47.344" lon="0.514">
				<ele>41.4</ele>
			</trkpt>
			<trkpt lat="47.344" lon="0.51331">
				<ele>41.4</ele>
			</trkpt>
			<trkpt lat="47.3441" lon="0.5132">
				<ele>41.4</ele>
			</trkpt>
			<trkpt lat="47.3441" lon="0.51231">
				<ele>40.83</ele>
			</trkpt>
			<trkpt lat="47.3442" lon="0.5122">
				<ele>40.83</ele>
			</trkpt>
			<trkpt lat="47.3442" lon="0.50903">
				<ele>40.83</ele>
			</trkpt>
			<trkpt lat="47.3443" lon="0.5089">
				<ele>40.83</ele>
			</trkpt>
			<trkpt lat="47.3443" lon="0.50821">
				<ele>40.83</ele>
			</trkpt>
			<trkpt lat="47.3444" lon="0.5081">
				<ele>40.83</ele>
			</trkpt>
			<trkpt lat="47.3444" lon="0.5078">
				<ele>40.83</ele>
			</trkpt>
			<trkpt lat="47.3445" lon="0.5078">
				<ele>40.83</ele>
			</trkpt>
			<trkpt lat="47.3445" lon="0.50701">
				<ele>40.83</ele>
			</trkpt>
			<trkpt lat="47.3446" lon="0.5069">
				<ele>40.83</ele>
			</trkpt>
			<trkpt lat="47.3445" lon="0.5068">
				<ele>40.83</ele>
			</trkpt>
			<trkpt lat="47.3445" lon="0.50492">
				<ele>40.83</ele>
			</trkpt>
			<trkpt lat="47.3444" lon="0.5048">
				<ele>40.83</ele>
			</trkpt>
			<trkpt lat="47.3444" lon="0.5044">
				<ele>47.85</ele>
			</trkpt>
			<trkpt lat="47.3443" lon="0.5044">
				<ele>47.85</ele>
			</trkpt>
			<trkpt lat="47.3443" lon="0.5041">
				<ele>47.85</ele>
			</trkpt>
			<trkpt lat="47.3442" lon="0.504">
				<ele>47.85</ele>
			</trkpt>
			<trkpt lat="47.3442" lon="0.5037">
				<ele>47.85</ele>
			</trkpt>
			<trkpt lat="47.3441" lon="0.5036">
				<ele>47.85</ele>
			</trkpt>
			<trkpt lat="47.3441" lon="0.5034">
				<ele>47.85</ele>
			</trkpt>
			<trkpt lat="47.344" lon="0.5033">
				<ele>47.85</ele>
			</trkpt>
			<trkpt lat="47.344" lon="0.503">
				<ele>47.85</ele>
			</trkpt>
			<trkpt lat="47.3439" lon="0.503">
				<ele>47.85</ele>
			</trkpt>
			<trkpt lat="47.3439" lon="0.5026">
				<ele>47.85</ele>
			</trkpt>
			<trkpt lat="47.3438" lon="0.5026">
				<ele>47.85</ele>
			</trkpt>
			<trkpt lat="47.3438" lon="0.5023">
				<ele>43.22</ele>
			</trkpt>
			<trkpt lat="47.3437" lon="0.5022">
				<ele>43.22</ele>
			</trkpt>
			<trkpt lat="47.3437" lon="0.502">
				<ele>43.22</ele>
			</trkpt>
			<trkpt lat="47.3436" lon="0.5019">
				<ele>43.22</ele>
			</trkpt>
			<trkpt lat="47.3436" lon="0.5017">
				<ele>43.22</ele>
			</trkpt>
			<trkpt lat="47.3435" lon="0.5016">
				<ele>43.22</ele>
			</trkpt>
			<trkpt lat="47.3435" lon="0.5013">
				<ele>43.22</ele>
			</trkpt>
			<trkpt lat="47.3434" lon="0.5013">
				<ele>43.22</ele>
			</trkpt>
			<trkpt lat="47.3434" lon="0.501">
				<ele>43.22</ele>
			</trkpt>
			<trkpt lat="47.3433" lon="0.501">
				<ele>43.22</ele>
			</trkpt>
			<trkpt lat="47.3433" lon="0.5007">
				<ele>43.22</ele>
			</trkpt>
			<trkpt lat="47.3432" lon="0.5006">
				<ele>43.22</ele>
			</trkpt>
			<trkpt lat="47.3432" lon="0.5003">
				<ele>43.22</ele>
			</trkpt>
			<trkpt lat="47.3431" lon="0.5002">
				<ele>38.9</ele>
			</trkpt>
			<trkpt lat="47.3431" lon="0.4999">
				<ele>38.9</ele>
			</trkpt>
			<trkpt lat="47.343" lon="0.4999">
				<ele>38.9</ele>
			</trkpt>
			<trkpt lat="47.343" lon="0.4996">
				<ele>38.9</ele>
			</trkpt>
			<trkpt lat="47.3429" lon="0.4995">
				<ele>38.9</ele>
			</trkpt>
			<trkpt lat="47.3429" lon="0.4993">
				<ele>38.9</ele>
			</trkpt>
			<trkpt lat="47.3428" lon="0.4993">
				<ele>38.9</ele>
			</trkpt>
			<trkpt lat="47.3428" lon="0.4991">
				<ele>38.9</ele>
			</trkpt>
			<trkpt lat="47.3427" lon="0.4991">
				<ele>38.9</ele>
			</trkpt>
			<trkpt lat="47.3427" lon="0.4989">
				<ele>38.9</ele>
			</trkpt>
			<trkpt lat="47.3426" lon="0.4989">
				<ele>38.9</ele>
			</trkpt>
			<trkpt lat="47.3426" lon="0.4987">
				<ele>38.9</ele>
			</trkpt>
			<trkpt lat="47.3425" lon="0.4986">
				<ele>39.88</ele>
			</trkpt>
			<trkpt lat="47.3424" lon="0.4984">
				<ele>39.88</ele>
			</trkpt>
			<trkpt lat="47.3423" lon="0.4983">
				<ele>39.88</ele>
			</trkpt>
			<trkpt lat="47.3423" lon="0.4981">
				<ele>39.88</ele>
			</trkpt>
			<trkpt lat="47.3422" lon="0.4981">
				<ele>39.88</ele>
			</trkpt>
			<trkpt lat="47.3421" lon="0.4979">
				<ele>39.88</ele>
			</trkpt>
			<trkpt lat="47.342" lon="0.4977">
				<ele>39.88</ele>
			</trkpt>
			<trkpt lat="47.3419" lon="0.4976">
				<ele>39.88</ele>
			</trkpt>
			<trkpt lat="47.3418" lon="0.4974">
				<ele>39.88</ele>
			</trkpt>
			<trkpt lat="47.3417" lon="0.4972">
				<ele>39.88</ele>
			</trkpt>
			<trkpt lat="47.3416" lon="0.4971">
				<ele>39.88</ele>
			</trkpt>
			<trkpt lat="47.3416" lon="0.4969">
				<ele>39.88</ele>
			</trkpt>
			<trkpt lat="47.3415" lon="0.4969">
				<ele>39.88</ele>
			</trkpt>
			<trkpt lat="47.3415" lon="0.4967">
				<ele>42.03</ele>
			</trkpt>
			<trkpt lat="47.3414" lon="0.4966">
				<ele>42.03</ele>
			</trkpt>
			<trkpt lat="47.3413" lon="0.4964">
				<ele>42.03</ele>
			</trkpt>
			<trkpt lat="47.3413" lon="0.4962">
				<ele>42.03</ele>
			</trkpt>
			<trkpt lat="47.3412" lon="0.4961">
				<ele>42.03</ele>
			</trkpt>
			<trkpt lat="47.3412" lon="0.4959">
				<ele>42.03</ele>
			</trkpt>
			<trkpt lat="47.3411" lon="0.4958">
				<ele>42.03</ele>
			</trkpt>
			<trkpt lat="47.3411" lon="0.4955">
				<ele>42.03</ele>
			</trkpt>
			<trkpt lat="47.341" lon="0.4955">
				<ele>42.03</ele>
			</trkpt>
			<trkpt lat="47.341" lon="0.4952">
				<ele>42.03</ele>
			</trkpt>
			<trkpt lat="47.3409" lon="0.4951">
				<ele>42.03</ele>
			</trkpt>
			<trkpt lat="47.3409" lon="0.4949">
				<ele>42.03</ele>
			</trkpt>
			<trkpt lat="47.3408" lon="0.4948">
				<ele>43.57</ele>
			</trkpt>
			<trkpt lat="47.3408" lon="0.4946">
				<ele>43.57</ele>
			</trkpt>
			<trkpt lat="47.3407" lon="0.4945">
				<ele>43.57</ele>
			</trkpt>
			<trkpt lat="47.3406" lon="0.4943">
				<ele>43.57</ele>
			</trkpt>
			<trkpt lat="47.3405" lon="0.4941">
				<ele>43.57</ele>
			</trkpt>
			<trkpt lat="47.3405" lon="0.4939">
				<ele>43.57</ele>
			</trkpt>
			<trkpt lat="47.3404" lon="0.4938">
				<ele>43.57</ele>
			</trkpt>
			<trkpt lat="47.3404" lon="0.4936">
				<ele>43.57</ele>
			</trkpt>
			<trkpt lat="47.3403" lon="0.4935">
				<ele>43.57</ele>
			</trkpt>
			<trkpt lat="47.3403" lon="0.4933">
				<ele>43.57</ele>
			</trkpt>
			<trkpt lat="47.3402" lon="0.4933">
				<ele>43.57</ele>
			</trkpt>
			<trkpt lat="47.3402" lon="0.4931">
				<ele>43.57</ele>
			</trkpt>
			<trkpt lat="47.3401" lon="0.493">
				<ele>43.57</ele>
			</trkpt>
			<trkpt lat="47.34" lon="0.4928">
				<ele>43.18</ele>
			</trkpt>
			<trkpt lat="47.3399" lon="0.4926">
				<ele>43.18</ele>
			</trkpt>
			<trkpt lat="47.3399" lon="0.4924">
				<ele>43.18</ele>
			</trkpt>
			<trkpt lat="47.3398" lon="0.4923">
				<ele>43.18</ele>
			</trkpt>
			<trkpt lat="47.3397" lon="0.4922">
				<ele>43.18</ele>
			</trkpt>
			<trkpt lat="47.3397" lon="0.492">
				<ele>43.18</ele>
			</trkpt>
			<trkpt lat="47.3396" lon="0.492">
				<ele>43.18</ele>
			</trkpt>
			<trkpt lat="47.3394" lon="0.4917">
				<ele>43.18</ele>
			</trkpt>
			<trkpt lat="47.3393" lon="0.4916">
				<ele>43.18</ele>
			</trkpt>
			<trkpt lat="47.3392" lon="0.4914">
				<ele>43.18</ele>
			</trkpt>
			<trkpt lat="47.3391" lon="0.4914">
				<ele>43.18</ele>
			</trkpt>
			<trkpt lat="47.3389" lon="0.4911">
				<ele>43.18</ele>
			</trkpt>
			<trkpt lat="47.3388" lon="0.4909">
				<ele>41.31</ele>
			</trkpt>
			<trkpt lat="47.3387" lon="0.4908">
				<ele>41.31</ele>
			</trkpt>
			<trkpt lat="47.3387" lon="0.4906">
				<ele>41.31</ele>
			</trkpt>
			<trkpt lat="47.3386" lon="0.4906">
				<ele>41.31</ele>
			</trkpt>
			<trkpt lat="47.3383" lon="0.4902">
				<ele>41.31</ele>
			</trkpt>
			<trkpt lat="47.3383" lon="0.4897">
				<ele>41.31</ele>
			</trkpt>
			<trkpt lat="47.3382" lon="0.4897">
				<ele>41.31</ele>
			</trkpt>
			<trkpt lat="47.3382" lon="0.48901">
				<ele>41.31</ele>
			</trkpt>
			<trkpt lat="47.3381" lon="0.489">
				<ele>41.31</ele>
			</trkpt>
			<trkpt lat="47.3381" lon="0.4887">
				<ele>41.31</ele>
			</trkpt>
			<trkpt lat="47.338" lon="0.4887">
				<ele>41.31</ele>
			</trkpt>
			<trkpt lat="47.3379" lon="0.4885">
				<ele>41.31</ele>
			</trkpt>
			<trkpt lat="47.3378" lon="0.4884">
				<ele>41.31</ele>
			</trkpt>
			<trkpt lat="47.3377" lon="0.4883">
				<ele>42.61</ele>
			</trkpt>
			<trkpt lat="47.3376" lon="0.4882">
				<ele>42.61</ele>
			</trkpt>
			<trkpt lat="47.3376" lon="0.488">
				<ele>42.61</ele>
			</trkpt>
			<trkpt lat="47.3375" lon="0.488">
				<ele>42.61</ele>
			</trkpt>
			<trkpt lat="47.3376" lon="0.4879">
				<ele>42.61</ele>
			</trkpt>
			<trkpt lat="47.3376" lon="0.4876">
				<ele>42.61</ele>
			</trkpt>
			<trkpt lat="47.3377" lon="0.4876">
				<ele>42.61</ele>
			</trkpt>
			<trkpt lat="47.3377" lon="0.4873">
				<ele>42.61</ele>
			</trkpt>
			<trkpt lat="47.3378" lon="0.4873">
				<ele>42.61</ele>
			</trkpt>
			<trkpt lat="47.3378" lon="0.487">
				<ele>42.61</ele>
			</trkpt>
			<trkpt lat="47.3379" lon="0.487">
				<ele>42.61</ele>
			</trkpt>
			<trkpt lat="47.3379" lon="0.4868">
				<ele>42.61</ele>
			</trkpt>
			<trkpt lat="47.338" lon="0.4867">
				<ele>42.3</ele>
			</trkpt>
			<trkpt lat="47.338" lon="0.4864">
				<ele>42.3</ele>
			</trkpt>
			<trkpt lat="47.3381" lon="0.4864">
				<ele>42.3</ele>
			</trkpt>
			<trkpt lat="47.3381" lon="0.4861">
				<ele>42.3</ele>
			</trkpt>
			<trkpt lat="47.3382" lon="0.486">
				<ele>42.3</ele>
			</trkpt>
			<trkpt lat="47.3382" lon="0.4856">
				<ele>42.3</ele>
			</trkpt>
			<trkpt lat="47.3383" lon="0.4856">
				<ele>42.3</ele>
			</trkpt>
			<trkpt lat="47.3383" lon="0.4852">
				<ele>42.3</ele>
			</trkpt>
			<trkpt lat="47.3384" lon="0.4852">
				<ele>42.3</ele>
			</trkpt>
			<trkpt lat="47.3384" lon="0.485">
				<ele>42.3</ele>
			</trkpt>
			<trkpt lat="47.3385" lon="0.485">
				<ele>42.3</ele>
			</trkpt>
			<trkpt lat="47.3385" lon="0.4848">
				<ele>42.3</ele>
			</trkpt>
			<trkpt lat="47.3386" lon="0.4848">
				<ele>42.3</ele>
			</trkpt>
			<trkpt lat="47.3387" lon="0.4847">
				<ele>41.22</ele>
			</trkpt>
			<trkpt lat="47.3388" lon="0.4846">
				<ele>41.22</ele>
			</trkpt>
			<trkpt lat="47.3388" lon="0.4844">
				<ele>41.22</ele>
			</trkpt>
			<trkpt lat="47.3389" lon="0.4844">
				<ele>41.22</ele>
			</trkpt>
			<trkpt lat="47.339" lon="0.4843">
				<ele>41.22</ele>
			</trkpt>
			<trkpt lat="47.3391" lon="0.4842">
				<ele>41.22</ele>
			</trkpt>
			<trkpt lat="47.3391" lon="0.484">
				<ele>41.22</ele>
			</trkpt>
			<trkpt lat="47.3392" lon="0.484">
				<ele>41.22</ele>
			</trkpt>
			<trkpt lat="47.3393" lon="0.4839">
				<ele>41.22</ele>
			</trkpt>
			<trkpt lat="47.3394" lon="0.4838">
				<ele>41.22</ele>
			</trkpt>
			<trkpt lat="47.3395" lon="0.4837">
				<ele>41.22</ele>
			</trkpt>
			<trkpt lat="47.3396" lon="0.4836">
				<ele>41.22</ele>
			</trkpt>
			<trkpt lat="47.3397" lon="0.4835">
				<ele>41.56</ele>
			</trkpt>
			<trkpt lat="47.3398" lon="0.4834">
				<ele>41.56</ele>
			</trkpt>
			<trkpt lat="47.3399" lon="0.4833">
				<ele>41.56</ele>
			</trkpt>
			<trkpt lat="47.34" lon="0.4831">
				<ele>41.56</ele>
			</trkpt>
			<trkpt lat="47.3401" lon="0.483">
				<ele>41.56</ele>
			</trkpt>
			<trkpt lat="47.3402" lon="0.4829">
				<ele>41.56</ele>
			</trkpt>
			<trkpt lat="47.3403" lon="0.4828">
				<ele>41.56</ele>
			</trkpt>
			<trkpt lat="47.3404" lon="0.4826">
				<ele>41.56</ele>
			</trkpt>
			<trkpt lat="47.3405" lon="0.4825">
				<ele>41.56</ele>
			</trkpt>
			<trkpt lat="47.3407" lon="0.4822">
				<ele>41.56</ele>
			</trkpt>
			<trkpt lat="47.3408" lon="0.4821">
				<ele>41.56</ele>
			</trkpt>
			<trkpt lat="47.3409" lon="0.4819">
				<ele>41.56</ele>
			</trkpt>
			<trkpt lat="47.341" lon="0.4818">
				<ele>41.56</ele>
			</trkpt>
			<trkpt lat="47.341" lon="0.4816">
				<ele>41.45</ele>
			</trkpt>
			<trkpt lat="47.3411" lon="0.4815">
				<ele>41.45</ele>
			</trkpt>
			<trkpt lat="47.3412" lon="0.4813">
				<ele>41.45</ele>
			</trkpt>
			<trkpt lat="47.3413" lon="0.4811">
				<ele>41.45</ele>
			</trkpt>
			<trkpt lat="47.3414" lon="0.481">
				<ele>41.45</ele>
			</trkpt>
			<trkpt lat="47.3415" lon="0.4809">
				<ele>41.45</ele>
			</trkpt>
			<trkpt lat="47.3416" lon="0.4808">
				<ele>41.45</ele>
			</trkpt>
			<trkpt lat="47.3417" lon="0.4806">
				<ele>41.45</ele>
			</trkpt>
			<trkpt lat="47.3418" lon="0.4805">
				<ele>41.45</ele>
			</trkpt>
			<trkpt lat="47.3418" lon="0.4801">
				<ele>41.45</ele>
			</trkpt>
			<trkpt lat="47.3419" lon="0.4801">
				<ele>41.45</ele>
			</trkpt>
			<trkpt lat="47.3419" lon="0.47941">
				<ele>41.45</ele>
			</trkpt>
			<trkpt lat="47.342" lon="0.4794">
				<ele>42.13</ele>
			</trkpt>
			<trkpt lat="47.342" lon="0.479">
				<ele>42.13</ele>
			</trkpt>
			<trkpt lat="47.3419" lon="0.479">
				<ele>42.13</ele>
			</trkpt>
			<trkpt lat="47.3419" lon="0.4787">
				<ele>42.13</ele>
			</trkpt>
			<trkpt lat="47.3418" lon="0.4787">
				<ele>42.13</ele>
			</trkpt>
			<trkpt lat="47.3418" lon="0.4785">
				<ele>42.13</ele>
			</trkpt>
			<trkpt lat="47.3417" lon="0.4785">
				<ele>42.13</ele>
			</trkpt>
			<trkpt lat="47.3415" lon="0.4782">
				<ele>42.13</ele>
			</trkpt>
			<trkpt lat="47.3414" lon="0.4781">
				<ele>42.13</ele>
			</trkpt>
			<trkpt lat="47.3413" lon="0.4779">
				<ele>42.13</ele>
			</trkpt>
			<trkpt lat="47.3412" lon="0.4778">
				<ele>42.13</ele>
			</trkpt>
			<trkpt lat="47.3411" lon="0.4776">
				<ele>42.13</ele>
			</trkpt>
			<trkpt lat="47.341" lon="0.4774">
				<ele>42.13</ele>
			</trkpt>
			<trkpt lat="47.3409" lon="0.4774">
				<ele>42.63</ele>
			</trkpt>
			<trkpt lat="47.3408" lon="0.4772">
				<ele>42.63</ele>
			</trkpt>
			<trkpt lat="47.3407" lon="0.4771">
				<ele>42.63</ele>
			</trkpt>
			<trkpt lat="47.3406" lon="0.477">
				<ele>42.63</ele>
			</trkpt>
			<trkpt lat="47.3405" lon="0.4768">
				<ele>42.63</ele>
			</trkpt>
			<trkpt lat="47.3404" lon="0.4767">
				<ele>42.63</ele>
			</trkpt>
			<trkpt lat="47.3403" lon="0.4765">
				<ele>42.63</ele>
			</trkpt>
			<trkpt lat="47.3402" lon="0.4764">
				<ele>42.63</ele>
			</trkpt>
			<trkpt lat="47.3401" lon="0.4763">
				<ele>42.63</ele>
			</trkpt>
			<trkpt lat="47.34" lon="0.4762">
				<ele>42.63</ele>
			</trkpt>
			<trkpt lat="47.3399" lon="0.4761">
				<ele>42.63</ele>
			</trkpt>
			<trkpt lat="47.33911" lon="0.4761">
				<ele>42.63</ele>
			</trkpt>
			<trkpt lat="47.3389" lon="0.476">
				<ele>41.57</ele>
			</trkpt>
			<trkpt lat="47.3388" lon="0.4759">
				<ele>41.57</ele>
			</trkpt>
			<trkpt lat="47.3387" lon="0.4759">
				<ele>41.57</ele>
			</trkpt>
			<trkpt lat="47.3386" lon="0.4758">
				<ele>41.57</ele>
			</trkpt>
			<trkpt lat="47.3385" lon="0.4757">
				<ele>41.57</ele>
			</trkpt>
			<trkpt lat="47.3384" lon="0.4756">
				<ele>41.57</ele>
			</trkpt>
			<trkpt lat="47.3384" lon="0.4754">
				<ele>41.57</ele>
			</trkpt>
			<trkpt lat="47.3383" lon="0.4754">
				<ele>41.57</ele>
			</trkpt>
			<trkpt lat="47.3383" lon="0.4752">
				<ele>41.57</ele>
			</trkpt>
			<trkpt lat="47.3382" lon="0.4751">
				<ele>41.57</ele>
			</trkpt>
			<trkpt lat="47.3382" lon="0.4749">
				<ele>41.57</ele>
			</trkpt>
			<trkpt lat="47.3381" lon="0.4749">
				<ele>41.57</ele>
			</trkpt>
			<trkpt lat="47.338" lon="0.4747">
				<ele>41.57</ele>
			</trkpt>
			<trkpt lat="47.3379" lon="0.4746">
				<ele>42.86</ele>
			</trkpt>
			<trkpt lat="47.3378" lon="0.4745">
				<ele>42.86</ele>
			</trkpt>
			<trkpt lat="47.3377" lon="0.4744">
				<ele>42.86</ele>
			</trkpt>
			<trkpt lat="47.3376" lon="0.4742">
				<ele>42.86</ele>
			</trkpt>
			<trkpt lat="47.3375" lon="0.4741">
				<ele>42.86</ele>
			</trkpt>
			<trkpt lat="47.3374" lon="0.474">
				<ele>42.86</ele>
			</trkpt>
			<trkpt lat="47.3373" lon="0.4739">
				<ele>42.86</ele>
			</trkpt>
			<trkpt lat="47.3372" lon="0.4738">
				<ele>42.86</ele>
			</trkpt>
			<trkpt lat="47.3371" lon="0.4736">
				<ele>42.86</ele>
			</trkpt>
			<trkpt lat="47.337" lon="0.4736">
				<ele>42.86</ele>
			</trkpt>
			<trkpt lat="47.3366" lon="0.4731">
				<ele>42.86</ele>
			</trkpt>
			<trkpt lat="47.3365" lon="0.473">
				<ele>42.86</ele>
			</trkpt>
			<trkpt lat="47.3364" lon="0.4729">
				<ele>42.19</ele>
			</trkpt>
			<trkpt lat="47.3363" lon="0.4728">
				<ele>42.19</ele>
			</trkpt>
			<trkpt lat="47.3362" lon="0.4726">
				<ele>42.19</ele>
			</trkpt>
			<trkpt lat="47.3361" lon="0.4726">
				<ele>42.19</ele>
			</trkpt>
			<trkpt lat="47.3361" lon="0.4724">
				<ele>42.19</ele>
			</trkpt>
			<trkpt lat="47.336" lon="0.4724">
				<ele>42.19</ele>
			</trkpt>
			<trkpt lat="47.3359" lon="0.4723">
				<ele>42.19</ele>
			</trkpt>
			<trkpt lat="47.3358" lon="0.4721">
				<ele>42.19</ele>
			</trkpt>
			<trkpt lat="47.3357" lon="0.4719">
				<ele>42.19</ele>
			</trkpt>
			<trkpt lat="47.3355" lon="0.4716">
				<ele>42.19</ele>
			</trkpt>
			<trkpt lat="47.3354" lon="0.4715">
				<ele>42.19</ele>
			</trkpt>
			<trkpt lat="47.3353" lon="0.4714">
				<ele>42.19</ele>
			</trkpt>
			<trkpt lat="47.3352" lon="0.4712">
				<ele>42.19</ele>
			</trkpt>
			<trkpt lat="47.3351" lon="0.4711">
				<ele>42.13</ele>
			</trkpt>
			<trkpt lat="47.3348" lon="0.4707">
				<ele>42.13</ele>
			</trkpt>
			<trkpt lat="47.3347" lon="0.4706">
				<ele>42.13</ele>
			</trkpt>
			<trkpt lat="47.3346" lon="0.4705">
				<ele>42.13</ele>
			</trkpt>
			<trkpt lat="47.3344" lon="0.4702">
				<ele>42.13</ele>
			</trkpt>
			<trkpt lat="47.3343" lon="0.4701">
				<ele>42.13</ele>
			</trkpt>
			<trkpt lat="47.3342" lon="0.47">
				<ele>42.13</ele>
			</trkpt>
			<trkpt lat="47.334" lon="0.4697">
				<ele>42.13</ele>
			</trkpt>
			<trkpt lat="47.3339" lon="0.4696">
				<ele>42.13</ele>
			</trkpt>
			<trkpt lat="47.3338" lon="0.4695">
				<ele>42.13</ele>
			</trkpt>
			<trkpt lat="47.3337" lon="0.4694">
				<ele>42.13</ele>
			</trkpt>
			<trkpt lat="47.3336" lon="0.4692">
				<ele>42.13</ele>
			</trkpt>
			<trkpt lat="47.3335" lon="0.4692">
				<ele>41.43</ele>
			</trkpt>
			<trkpt lat="47.3334" lon="0.4691">
				<ele>41.43</ele>
			</trkpt>
			<trkpt lat="47.3332" lon="0.4688">
				<ele>41.43</ele>
			</trkpt>
			<trkpt lat="47.3331" lon="0.4687">
				<ele>41.43</ele>
			</trkpt>
			<trkpt lat="47.333" lon="0.4685">
				<ele>41.43</ele>
			</trkpt>
			<trkpt lat="47.3329" lon="0.4684">
				<ele>41.43</ele>
			</trkpt>
			<trkpt lat="47.3327" lon="0.4681">
				<ele>41.43</ele>
			</trkpt>
			<trkpt lat="47.3326" lon="0.468">
				<ele>41.43</ele>
			</trkpt>
			<trkpt lat="47.3324" lon="0.4677">
				<ele>41.43</ele>
			</trkpt>
			<trkpt lat="47.3323" lon="0.4676">
				<ele>41.43</ele>
			</trkpt>
			<trkpt lat="47.3322" lon="0.4675">
				<ele>41.43</ele>
			</trkpt>
			<trkpt lat="47.3322" lon="0.4673">
				<ele>41.43</ele>
			</trkpt>
			<trkpt lat="47.3321" lon="0.4673">
				<ele>41.43</ele>
			</trkpt>
			<trkpt lat="47.3321" lon="0.4671">
				<ele>42.8</ele>
			</trkpt>
			<trkpt lat="47.332" lon="0.4671">
				<ele>42.8</ele>
			</trkpt>
			<trkpt lat="47.3319" lon="0.4669">
				<ele>42.8</ele>
			</trkpt>
			<trkpt lat="47.3318" lon="0.4667">
				<ele>42.8</ele>
			</trkpt>
			<trkpt lat="47.3317" lon="0.4666">
				<ele>42.8</ele>
			</trkpt>
			<trkpt lat="47.3317" lon="0.4664">
				<ele>42.8</ele>
			</trkpt>
			<trkpt lat="47.3316" lon="0.4663">
				<ele>42.8</ele>
			</trkpt>
			<trkpt lat="47.3316" lon="0.466">
				<ele>42.8</ele>
			</trkpt>
			<trkpt lat="47.3315" lon="0.4659">
				<ele>42.8</ele>
			</trkpt>
			<trkpt lat="47.3314" lon="0.4658">
				<ele>42.8</ele>
			</trkpt>
			<trkpt lat="47.3313" lon="0.4656">
				<ele>42.8</ele>
			</trkpt>
			<trkpt lat="47.3312" lon="0.4655">
				<ele>42.8</ele>
			</trkpt>
			<trkpt lat="47.3311" lon="0.4654">
				<ele>43.45</ele>
			</trkpt>
			<trkpt lat="47.331" lon="0.4653">
				<ele>43.45</ele>
			</trkpt>
			<trkpt lat="47.3309" lon="0.4651">
				<ele>43.45</ele>
			</trkpt>
			<trkpt lat="47.3308" lon="0.4651">
				<ele>43.45</ele>
			</trkpt>
			<trkpt lat="47.3307" lon="0.465">
				<ele>43.45</ele>
			</trkpt>
			<trkpt lat="47.3306" lon="0.4649">
				<ele>43.45</ele>
			</trkpt>
			<trkpt lat="47.3305" lon="0.4648">
				<ele>43.45</ele>
			</trkpt>
			<trkpt lat="47.3304" lon="0.4647">
				<ele>43.45</ele>
			</trkpt>
			<trkpt lat="47.3303" lon="0.4646">
				<ele>43.45</ele>
			</trkpt>
			<trkpt lat="47.3301" lon="0.4643">
				<ele>43.45</ele>
			</trkpt>
			<trkpt lat="47.3301" lon="0.4641">
				<ele>43.45</ele>
			</trkpt>
			<trkpt lat="47.33" lon="0.4641">
				<ele>43.45</ele>
			</trkpt>
			<trkpt lat="47.3299" lon="0.4639">
				<ele>43.45</ele>
			</trkpt>
			<trkpt lat="47.3298" lon="0.4637">
				<ele>43.06</ele>
			</trkpt>
			<trkpt lat="47.3298" lon="0.4635">
				<ele>43.06</ele>
			</trkpt>
			<trkpt lat="47.3297" lon="0.4635">
				<ele>43.06</ele>
			</trkpt>
			<trkpt lat="47.3297" lon="0.4633">
				<ele>43.06</ele>
			</trkpt>
			<trkpt lat="47.3296" lon="0.4632">
				<ele>43.06</ele>
			</trkpt>
			<trkpt lat="47.3296" lon="0.463">
				<ele>43.06</ele>
			</trkpt>
			<trkpt lat="47.3295" lon="0.463">
				<ele>43.06</ele>
			</trkpt>
			<trkpt lat="47.3294" lon="0.4628">
				<ele>43.06</ele>
			</trkpt>
			<trkpt lat="47.3293" lon="0.4627">
				<ele>43.06</ele>
			</trkpt>
			<trkpt lat="47.3293" lon="0.4625">
				<ele>43.06</ele>
			</trkpt>
			<trkpt lat="47.3292" lon="0.4625">
				<ele>43.06</ele>
			</trkpt>
			<trkpt lat="47.329" lon="0.4622">
				<ele>43.06</ele>
			</trkpt>
			<trkpt lat="47.3289" lon="0.4621">
				<ele>41.91</ele>
			</trkpt>
			<trkpt lat="47.3289" lon="0.4619">
				<ele>41.91</ele>
			</trkpt>
			<trkpt lat="47.3288" lon="0.4619">
				<ele>41.91</ele>
			</trkpt>
			<trkpt lat="47.3286" lon="0.4616">
				<ele>41.91</ele>
			</trkpt>
			<trkpt lat="47.3285" lon="0.4614">
				<ele>41.91</ele>
			</trkpt>
			<trkpt lat="47.3284" lon="0.4613">
				<ele>41.91</ele>
			</trkpt>
			<trkpt lat="47.3283" lon="0.4612">
				<ele>41.91</ele>
			</trkpt>
			<trkpt lat="47.3283" lon="0.461">
				<ele>41.91</ele>
			</trkpt>
			<trkpt lat="47.3282" lon="0.461">
				<ele>41.91</ele>
			</trkpt>
			<trkpt lat="47.3281" lon="0.4609">
				<ele>41.91</ele>
			</trkpt>
			<trkpt lat="47.328" lon="0.4607">
				<ele>41.91</ele>
			</trkpt>
			<trkpt lat="47.3279" lon="0.4606">
				<ele>41.91</ele>
			</trkpt>
			<trkpt lat="47.3278" lon="0.4605">
				<ele>41.91</ele>
			</trkpt>
			<trkpt lat="47.3276" lon="0.4603">
				<ele>41.72</ele>
			</trkpt>
			<trkpt lat="47.3273" lon="0.4603">
				<ele>41.72</ele>
			</trkpt>
			<trkpt lat="47.327" lon="0.4602">
				<ele>41.72</ele>
			</trkpt>
			<trkpt lat="47.3269" lon="0.4601">
				<ele>41.72</ele>
			</trkpt>
			<trkpt lat="47.3268" lon="0.46">
				<ele>41.72</ele>
			</trkpt>
			<trkpt lat="47.3268" lon="0.4598">
				<ele>41.72</ele>
			</trkpt>
			<trkpt lat="47.3267" lon="0.4598">
				<ele>41.72</ele>
			</trkpt>
			<trkpt lat="47.3266" lon="0.4596">
				<ele>41.72</ele>
			</trkpt>
			<trkpt lat="47.3265" lon="0.4595">
				<ele>41.72</ele>
			</trkpt>
			<trkpt lat="47.3265" lon="0.4593">
				<ele>41.72</ele>
			</trkpt>
			<trkpt lat="47.3264" lon="0.4593">
				<ele>41.72</ele>
			</trkpt>
			<trkpt lat="47.3263" lon="0.4591">
				<ele>41.72</ele>
			</trkpt>
			<trkpt lat="47.3261" lon="0.4588">
				<ele>41.91</ele>
			</trkpt>
			<trkpt lat="47.326" lon="0.4586">
				<ele>41.91</ele>
			</trkpt>
			<trkpt lat="47.3259" lon="0.4584">
				<ele>41.91</ele>
			</trkpt>
			<trkpt lat="47.3258" lon="0.4583">
				<ele>41.91</ele>
			</trkpt>
			<trkpt lat="47.3257" lon="0.4581">
				<ele>41.91</ele>
			</trkpt>
			<trkpt lat="47.3256" lon="0.458">
				<ele>41.91</ele>
			</trkpt>
			<trkpt lat="47.3256" lon="0.4578">
				<ele>41.91</ele>
			</trkpt>
			<trkpt lat="47.3255" lon="0.4578">
				<ele>41.91</ele>
			</trkpt>
			<trkpt lat="47.3254" lon="0.4576">
				<ele>41.91</ele>
			</trkpt>
			<trkpt lat="47.3253" lon="0.4574">
				<ele>41.91</ele>
			</trkpt>
			<trkpt lat="47.3252" lon="0.4573">
				<ele>41.91</ele>
			</trkpt>
			<trkpt lat="47.3252" lon="0.4571">
				<ele>41.91</ele>
			</trkpt>
			<trkpt lat="47.3251" lon="0.457">
				<ele>41.91</ele>
			</trkpt>
			<trkpt lat="47.3251" lon="0.4567">
				<ele>40.96</ele>
			</trkpt>
			<trkpt lat="47.325" lon="0.4566">
				<ele>40.96</ele>
			</trkpt>
			<trkpt lat="47.325" lon="0.4563">
				<ele>40.96</ele>
			</trkpt>
			<trkpt lat="47.3249" lon="0.4563">
				<ele>40.96</ele>
			</trkpt>
			<trkpt lat="47.3249" lon="0.4559">
				<ele>40.96</ele>
			</trkpt>
			<trkpt lat="47.3248" lon="0.4558">
				<ele>40.96</ele>
			</trkpt>
			<trkpt lat="47.3248" lon="0.4555">
				<ele>40.96</ele>
			</trkpt>
			<trkpt lat="47.3247" lon="0.4555">
				<ele>40.96</ele>
			</trkpt>
			<trkpt lat="47.3247" lon="0.4552">
				<ele>40.96</ele>
			</trkpt>
			<trkpt lat="47.3246" lon="0.4551">
				<ele>40.96</ele>
			</trkpt>
			<trkpt lat="47.3246" lon="0.4548">
				<ele>40.96</ele>
			</trkpt>
			<trkpt lat="47.3245" lon="0.4547">
				<ele>40.96</ele>
			</trkpt>
			<trkpt lat="47.3245" lon="0.4544">
				<ele>40.92</ele>
			</trkpt>
			<trkpt lat="47.3244" lon="0.4543">
				<ele>40.92</ele>
			</trkpt>
			<trkpt lat="47.3244" lon="0.4539">
				<ele>40.92</ele>
			</trkpt>
			<trkpt lat="47.3243" lon="0.4539">
				<ele>40.92</ele>
			</trkpt>
			<trkpt lat="47.3243" lon="0.4536">
				<ele>40.92</ele>
			</trkpt>
			<trkpt lat="47.3242" lon="0.4535">
				<ele>40.92</ele>
			</trkpt>
			<trkpt lat="47.3242" lon="0.4531">
				<ele>40.92</ele>
			</trkpt>
			<trkpt lat="47.3241" lon="0.4531">
				<ele>40.92</ele>
			</trkpt>
			<trkpt lat="47.3241" lon="0.4527">
				<ele>40.92</ele>
			</trkpt>
			<trkpt lat="47.324" lon="0.4527">
				<ele>40.92</ele>
			</trkpt>
			<trkpt lat="47.324" lon="0.4524">
				<ele>40.92</ele>
			</trkpt>
			<trkpt lat="47.3239" lon="0.4523">
				<ele>40.92</ele>
			</trkpt>
			<trkpt lat="47.3239" lon="0.452">
				<ele>40.92</ele>
			</trkpt>
			<trkpt lat="47.3238" lon="0.4519">
				<ele>41.43</ele>
			</trkpt>
			<trkpt lat="47.3238" lon="0.4516">
				<ele>41.43</ele>
			</trkpt>
			<trkpt lat="47.3237" lon="0.4515">
				<ele>41.43</ele>
			</trkpt>
			<trkpt lat="47.3237" lon="0.4512">
				<ele>41.43</ele>
			</trkpt>
			<trkpt lat="47.3236" lon="0.4512">
				<ele>41.43</ele>
			</trkpt>
			<trkpt lat="47.3236" lon="0.4508">
				<ele>41.43</ele>
			</trkpt>
			<trkpt lat="47.3235" lon="0.4507">
				<ele>41.43</ele>
			</trkpt>
			<trkpt lat="47.3235" lon="0.4504">
				<ele>41.43</ele>
			</trkpt>
			<trkpt lat="47.3234" lon="0.4504">
				<ele>41.43</ele>
			</trkpt>
			<trkpt lat="47.3234" lon="0.45">
				<ele>41.43</ele>
			</trkpt>
			<trkpt lat="47.3233" lon="0.4499">
				<ele>41.43</ele>
			</trkpt>
			<trkpt lat="47.3233" lon="0.4497">
				<ele>41.43</ele>
			</trkpt>
			<trkpt lat="47.3232" lon="0.4496">
				<ele>43.58</ele>
			</trkpt>
			<trkpt lat="47.3232" lon="0.4493">
				<ele>43.58</ele>
			</trkpt>
			<trkpt lat="47.3231" lon="0.4492">
				<ele>43.58</ele>
			</trkpt>
			<trkpt lat="47.3231" lon="0.4489">
				<ele>43.58</ele>
			</trkpt>
			<trkpt lat="47.323" lon="0.4489">
				<ele>43.58</ele>
			</trkpt>
			<trkpt lat="47.323" lon="0.4485">
				<ele>43.58</ele>
			</trkpt>
			<trkpt lat="47.3229" lon="0.4484">
				<ele>43.58</ele>
			</trkpt>
			<trkpt lat="47.3229" lon="0.4482">
				<ele>43.58</ele>
			</trkpt>
			<trkpt lat="47.3228" lon="0.4481">
				<ele>43.58</ele>
			</trkpt>
			<trkpt lat="47.3228" lon="0.4478">
				<ele>43.58</ele>
			</trkpt>
			<trkpt lat="47.3227" lon="0.4477">
				<ele>43.58</ele>
			</trkpt>
			<trkpt lat="47.3227" lon="0.4474">
				<ele>43.58</ele>
			</trkpt>
			<trkpt lat="47.3226" lon="0.4473">
				<ele>43.58</ele>
			</trkpt>
			<trkpt lat="47.3226" lon="0.447">
				<ele>43.5</ele>
			</trkpt>
			<trkpt lat="47.3225" lon="0.447">
				<ele>43.5</ele>
			</trkpt>
			<trkpt lat="47.3225" lon="0.4466">
				<ele>43.5</ele>
			</trkpt>
			<trkpt lat="47.3224" lon="0.4466">
				<ele>43.5</ele>
			</trkpt>
			<trkpt lat="47.3224" lon="0.4463">
				<ele>43.5</ele>
			</trkpt>
			<trkpt lat="47.3223" lon="0.4463">
				<ele>43.5</ele>
			</trkpt>
			<trkpt lat="47.3223" lon="0.4458">
				<ele>43.5</ele>
			</trkpt>
			<trkpt lat="47.3222" lon="0.4457">
				<ele>43.5</ele>
			</trkpt>
			<trkpt lat="47.3222" lon="0.44441">
				<ele>43.5</ele>
			</trkpt>
			<trkpt lat="47.3221" lon="0.4443">
				<ele>43.5</ele>
			</trkpt>
			<trkpt lat="47.3221" lon="0.4438">
				<ele>43.5</ele>
			</trkpt>
			<trkpt lat="47.322" lon="0.4437">
				<ele>43.5</ele>
			</trkpt>
			<trkpt lat="47.322" lon="0.4432">
				<ele>42.91</ele>
			</trkpt>
			<trkpt lat="47.3219" lon="0.4431">
				<ele>42.91</ele>
			</trkpt>
			<trkpt lat="47.3219" lon="0.4428">
				<ele>42.91</ele>
			</trkpt>
			<trkpt lat="47.3218" lon="0.4427">
				<ele>42.91</ele>
			</trkpt>
			<trkpt lat="47.3218" lon="0.4424">
				<ele>42.91</ele>
			</trkpt>
			<trkpt lat="47.3217" lon="0.4424">
				<ele>42.91</ele>
			</trkpt>
			<trkpt lat="47.3217" lon="0.4421">
				<ele>42.91</ele>
			</trkpt>
			<trkpt lat="47.3216" lon="0.4421">
				<ele>42.91</ele>
			</trkpt>
			<trkpt lat="47.3216" lon="0.4418">
				<ele>42.91</ele>
			</trkpt>
			<trkpt lat="47.3215" lon="0.4417">
				<ele>42.91</ele>
			</trkpt>
			<trkpt lat="47.3215" lon="0.4414">
				<ele>42.91</ele>
			</trkpt>
			<trkpt lat="47.3214" lon="0.4413">
				<ele>42.91</ele>
			</trkpt>
			<trkpt lat="47.3213" lon="0.4411">
				<ele>42.91</ele>
			</trkpt>
			<trkpt lat="47.3213" lon="0.4408">
				<ele>43.19</ele>
			</trkpt>
			<trkpt lat="47.3212" lon="0.4407">
				<ele>43.19</ele>
			</trkpt>
			<trkpt lat="47.3212" lon="0.4405">
				<ele>43.19</ele>
			</trkpt>
			<trkpt lat="47.3211" lon="0.4404">
				<ele>43.19</ele>
			</trkpt>
			<trkpt lat="47.3211" lon="0.4402">
				<ele>43.19</ele>
			</trkpt>
			<trkpt lat="47.321" lon="0.4401">
				<ele>43.19</ele>
			</trkpt>
			<trkpt lat="47.321" lon="0.4397">
				<ele>43.19</ele>
			</trkpt>
			<trkpt lat="47.3209" lon="0.4396">
				<ele>43.19</ele>
			</trkpt>
			<trkpt lat="47.3209" lon="0.43851">
				<ele>43.19</ele>
			</trkpt>
			<trkpt lat="47.3208" lon="0.4385">
				<ele>43.19</ele>
			</trkpt>
			<trkpt lat="47.3208" lon="0.43781">
				<ele>43.19</ele>
			</trkpt>
			<trkpt lat="47.3207" lon="0.4377">
				<ele>43.19</ele>
			</trkpt>
			<trkpt lat="47.3207" lon="0.4374">
				<ele>42.11</ele>
			</trkpt>
			<trkpt lat="47.3206" lon="0.4374">
				<ele>42.11</ele>
			</trkpt>
			<trkpt lat="47.3206" lon="0.4371">
				<ele>42.11</ele>
			</trkpt>
			<trkpt lat="47.3205" lon="0.437">
				<ele>42.11</ele>
			</trkpt>
			<trkpt lat="47.3205" lon="0.43601">
				<ele>42.11</ele>
			</trkpt>
			<trkpt lat="47.3206" lon="0.4359">
				<ele>42.11</ele>
			</trkpt>
			<trkpt lat="47.3206" lon="0.43432">
				<ele>42.11</ele>
			</trkpt>
			<trkpt lat="47.3205" lon="0.4343">
				<ele>42.11</ele>
			</trkpt>
			<trkpt lat="47.3205" lon="0.434">
				<ele>42.11</ele>
			</trkpt>
			<trkpt lat="47.3204" lon="0.434">
				<ele>42.11</ele>
			</trkpt>
			<trkpt lat="47.3204" lon="0.4337">
				<ele>42.11</ele>
			</trkpt>
			<trkpt lat="47.3203" lon="0.4336">
				<ele>42.11</ele>
			</trkpt>
			<trkpt lat="47.3203" lon="0.4333">
				<ele>42.11</ele>
			</trkpt>
			<trkpt lat="47.3202" lon="0.4332">
				<ele>41.35</ele>
			</trkpt>
			<trkpt lat="47.3202" lon="0.4329">
				<ele>41.35</ele>
			</trkpt>
			<trkpt lat="47.3201" lon="0.4329">
				<ele>41.35</ele>
			</trkpt>
			<trkpt lat="47.3201" lon="0.4326">
				<ele>41.35</ele>
			</trkpt>
			<trkpt lat="47.32" lon="0.4326">
				<ele>41.35</ele>
			</trkpt>
			<trkpt lat="47.3199" lon="0.4324">
				<ele>41.35</ele>
			</trkpt>
			<trkpt lat="47.3199" lon="0.4322">
				<ele>41.35</ele>
			</trkpt>
			<trkpt lat="47.3198" lon="0.4321">
				<ele>41.35</ele>
			</trkpt>
			<trkpt lat="47.3198" lon="0.4319">
				<ele>41.35</ele>
			</trkpt>
			<trkpt lat="47.3197" lon="0.4318">
				<ele>41.35</ele>
			</trkpt>
			<trkpt lat="47.3197" lon="0.4315">
				<ele>41.35</ele>
			</trkpt>
			<trkpt lat="47.3196" lon="0.4314">
				<ele>41.35</ele>
			</trkpt>
			<trkpt lat="47.3196" lon="0.4311">
				<ele>40.99</ele>
			</trkpt>
			<trkpt lat="47.3195" lon="0.4311">
				<ele>40.99</ele>
			</trkpt>
			<trkpt lat="47.3195" lon="0.4309">
				<ele>40.99</ele>
			</trkpt>
			<trkpt lat="47.3194" lon="0.4308">
				<ele>40.99</ele>
			</trkpt>
			<trkpt lat="47.3194" lon="0.4306">
				<ele>40.99</ele>
			</trkpt>
			<trkpt lat="47.3193" lon="0.4305">
				<ele>40.99</ele>
			</trkpt>
			<trkpt lat="47.3193" lon="0.4303">
				<ele>40.99</ele>
			</trkpt>
			<trkpt lat="47.3192" lon="0.4302">
				<ele>40.99</ele>
			</trkpt>
			<trkpt lat="47.3192" lon="0.4298">
				<ele>40.99</ele>
			</trkpt>
			<trkpt lat="47.3191" lon="0.4297">
				<ele>40.99</ele>
			</trkpt>
			<trkpt lat="47.3191" lon="0.4293">
				<ele>40.99</ele>
			</trkpt>
			<trkpt lat="47.319" lon="0.4292">
				<ele>40.99</ele>
			</trkpt>
			<trkpt lat="47.319" lon="0.42722">
				<ele>40.99</ele>
			</trkpt>
			<trkpt lat="47.3189" lon="0.4272">
				<ele>42.25</ele>
			</trkpt>
			<trkpt lat="47.3189" lon="0.4269">
				<ele>42.25</ele>
			</trkpt>
			<trkpt lat="47.3188" lon="0.4268">
				<ele>42.25</ele>
			</trkpt>
			<trkpt lat="47.3188" lon="0.4265">
				<ele>42.25</ele>
			</trkpt>
			<trkpt lat="47.3187" lon="0.4265">
				<ele>42.25</ele>
			</trkpt>
			<trkpt lat="47.3187" lon="0.42541">
				<ele>42.25</ele>
			</trkpt>
			<trkpt lat="47.3186" lon="0.4253">
				<ele>42.25</ele>
			</trkpt>
			<trkpt lat="47.3186" lon="0.425">
				<ele>42.25</ele>
			</trkpt>
			<trkpt lat="47.3185" lon="0.425">
				<ele>42.25</ele>
			</trkpt>
			<trkpt lat="47.3185" lon="0.4248">
				<ele>42.25</ele>
			</trkpt>
			<trkpt lat="47.3184" lon="0.4247">
				<ele>42.25</ele>
			</trkpt>
			<trkpt lat="47.3184" lon="0.4244">
				<ele>42.25</ele>
			</trkpt>
			<trkpt lat="47.3183" lon="0.4244">
				<ele>40.25</ele>
			</trkpt>
			<trkpt lat="47.3183" lon="0.4242">
				<ele>40.25</ele>
			</trkpt>
			<trkpt lat="47.3182" lon="0.4241">
				<ele>40.25</ele>
			</trkpt>
			<trkpt lat="47.3182" lon="0.4237">
				<ele>40.25</ele>
			</trkpt>
			<trkpt lat="47.3181" lon="0.4236">
				<ele>40.25</ele>
			</trkpt>
			<trkpt lat="47.3181" lon="0.4232">
				<ele>40.25</ele>
			</trkpt>
			<trkpt lat="47.3182" lon="0.4231">
				<ele>40.25</ele>
			</trkpt>
			<trkpt lat="47.3182" lon="0.42221">
				<ele>40.25</ele>
			</trkpt>
			<trkpt lat="47.3183" lon="0.4221">
				<ele>40.25</ele>
			</trkpt>
			<trkpt lat="47.3183" lon="0.41933">
				<ele>40.25</ele>
			</trkpt>
			<trkpt lat="47.3182" lon="0.4192">
				<ele>40.25</ele>
			</trkpt>
			<trkpt lat="47.3182" lon="0.4189">
				<ele>40.25</ele>
			</trkpt>
			<trkpt lat="47.3181" lon="0.4188">
				<ele>40.25</ele>
			</trkpt>
			<trkpt lat="47.3181" lon="0.4185">
				<ele>38.48</ele>
			</trkpt>
			<trkpt lat="47.318" lon="0.4184">
				<ele>38.48</ele>
			</trkpt>
			<trkpt lat="47.318" lon="0.4182">
				<ele>38.48</ele>
			</trkpt>
			<trkpt lat="47.3179" lon="0.4182">
				<ele>38.48</ele>
			</trkpt>
			<trkpt lat="47.3179" lon="0.4179">
				<ele>38.48</ele>
			</trkpt>
			<trkpt lat="47.3178" lon="0.4178">
				<ele>38.48</ele>
			</trkpt>
			<trkpt lat="47.3178" lon="0.4176">
				<ele>38.48</ele>
			</trkpt>
			<trkpt lat="47.3177" lon="0.4175">
				<ele>38.48</ele>
			</trkpt>
			<trkpt lat="47.3177" lon="0.4173">
				<ele>38.48</ele>
			</trkpt>
			<trkpt lat="47.3176" lon="0.4172">
				<ele>38.48</ele>
			</trkpt>
			<trkpt lat="47.3176" lon="0.4169">
				<ele>38.48</ele>
			</trkpt>
			<trkpt lat="47.3175" lon="0.4168">
				<ele>38.48</ele>
			</trkpt>
			<trkpt lat="47.3175" lon="0.4166">
				<ele>40.31</ele>
			</trkpt>
			<trkpt lat="47.3174" lon="0.4165">
				<ele>40.31</ele>
			</trkpt>
			<trkpt lat="47.3174" lon="0.4163">
				<ele>40.31</ele>
			</trkpt>
			<trkpt lat="47.3173" lon="0.4163">
				<ele>40.31</ele>
			</trkpt>
			<trkpt lat="47.3173" lon="0.4161">
				<ele>40.31</ele>
			</trkpt>
			<trkpt lat="47.3172" lon="0.416">
				<ele>40.31</ele>
			</trkpt>
			<trkpt lat="47.3172" lon="0.4158">
				<ele>40.31</ele>
			</trkpt>
			<trkpt lat="47.3171" lon="0.4158">
				<ele>40.31</ele>
			</trkpt>
			<trkpt lat="47.317" lon="0.4156">
				<ele>40.31</ele>
			</trkpt>
			<trkpt lat="47.317" lon="0.4153">
				<ele>40.31</ele>
			</trkpt>
			<trkpt lat="47.3169" lon="0.4153">
				<ele>40.31</ele>
			</trkpt>
			<trkpt lat="47.3169" lon="0.415">
				<ele>40.31</ele>
			</trkpt>
			<trkpt lat="47.3168" lon="0.4149">
				<ele>40.31</ele>
			</trkpt>
			<trkpt lat="47.3168" lon="0.4147">
				<ele>40.26</ele>
			</trkpt>
			<trkpt lat="47.3167" lon="0.4146">
				<ele>40.26</ele>
			</trkpt>
			<trkpt lat="47.3167" lon="0.4144">
				<ele>40.26</ele>
			</trkpt>
			<trkpt lat="47.3166" lon="0.4143">
				<ele>40.26</ele>
			</trkpt>
			<trkpt lat="47.3165" lon="0.4141">
				<ele>40.26</ele>
			</trkpt>
			<trkpt lat="47.3165" lon="0.4139">
				<ele>40.26</ele>
			</trkpt>
			<trkpt lat="47.3164" lon="0.4138">
				<ele>40.26</ele>
			</trkpt>
			<trkpt lat="47.3164" lon="0.4136">
				<ele>40.26</ele>
			</trkpt>
			<trkpt lat="47.3163" lon="0.4136">
				<ele>40.26</ele>
			</trkpt>
			<trkpt lat="47.3163" lon="0.4133">
				<ele>40.26</ele>
			</trkpt>
			<trkpt lat="47.3162" lon="0.4132">
				<ele>40.26</ele>
			</trkpt>
			<trkpt lat="47.3161" lon="0.413">
				<ele>40.26</ele>
			</trkpt>
			<trkpt lat="47.3161" lon="0.4128">
				<ele>39.71</ele>
			</trkpt>
			<trkpt lat="47.316" lon="0.4127">
				<ele>39.71</ele>
			</trkpt>
			<trkpt lat="47.316" lon="0.4125">
				<ele>39.71</ele>
			</trkpt>
			<trkpt lat="47.3159" lon="0.4124">
				<ele>39.71</ele>
			</trkpt>
			<trkpt lat="47.3159" lon="0.4121">
				<ele>39.71</ele>
			</trkpt>
			<trkpt lat="47.3158" lon="0.4121">
				<ele>39.71</ele>
			</trkpt>
			<trkpt lat="47.3158" lon="0.4118">
				<ele>39.71</ele>
			</trkpt>
			<trkpt lat="47.3157" lon="0.4117">
				<ele>39.71</ele>
			</trkpt>
			<trkpt lat="47.3157" lon="0.4114">
				<ele>39.71</ele>
			</trkpt>
			<trkpt lat="47.3156" lon="0.4113">
				<ele>39.71</ele>
			</trkpt>
			<trkpt lat="47.3156" lon="0.411">
				<ele>39.71</ele>
			</trkpt>
			<trkpt lat="47.3155" lon="0.4109">
				<ele>39.71</ele>
			</trkpt>
			<trkpt lat="47.3155" lon="0.41031">
				<ele>39.71</ele>
			</trkpt>
			<trkpt lat="47.3154" lon="0.4103">
				<ele>40.81</ele>
			</trkpt>
			<trkpt lat="47.3154" lon="0.40951">
				<ele>40.81</ele>
			</trkpt>
			<trkpt lat="47.3153" lon="0.4094">
				<ele>40.81</ele>
			</trkpt>
			<trkpt lat="47.3153" lon="0.409">
				<ele>40.81</ele>
			</trkpt>
			<trkpt lat="47.3152" lon="0.409">
				<ele>40.81</ele>
			</trkpt>
			<trkpt lat="47.3152" lon="0.4087">
				<ele>40.81</ele>
			</trkpt>
			<trkpt lat="47.3151" lon="0.4087">
				<ele>40.81</ele>
			</trkpt>
			<trkpt lat="47.3151" lon="0.4083">
				<ele>40.81</ele>
			</trkpt>
			<trkpt lat="47.315" lon="0.4083">
				<ele>40.81</ele>
			</trkpt>
			<trkpt lat="47.315" lon="0.408">
				<ele>40.81</ele>
			</trkpt>
			<trkpt lat="47.3149" lon="0.4079">
				<ele>40.81</ele>
			</trkpt>
			<trkpt lat="47.3149" lon="0.4077">
				<ele>40.81</ele>
			</trkpt>
			<trkpt lat="47.3148" lon="0.4076">
				<ele>41.03</ele>
			</trkpt>
			<trkpt lat="47.3148" lon="0.4074">
				<ele>41.03</ele>
			</trkpt>
			<trkpt lat="47.3147" lon="0.4073">
				<ele>41.03</ele>
			</trkpt>
			<trkpt lat="47.3147" lon="0.4071">
				<ele>41.03</ele>
			</trkpt>
			<trkpt lat="47.3146" lon="0.407">
				<ele>41.03</ele>
			</trkpt>
			<trkpt lat="47.3145" lon="0.4068">
				<ele>41.03</ele>
			</trkpt>
			<trkpt lat="47.3145" lon="0.4066">
				<ele>41.03</ele>
			</trkpt>
			<trkpt lat="47.3144" lon="0.4065">
				<ele>41.03</ele>
			</trkpt>
			<trkpt lat="47.3144" lon="0.4063">
				<ele>41.03</ele>
			</trkpt>
			<trkpt lat="47.3143" lon="0.4063">
				<ele>41.03</ele>
			</trkpt>
			<trkpt lat="47.3143" lon="0.4061">
				<ele>41.03</ele>
			</trkpt>
			<trkpt lat="47.3142" lon="0.4061">
				<ele>41.03</ele>
			</trkpt>
			<trkpt lat="47.3142" lon="0.4059">
				<ele>41.03</ele>
			</trkpt>
			<trkpt lat="47.3141" lon="0.4058">
				<ele>39.66</ele>
			</trkpt>
			<trkpt lat="47.3141" lon="0.4056">
				<ele>39.66</ele>
			</trkpt>
			<trkpt lat="47.314" lon="0.4055">
				<ele>39.66</ele>
			</trkpt>
			<trkpt lat="47.314" lon="0.4053">
				<ele>39.66</ele>
			</trkpt>
			<trkpt lat="47.3139" lon="0.4052">
				<ele>39.66</ele>
			</trkpt>
			<trkpt lat="47.3139" lon="0.4049">
				<ele>39.66</ele>
			</trkpt>
			<trkpt lat="47.3138" lon="0.4049">
				<ele>39.66</ele>
			</trkpt>
			<trkpt lat="47.3138" lon="0.4047">
				<ele>39.66</ele>
			</trkpt>
			<trkpt lat="47.3137" lon="0.4047">
				<ele>39.66</ele>
			</trkpt>
			<trkpt lat="47.3137" lon="0.4045">
				<ele>39.66</ele>
			</trkpt>
			<trkpt lat="47.3136" lon="0.4044">
				<ele>39.66</ele>
			</trkpt>
			<trkpt lat="47.3136" lon="0.4042">
				<ele>39.66</ele>
			</trkpt>
			<trkpt lat="47.3135" lon="0.4041">
				<ele>39.97</ele>
			</trkpt>
			<trkpt lat="47.3134" lon="0.4039">
				<ele>39.97</ele>
			</trkpt>
			<trkpt lat="47.3134" lon="0.4037">
				<ele>39.97</ele>
			</trkpt>
			<trkpt lat="47.3133" lon="0.4036">
				<ele>39.97</ele>
			</trkpt>
			<trkpt lat="47.3133" lon="0.4034">
				<ele>39.97</ele>
			</trkpt>
			<trkpt lat="47.3132" lon="0.4034">
				<ele>39.97</ele>
			</trkpt>
			<trkpt lat="47.3132" lon="0.4031">
				<ele>39.97</ele>
			</trkpt>
			<trkpt lat="47.3131" lon="0.4031">
				<ele>39.97</ele>
			</trkpt>
			<trkpt lat="47.3131" lon="0.4028">
				<ele>39.97</ele>
			</trkpt>
			<trkpt lat="47.313" lon="0.4027">
				<ele>39.97</ele>
			</trkpt>
			<trkpt lat="47.313" lon="0.4025">
				<ele>39.97</ele>
			</trkpt>
			<trkpt lat="47.3129" lon="0.4024">
				<ele>39.97</ele>
			</trkpt>
			<trkpt lat="47.3129" lon="0.4021">
				<ele>39.97</ele>
			</trkpt>
			<trkpt lat="47.3128" lon="0.402">
				<ele>38.54</ele>
			</trkpt>
			<trkpt lat="47.3128" lon="0.4017">
				<ele>38.54</ele>
			</trkpt>
			<trkpt lat="47.3127" lon="0.4017">
				<ele>38.54</ele>
			</trkpt>
			<trkpt lat="47.3127" lon="0.4015">
				<ele>38.54</ele>
			</trkpt>
			<trkpt lat="47.3126" lon="0.4014">
				<ele>38.54</ele>
			</trkpt>
			<trkpt lat="47.3126" lon="0.4011">
				<ele>38.54</ele>
			</trkpt>
			<trkpt lat="47.3125" lon="0.401">
				<ele>38.54</ele>
			</trkpt>
			<trkpt lat="47.3125" lon="0.4006">
				<ele>38.54</ele>
			</trkpt>
			<trkpt lat="47.3124" lon="0.4005">
				<ele>38.54</ele>
			</trkpt>
			<trkpt lat="47.3124" lon="0.4">
				<ele>38.54</ele>
			</trkpt>
			<trkpt lat="47.3123" lon="0.3999">
				<ele>38.54</ele>
			</trkpt>
			<trkpt lat="47.3123" lon="0.3995">
				<ele>38.54</ele>
			</trkpt>
			<trkpt lat="47.3122" lon="0.3995">
				<ele>38.16</ele>
			</trkpt>
			<trkpt lat="47.3122" lon="0.3992">
				<ele>38.16</ele>
			</trkpt>
			<trkpt lat="47.3121" lon="0.3992">
				<ele>38.16</ele>
			</trkpt>
			<trkpt lat="47.3121" lon="0.399">
				<ele>38.16</ele>
			</trkpt>
			<trkpt lat="47.312" lon="0.3989">
				<ele>38.16</ele>
			</trkpt>
			<trkpt lat="47.312" lon="0.3987">
				<ele>38.16</ele>
			</trkpt>
			<trkpt lat="47.3119" lon="0.3987">
				<ele>38.16</ele>
			</trkpt>
			<trkpt lat="47.3119" lon="0.3985">
				<ele>38.16</ele>
			</trkpt>
			<trkpt lat="47.3118" lon="0.3984">
				<ele>38.16</ele>
			</trkpt>
			<trkpt lat="47.3118" lon="0.3982">
				<ele>38.16</ele>
			</trkpt>
			<trkpt lat="47.3117" lon="0.3982">
				<ele>38.16</ele>
			</trkpt>
			<trkpt lat="47.3117" lon="0.398">
				<ele>38.16</ele>
			</trkpt>
			<trkpt lat="47.3116" lon="0.3979">
				<ele>38.16</ele>
			</trkpt>
			<trkpt lat="47.3115" lon="0.3977">
				<ele>39.4</ele>
			</trkpt>
			<trkpt lat="47.3114" lon="0.3975">
				<ele>39.4</ele>
			</trkpt>
			<trkpt lat="47.3114" lon="0.3973">
				<ele>39.4</ele>
			</trkpt>
			<trkpt lat="47.3113" lon="0.3973">
				<ele>39.4</ele>
			</trkpt>
			<trkpt lat="47.3113" lon="0.3971">
				<ele>39.4</ele>
			</trkpt>
			<trkpt lat="47.3112" lon="0.397">
				<ele>39.4</ele>
			</trkpt>
			<trkpt lat="47.3111" lon="0.3968">
				<ele>39.4</ele>
			</trkpt>
			<trkpt lat="47.311" lon="0.3966">
				<ele>39.4</ele>
			</trkpt>
			<trkpt lat="47.3109" lon="0.3964">
				<ele>39.4</ele>
			</trkpt>
			<trkpt lat="47.3109" lon="0.3962">
				<ele>39.4</ele>
			</trkpt>
			<trkpt lat="47.3108" lon="0.3961">
				<ele>39.4</ele>
			</trkpt>
			<trkpt lat="47.3108" lon="0.3959">
				<ele>39.4</ele>
			</trkpt>
			<trkpt lat="47.3107" lon="0.3958">
				<ele>40.27</ele>
			</trkpt>
			<trkpt lat="47.3106" lon="0.3956">
				<ele>40.27</ele>
			</trkpt>
			<trkpt lat="47.3106" lon="0.3954">
				<ele>40.27</ele>
			</trkpt>
			<trkpt lat="47.3105" lon="0.3953">
				<ele>40.27</ele>
			</trkpt>
			<trkpt lat="47.3105" lon="0.3951">
				<ele>40.27</ele>
			</trkpt>
			<trkpt lat="47.3104" lon="0.395">
				<ele>40.27</ele>
			</trkpt>
			<trkpt lat="47.3104" lon="0.3948">
				<ele>40.27</ele>
			</trkpt>
			<trkpt lat="47.3103" lon="0.3947">
				<ele>40.27</ele>
			</trkpt>
			<trkpt lat="47.3103" lon="0.3944">
				<ele>40.27</ele>
			</trkpt>
			<trkpt lat="47.3102" lon="0.3943">
				<ele>40.27</ele>
			</trkpt>
			<trkpt lat="47.3102" lon="0.394">
				<ele>40.27</ele>
			</trkpt>
			<trkpt lat="47.3101" lon="0.3939">
				<ele>40.27</ele>
			</trkpt>
			<trkpt lat="47.3101" lon="0.3935">
				<ele>38.29</ele>
			</trkpt>
			<trkpt lat="47.31" lon="0.3934">
				<ele>38.29</ele>
			</trkpt>
			<trkpt lat="47.31" lon="0.3929">
				<ele>38.29</ele>
			</trkpt>
			<trkpt lat="47.3099" lon="0.3928">
				<ele>38.29</ele>
			</trkpt>
			<trkpt lat="47.3099" lon="0.3925">
				<ele>38.29</ele>
			</trkpt>
			<trkpt lat="47.3098" lon="0.3924">
				<ele>38.29</ele>
			</trkpt>
			<trkpt lat="47.3097" lon="0.3922">
				<ele>38.29</ele>
			</trkpt>
			<trkpt lat="47.3097" lon="0.392">
				<ele>38.29</ele>
			</trkpt>
			<trkpt lat="47.3096" lon="0.3919">
				<ele>38.29</ele>
			</trkpt>
			<trkpt lat="47.3096" lon="0.3917">
				<ele>38.29</ele>
			</trkpt>
			<trkpt lat="47.3095" lon="0.3917">
				<ele>38.29</ele>
			</trkpt>
			<trkpt lat="47.3095" lon="0.3914">
				<ele>38.29</ele>
			</trkpt>
			<trkpt lat="47.3094" lon="0.3914">
				<ele>38.29</ele>
			</trkpt>
			<trkpt lat="47.3094" lon="0.3912">
				<ele>39.73</ele>
			</trkpt>
			<trkpt lat="47.3093" lon="0.3911">
				<ele>39.73</ele>
			</trkpt>
			<trkpt lat="47.3093" lon="0.3909">
				<ele>39.73</ele>
			</trkpt>
			<trkpt lat="47.3092" lon="0.3908">
				<ele>39.73</ele>
			</trkpt>
			<trkpt lat="47.3091" lon="0.3906">
				<ele>39.73</ele>
			</trkpt>
			<trkpt lat="47.309" lon="0.3904">
				<ele>39.73</ele>
			</trkpt>
			<trkpt lat="47.3089" lon="0.3902">
				<ele>39.73</ele>
			</trkpt>
			<trkpt lat="47.3088" lon="0.39">
				<ele>39.73</ele>
			</trkpt>
			<trkpt lat="47.3086" lon="0.3897">
				<ele>39.73</ele>
			</trkpt>
			<trkpt lat="47.3085" lon="0.3895">
				<ele>39.73</ele>
			</trkpt>
			<trkpt lat="47.3084" lon="0.3893">
				<ele>39.73</ele>
			</trkpt>
			<trkpt lat="47.3083" lon="0.3891">
				<ele>39.73</ele>
			</trkpt>
			<trkpt lat="47.3082" lon="0.389">
				<ele>40.79</ele>
			</trkpt>
			<trkpt lat="47.3082" lon="0.3888">
				<ele>40.79</ele>
			</trkpt>
			<trkpt lat="47.3081" lon="0.3888">
				<ele>40.79</ele>
			</trkpt>
			<trkpt lat="47.3081" lon="0.3886">
				<ele>40.79</ele>
			</trkpt>
			<trkpt lat="47.308" lon="0.3885">
				<ele>40.79</ele>
			</trkpt>
			<trkpt lat="47.308" lon="0.3883">
				<ele>40.79</ele>
			</trkpt>
			<trkpt lat="47.3079" lon="0.3882">
				<ele>40.79</ele>
			</trkpt>
			<trkpt lat="47.3079" lon="0.388">
				<ele>40.79</ele>
			</trkpt>
			<trkpt lat="47.3078" lon="0.388">
				<ele>40.79</ele>
			</trkpt>
			<trkpt lat="47.3078" lon="0.3876">
				<ele>40.79</ele>
			</trkpt>
			<trkpt lat="47.3077" lon="0.3875">
				<ele>40.79</ele>
			</trkpt>
			<trkpt lat="47.3077" lon="0.3872">
				<ele>40.79</ele>
			</trkpt>
			<trkpt lat="47.3076" lon="0.3871">
				<ele>40.79</ele>
			</trkpt>
			<trkpt lat="47.3076" lon="0.3868">
				<ele>40.21</ele>
			</trkpt>
			<trkpt lat="47.3075" lon="0.3867">
				<ele>40.21</ele>
			</trkpt>
			<trkpt lat="47.3075" lon="0.3864">
				<ele>40.21</ele>
			</trkpt>
			<trkpt lat="47.3074" lon="0.3863">
				<ele>40.21</ele>
			</trkpt>
			<trkpt lat="47.3074" lon="0.386">
				<ele>40.21</ele>
			</trkpt>
			<trkpt lat="47.3073" lon="0.3859">
				<ele>40.21</ele>
			</trkpt>
			<trkpt lat="47.3073" lon="0.3855">
				<ele>40.21</ele>
			</trkpt>
			<trkpt lat="47.3072" lon="0.3855">
				<ele>40.21</ele>
			</trkpt>
			<trkpt lat="47.3072" lon="0.3851">
				<ele>40.21</ele>
			</trkpt>
			<trkpt lat="47.3071" lon="0.385">
				<ele>40.21</ele>
			</trkpt>
			<trkpt lat="47.3071" lon="0.3848">
				<ele>40.21</ele>
			</trkpt>
			<trkpt lat="47.307" lon="0.3847">
				<ele>40.21</ele>
			</trkpt>
			<trkpt lat="47.3068" lon="0.3844">
				<ele>41</ele>
			</trkpt>
			<trkpt lat="47.3067" lon="0.3842">
				<ele>41</ele>
			</trkpt>
			<trkpt lat="47.3066" lon="0.3841">
				<ele>41</ele>
			</trkpt>
			<trkpt lat="47.3066" lon="0.3839">
				<ele>41</ele>
			</trkpt>
			<trkpt lat="47.3065" lon="0.3839">
				<ele>41</ele>
			</trkpt>
			<trkpt lat="47.3065" lon="0.3837">
				<ele>41</ele>
			</trkpt>
			<trkpt lat="47.3064" lon="0.3837">
				<ele>41</ele>
			</trkpt>
			<trkpt lat="47.3064" lon="0.3835">
				<ele>41</ele>
			</trkpt>
			<trkpt lat="47.3063" lon="0.3835">
				<ele>41</ele>
			</trkpt>
			<trkpt lat="47.3063" lon="0.3833">
				<ele>41</ele>
			</trkpt>
			<trkpt lat="47.3062" lon="0.3832">
				<ele>41</ele>
			</trkpt>
			<trkpt lat="47.3062" lon="0.383">
				<ele>41</ele>
			</trkpt>
			<trkpt lat="47.3061" lon="0.383">
				<ele>41</ele>
			</trkpt>
			<trkpt lat="47.3061" lon="0.3828">
				<ele>40.84</ele>
			</trkpt>
			<trkpt lat="47.306" lon="0.3828">
				<ele>40.84</ele>
			</trkpt>
			<trkpt lat="47.306" lon="0.3826">
				<ele>40.84</ele>
			</trkpt>
			<trkpt lat="47.3059" lon="0.3826">
				<ele>40.84</ele>
			</trkpt>
			<trkpt lat="47.3059" lon="0.3824">
				<ele>40.84</ele>
			</trkpt>
			<trkpt lat="47.3058" lon="0.3824">
				<ele>40.84</ele>
			</trkpt>
			<trkpt lat="47.3058" lon="0.3822">
				<ele>40.84</ele>
			</trkpt>
			<trkpt lat="47.3057" lon="0.3822">
				<ele>40.84</ele>
			</trkpt>
			<trkpt lat="47.3057" lon="0.382">
				<ele>40.84</ele>
			</trkpt>
			<trkpt lat="47.3056" lon="0.382">
				<ele>40.84</ele>
			</trkpt>
			<trkpt lat="47.3056" lon="0.3818">
				<ele>40.84</ele>
			</trkpt>
			<trkpt lat="47.3055" lon="0.3818">
				<ele>40.84</ele>
			</trkpt>
			<trkpt lat="47.3055" lon="0.3816">
				<ele>40.61</ele>
			</trkpt>
			<trkpt lat="47.3054" lon="0.3815">
				<ele>40.61</ele>
			</trkpt>
			<trkpt lat="47.3053" lon="0.3813">
				<ele>40.61</ele>
			</trkpt>
			<trkpt lat="47.3052" lon="0.3811">
				<ele>40.61</ele>
			</trkpt>
			<trkpt lat="47.3052" lon="0.3809">
				<ele>40.61</ele>
			</trkpt>
			<trkpt lat="47.3051" lon="0.3808">
				<ele>40.61</ele>
			</trkpt>
			<trkpt lat="47.305" lon="0.3806">
				<ele>40.61</ele>
			</trkpt>
			<trkpt lat="47.3049" lon="0.3804">
				<ele>40.61</ele>
			</trkpt>
			<trkpt lat="47.3049" lon="0.3802">
				<ele>40.61</ele>
			</trkpt>
			<trkpt lat="47.3048" lon="0.3802">
				<ele>40.61</ele>
			</trkpt>
			<trkpt lat="47.3048" lon="0.38">
				<ele>40.61</ele>
			</trkpt>
			<trkpt lat="47.3047" lon="0.38">
				<ele>40.61</ele>
			</trkpt>
			<trkpt lat="47.3047" lon="0.3798">
				<ele>40.61</ele>
			</trkpt>
			<trkpt lat="47.3046" lon="0.3798">
				<ele>40.26</ele>
			</trkpt>
			<trkpt lat="47.3045" lon="0.3796">
				<ele>40.26</ele>
			</trkpt>
			<trkpt lat="47.3044" lon="0.3795">
				<ele>40.26</ele>
			</trkpt>
			<trkpt lat="47.3043" lon="0.3793">
				<ele>40.26</ele>
			</trkpt>
			<trkpt lat="47.3042" lon="0.3791">
				<ele>40.26</ele>
			</trkpt>
			<trkpt lat="47.3041" lon="0.3789">
				<ele>40.26</ele>
			</trkpt>
			<trkpt lat="47.304" lon="0.3787">
				<ele>40.26</ele>
			</trkpt>
			<trkpt lat="47.304" lon="0.3784">
				<ele>40.26</ele>
			</trkpt>
			<trkpt lat="47.3039" lon="0.3783">
				<ele>40.26</ele>
			</trkpt>
			<trkpt lat="47.3039" lon="0.3779">
				<ele>40.26</ele>
			</trkpt>
			<trkpt lat="47.3038" lon="0.3779">
				<ele>40.26</ele>
			</trkpt>
			<trkpt lat="47.3038" lon="0.3775">
				<ele>40.26</ele>
			</trkpt>
			<trkpt lat="47.3037" lon="0.3774">
				<ele>39</ele>
			</trkpt>
			<trkpt lat="47.3037" lon="0.3771">
				<ele>39</ele>
			</trkpt>
			<trkpt lat="47.3036" lon="0.377">
				<ele>39</ele>
			</trkpt>
			<trkpt lat="47.3036" lon="0.3768">
				<ele>39</ele>
			</trkpt>
			<trkpt lat="47.3035" lon="0.3767">
				<ele>39</ele>
			</trkpt>
			<trkpt lat="47.3035" lon="0.3764">
				<ele>39</ele>
			</trkpt>
			<trkpt lat="47.3034" lon="0.3763">
				<ele>39</ele>
			</trkpt>
			<trkpt lat="47.3034" lon="0.376">
				<ele>39</ele>
			</trkpt>
			<trkpt lat="47.3033" lon="0.3759">
				<ele>39</ele>
			</trkpt>
			<trkpt lat="47.3033" lon="0.3755">
				<ele>39</ele>
			</trkpt>
			<trkpt lat="47.3032" lon="0.3755">
				<ele>39</ele>
			</trkpt>
			<trkpt lat="47.3032" lon="0.3752">
				<ele>39</ele>
			</trkpt>
			<trkpt lat="47.3031" lon="0.3751">
				<ele>39</ele>
			</trkpt>
			<trkpt lat="47.3031" lon="0.3748">
				<ele>38.56</ele>
			</trkpt>
			<trkpt lat="47.303" lon="0.3747">
				<ele>38.56</ele>
			</trkpt>
			<trkpt lat="47.303" lon="0.3743">
				<ele>38.56</ele>
			</trkpt>
			<trkpt lat="47.3029" lon="0.3742">
				<ele>38.56</ele>
			</trkpt>
			<trkpt lat="47.3029" lon="0.3738">
				<ele>38.56</ele>
			</trkpt>
			<trkpt lat="47.3028" lon="0.3737">
				<ele>38.56</ele>
			</trkpt>
			<trkpt lat="47.3028" lon="0.3734">
				<ele>38.56</ele>
			</trkpt>
			<trkpt lat="47.3027" lon="0.3733">
				<ele>38.56</ele>
			</trkpt>
			<trkpt lat="47.3026" lon="0.3731">
				<ele>38.56</ele>
			</trkpt>
			<trkpt lat="47.3026" lon="0.3729">
				<ele>38.56</ele>
			</trkpt>
			<trkpt lat="47.3025" lon="0.3729">
				<ele>38.56</ele>
			</trkpt>
			<trkpt lat="47.3024" lon="0.3727">
				<ele>38.56</ele>
			</trkpt>
			<trkpt lat="47.3022" lon="0.3724">
				<ele>38.5</ele>
			</trkpt>
			<trkpt lat="47.3021" lon="0.3723">
				<ele>38.5</ele>
			</trkpt>
			<trkpt lat="47.3021" lon="0.3721">
				<ele>38.5</ele>
			</trkpt>
			<trkpt lat="47.302" lon="0.3721">
				<ele>38.5</ele>
			</trkpt>
			<trkpt lat="47.3018" lon="0.3718">
				<ele>38.5</ele>
			</trkpt>
			<trkpt lat="47.3016" lon="0.3715">
				<ele>38.5</ele>
			</trkpt>
			<trkpt lat="47.3014" lon="0.3712">
				<ele>38.5</ele>
			</trkpt>
			<trkpt lat="47.3012" lon="0.3709">
				<ele>38.5</ele>
			</trkpt>
			<trkpt lat="47.3011" lon="0.3708">
				<ele>38.5</ele>
			</trkpt>
			<trkpt lat="47.3011" lon="0.3706">
				<ele>38.5</ele>
			</trkpt>
			<trkpt lat="47.301" lon="0.3706">
				<ele>38.5</ele>
			</trkpt>
			<trkpt lat="47.3009" lon="0.3704">
				<ele>38.5</ele>
			</trkpt>
			<trkpt lat="47.3008" lon="0.3703">
				<ele>38.5</ele>
			</trkpt>
			<trkpt lat="47.3008" lon="0.3701">
				<ele>37.4</ele>
			</trkpt>
			<trkpt lat="47.3007" lon="0.37">
				<ele>37.4</ele>
			</trkpt>
			<trkpt lat="47.3006" lon="0.3698">
				<ele>37.4</ele>
			</trkpt>
			<trkpt lat="47.3005" lon="0.3696">
				<ele>37.4</ele>
			</trkpt>
			<trkpt lat="47.3004" lon="0.3694">
				<ele>37.4</ele>
			</trkpt>
			<trkpt lat="47.3003" lon="0.3693">
				<ele>37.4</ele>
			</trkpt>
			<trkpt lat="47.3003" lon="0.3691">
				<ele>37.4</ele>
			</trkpt>
			<trkpt lat="47.3002" lon="0.3691">
				<ele>37.4</ele>
			</trkpt>
			<trkpt lat="47.3002" lon="0.3689">
				<ele>37.4</ele>
			</trkpt>
			<trkpt lat="47.3" lon="0.3687">
				<ele>37.4</ele>
			</trkpt>
			<trkpt lat="47.2999" lon="0.3685">
				<ele>37.4</ele>
			</trkpt>
			<trkpt lat="47.2998" lon="0.3684">
				<ele>37.4</ele>
			</trkpt>
			<trkpt lat="47.2997" lon="0.3683">
				<ele>38.05</ele>
			</trkpt>
			<trkpt lat="47.2996" lon="0.3682">
				<ele>38.05</ele>
			</trkpt>
			<trkpt lat="47.2995" lon="0.3681">
				<ele>38.05</ele>
			</trkpt>
			<trkpt lat="47.2994" lon="0.368">
				<ele>38.05</ele>
			</trkpt>
			<trkpt lat="47.2993" lon="0.3679">
				<ele>38.05</ele>
			</trkpt>
			<trkpt lat="47.2991" lon="0.3677">
				<ele>38.05</ele>
			</trkpt>
			<trkpt lat="47.299" lon="0.3676">
				<ele>38.05</ele>
			</trkpt>
			<trkpt lat="47.2989" lon="0.3674">
				<ele>38.05</ele>
			</trkpt>
			<trkpt lat="47.2988" lon="0.3673">
				<ele>38.05</ele>
			</trkpt>
			<trkpt lat="47.2988" lon="0.3671">
				<ele>38.05</ele>
			</trkpt>
			<trkpt lat="47.2987" lon="0.367">
				<ele>38.05</ele>
			</trkpt>
			<trkpt lat="47.2987" lon="0.3668">
				<ele>38.05</ele>
			</trkpt>
			<trkpt lat="47.2986" lon="0.3667">
				<ele>38.05</ele>
			</trkpt>
			<trkpt lat="47.2986" lon="0.3664">
				<ele>37.25</ele>
			</trkpt>
			<trkpt lat="47.2985" lon="0.3663">
				<ele>37.25</ele>
			</trkpt>
			<trkpt lat="47.2985" lon="0.36531">
				<ele>37.25</ele>
			</trkpt>
			<trkpt lat="47.2984" lon="0.3653">
				<ele>37.25</ele>
			</trkpt>
			<trkpt lat="47.2984" lon="0.36421">
				<ele>37.25</ele>
			</trkpt>
			<trkpt lat="47.2983" lon="0.3641">
				<ele>37.25</ele>
			</trkpt>
			<trkpt lat="47.2983" lon="0.3636">
				<ele>37.25</ele>
			</trkpt>
			<trkpt lat="47.2982" lon="0.3635">
				<ele>37.25</ele>
			</trkpt>
			<trkpt lat="47.2982" lon="0.3632">
				<ele>37.25</ele>
			</trkpt>
			<trkpt lat="47.2981" lon="0.3631">
				<ele>37.25</ele>
			</trkpt>
			<trkpt lat="47.2981" lon="0.3628">
				<ele>37.25</ele>
			</trkpt>
			<trkpt lat="47.298" lon="0.3627">
				<ele>37.25</ele>
			</trkpt>
			<trkpt lat="47.298" lon="0.3625">
				<ele>36.75</ele>
			</trkpt>
			<trkpt lat="47.2979" lon="0.3624">
				<ele>36.75</ele>
			</trkpt>
			<trkpt lat="47.2979" lon="0.3622">
				<ele>36.75</ele>
			</trkpt>
			<trkpt lat="47.2978" lon="0.3622">
				<ele>36.75</ele>
			</trkpt>
			<trkpt lat="47.2978" lon="0.3619">
				<ele>36.75</ele>
			</trkpt>
			<trkpt lat="47.2977" lon="0.3619">
				<ele>36.75</ele>
			</trkpt>
			<trkpt lat="47.2977" lon="0.3616">
				<ele>36.75</ele>
			</trkpt>
			<trkpt lat="47.2976" lon="0.3616">
				<ele>36.75</ele>
			</trkpt>
			<trkpt lat="47.2976" lon="0.3613">
				<ele>36.75</ele>
			</trkpt>
			<trkpt lat="47.2975" lon="0.3612">
				<ele>36.75</ele>
			</trkpt>
			<trkpt lat="47.2975" lon="0.361">
				<ele>36.75</ele>
			</trkpt>
			<trkpt lat="47.2974" lon="0.3609">
				<ele>36.75</ele>
			</trkpt>
			<trkpt lat="47.2974" lon="0.3606">
				<ele>36.75</ele>
			</trkpt>
			<trkpt lat="47.2973" lon="0.3605">
				<ele>36.46</ele>
			</trkpt>
			<trkpt lat="47.2973" lon="0.3602">
				<ele>36.46</ele>
			</trkpt>
			<trkpt lat="47.2972" lon="0.3602">
				<ele>36.46</ele>
			</trkpt>
			<trkpt lat="47.2972" lon="0.3598">
				<ele>36.46</ele>
			</trkpt>
			<trkpt lat="47.2971" lon="0.3598">
				<ele>36.46</ele>
			</trkpt>
			<trkpt lat="47.2971" lon="0.3594">
				<ele>36.46</ele>
			</trkpt>
			<trkpt lat="47.297" lon="0.3593">
				<ele>36.46</ele>
			</trkpt>
			<trkpt lat="47.297" lon="0.3591">
				<ele>36.46</ele>
			</trkpt>
			<trkpt lat="47.2969" lon="0.359">
				<ele>36.46</ele>
			</trkpt>
			<trkpt lat="47.2969" lon="0.3587">
				<ele>36.46</ele>
			</trkpt>
			<trkpt lat="47.2968" lon="0.3587">
				<ele>36.46</ele>
			</trkpt>
			<trkpt lat="47.2968" lon="0.3584">
				<ele>36.46</ele>
			</trkpt>
			<trkpt lat="47.2967" lon="0.3584">
				<ele>36.2</ele>
			</trkpt>
			<trkpt lat="47.2967" lon="0.3581">
				<ele>36.2</ele>
			</trkpt>
			<trkpt lat="47.2966" lon="0.358">
				<ele>36.2</ele>
			</trkpt>
			<trkpt lat="47.2966" lon="0.3578">
				<ele>36.2</ele>
			</trkpt>
			<trkpt lat="47.2965" lon="0.3577">
				<ele>36.2</ele>
			</trkpt>
			<trkpt lat="47.2965" lon="0.3574">
				<ele>36.2</ele>
			</trkpt>
			<trkpt lat="47.2964" lon="0.3573">
				<ele>36.2</ele>
			</trkpt>
			<trkpt lat="47.2964" lon="0.357">
				<ele>36.2</ele>
			</trkpt>
			<trkpt lat="47.2963" lon="0.357">
				<ele>36.2</ele>
			</trkpt>
			<trkpt lat="47.2963" lon="0.3567">
				<ele>36.2</ele>
			</trkpt>
			<trkpt lat="47.2962" lon="0.3566">
				<ele>36.2</ele>
			</trkpt>
			<trkpt lat="47.2962" lon="0.3561">
				<ele>36.2</ele>
			</trkpt>
			<trkpt lat="47.2961" lon="0.356">
				<ele>36.2</ele>
			</trkpt>
			<trkpt lat="47.2961" lon="0.35541">
				<ele>38.46</ele>
			</trkpt>
			<trkpt lat="47.296" lon="0.3554">
				<ele>38.46</ele>
			</trkpt>
			<trkpt lat="47.296" lon="0.3552">
				<ele>38.46</ele>
			</trkpt>
			<trkpt lat="47.2959" lon="0.3551">
				<ele>38.46</ele>
			</trkpt>
			<trkpt lat="47.2959" lon="0.3549">
				<ele>38.46</ele>
			</trkpt>
			<trkpt lat="47.2958" lon="0.3549">
				<ele>38.46</ele>
			</trkpt>
			<trkpt lat="47.2958" lon="0.3547">
				<ele>38.46</ele>
			</trkpt>
			<trkpt lat="47.2957" lon="0.3546">
				<ele>38.46</ele>
			</trkpt>
			<trkpt lat="47.2958" lon="0.3545">
				<ele>38.46</ele>
			</trkpt>
			<trkpt lat="47.2956" lon="0.3542">
				<ele>38.46</ele>
			</trkpt>
			<trkpt lat="47.2956" lon="0.3539">
				<ele>38.46</ele>
			</trkpt>
			<trkpt lat="47.2955" lon="0.3539">
				<ele>38.46</ele>
			</trkpt>
			<trkpt lat="47.2955" lon="0.3535">
				<ele>36.99</ele>
			</trkpt>
			<trkpt lat="47.2954" lon="0.3535">
				<ele>36.99</ele>
			</trkpt>
			<trkpt lat="47.2954" lon="0.3531">
				<ele>36.99</ele>
			</trkpt>
			<trkpt lat="47.2953" lon="0.3531">
				<ele>36.99</ele>
			</trkpt>
			<trkpt lat="47.2953" lon="0.3527">
				<ele>36.99</ele>
			</trkpt>
			<trkpt lat="47.2952" lon="0.3526">
				<ele>36.99</ele>
			</trkpt>
			<trkpt lat="47.2952" lon="0.3524">
				<ele>36.99</ele>
			</trkpt>
			<trkpt lat="47.2951" lon="0.3524">
				<ele>36.99</ele>
			</trkpt>
			<trkpt lat="47.2951" lon="0.3522">
				<ele>36.99</ele>
			</trkpt>
			<trkpt lat="47.295" lon="0.3522">
				<ele>36.99</ele>
			</trkpt>
			<trkpt lat="47.295" lon="0.352">
				<ele>36.99</ele>
			</trkpt>
			<trkpt lat="47.2949" lon="0.352">
				<ele>36.99</ele>
			</trkpt>
			<trkpt lat="47.2948" lon="0.3518">
				<ele>36.99</ele>
			</trkpt>
			<trkpt lat="47.2948" lon="0.3516">
				<ele>35.28</ele>
			</trkpt>
			<trkpt lat="47.2947" lon="0.3515">
				<ele>35.28</ele>
			</trkpt>
			<trkpt lat="47.2946" lon="0.3513">
				<ele>35.28</ele>
			</trkpt>
			<trkpt lat="47.2945" lon="0.3512">
				<ele>35.28</ele>
			</trkpt>
			<trkpt lat="47.2945" lon="0.351">
				<ele>35.28</ele>
			</trkpt>
			<trkpt lat="47.2944" lon="0.351">
				<ele>35.28</ele>
			</trkpt>
			<trkpt lat="47.2943" lon="0.3508">
				<ele>35.28</ele>
			</trkpt>
			<trkpt lat="47.2942" lon="0.3506">
				<ele>35.28</ele>
			</trkpt>
			<trkpt lat="47.2941" lon="0.3505">
				<ele>35.28</ele>
			</trkpt>
			<trkpt lat="47.2941" lon="0.3503">
				<ele>35.28</ele>
			</trkpt>
			<trkpt lat="47.294" lon="0.3503">
				<ele>35.28</ele>
			</trkpt>
			<trkpt lat="47.294" lon="0.3501">
				<ele>35.28</ele>
			</trkpt>
			<trkpt lat="47.2939" lon="0.3501">
				<ele>37.82</ele>
			</trkpt>
			<trkpt lat="47.2939" lon="0.3499">
				<ele>37.82</ele>
			</trkpt>
			<trkpt lat="47.2938" lon="0.3499">
				<ele>37.82</ele>
			</trkpt>
			<trkpt lat="47.2937" lon="0.3497">
				<ele>37.82</ele>
			</trkpt>
			<trkpt lat="47.2936" lon="0.3496">
				<ele>37.82</ele>
			</trkpt>
			<trkpt lat="47.2935" lon="0.3494">
				<ele>37.82</ele>
			</trkpt>
			<trkpt lat="47.2934" lon="0.3493">
				<ele>37.82</ele>
			</trkpt>
			<trkpt lat="47.2933" lon="0.3492">
				<ele>37.82</ele>
			</trkpt>
			<trkpt lat="47.2932" lon="0.349">
				<ele>37.82</ele>
			</trkpt>
			<trkpt lat="47.2929" lon="0.3486">
				<ele>37.82</ele>
			</trkpt>
			<trkpt lat="47.2927" lon="0.3483">
				<ele>37.82</ele>
			</trkpt>
			<trkpt lat="47.2923" lon="0.3478">
				<ele>37.82</ele>
			</trkpt>
			<trkpt lat="47.292" lon="0.3474">
				<ele>37.82</ele>
			</trkpt>
			<trkpt lat="47.2918" lon="0.3471">
				<ele>39.12</ele>
			</trkpt>
			<trkpt lat="47.2917" lon="0.3469">
				<ele>39.12</ele>
			</trkpt>
			<trkpt lat="47.2915" lon="0.3466">
				<ele>39.12</ele>
			</trkpt>
			<trkpt lat="47.2914" lon="0.3464">
				<ele>39.12</ele>
			</trkpt>
			<trkpt lat="47.2913" lon="0.3463">
				<ele>39.12</ele>
			</trkpt>
			<trkpt lat="47.2912" lon="0.3461">
				<ele>39.12</ele>
			</trkpt>
			<trkpt lat="47.2911" lon="0.3459">
				<ele>39.12</ele>
			</trkpt>
			<trkpt lat="47.291" lon="0.3457">
				<ele>39.12</ele>
			</trkpt>
			<trkpt lat="47.2909" lon="0.3455">
				<ele>39.12</ele>
			</trkpt>
			<trkpt lat="47.2909" lon="0.3453">
				<ele>39.12</ele>
			</trkpt>
			<trkpt lat="47.2908" lon="0.3452">
				<ele>39.12</ele>
			</trkpt>
			<trkpt lat="47.2908" lon="0.345">
				<ele>39.12</ele>
			</trkpt>
			<trkpt lat="47.2907" lon="0.345">
				<ele>38</ele>
			</trkpt>
			<trkpt lat="47.2907" lon="0.3448">
				<ele>38</ele>
			</trkpt>
			<trkpt lat="47.2906" lon="0.3447">
				<ele>38</ele>
			</trkpt>
			<trkpt lat="47.2906" lon="0.3445">
				<ele>38</ele>
			</trkpt>
			<trkpt lat="47.2905" lon="0.3445">
				<ele>38</ele>
			</trkpt>
			<trkpt lat="47.2902" lon="0.3441">
				<ele>38</ele>
			</trkpt>
			<trkpt lat="47.2899" lon="0.3437">
				<ele>38</ele>
			</trkpt>
			<trkpt lat="47.2897" lon="0.3434">
				<ele>38</ele>
			</trkpt>
			<trkpt lat="47.2896" lon="0.3433">
				<ele>38</ele>
			</trkpt>
			<trkpt lat="47.2895" lon="0.3431">
				<ele>38</ele>
			</trkpt>
			<trkpt lat="47.2894" lon="0.343">
				<ele>38</ele>
			</trkpt>
			<trkpt lat="47.2894" lon="0.3428">
				<ele>38</ele>
			</trkpt>
			<trkpt lat="47.2893" lon="0.3428">
				<ele>38</ele>
			</trkpt>
			<trkpt lat="47.2892" lon="0.3427">
				<ele>37.13</ele>
			</trkpt>
			<trkpt lat="47.2892" lon="0.3425">
				<ele>37.13</ele>
			</trkpt>
			<trkpt lat="47.2891" lon="0.3425">
				<ele>37.13</ele>
			</trkpt>
			<trkpt lat="47.289" lon="0.3424">
				<ele>37.13</ele>
			</trkpt>
			<trkpt lat="47.289" lon="0.3422">
				<ele>37.13</ele>
			</trkpt>
			<trkpt lat="47.2889" lon="0.3422">
				<ele>37.13</ele>
			</trkpt>
			<trkpt lat="47.2888" lon="0.342">
				<ele>37.13</ele>
			</trkpt>
			<trkpt lat="47.2887" lon="0.3419">
				<ele>37.13</ele>
			</trkpt>
			<trkpt lat="47.2886" lon="0.3417">
				<ele>37.13</ele>
			</trkpt>
			<trkpt lat="47.2885" lon="0.3416">
				<ele>37.13</ele>
			</trkpt>
			<trkpt lat="47.2884" lon="0.3414">
				<ele>37.13</ele>
			</trkpt>
			<trkpt lat="47.2883" lon="0.3413">
				<ele>37.13</ele>
			</trkpt>
			<trkpt lat="47.2882" lon="0.3411">
				<ele>38</ele>
			</trkpt>
			<trkpt lat="47.2881" lon="0.341">
				<ele>38</ele>
			</trkpt>
			<trkpt lat="47.288" lon="0.3408">
				<ele>38</ele>
			</trkpt>
			<trkpt lat="47.2878" lon="0.3405">
				<ele>38</ele>
			</trkpt>
			<trkpt lat="47.2877" lon="0.3403">
				<ele>38</ele>
			</trkpt>
			<trkpt lat="47.2876" lon="0.3401">
				<ele>38</ele>
			</trkpt>
			<trkpt lat="47.2875" lon="0.34">
				<ele>38</ele>
			</trkpt>
			<trkpt lat="47.2874" lon="0.3398">
				<ele>38</ele>
			</trkpt>
			<trkpt lat="47.2873" lon="0.3396">
				<ele>38</ele>
			</trkpt>
			<trkpt lat="47.2872" lon="0.3394">
				<ele>38</ele>
			</trkpt>
			<trkpt lat="47.2871" lon="0.3392">
				<ele>38</ele>
			</trkpt>
			<trkpt lat="47.287" lon="0.339">
				<ele>38</ele>
			</trkpt>
			<trkpt lat="47.2868" lon="0.3387">
				<ele>38</ele>
			</trkpt>
			<trkpt lat="47.2867" lon="0.3385">
				<ele>37.66</ele>
			</trkpt>
			<trkpt lat="47.2866" lon="0.3383">
				<ele>37.66</ele>
			</trkpt>
			<trkpt lat="47.2865" lon="0.3381">
				<ele>37.66</ele>
			</trkpt>
			<trkpt lat="47.2864" lon="0.3379">
				<ele>37.66</ele>
			</trkpt>
			<trkpt lat="47.2863" lon="0.3377">
				<ele>37.66</ele>
			</trkpt>
			<trkpt lat="47.2862" lon="0.3375">
				<ele>37.66</ele>
			</trkpt>
			<trkpt lat="47.2861" lon="0.3373">
				<ele>37.66</ele>
			</trkpt>
			<trkpt lat="47.2859" lon="0.337">
				<ele>37.66</ele>
			</trkpt>
			<trkpt lat="47.2858" lon="0.3368">
				<ele>37.66</ele>
			</trkpt>
			<trkpt lat="47.28501" lon="0.33591">
				<ele>37.66</ele>
			</trkpt>
			<trkpt lat="47.2849" lon="0.3358">
				<ele>37.66</ele>
			</trkpt>
			<trkpt lat="47.2848" lon="0.3357">
				<ele>37.66</ele>
			</trkpt>
			<trkpt lat="47.2847" lon="0.3356">
				<ele>35.48</ele>
			</trkpt>
			<trkpt lat="47.2846" lon="0.3355">
				<ele>35.48</ele>
			</trkpt>
			<trkpt lat="47.2844" lon="0.3352">
				<ele>35.48</ele>
			</trkpt>
			<trkpt lat="47.2842" lon="0.3349">
				<ele>35.48</ele>
			</trkpt>
			<trkpt lat="47.2842" lon="0.3347">
				<ele>35.48</ele>
			</trkpt>
			<trkpt lat="47.2841" lon="0.3346">
				<ele>35.48</ele>
			</trkpt>
			<trkpt lat="47.284" lon="0.3344">
				<ele>35.48</ele>
			</trkpt>
			<trkpt lat="47.284" lon="0.3342">
				<ele>35.48</ele>
			</trkpt>
			<trkpt lat="47.2839" lon="0.3341">
				<ele>35.48</ele>
			</trkpt>
			<trkpt lat="47.2838" lon="0.3339">
				<ele>35.48</ele>
			</trkpt>
			<trkpt lat="47.2838" lon="0.3337">
				<ele>35.48</ele>
			</trkpt>
			<trkpt lat="47.2837" lon="0.3336">
				<ele>35.48</ele>
			</trkpt>
			<trkpt lat="47.2836" lon="0.3334">
				<ele>35.48</ele>
			</trkpt>
			<trkpt lat="47.2835" lon="0.3333">
				<ele>36.51</ele>
			</trkpt>
			<trkpt lat="47.2834" lon="0.3331">
				<ele>36.51</ele>
			</trkpt>
			<trkpt lat="47.2833" lon="0.333">
				<ele>36.51</ele>
			</trkpt>
			<trkpt lat="47.2831" lon="0.3327">
				<ele>36.51</ele>
			</trkpt>
			<trkpt lat="47.283" lon="0.3326">
				<ele>36.51</ele>
			</trkpt>
			<trkpt lat="47.2828" lon="0.3323">
				<ele>36.51</ele>
			</trkpt>
			<trkpt lat="47.2827" lon="0.3322">
				<ele>36.51</ele>
			</trkpt>
			<trkpt lat="47.2826" lon="0.332">
				<ele>36.51</ele>
			</trkpt>
			<trkpt lat="47.2825" lon="0.3319">
				<ele>36.51</ele>
			</trkpt>
			<trkpt lat="47.2824" lon="0.3318">
				<ele>36.51</ele>
			</trkpt>
			<trkpt lat="47.2824" lon="0.3316">
				<ele>36.51</ele>
			</trkpt>
			<trkpt lat="47.2823" lon="0.3316">
				<ele>36.51</ele>
			</trkpt>
			<trkpt lat="47.2822" lon="0.3315">
				<ele>37.56</ele>
			</trkpt>
			<trkpt lat="47.2821" lon="0.3314">
				<ele>37.56</ele>
			</trkpt>
			<trkpt lat="47.2818" lon="0.331">
				<ele>37.56</ele>
			</trkpt>
			<trkpt lat="47.2817" lon="0.331">
				<ele>37.56</ele>
			</trkpt>
			<trkpt lat="47.2816" lon="0.3309">
				<ele>37.56</ele>
			</trkpt>
			<trkpt lat="47.2815" lon="0.3308">
				<ele>37.56</ele>
			</trkpt>
			<trkpt lat="47.2814" lon="0.3308">
				<ele>37.56</ele>
			</trkpt>
			<trkpt lat="47.2813" lon="0.3307">
				<ele>37.56</ele>
			</trkpt>
			<trkpt lat="47.2812" lon="0.3306">
				<ele>37.56</ele>
			</trkpt>
			<trkpt lat="47.2811" lon="0.3305">
				<ele>37.56</ele>
			</trkpt>
			<trkpt lat="47.2809" lon="0.3302">
				<ele>37.56</ele>
			</trkpt>
			<trkpt lat="47.2808" lon="0.3301">
				<ele>37.56</ele>
			</trkpt>
			<trkpt lat="47.2806" lon="0.3298">
				<ele>37.56</ele>
			</trkpt>
			<trkpt lat="47.2805" lon="0.3296">
				<ele>36.73</ele>
			</trkpt>
			<trkpt lat="47.2804" lon="0.3295">
				<ele>36.73</ele>
			</trkpt>
			<trkpt lat="47.2804" lon="0.3293">
				<ele>36.73</ele>
			</trkpt>
			<trkpt lat="47.2803" lon="0.3293">
				<ele>36.73</ele>
			</trkpt>
			<trkpt lat="47.2803" lon="0.3291">
				<ele>36.73</ele>
			</trkpt>
			<trkpt lat="47.2802" lon="0.3291">
				<ele>36.73</ele>
			</trkpt>
			<trkpt lat="47.2802" lon="0.3289">
				<ele>36.73</ele>
			</trkpt>
			<trkpt lat="47.2801" lon="0.3289">
				<ele>36.73</ele>
			</trkpt>
			<trkpt lat="47.2801" lon="0.3287">
				<ele>36.73</ele>
			</trkpt>
			<trkpt lat="47.28" lon="0.3287">
				<ele>36.73</ele>
			</trkpt>
			<trkpt lat="47.28" lon="0.3285">
				<ele>36.73</ele>
			</trkpt>
			<trkpt lat="47.2799" lon="0.3285">
				<ele>36.73</ele>
			</trkpt>
			<trkpt lat="47.2799" lon="0.3283">
				<ele>36.47</ele>
			</trkpt>
			<trkpt lat="47.2798" lon="0.3282">
				<ele>36.47</ele>
			</trkpt>
			<trkpt lat="47.2798" lon="0.3279">
				<ele>36.47</ele>
			</trkpt>
			<trkpt lat="47.2797" lon="0.3278">
				<ele>36.47</ele>
			</trkpt>
			<trkpt lat="47.2797" lon="0.32721">
				<ele>36.47</ele>
			</trkpt>
			<trkpt lat="47.2796" lon="0.3271">
				<ele>36.47</ele>
			</trkpt>
			<trkpt lat="47.2796" lon="0.3268">
				<ele>36.47</ele>
			</trkpt>
			<trkpt lat="47.2795" lon="0.3267">
				<ele>36.47</ele>
			</trkpt>
			<trkpt lat="47.2794" lon="0.3265">
				<ele>36.47</ele>
			</trkpt>
			<trkpt lat="47.2792" lon="0.3262">
				<ele>36.47</ele>
			</trkpt>
			<trkpt lat="47.279" lon="0.3259">
				<ele>36.47</ele>
			</trkpt>
			<trkpt lat="47.2788" lon="0.3256">
				<ele>36.47</ele>
			</trkpt>
			<trkpt lat="47.2786" lon="0.3253">
				<ele>36.47</ele>
			</trkpt>
			<trkpt lat="47.2785" lon="0.3252">
				<ele>34</ele>
			</trkpt>
			<trkpt lat="47.2784" lon="0.3251">
				<ele>34</ele>
			</trkpt>
			<trkpt lat="47.2783" lon="0.325">
				<ele>34</ele>
			</trkpt>
			<trkpt lat="47.2782" lon="0.3249">
				<ele>34</ele>
			</trkpt>
			<trkpt lat="47.2781" lon="0.3248">
				<ele>34</ele>
			</trkpt>
			<trkpt lat="47.278" lon="0.3248">
				<ele>34</ele>
			</trkpt>
			<trkpt lat="47.2777" lon="0.3247">
				<ele>34</ele>
			</trkpt>
			<trkpt lat="47.2776" lon="0.3246">
				<ele>34</ele>
			</trkpt>
			<trkpt lat="47.2771" lon="0.3241">
				<ele>34</ele>
			</trkpt>
			<trkpt lat="47.2769" lon="0.3238">
				<ele>34</ele>
			</trkpt>
			<trkpt lat="47.2768" lon="0.3236">
				<ele>34</ele>
			</trkpt>
			<trkpt lat="47.2767" lon="0.3235">
				<ele>34</ele>
			</trkpt>
			<trkpt lat="47.2763" lon="0.323">
				<ele>35.62</ele>
			</trkpt>
			<trkpt lat="47.2759" lon="0.3225">
				<ele>35.62</ele>
			</trkpt>
			<trkpt lat="47.2758" lon="0.3224">
				<ele>35.62</ele>
			</trkpt>
			<trkpt lat="47.2757" lon="0.3223">
				<ele>35.62</ele>
			</trkpt>
			<trkpt lat="47.2753" lon="0.3218">
				<ele>35.62</ele>
			</trkpt>
			<trkpt lat="47.2752" lon="0.3218">
				<ele>35.62</ele>
			</trkpt>
			<trkpt lat="47.2751" lon="0.3217">
				<ele>35.62</ele>
			</trkpt>
			<trkpt lat="47.275" lon="0.3216">
				<ele>35.62</ele>
			</trkpt>
			<trkpt lat="47.2749" lon="0.3215">
				<ele>35.62</ele>
			</trkpt>
			<trkpt lat="47.2748" lon="0.3214">
				<ele>35.62</ele>
			</trkpt>
			<trkpt lat="47.2747" lon="0.3213">
				<ele>35.62</ele>
			</trkpt>
			<trkpt lat="47.2746" lon="0.3212">
				<ele>35.62</ele>
			</trkpt>
			<trkpt lat="47.2745" lon="0.3211">
				<ele>35.62</ele>
			</trkpt>
			<trkpt lat="47.2744" lon="0.321">
				<ele>35.37</ele>
			</trkpt>
			<trkpt lat="47.2742" lon="0.3208">
				<ele>35.37</ele>
			</trkpt>
			<trkpt lat="47.2737" lon="0.3208">
				<ele>35.37</ele>
			</trkpt>
			<trkpt lat="47.2736" lon="0.3207">
				<ele>35.37</ele>
			</trkpt>
			<trkpt lat="47.2734" lon="0.3207">
				<ele>35.37</ele>
			</trkpt>
			<trkpt lat="47.2733" lon="0.3206">
				<ele>35.37</ele>
			</trkpt>
			<trkpt lat="47.273" lon="0.3203">
				<ele>35.37</ele>
			</trkpt>
			<trkpt lat="47.273" lon="0.32">
				<ele>35.37</ele>
			</trkpt>
			<trkpt lat="47.2729" lon="0.3199">
				<ele>35.37</ele>
			</trkpt>
			<trkpt lat="47.2729" lon="0.3196">
				<ele>35.37</ele>
			</trkpt>
			<trkpt lat="47.2728" lon="0.3195">
				<ele>35.37</ele>
			</trkpt>
			<trkpt lat="47.2728" lon="0.3193">
				<ele>35.37</ele>
			</trkpt>
			<trkpt lat="47.2727" lon="0.3192">
				<ele>39.15</ele>
			</trkpt>
			<trkpt lat="47.2727" lon="0.3189">
				<ele>39.15</ele>
			</trkpt>
			<trkpt lat="47.2726" lon="0.3188">
				<ele>39.15</ele>
			</trkpt>
			<trkpt lat="47.2726" lon="0.3186">
				<ele>39.15</ele>
			</trkpt>
			<trkpt lat="47.2725" lon="0.3185">
				<ele>39.15</ele>
			</trkpt>
			<trkpt lat="47.2724" lon="0.3183">
				<ele>39.15</ele>
			</trkpt>
			<trkpt lat="47.2723" lon="0.3181">
				<ele>39.15</ele>
			</trkpt>
			<trkpt lat="47.2722" lon="0.3179">
				<ele>39.15</ele>
			</trkpt>
			<trkpt lat="47.2721" lon="0.3177">
				<ele>39.15</ele>
			</trkpt>
			<trkpt lat="47.272" lon="0.3176">
				<ele>39.15</ele>
			</trkpt>
			<trkpt lat="47.2718" lon="0.3173">
				<ele>39.15</ele>
			</trkpt>
			<trkpt lat="47.2716" lon="0.317">
				<ele>39.15</ele>
			</trkpt>
			<trkpt lat="47.2714" lon="0.3167">
				<ele>39.15</ele>
			</trkpt>
			<trkpt lat="47.2713" lon="0.3167">
				<ele>36.03</ele>
			</trkpt>
			<trkpt lat="47.2712" lon="0.3166">
				<ele>36.03</ele>
			</trkpt>
			<trkpt lat="47.2711" lon="0.3166">
				<ele>36.03</ele>
			</trkpt>
			<trkpt lat="47.271" lon="0.3165">
				<ele>36.03</ele>
			</trkpt>
			<trkpt lat="47.2708" lon="0.3163">
				<ele>36.03</ele>
			</trkpt>
			<trkpt lat="47.2706" lon="0.316">
				<ele>36.03</ele>
			</trkpt>
			<trkpt lat="47.2704" lon="0.3157">
				<ele>36.03</ele>
			</trkpt>
			<trkpt lat="47.2702" lon="0.3154">
				<ele>36.03</ele>
			</trkpt>
			<trkpt lat="47.2701" lon="0.3152">
				<ele>36.03</ele>
			</trkpt>
			<trkpt lat="47.27" lon="0.3151">
				<ele>36.03</ele>
			</trkpt>
			<trkpt lat="47.27" lon="0.3149">
				<ele>36.03</ele>
			</trkpt>
			<trkpt lat="47.2699" lon="0.3149">
				<ele>36.03</ele>
			</trkpt>
			<trkpt lat="47.2699" lon="0.3147">
				<ele>38.45</ele>
			</trkpt>
			<trkpt lat="47.2698" lon="0.3146">
				<ele>38.45</ele>
			</trkpt>
			<trkpt lat="47.2698" lon="0.3144">
				<ele>38.45</ele>
			</trkpt>
			<trkpt lat="47.2697" lon="0.3143">
				<ele>38.45</ele>
			</trkpt>
			<trkpt lat="47.2696" lon="0.3141">
				<ele>38.45</ele>
			</trkpt>
			<trkpt lat="47.2695" lon="0.3139">
				<ele>38.45</ele>
			</trkpt>
			<trkpt lat="47.2694" lon="0.3138">
				<ele>38.45</ele>
			</trkpt>
			<trkpt lat="47.2693" lon="0.3137">
				<ele>38.45</ele>
			</trkpt>
			<trkpt lat="47.2692" lon="0.3135">
				<ele>38.45</ele>
			</trkpt>
			<trkpt lat="47.2691" lon="0.3133">
				<ele>38.45</ele>
			</trkpt>
			<trkpt lat="47.2691" lon="0.3131">
				<ele>38.45</ele>
			</trkpt>
			<trkpt lat="47.269" lon="0.3131">
				<ele>38.45</ele>
			</trkpt>
			<trkpt lat="47.269" lon="0.3129">
				<ele>38.45</ele>
			</trkpt>
			<trkpt lat="47.2689" lon="0.3128">
				<ele>36.88</ele>
			</trkpt>
			<trkpt lat="47.2689" lon="0.3126">
				<ele>36.88</ele>
			</trkpt>
			<trkpt lat="47.2688" lon="0.3125">
				<ele>36.88</ele>
			</trkpt>
			<trkpt lat="47.2687" lon="0.3123">
				<ele>36.88</ele>
			</trkpt>
			<trkpt lat="47.2687" lon="0.3119">
				<ele>36.88</ele>
			</trkpt>
			<trkpt lat="47.2686" lon="0.3119">
				<ele>36.88</ele>
			</trkpt>
			<trkpt lat="47.2686" lon="0.3115">
				<ele>36.88</ele>
			</trkpt>
			<trkpt lat="47.2685" lon="0.3114">
				<ele>36.88</ele>
			</trkpt>
			<trkpt lat="47.2684" lon="0.3112">
				<ele>36.88</ele>
			</trkpt>
			<trkpt lat="47.2683" lon="0.311">
				<ele>36.88</ele>
			</trkpt>
			<trkpt lat="47.2683" lon="0.3108">
				<ele>36.88</ele>
			</trkpt>
			<trkpt lat="47.2682" lon="0.3108">
				<ele>36.88</ele>
			</trkpt>
			<trkpt lat="47.2682" lon="0.3106">
				<ele>36.35</ele>
			</trkpt>
			<trkpt lat="47.2681" lon="0.3105">
				<ele>36.35</ele>
			</trkpt>
			<trkpt lat="47.2681" lon="0.3103">
				<ele>36.35</ele>
			</trkpt>
			<trkpt lat="47.268" lon="0.3103">
				<ele>36.35</ele>
			</trkpt>
			<trkpt lat="47.268" lon="0.3101">
				<ele>36.35</ele>
			</trkpt>
			<trkpt lat="47.2679" lon="0.3101">
				<ele>36.35</ele>
			</trkpt>
			<trkpt lat="47.2679" lon="0.3099">
				<ele>36.35</ele>
			</trkpt>
			<trkpt lat="47.2678" lon="0.3098">
				<ele>36.35</ele>
			</trkpt>
			<trkpt lat="47.2677" lon="0.3097">
				<ele>36.35</ele>
			</trkpt>
			<trkpt lat="47.2676" lon="0.3096">
				<ele>36.35</ele>
			</trkpt>
			<trkpt lat="47.2675" lon="0.3095">
				<ele>36.35</ele>
			</trkpt>
			<trkpt lat="47.2674" lon="0.3094">
				<ele>36.35</ele>
			</trkpt>
			<trkpt lat="47.2672" lon="0.3091">
				<ele>36.35</ele>
			</trkpt>
			<trkpt lat="47.2671" lon="0.3089">
				<ele>37.06</ele>
			</trkpt>
			<trkpt lat="47.267" lon="0.3088">
				<ele>37.06</ele>
			</trkpt>
			<trkpt lat="47.267" lon="0.3086">
				<ele>37.06</ele>
			</trkpt>
			<trkpt lat="47.2669" lon="0.3086">
				<ele>37.06</ele>
			</trkpt>
			<trkpt lat="47.2668" lon="0.3084">
				<ele>37.06</ele>
			</trkpt>
			<trkpt lat="47.2667" lon="0.3082">
				<ele>37.06</ele>
			</trkpt>
			<trkpt lat="47.2666" lon="0.3081">
				<ele>37.06</ele>
			</trkpt>
			<trkpt lat="47.2665" lon="0.3079">
				<ele>37.06</ele>
			</trkpt>
			<trkpt lat="47.2664" lon="0.3077">
				<ele>37.06</ele>
			</trkpt>
			<trkpt lat="47.2663" lon="0.3076">
				<ele>37.06</ele>
			</trkpt>
			<trkpt lat="47.2663" lon="0.3074">
				<ele>37.06</ele>
			</trkpt>
			<trkpt lat="47.2662" lon="0.3074">
				<ele>37.06</ele>
			</trkpt>
			<trkpt lat="47.2662" lon="0.3071">
				<ele>37.87</ele>
			</trkpt>
			<trkpt lat="47.2661" lon="0.3071">
				<ele>37.87</ele>
			</trkpt>
			<trkpt lat="47.2661" lon="0.3069">
				<ele>37.87</ele>
			</trkpt>
			<trkpt lat="47.266" lon="0.3068">
				<ele>37.87</ele>
			</trkpt>
			<trkpt lat="47.266" lon="0.3066">
				<ele>37.87</ele>
			</trkpt>
			<trkpt lat="47.2659" lon="0.3065">
				<ele>37.87</ele>
			</trkpt>
			<trkpt lat="47.2659" lon="0.3063">
				<ele>37.87</ele>
			</trkpt>
			<trkpt lat="47.2658" lon="0.3062">
				<ele>37.87</ele>
			</trkpt>
			<trkpt lat="47.2658" lon="0.3059">
				<ele>37.87</ele>
			</trkpt>
			<trkpt lat="47.2657" lon="0.3059">
				<ele>37.87</ele>
			</trkpt>
			<trkpt lat="47.2657" lon="0.3056">
				<ele>37.87</ele>
			</trkpt>
			<trkpt lat="47.2656" lon="0.3055">
				<ele>37.87</ele>
			</trkpt>
			<trkpt lat="47.2656" lon="0.3052">
				<ele>37.87</ele>
			</trkpt>
			<trkpt lat="47.2655" lon="0.3051">
				<ele>37.9</ele>
			</trkpt>
			<trkpt lat="47.2655" lon="0.3049">
				<ele>37.9</ele>
			</trkpt>
			<trkpt lat="47.2654" lon="0.3048">
				<ele>37.9</ele>
			</trkpt>
			<trkpt lat="47.2654" lon="0.3046">
				<ele>37.9</ele>
			</trkpt>
			<trkpt lat="47.2652" lon="0.3044">
				<ele>37.9</ele>
			</trkpt>
			<trkpt lat="47.2652" lon="0.3042">
				<ele>37.9</ele>
			</trkpt>
			<trkpt lat="47.2651" lon="0.3042">
				<ele>37.9</ele>
			</trkpt>
			<trkpt lat="47.2651" lon="0.304">
				<ele>37.9</ele>
			</trkpt>
			<trkpt lat="47.265" lon="0.304">
				<ele>37.9</ele>
			</trkpt>
			<trkpt lat="47.2649" lon="0.3038">
				<ele>37.9</ele>
			</trkpt>
			<trkpt lat="47.2648" lon="0.3036">
				<ele>37.9</ele>
			</trkpt>
			<trkpt lat="47.2647" lon="0.3034">
				<ele>37.9</ele>
			</trkpt>
			<trkpt lat="47.2646" lon="0.3032">
				<ele>42.14</ele>
			</trkpt>
			<trkpt lat="47.2646" lon="0.3029">
				<ele>42.14</ele>
			</trkpt>
			<trkpt lat="47.2645" lon="0.3029">
				<ele>42.14</ele>
			</trkpt>
			<trkpt lat="47.2645" lon="0.3026">
				<ele>42.14</ele>
			</trkpt>
			<trkpt lat="47.2644" lon="0.3025">
				<ele>42.14</ele>
			</trkpt>
			<trkpt lat="47.2644" lon="0.3022">
				<ele>42.14</ele>
			</trkpt>
			<trkpt lat="47.2643" lon="0.3021">
				<ele>42.14</ele>
			</trkpt>
			<trkpt lat="47.2643" lon="0.3017">
				<ele>42.14</ele>
			</trkpt>
			<trkpt lat="47.2642" lon="0.3016">
				<ele>42.14</ele>
			</trkpt>
			<trkpt lat="47.2642" lon="0.30101">
				<ele>42.14</ele>
			</trkpt>
			<trkpt lat="47.2641" lon="0.3009">
				<ele>42.14</ele>
			</trkpt>
			<trkpt lat="47.2641" lon="0.29941">
				<ele>42.14</ele>
			</trkpt>
			<trkpt lat="47.264" lon="0.2993">
				<ele>42.14</ele>
			</trkpt>
			<trkpt lat="47.264" lon="0.2991">
				<ele>37.69</ele>
			</trkpt>
			<trkpt lat="47.2639" lon="0.299">
				<ele>37.69</ele>
			</trkpt>
			<trkpt lat="47.2638" lon="0.2988">
				<ele>37.69</ele>
			</trkpt>
			<trkpt lat="47.2638" lon="0.2986">
				<ele>37.69</ele>
			</trkpt>
			<trkpt lat="47.2637" lon="0.2986">
				<ele>37.69</ele>
			</trkpt>
			<trkpt lat="47.2637" lon="0.2984">
				<ele>37.69</ele>
			</trkpt>
			<trkpt lat="47.2636" lon="0.2983">
				<ele>37.69</ele>
			</trkpt>
			<trkpt lat="47.2635" lon="0.2981">
				<ele>37.69</ele>
			</trkpt>
			<trkpt lat="47.2634" lon="0.2979">
				<ele>37.69</ele>
			</trkpt>
			<trkpt lat="47.2634" lon="0.2977">
				<ele>37.69</ele>
			</trkpt>
			<trkpt lat="47.2633" lon="0.2977">
				<ele>37.69</ele>
			</trkpt>
			<trkpt lat="47.2633" lon="0.2973">
				<ele>37.69</ele>
			</trkpt>
			<trkpt lat="47.2632" lon="0.2972">
				<ele>36.9</ele>
			</trkpt>
			<trkpt lat="47.2632" lon="0.29522">
				<ele>36.9</ele>
			</trkpt>
			<trkpt lat="47.2631" lon="0.2951">
				<ele>36.9</ele>
			</trkpt>
			<trkpt lat="47.2631" lon="0.2948">
				<ele>36.9</ele>
			</trkpt>
			<trkpt lat="47.263" lon="0.2947">
				<ele>36.9</ele>
			</trkpt>
			<trkpt lat="47.263" lon="0.2945">
				<ele>36.9</ele>
			</trkpt>
			<trkpt lat="47.2629" lon="0.2944">
				<ele>36.9</ele>
			</trkpt>
			<trkpt lat="47.2629" lon="0.2941">
				<ele>36.9</ele>
			</trkpt>
			<trkpt lat="47.2628" lon="0.2941">
				<ele>36.9</ele>
			</trkpt>
			<trkpt lat="47.2628" lon="0.2938">
				<ele>36.9</ele>
			</trkpt>
			<trkpt lat="47.2627" lon="0.2937">
				<ele>36.9</ele>
			</trkpt>
			<trkpt lat="47.2627" lon="0.2933">
				<ele>36.9</ele>
			</trkpt>
			<trkpt lat="47.2626" lon="0.2932">
				<ele>36.9</ele>
			</trkpt>
			<trkpt lat="47.2626" lon="0.2929">
				<ele>38.24</ele>
			</trkpt>
			<trkpt lat="47.2625" lon="0.2928">
				<ele>38.24</ele>
			</trkpt>
			<trkpt lat="47.2625" lon="0.2926">
				<ele>38.24</ele>
			</trkpt>
			<trkpt lat="47.2624" lon="0.2925">
				<ele>38.24</ele>
			</trkpt>
			<trkpt lat="47.2624" lon="0.2923">
				<ele>38.24</ele>
			</trkpt>
			<trkpt lat="47.2623" lon="0.2922">
				<ele>38.24</ele>
			</trkpt>
			<trkpt lat="47.2623" lon="0.292">
				<ele>38.24</ele>
			</trkpt>
			<trkpt lat="47.2622" lon="0.2919">
				<ele>38.24</ele>
			</trkpt>
			<trkpt lat="47.2622" lon="0.2916">
				<ele>38.24</ele>
			</trkpt>
			<trkpt lat="47.2621" lon="0.2916">
				<ele>38.24</ele>
			</trkpt>
			<trkpt lat="47.2621" lon="0.2912">
				<ele>38.24</ele>
			</trkpt>
			<trkpt lat="47.262" lon="0.2911">
				<ele>38.24</ele>
			</trkpt>
			<trkpt lat="47.262" lon="0.2908">
				<ele>38.14</ele>
			</trkpt>
			<trkpt lat="47.2619" lon="0.2907">
				<ele>38.14</ele>
			</trkpt>
			<trkpt lat="47.2619" lon="0.2903">
				<ele>38.14</ele>
			</trkpt>
			<trkpt lat="47.2618" lon="0.2902">
				<ele>38.14</ele>
			</trkpt>
			<trkpt lat="47.2618" lon="0.2899">
				<ele>38.14</ele>
			</trkpt>
			<trkpt lat="47.2617" lon="0.2898">
				<ele>38.14</ele>
			</trkpt>
			<trkpt lat="47.2617" lon="0.2894">
				<ele>38.14</ele>
			</trkpt>
			<trkpt lat="47.2616" lon="0.2893">
				<ele>38.14</ele>
			</trkpt>
			<trkpt lat="47.2616" lon="0.289">
				<ele>38.14</ele>
			</trkpt>
			<trkpt lat="47.2615" lon="0.289">
				<ele>38.14</ele>
			</trkpt>
			<trkpt lat="47.2615" lon="0.2886">
				<ele>38.14</ele>
			</trkpt>
			<trkpt lat="47.2614" lon="0.2886">
				<ele>38.14</ele>
			</trkpt>
			<trkpt lat="47.2614" lon="0.2882">
				<ele>38.14</ele>
			</trkpt>
			<trkpt lat="47.2613" lon="0.2881">
				<ele>35.79</ele>
			</trkpt>
			<trkpt lat="47.2613" lon="0.2876">
				<ele>35.79</ele>
			</trkpt>
			<trkpt lat="47.2612" lon="0.2876">
				<ele>35.79</ele>
			</trkpt>
			<trkpt lat="47.261" lon="0.2877">
				<ele>35.79</ele>
			</trkpt>
			<trkpt lat="47.2606" lon="0.2878">
				<ele>35.79</ele>
			</trkpt>
			<trkpt lat="47.2602" lon="0.2879">
				<ele>35.79</ele>
			</trkpt>
			<trkpt lat="47.2599" lon="0.288">
				<ele>35.79</ele>
			</trkpt>
			<trkpt lat="47.2596" lon="0.2881">
				<ele>35.79</ele>
			</trkpt>
			<trkpt lat="47.2595" lon="0.2882">
				<ele>35.79</ele>
			</trkpt>
			<trkpt lat="47.2592" lon="0.2882">
				<ele>35.79</ele>
			</trkpt>
			<trkpt lat="47.2589" lon="0.2883">
				<ele>35.79</ele>
			</trkpt>
			<trkpt lat="47.2586" lon="0.2884">
				<ele>35.79</ele>
			</trkpt>
			<trkpt lat="47.2582" lon="0.2885">
				<ele>34.84</ele>
			</trkpt>
			<trkpt lat="47.2579" lon="0.2886">
				<ele>34.84</ele>
			</trkpt>
			<trkpt lat="47.2576" lon="0.2887">
				<ele>34.84</ele>
			</trkpt>
			<trkpt lat="47.2575" lon="0.2888">
				<ele>34.84</ele>
			</trkpt>
			<trkpt lat="47.2573" lon="0.2888">
				<ele>34.84</ele>
			</trkpt>
			<trkpt lat="47.257" lon="0.2889">
				<ele>34.84</ele>
			</trkpt>
			<trkpt lat="47.2566" lon="0.289">
				<ele>34.84</ele>
			</trkpt>
			<trkpt lat="47.2563" lon="0.2891">
				<ele>34.84</ele>
			</trkpt>
			<trkpt lat="47.256" lon="0.2892">
				<ele>34.84</ele>
			</trkpt>
			<trkpt lat="47.2559" lon="0.2893">
				<ele>34.84</ele>
			</trkpt>
			<trkpt lat="47.2557" lon="0.2893">
				<ele>34.84</ele>
			</trkpt>
			<trkpt lat="47.2556" lon="0.2894">
				<ele>34.84</ele>
			</trkpt>
			<trkpt lat="47.2554" lon="0.2894">
				<ele>34.84</ele>
			</trkpt>
			<trkpt lat="47.2551" lon="0.2895">
				<ele>35.36</ele>
			</trkpt>
			<trkpt lat="47.255" lon="0.2896">
				<ele>35.36</ele>
			</trkpt>
			<trkpt lat="47.2547" lon="0.2896">
				<ele>35.36</ele>
			</trkpt>
			<trkpt lat="47.2544" lon="0.2897">
				<ele>35.36</ele>
			</trkpt>
			<trkpt lat="47.2543" lon="0.2898">
				<ele>35.36</ele>
			</trkpt>
			<trkpt lat="47.2541" lon="0.2898">
				<ele>35.36</ele>
			</trkpt>
			<trkpt lat="47.254" lon="0.2899">
				<ele>35.36</ele>
			</trkpt>
			<trkpt lat="47.2538" lon="0.2899">
				<ele>35.36</ele>
			</trkpt>
			<trkpt lat="47.2537" lon="0.29">
				<ele>35.36</ele>
			</trkpt>
			<trkpt lat="47.2534" lon="0.29">
				<ele>35.36</ele>
			</trkpt>
			<trkpt lat="47.2531" lon="0.2901">
				<ele>35.36</ele>
			</trkpt>
			<trkpt lat="47.253" lon="0.2902">
				<ele>35.36</ele>
			</trkpt>
			<trkpt lat="47.2528" lon="0.2902">
				<ele>34.65</ele>
			</trkpt>
			<trkpt lat="47.2527" lon="0.2903">
				<ele>34.65</ele>
			</trkpt>
			<trkpt lat="47.2524" lon="0.2903">
				<ele>34.65</ele>
			</trkpt>
			<trkpt lat="47.2521" lon="0.2904">
				<ele>34.65</ele>
			</trkpt>
			<trkpt lat="47.2518" lon="0.2905">
				<ele>34.65</ele>
			</trkpt>
			<trkpt lat="47.2515" lon="0.2906">
				<ele>34.65</ele>
			</trkpt>
			<trkpt lat="47.2514" lon="0.2907">
				<ele>34.65</ele>
			</trkpt>
			<trkpt lat="47.2511" lon="0.2907">
				<ele>34.65</ele>
			</trkpt>
			<trkpt lat="47.2508" lon="0.2908">
				<ele>34.65</ele>
			</trkpt>
			<trkpt lat="47.2505" lon="0.2909">
				<ele>34.65</ele>
			</trkpt>
			<trkpt lat="47.2506" lon="0.2911">
				<ele>34.65</ele>
			</trkpt>
			<trkpt lat="47.2506" lon="0.2915">
				<ele>34.65</ele>
			</trkpt>
			<trkpt lat="47.2507" lon="0.2915">
				<ele>34.65</ele>
			</trkpt>
			<trkpt lat="47.2507" lon="0.2919">
				<ele>33.82</ele>
			</trkpt>
			<trkpt lat="47.2508" lon="0.292">
				<ele>33.82</ele>
			</trkpt>
			<trkpt lat="47.2509" lon="0.2922">
				<ele>33.82</ele>
			</trkpt>
			<trkpt lat="47.251" lon="0.2922">
				<ele>33.82</ele>
			</trkpt>
			<trkpt lat="47.251" lon="0.2924">
				<ele>33.82</ele>
			</trkpt>
			<trkpt lat="47.2511" lon="0.2925">
				<ele>33.82</ele>
			</trkpt>
			<trkpt lat="47.251" lon="0.2926">
				<ele>33.82</ele>
			</trkpt>
			<trkpt lat="47.251" lon="0.2928">
				<ele>33.82</ele>
			</trkpt>
			<trkpt lat="47.2509" lon="0.2928">
				<ele>33.82</ele>
			</trkpt>
			<trkpt lat="47.2508" lon="0.2929">
				<ele>33.82</ele>
			</trkpt>
			<trkpt lat="47.2507" lon="0.293">
				<ele>33.82</ele>
			</trkpt>
			<trkpt lat="47.2512" lon="0.29171">
				<ele>33.82</ele>
			</trkpt>
			<trkpt lat="47.2507" lon="0.29289">
				<ele>34.45</ele>
			</trkpt>
			<trkpt lat="47.2508" lon="0.2929">
				<ele>34.45</ele>
			</trkpt>
			<trkpt lat="47.2508" lon="0.29191">
				<ele>34.45</ele>
			</trkpt>
			<trkpt lat="47.2507" lon="0.2918">
				<ele>34.45</ele>
			</trkpt>
			<trkpt lat="47.2507" lon="0.2915">
				<ele>34.45</ele>
			</trkpt>
			<trkpt lat="47.2506" lon="0.2914">
				<ele>34.45</ele>
			</trkpt>
			<trkpt lat="47.2506" lon="0.2909">
				<ele>34.45</ele>
			</trkpt>
			<trkpt lat="47.2508" lon="0.2909">
				<ele>34.45</ele>
			</trkpt>
			<trkpt lat="47.2511" lon="0.2908">
				<ele>34.45</ele>
			</trkpt>
			<trkpt lat="47.2512" lon="0.2907">
				<ele>34.45</ele>
			</trkpt>
			<trkpt lat="47.2514" lon="0.2907">
				<ele>34.45</ele>
			</trkpt>
			<trkpt lat="47.2515" lon="0.2906">
				<ele>34.45</ele>
			</trkpt>
			<trkpt lat="47.2518" lon="0.2906">
				<ele>34.45</ele>
			</trkpt>
			<trkpt lat="47.2521" lon="0.2905">
				<ele>34.87</ele>
			</trkpt>
			<trkpt lat="47.2524" lon="0.2904">
				<ele>34.87</ele>
			</trkpt>
			<trkpt lat="47.2527" lon="0.2903">
				<ele>34.87</ele>
			</trkpt>
			<trkpt lat="47.253" lon="0.2902">
				<ele>34.87</ele>
			</trkpt>
			<trkpt lat="47.2531" lon="0.2901">
				<ele>34.87</ele>
			</trkpt>
			<trkpt lat="47.2534" lon="0.2901">
				<ele>34.87</ele>
			</trkpt>
			<trkpt lat="47.2537" lon="0.29">
				<ele>34.87</ele>
			</trkpt>
			<trkpt lat="47.254" lon="0.2899">
				<ele>34.87</ele>
			</trkpt>
			<trkpt lat="47.2544" lon="0.2898">
				<ele>34.87</ele>
			</trkpt>
			<trkpt lat="47.2547" lon="0.2897">
				<ele>34.87</ele>
			</trkpt>
			<trkpt lat="47.255" lon="0.2896">
				<ele>34.87</ele>
			</trkpt>
			<trkpt lat="47.2551" lon="0.2895">
				<ele>34.87</ele>
			</trkpt>
			<trkpt lat="47.2554" lon="0.2895">
				<ele>33.22</ele>
			</trkpt>
			<trkpt lat="47.2557" lon="0.2894">
				<ele>33.22</ele>
			</trkpt>
			<trkpt lat="47.256" lon="0.2893">
				<ele>33.22</ele>
			</trkpt>
			<trkpt lat="47.2561" lon="0.2892">
				<ele>33.22</ele>
			</trkpt>
			<trkpt lat="47.2563" lon="0.2892">
				<ele>33.22</ele>
			</trkpt>
			<trkpt lat="47.2564" lon="0.2891">
				<ele>33.22</ele>
			</trkpt>
			<trkpt lat="47.2566" lon="0.2891">
				<ele>33.22</ele>
			</trkpt>
			<trkpt lat="47.2567" lon="0.289">
				<ele>33.22</ele>
			</trkpt>
			<trkpt lat="47.257" lon="0.289">
				<ele>33.22</ele>
			</trkpt>
			<trkpt lat="47.2573" lon="0.2889">
				<ele>33.22</ele>
			</trkpt>
			<trkpt lat="47.2576" lon="0.2888">
				<ele>33.22</ele>
			</trkpt>
			<trkpt lat="47.2577" lon="0.2887">
				<ele>33.22</ele>
			</trkpt>
			<trkpt lat="47.2579" lon="0.2887">
				<ele>33.22</ele>
			</trkpt>
			<trkpt lat="47.258" lon="0.2886">
				<ele>34.91</ele>
			</trkpt>
			<trkpt lat="47.2583" lon="0.2886">
				<ele>34.91</ele>
			</trkpt>
			<trkpt lat="47.2586" lon="0.2885">
				<ele>34.91</ele>
			</trkpt>
			<trkpt lat="47.2589" lon="0.2884">
				<ele>34.91</ele>
			</trkpt>
			<trkpt lat="47.259" lon="0.2883">
				<ele>34.91</ele>
			</trkpt>
			<trkpt lat="47.2593" lon="0.2883">
				<ele>34.91</ele>
			</trkpt>
			<trkpt lat="47.2597" lon="0.2882">
				<ele>34.91</ele>
			</trkpt>
			<trkpt lat="47.2598" lon="0.2881">
				<ele>34.91</ele>
			</trkpt>
			<trkpt lat="47.2601" lon="0.2881">
				<ele>34.91</ele>
			</trkpt>
			<trkpt lat="47.2605" lon="0.288">
				<ele>34.91</ele>
			</trkpt>
			<trkpt lat="47.2608" lon="0.2879">
				<ele>34.91</ele>
			</trkpt>
			<trkpt lat="47.2609" lon="0.2878">
				<ele>34.91</ele>
			</trkpt>
			<trkpt lat="47.2612" lon="0.2878">
				<ele>36.06</ele>
			</trkpt>
			<trkpt lat="47.2613" lon="0.2877">
				<ele>36.06</ele>
			</trkpt>
			<trkpt lat="47.2612" lon="0.2876">
				<ele>36.06</ele>
			</trkpt>
			<trkpt lat="47.2612" lon="0.2872">
				<ele>36.06</ele>
			</trkpt>
			<trkpt lat="47.2611" lon="0.2871">
				<ele>36.06</ele>
			</trkpt>
			<trkpt lat="47.2611" lon="0.2867">
				<ele>36.06</ele>
			</trkpt>
			<trkpt lat="47.261" lon="0.2866">
				<ele>36.06</ele>
			</trkpt>
			<trkpt lat="47.261" lon="0.2862">
				<ele>36.06</ele>
			</trkpt>
			<trkpt lat="47.2609" lon="0.2862">
				<ele>36.06</ele>
			</trkpt>
			<trkpt lat="47.2609" lon="0.2857">
				<ele>36.06</ele>
			</trkpt>
			<trkpt lat="47.2608" lon="0.2856">
				<ele>36.06</ele>
			</trkpt>
			<trkpt lat="47.2608" lon="0.2852">
				<ele>36.06</ele>
			</trkpt>
			<trkpt lat="47.2607" lon="0.2851">
				<ele>36.06</ele>
			</trkpt>
			<trkpt lat="47.2607" lon="0.2847">
				<ele>33.77</ele>
			</trkpt>
			<trkpt lat="47.2606" lon="0.2846">
				<ele>33.77</ele>
			</trkpt>
			<trkpt lat="47.2606" lon="0.2841">
				<ele>33.77</ele>
			</trkpt>
			<trkpt lat="47.2605" lon="0.284">
				<ele>33.77</ele>
			</trkpt>
			<trkpt lat="47.2605" lon="0.28341">
				<ele>33.77</ele>
			</trkpt>
			<trkpt lat="47.2604" lon="0.2834">
				<ele>33.77</ele>
			</trkpt>
			<trkpt lat="47.2604" lon="0.28281">
				<ele>33.77</ele>
			</trkpt>
			<trkpt lat="47.2603" lon="0.2827">
				<ele>33.77</ele>
			</trkpt>
			<trkpt lat="47.2603" lon="0.27785">
				<ele>33.77</ele>
			</trkpt>
			<trkpt lat="47.2602" lon="0.2777">
				<ele>33.77</ele>
			</trkpt>
			<trkpt lat="47.2602" lon="0.27711">
				<ele>33.77</ele>
			</trkpt>
			<trkpt lat="47.2601" lon="0.2771">
				<ele>33.77</ele>
			</trkpt>
			<trkpt lat="47.2601" lon="0.27641">
				<ele>36.88</ele>
			</trkpt>
			<trkpt lat="47.26" lon="0.2764">
				<ele>36.88</ele>
			</trkpt>
			<trkpt lat="47.26" lon="0.27571">
				<ele>36.88</ele>
			</trkpt>
			<trkpt lat="47.2599" lon="0.2756">
				<ele>36.88</ele>
			</trkpt>
			<trkpt lat="47.2599" lon="0.27481">
				<ele>36.88</ele>
			</trkpt>
			<trkpt lat="47.2598" lon="0.2748">
				<ele>36.88</ele>
			</trkpt>
			<trkpt lat="47.2598" lon="0.27371">
				<ele>36.88</ele>
			</trkpt>
			<trkpt lat="47.2597" lon="0.2737">
				<ele>36.88</ele>
			</trkpt>
			<trkpt lat="47.2597" lon="0.27261">
				<ele>36.88</ele>
			</trkpt>
			<trkpt lat="47.2596" lon="0.2725">
				<ele>36.88</ele>
			</trkpt>
			<trkpt lat="47.2596" lon="0.2721">
				<ele>36.88</ele>
			</trkpt>
			<trkpt lat="47.2595" lon="0.272">
				<ele>36.88</ele>
			</trkpt>
			<trkpt lat="47.2595" lon="0.2716">
				<ele>36.88</ele>
			</trkpt>
			<trkpt lat="47.2594" lon="0.2715">
				<ele>38.43</ele>
			</trkpt>
			<trkpt lat="47.2594" lon="0.271">
				<ele>38.43</ele>
			</trkpt>
			<trkpt lat="47.2593" lon="0.271">
				<ele>38.43</ele>
			</trkpt>
			<trkpt lat="47.2593" lon="0.2707">
				<ele>38.43</ele>
			</trkpt>
			<trkpt lat="47.2592" lon="0.2706">
				<ele>38.43</ele>
			</trkpt>
			<trkpt lat="47.2592" lon="0.2704">
				<ele>38.43</ele>
			</trkpt>
			<trkpt lat="47.2591" lon="0.2703">
				<ele>38.43</ele>
			</trkpt>
			<trkpt lat="47.259" lon="0.2701">
				<ele>38.43</ele>
			</trkpt>
			<trkpt lat="47.259" lon="0.2698">
				<ele>38.43</ele>
			</trkpt>
			<trkpt lat="47.2589" lon="0.2697">
				<ele>38.43</ele>
			</trkpt>
			<trkpt lat="47.2589" lon="0.2695">
				<ele>38.43</ele>
			</trkpt>
			<trkpt lat="47.2588" lon="0.2694">
				<ele>38.43</ele>
			</trkpt>
			<trkpt lat="47.2588" lon="0.2692">
				<ele>37.2</ele>
			</trkpt>
			<trkpt lat="47.2587" lon="0.2691">
				<ele>37.2</ele>
			</trkpt>
			<trkpt lat="47.2587" lon="0.2689">
				<ele>37.2</ele>
			</trkpt>
			<trkpt lat="47.2586" lon="0.2688">
				<ele>37.2</ele>
			</trkpt>
			<trkpt lat="47.2586" lon="0.2686">
				<ele>37.2</ele>
			</trkpt>
			<trkpt lat="47.2585" lon="0.2685">
				<ele>37.2</ele>
			</trkpt>
			<trkpt lat="47.2585" lon="0.2683">
				<ele>37.2</ele>
			</trkpt>
			<trkpt lat="47.2584" lon="0.2682">
				<ele>37.2</ele>
			</trkpt>
			<trkpt lat="47.2584" lon="0.268">
				<ele>37.2</ele>
			</trkpt>
			<trkpt lat="47.2583" lon="0.2679">
				<ele>37.2</ele>
			</trkpt>
			<trkpt lat="47.2583" lon="0.2677">
				<ele>37.2</ele>
			</trkpt>
			<trkpt lat="47.2582" lon="0.2677">
				<ele>37.2</ele>
			</trkpt>
			<trkpt lat="47.2582" lon="0.2674">
				<ele>37.2</ele>
			</trkpt>
			<trkpt lat="47.2581" lon="0.2673">
				<ele>36.66</ele>
			</trkpt>
			<trkpt lat="47.2581" lon="0.2671">
				<ele>36.66</ele>
			</trkpt>
			<trkpt lat="47.258" lon="0.267">
				<ele>36.66</ele>
			</trkpt>
			<trkpt lat="47.258" lon="0.2668">
				<ele>36.66</ele>
			</trkpt>
			<trkpt lat="47.2579" lon="0.2668">
				<ele>36.66</ele>
			</trkpt>
			<trkpt lat="47.2579" lon="0.2666">
				<ele>36.66</ele>
			</trkpt>
			<trkpt lat="47.2578" lon="0.2665">
				<ele>36.66</ele>
			</trkpt>
			<trkpt lat="47.2577" lon="0.2664">
				<ele>36.66</ele>
			</trkpt>
			<trkpt lat="47.2577" lon="0.2662">
				<ele>36.66</ele>
			</trkpt>
			<trkpt lat="47.2576" lon="0.2661">
				<ele>36.66</ele>
			</trkpt>
			<trkpt lat="47.2575" lon="0.266">
				<ele>36.66</ele>
			</trkpt>
			<trkpt lat="47.2574" lon="0.2658">
				<ele>36.66</ele>
			</trkpt>
			<trkpt lat="47.2573" lon="0.2657">
				<ele>38.13</ele>
			</trkpt>
			<trkpt lat="47.2572" lon="0.2655">
				<ele>38.13</ele>
			</trkpt>
			<trkpt lat="47.2571" lon="0.2653">
				<ele>38.13</ele>
			</trkpt>
			<trkpt lat="47.257" lon="0.2652">
				<ele>38.13</ele>
			</trkpt>
			<trkpt lat="47.2569" lon="0.265">
				<ele>38.13</ele>
			</trkpt>
			<trkpt lat="47.2569" lon="0.2648">
				<ele>38.13</ele>
			</trkpt>
			<trkpt lat="47.2568" lon="0.2648">
				<ele>38.13</ele>
			</trkpt>
			<trkpt lat="47.2567" lon="0.2646">
				<ele>38.13</ele>
			</trkpt>
			<trkpt lat="47.2567" lon="0.2644">
				<ele>38.13</ele>
			</trkpt>
			<trkpt lat="47.2566" lon="0.2643">
				<ele>38.13</ele>
			</trkpt>
			<trkpt lat="47.2566" lon="0.2638">
				<ele>38.13</ele>
			</trkpt>
			<trkpt lat="47.2565" lon="0.2638">
				<ele>38.13</ele>
			</trkpt>
			<trkpt lat="47.2565" lon="0.2634">
				<ele>38.13</ele>
			</trkpt>
			<trkpt lat="47.2564" lon="0.2633">
				<ele>38.82</ele>
			</trkpt>
			<trkpt lat="47.2564" lon="0.2628">
				<ele>38.82</ele>
			</trkpt>
			<trkpt lat="47.2563" lon="0.2627">
				<ele>38.82</ele>
			</trkpt>
			<trkpt lat="47.2563" lon="0.2623">
				<ele>38.82</ele>
			</trkpt>
			<trkpt lat="47.2562" lon="0.2623">
				<ele>38.82</ele>
			</trkpt>
			<trkpt lat="47.2562" lon="0.262">
				<ele>38.82</ele>
			</trkpt>
			<trkpt lat="47.2561" lon="0.2619">
				<ele>38.82</ele>
			</trkpt>
			<trkpt lat="47.2561" lon="0.2615">
				<ele>38.82</ele>
			</trkpt>
			<trkpt lat="47.256" lon="0.2614">
				<ele>38.82</ele>
			</trkpt>
			<trkpt lat="47.256" lon="0.2611">
				<ele>38.82</ele>
			</trkpt>
			<trkpt lat="47.2559" lon="0.2611">
				<ele>38.82</ele>
			</trkpt>
			<trkpt lat="47.2559" lon="0.2608">
				<ele>38.82</ele>
			</trkpt>
			<trkpt lat="47.2558" lon="0.2608">
				<ele>36.88</ele>
			</trkpt>
			<trkpt lat="47.2558" lon="0.2604">
				<ele>36.88</ele>
			</trkpt>
			<trkpt lat="47.2557" lon="0.2604">
				<ele>36.88</ele>
			</trkpt>
			<trkpt lat="47.2557" lon="0.26">
				<ele>36.88</ele>
			</trkpt>
			<trkpt lat="47.2556" lon="0.2599">
				<ele>36.88</ele>
			</trkpt>
			<trkpt lat="47.2556" lon="0.2597">
				<ele>36.88</ele>
			</trkpt>
			<trkpt lat="47.2555" lon="0.2597">
				<ele>36.88</ele>
			</trkpt>
			<trkpt lat="47.2555" lon="0.2594">
				<ele>36.88</ele>
			</trkpt>
			<trkpt lat="47.2554" lon="0.2593">
				<ele>36.88</ele>
			</trkpt>
			<trkpt lat="47.2554" lon="0.259">
				<ele>36.88</ele>
			</trkpt>
			<trkpt lat="47.2553" lon="0.259">
				<ele>36.88</ele>
			</trkpt>
			<trkpt lat="47.2553" lon="0.2588">
				<ele>36.88</ele>
			</trkpt>
			<trkpt lat="47.2552" lon="0.2587">
				<ele>39.4</ele>
			</trkpt>
			<trkpt lat="47.2552" lon="0.2585">
				<ele>39.4</ele>
			</trkpt>
			<trkpt lat="47.2551" lon="0.2584">
				<ele>39.4</ele>
			</trkpt>
			<trkpt lat="47.2551" lon="0.2582">
				<ele>39.4</ele>
			</trkpt>
			<trkpt lat="47.255" lon="0.2582">
				<ele>39.4</ele>
			</trkpt>
			<trkpt lat="47.255" lon="0.258">
				<ele>39.4</ele>
			</trkpt>
			<trkpt lat="47.2549" lon="0.2579">
				<ele>39.4</ele>
			</trkpt>
			<trkpt lat="47.2549" lon="0.2577">
				<ele>39.4</ele>
			</trkpt>
			<trkpt lat="47.2548" lon="0.2576">
				<ele>39.4</ele>
			</trkpt>
			<trkpt lat="47.2547" lon="0.2574">
				<ele>39.4</ele>
			</trkpt>
			<trkpt lat="47.2547" lon="0.2572">
				<ele>39.4</ele>
			</trkpt>
			<trkpt lat="47.2546" lon="0.2572">
				<ele>39.4</ele>
			</trkpt>
			<trkpt lat="47.2546" lon="0.2569">
				<ele>39.4</ele>
			</trkpt>
			<trkpt lat="47.2545" lon="0.2568">
				<ele>40.11</ele>
			</trkpt>
			<trkpt lat="47.2544" lon="0.2567">
				<ele>40.11</ele>
			</trkpt>
			<trkpt lat="47.2544" lon="0.2565">
				<ele>40.11</ele>
			</trkpt>
			<trkpt lat="47.2543" lon="0.2564">
				<ele>40.11</ele>
			</trkpt>
			<trkpt lat="47.2543" lon="0.2562">
				<ele>40.11</ele>
			</trkpt>
			<trkpt lat="47.2542" lon="0.2562">
				<ele>40.11</ele>
			</trkpt>
			<trkpt lat="47.2542" lon="0.256">
				<ele>40.11</ele>
			</trkpt>
			<trkpt lat="47.2541" lon="0.256">
				<ele>40.11</ele>
			</trkpt>
			<trkpt lat="47.2541" lon="0.2558">
				<ele>40.11</ele>
			</trkpt>
			<trkpt lat="47.254" lon="0.2557">
				<ele>40.11</ele>
			</trkpt>
			<trkpt lat="47.2539" lon="0.2555">
				<ele>40.11</ele>
			</trkpt>
			<trkpt lat="47.2539" lon="0.2553">
				<ele>40.11</ele>
			</trkpt>
			<trkpt lat="47.2538" lon="0.2553">
				<ele>39.47</ele>
			</trkpt>
			<trkpt lat="47.2537" lon="0.2551">
				<ele>39.47</ele>
			</trkpt>
			<trkpt lat="47.2537" lon="0.2549">
				<ele>39.47</ele>
			</trkpt>
			<trkpt lat="47.2536" lon="0.2549">
				<ele>39.47</ele>
			</trkpt>
			<trkpt lat="47.2536" lon="0.2547">
				<ele>39.47</ele>
			</trkpt>
			<trkpt lat="47.2535" lon="0.2547">
				<ele>39.47</ele>
			</trkpt>
			<trkpt lat="47.2535" lon="0.2545">
				<ele>39.47</ele>
			</trkpt>
			<trkpt lat="47.2534" lon="0.2545">
				<ele>39.47</ele>
			</trkpt>
			<trkpt lat="47.2534" lon="0.2543">
				<ele>39.47</ele>
			</trkpt>
			<trkpt lat="47.2533" lon="0.2542">
				<ele>39.47</ele>
			</trkpt>
			<trkpt lat="47.2532" lon="0.2541">
				<ele>39.47</ele>
			</trkpt>
			<trkpt lat="47.2532" lon="0.2539">
				<ele>39.47</ele>
			</trkpt>
			<trkpt lat="47.2531" lon="0.2539">
				<ele>39.47</ele>
			</trkpt>
			<trkpt lat="47.2531" lon="0.2537">
				<ele>37.73</ele>
			</trkpt>
			<trkpt lat="47.253" lon="0.2537">
				<ele>37.73</ele>
			</trkpt>
			<trkpt lat="47.2529" lon="0.2535">
				<ele>37.73</ele>
			</trkpt>
			<trkpt lat="47.2528" lon="0.2533">
				<ele>37.73</ele>
			</trkpt>
			<trkpt lat="47.2527" lon="0.2531">
				<ele>37.73</ele>
			</trkpt>
			<trkpt lat="47.2526" lon="0.2529">
				<ele>37.73</ele>
			</trkpt>
			<trkpt lat="47.2525" lon="0.2527">
				<ele>37.73</ele>
			</trkpt>
			<trkpt lat="47.2524" lon="0.2526">
				<ele>37.73</ele>
			</trkpt>
			<trkpt lat="47.2524" lon="0.2524">
				<ele>37.73</ele>
			</trkpt>
			<trkpt lat="47.2523" lon="0.2524">
				<ele>37.73</ele>
			</trkpt>
			<trkpt lat="47.2522" lon="0.2522">
				<ele>37.73</ele>
			</trkpt>
			<trkpt lat="47.2521" lon="0.252">
				<ele>37.73</ele>
			</trkpt>
			<trkpt lat="47.252" lon="0.2518">
				<ele>37.5</ele>
			</trkpt>
			<trkpt lat="47.252" lon="0.2516">
				<ele>37.5</ele>
			</trkpt>
			<trkpt lat="47.2519" lon="0.2516">
				<ele>37.5</ele>
			</trkpt>
			<trkpt lat="47.2518" lon="0.2514">
				<ele>37.5</ele>
			</trkpt>
			<trkpt lat="47.2517" lon="0.2512">
				<ele>37.5</ele>
			</trkpt>
			<trkpt lat="47.2516" lon="0.2511">
				<ele>37.5</ele>
			</trkpt>
			<trkpt lat="47.2516" lon="0.2509">
				<ele>37.5</ele>
			</trkpt>
			<trkpt lat="47.2514" lon="0.2507">
				<ele>37.5</ele>
			</trkpt>
			<trkpt lat="47.2513" lon="0.2505">
				<ele>37.5</ele>
			</trkpt>
			<trkpt lat="47.2512" lon="0.2504">
				<ele>37.5</ele>
			</trkpt>
			<trkpt lat="47.2512" lon="0.2502">
				<ele>37.5</ele>
			</trkpt>
			<trkpt lat="47.2511" lon="0.2502">
				<ele>37.5</ele>
			</trkpt>
			<trkpt lat="47.2511" lon="0.25">
				<ele>37.5</ele>
			</trkpt>
			<trkpt lat="47.251" lon="0.25">
				<ele>35.61</ele>
			</trkpt>
			<trkpt lat="47.251" lon="0.2498">
				<ele>35.61</ele>
			</trkpt>
			<trkpt lat="47.2509" lon="0.2498">
				<ele>35.61</ele>
			</trkpt>
			<trkpt lat="47.2509" lon="0.2496">
				<ele>35.61</ele>
			</trkpt>
			<trkpt lat="47.2508" lon="0.2495">
				<ele>35.61</ele>
			</trkpt>
			<trkpt lat="47.2507" lon="0.2494">
				<ele>35.61</ele>
			</trkpt>
			<trkpt lat="47.2506" lon="0.2493">
				<ele>35.61</ele>
			</trkpt>
			<trkpt lat="47.2505" lon="0.2491">
				<ele>35.61</ele>
			</trkpt>
			<trkpt lat="47.2504" lon="0.249">
				<ele>35.61</ele>
			</trkpt>
			<trkpt lat="47.2503" lon="0.2488">
				<ele>35.61</ele>
			</trkpt>
			<trkpt lat="47.2502" lon="0.2486">
				<ele>35.61</ele>
			</trkpt>
			<trkpt lat="47.2501" lon="0.2484">
				<ele>35.61</ele>
			</trkpt>
			<trkpt lat="47.25" lon="0.2483">
				<ele>35.67</ele>
			</trkpt>
			<trkpt lat="47.25" lon="0.2481">
				<ele>35.67</ele>
			</trkpt>
			<trkpt lat="47.2499" lon="0.2481">
				<ele>35.67</ele>
			</trkpt>
			<trkpt lat="47.2498" lon="0.2479">
				<ele>35.67</ele>
			</trkpt>
			<trkpt lat="47.2497" lon="0.2477">
				<ele>35.67</ele>
			</trkpt>
			<trkpt lat="47.2496" lon="0.2476">
				<ele>35.67</ele>
			</trkpt>
			<trkpt lat="47.2496" lon="0.2474">
				<ele>35.67</ele>
			</trkpt>
			<trkpt lat="47.2495" lon="0.2474">
				<ele>35.67</ele>
			</trkpt>
			<trkpt lat="47.2494" lon="0.2472">
				<ele>35.67</ele>
			</trkpt>
			<trkpt lat="47.2494" lon="0.247">
				<ele>35.67</ele>
			</trkpt>
			<trkpt lat="47.2493" lon="0.247">
				<ele>35.67</ele>
			</trkpt>
			<trkpt lat="47.2492" lon="0.2468">
				<ele>35.67</ele>
			</trkpt>
			<trkpt lat="47.2492" lon="0.2466">
				<ele>35.67</ele>
			</trkpt>
			<trkpt lat="47.2491" lon="0.2466">
				<ele>37.16</ele>
			</trkpt>
			<trkpt lat="47.2491" lon="0.2464">
				<ele>37.16</ele>
			</trkpt>
			<trkpt lat="47.249" lon="0.2464">
				<ele>37.16</ele>
			</trkpt>
			<trkpt lat="47.249" lon="0.2462">
				<ele>37.16</ele>
			</trkpt>
			<trkpt lat="47.2489" lon="0.2461">
				<ele>37.16</ele>
			</trkpt>
			<trkpt lat="47.2488" lon="0.2459">
				<ele>37.16</ele>
			</trkpt>
			<trkpt lat="47.2487" lon="0.2458">
				<ele>37.16</ele>
			</trkpt>
			<trkpt lat="47.2486" lon="0.2457">
				<ele>37.16</ele>
			</trkpt>
			<trkpt lat="47.2485" lon="0.2458">
				<ele>37.16</ele>
			</trkpt>
			<trkpt lat="47.2484" lon="0.2459">
				<ele>37.16</ele>
			</trkpt>
			<trkpt lat="47.2483" lon="0.2459">
				<ele>37.16</ele>
			</trkpt>
			<trkpt lat="47.2482" lon="0.246">
				<ele>37.16</ele>
			</trkpt>
			<trkpt lat="47.2481" lon="0.2461">
				<ele>35.08</ele>
			</trkpt>
			<trkpt lat="47.2479" lon="0.2463">
				<ele>35.08</ele>
			</trkpt>
			<trkpt lat="47.2478" lon="0.2463">
				<ele>35.08</ele>
			</trkpt>
			<trkpt lat="47.2477" lon="0.2464">
				<ele>35.08</ele>
			</trkpt>
			<trkpt lat="47.2475" lon="0.2465">
				<ele>35.08</ele>
			</trkpt>
			<trkpt lat="47.2474" lon="0.2466">
				<ele>35.08</ele>
			</trkpt>
			<trkpt lat="47.2473" lon="0.2466">
				<ele>35.08</ele>
			</trkpt>
			<trkpt lat="47.2472" lon="0.2467">
				<ele>35.08</ele>
			</trkpt>
			<trkpt lat="47.247" lon="0.2467">
				<ele>35.08</ele>
			</trkpt>
			<trkpt lat="47.2467" lon="0.2468">
				<ele>35.08</ele>
			</trkpt>
			<trkpt lat="47.2465" lon="0.2469">
				<ele>35.08</ele>
			</trkpt>
			<trkpt lat="47.2463" lon="0.247">
				<ele>35.08</ele>
			</trkpt>
			<trkpt lat="47.2462" lon="0.2471">
				<ele>35.08</ele>
			</trkpt>
			<trkpt lat="47.246" lon="0.2471">
				<ele>34.77</ele>
			</trkpt>
			<trkpt lat="47.2459" lon="0.2472">
				<ele>34.77</ele>
			</trkpt>
			<trkpt lat="47.2458" lon="0.2473">
				<ele>34.77</ele>
			</trkpt>
			<trkpt lat="47.2457" lon="0.2473">
				<ele>34.77</ele>
			</trkpt>
			<trkpt lat="47.2456" lon="0.2474">
				<ele>34.77</ele>
			</trkpt>
			<trkpt lat="47.2455" lon="0.2474">
				<ele>34.77</ele>
			</trkpt>
			<trkpt lat="47.2454" lon="0.2475">
				<ele>34.77</ele>
			</trkpt>
			<trkpt lat="47.2453" lon="0.2476">
				<ele>34.77</ele>
			</trkpt>
			<trkpt lat="47.2452" lon="0.2476">
				<ele>34.77</ele>
			</trkpt>
			<trkpt lat="47.2451" lon="0.2477">
				<ele>34.77</ele>
			</trkpt>
			<trkpt lat="47.245" lon="0.2477">
				<ele>34.77</ele>
			</trkpt>
			<trkpt lat="47.2449" lon="0.2478">
				<ele>34.77</ele>
			</trkpt>
			<trkpt lat="47.2447" lon="0.2478">
				<ele>33.99</ele>
			</trkpt>
			<trkpt lat="47.2444" lon="0.2477">
				<ele>33.99</ele>
			</trkpt>
			<trkpt lat="47.2441" lon="0.2476">
				<ele>33.99</ele>
			</trkpt>
			<trkpt lat="47.2438" lon="0.2475">
				<ele>33.99</ele>
			</trkpt>
			<trkpt lat="47.2437" lon="0.2474">
				<ele>33.99</ele>
			</trkpt>
			<trkpt lat="47.2435" lon="0.2474">
				<ele>33.99</ele>
			</trkpt>
			<trkpt lat="47.2434" lon="0.2473">
				<ele>33.99</ele>
			</trkpt>
			<trkpt lat="47.2432" lon="0.2473">
				<ele>33.99</ele>
			</trkpt>
			<trkpt lat="47.2431" lon="0.2472">
				<ele>33.99</ele>
			</trkpt>
			<trkpt lat="47.2429" lon="0.2472">
				<ele>33.99</ele>
			</trkpt>
			<trkpt lat="47.2428" lon="0.2471">
				<ele>33.99</ele>
			</trkpt>
			<trkpt lat="47.2426" lon="0.2471">
				<ele>33.99</ele>
			</trkpt>
			<trkpt lat="47.2425" lon="0.247">
				<ele>33.99</ele>
			</trkpt>
			<trkpt lat="47.2422" lon="0.247">
				<ele>33.63</ele>
			</trkpt>
			<trkpt lat="47.2419" lon="0.2469">
				<ele>33.63</ele>
			</trkpt>
			<trkpt lat="47.2418" lon="0.247">
				<ele>33.63</ele>
			</trkpt>
			<trkpt lat="47.2416" lon="0.247">
				<ele>33.63</ele>
			</trkpt>
			<trkpt lat="47.2414" lon="0.2471">
				<ele>33.63</ele>
			</trkpt>
			<trkpt lat="47.2412" lon="0.2472">
				<ele>33.63</ele>
			</trkpt>
			<trkpt lat="47.2411" lon="0.2473">
				<ele>33.63</ele>
			</trkpt>
			<trkpt lat="47.241" lon="0.2473">
				<ele>33.63</ele>
			</trkpt>
			<trkpt lat="47.2409" lon="0.2474">
				<ele>33.63</ele>
			</trkpt>
			<trkpt lat="47.2408" lon="0.2474">
				<ele>33.63</ele>
			</trkpt>
			<trkpt lat="47.2407" lon="0.2475">
				<ele>33.63</ele>
			</trkpt>
			<trkpt lat="47.2406" lon="0.2475">
				<ele>33.63</ele>
			</trkpt>
			<trkpt lat="47.2405" lon="0.2476">
				<ele>34.61</ele>
			</trkpt>
			<trkpt lat="47.2404" lon="0.2476">
				<ele>34.61</ele>
			</trkpt>
			<trkpt lat="47.2403" lon="0.2477">
				<ele>34.61</ele>
			</trkpt>
			<trkpt lat="47.2401" lon="0.2477">
				<ele>34.61</ele>
			</trkpt>
			<trkpt lat="47.2399" lon="0.2478">
				<ele>34.61</ele>
			</trkpt>
			<trkpt lat="47.2398" lon="0.2479">
				<ele>34.61</ele>
			</trkpt>
			<trkpt lat="47.2397" lon="0.248">
				<ele>34.61</ele>
			</trkpt>
			<trkpt lat="47.2395" lon="0.248">
				<ele>34.61</ele>
			</trkpt>
			<trkpt lat="47.2393" lon="0.2481">
				<ele>34.61</ele>
			</trkpt>
			<trkpt lat="47.2391" lon="0.2482">
				<ele>34.61</ele>
			</trkpt>
			<trkpt lat="47.239" lon="0.2483">
				<ele>34.61</ele>
			</trkpt>
			<trkpt lat="47.2389" lon="0.2483">
				<ele>34.61</ele>
			</trkpt>
			<trkpt lat="47.2387" lon="0.2484">
				<ele>34.61</ele>
			</trkpt>
			<trkpt lat="47.2384" lon="0.2485">
				<ele>36.19</ele>
			</trkpt>
			<trkpt lat="47.2382" lon="0.2486">
				<ele>36.19</ele>
			</trkpt>
			<trkpt lat="47.2381" lon="0.2487">
				<ele>36.19</ele>
			</trkpt>
			<trkpt lat="47.23681" lon="0.2487">
				<ele>36.19</ele>
			</trkpt>
			<trkpt lat="47.2366" lon="0.2486">
				<ele>36.19</ele>
			</trkpt>
			<trkpt lat="47.2365" lon="0.2485">
				<ele>36.19</ele>
			</trkpt>
			<trkpt lat="47.2364" lon="0.2485">
				<ele>36.19</ele>
			</trkpt>
			<trkpt lat="47.2362" lon="0.2484">
				<ele>36.19</ele>
			</trkpt>
			<trkpt lat="47.2361" lon="0.2483">
				<ele>36.19</ele>
			</trkpt>
			<trkpt lat="47.2359" lon="0.2482">
				<ele>36.19</ele>
			</trkpt>
			<trkpt lat="47.2357" lon="0.2481">
				<ele>36.19</ele>
			</trkpt>
			<trkpt lat="47.2356" lon="0.248">
				<ele>36.19</ele>
			</trkpt>
			<trkpt lat="47.2355" lon="0.2479">
				<ele>40.92</ele>
			</trkpt>
			<trkpt lat="47.2352" lon="0.2479">
				<ele>40.92</ele>
			</trkpt>
			<trkpt lat="47.2351" lon="0.248">
				<ele>40.92</ele>
			</trkpt>
			<trkpt lat="47.235" lon="0.2482">
				<ele>40.92</ele>
			</trkpt>
			<trkpt lat="47.2349" lon="0.2483">
				<ele>40.92</ele>
			</trkpt>
			<trkpt lat="47.2348" lon="0.2485">
				<ele>40.92</ele>
			</trkpt>
			<trkpt lat="47.2347" lon="0.2486">
				<ele>40.92</ele>
			</trkpt>
			<trkpt lat="47.2346" lon="0.2487">
				<ele>40.92</ele>
			</trkpt>
			<trkpt lat="47.2345" lon="0.2488">
				<ele>40.92</ele>
			</trkpt>
			<trkpt lat="47.2344" lon="0.249">
				<ele>40.92</ele>
			</trkpt>
			<trkpt lat="47.2343" lon="0.2491">
				<ele>40.92</ele>
			</trkpt>
			<trkpt lat="47.2342" lon="0.2492">
				<ele>40.92</ele>
			</trkpt>
			<trkpt lat="47.234" lon="0.2495">
				<ele>40.92</ele>
			</trkpt>
			<trkpt lat="47.2339" lon="0.2496">
				<ele>57.94</ele>
			</trkpt>
			<trkpt lat="47.2338" lon="0.2498">
				<ele>57.94</ele>
			</trkpt>
			<trkpt lat="47.2337" lon="0.2499">
				<ele>57.94</ele>
			</trkpt>
			<trkpt lat="47.2336" lon="0.2501">
				<ele>57.94</ele>
			</trkpt>
			<trkpt lat="47.2335" lon="0.2502">
				<ele>57.94</ele>
			</trkpt>
			<trkpt lat="47.2335" lon="0.2504">
				<ele>57.94</ele>
			</trkpt>
			<trkpt lat="47.2334" lon="0.2505">
				<ele>57.94</ele>
			</trkpt>
			<trkpt lat="47.2333" lon="0.2507">
				<ele>57.94</ele>
			</trkpt>
			<trkpt lat="47.2332" lon="0.2509">
				<ele>57.94</ele>
			</trkpt>
			<trkpt lat="47.2332" lon="0.2511">
				<ele>57.94</ele>
			</trkpt>
			<trkpt lat="47.2331" lon="0.2511">
				<ele>57.94</ele>
			</trkpt>
			<trkpt lat="47.2331" lon="0.2513">
				<ele>57.94</ele>
			</trkpt>
			<trkpt lat="47.233" lon="0.2513">
				<ele>74.9</ele>
			</trkpt>
			<trkpt lat="47.233" lon="0.2515">
				<ele>74.9</ele>
			</trkpt>
			<trkpt lat="47.2329" lon="0.2515">
				<ele>74.9</ele>
			</trkpt>
			<trkpt lat="47.2328" lon="0.2517">
				<ele>74.9</ele>
			</trkpt>
			<trkpt lat="47.2327" lon="0.2519">
				<ele>74.9</ele>
			</trkpt>
			<trkpt lat="47.2326" lon="0.2521">
				<ele>74.9</ele>
			</trkpt>
			<trkpt lat="47.2325" lon="0.2522">
				<ele>74.9</ele>
			</trkpt>
			<trkpt lat="47.2324" lon="0.2524">
				<ele>74.9</ele>
			</trkpt>
			<trkpt lat="47.2323" lon="0.2526">
				<ele>74.9</ele>
			</trkpt>
			<trkpt lat="47.2322" lon="0.2527">
				<ele>74.9</ele>
			</trkpt>
			<trkpt lat="47.2321" lon="0.2529">
				<ele>74.9</ele>
			</trkpt>
			<trkpt lat="47.232" lon="0.253">
				<ele>74.9</ele>
			</trkpt>
			<trkpt lat="47.2318" lon="0.2533">
				<ele>74.9</ele>
			</trkpt>
			<trkpt lat="47.2317" lon="0.2534">
				<ele>77.31</ele>
			</trkpt>
			<trkpt lat="47.2316" lon="0.2536">
				<ele>77.31</ele>
			</trkpt>
			<trkpt lat="47.2315" lon="0.2537">
				<ele>77.31</ele>
			</trkpt>
			<trkpt lat="47.2314" lon="0.2538">
				<ele>77.31</ele>
			</trkpt>
			<trkpt lat="47.2313" lon="0.2539">
				<ele>77.31</ele>
			</trkpt>
			<trkpt lat="47.2312" lon="0.2541">
				<ele>77.31</ele>
			</trkpt>
			<trkpt lat="47.2311" lon="0.2542">
				<ele>77.31</ele>
			</trkpt>
			<trkpt lat="47.2308" lon="0.2546">
				<ele>77.31</ele>
			</trkpt>
			<trkpt lat="47.2307" lon="0.2547">
				<ele>77.31</ele>
			</trkpt>
			<trkpt lat="47.2307" lon="0.255">
				<ele>77.31</ele>
			</trkpt>
			<trkpt lat="47.2306" lon="0.255">
				<ele>77.31</ele>
			</trkpt>
			<trkpt lat="47.2306" lon="0.2552">
				<ele>77.31</ele>
			</trkpt>
			<trkpt lat="47.2305" lon="0.2553">
				<ele>84.08</ele>
			</trkpt>
			<trkpt lat="47.2305" lon="0.2556">
				<ele>84.08</ele>
			</trkpt>
			<trkpt lat="47.2304" lon="0.2556">
				<ele>84.08</ele>
			</trkpt>
			<trkpt lat="47.2304" lon="0.25649">
				<ele>84.08</ele>
			</trkpt>
			<trkpt lat="47.2303" lon="0.2565">
				<ele>84.08</ele>
			</trkpt>
			<trkpt lat="47.2303" lon="0.25739">
				<ele>84.08</ele>
			</trkpt>
			<trkpt lat="47.2302" lon="0.2575">
				<ele>84.08</ele>
			</trkpt>
			<trkpt lat="47.2302" lon="0.2577">
				<ele>84.08</ele>
			</trkpt>
			<trkpt lat="47.2301" lon="0.2577">
				<ele>84.08</ele>
			</trkpt>
			<trkpt lat="47.23" lon="0.2578">
				<ele>84.08</ele>
			</trkpt>
			<trkpt lat="47.2298" lon="0.2579">
				<ele>84.08</ele>
			</trkpt>
			<trkpt lat="47.2295" lon="0.258">
				<ele>84.08</ele>
			</trkpt>
			<trkpt lat="47.2293" lon="0.2581">
				<ele>84.08</ele>
			</trkpt>
			<trkpt lat="47.2292" lon="0.2582">
				<ele>89.22</ele>
			</trkpt>
			<trkpt lat="47.2291" lon="0.2582">
				<ele>89.22</ele>
			</trkpt>
			<trkpt lat="47.229" lon="0.2583">
				<ele>89.22</ele>
			</trkpt>
			<trkpt lat="47.2289" lon="0.2584">
				<ele>89.22</ele>
			</trkpt>
			<trkpt lat="47.2288" lon="0.2585">
				<ele>89.22</ele>
			</trkpt>
			<trkpt lat="47.2287" lon="0.2586">
				<ele>89.22</ele>
			</trkpt>
			<trkpt lat="47.2286" lon="0.2587">
				<ele>89.22</ele>
			</trkpt>
			<trkpt lat="47.2285" lon="0.2588">
				<ele>89.22</ele>
			</trkpt>
			<trkpt lat="47.2284" lon="0.2589">
				<ele>89.22</ele>
			</trkpt>
			<trkpt lat="47.2283" lon="0.259">
				<ele>89.22</ele>
			</trkpt>
			<trkpt lat="47.2282" lon="0.2591">
				<ele>89.22</ele>
			</trkpt>
			<trkpt lat="47.2281" lon="0.2592">
				<ele>89.22</ele>
			</trkpt>
			<trkpt lat="47.228" lon="0.2592">
				<ele>95.4</ele>
			</trkpt>
			<trkpt lat="47.2279" lon="0.2593">
				<ele>95.4</ele>
			</trkpt>
			<trkpt lat="47.2278" lon="0.2593">
				<ele>95.4</ele>
			</trkpt>
			<trkpt lat="47.2276" lon="0.2594">
				<ele>95.4</ele>
			</trkpt>
			<trkpt lat="47.2274" lon="0.2595">
				<ele>95.4</ele>
			</trkpt>
			<trkpt lat="47.2273" lon="0.2596">
				<ele>95.4</ele>
			</trkpt>
			<trkpt lat="47.2272" lon="0.2597">
				<ele>95.4</ele>
			</trkpt>
			<trkpt lat="47.2271" lon="0.2597">
				<ele>95.4</ele>
			</trkpt>
			<trkpt lat="47.227" lon="0.2598">
				<ele>95.4</ele>
			</trkpt>
			<trkpt lat="47.2269" lon="0.2599">
				<ele>95.4</ele>
			</trkpt>
			<trkpt lat="47.2268" lon="0.26">
				<ele>95.4</ele>
			</trkpt>
			<trkpt lat="47.2267" lon="0.2601">
				<ele>95.4</ele>
			</trkpt>
			<trkpt lat="47.2266" lon="0.2602">
				<ele>95.4</ele>
			</trkpt>
			<trkpt lat="47.2265" lon="0.2603">
				<ele>86.24</ele>
			</trkpt>
			<trkpt lat="47.2263" lon="0.2606">
				<ele>86.24</ele>
			</trkpt>
			<trkpt lat="47.2262" lon="0.2607">
				<ele>86.24</ele>
			</trkpt>
			<trkpt lat="47.2261" lon="0.2608">
				<ele>86.24</ele>
			</trkpt>
			<trkpt lat="47.226" lon="0.2609">
				<ele>86.24</ele>
			</trkpt>
			<trkpt lat="47.2258" lon="0.2612">
				<ele>86.24</ele>
			</trkpt>
			<trkpt lat="47.2257" lon="0.2613">
				<ele>86.24</ele>
			</trkpt>
			<trkpt lat="47.2256" lon="0.2614">
				<ele>86.24</ele>
			</trkpt>
			<trkpt lat="47.2254" lon="0.2616">
				<ele>86.24</ele>
			</trkpt>
			<trkpt lat="47.2253" lon="0.2616">
				<ele>86.24</ele>
			</trkpt>
			<trkpt lat="47.2252" lon="0.2617">
				<ele>86.24</ele>
			</trkpt>
			<trkpt lat="47.2251" lon="0.2617">
				<ele>86.24</ele>
			</trkpt>
			<trkpt lat="47.225" lon="0.2618">
				<ele>77.62</ele>
			</trkpt>
			<trkpt lat="47.2249" lon="0.2619">
				<ele>77.62</ele>
			</trkpt>
			<trkpt lat="47.2247" lon="0.262">
				<ele>77.62</ele>
			</trkpt>
			<trkpt lat="47.2246" lon="0.2621">
				<ele>77.62</ele>
			</trkpt>
			<trkpt lat="47.2245" lon="0.2622">
				<ele>77.62</ele>
			</trkpt>
			<trkpt lat="47.2244" lon="0.2623">
				<ele>77.62</ele>
			</trkpt>
			<trkpt lat="47.2243" lon="0.2623">
				<ele>77.62</ele>
			</trkpt>
			<trkpt lat="47.2242" lon="0.2624">
				<ele>77.62</ele>
			</trkpt>
			<trkpt lat="47.2241" lon="0.2624">
				<ele>77.62</ele>
			</trkpt>
			<trkpt lat="47.224" lon="0.2625">
				<ele>77.62</ele>
			</trkpt>
			<trkpt lat="47.2239" lon="0.2626">
				<ele>77.62</ele>
			</trkpt>
			<trkpt lat="47.2238" lon="0.2626">
				<ele>77.62</ele>
			</trkpt>
			<trkpt lat="47.2237" lon="0.2627">
				<ele>77.62</ele>
			</trkpt>
			<trkpt lat="47.2236" lon="0.2627">
				<ele>76.91</ele>
			</trkpt>
			<trkpt lat="47.2235" lon="0.2628">
				<ele>76.91</ele>
			</trkpt>
			<trkpt lat="47.2233" lon="0.263">
				<ele>76.91</ele>
			</trkpt>
			<trkpt lat="47.2232" lon="0.263">
				<ele>76.91</ele>
			</trkpt>
			<trkpt lat="47.2229" lon="0.2631">
				<ele>76.91</ele>
			</trkpt>
			<trkpt lat="47.2227" lon="0.2632">
				<ele>76.91</ele>
			</trkpt>
			<trkpt lat="47.2226" lon="0.2633">
				<ele>76.91</ele>
			</trkpt>
			<trkpt lat="47.22092" lon="0.2633">
				<ele>76.91</ele>
			</trkpt>
			<trkpt lat="47.2208" lon="0.2634">
				<ele>76.91</ele>
			</trkpt>
			<trkpt lat="47.22021" lon="0.2634">
				<ele>76.91</ele>
			</trkpt>
			<trkpt lat="47.2197" lon="0.2635">
				<ele>76.91</ele>
			</trkpt>
			<trkpt lat="47.21891" lon="0.2634">
				<ele>76.91</ele>
			</trkpt>
			<trkpt lat="47.2185" lon="0.2633">
				<ele>70.26</ele>
			</trkpt>
			<trkpt lat="47.2181" lon="0.2632">
				<ele>70.26</ele>
			</trkpt>
			<trkpt lat="47.2176" lon="0.2631">
				<ele>70.26</ele>
			</trkpt>
			<trkpt lat="47.21433" lon="0.2632">
				<ele>70.26</ele>
			</trkpt>
			<trkpt lat="47.214" lon="0.2631">
				<ele>70.26</ele>
			</trkpt>
			<trkpt lat="47.2139" lon="0.263">
				<ele>70.26</ele>
			</trkpt>
			<trkpt lat="47.2135" lon="0.263">
				<ele>70.26</ele>
			</trkpt>
			<trkpt lat="47.2132" lon="0.2629">
				<ele>70.26</ele>
			</trkpt>
			<trkpt lat="47.213" lon="0.2628">
				<ele>70.26</ele>
			</trkpt>
			<trkpt lat="47.2128" lon="0.2627">
				<ele>70.26</ele>
			</trkpt>
			<trkpt lat="47.2126" lon="0.2626">
				<ele>70.26</ele>
			</trkpt>
			<trkpt lat="47.2125" lon="0.2625">
				<ele>70.26</ele>
			</trkpt>
			<trkpt lat="47.2124" lon="0.2625">
				<ele>70.26</ele>
			</trkpt>
			<trkpt lat="47.2123" lon="0.2624">
				<ele>64.14</ele>
			</trkpt>
			<trkpt lat="47.2122" lon="0.2624">
				<ele>64.14</ele>
			</trkpt>
			<trkpt lat="47.212" lon="0.2623">
				<ele>64.14</ele>
			</trkpt>
			<trkpt lat="47.2118" lon="0.2622">
				<ele>64.14</ele>
			</trkpt>
			<trkpt lat="47.2115" lon="0.2621">
				<ele>64.14</ele>
			</trkpt>
			<trkpt lat="47.2114" lon="0.262">
				<ele>64.14</ele>
			</trkpt>
			<trkpt lat="47.2114" lon="0.2617">
				<ele>64.14</ele>
			</trkpt>
			<trkpt lat="47.2113" lon="0.2617">
				<ele>64.14</ele>
			</trkpt>
			<trkpt lat="47.2111" lon="0.2616">
				<ele>64.14</ele>
			</trkpt>
			<trkpt lat="47.2109" lon="0.2615">
				<ele>64.14</ele>
			</trkpt>
			<trkpt lat="47.2108" lon="0.2614">
				<ele>64.14</ele>
			</trkpt>
			<trkpt lat="47.2107" lon="0.2614">
				<ele>64.14</ele>
			</trkpt>
			<trkpt lat="47.2105" lon="0.2616">
				<ele>61.15</ele>
			</trkpt>
			<trkpt lat="47.2104" lon="0.2616">
				<ele>61.15</ele>
			</trkpt>
			<trkpt lat="47.2103" lon="0.2617">
				<ele>61.15</ele>
			</trkpt>
			<trkpt lat="47.2102" lon="0.2618">
				<ele>61.15</ele>
			</trkpt>
			<trkpt lat="47.2101" lon="0.2619">
				<ele>61.15</ele>
			</trkpt>
			<trkpt lat="47.21" lon="0.2619">
				<ele>61.15</ele>
			</trkpt>
			<trkpt lat="47.2099" lon="0.262">
				<ele>61.15</ele>
			</trkpt>
			<trkpt lat="47.2098" lon="0.2621">
				<ele>61.15</ele>
			</trkpt>
			<trkpt lat="47.2095" lon="0.2625">
				<ele>61.15</ele>
			</trkpt>
			<trkpt lat="47.2091" lon="0.2624">
				<ele>61.15</ele>
			</trkpt>
			<trkpt lat="47.209" lon="0.2625">
				<ele>61.15</ele>
			</trkpt>
			<trkpt lat="47.2089" lon="0.2626">
				<ele>61.15</ele>
			</trkpt>
			<trkpt lat="47.2088" lon="0.2627">
				<ele>61.15</ele>
			</trkpt>
			<trkpt lat="47.2087" lon="0.2627">
				<ele>58.06</ele>
			</trkpt>
			<trkpt lat="47.2086" lon="0.2628">
				<ele>58.06</ele>
			</trkpt>
			<trkpt lat="47.2085" lon="0.2627">
				<ele>58.06</ele>
			</trkpt>
			<trkpt lat="47.2085" lon="0.2625">
				<ele>58.06</ele>
			</trkpt>
			<trkpt lat="47.2084" lon="0.2625">
				<ele>58.06</ele>
			</trkpt>
			<trkpt lat="47.2083" lon="0.2626">
				<ele>58.06</ele>
			</trkpt>
			<trkpt lat="47.2082" lon="0.2626">
				<ele>58.06</ele>
			</trkpt>
			<trkpt lat="47.208" lon="0.2627">
				<ele>58.06</ele>
			</trkpt>
			<trkpt lat="47.2079" lon="0.2628">
				<ele>58.06</ele>
			</trkpt>
			<trkpt lat="47.2078" lon="0.2628">
				<ele>58.06</ele>
			</trkpt>
			<trkpt lat="47.2077" lon="0.2629">
				<ele>58.06</ele>
			</trkpt>
			<trkpt lat="47.2076" lon="0.2629">
				<ele>58.06</ele>
			</trkpt>
			<trkpt lat="47.2075" lon="0.263">
				<ele>53.76</ele>
			</trkpt>
			<trkpt lat="47.2074" lon="0.263">
				<ele>53.76</ele>
			</trkpt>
			<trkpt lat="47.2073" lon="0.2631">
				<ele>53.76</ele>
			</trkpt>
			<trkpt lat="47.2069" lon="0.2635">
				<ele>53.76</ele>
			</trkpt>
			<trkpt lat="47.2068" lon="0.2635">
				<ele>53.76</ele>
			</trkpt>
			<trkpt lat="47.2067" lon="0.2636">
				<ele>53.76</ele>
			</trkpt>
			<trkpt lat="47.2066" lon="0.2637">
				<ele>53.76</ele>
			</trkpt>
			<trkpt lat="47.2065" lon="0.2638">
				<ele>53.76</ele>
			</trkpt>
			<trkpt lat="47.2064" lon="0.2639">
				<ele>53.76</ele>
			</trkpt>
			<trkpt lat="47.2062" lon="0.2641">
				<ele>53.76</ele>
			</trkpt>
			<trkpt lat="47.2061" lon="0.2642">
				<ele>53.76</ele>
			</trkpt>
			<trkpt lat="47.206" lon="0.2644">
				<ele>53.76</ele>
			</trkpt>
			<trkpt lat="47.2059" lon="0.2646">
				<ele>53.76</ele>
			</trkpt>
			<trkpt lat="47.20362" lon="0.2647">
				<ele>52.47</ele>
			</trkpt>
			<trkpt lat="47.2035" lon="0.2648">
				<ele>52.47</ele>
			</trkpt>
			<trkpt lat="47.2032" lon="0.2648">
				<ele>52.47</ele>
			</trkpt>
			<trkpt lat="47.2031" lon="0.2647">
				<ele>52.47</ele>
			</trkpt>
			<trkpt lat="47.20211" lon="0.2647">
				<ele>52.47</ele>
			</trkpt>
			<trkpt lat="47.202" lon="0.2646">
				<ele>52.47</ele>
			</trkpt>
			<trkpt lat="47.20121" lon="0.2646">
				<ele>52.47</ele>
			</trkpt>
			<trkpt lat="47.2012" lon="0.2649">
				<ele>52.47</ele>
			</trkpt>
			<trkpt lat="47.2011" lon="0.265">
				<ele>52.47</ele>
			</trkpt>
			<trkpt lat="47.2011" lon="0.2653">
				<ele>52.47</ele>
			</trkpt>
			<trkpt lat="47.20041" lon="0.2653">
				<ele>52.47</ele>
			</trkpt>
			<trkpt lat="47.2003" lon="0.2654">
				<ele>52.47</ele>
			</trkpt>
			<trkpt lat="47.19901" lon="0.2654">
				<ele>50.25</ele>
			</trkpt>
			<trkpt lat="47.1989" lon="0.2655">
				<ele>50.25</ele>
			</trkpt>
			<trkpt lat="47.19781" lon="0.2655">
				<ele>50.25</ele>
			</trkpt>
			<trkpt lat="47.1975" lon="0.2656">
				<ele>50.25</ele>
			</trkpt>
			<trkpt lat="47.1974" lon="0.2655">
				<ele>50.25</ele>
			</trkpt>
			<trkpt lat="47.197" lon="0.2655">
				<ele>50.25</ele>
			</trkpt>
			<trkpt lat="47.1969" lon="0.2654">
				<ele>50.25</ele>
			</trkpt>
			<trkpt lat="47.1966" lon="0.2654">
				<ele>50.25</ele>
			</trkpt>
			<trkpt lat="47.1965" lon="0.2653">
				<ele>50.25</ele>
			</trkpt>
			<trkpt lat="47.1964" lon="0.2653">
				<ele>50.25</ele>
			</trkpt>
			<trkpt lat="47.1963" lon="0.2652">
				<ele>50.25</ele>
			</trkpt>
			<trkpt lat="47.1961" lon="0.2652">
				<ele>50.25</ele>
			</trkpt>
			<trkpt lat="47.196" lon="0.2651">
				<ele>50.25</ele>
			</trkpt>
			<trkpt lat="47.1956" lon="0.2651">
				<ele>46.95</ele>
			</trkpt>
			<trkpt lat="47.1955" lon="0.265">
				<ele>46.95</ele>
			</trkpt>
			<trkpt lat="47.1953" lon="0.2651">
				<ele>46.95</ele>
			</trkpt>
			<trkpt lat="47.1952" lon="0.2652">
				<ele>46.95</ele>
			</trkpt>
			<trkpt lat="47.1951" lon="0.2653">
				<ele>46.95</ele>
			</trkpt>
			<trkpt lat="47.195" lon="0.2654">
				<ele>46.95</ele>
			</trkpt>
			<trkpt lat="47.1949" lon="0.2655">
				<ele>46.95</ele>
			</trkpt>
			<trkpt lat="47.1948" lon="0.2656">
				<ele>46.95</ele>
			</trkpt>
			<trkpt lat="47.1947" lon="0.2657">
				<ele>46.95</ele>
			</trkpt>
			<trkpt lat="47.1946" lon="0.2659">
				<ele>46.95</ele>
			</trkpt>
			<trkpt lat="47.1945" lon="0.266">
				<ele>46.95</ele>
			</trkpt>
			<trkpt lat="47.1945" lon="0.2662">
				<ele>46.95</ele>
			</trkpt>
			<trkpt lat="47.1944" lon="0.2662">
				<ele>48.27</ele>
			</trkpt>
			<trkpt lat="47.1943" lon="0.2663">
				<ele>48.27</ele>
			</trkpt>
			<trkpt lat="47.1942" lon="0.2664">
				<ele>48.27</ele>
			</trkpt>
			<trkpt lat="47.194" lon="0.2665">
				<ele>48.27</ele>
			</trkpt>
			<trkpt lat="47.1936" lon="0.2666">
				<ele>48.27</ele>
			</trkpt>
			<trkpt lat="47.1932" lon="0.2667">
				<ele>48.27</ele>
			</trkpt>
			<trkpt lat="47.1927" lon="0.2668">
				<ele>48.27</ele>
			</trkpt>
			<trkpt lat="47.1926" lon="0.2669">
				<ele>48.27</ele>
			</trkpt>
			<trkpt lat="47.1925" lon="0.2669">
				<ele>48.27</ele>
			</trkpt>
			<trkpt lat="47.1924" lon="0.267">
				<ele>48.27</ele>
			</trkpt>
			<trkpt lat="47.1923" lon="0.267">
				<ele>48.27</ele>
			</trkpt>
			<trkpt lat="47.1922" lon="0.2671">
				<ele>48.27</ele>
			</trkpt>
			<trkpt lat="47.1921" lon="0.2671">
				<ele>48.27</ele>
			</trkpt>
			<trkpt lat="47.192" lon="0.2672">
				<ele>50.74</ele>
			</trkpt>
			<trkpt lat="47.1918" lon="0.2672">
				<ele>50.74</ele>
			</trkpt>
			<trkpt lat="47.1917" lon="0.2673">
				<ele>50.74</ele>
			</trkpt>
			<trkpt lat="47.1915" lon="0.2673">
				<ele>50.74</ele>
			</trkpt>
			<trkpt lat="47.1914" lon="0.2674">
				<ele>50.74</ele>
			</trkpt>
			<trkpt lat="47.1913" lon="0.2674">
				<ele>50.74</ele>
			</trkpt>
			<trkpt lat="47.1912" lon="0.2673">
				<ele>50.74</ele>
			</trkpt>
			<trkpt lat="47.1907" lon="0.2673">
				<ele>50.74</ele>
			</trkpt>
			<trkpt lat="47.1905" lon="0.2674">
				<ele>50.74</ele>
			</trkpt>
			<trkpt lat="47.1904" lon="0.2675">
				<ele>50.74</ele>
			</trkpt>
			<trkpt lat="47.1903" lon="0.2676">
				<ele>50.74</ele>
			</trkpt>
			<trkpt lat="47.1902" lon="0.2678">
				<ele>50.74</ele>
			</trkpt>
			<trkpt lat="47.1901" lon="0.2679">
				<ele>54.63</ele>
			</trkpt>
			<trkpt lat="47.19" lon="0.268">
				<ele>54.63</ele>
			</trkpt>
			<trkpt lat="47.1897" lon="0.2684">
				<ele>54.63</ele>
			</trkpt>
			<trkpt lat="47.1896" lon="0.2685">
				<ele>54.63</ele>
			</trkpt>
			<trkpt lat="47.1895" lon="0.2686">
				<ele>54.63</ele>
			</trkpt>
			<trkpt lat="47.1894" lon="0.2687">
				<ele>54.63</ele>
			</trkpt>
			<trkpt lat="47.1893" lon="0.2688">
				<ele>54.63</ele>
			</trkpt>
			<trkpt lat="47.1892" lon="0.2689">
				<ele>54.63</ele>
			</trkpt>
			<trkpt lat="47.1891" lon="0.269">
				<ele>54.63</ele>
			</trkpt>
			<trkpt lat="47.189" lon="0.2691">
				<ele>54.63</ele>
			</trkpt>
			<trkpt lat="47.1888" lon="0.2692">
				<ele>54.63</ele>
			</trkpt>
			<trkpt lat="47.1887" lon="0.2693">
				<ele>54.63</ele>
			</trkpt>
			<trkpt lat="47.1885" lon="0.2694">
				<ele>54.63</ele>
			</trkpt>
			<trkpt lat="47.1884" lon="0.2695">
				<ele>56.83</ele>
			</trkpt>
			<trkpt lat="47.1883" lon="0.2696">
				<ele>56.83</ele>
			</trkpt>
			<trkpt lat="47.1882" lon="0.2697">
				<ele>56.83</ele>
			</trkpt>
			<trkpt lat="47.188" lon="0.27">
				<ele>56.83</ele>
			</trkpt>
			<trkpt lat="47.1879" lon="0.2701">
				<ele>56.83</ele>
			</trkpt>
			<trkpt lat="47.1878" lon="0.2702">
				<ele>56.83</ele>
			</trkpt>
			<trkpt lat="47.1877" lon="0.2703">
				<ele>56.83</ele>
			</trkpt>
			<trkpt lat="47.1876" lon="0.2704">
				<ele>56.83</ele>
			</trkpt>
			<trkpt lat="47.1875" lon="0.2706">
				<ele>56.83</ele>
			</trkpt>
			<trkpt lat="47.1874" lon="0.2708">
				<ele>56.83</ele>
			</trkpt>
			<trkpt lat="47.1873" lon="0.2709">
				<ele>56.83</ele>
			</trkpt>
			<trkpt lat="47.1872" lon="0.271">
				<ele>56.83</ele>
			</trkpt>
			<trkpt lat="47.1871" lon="0.2712">
				<ele>57.94</ele>
			</trkpt>
			<trkpt lat="47.187" lon="0.2713">
				<ele>57.94</ele>
			</trkpt>
			<trkpt lat="47.1869" lon="0.2715">
				<ele>57.94</ele>
			</trkpt>
			<trkpt lat="47.1868" lon="0.2717">
				<ele>57.94</ele>
			</trkpt>
			<trkpt lat="47.1867" lon="0.2718">
				<ele>57.94</ele>
			</trkpt>
			<trkpt lat="47.1866" lon="0.2719">
				<ele>57.94</ele>
			</trkpt>
			<trkpt lat="47.1866" lon="0.2721">
				<ele>57.94</ele>
			</trkpt>
			<trkpt lat="47.1865" lon="0.2721">
				<ele>57.94</ele>
			</trkpt>
			<trkpt lat="47.1864" lon="0.2723">
				<ele>57.94</ele>
			</trkpt>
			<trkpt lat="47.1863" lon="0.2724">
				<ele>57.94</ele>
			</trkpt>
			<trkpt lat="47.1862" lon="0.2723">
				<ele>57.94</ele>
			</trkpt>
			<trkpt lat="47.1862" lon="0.2721">
				<ele>57.94</ele>
			</trkpt>
			<trkpt lat="47.1861" lon="0.2721">
				<ele>57.94</ele>
			</trkpt>
			<trkpt lat="47.1861" lon="0.2719">
				<ele>58.43</ele>
			</trkpt>
			<trkpt lat="47.186" lon="0.2719">
				<ele>58.43</ele>
			</trkpt>
			<trkpt lat="47.186" lon="0.2717">
				<ele>58.43</ele>
			</trkpt>
			<trkpt lat="47.1859" lon="0.2716">
				<ele>58.43</ele>
			</trkpt>
			<trkpt lat="47.1858" lon="0.2715">
				<ele>58.43</ele>
			</trkpt>
			<trkpt lat="47.1858" lon="0.2713">
				<ele>58.43</ele>
			</trkpt>
			<trkpt lat="47.1857" lon="0.2713">
				<ele>58.43</ele>
			</trkpt>
			<trkpt lat="47.1857" lon="0.2711">
				<ele>58.43</ele>
			</trkpt>
			<trkpt lat="47.1856" lon="0.2711">
				<ele>58.43</ele>
			</trkpt>
			<trkpt lat="47.1856" lon="0.2709">
				<ele>58.43</ele>
			</trkpt>
			<trkpt lat="47.1855" lon="0.2709">
				<ele>58.43</ele>
			</trkpt>
			<trkpt lat="47.1854" lon="0.2707">
				<ele>58.43</ele>
			</trkpt>
			<trkpt lat="47.1853" lon="0.2705">
				<ele>60.12</ele>
			</trkpt>
			<trkpt lat="47.1853" lon="0.2703">
				<ele>60.12</ele>
			</trkpt>
			<trkpt lat="47.1852" lon="0.2703">
				<ele>60.12</ele>
			</trkpt>
			<trkpt lat="47.1851" lon="0.2701">
				<ele>60.12</ele>
			</trkpt>
			<trkpt lat="47.185" lon="0.2699">
				<ele>60.12</ele>
			</trkpt>
			<trkpt lat="47.1849" lon="0.2697">
				<ele>60.12</ele>
			</trkpt>
			<trkpt lat="47.1848" lon="0.2695">
				<ele>60.12</ele>
			</trkpt>
			<trkpt lat="47.1846" lon="0.2692">
				<ele>60.12</ele>
			</trkpt>
			<trkpt lat="47.1846" lon="0.269">
				<ele>60.12</ele>
			</trkpt>
			<trkpt lat="47.1845" lon="0.269">
				<ele>60.12</ele>
			</trkpt>
			<trkpt lat="47.1845" lon="0.2688">
				<ele>60.12</ele>
			</trkpt>
			<trkpt lat="47.1844" lon="0.2688">
				<ele>60.12</ele>
			</trkpt>
			<trkpt lat="47.1844" lon="0.2686">
				<ele>60.12</ele>
			</trkpt>
			<trkpt lat="47.1843" lon="0.2685">
				<ele>63.43</ele>
			</trkpt>
			<trkpt lat="47.1842" lon="0.2683">
				<ele>63.43</ele>
			</trkpt>
			<trkpt lat="47.1841" lon="0.2681">
				<ele>63.43</ele>
			</trkpt>
			<trkpt lat="47.184" lon="0.2679">
				<ele>63.43</ele>
			</trkpt>
			<trkpt lat="47.184" lon="0.2677">
				<ele>63.43</ele>
			</trkpt>
			<trkpt lat="47.1839" lon="0.2677">
				<ele>63.43</ele>
			</trkpt>
			<trkpt lat="47.1838" lon="0.2676">
				<ele>63.43</ele>
			</trkpt>
			<trkpt lat="47.1837" lon="0.2675">
				<ele>63.43</ele>
			</trkpt>
			<trkpt lat="47.1836" lon="0.2674">
				<ele>63.43</ele>
			</trkpt>
			<trkpt lat="47.1835" lon="0.2673">
				<ele>63.43</ele>
			</trkpt>
			<trkpt lat="47.1832" lon="0.2673">
				<ele>63.43</ele>
			</trkpt>
			<trkpt lat="47.1832" lon="0.267">
				<ele>63.43</ele>
			</trkpt>
			<trkpt lat="47.1831" lon="0.2669">
				<ele>72.07</ele>
			</trkpt>
			<trkpt lat="47.183" lon="0.2668">
				<ele>72.07</ele>
			</trkpt>
			<trkpt lat="47.1829" lon="0.2667">
				<ele>72.07</ele>
			</trkpt>
			<trkpt lat="47.1828" lon="0.2666">
				<ele>72.07</ele>
			</trkpt>
			<trkpt lat="47.1827" lon="0.2665">
				<ele>72.07</ele>
			</trkpt>
			<trkpt lat="47.1826" lon="0.2664">
				<ele>72.07</ele>
			</trkpt>
			<trkpt lat="47.1825" lon="0.2663">
				<ele>72.07</ele>
			</trkpt>
			<trkpt lat="47.1824" lon="0.2662">
				<ele>72.07</ele>
			</trkpt>
			<trkpt lat="47.1823" lon="0.2661">
				<ele>72.07</ele>
			</trkpt>
			<trkpt lat="47.1822" lon="0.266">
				<ele>72.07</ele>
			</trkpt>
			<trkpt lat="47.1821" lon="0.2659">
				<ele>72.07</ele>
			</trkpt>
			<trkpt lat="47.182" lon="0.2658">
				<ele>72.07</ele>
			</trkpt>
			<trkpt lat="47.1819" lon="0.2657">
				<ele>72.07</ele>
			</trkpt>
			<trkpt lat="47.1818" lon="0.2656">
				<ele>73.9</ele>
			</trkpt>
			<trkpt lat="47.1817" lon="0.2655">
				<ele>73.9</ele>
			</trkpt>
			<trkpt lat="47.1816" lon="0.2654">
				<ele>73.9</ele>
			</trkpt>
			<trkpt lat="47.1815" lon="0.2653">
				<ele>73.9</ele>
			</trkpt>
			<trkpt lat="47.1814" lon="0.2652">
				<ele>73.9</ele>
			</trkpt>
			<trkpt lat="47.1813" lon="0.2651">
				<ele>73.9</ele>
			</trkpt>
			<trkpt lat="47.1812" lon="0.265">
				<ele>73.9</ele>
			</trkpt>
			<trkpt lat="47.1811" lon="0.2649">
				<ele>73.9</ele>
			</trkpt>
			<trkpt lat="47.181" lon="0.2648">
				<ele>73.9</ele>
			</trkpt>
			<trkpt lat="47.1809" lon="0.2647">
				<ele>73.9</ele>
			</trkpt>
			<trkpt lat="47.1808" lon="0.2646">
				<ele>73.9</ele>
			</trkpt>
			<trkpt lat="47.1807" lon="0.2645">
				<ele>73.9</ele>
			</trkpt>
			<trkpt lat="47.1806" lon="0.2645">
				<ele>81.41</ele>
			</trkpt>
			<trkpt lat="47.1806" lon="0.2642">
				<ele>81.41</ele>
			</trkpt>
			<trkpt lat="47.1805" lon="0.2642">
				<ele>81.41</ele>
			</trkpt>
			<trkpt lat="47.1804" lon="0.2641">
				<ele>81.41</ele>
			</trkpt>
			<trkpt lat="47.1802" lon="0.264">
				<ele>81.41</ele>
			</trkpt>
			<trkpt lat="47.1801" lon="0.2639">
				<ele>81.41</ele>
			</trkpt>
			<trkpt lat="47.18" lon="0.2639">
				<ele>81.41</ele>
			</trkpt>
			<trkpt lat="47.1799" lon="0.2638">
				<ele>81.41</ele>
			</trkpt>
			<trkpt lat="47.1797" lon="0.2636">
				<ele>81.41</ele>
			</trkpt>
			<trkpt lat="47.1796" lon="0.2636">
				<ele>81.41</ele>
			</trkpt>
			<trkpt lat="47.1795" lon="0.2635">
				<ele>81.41</ele>
			</trkpt>
			<trkpt lat="47.1793" lon="0.2634">
				<ele>81.41</ele>
			</trkpt>
			<trkpt lat="47.1792" lon="0.2633">
				<ele>81.41</ele>
			</trkpt>
			<trkpt lat="47.179" lon="0.263">
				<ele>82.76</ele>
			</trkpt>
			<trkpt lat="47.1789" lon="0.263">
				<ele>82.76</ele>
			</trkpt>
			<trkpt lat="47.1788" lon="0.2629">
				<ele>82.76</ele>
			</trkpt>
			<trkpt lat="47.1788" lon="0.2627">
				<ele>82.76</ele>
			</trkpt>
			<trkpt lat="47.1787" lon="0.2627">
				<ele>82.76</ele>
			</trkpt>
			<trkpt lat="47.1786" lon="0.2625">
				<ele>82.76</ele>
			</trkpt>
			<trkpt lat="47.1785" lon="0.2624">
				<ele>82.76</ele>
			</trkpt>
			<trkpt lat="47.1785" lon="0.2622">
				<ele>82.76</ele>
			</trkpt>
			<trkpt lat="47.1784" lon="0.2621">
				<ele>82.76</ele>
			</trkpt>
			<trkpt lat="47.1783" lon="0.262">
				<ele>82.76</ele>
			</trkpt>
			<trkpt lat="47.178" lon="0.2619">
				<ele>82.76</ele>
			</trkpt>
			<trkpt lat="47.1779" lon="0.2618">
				<ele>82.76</ele>
			</trkpt>
			<trkpt lat="47.1778" lon="0.2616">
				<ele>76.48</ele>
			</trkpt>
			<trkpt lat="47.1777" lon="0.2614">
				<ele>76.48</ele>
			</trkpt>
			<trkpt lat="47.1777" lon="0.2612">
				<ele>76.48</ele>
			</trkpt>
			<trkpt lat="47.1776" lon="0.2611">
				<ele>76.48</ele>
			</trkpt>
			<trkpt lat="47.1776" lon="0.2609">
				<ele>76.48</ele>
			</trkpt>
			<trkpt lat="47.1775" lon="0.2609">
				<ele>76.48</ele>
			</trkpt>
			<trkpt lat="47.1775" lon="0.2607">
				<ele>76.48</ele>
			</trkpt>
			<trkpt lat="47.1774" lon="0.2606">
				<ele>76.48</ele>
			</trkpt>
			<trkpt lat="47.1774" lon="0.2604">
				<ele>76.48</ele>
			</trkpt>
			<trkpt lat="47.1773" lon="0.2604">
				<ele>76.48</ele>
			</trkpt>
			<trkpt lat="47.1773" lon="0.2602">
				<ele>76.48</ele>
			</trkpt>
			<trkpt lat="47.1772" lon="0.2601">
				<ele>76.48</ele>
			</trkpt>
			<trkpt lat="47.1772" lon="0.2599">
				<ele>76.48</ele>
			</trkpt>
			<trkpt lat="47.1771" lon="0.2599">
				<ele>71.73</ele>
			</trkpt>
			<trkpt lat="47.1771" lon="0.2597">
				<ele>71.73</ele>
			</trkpt>
			<trkpt lat="47.177" lon="0.2596">
				<ele>71.73</ele>
			</trkpt>
			<trkpt lat="47.177" lon="0.2594">
				<ele>71.73</ele>
			</trkpt>
			<trkpt lat="47.1769" lon="0.2593">
				<ele>71.73</ele>
			</trkpt>
			<trkpt lat="47.1769" lon="0.2591">
				<ele>71.73</ele>
			</trkpt>
			<trkpt lat="47.1768" lon="0.2591">
				<ele>71.73</ele>
			</trkpt>
			<trkpt lat="47.1768" lon="0.2589">
				<ele>71.73</ele>
			</trkpt>
			<trkpt lat="47.1767" lon="0.2588">
				<ele>71.73</ele>
			</trkpt>
			<trkpt lat="47.1767" lon="0.2586">
				<ele>71.73</ele>
			</trkpt>
			<trkpt lat="47.1766" lon="0.2585">
				<ele>71.73</ele>
			</trkpt>
			<trkpt lat="47.1766" lon="0.2583">
				<ele>71.73</ele>
			</trkpt>
			<trkpt lat="47.1765" lon="0.2583">
				<ele>70.45</ele>
			</trkpt>
			<trkpt lat="47.1765" lon="0.2581">
				<ele>70.45</ele>
			</trkpt>
			<trkpt lat="47.1764" lon="0.258">
				<ele>70.45</ele>
			</trkpt>
			<trkpt lat="47.1764" lon="0.2578">
				<ele>70.45</ele>
			</trkpt>
			<trkpt lat="47.1763" lon="0.2578">
				<ele>70.45</ele>
			</trkpt>
			<trkpt lat="47.1763" lon="0.2576">
				<ele>70.45</ele>
			</trkpt>
			<trkpt lat="47.1762" lon="0.2575">
				<ele>70.45</ele>
			</trkpt>
			<trkpt lat="47.1762" lon="0.2573">
				<ele>70.45</ele>
			</trkpt>
			<trkpt lat="47.1761" lon="0.2573">
				<ele>70.45</ele>
			</trkpt>
			<trkpt lat="47.1761" lon="0.257">
				<ele>70.45</ele>
			</trkpt>
			<trkpt lat="47.176" lon="0.257">
				<ele>70.45</ele>
			</trkpt>
			<trkpt lat="47.176" lon="0.2568">
				<ele>70.45</ele>
			</trkpt>
			<trkpt lat="47.1759" lon="0.2567">
				<ele>70.45</ele>
			</trkpt>
			<trkpt lat="47.1758" lon="0.2565">
				<ele>68.65</ele>
			</trkpt>
			<trkpt lat="47.1758" lon="0.2563">
				<ele>68.65</ele>
			</trkpt>
			<trkpt lat="47.1757" lon="0.2562">
				<ele>68.65</ele>
			</trkpt>
			<trkpt lat="47.1757" lon="0.256">
				<ele>68.65</ele>
			</trkpt>
			<trkpt lat="47.1756" lon="0.256">
				<ele>68.65</ele>
			</trkpt>
			<trkpt lat="47.1756" lon="0.2558">
				<ele>68.65</ele>
			</trkpt>
			<trkpt lat="47.1755" lon="0.2557">
				<ele>68.65</ele>
			</trkpt>
			<trkpt lat="47.1755" lon="0.2555">
				<ele>68.65</ele>
			</trkpt>
			<trkpt lat="47.1754" lon="0.2555">
				<ele>68.65</ele>
			</trkpt>
			<trkpt lat="47.1754" lon="0.2553">
				<ele>68.65</ele>
			</trkpt>
			<trkpt lat="47.1753" lon="0.2552">
				<ele>68.65</ele>
			</trkpt>
			<trkpt lat="47.1753" lon="0.255">
				<ele>68.65</ele>
			</trkpt>
			<trkpt lat="47.1752" lon="0.255">
				<ele>71.18</ele>
			</trkpt>
			<trkpt lat="47.1752" lon="0.2547">
				<ele>71.18</ele>
			</trkpt>
			<trkpt lat="47.1751" lon="0.2547">
				<ele>71.18</ele>
			</trkpt>
			<trkpt lat="47.1751" lon="0.2545">
				<ele>71.18</ele>
			</trkpt>
			<trkpt lat="47.175" lon="0.2544">
				<ele>71.18</ele>
			</trkpt>
			<trkpt lat="47.175" lon="0.2542">
				<ele>71.18</ele>
			</trkpt>
			<trkpt lat="47.1749" lon="0.2542">
				<ele>71.18</ele>
			</trkpt>
			<trkpt lat="47.1749" lon="0.254">
				<ele>71.18</ele>
			</trkpt>
			<trkpt lat="47.1748" lon="0.2539">
				<ele>71.18</ele>
			</trkpt>
			<trkpt lat="47.1748" lon="0.2537">
				<ele>71.18</ele>
			</trkpt>
			<trkpt lat="47.1747" lon="0.2537">
				<ele>71.18</ele>
			</trkpt>
			<trkpt lat="47.1747" lon="0.2535">
				<ele>71.18</ele>
			</trkpt>
			<trkpt lat="47.1746" lon="0.2534">
				<ele>71.18</ele>
			</trkpt>
			<trkpt lat="47.1746" lon="0.2532">
				<ele>75.6</ele>
			</trkpt>
			<trkpt lat="47.1745" lon="0.2531">
				<ele>75.6</ele>
			</trkpt>
			<trkpt lat="47.1745" lon="0.2529">
				<ele>75.6</ele>
			</trkpt>
			<trkpt lat="47.1744" lon="0.2529">
				<ele>75.6</ele>
			</trkpt>
			<trkpt lat="47.1744" lon="0.2527">
				<ele>75.6</ele>
			</trkpt>
			<trkpt lat="47.1743" lon="0.2526">
				<ele>75.6</ele>
			</trkpt>
			<trkpt lat="47.1743" lon="0.2524">
				<ele>75.6</ele>
			</trkpt>
			<trkpt lat="47.1742" lon="0.2524">
				<ele>75.6</ele>
			</trkpt>
			<trkpt lat="47.1742" lon="0.2521">
				<ele>75.6</ele>
			</trkpt>
			<trkpt lat="47.1741" lon="0.2521">
				<ele>75.6</ele>
			</trkpt>
			<trkpt lat="47.1741" lon="0.2519">
				<ele>75.6</ele>
			</trkpt>
			<trkpt lat="47.174" lon="0.2519">
				<ele>75.6</ele>
			</trkpt>
			<trkpt lat="47.174" lon="0.2516">
				<ele>77.39</ele>
			</trkpt>
			<trkpt lat="47.1739" lon="0.2516">
				<ele>77.39</ele>
			</trkpt>
			<trkpt lat="47.1739" lon="0.2514">
				<ele>77.39</ele>
			</trkpt>
			<trkpt lat="47.1738" lon="0.2513">
				<ele>77.39</ele>
			</trkpt>
			<trkpt lat="47.1738" lon="0.2511">
				<ele>77.39</ele>
			</trkpt>
			<trkpt lat="47.1737" lon="0.251">
				<ele>77.39</ele>
			</trkpt>
			<trkpt lat="47.1737" lon="0.2508">
				<ele>77.39</ele>
			</trkpt>
			<trkpt lat="47.1736" lon="0.2507">
				<ele>77.39</ele>
			</trkpt>
			<trkpt lat="47.1735" lon="0.2505">
				<ele>77.39</ele>
			</trkpt>
			<trkpt lat="47.1735" lon="0.2503">
				<ele>77.39</ele>
			</trkpt>
			<trkpt lat="47.1734" lon="0.2502">
				<ele>77.39</ele>
			</trkpt>
			<trkpt lat="47.1734" lon="0.25">
				<ele>77.39</ele>
			</trkpt>
			<trkpt lat="47.1733" lon="0.25">
				<ele>77.39</ele>
			</trkpt>
			<trkpt lat="47.1733" lon="0.2497">
				<ele>85.13</ele>
			</trkpt>
			<trkpt lat="47.1732" lon="0.2497">
				<ele>85.13</ele>
			</trkpt>
			<trkpt lat="47.1732" lon="0.2495">
				<ele>85.13</ele>
			</trkpt>
			<trkpt lat="47.1731" lon="0.2494">
				<ele>85.13</ele>
			</trkpt>
			<trkpt lat="47.1731" lon="0.2492">
				<ele>85.13</ele>
			</trkpt>
			<trkpt lat="47.173" lon="0.2492">
				<ele>85.13</ele>
			</trkpt>
			<trkpt lat="47.173" lon="0.2489">
				<ele>85.13</ele>
			</trkpt>
			<trkpt lat="47.1729" lon="0.2489">
				<ele>85.13</ele>
			</trkpt>
			<trkpt lat="47.1729" lon="0.2487">
				<ele>85.13</ele>
			</trkpt>
			<trkpt lat="47.1728" lon="0.2486">
				<ele>85.13</ele>
			</trkpt>
			<trkpt lat="47.1728" lon="0.2484">
				<ele>85.13</ele>
			</trkpt>
			<trkpt lat="47.1727" lon="0.2484">
				<ele>85.13</ele>
			</trkpt>
			<trkpt lat="47.1727" lon="0.2482">
				<ele>86.13</ele>
			</trkpt>
			<trkpt lat="47.1726" lon="0.2481">
				<ele>86.13</ele>
			</trkpt>
			<trkpt lat="47.1726" lon="0.2478">
				<ele>86.13</ele>
			</trkpt>
			<trkpt lat="47.1725" lon="0.2478">
				<ele>86.13</ele>
			</trkpt>
			<trkpt lat="47.1725" lon="0.2476">
				<ele>86.13</ele>
			</trkpt>
			<trkpt lat="47.1724" lon="0.2475">
				<ele>86.13</ele>
			</trkpt>
			<trkpt lat="47.1724" lon="0.2473">
				<ele>86.13</ele>
			</trkpt>
			<trkpt lat="47.1723" lon="0.2473">
				<ele>86.13</ele>
			</trkpt>
			<trkpt lat="47.1723" lon="0.247">
				<ele>86.13</ele>
			</trkpt>
			<trkpt lat="47.1722" lon="0.247">
				<ele>86.13</ele>
			</trkpt>
			<trkpt lat="47.1722" lon="0.2468">
				<ele>86.13</ele>
			</trkpt>
			<trkpt lat="47.1721" lon="0.2467">
				<ele>86.13</ele>
			</trkpt>
			<trkpt lat="47.1721" lon="0.2465">
				<ele>86.13</ele>
			</trkpt>
			<trkpt lat="47.172" lon="0.2465">
				<ele>80.6</ele>
			</trkpt>
			<trkpt lat="47.172" lon="0.2463">
				<ele>80.6</ele>
			</trkpt>
			<trkpt lat="47.1719" lon="0.2462">
				<ele>80.6</ele>
			</trkpt>
			<trkpt lat="47.1719" lon="0.246">
				<ele>80.6</ele>
			</trkpt>
			<trkpt lat="47.1718" lon="0.2459">
				<ele>80.6</ele>
			</trkpt>
			<trkpt lat="47.1718" lon="0.2457">
				<ele>80.6</ele>
			</trkpt>
			<trkpt lat="47.1717" lon="0.2457">
				<ele>80.6</ele>
			</trkpt>
			<trkpt lat="47.1717" lon="0.2454">
				<ele>80.6</ele>
			</trkpt>
			<trkpt lat="47.1716" lon="0.2454">
				<ele>80.6</ele>
			</trkpt>
			<trkpt lat="47.1716" lon="0.2451">
				<ele>80.6</ele>
			</trkpt>
			<trkpt lat="47.1715" lon="0.2451">
				<ele>80.6</ele>
			</trkpt>
			<trkpt lat="47.1715" lon="0.2449">
				<ele>80.6</ele>
			</trkpt>
			<trkpt lat="47.1714" lon="0.2448">
				<ele>84.53</ele>
			</trkpt>
			<trkpt lat="47.1714" lon="0.2446">
				<ele>84.53</ele>
			</trkpt>
			<trkpt lat="47.1713" lon="0.2446">
				<ele>84.53</ele>
			</trkpt>
			<trkpt lat="47.1713" lon="0.2443">
				<ele>84.53</ele>
			</trkpt>
			<trkpt lat="47.1712" lon="0.2443">
				<ele>84.53</ele>
			</trkpt>
			<trkpt lat="47.1712" lon="0.2441">
				<ele>84.53</ele>
			</trkpt>
			<trkpt lat="47.1711" lon="0.244">
				<ele>84.53</ele>
			</trkpt>
			<trkpt lat="47.1711" lon="0.2438">
				<ele>84.53</ele>
			</trkpt>
			<trkpt lat="47.171" lon="0.2437">
				<ele>84.53</ele>
			</trkpt>
			<trkpt lat="47.1709" lon="0.2435">
				<ele>84.53</ele>
			</trkpt>
			<trkpt lat="47.1709" lon="0.2433">
				<ele>84.53</ele>
			</trkpt>
			<trkpt lat="47.1708" lon="0.2432">
				<ele>84.53</ele>
			</trkpt>
			<trkpt lat="47.1707" lon="0.243">
				<ele>84.53</ele>
			</trkpt>
			<trkpt lat="47.1707" lon="0.2428">
				<ele>95.57</ele>
			</trkpt>
			<trkpt lat="47.1706" lon="0.2428">
				<ele>95.57</ele>
			</trkpt>
			<trkpt lat="47.1706" lon="0.2425">
				<ele>95.57</ele>
			</trkpt>
			<trkpt lat="47.1705" lon="0.2424">
				<ele>95.57</ele>
			</trkpt>
			<trkpt lat="47.1705" lon="0.2422">
				<ele>95.57</ele>
			</trkpt>
			<trkpt lat="47.1704" lon="0.2422">
				<ele>95.57</ele>
			</trkpt>
			<trkpt lat="47.1704" lon="0.242">
				<ele>95.57</ele>
			</trkpt>
			<trkpt lat="47.1703" lon="0.2419">
				<ele>95.57</ele>
			</trkpt>
			<trkpt lat="47.1702" lon="0.2417">
				<ele>95.57</ele>
			</trkpt>
			<trkpt lat="47.1702" lon="0.2415">
				<ele>95.57</ele>
			</trkpt>
			<trkpt lat="47.1701" lon="0.2414">
				<ele>95.57</ele>
			</trkpt>
			<trkpt lat="47.1701" lon="0.2412">
				<ele>95.57</ele>
			</trkpt>
			<trkpt lat="47.17" lon="0.2412">
				<ele>99.54</ele>
			</trkpt>
			<trkpt lat="47.17" lon="0.2409">
				<ele>99.54</ele>
			</trkpt>
			<trkpt lat="47.1699" lon="0.2409">
				<ele>99.54</ele>
			</trkpt>
			<trkpt lat="47.1699" lon="0.2407">
				<ele>99.54</ele>
			</trkpt>
			<trkpt lat="47.1698" lon="0.2406">
				<ele>99.54</ele>
			</trkpt>
			<trkpt lat="47.1698" lon="0.2404">
				<ele>99.54</ele>
			</trkpt>
			<trkpt lat="47.1697" lon="0.2404">
				<ele>99.54</ele>
			</trkpt>
			<trkpt lat="47.1697" lon="0.2402">
				<ele>99.54</ele>
			</trkpt>
			<trkpt lat="47.1696" lon="0.2402">
				<ele>99.54</ele>
			</trkpt>
			<trkpt lat="47.1696" lon="0.24">
				<ele>99.54</ele>
			</trkpt>
			<trkpt lat="47.1695" lon="0.24">
				<ele>99.54</ele>
			</trkpt>
			<trkpt lat="47.1695" lon="0.2397">
				<ele>99.54</ele>
			</trkpt>
			<trkpt lat="47.1694" lon="0.2397">
				<ele>99.54</ele>
			</trkpt>
			<trkpt lat="47.1694" lon="0.2395">
				<ele>96.85</ele>
			</trkpt>
			<trkpt lat="47.1693" lon="0.2394">
				<ele>96.85</ele>
			</trkpt>
			<trkpt lat="47.1693" lon="0.2392">
				<ele>96.85</ele>
			</trkpt>
			<trkpt lat="47.1692" lon="0.2391">
				<ele>96.85</ele>
			</trkpt>
			<trkpt lat="47.1691" lon="0.2391">
				<ele>96.85</ele>
			</trkpt>
			<trkpt lat="47.169" lon="0.2392">
				<ele>96.85</ele>
			</trkpt>
			<trkpt lat="47.169" lon="0.2395">
				<ele>96.85</ele>
			</trkpt>
			<trkpt lat="47.1689" lon="0.2395">
				<ele>96.85</ele>
			</trkpt>
			<trkpt lat="47.1689" lon="0.2397">
				<ele>96.85</ele>
			</trkpt>
			<trkpt lat="47.1688" lon="0.2397">
				<ele>96.85</ele>
			</trkpt>
			<trkpt lat="47.1687" lon="0.2398">
				<ele>96.85</ele>
			</trkpt>
			<trkpt lat="47.1686" lon="0.2398">
				<ele>96.85</ele>
			</trkpt>
			<trkpt lat="47.1685" lon="0.2399">
				<ele>82.5</ele>
			</trkpt>
			<trkpt lat="47.1682" lon="0.2399">
				<ele>82.5</ele>
			</trkpt>
			<trkpt lat="47.1682" lon="0.2401">
				<ele>82.5</ele>
			</trkpt>
			<trkpt lat="47.1682" lon="0.2399">
				<ele>82.5</ele>
			</trkpt>
			<trkpt lat="47.1681" lon="0.2399">
				<ele>82.5</ele>
			</trkpt>
			<trkpt lat="47.1681" lon="0.2397">
				<ele>82.5</ele>
			</trkpt>
			<trkpt lat="47.168" lon="0.2397">
				<ele>82.5</ele>
			</trkpt>
			<trkpt lat="47.168" lon="0.24178">
				<ele>82.5</ele>
			</trkpt>
			<trkpt lat="47.1679" lon="0.2419">
				<ele>82.5</ele>
			</trkpt>
			<trkpt lat="47.1679" lon="0.2422">
				<ele>82.5</ele>
			</trkpt>
			<trkpt lat="47.1678" lon="0.2422">
				<ele>82.5</ele>
			</trkpt>
			<trkpt lat="47.1677" lon="0.2424">
				<ele>82.5</ele>
			</trkpt>
			<trkpt lat="47.1676" lon="0.2425">
				<ele>82.5</ele>
			</trkpt>
			<trkpt lat="47.1675" lon="0.2426">
				<ele>59.07</ele>
			</trkpt>
			<trkpt lat="47.1674" lon="0.2427">
				<ele>59.07</ele>
			</trkpt>
			<trkpt lat="47.1674" lon="0.2424">
				<ele>59.07</ele>
			</trkpt>
			<trkpt lat="47.1673" lon="0.2424">
				<ele>59.07</ele>
			</trkpt>
			<trkpt lat="47.1673" lon="0.24181">
				<ele>59.07</ele>
			</trkpt>
			<trkpt lat="47.1672" lon="0.2418">
				<ele>59.07</ele>
			</trkpt>
			<trkpt lat="47.1672" lon="0.2413">
				<ele>59.07</ele>
			</trkpt>
			<trkpt lat="47.1671" lon="0.2413">
				<ele>59.07</ele>
			</trkpt>
			<trkpt lat="47.1671" lon="0.241">
				<ele>59.07</ele>
			</trkpt>
			<trkpt lat="47.1672" lon="0.2409">
				<ele>59.07</ele>
			</trkpt>
			<trkpt lat="47.1672" lon="0.2406">
				<ele>59.07</ele>
			</trkpt>
			<trkpt lat="47.1671" lon="0.2405">
				<ele>59.07</ele>
			</trkpt>
			<trkpt lat="47.1671" lon="0.23991">
				<ele>38.92</ele>
			</trkpt>
			<trkpt lat="47.1669" lon="0.2399">
				<ele>38.92</ele>
			</trkpt>
			<trkpt lat="47.1666" lon="0.2398">
				<ele>38.92</ele>
			</trkpt>
			<trkpt lat="47.1662" lon="0.2397">
				<ele>38.92</ele>
			</trkpt>
			<trkpt lat="47.1659" lon="0.2398">
				<ele>38.92</ele>
			</trkpt>
			<trkpt lat="47.1658" lon="0.2397">
				<ele>38.92</ele>
			</trkpt>
			<trkpt lat="47.1658" lon="0.2399">
				<ele>38.92</ele>
			</trkpt>
			<trkpt lat="47.1657" lon="0.24">
				<ele>38.92</ele>
			</trkpt>
			<trkpt lat="47.1657" lon="0.2405">
				<ele>38.92</ele>
			</trkpt>
			<trkpt lat="47.1656" lon="0.2406">
				<ele>38.92</ele>
			</trkpt>
			<trkpt lat="47.1656" lon="0.241">
				<ele>38.92</ele>
			</trkpt>
			<trkpt lat="47.1655" lon="0.2411">
				<ele>38.92</ele>
			</trkpt>
			<trkpt lat="47.1655" lon="0.24189">
				<ele>38.92</ele>
			</trkpt>
			<trkpt lat="47.1654" lon="0.242">
				<ele>35.31</ele>
			</trkpt>
			<trkpt lat="47.1654" lon="0.24269">
				<ele>35.31</ele>
			</trkpt>
			<trkpt lat="47.1653" lon="0.2427">
				<ele>35.31</ele>
			</trkpt>
			<trkpt lat="47.1653" lon="0.24339">
				<ele>35.31</ele>
			</trkpt>
			<trkpt lat="47.1652" lon="0.2435">
				<ele>35.31</ele>
			</trkpt>
			<trkpt lat="47.1652" lon="0.24429">
				<ele>35.31</ele>
			</trkpt>
			<trkpt lat="47.1651" lon="0.2444">
				<ele>35.31</ele>
			</trkpt>
			<trkpt lat="47.1652" lon="0.2445">
				<ele>35.31</ele>
			</trkpt>
			<trkpt lat="47.1655" lon="0.2445">
				<ele>35.31</ele>
			</trkpt>
			<trkpt lat="47.1655" lon="0.245">
				<ele>35.31</ele>
			</trkpt>
			<trkpt lat="47.1656" lon="0.245">
				<ele>35.31</ele>
			</trkpt>
			<trkpt lat="47.1656" lon="0.2453">
				<ele>35.31</ele>
			</trkpt>
			<trkpt lat="47.1657" lon="0.2454">
				<ele>35.76</ele>
			</trkpt>
			<trkpt lat="47.1657" lon="0.2459">
				<ele>35.76</ele>
			</trkpt>
			<trkpt lat="47.1656" lon="0.246">
				<ele>35.76</ele>
			</trkpt>
			<trkpt lat="47.1656" lon="0.24679">
				<ele>35.76</ele>
			</trkpt>
			<trkpt lat="47.1656" lon="0.2466">
				<ele>35.76</ele>
			</trkpt>
			<trkpt lat="47.1657" lon="0.2466">
				<ele>35.76</ele>
			</trkpt>
			<trkpt lat="47.1656" lon="0.2465">
				<ele>35.76</ele>
			</trkpt>
			<trkpt lat="47.1656" lon="0.24581">
				<ele>35.76</ele>
			</trkpt>
			<trkpt lat="47.1657" lon="0.2458">
				<ele>35.76</ele>
			</trkpt>
			<trkpt lat="47.1657" lon="0.2456">
				<ele>35.76</ele>
			</trkpt>
			<trkpt lat="47.1656" lon="0.2456">
				<ele>35.76</ele>
			</trkpt>
			<trkpt lat="47.1656" lon="0.2451">
				<ele>35.76</ele>
			</trkpt>
		</trkseg>
	</trk>
</gpx>