Score,Label,Name,Category,Duration(min),TSS,IF,Protocol,Z1%,Z2%,Z3%,Z4%,Z5%,Z6%,Dominant,Notes,File
10,HIGH ✓✓,Day 6 - Endurance With Max Sprints,active-offseason,180.0,152.5,0.713,Endurance,8.3,91.7,0.0,0.0,0.0,0.0,Z2,100% in Z1/Z2 | long Z2 — highest aerobic value | 2h+ aerobic stimulus,week-3-day-6-endurance-with-max-sprints.zwo
10,HIGH ✓✓,Day 6 - Endurance With Max Sprints,active-offseason,175.0,150.4,0.718,Endurance,5.7,94.3,0.0,0.0,0.0,0.0,Z2,100% in Z1/Z2 | long Z2 — highest aerobic value | 2h+ aerobic stimulus,week-2-day-6-endurance-with-max-sprints.zwo
10,HIGH ✓✓,Day 6 - Endurance With Max Sprints,active-offseason,170.0,150.6,0.729,Endurance,0.0,100.0,0.0,0.0,0.0,0.0,Z2,100% in Z1/Z2 | long Z2 — highest aerobic value | 2h+ aerobic stimulus,week-1-day-6-endurance-with-max-sprints.zwo
10,HIGH ✓✓,Day 6 - Endurance With Max Sprints,active-offseason,150.0,118.3,0.688,Endurance,13.3,85.6,0.0,0.0,0.0,1.1,Z2,99% in Z1/Z2 | long Z2 — highest aerobic value | 2h+ aerobic stimulus,week-11-day-6-endurance-with-max-sprints.zwo
10,HIGH ✓✓,1 hour cadence change z2/z1,john-hunts-workouts,120.0,103.7,0.72,Endurance,0.0,100.0,0.0,0.0,0.0,0.0,Z2,100% in Z1/Z2 | long Z2 — highest aerobic value | 2h+ aerobic stimulus,1-hour-cadence-change-z2z1.zwo
10,HIGH ✓✓,LIT extra long mix 120min,recreation-and-foundation,120.0,90.0,0.671,Endurance,12.1,81.2,1.7,0.0,1.7,3.3,Z2,93% in Z1/Z2 | long Z2 — highest aerobic value | 2h+ aerobic stimulus,lit-extra-long-mix-120min.zwo
10,HIGH ✓✓,Day 4,your-first-century,120.0,89.0,0.667,VO2max — Helgerud-style 4×5.0min @ 120%,45.8,37.5,0.0,0.0,0.0,16.7,Z1,VO2max development (Helgerud 2007 / Seiler 2013),week-8-day-4.zwo
10,HIGH ✓✓,Day 3,your-first-century,120.0,84.0,0.648,Endurance,20.8,75.0,0.0,0.0,0.0,4.2,Z2,96% in Z1/Z2 | long Z2 — highest aerobic value | 2h+ aerobic stimulus,week-9-day-3.zwo
10,HIGH ✓✓,Day 4,your-first-century,120.0,86.1,0.656,VO2max — Helgerud-style 4×5.0min @ 110%,45.8,37.5,0.0,0.0,0.0,16.7,Z1,VO2max development (Helgerud 2007 / Seiler 2013),week-9-day-4.zwo
10,HIGH ✓✓,Day 6,your-first-century,119.2,76.2,0.619,Endurance,21.0,75.5,0.0,3.6,0.0,0.0,Z2,96% in Z1/Z2 | long Z2 — highest aerobic value,week-4-day-6.zwo
10,HIGH ✓✓,Session 10: Extended Zone 3,coop-academy,119.0,71.4,0.6,Endurance,37.0,63.0,0.0,0.0,0.0,0.0,Z2,100% in Z1/Z2 | long Z2 — highest aerobic value,month-2-session-10-extended-zone-3.zwo
10,HIGH ✓✓,Day 4 - Active Recovery,active-offseason,115.0,54.2,0.532,Endurance,69.6,30.4,0.0,0.0,0.0,0.0,Z1,100% in Z1/Z2 | long Z2 — highest aerobic value,week-8-day-4-active-recovery.zwo
10,HIGH ✓✓,Active Recovery,recovery,115.0,54.2,0.532,Endurance,69.6,30.4,0.0,0.0,0.0,0.0,Z1,100% in Z1/Z2 | long Z2 — highest aerobic value,active-recovery.zwo
10,HIGH ✓✓,Day 1,your-first-century,105.0,66.0,0.614,Endurance,33.3,66.7,0.0,0.0,0.0,0.0,Z2,100% in Z1/Z2 | long Z2 — highest aerobic value,week-4-day-1.zwo
10,HIGH ✓✓,Push / Pull / MAP,best-of-coop-academy,103.0,93.8,0.739,VO2max — Helgerud-style 3×4.0min @ 111%,43.7,19.4,0.0,19.4,0.0,17.5,Z1,VO2max development (Helgerud 2007 / Seiler 2013),za-2017-push-pull-map.zwo
10,HIGH ✓✓,6. Push / Pull / MAP,pro-development-2017,103.0,93.8,0.739,VO2max — Helgerud-style 3×4.0min @ 111%,43.7,19.4,0.0,19.4,0.0,17.5,Z1,VO2max development (Helgerud 2007 / Seiler 2013),month-1-6-push-pull-map.zwo
10,HIGH ✓✓,ODChickenCyclingers - Z2-90 mix,twelve-week-ftp-challenge,95.8,67.8,0.652,Endurance,8.4,89.8,0.0,0.0,0.0,1.8,Z2,98% in Z1/Z2 | long Z2 — highest aerobic value,endurance-community-z2-90-mix.zwo
10,HIGH ✓✓,Over Under Progression #13,paul-mack,91.1,97.9,0.803,VO2max — Helgerud-style 4×3.0min @ 110%,18.7,25.5,5.2,27.6,9.1,13.9,Z4,VO2max development (Helgerud 2007 / Seiler 2013),over-under-progression-over-under-progression-13.zwo
10,HIGH ✓✓,Over Under Progression #14,paul-mack,91.1,99.2,0.808,VO2max — Helgerud-style 4×3.0min @ 110%,18.7,25.5,5.2,27.6,0.4,22.7,Z4,VO2max development (Helgerud 2007 / Seiler 2013),over-under-progression-over-under-progression-14.zwo
10,HIGH ✓✓,Day 1,10-12wk-ftp-builder,91.0,55.5,0.605,Endurance,22.0,78.0,0.0,0.0,0.0,0.0,Z2,100% in Z1/Z2 | long Z2 — highest aerobic value,week-10-day-1.zwo
10,HIGH ✓✓,Day 3,10-12wk-ftp-builder,90.0,55.4,0.608,Endurance,22.2,77.8,0.0,0.0,0.0,0.0,Z2,100% in Z1/Z2 | long Z2 — highest aerobic value,week-11-day-3.zwo
10,HIGH ✓✓,Threshold Pyramid - Semi Finals,best-of-coop-academy,90.0,55.6,0.609,VO2max — Helgerud-style 3×3.0min @ 105%,50.0,16.7,0.0,0.0,33.3,0.0,Z1,VO2max development (Helgerud 2007 / Seiler 2013),za-2017-threshold-pyramid-semi-finals.zwo
10,HIGH ✓✓,LIT long optimized 90min,recreation-and-foundation,90.0,66.5,0.666,Endurance,14.4,78.3,2.2,0.0,2.2,2.8,Z2,93% in Z1/Z2 | long Z2 — highest aerobic value,lit-long-optimized-90min.zwo
10,HIGH ✓✓,Day 5,your-first-century,90.0,51.0,0.583,Endurance,61.1,33.9,0.0,0.0,1.7,3.3,Z1,95% in Z1/Z2 | long Z2 — highest aerobic value,week-10-day-5.zwo
10,HIGH ✓✓,Threshold Pyramid - Semi Finals,pro-development-2017,90.0,55.6,0.609,VO2max — Helgerud-style 3×3.0min @ 105%,50.0,16.7,0.0,0.0,33.3,0.0,Z1,VO2max development (Helgerud 2007 / Seiler 2013),semi-finals-threshold-pyramid-semi-finals.zwo
10,HIGH ✓✓,Session 24: Threshold Pulling,coop-academy,83.0,63.4,0.677,VO2max — Helgerud-style 6×4.0min @ 105%,65.1,6.0,0.0,0.0,28.9,0.0,Z1,VO2max development (Helgerud 2007 / Seiler 2013),month-3-session-24-threshold-pulling.zwo
10,HIGH ✓✓,High Intensity Recovery,60-90-minutes-to-burn,81.0,80.9,0.774,VO2max — Helgerud-style 3×3.0min @ 106%,12.3,43.2,0.0,22.2,0.0,22.2,Z2,VO2max development (Helgerud 2007 / Seiler 2013),high-intensity-recovery.zwo
10,HIGH ✓✓,High Intensity Recovery,60-90-minutes-to-burn-legacy,81.0,80.9,0.774,VO2max — Helgerud-style 3×3.0min @ 106%,12.3,43.2,0.0,22.2,0.0,22.2,Z2,VO2max development (Helgerud 2007 / Seiler 2013),high-intensity-recovery.zwo
10,HIGH ✓✓,Workout 15,mountain-bike,80.0,62.7,0.686,VO2max — Helgerud-style 7×3.0min @ 115%,63.7,8.8,0.0,0.0,0.0,27.5,Z1,VO2max development (Helgerud 2007 / Seiler 2013),annika-langvad-series-workout-15.zwo
10,HIGH ✓✓,Session 17: Pushing & Pulling,coop-academy,79.0,55.3,0.648,VO2max — Helgerud-style 3×4.0min @ 105%,40.5,25.3,0.0,19.0,15.2,0.0,Z1,VO2max development (Helgerud 2007 / Seiler 2013),month-2-session-17-pushing-pulling.zwo
10,HIGH ✓✓,Workout 8,mountain-bike,77.0,60.0,0.684,VO2max — Helgerud-style 3×3.0min @ 115%,46.8,9.1,19.5,0.0,0.0,24.7,Z1,VO2max development (Helgerud 2007 / Seiler 2013),annika-langvad-series-workout-8.zwo
10,HIGH ✓✓,ODChickenCyclingers - VO2max 874,community-rides,77.0,78.3,0.781,VO2max — Helgerud-style 4×8.0min @ 110%,46.8,7.8,1.3,0.0,2.6,41.6,Z1,VO2max development (Helgerud 2007 / Seiler 2013),vo2max-community-rides-vo2max-874.zwo
10,HIGH ✓✓,Anaerobic High 1,chris-ohearn,71.0,65.9,0.746,VO2max — Helgerud-style 5×3.0min @ 123%,28.2,47.9,0.0,2.8,0.0,21.1,Z2,VO2max development (Helgerud 2007 / Seiler 2013),anaerobic-high-1.zwo
10,HIGH ✓✓,Race Pace Plus High,chris-ohearn,70.0,65.5,0.749,VO2max — Helgerud-style 3×5.0min @ 112%,21.4,47.1,0.0,0.0,2.9,28.6,Z2,VO2max development (Helgerud 2007 / Seiler 2013),race-pace-plus-high.zwo
10,HIGH ✓✓,Session 18: Threshold Pulling,coop-academy,70.0,48.2,0.643,VO2max — Helgerud-style 5×4.0min @ 105%,42.9,28.6,0.0,0.0,28.6,0.0,Z1,VO2max development (Helgerud 2007 / Seiler 2013),month-2-session-18-threshold-pulling.zwo
10,HIGH ✓✓,ODChickenCyclingers - VO2max 764,community-rides,69.0,63.7,0.744,VO2max — Helgerud-style 4×7.0min @ 110%,46.4,8.7,1.4,0.0,2.9,40.6,Z1,VO2max development (Helgerud 2007 / Seiler 2013),vo2max-community-rides-vo2max-764.zwo
10,HIGH ✓✓,Joe Skipper Burner,tri247com-pro-workouts,65.0,73.2,0.822,VO2max — Helgerud-style 5×3.0min @ 115%,36.9,9.2,0.0,0.0,30.8,23.1,Z1,VO2max development (Helgerud 2007 / Seiler 2013),joe-skipper-burner.zwo
10,HIGH ✓✓,Race Pace Plus Medium,chris-ohearn,62.0,56.4,0.739,VO2max — Helgerud-style 3×4.0min @ 112%,19.4,51.6,0.0,0.0,3.2,25.8,Z2,VO2max development (Helgerud 2007 / Seiler 2013),race-pace-plus-medium.zwo
10,HIGH ✓✓,ODChickenCyclingers - VO2max 654,community-rides,61.0,61.4,0.777,VO2max — Helgerud-style 4×6.0min @ 110%,45.9,9.8,1.6,0.0,3.3,39.3,Z1,VO2max development (Helgerud 2007 / Seiler 2013),vo2max-community-rides-vo2max-654.zwo
10,HIGH ✓✓,The Gorby,60-90-minutes-to-burn,60.0,60.7,0.779,VO2max — Helgerud-style 5×5.0min @ 110%,58.3,0.0,0.0,0.0,0.0,41.7,Z1,VO2max development (Helgerud 2007 / Seiler 2013),the-gorby.zwo
10,HIGH ✓✓,LOX,build-me-up,60.0,58.1,0.762,VO2max — Helgerud-style 5×3.0min @ 115%,47.5,8.3,0.0,17.5,0.8,25.8,Z1,VO2max development (Helgerud 2007 / Seiler 2013),week-7-lox.zwo
10,HIGH ✓✓,FRNKLN - January 7,franklin-bespoke,60.0,58.4,0.764,VO2max — Helgerud-style 4×3.0min @ 120%,5.0,75.0,0.0,0.0,0.0,20.0,Z2,VO2max development (Helgerud 2007 / Seiler 2013),getting-fit-in-january-frnkln-january-7.zwo
10,HIGH ✓✓,VO2 I - Ouch!,gc-coaching,60.0,53.7,0.733,VO2max — Helgerud-style 5×3.0min @ 110%,55.8,0.0,0.0,16.7,0.0,27.5,Z1,VO2max development (Helgerud 2007 / Seiler 2013),vo2max-vo2-i-ouch.zwo
10,HIGH ✓✓,5x5 minute above FTP,john-hunts-workouts,60.0,52.7,0.726,VO2max — Helgerud-style 5×5.0min @ 106%,58.3,0.0,0.0,0.0,0.0,41.7,Z1,VO2max development (Helgerud 2007 / Seiler 2013),5x5-minute-above-ftp.zwo
10,HIGH ✓✓,The Gorby,less-than-60-minutes-to-burn,60.0,60.7,0.779,VO2max — Helgerud-style 5×5.0min @ 110%,58.3,0.0,0.0,0.0,0.0,41.7,Z1,VO2max development (Helgerud 2007 / Seiler 2013),the-gorby.zwo
10,HIGH ✓✓,Interval Mix,one-of-a-kind,60.0,62.7,0.792,VO2max — Helgerud-style 3×5.0min @ 110%,30.0,36.7,0.0,0.0,0.0,33.3,Z2,VO2max development (Helgerud 2007 / Seiler 2013),interval-mix.zwo
10,HIGH ✓✓,Rhys Jones - All Heart,tri247com-pro-workouts,60.0,62.7,0.792,VO2max — Helgerud-style 3×3.0min @ 110%,3.3,63.3,0.0,0.0,0.0,33.3,Z2,VO2max development (Helgerud 2007 / Seiler 2013),rhys-jones-all-heart.zwo
10,HIGH ✓✓,LOX,vo2-max,60.0,58.1,0.762,VO2max — Helgerud-style 5×3.0min @ 115%,47.5,8.3,0.0,17.5,0.8,25.8,Z1,VO2max development (Helgerud 2007 / Seiler 2013),lox.zwo
10,HIGH ✓✓,3. Depleting 4's,l-etape-du-tour-training-club,57.0,54.0,0.754,VO2max — Helgerud-style 3×4.0min @ 105%,24.6,25.4,27.2,0.0,22.8,0.0,Z3,VO2max development (Helgerud 2007 / Seiler 2013),phase-4-3-depleting-4s.zwo
10,HIGH ✓✓,ODChickenCyclingers - Resolutions Day 3,community-rides,57.0,44.4,0.684,VO2max — Helgerud-style 5×3.0min @ 120%,57.9,10.5,1.8,0.0,3.5,26.3,Z1,VO2max development (Helgerud 2007 / Seiler 2013),resolutions-community-rides-resolutions-day-3.zwo
10,HIGH ✓✓,VO2 Max Builder,bike-science,56.0,45.7,0.7,VO2max — Helgerud-style 5×3.0min @ 110%,57.1,12.5,0.0,0.0,3.6,26.8,Z1,VO2max development (Helgerud 2007 / Seiler 2013),vo2-max-builder.zwo
10,HIGH ✓✓,ODChickenCyclingers - VO2max 544,community-rides,53.0,52.8,0.773,VO2max — Helgerud-style 4×5.0min @ 110%,45.3,11.3,1.9,0.0,3.8,37.7,Z1,VO2max development (Helgerud 2007 / Seiler 2013),vo2max-community-rides-vo2max-544.zwo
10,HIGH ✓✓,Marianne Vos: TT workout,daily-fit,50.0,44.4,0.73,VO2max — Helgerud-style 4×4.0min @ 107%,55.7,6.0,6.0,0.0,0.0,32.3,Z1,VO2max development (Helgerud 2007 / Seiler 2013),marianne-vos-tt-workout.zwo
10,HIGH ✓✓,Marianne Vos: TT workout,pro-training-camp,50.0,44.4,0.73,VO2max — Helgerud-style 4×4.0min @ 107%,55.7,6.0,6.0,0.0,0.0,32.3,Z1,VO2max development (Helgerud 2007 / Seiler 2013),marianne-vos-tt-workout.zwo
10,HIGH ✓✓,Annemiek Van Vleuten: All-rounder,pro-training-camp-movistar,50.0,45.9,0.742,VO2max — Helgerud-style 3×3.0min @ 110%,36.0,28.0,0.0,0.0,0.0,36.0,Z1,VO2max development (Helgerud 2007 / Seiler 2013),annemiek-van-vleuten-all-rounder.zwo
10,HIGH ✓✓,3. VO2 Max 3x3,pebble-pounder,38.0,35.2,0.746,VO2max — Helgerud-style 3×3.0min @ 115%,26.3,45.2,0.0,0.0,3.9,24.6,Z2,VO2max development (Helgerud 2007 / Seiler 2013),week-1-3-vo2-max-3x3.zwo
10,HIGH ✓✓,VO2 Max 3x3,vo2-max,38.0,35.2,0.746,VO2max — Helgerud-style 3×3.0min @ 115%,26.3,45.2,0.0,0.0,3.9,24.6,Z2,VO2max development (Helgerud 2007 / Seiler 2013),vo2-max-3x3.zwo
9,HIGH ✓✓,Deathgasm,derek-rushs-pain-cave-challenge,99.2,117.5,0.843,VO2max — Rønnestad micro-intervals (30s/20s × 10),38.5,12.1,0.0,0.0,0.0,49.4,Z6,"High W' accumulation, low fatigue (Rønnestad 2020)",deathgasm.zwo
9,HIGH ✓✓,Vo2 Progression #9,paul-mack,91.8,81.9,0.732,VO2max — Rønnestad micro-intervals (20s/20s × 10),43.0,16.3,0.0,28.9,0.0,11.8,Z1,"High W' accumulation, low fatigue (Rønnestad 2020)",vo2-progression-vo2-progression-9.zwo
9,HIGH ✓✓,OneLove - Mixer1,franklin-bespoke,90.0,104.3,0.834,VO2max — Rønnestad micro-intervals (40s/20s × 10),0.0,34.1,24.4,26.7,0.0,14.8,Z2,"High W' accumulation, low fatigue (Rønnestad 2020)",onelove-onelove-mixer1.zwo
9,HIGH ✓✓,Vo2 Progression #2,paul-mack,89.8,77.1,0.718,VO2max — Rønnestad micro-intervals (20s/20s × 10),44.5,16.7,0.0,29.5,0.0,9.3,Z1,"High W' accumulation, low fatigue (Rønnestad 2020)",vo2-progression-vo2-progression-2.zwo
9,HIGH ✓✓,Day 3,10-12wk-ftp-builder,85.0,54.3,0.619,Endurance,11.8,88.2,0.0,0.0,0.0,0.0,Z2,100% in Z1/Z2,week-10-day-3.zwo
9,HIGH ✓✓,Day 1,10-12wk-ftp-builder,85.0,51.2,0.601,Endurance,23.5,76.5,0.0,0.0,0.0,0.0,Z2,100% in Z1/Z2,week-11-day-1.zwo
9,HIGH ✓✓,Day 1,10-12wk-ftp-builder,85.0,51.2,0.601,Endurance,23.5,76.5,0.0,0.0,0.0,0.0,Z2,100% in Z1/Z2,week-9-day-1.zwo
9,HIGH ✓✓,Day 3,10-12wk-ftp-builder,85.0,51.2,0.601,Endurance,23.5,76.5,0.0,0.0,0.0,0.0,Z2,100% in Z1/Z2,week-9-day-3.zwo
9,HIGH ✓✓,VO2max 1,federico-bassis,80.6,74.9,0.747,VO2max — Rønnestad micro-intervals (40s/20s × 8),59.0,6.2,0.0,0.0,0.0,34.7,Z1,"High W' accumulation, low fatigue (Rønnestad 2020)",vo2max-1.zwo
9,HIGH ✓✓,Day 1,10-12wk-ftp-builder,80.0,48.5,0.603,Endurance,25.0,75.0,0.0,0.0,0.0,0.0,Z2,100% in Z1/Z2,week-7-day-1.zwo
9,HIGH ✓✓,Regeneration standard 80min,recreation-and-foundation,80.0,37.0,0.527,Endurance,87.8,6.2,3.1,1.2,0.0,1.6,Z1,94% in Z1/Z2,regeneration-standard-80min.zwo
9,HIGH ✓✓,Day 5 - Endurance,active-offseason,75.0,51.8,0.644,Endurance,40.0,60.0,0.0,0.0,0.0,0.0,Z2,100% in Z1/Z2,week-12-day-5-endurance.zwo
9,HIGH ✓✓,Free Ride,gravel-grinder,75.0,33.8,0.52,Endurance,73.3,26.7,0.0,0.0,0.0,0.0,Z1,100% in Z1/Z2,week-8-free-ride.zwo
9,HIGH ✓✓,Day 9,vo2max-booster-program,75.0,27.4,0.468,Endurance,100.0,0.0,0.0,0.0,0.0,0.0,Z1,100% in Z1/Z2,week-2-day-9.zwo
9,HIGH ✓✓,ZADA Power Test,60-90-minutes-to-burn-legacy,72.0,28.5,0.487,Endurance,100.0,0.0,0.0,0.0,0.0,0.0,Z1,100% in Z1/Z2,zada-power-test-zada-power-test.zwo
9,HIGH ✓✓,Day 3 - Foundation,ftp-builder,71.0,52.3,0.665,Endurance,21.1,78.9,0.0,0.0,0.0,0.0,Z2,100% in Z1/Z2,week-4-day-3-foundation.zwo
9,HIGH ✓✓,Day 3 - Foundation,ftp-builder,71.0,52.3,0.665,Endurance,21.1,78.9,0.0,0.0,0.0,0.0,Z2,100% in Z1/Z2,week-5-day-3-foundation.zwo
9,HIGH ✓✓,Day 3 - Foundation,ftp-builder,71.0,52.3,0.665,Endurance,21.1,78.9,0.0,0.0,0.0,0.0,Z2,100% in Z1/Z2,week-6-day-3-foundation.zwo
9,HIGH ✓✓,2. Wednesday - T: 3x12 @65-75 RPM,gc-coaching-virtual-group-training-phase-1,71.0,55.2,0.683,Endurance,33.1,59.2,2.8,2.8,0.0,2.1,Z2,92% in Z1/Z2,week-2-2-wednesday-t-3x12-65-75-rpm.zwo
9,HIGH ✓✓,2. Wednesday - T: 2x20 @65-75 RPM,gc-coaching-virtual-group-training-phase-1,70.0,56.5,0.696,Endurance,26.4,65.7,2.9,2.9,0.0,2.1,Z2,92% in Z1/Z2,week-3-2-wednesday-t-2x20-65-75-rpm.zwo
9,HIGH ✓✓,#10-DPC Leg Speed Set 3,zf18-direct-power-coaching-phase-1,70.0,35.9,0.555,Endurance,35.7,64.3,0.0,0.0,0.0,0.0,Z2,100% in Z1/Z2,week-4-10-dpc-leg-speed-set-3.zwo
9,HIGH ✓✓,Day 2 - Anaerobic Intensive,2018-prl100-prep,69.0,37.5,0.571,Endurance,78.3,14.5,2.9,0.0,0.0,4.3,Z1,93% in Z1/Z2,week-14-day-2-anaerobic-intensive.zwo
9,HIGH ✓✓,VO2 Development,best-of-coop-academy,69.0,60.8,0.727,VO2max — Rønnestad micro-intervals (40s/20s × 8),55.1,17.4,0.0,4.3,0.0,23.2,Z1,"High W' accumulation, low fatigue (Rønnestad 2020)",za-2020-vo2-development.zwo
9,HIGH ✓✓,Day 2 - Strength,ftp-builder,69.0,41.3,0.599,Endurance,76.1,15.9,4.3,0.0,0.0,3.6,Z1,92% in Z1/Z2,week-3-day-2-strength.zwo
9,HIGH ✓✓,7. VO2 Development,talent-pipeline-2020,69.0,60.8,0.727,VO2max — Rønnestad micro-intervals (40s/20s × 8),55.1,17.4,0.0,4.3,0.0,23.2,Z1,"High W' accumulation, low fatigue (Rønnestad 2020)",7-vo2-development.zwo
9,HIGH ✓✓,HIIT30/15 for Allrounder Profile,individual-power-profile-dependent-workouts,67.0,72.9,0.808,VO2max — Rønnestad micro-intervals (30s/15s × 13),59.0,0.0,0.0,0.0,2.2,38.8,Z1,"High W' accumulation, low fatigue (Rønnestad 2020)",allrounder-hiit3015-for-allrounder-profile.zwo
9,HIGH ✓✓,HIIT30/15 for Puncheur Profile,individual-power-profile-dependent-workouts,67.0,74.9,0.819,VO2max — Rønnestad micro-intervals (30s/15s × 13),59.0,0.0,0.0,0.0,2.2,38.8,Z1,"High W' accumulation, low fatigue (Rønnestad 2020)",puncheur-hiit3015-for-puncheur-profile.zwo
9,HIGH ✓✓,HIIT30/15 for Time Trial Power Profile,individual-power-profile-dependent-workouts,67.0,70.0,0.792,VO2max — Rønnestad micro-intervals (30s/15s × 13),59.0,0.0,0.0,0.0,2.2,38.8,Z1,"High W' accumulation, low fatigue (Rønnestad 2020)",time-trialist-hiit3015-for-time-trial-power-profile.zwo
9,HIGH ✓✓,1. Coop Academy FTP Test,pro-development-2017,67.0,36.4,0.571,Endurance,75.4,22.4,0.0,0.0,0.0,2.2,Z1,98% in Z1/Z2,month-1-1-coop-academy-ftp-test.zwo
9,HIGH ✓✓,Day 1 - Foundation,ftp-builder,66.0,50.1,0.675,Endurance,15.2,84.8,0.0,0.0,0.0,0.0,Z2,100% in Z1/Z2,week-4-day-1-foundation.zwo
9,HIGH ✓✓,Day 3,10-12wk-ftp-builder,65.0,44.5,0.641,Endurance,33.8,66.2,0.0,0.0,0.0,0.0,Z2,100% in Z1/Z2,week-2-skip-if-you-are-in-shape-day-3.zwo
9,HIGH ✓✓,Day 1,10-12wk-ftp-builder,65.0,39.5,0.604,Endurance,23.1,76.9,0.0,0.0,0.0,0.0,Z2,100% in Z1/Z2,week-6-day-1.zwo
9,HIGH ✓✓,Aerobic Low,chris-ohearn,65.0,31.0,0.535,Endurance,76.9,23.1,0.0,0.0,0.0,0.0,Z1,100% in Z1/Z2,aerobic-low.zwo
9,HIGH ✓✓,ODChickenCyclingers - Z2-60 mix,twelve-week-ftp-challenge,65.0,45.2,0.646,Endurance,12.3,86.2,0.0,0.0,0.0,1.5,Z2,98% in Z1/Z2,endurance-community-z2-60-mix.zwo
9,HIGH ✓✓,Day 3,10-12wk-ftp-builder,64.0,46.6,0.661,Endurance,25.0,75.0,0.0,0.0,0.0,0.0,Z2,100% in Z1/Z2,week-3-day-3.zwo
9,HIGH ✓✓,Day 1,10-12wk-ftp-builder,64.0,44.1,0.643,Endurance,43.8,56.2,0.0,0.0,0.0,0.0,Z2,100% in Z1/Z2,week-4-day-1.zwo
9,HIGH ✓✓,Day 3,10-12wk-ftp-builder,64.0,46.6,0.661,Endurance,25.0,75.0,0.0,0.0,0.0,0.0,Z2,100% in Z1/Z2,week-4-day-3.zwo
9,HIGH ✓✓,ODChickenCyclingers - 30/15's,twelve-week-ftp-challenge,63.5,47.5,0.67,VO2max — Rønnestad micro-intervals (30s/15s × 10),54.3,13.0,0.0,0.0,0.0,32.7,Z1,"High W' accumulation, low fatigue (Rønnestad 2020)",vo2-max-community-3015s.zwo
9,HIGH ✓✓,Day 5 - Power max,2018-prl100-prep,63.0,31.1,0.544,Endurance,74.6,22.2,3.2,0.0,0.0,0.0,Z1,97% in Z1/Z2,week-11-day-5-power-max.zwo
9,HIGH ✓✓,Day 5 - Power max,2018-prl100-prep,63.0,31.1,0.544,Endurance,74.6,22.2,3.2,0.0,0.0,0.0,Z1,97% in Z1/Z2,week-12-day-5-power-max.zwo
9,HIGH ✓✓,Day 4 - Power max,2018-prl100-prep,63.0,31.1,0.544,Endurance,74.6,22.2,3.2,0.0,0.0,0.0,Z1,97% in Z1/Z2,week-13-day-4-power-max.zwo
9,HIGH ✓✓,Day 5 - Power max,2018-prl100-prep,63.0,31.1,0.544,Endurance,74.6,22.2,3.2,0.0,0.0,0.0,Z1,97% in Z1/Z2,week-16-day-5-power-max.zwo
9,HIGH ✓✓,Day 5 - Power max,2018-prl100-prep,63.0,31.1,0.544,Endurance,74.6,22.2,3.2,0.0,0.0,0.0,Z1,97% in Z1/Z2,week-7-day-5-power-max.zwo
9,HIGH ✓✓,Day 5 - Power max,2018-prl100-prep,63.0,31.1,0.544,Endurance,74.6,22.2,3.2,0.0,0.0,0.0,Z1,97% in Z1/Z2,week-8-day-5-power-max.zwo
9,HIGH ✓✓,Day 5 - Power max,2018-prl100-prep,63.0,31.1,0.544,Endurance,74.6,22.2,3.2,0.0,0.0,0.0,Z1,97% in Z1/Z2,week-9-day-5-power-max.zwo
9,HIGH ✓✓,Day 6 - Power max,2018-prl46-prep,63.0,31.1,0.544,Endurance,74.6,22.2,3.2,0.0,0.0,0.0,Z1,97% in Z1/Z2,week-11-day-6-power-max.zwo
9,HIGH ✓✓,Day 5 - Power max,2018-prl46-prep,63.0,31.1,0.544,Endurance,74.6,22.2,3.2,0.0,0.0,0.0,Z1,97% in Z1/Z2,week-12-day-5-power-max.zwo
9,HIGH ✓✓,Day 5 - Power max,2018-prl46-prep,63.0,31.1,0.544,Endurance,74.6,22.2,3.2,0.0,0.0,0.0,Z1,97% in Z1/Z2,week-2-day-5-power-max.zwo
9,HIGH ✓✓,2. Takin' It Easy,z-racing,63.0,46.2,0.663,Endurance,7.9,92.1,0.0,0.0,0.0,0.0,Z2,100% in Z1/Z2,week-2-2-takin-it-easy.zwo
9,HIGH ✓✓,#37 Strength Reps Set 4,zf19-spokes-personal-coaching-stage-4,63.0,37.7,0.599,Endurance,57.1,23.8,14.3,4.8,0.0,0.0,Z1,81% in Z1/Z2,37-strength-reps-set-4.zwo
9,HIGH ✓✓,2. Takin' It Easy,competitive-race-prep,63.0,46.2,0.663,Endurance,7.9,92.1,0.0,0.0,0.0,0.0,Z2,100% in Z1/Z2,week-2-2-takin-it-easy.zwo
9,HIGH ✓✓,Aktivitus Power & Endurance 3,aktivitus-14wk-power-endurance,61.2,63.1,0.786,VO2max — Rønnestad micro-intervals (30s/15s × 13),23.7,21.6,21.2,16.3,4.9,12.2,Z1,"High W' accumulation, low fatigue (Rønnestad 2020)",aktivitus-power-endurance-3.zwo
9,HIGH ✓✓,Day 5,10-12wk-ftp-builder,61.0,30.2,0.545,Endurance,65.6,34.4,0.0,0.0,0.0,0.0,Z1,100% in Z1/Z2,week-7-day-5.zwo
9,HIGH ✓✓,Aktivitus Power & Endurance 1,aktivitus-14wk-power-endurance,60.8,62.3,0.784,VO2max — Rønnestad micro-intervals (30s/15s × 13),19.9,26.7,21.4,16.4,4.9,10.7,Z2,"High W' accumulation, low fatigue (Rønnestad 2020)",aktivitus-power-endurance-1.zwo
9,HIGH ✓✓,Aktivitus Power & Endurance 4,aktivitus-14wk-power-endurance,60.6,62.7,0.788,VO2max — Rønnestad micro-intervals (30s/15s × 13),23.1,21.9,13.2,24.8,0.0,17.1,Z4,"High W' accumulation, low fatigue (Rønnestad 2020)",aktivitus-power-endurance-4.zwo
9,HIGH ✓✓,Day 3 - Over-Gear,active-offseason,60.1,44.5,0.666,Endurance,33.3,63.2,0.0,0.0,0.0,3.5,Z2,96% in Z1/Z2,week-2-day-3-over-gear.zwo
9,HIGH ✓✓,Day 3,10-12wk-ftp-builder,60.0,38.4,0.62,Endurance,41.7,58.3,0.0,0.0,0.0,0.0,Z2,100% in Z1/Z2,week-1-skip-if-you-are-in-shape-day-3.zwo
9,HIGH ✓✓,Day 1,10-12wk-ftp-builder,60.0,37.6,0.613,Endurance,8.3,91.7,0.0,0.0,0.0,0.0,Z2,100% in Z1/Z2,week-12-day-1.zwo
9,HIGH ✓✓,Day 3,10-12wk-ftp-builder,60.0,36.6,0.605,Endurance,20.0,80.0,0.0,0.0,0.0,0.0,Z2,100% in Z1/Z2,week-12-day-3.zwo
9,HIGH ✓✓,Day 1,10-12wk-ftp-builder,60.0,37.6,0.613,Endurance,16.7,83.3,0.0,0.0,0.0,0.0,Z2,100% in Z1/Z2,week-5-day-1.zwo
9,HIGH ✓✓,Day 3,10-12wk-ftp-builder,60.0,39.1,0.625,Endurance,8.3,91.7,0.0,0.0,0.0,0.0,Z2,100% in Z1/Z2,week-5-day-3.zwo
9,HIGH ✓✓,Day 5,10-12wk-ftp-builder,60.0,31.6,0.562,Endurance,50.0,50.0,0.0,0.0,0.0,0.0,Z1,100% in Z1/Z2,week-6-day-5.zwo
9,HIGH ✓✓,Day 1,10-12wk-ftp-builder,60.0,37.6,0.613,Endurance,8.3,91.7,0.0,0.0,0.0,0.0,Z2,100% in Z1/Z2,week-8-day-1.zwo
9,HIGH ✓✓,Day 3,10-12wk-ftp-builder,60.0,36.6,0.605,Endurance,20.0,80.0,0.0,0.0,0.0,0.0,Z2,100% in Z1/Z2,week-8-day-3.zwo
9,HIGH ✓✓,Get It Done,2020-rapha-festive-500,60.0,43.0,0.656,Endurance,26.7,53.3,20.0,0.0,0.0,0.0,Z2,80% in Z1/Z2,get-it-done.zwo
9,HIGH ✓✓,Baffling Beau,60-90-minutes-to-burn,60.0,54.3,0.737,VO2max — Rønnestad micro-intervals (40s/20s × 10),55.8,16.7,0.0,0.8,0.8,25.8,Z1,"High W' accumulation, low fatigue (Rønnestad 2020)",baffling-beau.zwo
9,HIGH ✓✓,Endurance Ride 1 hour,ai-endurance,60.0,51.6,0.718,Endurance,0.0,100.0,0.0,0.0,0.0,0.0,Z2,100% in Z1/Z2,bike-endurance-ride-1-hour.zwo
9,HIGH ✓✓,Short VO2 Intervals,best-of-coop-academy,60.0,48.0,0.693,VO2max — Rønnestad micro-intervals (40s/20s × 10),69.7,0.0,0.0,0.0,1.9,28.3,Z1,"High W' accumulation, low fatigue (Rønnestad 2020)",za-2021-short-vo2-intervals.zwo
9,HIGH ✓✓,Baffling Beau,build-me-up,60.0,54.3,0.737,VO2max — Rønnestad micro-intervals (40s/20s × 10),55.8,16.7,0.0,0.8,0.8,25.8,Z1,"High W' accumulation, low fatigue (Rønnestad 2020)",week-10-baffling-beau.zwo
9,HIGH ✓✓,Day 2 - Cadence Change Efforts,crit-crusher,60.0,36.0,0.6,Endurance,33.3,66.7,0.0,0.0,0.0,0.0,Z2,100% in Z1/Z2,week-5-day-2-cadence-change-efforts.zwo
9,HIGH ✓✓,Get It Done,endurance,60.0,43.0,0.656,Endurance,26.7,53.3,20.0,0.0,0.0,0.0,Z2,80% in Z1/Z2,get-it-done.zwo
9,HIGH ✓✓,FRNKLN - January 12,franklin-bespoke,60.0,56.2,0.75,VO2max — Rønnestad micro-intervals (40s/20s × 12),28.3,37.2,0.0,1.7,0.0,32.8,Z2,"High W' accumulation, low fatigue (Rønnestad 2020)",getting-fit-in-january-frnkln-january-12.zwo
9,HIGH ✓✓,FRNKLN - January 18,franklin-bespoke,60.0,57.9,0.761,VO2max — Rønnestad micro-intervals (40s/20s × 12),35.0,28.3,0.0,0.0,0.0,36.7,Z6,"High W' accumulation, low fatigue (Rønnestad 2020)",getting-fit-in-january-frnkln-january-18.zwo
9,HIGH ✓✓,FRNKLN - January 28,franklin-bespoke,60.0,53.9,0.734,VO2max — Rønnestad micro-intervals (40s/20s × 8),21.7,63.3,3.3,0.0,2.8,8.9,Z2,"High W' accumulation, low fatigue (Rønnestad 2020)",getting-fit-in-january-frnkln-january-28.zwo
9,HIGH ✓✓,WKG - W2W2,franklin-bespoke,60.0,48.7,0.698,Endurance,23.3,71.7,0.0,0.0,0.0,5.0,Z2,95% in Z1/Z2,teamwkg-wkg-w2w2.zwo
9,HIGH ✓✓,Time To Get Dirty!,garmin-unbound-gravel-training-plan,60.0,44.0,0.663,Endurance,13.3,76.7,8.3,1.7,0.0,0.0,Z2,90% in Z1/Z2,week-1-time-to-get-dirty.zwo
9,HIGH ✓✓,The Baffling Beau,gc-coaching,60.0,54.0,0.735,VO2max — Rønnestad micro-intervals (40s/20s × 10),72.5,0.0,0.0,0.0,0.0,27.5,Z1,"High W' accumulation, low fatigue (Rønnestad 2020)",anaerobic-the-baffling-beau.zwo
9,HIGH ✓✓,Free Ride,gravel-grinder,60.0,25.8,0.508,Endurance,100.0,0.0,0.0,0.0,0.0,0.0,Z1,100% in Z1/Z2,week-4-free-ride.zwo
9,HIGH ✓✓,The Famous 40/20's,one-of-a-kind,60.0,56.2,0.75,VO2max — Rønnestad micro-intervals (40s/20s × 12),50.0,16.7,0.0,0.0,0.0,33.3,Z1,"High W' accumulation, low fatigue (Rønnestad 2020)",the-famous-4020s.zwo
9,HIGH ✓✓,Enforced Recovery,paul-mack,60.0,31.8,0.564,Endurance,94.2,0.8,3.1,0.8,0.0,1.1,Z1,95% in Z1/Z2,other-enforced-recovery.zwo
9,HIGH ✓✓,Zone 2 #1,recovery,60.0,44.0,0.663,Endurance,13.3,76.7,8.3,1.7,0.0,0.0,Z2,90% in Z1/Z2,zone-2-1.zwo
9,HIGH ✓✓,4. Zone 2 #1,singletrack-slayer,60.0,44.0,0.663,Endurance,13.3,76.7,8.3,1.7,0.0,0.0,Z2,90% in Z1/Z2,week-2-4-zone-2-1.zwo
9,HIGH ✓✓,1. Zone 2 #1,singletrack-slayer,60.0,44.0,0.663,Endurance,13.3,76.7,8.3,1.7,0.0,0.0,Z2,90% in Z1/Z2,week-4-1-zone-2-1.zwo
9,HIGH ✓✓,7. Micro-VO2,singletrack-slayer,60.0,55.8,0.747,VO2max — Rønnestad micro-intervals (30s/15s × 8),50.0,13.3,0.0,16.7,0.0,20.0,Z1,"High W' accumulation, low fatigue (Rønnestad 2020)",week-4-7-micro-vo2.zwo
9,HIGH ✓✓,2. Zone 2 #1,singletrack-slayer,60.0,44.0,0.663,Endurance,13.3,76.7,8.3,1.7,0.0,0.0,Z2,90% in Z1/Z2,week-6-2-zone-2-1.zwo
9,HIGH ✓✓,2. Zone 2 #1,singletrack-slayer,60.0,44.0,0.663,Endurance,13.3,76.7,8.3,1.7,0.0,0.0,Z2,90% in Z1/Z2,week-8-2-zone-2-1.zwo
9,HIGH ✓✓,7. Zone 2 #1,singletrack-slayer,60.0,44.0,0.663,Endurance,13.3,76.7,8.3,1.7,0.0,0.0,Z2,90% in Z1/Z2,week-9-7-zone-2-1.zwo
9,HIGH ✓✓,Leg Speed Set 1,teamzf-direct-power-coaching-climbing-mission,60.0,27.6,0.525,Endurance,58.3,41.7,0.0,0.0,0.0,0.0,Z1,100% in Z1/Z2,leg-speed-set-1.zwo
9,HIGH ✓✓,40/20's FTP Booster,tri247com-pro-workouts,60.0,57.0,0.755,VO2max — Rønnestad micro-intervals (40s/20s × 10),41.8,25.0,0.0,0.0,0.0,33.2,Z1,"High W' accumulation, low fatigue (Rønnestad 2020)",4020s-ftp-booster.zwo
9,HIGH ✓✓,Espresso Coaching 2:1,tri247com-pro-workouts,60.0,53.1,0.729,VO2max — Rønnestad micro-intervals (40s/20s × 10),51.9,13.3,0.0,0.0,1.1,33.6,Z1,"High W' accumulation, low fatigue (Rønnestad 2020)",espresso-coaching-21.zwo
9,HIGH ✓✓,IronTarsh - Stomp The Pedal!,tri247com-pro-workouts,60.0,60.5,0.778,VO2max — Rønnestad micro-intervals (40s/20s × 10),22.5,31.7,16.7,16.7,0.0,12.5,Z2,"High W' accumulation, low fatigue (Rønnestad 2020)",irontarsh-stomp-the-pedal.zwo
9,HIGH ✓✓,Nikki Bartlett's Tough 10's,tri247com-pro-workouts,60.0,59.3,0.77,VO2max — Rønnestad micro-intervals (20s/10s × 20),30.6,33.3,0.0,0.0,0.0,36.1,Z6,"High W' accumulation, low fatigue (Rønnestad 2020)",nikki-bartletts-tough-10s.zwo
9,HIGH ✓✓,Simon George - The Giant,tri247com-pro-workouts,60.0,62.9,0.793,VO2max — Rønnestad micro-intervals (30s/15s × 10),26.1,30.8,0.0,16.7,0.0,26.4,Z2,"High W' accumulation, low fatigue (Rønnestad 2020)",simon-george-the-giant.zwo
9,HIGH ✓✓,Day 2,your-first-century,60.0,36.0,0.6,Endurance,33.3,66.7,0.0,0.0,0.0,0.0,Z2,100% in Z1/Z2,week-10-day-2.zwo
9,HIGH ✓✓,Day 3,your-first-century,60.0,36.0,0.6,Endurance,33.3,66.7,0.0,0.0,0.0,0.0,Z2,100% in Z1/Z2,week-10-day-3.zwo
9,HIGH ✓✓,Day 2,your-first-century,60.0,44.5,0.667,Endurance,33.3,66.7,0.0,0.0,0.0,0.0,Z2,100% in Z1/Z2,week-6-day-2.zwo
9,HIGH ✓✓,Day 4,your-first-century,60.0,44.5,0.667,Endurance,33.3,66.7,0.0,0.0,0.0,0.0,Z2,100% in Z1/Z2,week-6-day-4.zwo
9,HIGH ✓✓,2. Easy Progress,z-racing,60.0,42.3,0.65,Endurance,16.7,83.3,0.0,0.0,0.0,0.0,Z2,100% in Z1/Z2,week-3-2-easy-progress.zwo
9,HIGH ✓✓,2. Easy Big Gear,z-racing,60.0,43.3,0.658,Endurance,16.7,83.3,0.0,0.0,0.0,0.0,Z2,100% in Z1/Z2,week-4-2-easy-big-gear.zwo
9,HIGH ✓✓,#03-DPC Z2+Leg Speed Session 1,zf18-direct-power-coaching-phase-1,60.0,39.1,0.625,Endurance,33.3,66.7,0.0,0.0,0.0,0.0,Z2,100% in Z1/Z2,week-1-03-dpc-z2-plusleg-speed-session-1.zwo
9,HIGH ✓✓,#04-DPC Leg Speed Set 1,zf18-direct-power-coaching-phase-1,60.0,28.2,0.531,Endurance,58.3,41.7,0.0,0.0,0.0,0.0,Z1,100% in Z1/Z2,week-2-04-dpc-leg-speed-set-1.zwo
9,HIGH ✓✓,#15-DPC FTP Test,zf18-direct-power-coaching-phase-1,60.0,19.5,0.442,Endurance,100.0,0.0,0.0,0.0,0.0,0.0,Z1,100% in Z1/Z2,week-5-15-dpc-ftp-test.zwo
9,HIGH ✓✓,2. Easy Progress,competitive-race-prep,60.0,42.3,0.65,Endurance,16.7,83.3,0.0,0.0,0.0,0.0,Z2,100% in Z1/Z2,week-3-2-easy-progress.zwo
9,HIGH ✓✓,2. Easy Big Gear,competitive-race-prep,60.0,43.3,0.658,Endurance,16.7,83.3,0.0,0.0,0.0,0.0,Z2,100% in Z1/Z2,week-4-2-easy-big-gear.zwo
9,HIGH ✓✓,1. Supra-Threshold Into VO2,singletrack-slayer,59.5,52.4,0.727,VO2max — Rønnestad micro-intervals (30s/15s × 10),49.6,3.4,8.4,20.2,1.7,16.8,Z1,"High W' accumulation, low fatigue (Rønnestad 2020)",week-10-1-supra-threshold-into-vo2.zwo
9,HIGH ✓✓,1. 30/15's with Threshold,pro-development-2018,59.5,67.2,0.823,VO2max — Rønnestad micro-intervals (30s/15s × 10),20.2,35.3,0.0,4.2,15.1,25.2,Z2,"High W' accumulation, low fatigue (Rønnestad 2020)",semi-finals-1-3015s-with-threshold.zwo
9,HIGH ✓✓,Aktivitus Power & Endurance 2,aktivitus-14wk-power-endurance,59.2,63.7,0.803,VO2max — Rønnestad micro-intervals (30s/15s × 13),16.9,27.4,13.5,25.3,5.1,11.8,Z2,"High W' accumulation, low fatigue (Rønnestad 2020)",aktivitus-power-endurance-2.zwo
9,HIGH ✓✓,Aktivitus Power & Endurance 6,aktivitus-14wk-power-endurance,58.8,62.0,0.796,VO2max — Rønnestad micro-intervals (30s/15s × 14),28.1,28.5,1.7,0.0,18.7,23.0,Z2,"High W' accumulation, low fatigue (Rønnestad 2020)",aktivitus-power-endurance-6.zwo
9,HIGH ✓✓,Day 2 - Strength,ftp-builder,58.2,34.8,0.599,Endurance,74.2,17.2,4.9,0.0,0.0,3.7,Z1,91% in Z1/Z2,week-2-day-2-strength.zwo
9,HIGH ✓✓,Day 2,10-12wk-ftp-builder,58.0,38.4,0.63,Endurance,40.2,56.9,0.0,0.0,0.0,2.9,Z2,97% in Z1/Z2,week-1-skip-if-you-are-in-shape-day-2.zwo
9,HIGH ✓✓,Day 3 - Foundation,ftp-builder,58.0,41.5,0.655,Endurance,27.6,72.4,0.0,0.0,0.0,0.0,Z2,100% in Z1/Z2,week-2-day-3-foundation.zwo
9,HIGH ✓✓,Kansas Cadence Work,garmin-unbound-gravel-training-plan,58.0,43.0,0.667,Endurance,13.8,86.2,0.0,0.0,0.0,0.0,Z2,100% in Z1/Z2,week-1-kansas-cadence-work.zwo
9,HIGH ✓✓,Grit Cruiser,garmin-unbound-gravel-training-plan,58.0,42.0,0.659,Endurance,13.8,86.2,0.0,0.0,0.0,0.0,Z2,100% in Z1/Z2,week-4-grit-cruiser.zwo
9,HIGH ✓✓,Day 1,10-12wk-ftp-builder,55.0,37.2,0.637,Endurance,45.5,54.5,0.0,0.0,0.0,0.0,Z2,100% in Z1/Z2,week-2-skip-if-you-are-in-shape-day-1.zwo
9,HIGH ✓✓,Day 1,10-12wk-ftp-builder,55.0,39.4,0.656,Endurance,34.5,65.5,0.0,0.0,0.0,0.0,Z2,100% in Z1/Z2,week-3-day-1.zwo
9,HIGH ✓✓,FRNKLN - January 6,franklin-bespoke,55.0,50.9,0.745,VO2max — Rønnestad micro-intervals (40s/20s × 8),16.4,60.0,0.0,0.0,0.6,23.0,Z2,"High W' accumulation, low fatigue (Rønnestad 2020)",getting-fit-in-january-frnkln-january-6.zwo
9,HIGH ✓✓,Lionel Sanders' Yellow Day Workout,recovery,55.0,37.1,0.636,Endurance,45.5,54.5,0.0,0.0,0.0,0.0,Z2,100% in Z1/Z2,lionel-sanders-yellow-day-workout.zwo
9,HIGH ✓✓,Leg Speed Set 2,teamzf-direct-power-coaching-climbing-mission,55.0,28.2,0.555,Endurance,45.5,54.5,0.0,0.0,0.0,0.0,Z2,100% in Z1/Z2,leg-speed-set-2.zwo
9,HIGH ✓✓,Lionel Sanders' Yellow Day Bike Workout,whoop-workout-series,55.0,37.1,0.636,Endurance,45.5,54.5,0.0,0.0,0.0,0.0,Z2,100% in Z1/Z2,yellow-day-lionel-sanders-yellow-day-bike-workout.zwo
9,HIGH ✓✓,#07-DPC Leg Speed Set 2,zf18-direct-power-coaching-phase-1,55.0,27.0,0.543,Endurance,45.5,54.5,0.0,0.0,0.0,0.0,Z2,100% in Z1/Z2,week-3-07-dpc-leg-speed-set-2.zwo
9,HIGH ✓✓,#09-DPC Zone 2 Ride + Leg Speed Session 3,zf18-direct-power-coaching-phase-1,55.0,31.5,0.586,Endurance,45.5,54.5,0.0,0.0,0.0,0.0,Z2,100% in Z1/Z2,week-3-09-dpc-zone-2-ride-plus-leg-speed-session-3.zwo
9,HIGH ✓✓,Day 2 - Strength,ftp-builder,54.2,30.4,0.58,Endurance,84.0,7.4,5.5,0.0,0.0,3.1,Z1,91% in Z1/Z2,week-1-day-2-strength.zwo
9,HIGH ✓✓,Day 5,10-12wk-ftp-builder,54.0,27.2,0.55,Endurance,55.6,44.4,0.0,0.0,0.0,0.0,Z1,100% in Z1/Z2,week-9-day-5.zwo
9,HIGH ✓✓,Day 1 - Foundation,ftp-builder,54.0,39.4,0.662,Endurance,18.5,81.5,0.0,0.0,0.0,0.0,Z2,100% in Z1/Z2,week-3-day-1-foundation.zwo
9,HIGH ✓✓,Day 3 - Foundation,ftp-builder,54.0,39.4,0.662,Endurance,18.5,81.5,0.0,0.0,0.0,0.0,Z2,100% in Z1/Z2,week-3-day-3-foundation.zwo
9,HIGH ✓✓,3/1 Cadence Bursts,gravel-grinder,54.0,39.6,0.663,Endurance,18.5,70.4,7.4,3.7,0.0,0.0,Z2,89% in Z1/Z2,week-7-31-cadence-bursts.zwo
9,HIGH ✓✓,3/1 Cadence Bursts,gravel-grinder,54.0,39.6,0.663,Endurance,18.5,70.4,7.4,3.7,0.0,0.0,Z2,89% in Z1/Z2,week-9-31-cadence-bursts.zwo
9,HIGH ✓✓,Elite Racing Verification Test,ftp-tests,53.5,21.8,0.495,Endurance,81.3,18.7,0.0,0.0,0.0,0.0,Z1,100% in Z1/Z2,elite-racing-verification-test.zwo
9,HIGH ✓✓,Day 1 - Foundation,ftp-builder,53.0,37.0,0.647,Endurance,24.5,75.5,0.0,0.0,0.0,0.0,Z2,100% in Z1/Z2,week-2-day-1-foundation.zwo
9,HIGH ✓✓,SZRGWO 05.2,mattias-thyr-unstructured-workouts,53.0,60.1,0.825,VO2max — Rønnestad micro-intervals (40s/20s × 7),38.4,0.0,1.9,21.7,0.0,38.1,Z1,"High W' accumulation, low fatigue (Rønnestad 2020)",szrgwo-052.zwo
9,HIGH ✓✓,Critical Power Test,best-of-coop-academy,52.0,31.5,0.603,Endurance,30.8,67.3,0.0,0.0,0.0,1.9,Z2,98% in Z1/Z2,za-2017-critical-power-test.zwo
9,HIGH ✓✓,8. Critical Power Test,pro-development-2017,52.0,31.5,0.603,Endurance,30.8,67.3,0.0,0.0,0.0,1.9,Z2,98% in Z1/Z2,month-1-8-critical-power-test.zwo
9,HIGH ✓✓,Happy Trails,garmin-unbound-gravel-training-plan,51.0,33.1,0.624,Endurance,5.9,94.1,0.0,0.0,0.0,0.0,Z2,100% in Z1/Z2,week-4-happy-trails.zwo
9,HIGH ✓✓,2. Fast and Easy,z-racing,51.0,34.2,0.634,Endurance,0.0,100.0,0.0,0.0,0.0,0.0,Z2,100% in Z1/Z2,week-1-2-fast-and-easy.zwo
9,HIGH ✓✓,2. Fast and Easy,competitive-race-prep,51.0,34.2,0.634,Endurance,0.0,100.0,0.0,0.0,0.0,0.0,Z2,100% in Z1/Z2,week-1-2-fast-and-easy.zwo
9,HIGH ✓✓,Day 1,10-12wk-ftp-builder,50.0,31.2,0.612,Endurance,60.0,40.0,0.0,0.0,0.0,0.0,Z1,100% in Z1/Z2,week-1-skip-if-you-are-in-shape-day-1.zwo
9,HIGH ✓✓,Day 4 - Endurance /Free Ride,2018-prl46-prep,50.0,20.8,0.5,Endurance,100.0,0.0,0.0,0.0,0.0,0.0,Z1,100% in Z1/Z2,week-10-day-4-endurance-free-ride.zwo
9,HIGH ✓✓,Day 5 - Endurance/Free Ride,2018-prl46-prep,50.0,20.8,0.5,Endurance,100.0,0.0,0.0,0.0,0.0,0.0,Z1,100% in Z1/Z2,week-11-day-5-endurancefree-ride.zwo
9,HIGH ✓✓,Day 1 - Endurance /Free Ride,2018-prl46-prep,50.0,20.8,0.5,Endurance,100.0,0.0,0.0,0.0,0.0,0.0,Z1,100% in Z1/Z2,week-3-day-1-endurance-free-ride.zwo
9,HIGH ✓✓,Day 1 - Endurance /Free Ride,2018-prl46-prep,50.0,20.8,0.5,Endurance,100.0,0.0,0.0,0.0,0.0,0.0,Z1,100% in Z1/Z2,week-4-day-1-endurance-free-ride.zwo
9,HIGH ✓✓,Day 1 - Endurance /Free Ride,2018-prl46-prep,50.0,20.8,0.5,Endurance,100.0,0.0,0.0,0.0,0.0,0.0,Z1,100% in Z1/Z2,week-6-day-1-endurance-free-ride.zwo
9,HIGH ✓✓,Day 1 - Endurance /Free Ride,2018-prl46-prep,50.0,20.8,0.5,Endurance,100.0,0.0,0.0,0.0,0.0,0.0,Z1,100% in Z1/Z2,week-7-day-1-endurance-free-ride.zwo
9,HIGH ✓✓,Day 1 - Endurance /Free Ride,2018-prl46-prep,50.0,20.8,0.5,Endurance,100.0,0.0,0.0,0.0,0.0,0.0,Z1,100% in Z1/Z2,week-8-day-1-endurance-free-ride.zwo
9,HIGH ✓✓,Day 6 - Endurance /Free Ride,2018-prl46-prep,50.0,20.8,0.5,Endurance,100.0,0.0,0.0,0.0,0.0,0.0,Z1,100% in Z1/Z2,week-8-day-6-endurance-free-ride.zwo
9,HIGH ✓✓,Day 1 - Endurance /Free Ride,2018-prl46-prep,50.0,20.8,0.5,Endurance,100.0,0.0,0.0,0.0,0.0,0.0,Z1,100% in Z1/Z2,week-9-day-1-endurance-free-ride.zwo
9,HIGH ✓✓,Day 2 - Z2 Cadence Changes,crit-crusher,50.0,29.0,0.59,Endurance,40.0,60.0,0.0,0.0,0.0,0.0,Z2,100% in Z1/Z2,week-6-day-2-z2-cadence-changes.zwo
9,HIGH ✓✓,12. Tabata - Set 3,cycleops-tt-challenge,50.0,40.8,0.7,VO2max — Rønnestad micro-intervals (20s/10s × 8),84.0,0.0,0.0,0.0,0.0,16.0,Z1,"High W' accumulation, low fatigue (Rønnestad 2020)",12-tabata-set-3.zwo
9,HIGH ✓✓,Z2 Cadence Changes,endurance,50.0,29.0,0.59,Endurance,40.0,60.0,0.0,0.0,0.0,0.0,Z2,100% in Z1/Z2,z2-cadence-changes.zwo
9,HIGH ✓✓,Active recovery,federico-bassis,50.0,28.6,0.586,Endurance,53.5,30.5,16.0,0.0,0.0,0.0,Z1,84% in Z1/Z2,active-recovery.zwo
9,HIGH ✓✓,3. Endurance Free Ride,gran-fondo,50.0,20.8,0.5,Endurance,100.0,0.0,0.0,0.0,0.0,0.0,Z1,100% in Z1/Z2,week-1-3-endurance-free-ride.zwo
9,HIGH ✓✓,3. Endurance Free Ride,gran-fondo,50.0,20.8,0.5,Endurance,100.0,0.0,0.0,0.0,0.0,0.0,Z1,100% in Z1/Z2,week-2-3-endurance-free-ride.zwo
9,HIGH ✓✓,3. Endurance Free Ride,gran-fondo,50.0,20.8,0.5,Endurance,100.0,0.0,0.0,0.0,0.0,0.0,Z1,100% in Z1/Z2,week-3-3-endurance-free-ride.zwo
9,HIGH ✓✓,3. Endurance Free Ride,gran-fondo,50.0,20.8,0.5,Endurance,100.0,0.0,0.0,0.0,0.0,0.0,Z1,100% in Z1/Z2,week-4-3-endurance-free-ride.zwo
9,HIGH ✓✓,3. Endurance Free Ride,gran-fondo,50.0,20.8,0.5,Endurance,100.0,0.0,0.0,0.0,0.0,0.0,Z1,100% in Z1/Z2,week-5-3-endurance-free-ride.zwo
9,HIGH ✓✓,3. Endurance Free Ride,gran-fondo,50.0,20.8,0.5,Endurance,100.0,0.0,0.0,0.0,0.0,0.0,Z1,100% in Z1/Z2,week-6-3-endurance-free-ride.zwo
9,HIGH ✓✓,3. Endurance Free Ride,gran-fondo,50.0,20.8,0.5,Endurance,100.0,0.0,0.0,0.0,0.0,0.0,Z1,100% in Z1/Z2,week-7-3-endurance-free-ride.zwo
9,HIGH ✓✓,7. Endurance + 3x1min,l-etape-du-tour-training-club,50.0,25.5,0.553,Endurance,64.0,28.0,6.0,0.0,0.0,2.0,Z1,92% in Z1/Z2,phase-1-7-endurance-plus-3x1min.zwo
9,HIGH ✓✓,Regeneration short 50min,recreation-and-foundation,50.0,22.4,0.519,Endurance,89.0,6.0,0.0,3.0,0.0,2.0,Z1,95% in Z1/Z2,regeneration-short-50min.zwo
9,HIGH ✓✓,#06-DPC Z2+Leg Speed Session 2,zf18-direct-power-coaching-phase-1,50.0,32.0,0.62,Endurance,40.0,60.0,0.0,0.0,0.0,0.0,Z2,100% in Z1/Z2,week-2-06-dpc-z2-plusleg-speed-session-2.zwo
9,HIGH ✓✓,#12-DPC Zone 2 Ride + Leg Speed Session 4,zf18-direct-power-coaching-phase-1,50.0,32.0,0.62,Endurance,40.0,60.0,0.0,0.0,0.0,0.0,Z2,100% in Z1/Z2,week-4-12-dpc-zone-2-ride-plus-leg-speed-session-4.zwo
9,HIGH ✓✓,Foundation,30-60-minutes-to-burn,48.0,32.6,0.638,Endurance,27.1,72.9,0.0,0.0,0.0,0.0,Z2,100% in Z1/Z2,foundation.zwo
9,HIGH ✓✓,Day 1 - Foundation,ftp-builder,48.0,30.2,0.614,Endurance,37.5,62.5,0.0,0.0,0.0,0.0,Z2,100% in Z1/Z2,week-1-day-1-foundation.zwo
9,HIGH ✓✓,Day 3 - Foundation,ftp-builder,48.0,32.6,0.638,Endurance,27.1,72.9,0.0,0.0,0.0,0.0,Z2,100% in Z1/Z2,week-1-day-3-foundation.zwo
9,HIGH ✓✓,Recovery Spin,recovery,48.0,29.4,0.606,Endurance,45.8,45.8,8.3,0.0,0.0,0.0,Z1,92% in Z1/Z2,recovery-spin.zwo
9,HIGH ✓✓,4. Recovery Spin,singletrack-slayer,48.0,29.4,0.606,Endurance,45.8,45.8,8.3,0.0,0.0,0.0,Z1,92% in Z1/Z2,week-1-4-recovery-spin.zwo
9,HIGH ✓✓,5. Recovery Spin,singletrack-slayer,48.0,29.4,0.606,Endurance,45.8,45.8,8.3,0.0,0.0,0.0,Z1,92% in Z1/Z2,week-10-5-recovery-spin.zwo
9,HIGH ✓✓,4. Recovery Spin,singletrack-slayer,48.0,29.4,0.606,Endurance,45.8,45.8,8.3,0.0,0.0,0.0,Z1,92% in Z1/Z2,week-3-4-recovery-spin.zwo
9,HIGH ✓✓,5. Recovery Spin,singletrack-slayer,48.0,29.4,0.606,Endurance,45.8,45.8,8.3,0.0,0.0,0.0,Z1,92% in Z1/Z2,week-4-5-recovery-spin.zwo
9,HIGH ✓✓,5. Recovery Spin,singletrack-slayer,48.0,29.4,0.606,Endurance,45.8,45.8,8.3,0.0,0.0,0.0,Z1,92% in Z1/Z2,week-5-5-recovery-spin.zwo
9,HIGH ✓✓,5. Recovery Spin,singletrack-slayer,48.0,29.4,0.606,Endurance,45.8,45.8,8.3,0.0,0.0,0.0,Z1,92% in Z1/Z2,week-6-5-recovery-spin.zwo
9,HIGH ✓✓,6. Recovery Spin,singletrack-slayer,48.0,29.4,0.606,Endurance,45.8,45.8,8.3,0.0,0.0,0.0,Z1,92% in Z1/Z2,week-7-6-recovery-spin.zwo
9,HIGH ✓✓,5. Recovery Spin,singletrack-slayer,48.0,29.4,0.606,Endurance,45.8,45.8,8.3,0.0,0.0,0.0,Z1,92% in Z1/Z2,week-8-5-recovery-spin.zwo
9,HIGH ✓✓,4. Recovery Spin,singletrack-slayer,48.0,29.4,0.606,Endurance,45.8,45.8,8.3,0.0,0.0,0.0,Z1,92% in Z1/Z2,week-9-4-recovery-spin.zwo
9,HIGH ✓✓,Day 4,10-12wk-ftp-builder,47.0,22.7,0.538,Endurance,74.5,25.5,0.0,0.0,0.0,0.0,Z1,100% in Z1/Z2,week-11-day-4.zwo
9,HIGH ✓✓,High cadence builds,gravel-grinder,47.0,35.8,0.676,Endurance,31.9,48.9,19.1,0.0,0.0,0.0,Z2,81% in Z1/Z2,week-4-high-cadence-builds.zwo
9,HIGH ✓✓,High-Cadence Builds,endurance,46.5,30.9,0.631,Endurance,43.0,37.6,19.4,0.0,0.0,0.0,Z1,81% in Z1/Z2,high-cadence-builds.zwo
9,HIGH ✓✓,High cadence builds,gravel-grinder,46.5,30.9,0.631,Endurance,43.0,37.6,19.4,0.0,0.0,0.0,Z1,81% in Z1/Z2,week-2-high-cadence-builds.zwo
9,HIGH ✓✓,Coryn Labecki: Sprint workout,pro-training-camp,45.3,30.8,0.638,Endurance,85.3,11.0,0.0,0.0,0.0,3.7,Z1,96% in Z1/Z2,coryn-labecki-sprint-workout.zwo
9,HIGH ✓✓,Coryn Labecki: Sprint workout,sprinting,45.3,30.8,0.638,Endurance,85.3,11.0,0.0,0.0,0.0,3.7,Z1,96% in Z1/Z2,coryn-labecki-sprint-workout.zwo
9,HIGH ✓✓,Day 5,10-12wk-ftp-builder,45.0,18.8,0.5,Endurance,100.0,0.0,0.0,0.0,0.0,0.0,Z1,100% in Z1/Z2,week-12-day-5.zwo
9,HIGH ✓✓,Day 5 - Optional,10-12wk-ftp-builder,45.0,25.8,0.587,Endurance,31.1,68.9,0.0,0.0,0.0,0.0,Z2,100% in Z1/Z2,week-5-day-5-optional.zwo
9,HIGH ✓✓,Day 5,10-12wk-ftp-builder,45.0,18.8,0.5,Endurance,100.0,0.0,0.0,0.0,0.0,0.0,Z1,100% in Z1/Z2,week-8-day-5.zwo
9,HIGH ✓✓,Day 1 - Endurance /Free Ride,2018-prl100-prep,45.0,18.8,0.5,Endurance,100.0,0.0,0.0,0.0,0.0,0.0,Z1,100% in Z1/Z2,week-10-day-1-endurance-free-ride.zwo
9,HIGH ✓✓,Day 1 - Endurance /Free Ride,2018-prl100-prep,45.0,18.8,0.5,Endurance,100.0,0.0,0.0,0.0,0.0,0.0,Z1,100% in Z1/Z2,week-11-day-1-endurance-free-ride.zwo
9,HIGH ✓✓,Day 1 - Endurance /Free Ride,2018-prl100-prep,45.0,18.8,0.5,Endurance,100.0,0.0,0.0,0.0,0.0,0.0,Z1,100% in Z1/Z2,week-12-day-1-endurance-free-ride.zwo
9,HIGH ✓✓,Day 1 - Endurance /Free Ride,2018-prl100-prep,45.0,18.8,0.5,Endurance,100.0,0.0,0.0,0.0,0.0,0.0,Z1,100% in Z1/Z2,week-13-day-1-endurance-free-ride.zwo
9,HIGH ✓✓,Day 1 - Endurance /Free Ride,2018-prl100-prep,45.0,18.8,0.5,Endurance,100.0,0.0,0.0,0.0,0.0,0.0,Z1,100% in Z1/Z2,week-14-day-1-endurance-free-ride.zwo
9,HIGH ✓✓,Day 1 - Endurance /Free Ride,2018-prl100-prep,45.0,18.8,0.5,Endurance,100.0,0.0,0.0,0.0,0.0,0.0,Z1,100% in Z1/Z2,week-15-day-1-endurance-free-ride.zwo
9,HIGH ✓✓,Day 1 - Endurance /Free Ride,2018-prl100-prep,45.0,18.8,0.5,Endurance,100.0,0.0,0.0,0.0,0.0,0.0,Z1,100% in Z1/Z2,week-16-day-1-endurance-free-ride.zwo
9,HIGH ✓✓,Day 1 - Endurance /Free Ride,2018-prl100-prep,45.0,18.8,0.5,Endurance,100.0,0.0,0.0,0.0,0.0,0.0,Z1,100% in Z1/Z2,week-2-day-1-endurance-free-ride.zwo
9,HIGH ✓✓,Day 1 - Endurance /Free Ride,2018-prl100-prep,45.0,18.8,0.5,Endurance,100.0,0.0,0.0,0.0,0.0,0.0,Z1,100% in Z1/Z2,week-3-day-1-endurance-free-ride.zwo
9,HIGH ✓✓,Day 1 - Endurance /Free Ride,2018-prl100-prep,45.0,18.8,0.5,Endurance,100.0,0.0,0.0,0.0,0.0,0.0,Z1,100% in Z1/Z2,week-4-day-1-endurance-free-ride.zwo
9,HIGH ✓✓,Day 1 - Endurance /Free Ride,2018-prl100-prep,45.0,18.8,0.5,Endurance,100.0,0.0,0.0,0.0,0.0,0.0,Z1,100% in Z1/Z2,week-5-day-1-endurance-free-ride.zwo
9,HIGH ✓✓,Day 1 - Endurance /Free Ride,2018-prl100-prep,45.0,18.8,0.5,Endurance,100.0,0.0,0.0,0.0,0.0,0.0,Z1,100% in Z1/Z2,week-6-day-1-endurance-free-ride.zwo
9,HIGH ✓✓,Day 1 - Endurance /Free Ride,2018-prl100-prep,45.0,18.8,0.5,Endurance,100.0,0.0,0.0,0.0,0.0,0.0,Z1,100% in Z1/Z2,week-7-day-1-endurance-free-ride.zwo
9,HIGH ✓✓,Day 1 - Endurance /Free Ride,2018-prl100-prep,45.0,18.8,0.5,Endurance,100.0,0.0,0.0,0.0,0.0,0.0,Z1,100% in Z1/Z2,week-8-day-1-endurance-free-ride.zwo
9,HIGH ✓✓,Day 1 - Endurance /Free Ride,2018-prl100-prep,45.0,18.8,0.5,Endurance,100.0,0.0,0.0,0.0,0.0,0.0,Z1,100% in Z1/Z2,week-9-day-1-endurance-free-ride.zwo
9,HIGH ✓✓,Day 1 - Endurance /Free Ride,2018-prl46-prep,45.0,18.8,0.5,Endurance,100.0,0.0,0.0,0.0,0.0,0.0,Z1,100% in Z1/Z2,week-11-day-1-endurance-free-ride.zwo
9,HIGH ✓✓,Day 1 - Endurance /Free Ride,2018-prl46-prep,45.0,18.8,0.5,Endurance,100.0,0.0,0.0,0.0,0.0,0.0,Z1,100% in Z1/Z2,week-12-day-1-endurance-free-ride.zwo
9,HIGH ✓✓,Day 2 - Endurance /Free Ride,2018-prl46-prep,45.0,18.8,0.5,Endurance,100.0,0.0,0.0,0.0,0.0,0.0,Z1,100% in Z1/Z2,week-2-day-2-endurance-free-ride.zwo
9,HIGH ✓✓,Day 1 - Endurance /Free Ride,2018-prl46-prep,45.0,18.8,0.5,Endurance,100.0,0.0,0.0,0.0,0.0,0.0,Z1,100% in Z1/Z2,week-5-day-1-endurance-free-ride.zwo
9,HIGH ✓✓,45min Riders Choice,30-60-minutes-to-burn,45.0,18.8,0.5,Endurance,100.0,0.0,0.0,0.0,0.0,0.0,Z1,100% in Z1/Z2,45min-riders-choice.zwo
9,HIGH ✓✓,Day 5 - Active Recovery,active-offseason,45.0,18.8,0.5,Endurance,100.0,0.0,0.0,0.0,0.0,0.0,Z1,100% in Z1/Z2,week-10-day-5-active-recovery.zwo
9,HIGH ✓✓,Day 5 - Active Recovery,active-offseason,45.0,18.8,0.5,Endurance,100.0,0.0,0.0,0.0,0.0,0.0,Z1,100% in Z1/Z2,week-11-day-5-active-recovery.zwo
9,HIGH ✓✓,Day 4 - Active Recovery,active-offseason,45.0,18.8,0.5,Endurance,100.0,0.0,0.0,0.0,0.0,0.0,Z1,100% in Z1/Z2,week-12-day-4-active-recovery.zwo
9,HIGH ✓✓,Day 5 - Active Recovery,active-offseason,45.0,18.8,0.5,Endurance,100.0,0.0,0.0,0.0,0.0,0.0,Z1,100% in Z1/Z2,week-9-day-5-active-recovery.zwo
9,HIGH ✓✓,Day 5 - Flexible Free Ride,ftp-builder,45.0,18.8,0.5,Endurance,100.0,0.0,0.0,0.0,0.0,0.0,Z1,100% in Z1/Z2,week-6-day-5-flexible-free-ride.zwo
9,HIGH ✓✓,1. Tuesday - Active Recovery / Drills,gc-coaching-virtual-group-training-phase-1,45.0,22.7,0.55,Endurance,100.0,0.0,0.0,0.0,0.0,0.0,Z1,100% in Z1/Z2,week-4-recovery-1-tuesday-active-recovery-drills.zwo
9,HIGH ✓✓,5. Sunday - Active Recovery / Drills,gc-coaching-virtual-group-training-phase-1,45.0,22.7,0.55,Endurance,100.0,0.0,0.0,0.0,0.0,0.0,Z1,100% in Z1/Z2,week-4-recovery-5-sunday-active-recovery-drills.zwo
9,HIGH ✓✓,1. Tuesday - Active Recovery / Drills,gc-coaching-virtual-group-training-phase-1,45.0,22.7,0.55,Endurance,100.0,0.0,0.0,0.0,0.0,0.0,Z1,100% in Z1/Z2,week-8-recovery-1-tuesday-active-recovery-drills.zwo
9,HIGH ✓✓,5. Sunday - Active Recovery / Drills,gc-coaching-virtual-group-training-phase-1,45.0,22.7,0.55,Endurance,100.0,0.0,0.0,0.0,0.0,0.0,Z1,100% in Z1/Z2,week-8-recovery-5-sunday-active-recovery-drills.zwo
9,HIGH ✓✓,2. TUE:Free Ride,gcn-zero-to-hero-plan,45.0,18.8,0.5,Endurance,100.0,0.0,0.0,0.0,0.0,0.0,Z1,100% in Z1/Z2,week-5-recovery-2-tuefree-ride.zwo
9,HIGH ✓✓,Cadence Pyramid,gravel-grinder,45.0,31.4,0.647,Endurance,26.7,73.3,0.0,0.0,0.0,0.0,Z2,100% in Z1/Z2,week-0-prep-cadence-pyramid.zwo
9,HIGH ✓✓,Cadence Pyramid,gravel-grinder,45.0,31.4,0.647,Endurance,26.7,73.3,0.0,0.0,0.0,0.0,Z2,100% in Z1/Z2,week-1-cadence-pyramid.zwo
9,HIGH ✓✓,Cadence Pyramid,gravel-grinder,45.0,30.1,0.633,Endurance,40.0,60.0,0.0,0.0,0.0,0.0,Z2,100% in Z1/Z2,week-3-cadence-pyramid.zwo
9,HIGH ✓✓,Cadence Pyramid,gravel-grinder,45.0,31.4,0.647,Endurance,26.7,73.3,0.0,0.0,0.0,0.0,Z2,100% in Z1/Z2,week-5-cadence-pyramid.zwo
9,HIGH ✓✓,45min Riders Choice,less-than-60-minutes-to-burn,45.0,18.8,0.5,Endurance,100.0,0.0,0.0,0.0,0.0,0.0,Z1,100% in Z1/Z2,45min-riders-choice.zwo
9,HIGH ✓✓,4. Optional Miles (45min),pebble-pounder,45.0,18.8,0.5,Endurance,100.0,0.0,0.0,0.0,0.0,0.0,Z1,100% in Z1/Z2,week-1-4-optional-miles-45min.zwo
9,HIGH ✓✓,3. VO2 Max - 3x5 Tabata Style,pebble-pounder,45.0,36.9,0.701,VO2max — Rønnestad micro-intervals (20s/10s × 10),55.6,18.1,0.0,0.0,3.3,23.0,Z1,"High W' accumulation, low fatigue (Rønnestad 2020)",week-4-3-vo2-max-3x5-tabata-style.zwo
9,HIGH ✓✓,Cadence Pyramid,recovery,45.0,30.1,0.633,Endurance,40.0,60.0,0.0,0.0,0.0,0.0,Z2,100% in Z1/Z2,cadence-pyramid.zwo
9,HIGH ✓✓,EF Pro Cycling's Red Day Workout,recovery,45.0,28.6,0.617,Endurance,42.2,57.8,0.0,0.0,0.0,0.0,Z2,100% in Z1/Z2,ef-pro-cyclings-red-day-workout.zwo
9,HIGH ✓✓,EF Pro Cycling's Red Day Workout,whoop-workout-series,45.0,28.6,0.617,Endurance,42.2,57.8,0.0,0.0,0.0,0.0,Z2,100% in Z1/Z2,red-day-ef-pro-cyclings-red-day-workout.zwo
9,HIGH ✓✓,APOLLO-11,season-finale,45.0,30.1,0.633,Endurance,24.4,55.6,16.7,3.3,0.0,0.0,Z2,80% in Z1/Z2,apollo-11.zwo
9,HIGH ✓✓,ZEUS,season-finale,45.0,28.5,0.616,Endurance,11.1,81.7,2.2,5.0,0.0,0.0,Z2,93% in Z1/Z2,zeus.zwo
9,HIGH ✓✓,Tabata Run Challenge,karen-parnell-chilitri,44.0,32.9,0.67,VO2max — Rønnestad micro-intervals (20s/10s × 8),48.5,0.0,45.5,0.0,0.0,6.1,Z1,"High W' accumulation, low fatigue (Rønnestad 2020)",running-tabata-run-for-cc.zwo
9,HIGH ✓✓,SZRGWO 11.1,mattias-thyr-unstructured-workouts,43.0,62.0,0.93,VO2max — Rønnestad micro-intervals (20s/10s × 8),26.4,0.0,17.4,27.9,14.0,14.3,Z4,"High W' accumulation, low fatigue (Rønnestad 2020)",szrgwo-111.zwo
9,HIGH ✓✓,10. Tabata - Set 2,cycleops-tt-challenge,40.0,32.9,0.703,VO2max — Rønnestad micro-intervals (20s/10s × 8),86.7,0.0,0.0,0.0,0.0,13.3,Z1,"High W' accumulation, low fatigue (Rønnestad 2020)",10-tabata-set-2.zwo
9,HIGH ✓✓,3. VO2 Max - 3x4 Tabata Style,pebble-pounder,40.0,32.8,0.701,VO2max — Rønnestad micro-intervals (20s/10s × 8),55.0,20.4,0.0,0.0,3.8,20.8,Z1,"High W' accumulation, low fatigue (Rønnestad 2020)",week-2-3-vo2-max-3x4-tabata-style.zwo
9,HIGH ✓✓,VO2 Max - 3x4 Tabata Style,vo2-max,40.0,32.8,0.701,VO2max — Rønnestad micro-intervals (20s/10s × 8),55.0,20.4,0.0,0.0,3.8,20.8,Z1,"High W' accumulation, low fatigue (Rønnestad 2020)",vo2-max-3x4-tabata-style.zwo
9,HIGH ✓✓,2. Microbursts 30's,back-to-fitness,38.0,34.9,0.742,VO2max — Rønnestad micro-intervals (30s/15s × 12),63.2,5.3,0.0,0.0,0.0,31.6,Z1,"High W' accumulation, low fatigue (Rønnestad 2020)",week-11-2-microbursts-30s.zwo
9,HIGH ✓✓,Microbursts 30's,sprinting,38.0,34.9,0.742,VO2max — Rønnestad micro-intervals (30s/15s × 12),63.2,5.3,0.0,0.0,0.0,31.6,Z1,"High W' accumulation, low fatigue (Rønnestad 2020)",microbursts-30s.zwo
9,HIGH ✓✓,8. Tabata - Set 1,cycleops-tt-challenge,34.0,21.6,0.618,VO2max — Rønnestad micro-intervals (20s/10s × 8),92.2,0.0,0.0,0.0,0.0,7.8,Z1,"High W' accumulation, low fatigue (Rønnestad 2020)",8-tabata-set-1.zwo
8,GOOD ✓,Day 5 - Endurance & FTP,active-offseason,175.0,166.3,0.755,Threshold — 2×20min @ 100%,14.3,62.9,0.0,0.0,22.9,0.0,Z2,Classic FTP work,week-7-day-5-endurance-ftp.zwo
8,GOOD ✓,4. The Long Ride - SST Long,gran-fondo,145.0,155.1,0.801,Over-Unders — 3× (300s @ 95% / 300s @ 86%),19.3,10.3,34.5,34.5,0.0,1.4,Z3,Lactate clearance at threshold,week-4-4-the-long-ride-sst-long.zwo
8,GOOD ✓,SST (Long),90plus-minutes-to-burn,130.0,153.6,0.842,Over-Unders — 3× (300s @ 95% / 300s @ 86%),6.2,15.4,38.5,38.5,0.0,1.5,Z3,Lactate clearance at threshold,sst-long.zwo
8,GOOD ✓,SST (Long),90plus-minutes-to-burn-legacy,130.0,153.6,0.842,Over-Unders — 3× (300s @ 95% / 300s @ 86%),6.2,15.4,38.5,38.5,0.0,1.5,Z3,Lactate clearance at threshold,sst-long.zwo
8,GOOD ✓,Aspire,90plus-minutes-to-burn,120.0,126.4,0.795,Over-Unders — 5× (120s @ 105% / 120s @ 88%),34.2,5.0,1.7,32.9,19.6,6.7,Z1,Lactate clearance at threshold,aspire.zwo
8,GOOD ✓,SZR Aktivitus 2h v2,aktivitus-10wk-ironteam-endurance,120.0,108.0,0.735,Over-Unders — 3× (300s @ 90% / 300s @ 80%),32.9,16.7,20.8,20.8,0.0,8.8,Z1,Lactate clearance at threshold,szr-aktivitus-2h-v2.zwo
8,GOOD ✓,SZR Aktivitus 2h v4,aktivitus-10wk-ironteam-endurance,120.0,113.1,0.752,Over-Unders — 3× (300s @ 90% / 300s @ 80%),27.1,20.8,20.8,20.8,0.0,10.4,Z1,Lactate clearance at threshold,szr-aktivitus-2h-v4.zwo
8,GOOD ✓,Aspire,build-me-up,120.0,126.4,0.795,Over-Unders — 5× (120s @ 105% / 120s @ 88%),34.2,5.0,1.7,32.9,19.6,6.7,Z1,Lactate clearance at threshold,week-11-aspire.zwo
8,GOOD ✓,"5. Sunday - VO2/OU/LT: ""The Shinnick""",gc-coaching-virtual-group-training-phase-1,120.0,130.2,0.807,Over-Unders — 10× (60s @ 100% / 60s @ 75%),10.4,34.2,26.7,1.7,13.3,13.8,Z2,Lactate clearance at threshold,week-7-5-sunday-vo2oult-the-shinnick.zwo
8,GOOD ✓,A) The Day,charity-endurance-challenge,120.0,127.0,0.797,Over-Unders — 4× (180s @ 95% / 120s @ 85%),36.2,6.7,13.3,20.0,21.7,2.1,Z1,Lactate clearance at threshold,week-3-a-the-day.zwo
8,GOOD ✓,Mosaic,90plus-minutes-to-burn,115.0,124.2,0.805,Over-Unders — 10× (60s @ 100% / 60s @ 75%),15.2,30.4,26.1,0.4,14.3,13.5,Z2,Lactate clearance at threshold,mosaic.zwo
8,GOOD ✓,Mosaic,build-me-up,115.0,124.2,0.805,Over-Unders — 10× (60s @ 100% / 60s @ 75%),15.2,30.4,26.1,0.4,14.3,13.5,Z2,Lactate clearance at threshold,week-9-mosaic.zwo
8,GOOD ✓,"GC Coaching's ""The Shinnick""",gc-coaching,115.0,124.2,0.805,Over-Unders — 10× (60s @ 100% / 60s @ 75%),15.2,30.4,26.1,0.4,14.3,13.5,Z2,Lactate clearance at threshold,guided-workouts-gc-coachings-the-shinnick.zwo
8,GOOD ✓,SST/MTIs to Maximal Power Reps,derek-rushs-pain-cave-challenge,110.0,105.9,0.76,Sweet Spot — 4×10min @ 95%,45.9,10.9,0.0,36.4,0.0,6.8,Z1,Efficient FTP builder,sstmtis-to-maximal-power-reps.zwo
8,GOOD ✓,Day 3 - 3x15min FTP,active-offseason,107.0,100.6,0.751,Sweet Spot — 3×15min @ 95%,32.7,19.6,0.0,42.1,0.0,5.6,Z4,Efficient FTP builder,week-7-day-3-3x15min-ftp.zwo
8,GOOD ✓,3x20min SST Low,90plus-minutes-to-burn,105.0,90.0,0.717,Sweet Spot — 3×20min @ 88%,42.9,0.0,0.0,57.1,0.0,0.0,Z4,Efficient FTP builder,3x20min-sst-low.zwo
8,GOOD ✓,Day 3 - 3x20min SST Low,active-offseason,105.0,90.0,0.717,Sweet Spot — 3×20min @ 88%,42.9,0.0,0.0,57.1,0.0,0.0,Z4,Efficient FTP builder,week-10-day-3-3x20min-sst-low.zwo
8,GOOD ✓,Day 6 - 3x20min SST High,active-offseason,105.0,101.3,0.761,Sweet Spot — 3×20min @ 92%,28.6,14.3,0.0,57.1,0.0,0.0,Z4,Efficient FTP builder,week-10-day-6-3x20min-sst-high.zwo
8,GOOD ✓,Day 3,your-first-century,105.0,85.5,0.699,Sweet Spot — 2×17min @ 85%,33.3,34.3,32.4,0.0,0.0,0.0,Z2,Efficient FTP builder,week-5-day-3.zwo
8,GOOD ✓,Day 4,your-first-century,105.0,79.3,0.673,Sweet Spot — 2×17min @ 89%,33.3,34.3,0.0,32.4,0.0,0.0,Z2,Efficient FTP builder,week-7-day-4.zwo
8,GOOD ✓,Day 4 - 3x20min SST High,active-offseason,100.0,103.2,0.787,Sweet Spot — 3×20min @ 95%,25.0,15.0,0.0,60.0,0.0,0.0,Z4,Efficient FTP builder,week-9-day-4-3x20min-sst-high.zwo
8,GOOD ✓,Over Under Progression #15,paul-mack,96.1,105.6,0.812,VO2max — 3×2.0min @ 110%,17.7,24.2,5.0,33.4,0.3,19.4,Z4,VO2max intervals,over-under-progression-over-under-progression-15.zwo
8,GOOD ✓,Day 2 - 3x20min SST High,active-offseason,95.0,97.6,0.785,Sweet Spot — 3×20min @ 92%,21.1,15.8,0.0,63.2,0.0,0.0,Z4,Efficient FTP builder,week-11-day-2-3x20min-sst-high.zwo
8,GOOD ✓,2 x 12 minute test - Semi Finals,pro-development-2017,95.0,48.9,0.556,Threshold — 2×12min @ 102%,57.4,15.8,0.0,0.0,25.3,1.6,Z1,Classic FTP work,semi-finals-2-x-12-minute-test-semi-finals.zwo
8,GOOD ✓,Over Under Progression #2,paul-mack,94.0,103.8,0.814,Over-Unders — 4× (180s @ 110% / 180s @ 85%),12.8,24.6,30.6,5.4,0.4,26.2,Z3,Lactate clearance at threshold,over-under-progression-over-under-progression-2.zwo
8,GOOD ✓,Day 2 - FTP Builder,hunters-challenge,92.0,100.4,0.809,Sweet Spot — 3×10min @ 95%,0.0,60.9,0.0,32.6,0.0,6.5,Z2,Efficient FTP builder,week-4-day-2-ftp-builder.zwo
8,GOOD ✓,ODChickenCyclingers - SST 1055,community-rides,92.0,73.0,0.69,Sweet Spot — 5×10min @ 90%,35.9,6.5,1.1,54.3,2.2,0.0,Z4,Efficient FTP builder,sst-community-rides-sst-1055.zwo
8,GOOD ✓,ODChickenCyclingers - SST 2053,community-rides,92.0,87.4,0.755,Sweet Spot — 3×20min @ 90%,25.0,6.5,1.1,65.2,2.2,0.0,Z4,Efficient FTP builder,sst-community-rides-sst-2053.zwo
8,GOOD ✓,Climber's Paradise,classics-climbing,91.7,122.9,0.897,Over-Unders — 2× (300s @ 97% / 300s @ 88%),0.0,21.8,14.2,35.5,13.1,15.5,Z4,Lactate clearance at threshold,climbers-paradise.zwo
8,GOOD ✓,Day 5,10-12wk-ftp-builder,91.0,81.7,0.734,Over-Unders — 3× (180s @ 95% / 120s @ 81%),25.3,22.0,22.0,30.8,0.0,0.0,Z4,Lactate clearance at threshold,week-11-day-5.zwo
8,GOOD ✓,Slaughter Recovery,classics-climbing,91.0,113.7,0.866,Over-Unders — 4× (300s @ 106% / 300s @ 83%),11.0,23.1,22.0,9.9,0.0,34.1,Z6,Lactate clearance at threshold,slaughter-recovery.zwo
8,GOOD ✓,Over Under Progression #1,paul-mack,90.3,93.0,0.786,Over-Unders — 4× (120s @ 110% / 180s @ 85%),13.3,28.0,33.0,6.8,0.4,18.5,Z3,Lactate clearance at threshold,over-under-progression-over-under-progression-1.zwo
8,GOOD ✓,Over Under Progression #16,paul-mack,90.1,95.2,0.796,VO2max — 3×2.0min @ 110%,18.9,25.8,5.3,35.6,0.4,14.1,Z4,VO2max intervals,over-under-progression-over-under-progression-16.zwo
8,GOOD ✓,Over Under Progression #3,paul-mack,90.1,89.8,0.773,Over-Unders — 4× (120s @ 110% / 180s @ 85%),13.3,30.2,34.2,7.9,0.4,14.1,Z3,Lactate clearance at threshold,over-under-progression-over-under-progression-3.zwo
8,GOOD ✓,Day 4,10-12wk-ftp-builder,90.0,74.3,0.704,Over-Unders — 4× (120s @ 95% / 180s @ 81%),27.8,24.4,28.9,18.9,0.0,0.0,Z3,Lactate clearance at threshold,week-10-day-4.zwo
8,GOOD ✓,B) 88% FTP // 4x15',charity-endurance-challenge,87.0,89.4,0.785,Sweet Spot — 4×15min @ 88%,23.0,4.6,3.4,69.0,0.0,0.0,Z4,Efficient FTP builder,week-2-b-88-ftp-4x15.zwo
8,GOOD ✓,Day 2,10-12wk-ftp-builder,86.0,70.6,0.702,Over-Unders — 4× (120s @ 95% / 180s @ 81%),29.1,20.9,30.2,19.8,0.0,0.0,Z3,Lactate clearance at threshold,week-10-day-2.zwo
8,GOOD ✓,2015,2020-rapha-festive-500,86.0,62.8,0.662,Over-Unders — 5× (180s @ 100% / 180s @ 75%),48.8,26.7,0.0,7.0,17.4,0.0,Z1,Lactate clearance at threshold,2015.zwo
8,GOOD ✓,2015,60-90-minutes-to-burn,86.0,62.8,0.662,Over-Unders — 5× (180s @ 100% / 180s @ 75%),48.8,26.7,0.0,7.0,17.4,0.0,Z1,Lactate clearance at threshold,2015.zwo
8,GOOD ✓,First Flash of Fast,60-90-minutes-to-burn,86.0,94.3,0.811,Threshold — 4×10min @ 105%,26.7,26.7,0.0,0.0,46.5,0.0,Z5,Classic FTP work,first-flash-of-fast.zwo
8,GOOD ✓,First Flash of Fast,gcn,86.0,94.3,0.811,Threshold — 4×10min @ 105%,26.7,26.7,0.0,0.0,46.5,0.0,Z5,Classic FTP work,flat-out-fast-first-flash-of-fast.zwo
8,GOOD ✓,Threshold Pushing,best-of-coop-academy,85.5,70.0,0.701,Sweet Spot — 2×15min @ 95%,46.2,17.5,0.0,35.1,0.0,1.2,Z1,Efficient FTP builder,za-2017-threshold-pushing.zwo
8,GOOD ✓,3. Threshold Pushing,pro-development-2017,85.5,70.0,0.701,Sweet Spot — 2×15min @ 95%,46.2,17.5,0.0,35.1,0.0,1.2,Z1,Efficient FTP builder,month-1-3-threshold-pushing.zwo
8,GOOD ✓,Day 4,10-12wk-ftp-builder,85.0,76.1,0.733,Over-Unders — 5× (60s @ 102% / 180s @ 72%),21.2,35.3,28.2,9.4,5.9,0.0,Z2,Lactate clearance at threshold,week-3-day-4.zwo
8,GOOD ✓,SST (Med),60-90-minutes-to-burn,85.0,96.4,0.825,Over-Unders — 3× (300s @ 95% / 300s @ 86%),4.7,23.5,35.3,35.3,0.0,1.2,Z3,Lactate clearance at threshold,sst-med.zwo
8,GOOD ✓,SST (Med),60-90-minutes-to-burn-legacy,85.0,96.4,0.825,Over-Unders — 3× (300s @ 95% / 300s @ 86%),4.7,23.5,35.3,35.3,0.0,1.2,Z3,Lactate clearance at threshold,sst-med.zwo
8,GOOD ✓,Lactate High 2,chris-ohearn,85.0,83.6,0.768,Sweet Spot — 2×20min @ 92%,5.9,47.1,0.0,47.1,0.0,0.0,Z2,Efficient FTP builder,lactate-high-2.zwo
8,GOOD ✓,Threshold 1,federico-bassis,85.0,83.3,0.767,Threshold — 2×10min @ 99%,36.5,5.9,0.0,5.9,29.4,22.4,Z1,Classic FTP work,threshold-1.zwo
8,GOOD ✓,FRNKLN - Watopia Wall,franklin-bespoke,85.0,71.4,0.71,VO2max — 4×2.0min @ 120%,17.6,55.3,17.6,0.0,0.0,9.4,Z2,VO2max intervals,specials-frnkln-watopia-wall.zwo
8,GOOD ✓,B) 88% FTP // 3x20,charity-endurance-challenge,84.0,88.0,0.793,Sweet Spot — 3×20min @ 88%,20.2,4.8,3.6,71.4,0.0,0.0,Z4,Efficient FTP builder,week-3-b-88-ftp-3x20.zwo
8,GOOD ✓,Lactate High 1,chris-ohearn,83.0,80.5,0.763,Sweet Spot — 3×12min @ 92%,6.0,48.8,0.0,45.2,0.0,0.0,Z2,Efficient FTP builder,lactate-high-1.zwo
8,GOOD ✓,Day 3 - Earn your Bacon,hunters-challenge,83.0,100.2,0.851,Sweet Spot — 4×10min @ 95%,0.0,47.0,0.0,48.2,0.0,4.8,Z4,Efficient FTP builder,week-2-day-3-earn-your-bacon.zwo
8,GOOD ✓,Day 4,10-12wk-ftp-builder,80.0,72.4,0.737,Over-Unders — 5× (120s @ 95% / 120s @ 81%),18.8,27.5,27.5,26.2,0.0,0.0,Z2,Lactate clearance at threshold,week-12-day-4.zwo
8,GOOD ✓,Day 3 - HIIT VO2,active-offseason,80.0,65.1,0.699,VO2max — 4×2.0min @ 109%,53.8,18.8,0.0,0.0,0.0,27.5,Z1,VO2max intervals,week-6-day-3-hiit-vo2.zwo
8,GOOD ✓,Ruth Purbrook Over Gears,tri247com-pro-workouts,80.0,86.4,0.805,Threshold — 2×8min @ 97%,27.5,12.5,0.0,20.0,40.0,0.0,Z5,Classic FTP work,ruth-purbrook-over-gears.zwo
8,GOOD ✓,Day 2 - Peaks Pedal Drills,hunters-challenge,77.0,72.2,0.75,Over-Unders — 6× (60s @ 95% / 120s @ 72%),0.0,74.0,0.0,26.0,0.0,0.0,Z2,Lactate clearance at threshold,week-2-day-2-peaks-pedal-drills.zwo
8,GOOD ✓,ODChickenCyclingers - Resolutions Day 1,community-rides,77.0,83.2,0.805,Threshold — 3×15min @ 100%,29.9,7.8,1.3,0.0,61.0,0.0,Z5,Classic FTP work,resolutions-community-rides-resolutions-day-1.zwo
8,GOOD ✓,Game of 2 Halves,franklin-bespoke,75.0,65.2,0.722,Sweet Spot — 3×10min @ 85%,33.3,8.0,53.3,0.0,0.0,5.3,Z3,Efficient FTP builder,specials-game-of-2-halves.zwo
8,GOOD ✓,B) 88% FTP // 4x12',charity-endurance-challenge,75.0,74.1,0.77,Sweet Spot — 4×12min @ 88%,26.7,5.3,4.0,64.0,0.0,0.0,Z4,Efficient FTP builder,week-1-b-88-ftp-4x12.zwo
8,GOOD ✓,Lactate Med 2,chris-ohearn,74.0,66.8,0.736,Sweet Spot — 3×10min @ 95%,18.9,40.5,0.0,40.5,0.0,0.0,Z2,Efficient FTP builder,lactate-med-2.zwo
8,GOOD ✓,ODChickenCyclingers - SST 1533,community-rides,71.0,68.9,0.763,Sweet Spot — 3×15min @ 90%,23.9,8.5,1.4,63.4,2.8,0.0,Z4,Efficient FTP builder,sst-community-rides-sst-1533.zwo
8,GOOD ✓,Middle threshold 1,federico-bassis,70.0,71.3,0.782,Threshold — 2×10min @ 99%,21.4,21.4,28.6,0.0,28.6,0.0,Z3,Classic FTP work,middle-threshold-1.zwo
8,GOOD ✓,1. Tuesday - SST: 2x15 + 5x1,gc-coaching-virtual-group-training-phase-1,70.0,68.5,0.766,Sweet Spot — 2×15min @ 88%,33.6,8.6,2.9,45.7,0.0,9.3,Z4,Efficient FTP builder,week-3-1-tuesday-sst-2x15-plus-5x1.zwo
8,GOOD ✓,ODChickenCyclingers - Resolutions Day 2,community-rides,67.0,75.1,0.82,Threshold — 2×20min @ 100%,26.9,9.0,1.5,0.0,62.7,0.0,Z5,Classic FTP work,resolutions-community-rides-resolutions-day-2.zwo
8,GOOD ✓,Lactate Med 1,chris-ohearn,66.5,61.2,0.743,Sweet Spot — 3×8min @ 95%,18.8,45.1,0.0,36.1,0.0,0.0,Z2,Efficient FTP builder,lactate-med-1.zwo
8,GOOD ✓,4. Interval 9x3',leandro-messineo-poison-dart-frog-intervals,66.5,59.2,0.731,VO2max — 9×3.0min @ 106%,43.6,15.0,0.0,0.0,0.0,41.4,Z1,VO2max intervals,4-interval-9x3.zwo
8,GOOD ✓,Anaerobic High 2,chris-ohearn,66.0,60.2,0.74,VO2max — 5×2.5min @ 123%,26.5,51.5,0.0,3.0,0.0,18.9,Z2,VO2max intervals,anaerobic-high-2.zwo
8,GOOD ✓,06. Grand Finale,rising-stars-2024,66.0,59.1,0.733,Over-Unders — 4× (210s @ 95% / 90s @ 80%),27.3,30.3,9.1,25.8,4.5,3.0,Z2,Lactate clearance at threshold,06-grand-finale.zwo
8,GOOD ✓,Day 2 - 3x10min FTP,active-offseason,65.0,62.6,0.76,Threshold — 3×10min @ 100%,30.8,23.1,0.0,0.0,46.2,0.0,Z5,Classic FTP work,week-9-day-2-3x10min-ftp.zwo
8,GOOD ✓,FRNKLN - January 16,franklin-bespoke,65.0,69.7,0.802,Sweet Spot — 3×12min @ 90%,10.8,15.4,13.8,60.0,0.0,0.0,Z4,Efficient FTP builder,getting-fit-in-january-frnkln-january-16.zwo
8,GOOD ✓,WKG - W5W1,franklin-bespoke,65.0,65.4,0.777,Over-Unders — 5× (300s @ 90% / 120s @ 80%),15.4,19.2,18.5,41.5,0.0,5.4,Z4,Lactate clearance at threshold,teamwkg-wkg-w5w1.zwo
8,GOOD ✓,Day 7 - Sweet Spot 12,4wk-ftp-booster,63.0,57.8,0.742,Sweet Spot — 2×12min @ 91%,39.2,9.5,0.0,38.1,4.8,8.5,Z1,Efficient FTP builder,week-1-day-7-sweet-spot-12.zwo
8,GOOD ✓,Sweet Spot 12,sweet-spot,63.0,57.8,0.742,Sweet Spot — 2×12min @ 91%,39.2,9.5,0.0,38.1,4.8,8.5,Z1,Efficient FTP builder,sweet-spot-12.zwo
8,GOOD ✓,Sweet Spot 12,tt-tuneup,63.0,56.1,0.731,Sweet Spot — 2×12min @ 88%,34.9,11.1,1.6,44.4,6.3,1.6,Z4,Efficient FTP builder,week-6-sweet-spot-12.zwo
8,GOOD ✓,Day 6 - 20min varied cadence,2018-prl46-prep,62.0,62.7,0.779,Over-Unders — 2× (300s @ 95% / 300s @ 81%),21.5,12.9,32.3,32.3,0.0,1.1,Z3,Lactate clearance at threshold,week-9-day-6-20min-varied-cadence.zwo
8,GOOD ✓,6x2 VO2 Max,gravel-grinder,62.0,54.0,0.723,VO2max — 5×2.0min @ 120%,66.1,0.0,4.8,3.2,3.2,22.6,Z1,VO2max intervals,week-10-6x2-vo2-max.zwo
8,GOOD ✓,ODChickenCyclingers - SST 1233,community-rides,62.0,57.0,0.743,Sweet Spot — 3×12min @ 90%,27.4,9.7,1.6,58.1,3.2,0.0,Z4,Efficient FTP builder,sst-community-rides-sst-1233.zwo
8,GOOD ✓,4. Pacing #3,singletrack-slayer,62.0,58.7,0.754,Over-Unders — 4× (60s @ 90% / 60s @ 70%),12.9,46.8,0.0,40.3,0.0,0.0,Z2,Lactate clearance at threshold,week-6-4-pacing-3.zwo
8,GOOD ✓,3. Higher And Faster,singletrack-slayer,62.0,53.0,0.716,Over-Unders — 5× (60s @ 90% / 60s @ 70%),29.0,32.3,0.0,32.3,0.0,6.5,Z2,Lactate clearance at threshold,week-7-3-higher-and-faster.zwo
8,GOOD ✓,Higher And Faster,sprinting,62.0,53.0,0.716,Over-Unders — 5× (60s @ 90% / 60s @ 70%),29.0,32.3,0.0,32.3,0.0,6.5,Z2,Lactate clearance at threshold,higher-and-faster.zwo
8,GOOD ✓,6x2 VO2 Max,vo2-max,62.0,54.0,0.723,VO2max — 5×2.0min @ 120%,66.1,0.0,4.8,3.2,3.2,22.6,Z1,VO2max intervals,6x2-vo2-max.zwo
8,GOOD ✓,Chase the Chaise,60-90-minutes-to-burn,61.0,57.2,0.75,Over-Unders — 2× (120s @ 90% / 120s @ 80%),30.3,0.0,32.8,32.8,4.1,0.0,Z3,Lactate clearance at threshold,chase-the-chaise.zwo
8,GOOD ✓,Anaerobic Med 1,chris-ohearn,61.0,53.7,0.727,Over-Unders — 2× (60s @ 90% / 120s @ 70%),24.6,55.7,0.0,3.3,0.0,16.4,Z2,Lactate clearance at threshold,anaerobic-med-1.zwo
8,GOOD ✓,Chase the Chaise,garmin-unbound-gravel-training-plan,61.0,57.2,0.75,Over-Unders — 2× (120s @ 90% / 120s @ 80%),30.3,0.0,32.8,32.8,4.1,0.0,Z3,Lactate clearance at threshold,week-6-chase-the-chaise.zwo
8,GOOD ✓,Day 3 - Tempo with Finale!,4wk-ftp-booster,60.0,57.2,0.756,Over-Unders — 4× (120s @ 109% / 180s @ 75%),31.1,20.0,25.0,8.3,0.0,15.6,Z1,Lactate clearance at threshold,week-2-day-3-tempo-with-finale.zwo
8,GOOD ✓,Neuromuscular + AC #1,60-90-minutes-to-burn,60.0,63.7,0.798,VO2max — 3×2.0min @ 120%,23.3,16.7,3.3,40.0,3.3,13.3,Z4,VO2max intervals,neuromuscular-plus-ac-1.zwo
8,GOOD ✓,Ruckus,60-90-minutes-to-burn,60.0,64.6,0.804,Over-Unders — 7× (120s @ 100% / 60s @ 75%),21.7,30.0,5.0,0.0,43.3,0.0,Z5,Lactate clearance at threshold,ruckus.zwo
8,GOOD ✓,70.3 Development,best-of-coop-academy,60.0,57.3,0.757,Over-Unders — 2× (120s @ 90% / 120s @ 80%),29.2,0.0,33.3,33.3,4.2,0.0,Z3,Lactate clearance at threshold,za-2021-703-development.zwo
8,GOOD ✓,Long VO2 max,best-of-coop-academy,60.0,61.2,0.782,VO2max — 3×2.0min @ 107%,51.7,0.0,0.0,0.0,28.1,20.3,Z1,VO2max intervals,za-2021-long-vo2-max.zwo
8,GOOD ✓,Low Cadence Intervals,best-of-coop-academy,60.0,56.4,0.751,Sweet Spot — 2×8min @ 85%,36.7,0.0,26.7,33.3,0.0,3.3,Z1,Efficient FTP builder,za-2022-low-cadence-intervals.zwo
8,GOOD ✓,Exemplar,build-me-up,60.0,65.9,0.812,Sweet Spot — 2×8min @ 93%,15.0,13.3,5.0,66.7,0.0,0.0,Z4,Efficient FTP builder,week-10-exemplar.zwo
8,GOOD ✓,Ruckus,build-me-up,60.0,64.6,0.804,Over-Unders — 7× (120s @ 100% / 60s @ 75%),21.7,30.0,5.0,0.0,43.3,0.0,Z5,Lactate clearance at threshold,week-11-ruckus.zwo
8,GOOD ✓,#8,build-me-up,60.0,43.3,0.658,VO2max — 3×2.0min @ 115%,60.8,16.7,0.0,0.8,0.8,20.8,Z1,VO2max intervals,week-5-8.zwo
8,GOOD ✓,15.9,build-me-up,60.0,54.5,0.738,VO2max — 5×2.5min @ 115%,47.5,12.5,0.0,17.5,0.8,21.7,Z1,VO2max intervals,week-6-159.zwo
8,GOOD ✓,2. 6 Strength Bombs,dirt-destroyer,60.0,44.1,0.664,VO2max — 3×2.5min @ 110%,45.0,11.7,16.7,0.0,0.0,26.7,Z1,VO2max intervals,week-6-2-6-strength-bombs.zwo
8,GOOD ✓,Strength 1,federico-bassis,60.0,65.6,0.81,Over-Unders — 4× (120s @ 95% / 60s @ 85%),20.0,11.7,27.9,13.3,25.0,2.1,Z3,Lactate clearance at threshold,strength-1.zwo
8,GOOD ✓,FRNKLN - January 11,franklin-bespoke,60.0,53.0,0.728,Sweet Spot — 3×10min @ 85%,17.5,28.3,50.0,1.7,0.0,2.5,Z3,Efficient FTP builder,getting-fit-in-january-frnkln-january-11.zwo
8,GOOD ✓,FRNKLN - January 13,franklin-bespoke,60.0,59.6,0.772,Over-Unders — 4× (180s @ 95% / 120s @ 80%),26.7,5.0,26.7,40.6,0.6,0.6,Z4,Lactate clearance at threshold,getting-fit-in-january-frnkln-january-13.zwo
8,GOOD ✓,FRNKLN - January 21,franklin-bespoke,60.0,64.0,0.8,Sweet Spot — 4×8min @ 85%,6.7,22.4,53.3,13.3,1.2,3.1,Z3,Efficient FTP builder,getting-fit-in-january-frnkln-january-21.zwo
8,GOOD ✓,FRNKLN - January 25,franklin-bespoke,60.0,56.7,0.753,VO2max — 4×2.0min @ 115%,0.0,66.7,6.7,0.0,0.0,26.7,Z2,VO2max intervals,getting-fit-in-january-frnkln-january-25.zwo
8,GOOD ✓,FRNKLN - January 27,franklin-bespoke,60.0,65.9,0.812,Over-Unders — 10× (120s @ 100% / 60s @ 85%),0.0,33.3,25.0,8.3,33.3,0.0,Z2,Lactate clearance at threshold,getting-fit-in-january-frnkln-january-27.zwo
8,GOOD ✓,FRNKLN - January 30,franklin-bespoke,60.0,59.8,0.773,Over-Unders — 6× (120s @ 95% / 180s @ 85%),21.7,10.0,31.1,37.2,0.0,0.0,Z4,Lactate clearance at threshold,getting-fit-in-january-frnkln-january-30.zwo
8,GOOD ✓,3. Helvellyn,franklin-bespoke,60.0,63.0,0.794,Over-Unders — 5× (60s @ 105% / 120s @ 75%),0.0,61.1,11.7,8.3,10.0,8.9,Z2,Lactate clearance at threshold,specials-3-helvellyn.zwo
8,GOOD ✓,WKG - W6W3,franklin-bespoke,60.0,58.7,0.766,Over-Unders — 4× (300s @ 90% / 180s @ 80%),23.3,15.6,20.0,33.3,1.7,6.1,Z4,Lactate clearance at threshold,teamwkg-wkg-w6w3.zwo
8,GOOD ✓,8-10x2 min z5 w/2 min rest,john-hunts-workouts,60.0,49.0,0.7,VO2max — 10×2.0min @ 113%,66.7,0.0,0.0,0.0,0.0,33.3,Z1,VO2max intervals,8-10x2-min-z5-w2-min-rest.zwo
8,GOOD ✓,Tempo Work,rachel-ruby-zambrano,60.0,78.3,0.885,Sweet Spot — 3×10min @ 95%,0.0,2.5,45.0,50.0,2.5,0.0,Z4,Efficient FTP builder,run-workouts-tempo-work.zwo
8,GOOD ✓,B) Climbing Efforts,charity-alpine-tt-plan,60.0,53.3,0.73,Sweet Spot — 4×8min @ 85%,10.0,33.3,56.7,0.0,0.0,0.0,Z3,Efficient FTP builder,week-1-b-climbing-efforts.zwo
8,GOOD ✓,B) Climbing Efforts,charity-alpine-tt-plan,60.0,53.3,0.73,Sweet Spot — 4×8min @ 85%,10.0,33.3,56.7,0.0,0.0,0.0,Z3,Efficient FTP builder,week-2-b-climbing-efforts.zwo
8,GOOD ✓,C) 90% FTP // 3x10' @75 RPM,charity-alpine-tt-plan,60.0,52.4,0.724,Sweet Spot — 3×10min @ 90%,39.2,8.3,0.0,50.0,0.8,1.7,Z4,Efficient FTP builder,week-2-c-90-ftp-3x10-75-rpm.zwo
8,GOOD ✓,C) 90% FTP // 3x12' @75 RPM,charity-alpine-tt-plan,60.0,58.1,0.762,Sweet Spot — 3×12min @ 90%,30.8,6.7,0.0,60.0,0.8,1.7,Z4,Efficient FTP builder,week-3-c-90-ftp-3x12-75-rpm.zwo
8,GOOD ✓,C) 90% FTP // 2x20' @75 RPM,charity-alpine-tt-plan,60.0,61.9,0.787,Sweet Spot — 2×20min @ 90%,24.2,6.7,0.0,66.7,0.8,1.7,Z4,Efficient FTP builder,week-4-c-90-ftp-2x20-75-rpm.zwo
8,GOOD ✓,C: Sweet Spot: SST: 3x10,charity-one-lap-tt-plan,60.0,52.4,0.724,Sweet Spot — 3×10min @ 90%,39.2,8.3,0.0,50.0,0.8,1.7,Z4,Efficient FTP builder,week-1-c-sweet-spot-sst-3x10.zwo
8,GOOD ✓,B: VO2: 3 x 2 with SST x 10,charity-one-lap-tt-plan,60.0,50.1,0.708,VO2max — 3×2.0min @ 115%,52.5,8.3,0.0,16.7,0.8,21.7,Z1,VO2max intervals,week-2-b-vo2-3-x-2-with-sst-x-10.zwo
8,GOOD ✓,C: Sweet Spot: SST: 3 x 12,charity-one-lap-tt-plan,60.0,58.1,0.762,Sweet Spot — 3×12min @ 90%,30.8,6.7,0.0,60.0,0.8,1.7,Z4,Efficient FTP builder,week-2-c-sweet-spot-sst-3-x-12.zwo
8,GOOD ✓,Exemplar,threshold,60.0,65.9,0.812,Sweet Spot — 2×8min @ 93%,15.0,13.3,5.0,66.7,0.0,0.0,Z4,Efficient FTP builder,exemplar.zwo
8,GOOD ✓,50 Shades of Power!,tri247com-pro-workouts,60.0,61.9,0.787,Over-Unders — 5× (60s @ 110% / 60s @ 90%),31.1,17.6,16.7,8.3,10.0,16.2,Z1,Lactate clearance at threshold,50-shades-of-power.zwo
8,GOOD ✓,Espresso Spicy Tempo,tri247com-pro-workouts,60.0,59.3,0.77,Over-Unders — 3× (60s @ 105% / 180s @ 85%),5.8,31.7,50.0,0.0,5.0,7.5,Z3,Lactate clearance at threshold,espresso-spicy-tempo.zwo
8,GOOD ✓,Tempo with a Twist,tri247com-pro-workouts,60.0,65.0,0.806,Over-Unders — 4× (60s @ 105% / 240s @ 88%),25.0,5.0,0.0,53.3,14.6,2.1,Z4,Lactate clearance at threshold,tempo-with-a-twist.zwo
8,GOOD ✓,Tom Davis - Over/Unders,tri247com-pro-workouts,60.0,61.5,0.784,Over-Unders — 8× (180s @ 91% / 180s @ 75%),0.0,60.0,0.0,40.0,0.0,0.0,Z2,Lactate clearance at threshold,tom-davis-overunders.zwo
8,GOOD ✓,Neuromuscular + AC #1,tt-tuneup,60.0,63.7,0.798,VO2max — 3×2.0min @ 120%,23.3,16.7,3.3,40.0,3.3,13.3,Z4,VO2max intervals,week-6-neuromuscular-plus-ac-1.zwo
8,GOOD ✓,Neuromuscular + AC #2,tt-tuneup,60.0,65.6,0.81,VO2max — 3×2.0min @ 120%,23.3,16.7,3.3,40.0,3.3,13.3,Z4,VO2max intervals,week-7-neuromuscular-plus-ac-2.zwo
8,GOOD ✓,15.9,vo2-max,60.0,54.5,0.738,VO2max — 5×2.5min @ 115%,47.5,12.5,0.0,17.5,0.8,21.7,Z1,VO2max intervals,159.zwo
8,GOOD ✓,#8,vo2-max,60.0,43.3,0.658,VO2max — 3×2.0min @ 115%,60.8,16.7,0.0,0.8,0.8,20.8,Z1,VO2max intervals,8.zwo
8,GOOD ✓,3. VO2 Capacity,talent-pipeline-2020,60.0,43.4,0.659,VO2max — 4×2.0min @ 115%,63.3,15.0,5.0,0.0,3.3,13.3,Z1,VO2max intervals,3-vo2-capacity.zwo
8,GOOD ✓,Anaerobic Med 2,chris-ohearn,59.0,51.7,0.725,Over-Unders — 2× (60s @ 90% / 120s @ 70%),23.7,57.6,0.0,3.4,0.0,15.3,Z2,Lactate clearance at threshold,anaerobic-med-2.zwo
8,GOOD ✓,Anaerobic Med 3,chris-ohearn,59.0,51.1,0.721,Over-Unders — 2× (60s @ 90% / 120s @ 70%),23.7,57.6,0.0,3.4,0.0,15.3,Z2,Lactate clearance at threshold,anaerobic-med-3.zwo
8,GOOD ✓,2. 6 Bombs to Drop,dirt-destroyer,58.0,41.6,0.656,VO2max — 3×2.5min @ 110%,46.6,12.1,13.8,0.0,0.0,27.6,Z1,VO2max intervals,week-5-2-6-bombs-to-drop.zwo
8,GOOD ✓,Pacing #1,endurance,58.0,54.2,0.749,Over-Unders — 5× (60s @ 90% / 60s @ 70%),13.8,46.6,0.0,39.7,0.0,0.0,Z2,Lactate clearance at threshold,pacing-1.zwo
8,GOOD ✓,1. Pacing #1,singletrack-slayer,58.0,54.2,0.749,Over-Unders — 5× (60s @ 90% / 60s @ 70%),13.8,46.6,0.0,39.7,0.0,0.0,Z2,Lactate clearance at threshold,week-1-1-pacing-1.zwo
8,GOOD ✓,6 Bombs to Drop,vo2-max,58.0,41.6,0.656,VO2max — 3×2.5min @ 110%,46.6,12.1,13.8,0.0,0.0,27.6,Z1,VO2max intervals,6-bombs-to-drop.zwo
8,GOOD ✓,Micro Into Threshold,30-60-minutes-to-burn,57.0,56.3,0.77,Over-Unders — 5× (60s @ 90% / 60s @ 70%),29.8,21.1,0.0,38.6,0.0,10.5,Z4,Lactate clearance at threshold,micro-into-threshold.zwo
8,GOOD ✓,2. Micro Into Threshold,singletrack-slayer,57.0,56.3,0.77,Over-Unders — 5× (60s @ 90% / 60s @ 70%),29.8,21.1,0.0,38.6,0.0,10.5,Z4,Lactate clearance at threshold,week-3-2-micro-into-threshold.zwo
8,GOOD ✓,Wout van Aert: VO2 Max Training,pro-training-camp,56.5,52.4,0.746,VO2max — 3×2.0min @ 120%,44.2,19.5,7.1,0.0,5.3,23.9,Z1,VO2max intervals,wout-van-aert-vo2-max-training.zwo
8,GOOD ✓,Wout van Aert: VO2 Max Training,vo2-max,56.5,52.4,0.746,VO2max — 3×2.0min @ 120%,44.2,19.5,7.1,0.0,5.3,23.9,Z1,VO2max intervals,wout-van-aert-vo2-max-training.zwo
8,GOOD ✓,Pre-Race,30-60-minutes-to-burn,56.3,43.3,0.679,Over-Unders — 3× (60s @ 90% / 60s @ 70%),12.4,60.4,8.9,16.0,0.0,2.4,Z2,Lactate clearance at threshold,pre-race.zwo
8,GOOD ✓,6. Pre-Race,singletrack-slayer,56.3,43.3,0.679,Over-Unders — 3× (60s @ 90% / 60s @ 70%),12.4,60.4,8.9,16.0,0.0,2.4,Z2,Lactate clearance at threshold,week-10-6-pre-race.zwo
8,GOOD ✓,Lactate Shuttling,best-of-coop-academy,56.0,54.9,0.767,Over-Unders — 10× (60s @ 100% / 60s @ 77%),19.6,28.6,17.9,8.9,17.9,7.1,Z2,Lactate clearance at threshold,za-2018-lactate-shuttling.zwo
8,GOOD ✓,8. Lactate Shuttling,pro-development-2018,56.0,54.9,0.767,Over-Unders — 10× (60s @ 100% / 60s @ 77%),19.6,28.6,17.9,8.9,17.9,7.1,Z2,Lactate clearance at threshold,8-lactate-shuttling.zwo
8,GOOD ✓,Anaerobic Low 1,chris-ohearn,55.0,44.4,0.696,Over-Unders — 2× (60s @ 95% / 120s @ 70%),21.8,61.8,0.0,3.6,0.0,12.7,Z2,Lactate clearance at threshold,anaerobic-low-1.zwo
8,GOOD ✓,Day 7 - Max Aerobic Finale,4wk-ftp-booster,54.0,40.0,0.667,VO2max — 4×2.0min @ 121%,50.0,14.8,0.0,7.4,0.0,27.8,Z1,VO2max intervals,week-3-day-7-max-aerobic-finale.zwo
8,GOOD ✓,5. Descending Anaerobic,singletrack-slayer,54.0,43.8,0.698,Over-Unders — 5× (60s @ 90% / 60s @ 70%),44.4,22.2,0.0,14.8,0.0,18.5,Z1,Lactate clearance at threshold,week-3-5-descending-anaerobic.zwo
8,GOOD ✓,Descending Anaerobic,vo2-max,54.0,43.8,0.698,Over-Unders — 5× (60s @ 90% / 60s @ 70%),44.4,22.2,0.0,14.8,0.0,18.5,Z1,Lactate clearance at threshold,descending-anaerobic.zwo
8,GOOD ✓,Max Aerobic Finale,vo2-max,54.0,40.0,0.667,VO2max — 4×2.0min @ 121%,50.0,14.8,0.0,7.4,0.0,27.8,Z1,VO2max intervals,max-aerobic-finale.zwo
8,GOOD ✓,Anaerobic Low 2,chris-ohearn,51.0,41.6,0.7,Over-Unders — 2× (60s @ 95% / 120s @ 70%),19.6,66.7,0.0,3.9,0.0,9.8,Z2,Lactate clearance at threshold,anaerobic-low-2.zwo
8,GOOD ✓,2. Tempo Over-Under,gran-fondo,50.0,51.1,0.783,Over-Unders — 5× (240s @ 91% / 240s @ 80%),20.0,0.0,40.0,40.0,0.0,0.0,Z3,Lactate clearance at threshold,week-5-2-tempo-over-under.zwo
8,GOOD ✓,2. Terrain Ride,gran-fondo,50.0,39.3,0.687,Over-Unders — 3× (60s @ 110% / 90s @ 90%),45.0,18.0,18.0,11.0,0.0,8.0,Z1,Lactate clearance at threshold,week-6-2-terrain-ride.zwo
8,GOOD ✓,4 minute threshold intervals,rachel-ruby-zambrano,46.0,56.0,0.855,Over-Unders — 4× (240s @ 100% / 150s @ 75%),0.0,21.7,43.5,0.0,34.8,0.0,Z3,Lactate clearance at threshold,run-workouts-4-minute-threshold-intervals.zwo
8,GOOD ✓,Fun is Going Full Gas,fun-is-fast-2021,45.0,33.7,0.67,Over-Unders — 2× (60s @ 100% / 60s @ 80%),35.6,44.4,4.4,0.0,4.4,11.1,Z2,Lactate clearance at threshold,fun-is-going-full-gas.zwo
8,GOOD ✓,Endurance Work,rachel-ruby-zambrano,45.0,54.6,0.853,Sweet Spot — 3×10min @ 86%,0.0,0.0,100.0,0.0,0.0,0.0,Z3,Efficient FTP builder,run-workouts-endurance-work.zwo
8,GOOD ✓,Fun is Going Full Gas,sprinting,45.0,33.7,0.67,Over-Unders — 2× (60s @ 100% / 60s @ 80%),35.6,44.4,4.4,0.0,4.4,11.1,Z2,Lactate clearance at threshold,fun-is-going-full-gas.zwo
8,GOOD ✓,Final Send,spring-conditioning,45.0,33.7,0.67,Over-Unders — 2× (60s @ 100% / 60s @ 80%),35.6,44.4,4.4,0.0,4.4,11.1,Z2,Lactate clearance at threshold,final-send.zwo
8,GOOD ✓,Day 3 - High-Cadence Into Standing,active-offseason,42.0,34.1,0.698,Over-Unders — 5× (60s @ 100% / 60s @ 73%),35.7,28.6,0.0,23.8,11.9,0.0,Z1,Lactate clearance at threshold,week-3-day-3-high-cadence-into-standing.zwo
8,GOOD ✓,"10. Interval 10x2' x 30""",leandro-messineo-poison-dart-frog-intervals,42.0,43.0,0.784,VO2max — 10×2.0min @ 114%,35.7,16.7,0.0,0.0,0.0,47.6,Z6,VO2max intervals,10-interval-10x2-x-30.zwo
8,GOOD ✓,"9. Interval 9x2' x 30""",leandro-messineo-poison-dart-frog-intervals,39.5,39.3,0.773,VO2max — 9×2.0min @ 114%,36.7,17.7,0.0,0.0,0.0,45.6,Z6,VO2max intervals,9-interval-9x2-x-30.zwo
8,GOOD ✓,"8. Interval 8x2' x 30""",leandro-messineo-poison-dart-frog-intervals,37.0,35.7,0.761,VO2max — 8×2.0min @ 114%,37.8,18.9,0.0,0.0,0.0,43.2,Z6,VO2max intervals,8-interval-8x2-x-30.zwo
8,GOOD ✓,"7. Interval 7x2' x 30""",leandro-messineo-poison-dart-frog-intervals,34.5,32.1,0.747,VO2max — 7×2.0min @ 114%,39.1,20.3,0.0,0.0,0.0,40.6,Z6,VO2max intervals,7-interval-7x2-x-30.zwo
8,GOOD ✓,1. The Beginning,back-to-fitness,33.0,26.2,0.69,VO2max — 3×2.0min @ 110%,51.5,15.2,0.0,15.2,0.0,18.2,Z1,VO2max intervals,week-1-1-the-beginning.zwo
8,GOOD ✓,2. Over - Unders,back-to-fitness,33.0,36.6,0.816,Over-Unders — 3× (120s @ 105% / 60s @ 90%),30.3,15.2,0.0,18.2,36.4,0.0,Z5,Lactate clearance at threshold,week-2-2-over-unders.zwo
8,GOOD ✓,The Beginning,daily-fit,33.0,26.2,0.69,VO2max — 3×2.0min @ 110%,51.5,15.2,0.0,15.2,0.0,18.2,Z1,VO2max intervals,the-beginning.zwo
8,GOOD ✓,Over - Unders,threshold,33.0,36.6,0.816,Over-Unders — 3× (120s @ 105% / 60s @ 90%),30.3,15.2,0.0,18.2,36.4,0.0,Z5,Lactate clearance at threshold,over-unders.zwo
8,GOOD ✓,"6. Interval 6x2' x 30""",leandro-messineo-poison-dart-frog-intervals,32.0,28.3,0.729,VO2max — 6×2.0min @ 114%,40.6,21.9,0.0,0.0,0.0,37.5,Z1,VO2max intervals,6-interval-6x2-x-30.zwo
7,GOOD ✓,Day 7 - THE. MEGA.,hunters-challenge,198.5,204.9,0.787,Threshold — 58min steady @ 95%,0.0,54.4,28.2,14.1,0.0,3.3,Z2,Sustained threshold work,week-4-day-7-the-mega.zwo
7,GOOD ✓,Day 5 - Endurance & FTP,active-offseason,180.0,149.5,0.706,Threshold — 40min steady @ 100%,27.8,33.3,16.7,0.0,22.2,0.0,Z2,Sustained threshold work,week-6-day-5-endurance-ftp.zwo
7,GOOD ✓,4. The Long Ride - Intervals & Progressive SST,gran-fondo,175.0,174.3,0.773,Threshold — 20min steady @ 98%,5.7,71.4,0.0,17.1,5.7,0.0,Z2,Sustained threshold work,week-6-4-the-long-ride-intervals-progressive-sst.zwo
7,GOOD ✓,4. The Long Ride - 2x30min Tempo With Surges,gran-fondo,155.0,139.9,0.736,Sweet Spot — 38min steady @ 91%,15.5,25.2,34.8,20.6,0.0,3.9,Z3,Sustained sub-threshold work,week-5-4-the-long-ride-2x30min-tempo-with-surges.zwo
7,GOOD ✓,Day 7,your-first-century,150.0,101.4,0.637,VO2max — 14min steady @ 109%,32.7,58.0,0.0,0.0,0.0,9.3,Z2,Sustained supra-threshold work,week-7-day-7.zwo
7,GOOD ✓,Day 6 - LONG day,hunters-challenge,144.0,156.3,0.807,Sprint — 4×30s @ 160%,0.0,59.0,0.0,36.1,0.0,4.9,Z2,Neuromuscular power / sprint,week-3-day-6-long-day.zwo
7,GOOD ✓,4. The Long Ride - Extended Tempo,gran-fondo,135.0,123.5,0.741,Sweet Spot — 60min steady @ 85%,13.3,33.3,53.3,0.0,0.0,0.0,Z3,Sustained sub-threshold work,week-3-4-the-long-ride-extended-tempo.zwo
7,GOOD ✓,Bricolage,90plus-minutes-to-burn,120.0,104.8,0.724,Anaerobic — 5×60s @ 120%,27.1,34.2,15.0,0.4,17.1,6.2,Z2,Anaerobic capacity / W' builder,bricolage.zwo
7,GOOD ✓,Tenacity,90plus-minutes-to-burn,120.0,114.0,0.755,Anaerobic — 4×60s @ 115%,33.3,5.0,51.7,1.7,0.8,7.5,Z3,Anaerobic capacity / W' builder,tenacity.zwo
7,GOOD ✓,Day 7 - Explosive Power,active-offseason,120.0,113.1,0.752,Sprint — 3×12s @ 200%,27.0,8.3,38.7,25.0,0.0,1.0,Z3,Neuromuscular power / sprint,week-10-day-7-explosive-power.zwo
7,GOOD ✓,SZR Aktivitus 2h v3,aktivitus-10wk-ironteam-endurance,120.0,111.6,0.747,Sprint — 20×30s @ 150%,25.0,29.2,0.0,37.5,0.0,8.3,Z4,Neuromuscular power / sprint,szr-aktivitus-2h-v3.zwo
7,GOOD ✓,SZR Aktivitus 2h v5,aktivitus-10wk-ironteam-endurance,120.0,111.0,0.745,Sweet Spot — 57min steady @ 92%,18.3,29.2,5.0,45.0,0.0,2.5,Z4,Sustained sub-threshold work,szr-aktivitus-2h-v5.zwo
7,GOOD ✓,Tenacity,build-me-up,120.0,114.0,0.755,Anaerobic — 4×60s @ 115%,33.3,5.0,51.7,1.7,0.8,7.5,Z3,Anaerobic capacity / W' builder,week-11-tenacity.zwo
7,GOOD ✓,Bricolage,build-me-up,120.0,104.8,0.724,Anaerobic — 5×60s @ 120%,27.1,34.2,15.0,0.4,17.1,6.2,Z2,Anaerobic capacity / W' builder,week-8-bricolage.zwo
7,GOOD ✓,E/T/LT/A: Kitchen Sink,gc-coaching,120.0,112.2,0.749,Threshold — 32min steady @ 104%,15.4,57.5,1.7,1.7,16.7,7.1,Z2,Sustained threshold work,sweet-spot-etlta-kitchen-sink.zwo
7,GOOD ✓,5. Sunday - E/T/LT/A: Kitchen Sink,gc-coaching-virtual-group-training-phase-1,120.0,112.2,0.749,Anaerobic — 3×30s @ 120%,15.4,57.5,1.7,1.7,16.7,7.1,Z2,Anaerobic capacity / W' builder,week-3-5-sunday-etlta-kitchen-sink.zwo
7,GOOD ✓,Building Base,gravel-grinder,120.0,89.2,0.668,Sweet Spot — 14min steady @ 88%,33.3,30.0,29.2,7.5,0.0,0.0,Z1,Sustained sub-threshold work,week-9-building-base.zwo
7,GOOD ✓,A) The Mayfield,charity-endurance-challenge,120.0,108.3,0.736,Anaerobic — 3×30s @ 120%,18.8,55.8,1.7,0.0,16.7,7.1,Z2,Anaerobic capacity / W' builder,week-1-a-the-mayfield.zwo
7,GOOD ✓,A) The Min,charity-endurance-challenge,120.0,105.1,0.725,Sprint — 5×30s @ 150%,41.2,36.2,1.7,13.3,0.0,7.5,Z1,Neuromuscular power / sprint,week-2-a-the-min.zwo
7,GOOD ✓,Day 2,your-first-century,120.0,77.4,0.622,Anaerobic — 5×90s @ 110%,37.5,56.2,0.0,0.0,0.0,6.2,Z2,Anaerobic capacity / W' builder,week-9-day-2.zwo
7,GOOD ✓,"#18-DPC Zone 2 Ride + ""Sweetspot"" - Session 1",zf18-direct-power-coaching-phase-2,120.0,80.4,0.634,Sweet Spot — 10min steady @ 88%,41.7,50.0,0.0,8.3,0.0,0.0,Z2,Sustained sub-threshold work,week-1-18-dpc-zone-2-ride-plus-sweetspot-session-1.zwo
7,GOOD ✓,"#21-DPC Zone 2 Ride + ""Sweetspot"" - Session 2",zf18-direct-power-coaching-phase-2,120.0,87.1,0.66,Sweet Spot — 20min steady @ 90%,33.3,50.0,0.0,16.7,0.0,0.0,Z2,Sustained sub-threshold work,week-2-21-dpc-zone-2-ride-plus-sweetspot-session-2.zwo
7,GOOD ✓,"#24-DPC Zone 2 Ride + ""Sweetspot"" - Session 3",zf18-direct-power-coaching-phase-2,120.0,103.4,0.719,Sweet Spot — 30min steady @ 90%,25.0,50.0,0.0,25.0,0.0,0.0,Z2,Sustained sub-threshold work,week-3-24-dpc-zone-2-ride-plus-sweetspot-session-3.zwo
7,GOOD ✓,SZR Aktivitus 2h v1,aktivitus-10wk-ironteam-endurance,119.0,114.3,0.759,Threshold — 20min steady @ 101%,17.6,33.6,16.8,13.4,15.1,3.4,Z2,Sustained threshold work,szr-aktivitus-2h-v1.zwo
7,GOOD ✓,Roubaix+,classics-climbing,118.3,121.8,0.786,Threshold — 26min steady @ 96%,18.6,30.4,26.5,18.3,1.7,4.5,Z2,Sustained threshold work,roubaix-plus.zwo
7,GOOD ✓,Week 1: Pushing Week,coop-academy,118.1,116.7,0.77,Threshold — 48min steady @ 103%,12.7,46.6,0.0,0.0,40.7,0.0,Z2,Sustained threshold work,month-5-semifinals-week-1-pushing-week.zwo
7,GOOD ✓,HIIT #1,paul-mack,116.3,103.0,0.729,Sprint — 12×30s @ 264%,10.3,73.4,5.0,5.3,0.3,5.7,Z2,Neuromuscular power / sprint,hiit-high-intensity-interval-training-hiit-1.zwo
7,GOOD ✓,4. The Long Ride - Spiked Base Progressive VO2,gran-fondo,115.0,118.1,0.785,Threshold — 20min steady @ 98%,8.7,56.5,0.0,26.1,8.7,0.0,Z2,Sustained threshold work,week-2-4-the-long-ride-spiked-base-progressive-vo2.zwo
7,GOOD ✓,Day 2 - Cruise 3 x 15min,2018-prl100-prep,114.0,94.2,0.704,Sweet Spot — 45min steady @ 95%,46.5,12.3,1.8,13.2,26.3,0.0,Z1,Sustained sub-threshold work,week-9-day-2-cruise-3-x-15min.zwo
7,GOOD ✓,Day 6 - Tempo 2 x 20min,2018-prl100-prep,113.0,75.2,0.632,Sweet Spot — 40min steady @ 85%,57.5,6.2,36.3,0.0,0.0,0.0,Z1,Sustained sub-threshold work,week-7-day-6-tempo-2-x-20min.zwo
7,GOOD ✓,Day 4 - FTP work - Short and Sweet,hunters-challenge,113.0,148.8,0.889,Anaerobic — 4×60s @ 160%,0.0,61.1,0.0,0.0,0.0,38.9,Z2,Anaerobic capacity / W' builder,week-4-day-4-ftp-work-short-and-sweet.zwo
7,GOOD ✓,Dirty 30's,derek-rushs-pain-cave-challenge,112.0,115.3,0.786,Anaerobic — 20×30s @ 140%,33.9,10.7,35.7,0.0,0.0,19.6,Z3,Anaerobic capacity / W' builder,dirty-30s.zwo
7,GOOD ✓,Day 1 - Threshold and Vo2 Max!,hunters-challenge,112.0,137.1,0.857,Threshold — 25min steady @ 98%,0.0,22.3,54.5,14.3,0.0,8.9,Z3,Sustained threshold work,week-4-day-1-threshold-and-vo2-max.zwo
7,GOOD ✓,Day 4 - Explosive SST #1,2018-prl100-prep,111.5,79.0,0.652,Sweet Spot — 32min steady @ 92%,57.4,12.6,1.8,26.9,0.0,1.3,Z1,Sustained sub-threshold work,week-7-day-4-explosive-sst-1.zwo
7,GOOD ✓,Day 2 - Cruise 4 x 10min,2018-prl100-prep,111.0,88.6,0.692,Threshold — 40min steady @ 96%,49.5,12.6,1.8,18.0,18.0,0.0,Z1,Sustained threshold work,week-8-day-2-cruise-4-x-10min.zwo
7,GOOD ✓,Tempo with Bursts,john-hunts-workouts,111.0,109.1,0.768,Anaerobic — 3×60s @ 115%,32.4,0.0,54.1,0.0,0.0,13.5,Z3,Anaerobic capacity / W' builder,tempo-with-bursts.zwo
7,GOOD ✓,Over Under Progression #10,paul-mack,111.0,102.1,0.743,Anaerobic — 6×30s @ 110%,15.3,57.4,3.6,14.7,3.9,5.1,Z2,Anaerobic capacity / W' builder,over-under-progression-over-under-progression-10.zwo
7,GOOD ✓,Over Under Progression #11,paul-mack,111.0,97.0,0.724,Anaerobic — 8×30s @ 110%,15.3,68.2,3.6,3.9,4.8,4.2,Z2,Anaerobic capacity / W' builder,over-under-progression-over-under-progression-11.zwo
7,GOOD ✓,Modified 2/3+,classics-climbing,110.0,109.0,0.771,Sprint — 4×10s @ 280%,9.1,53.6,19.4,14.5,0.9,2.4,Z2,Neuromuscular power / sprint,modified-23-plus.zwo
7,GOOD ✓,Day 3 - Slay the Dragon,hunters-challenge,110.0,149.2,0.902,Anaerobic — 10×10s @ 114%,0.0,45.5,0.0,16.7,0.0,37.9,Z2,Anaerobic capacity / W' builder,week-4-day-3-slay-the-dragon.zwo
7,GOOD ✓,Speed Intervals,derek-rushs-pain-cave-challenge,109.7,100.6,0.742,Sprint — 20×10s @ 200%,38.9,48.6,0.0,0.0,0.0,12.5,Z2,Neuromuscular power / sprint,speed-intervals.zwo
7,GOOD ✓,Vo2 Progression #21,paul-mack,108.2,100.6,0.747,Anaerobic — 20×10s @ 120%,46.8,13.9,0.0,20.8,0.0,18.5,Z1,Anaerobic capacity / W' builder,vo2-progression-vo2-progression-21.zwo
7,GOOD ✓,5. Sunday - SST/OU: Purple Unicorn,gc-coaching-virtual-group-training-phase-1,107.0,121.4,0.825,Anaerobic — 3×30s @ 120%,22.0,5.6,46.7,1.9,15.0,8.9,Z3,Anaerobic capacity / W' builder,week-6-5-sunday-sstou-purple-unicorn.zwo
7,GOOD ✓,Day 2 - 2x20min Crisscross,active-offseason,106.0,101.0,0.756,Anaerobic — 8×30s @ 120%,38.7,14.2,0.0,30.2,0.0,17.0,Z1,Anaerobic capacity / W' builder,week-10-day-2-2x20min-crisscross.zwo
7,GOOD ✓,Day 1 - Strength Training,crit-crusher,106.0,78.6,0.667,Sprint — 10×15s @ 180%,73.1,0.0,0.0,0.0,18.9,8.0,Z1,Neuromuscular power / sprint,week-2-day-1-strength-training.zwo
7,GOOD ✓,Week 4: ChickenCycling Threshold Push,coop-academy,106.0,87.3,0.703,Sweet Spot — 36min steady @ 95%,37.7,23.6,4.7,34.0,0.0,0.0,Z1,Sustained sub-threshold work,month-4-semifinals-week-4-coop-threshold-push.zwo
7,GOOD ✓,Purple Unicorn,90plus-minutes-to-burn,105.0,112.0,0.8,Sweet Spot — 66min steady @ 93%,30.0,2.9,40.5,4.3,13.8,8.6,Z3,Sustained sub-threshold work,purple-unicorn.zwo
7,GOOD ✓,Day 4 - 3x15min Crisscross,active-offseason,105.0,106.5,0.78,Anaerobic — 6×30s @ 120%,27.6,20.0,0.0,34.3,9.5,8.6,Z4,Anaerobic capacity / W' builder,week-11-day-4-3x15min-crisscross.zwo
7,GOOD ✓,Day 1 - High-Cadence Into FTP,active-offseason,105.0,78.8,0.671,Threshold — 25min steady @ 95%,42.9,33.3,0.0,9.5,14.3,0.0,Z1,Sustained threshold work,week-5-day-1-high-cadence-into-ftp.zwo
7,GOOD ✓,Purple Unicorn,build-me-up,105.0,112.0,0.8,Sweet Spot — 66min steady @ 93%,30.0,2.9,40.5,4.3,13.8,8.6,Z3,Sustained sub-threshold work,week-4-purple-unicorn.zwo
7,GOOD ✓,GC Coaching's Purple Unicorn,gc-coaching,105.0,112.0,0.8,Sweet Spot — 66min steady @ 93%,30.0,2.9,40.5,4.3,13.8,8.6,Z3,Sustained sub-threshold work,guided-workouts-gc-coachings-purple-unicorn.zwo
7,GOOD ✓,5x8 Building Base,gravel-grinder,105.0,84.0,0.693,Sweet Spot — 10min steady @ 85%,0.0,76.2,23.8,0.0,0.0,0.0,Z2,Sustained sub-threshold work,week-6-5x8-building-base.zwo
7,GOOD ✓,Day 6 - Mini Mega,hunters-challenge,105.0,112.8,0.803,Threshold — 45min steady @ 97%,0.0,57.1,0.0,38.1,0.0,4.8,Z2,Sustained threshold work,week-4-day-6-mini-mega.zwo
7,GOOD ✓,Session 5: Progressive Ramp,coop-academy,105.0,71.7,0.64,Sweet Spot — 20min steady @ 88%,57.1,23.8,0.0,19.0,0.0,0.0,Z1,Sustained sub-threshold work,month-1-session-5-progressive-ramp.zwo
7,GOOD ✓,5. Sunday - Pedaling Efficiency Drills + 60 minute Climb :-),gc-coaching-virtual-group-training-phase-1,102.0,89.8,0.727,Sweet Spot — 39min steady @ 88%,23.5,38.2,17.6,18.6,1.0,1.0,Z2,Sustained sub-threshold work,week-2-5-sunday-pedaling-efficiency-drills-plus-60-minute-climb-.zwo
7,GOOD ✓,Day 1 - Strength Training,crit-crusher,100.5,76.3,0.675,Sprint — 10×15s @ 175%,71.6,0.0,0.0,0.0,19.9,8.5,Z1,Neuromuscular power / sprint,week-1-day-1-strength-training.zwo
7,GOOD ✓,2x30 FTP Intervals,90plus-minutes-to-burn,100.0,118.4,0.843,Threshold — 60min steady @ 100%,10.0,30.0,0.0,0.0,60.0,0.0,Z5,Sustained threshold work,2x30-ftp-intervals.zwo
7,GOOD ✓,2x30 FTP Intervals,90plus-minutes-to-burn-legacy,100.0,118.4,0.843,Threshold — 60min steady @ 100%,10.0,30.0,0.0,0.0,60.0,0.0,Z5,Sustained threshold work,2x30-ftp-intervals.zwo
7,GOOD ✓,Day 3 - Cadence & Tempo,active-offseason,100.0,68.9,0.643,Sweet Spot — 20min steady @ 88%,45.0,35.0,0.0,20.0,0.0,0.0,Z1,Sustained sub-threshold work,week-1-day-3-cadence-tempo.zwo
7,GOOD ✓,3. The Long Ride,fondo,100.0,89.1,0.731,Sweet Spot — 40min steady @ 85%,15.0,35.0,50.0,0.0,0.0,0.0,Z3,Sustained sub-threshold work,week-3-3-the-long-ride.zwo
7,GOOD ✓,3x15 FTP Intervals,90plus-minutes-to-burn,99.0,97.8,0.77,Threshold — 45min steady @ 100%,24.2,30.3,0.0,0.0,45.5,0.0,Z5,Sustained threshold work,3x15-ftp-intervals.zwo
7,GOOD ✓,3x15 FTP Intervals,90plus-minutes-to-burn-legacy,99.0,97.8,0.77,Threshold — 45min steady @ 100%,24.2,30.3,0.0,0.0,45.5,0.0,Z5,Sustained threshold work,3x15-ftp-intervals.zwo
7,GOOD ✓,Threshold to Russian Steps,derek-rushs-pain-cave-challenge,99.0,110.4,0.818,Threshold — 53min steady @ 108%,34.0,12.1,0.0,0.0,40.4,13.5,Z5,Sustained threshold work,threshold-to-russian-steps.zwo
7,GOOD ✓,Session 26: Capacity Pyramids,coop-academy,99.0,95.6,0.761,Threshold — 25min steady @ 105%,0.0,54.5,20.2,0.0,25.3,0.0,Z2,Sustained threshold work,month-3-session-26-capacity-pyramids.zwo
7,GOOD ✓,Race Prep Session,best-of-coop-academy,98.8,107.3,0.807,Sprint — 24×15s @ 300%,53.5,21.2,0.0,10.1,0.0,15.2,Z1,Neuromuscular power / sprint,za-2017-race-prep-session.zwo
7,GOOD ✓,5. Race Prep Session,pro-development-2017,98.8,107.3,0.807,Sprint — 24×15s @ 300%,53.5,21.2,0.0,10.1,0.0,15.2,Z1,Neuromuscular power / sprint,month-1-5-race-prep-session.zwo
7,GOOD ✓,Day 5 - SST 3 x 20min,2018-prl100-prep,98.2,104.5,0.799,Sweet Spot — 62min steady @ 92%,20.4,14.2,2.0,61.1,0.0,2.3,Z4,Sustained sub-threshold work,week-13-day-5-sst-3-x-20min.zwo
7,GOOD ✓,Day 4 - Explosive SST #2,2018-prl100-prep,98.2,89.9,0.741,Sweet Spot — 47min steady @ 92%,35.6,14.2,2.0,45.8,0.0,2.3,Z4,Sustained sub-threshold work,week-8-day-4-explosive-sst-2.zwo
7,GOOD ✓,Explosive SST #2,sweet-spot,98.2,89.9,0.741,Sweet Spot — 47min steady @ 92%,35.6,14.2,2.0,45.8,0.0,2.3,Z4,Sustained sub-threshold work,explosive-sst-2.zwo
7,GOOD ✓,Vo2 Progression #13,paul-mack,98.1,87.6,0.732,Anaerobic — 20×15s @ 120%,44.9,15.3,0.0,27.0,0.0,12.7,Z1,Anaerobic capacity / W' builder,vo2-progression-vo2-progression-13.zwo
7,GOOD ✓,Day 4 - Max Aerobic x 3,2018-prl100-prep,97.0,83.8,0.72,VO2max — 30min steady @ 109%,56.7,10.3,2.1,0.0,10.3,20.6,Z1,Sustained supra-threshold work,week-14-day-4-max-aerobic-x-3.zwo
7,GOOD ✓,Day 5 - Max Aerobic x 3,2018-prl100-prep,97.0,83.8,0.72,VO2max — 30min steady @ 109%,56.7,10.3,2.1,0.0,10.3,20.6,Z1,Sustained supra-threshold work,week-15-day-5-max-aerobic-x-3.zwo
7,GOOD ✓,Vo2 Progression #18,paul-mack,97.0,92.4,0.756,Anaerobic — 8×60s @ 120%,42.8,15.5,0.0,23.2,0.0,18.6,Z1,Anaerobic capacity / W' builder,vo2-progression-vo2-progression-18.zwo
7,GOOD ✓,Vo2 Progression #7,paul-mack,97.0,92.4,0.756,Anaerobic — 6×60s @ 120%,42.8,15.5,0.0,23.2,0.0,18.6,Z1,Anaerobic capacity / W' builder,vo2-progression-vo2-progression-7.zwo
7,GOOD ✓,Max Aerobic x 3,vo2-max,97.0,83.8,0.72,VO2max — 30min steady @ 109%,56.7,10.3,2.1,0.0,10.3,20.6,Z1,Sustained supra-threshold work,max-aerobic-x-3.zwo
7,GOOD ✓,Vo2 Progression #19,paul-mack,96.7,80.5,0.707,Anaerobic — 20×10s @ 120%,51.2,15.5,0.0,21.2,0.0,12.1,Z1,Anaerobic capacity / W' builder,vo2-progression-vo2-progression-19.zwo
7,GOOD ✓,Vo2 Progression #20,paul-mack,96.5,90.0,0.748,Anaerobic — 20×10s @ 120%,43.9,15.5,0.0,23.3,0.0,17.3,Z1,Anaerobic capacity / W' builder,vo2-progression-vo2-progression-20.zwo
7,GOOD ✓,Day 5 - XX SST 2 x 30min,2018-prl100-prep,96.0,106.8,0.817,Threshold — 60min steady @ 95%,20.8,14.6,2.1,46.9,0.0,15.6,Z4,Sustained threshold work,week-14-day-5-xx-sst-2-x-30min.zwo
7,GOOD ✓,Day 6 - XX SST 2 x 30min,2018-prl100-prep,96.0,106.8,0.817,Threshold — 60min steady @ 95%,20.8,14.6,2.1,46.9,0.0,15.6,Z4,Sustained threshold work,week-15-day-6-xx-sst-2-x-30min.zwo
7,GOOD ✓,Day 2 - Cruise 3 x 9min,2018-prl100-prep,96.0,69.1,0.657,Sweet Spot — 27min steady @ 95%,55.2,14.6,2.1,18.8,9.4,0.0,Z1,Sustained sub-threshold work,week-7-day-2-cruise-3-x-9min.zwo
7,GOOD ✓,Vo2 Progression #8,paul-mack,96.0,95.4,0.772,Anaerobic — 10×60s @ 120%,40.1,15.6,0.0,23.4,0.0,20.8,Z1,Anaerobic capacity / W' builder,vo2-progression-vo2-progression-8.zwo
7,GOOD ✓,SST/L4 -90-100min - 3 sets 4x3min (88-92-95%),applied-training-science,96.0,78.8,0.702,Sweet Spot — 36min steady @ 92%,50.0,9.4,3.1,37.5,0.0,0.0,Z1,Sustained sub-threshold work,week-3-sstl4-90-100min-3-sets-4x3min-88-92-95.zwo
7,GOOD ✓,Vo2 Progression #12,paul-mack,95.6,84.4,0.728,Anaerobic — 20×15s @ 120%,44.8,15.7,0.0,27.7,0.0,11.8,Z1,Anaerobic capacity / W' builder,vo2-progression-vo2-progression-12.zwo
7,GOOD ✓,Vo2 Progression #5,paul-mack,95.1,83.8,0.727,Anaerobic — 6×60s @ 120%,44.8,15.8,0.0,27.9,0.0,11.6,Z1,Anaerobic capacity / W' builder,vo2-progression-vo2-progression-5.zwo
7,GOOD ✓,Escalation,90plus-minutes-to-burn,95.0,90.0,0.754,Sprint — 5×30s @ 150%,26.8,15.8,31.6,17.4,2.6,5.8,Z3,Neuromuscular power / sprint,escalation.zwo
7,GOOD ✓,Escalation,build-me-up,95.0,90.0,0.754,Sprint — 5×30s @ 150%,26.8,15.8,31.6,17.4,2.6,5.8,Z3,Neuromuscular power / sprint,week-5-escalation.zwo
7,GOOD ✓,GC Coaching's Escalation,gc-coaching,95.0,90.0,0.754,Sprint — 5×30s @ 150%,26.8,15.8,31.6,17.4,2.6,5.8,Z3,Neuromuscular power / sprint,guided-workouts-gc-coachings-escalation.zwo
7,GOOD ✓,4. The Long Ride - Spiked Base,gran-fondo,95.0,74.7,0.687,Threshold — 12min steady @ 95%,17.9,53.7,21.1,0.0,6.3,1.1,Z2,Sustained threshold work,week-1-4-the-long-ride-spiked-base.zwo
7,GOOD ✓,Session 1: Pre-Test Day Ride,coop-academy,95.0,51.4,0.57,Sprint — 3×10s @ 160%,88.9,0.0,0.0,10.5,0.0,0.5,Z1,Neuromuscular power / sprint,month-1-session-1-pre-test-day-ride.zwo
7,GOOD ✓,Session 19: Pre-Test Day Ride,coop-academy,95.0,51.4,0.57,Sprint — 3×10s @ 160%,88.9,0.0,0.0,10.5,0.0,0.5,Z1,Neuromuscular power / sprint,month-3-session-19-pre-test-day-ride.zwo
7,GOOD ✓,Week 2: Threshold Pulling,coop-academy,95.0,92.9,0.766,VO2max — 30min steady @ 110%,0.0,57.9,0.0,0.0,0.0,42.1,Z2,Sustained supra-threshold work,month-5-semifinals-week-2-threshold-pulling.zwo
7,GOOD ✓,Week 4: Pulling Week,coop-academy,95.0,91.7,0.761,VO2max — 30min steady @ 110%,10.5,57.9,0.0,0.0,0.0,31.6,Z2,Sustained supra-threshold work,month-5-semifinals-week-4-pulling-week.zwo
7,GOOD ✓,Vo2 Progression #17,paul-mack,94.8,87.6,0.745,Anaerobic — 20×15s @ 120%,47.8,15.8,0.0,15.3,0.0,21.1,Z1,Anaerobic capacity / W' builder,vo2-progression-vo2-progression-17.zwo
7,GOOD ✓,Vo2 Progression #14,paul-mack,94.1,84.5,0.734,Anaerobic — 20×15s @ 120%,46.3,15.9,0.0,21.8,0.0,15.9,Z1,Anaerobic capacity / W' builder,vo2-progression-vo2-progression-14.zwo
7,GOOD ✓,Vo2 Progression #15,paul-mack,94.1,84.5,0.734,Anaerobic — 30×15s @ 120%,46.3,15.9,0.0,21.8,0.0,15.9,Z1,Anaerobic capacity / W' builder,vo2-progression-vo2-progression-15.zwo
7,GOOD ✓,Day 1 - Strength Training,crit-crusher,94.0,72.4,0.68,Sprint — 10×15s @ 200%,71.8,0.0,0.0,0.0,21.3,6.9,Z1,Neuromuscular power / sprint,week-3-day-1-strength-training.zwo
7,GOOD ✓,SST/L4 -90-100min - 7x5' with 4:30min@90% into 30s@105%,applied-training-science,94.0,76.5,0.699,Sweet Spot — 35min steady @ 92%,34.0,25.5,3.2,33.5,3.7,0.0,Z1,Sustained sub-threshold work,week-4-sstl4-90-100min-7x5-with-430min90-into-30s105.zwo
7,GOOD ✓,Over Under Progression #12,paul-mack,93.5,98.2,0.794,Anaerobic — 6×30s @ 110%,18.2,23.2,4.3,46.3,4.1,3.9,Z4,Anaerobic capacity / W' builder,over-under-progression-over-under-progression-12.zwo
7,GOOD ✓,4. Saturday - T: 3x20 w/ Bursts,gc-coaching-virtual-group-training-phase-1,93.0,89.1,0.758,Anaerobic — 3×30s @ 120%,19.9,64.5,2.2,2.2,0.0,11.3,Z2,Anaerobic capacity / W' builder,week-6-4-saturday-t-3x20-w-bursts.zwo
7,GOOD ✓,Sweetspot (SST) 75-120min with 4x10min@88-90-90-88%,applied-training-science,93.0,78.1,0.71,Sweet Spot — 40min steady @ 89%,30.1,26.9,0.0,43.0,0.0,0.0,Z4,Sustained sub-threshold work,week-3-sweetspot-sst-75-120min-with-4x10min88-90-90-88.zwo
7,GOOD ✓,Over Under Progression #19,paul-mack,92.1,92.9,0.778,Anaerobic — 3×60s @ 115%,18.5,29.1,7.1,36.8,0.4,8.1,Z4,Anaerobic capacity / W' builder,over-under-progression-over-under-progression-19.zwo
7,GOOD ✓,Day 2 - 5x3min Vo2 increasing,2018-prl100-prep,92.0,61.4,0.633,VO2max — 15min steady @ 110%,67.4,15.2,1.1,0.0,0.0,16.3,Z1,Sustained supra-threshold work,week-11-day-2-5x3min-vo2-increasing.zwo
7,GOOD ✓,Day 4 - Cruise 3 x 20min,2018-prl100-prep,92.0,104.6,0.826,Sweet Spot — 60min steady @ 95%,17.4,15.2,2.2,43.5,21.7,0.0,Z4,Sustained sub-threshold work,week-12-day-4-cruise-3-x-20min.zwo
7,GOOD ✓,SUPER Fast,90plus-minutes-to-burn,92.0,108.7,0.842,VO2max — 48min steady @ 108%,25.0,22.8,0.0,0.0,43.5,8.7,Z5,Sustained supra-threshold work,super-fast.zwo
7,GOOD ✓,Crisscross,federico-bassis,92.0,97.4,0.797,Anaerobic — 6×30s @ 120%,21.7,22.8,0.0,39.1,0.0,16.3,Z4,Anaerobic capacity / W' builder,crisscross.zwo
7,GOOD ✓,SUPER Fast,gcn,92.0,108.7,0.842,VO2max — 48min steady @ 108%,25.0,22.8,0.0,0.0,43.5,8.7,Z5,Sustained supra-threshold work,flat-out-fast-super-fast.zwo
7,GOOD ✓,Day 1 - The Quick Fix,hunters-challenge,92.0,120.9,0.888,Anaerobic — 6×60s @ 114%,0.0,38.0,10.9,28.3,0.0,22.8,Z2,Anaerobic capacity / W' builder,week-2-day-1-the-quick-fix.zwo
7,GOOD ✓,The Championship Decider,tri247com-pro-workouts,92.0,81.0,0.727,Threshold — 46min steady @ 96%,50.5,0.0,2.7,25.0,21.7,0.0,Z1,Sustained threshold work,the-championship-decider.zwo
7,GOOD ✓,SST/L4-3x10min with 2x4min@88% into 1min@100% - 70-100min,applied-training-science,92.0,74.3,0.696,Sweet Spot — 30min steady @ 90%,27.2,39.1,1.1,26.1,6.5,0.0,Z2,Sustained sub-threshold work,week-2-sstl4-3x10min-with-2x4min88-into-1min100-70-100min.zwo
7,GOOD ✓,Vo2 Progression #10,paul-mack,91.6,83.4,0.739,Anaerobic — 10×15s @ 120%,44.9,16.4,0.0,22.4,0.0,16.4,Z1,Anaerobic capacity / W' builder,vo2-progression-vo2-progression-10.zwo
7,GOOD ✓,Over Under Progression #20,paul-mack,91.3,91.7,0.776,Anaerobic — 3×60s @ 115%,18.6,29.4,7.2,37.1,0.4,7.3,Z4,Anaerobic capacity / W' builder,over-under-progression-over-under-progression-20.zwo
7,GOOD ✓,Day 2 - Mitochondria #3,4wk-prl-prep,91.0,54.4,0.599,Anaerobic — 20×30s @ 113%,80.2,2.2,1.1,4.4,0.0,12.1,Z1,Anaerobic capacity / W' builder,week-2-day-2-mitochondria-3.zwo
7,GOOD ✓,3. The Finisher,rising-stars-2023,91.0,91.1,0.775,Sweet Spot — 44min steady @ 95%,19.8,29.7,2.2,25.3,20.9,2.2,Z2,Sustained sub-threshold work,longer-workouts-3-the-finisher.zwo
7,GOOD ✓,SST/L4-2x12min with 4x2min@88% into 1min@100% -70-100min,applied-training-science,91.0,72.6,0.692,Sweet Spot — 24min steady @ 92%,22.0,50.5,1.1,17.6,8.8,0.0,Z2,Sustained sub-threshold work,week-1-sstl4-2x12min-with-4x2min88-into-1min100-70-100min.zwo
7,GOOD ✓,Over Under Progression #21,paul-mack,90.6,89.7,0.771,Anaerobic — 3×30s @ 125%,18.8,30.0,7.5,37.7,0.4,5.7,Z4,Anaerobic capacity / W' builder,over-under-progression-over-under-progression-21.zwo
7,GOOD ✓,Vo2 Progression #11,paul-mack,90.6,82.2,0.738,Anaerobic — 10×15s @ 120%,44.8,16.6,0.0,22.6,0.0,16.0,Z1,Anaerobic capacity / W' builder,vo2-progression-vo2-progression-11.zwo
7,GOOD ✓,VO 2 the Max,derek-rushs-pain-cave-challenge,90.5,117.1,0.881,Anaerobic — 50×60s @ 120%,32.0,11.0,0.0,0.0,0.0,56.9,Z6,Anaerobic capacity / W' builder,vo-2-the-max.zwo
7,GOOD ✓,Vo2 Progression #3,paul-mack,90.3,75.0,0.706,Anaerobic — 10×30s @ 120%,49.6,16.6,0.0,22.7,0.0,11.1,Z1,Anaerobic capacity / W' builder,vo2-progression-vo2-progression-3.zwo
7,GOOD ✓,Over Under Progression #4,paul-mack,90.1,86.5,0.759,Anaerobic — 4×60s @ 115%,13.3,32.4,35.3,9.0,0.4,9.6,Z3,Anaerobic capacity / W' builder,over-under-progression-over-under-progression-4.zwo
7,GOOD ✓,Over Under Progression #5,paul-mack,90.1,91.2,0.779,Anaerobic — 4×60s @ 115%,13.3,32.4,8.6,35.6,0.4,9.6,Z4,Anaerobic capacity / W' builder,over-under-progression-over-under-progression-5.zwo
7,GOOD ✓,Over Under Progression #7,paul-mack,90.1,88.5,0.768,Anaerobic — 4×30s @ 120%,13.3,34.6,9.7,36.8,0.4,5.2,Z4,Anaerobic capacity / W' builder,over-under-progression-over-under-progression-7.zwo
7,GOOD ✓,Over Under Progression #8,paul-mack,90.1,89.9,0.774,Anaerobic — 4×30s @ 135%,13.3,34.6,9.7,36.8,0.4,5.2,Z4,Anaerobic capacity / W' builder,over-under-progression-over-under-progression-8.zwo
7,GOOD ✓,Vo2 Progression #16,paul-mack,90.1,82.9,0.743,Anaerobic — 30×15s @ 120%,43.9,16.7,0.0,22.8,0.0,16.7,Z1,Anaerobic capacity / W' builder,vo2-progression-vo2-progression-16.zwo
7,GOOD ✓,Vo2 Progression #4,paul-mack,90.1,77.6,0.719,Anaerobic — 10×30s @ 120%,50.6,16.7,0.0,16.1,0.0,16.7,Z1,Anaerobic capacity / W' builder,vo2-progression-vo2-progression-4.zwo
7,GOOD ✓,Day 4,10-12wk-ftp-builder,90.0,69.0,0.678,Sweet Spot — 11min steady @ 95%,34.4,18.9,34.4,12.2,0.0,0.0,Z1,Sustained sub-threshold work,week-5-day-4.zwo
7,GOOD ✓,Exigent,90plus-minutes-to-burn,90.0,94.8,0.795,Sweet Spot — 56min steady @ 94%,22.8,15.6,33.3,0.6,22.8,5.0,Z3,Sustained sub-threshold work,exigent.zwo
7,GOOD ✓,HWBTWTDWH,90plus-minutes-to-burn,90.0,82.1,0.74,Sweet Spot — 22min steady @ 89%,21.7,33.3,11.1,30.6,0.6,2.8,Z2,Sustained sub-threshold work,hwbtwtdwh.zwo
7,GOOD ✓,Melange,90plus-minutes-to-burn,90.0,73.5,0.7,Anaerobic — 8×20s @ 130%,32.0,38.9,11.1,0.6,13.9,3.5,Z2,Anaerobic capacity / W' builder,melange.zwo
7,GOOD ✓,VO2 Intermittent - Semi Finals,best-of-coop-academy,90.0,97.0,0.804,Sprint — 10×15s @ 240%,27.8,30.6,0.0,33.3,0.0,8.3,Z4,Neuromuscular power / sprint,za-2017-vo2-intermittent-semi-finals.zwo
7,GOOD ✓,Exigent,build-me-up,90.0,94.8,0.795,Sweet Spot — 56min steady @ 94%,22.8,15.6,33.3,0.6,22.8,5.0,Z3,Sustained sub-threshold work,week-10-exigent.zwo
7,GOOD ✓,HWBTWTDWH,build-me-up,90.0,82.1,0.74,Sweet Spot — 22min steady @ 89%,21.7,33.3,11.1,30.6,0.6,2.8,Z2,Sustained sub-threshold work,week-6-hwbtwtdwh.zwo
7,GOOD ✓,Cucumber,build-me-up,90.0,95.8,0.799,Sweet Spot — 59min steady @ 92%,16.9,17.8,13.9,47.2,1.7,2.5,Z4,Sustained sub-threshold work,week-7-cucumber.zwo
7,GOOD ✓,Kirizuma,build-me-up,90.0,91.7,0.782,Anaerobic — 5×60s @ 110%,39.4,1.1,2.2,28.9,21.1,7.2,Z1,Anaerobic capacity / W' builder,week-7-kirizuma.zwo
7,GOOD ✓,Melange,build-me-up,90.0,73.5,0.7,Anaerobic — 8×20s @ 130%,32.0,38.9,11.1,0.6,13.9,3.5,Z2,Anaerobic capacity / W' builder,week-9-melange.zwo
7,GOOD ✓,Aerobic 90 with Micro Bursts,chris-ohearn,90.0,86.0,0.757,Anaerobic — 12×30s @ 140%,0.0,93.3,0.0,0.0,0.0,6.7,Z2,Anaerobic capacity / W' builder,aerobic-90-with-micro-bursts.zwo
7,GOOD ✓,Make the break,classics-climbing,90.0,99.4,0.814,Anaerobic — 6×20s @ 110%,16.7,29.4,0.0,33.9,10.6,9.4,Z4,Anaerobic capacity / W' builder,make-the-break.zwo
7,GOOD ✓,Day 3: The Hard Miles,coaches-challenge,90.0,83.3,0.745,Anaerobic — 4×30s @ 120%,47.8,0.0,3.9,32.8,0.6,15.0,Z1,Anaerobic capacity / W' builder,day-3-the-hard-miles.zwo
7,GOOD ✓,Aerobic Builds,endurance,90.0,75.2,0.708,Sweet Spot — 12min steady @ 89%,20.0,35.6,34.4,10.0,0.0,0.0,Z2,Sustained sub-threshold work,aerobic-builds.zwo
7,GOOD ✓,GC Coaching's Exigent,gc-coaching,90.0,94.8,0.795,Sweet Spot — 56min steady @ 94%,22.8,15.6,33.3,0.6,22.8,5.0,Z3,Sustained sub-threshold work,guided-workouts-gc-coachings-exigent.zwo
7,GOOD ✓,GC Coaching's HWBTWTDWH,gc-coaching,90.0,82.1,0.74,Sweet Spot — 22min steady @ 89%,21.7,33.3,11.1,30.6,0.6,2.8,Z2,Sustained sub-threshold work,guided-workouts-gc-coachings-hwbtwtdwh.zwo
7,GOOD ✓,GC Coaching's Kirizuma,gc-coaching,90.0,91.7,0.782,Anaerobic — 5×60s @ 110%,39.4,1.1,2.2,28.9,21.1,7.2,Z1,Anaerobic capacity / W' builder,guided-workouts-gc-coachings-kirizuma.zwo
7,GOOD ✓,5. Sunday - SST: Pedaling Efficiency Drills + 10 Minute Pyramid,gc-coaching-virtual-group-training-phase-1,90.0,73.3,0.699,Anaerobic — 3×30s @ 120%,31.7,28.9,35.6,2.2,0.0,1.7,Z3,Anaerobic capacity / W' builder,week-1-5-sunday-sst-pedaling-efficiency-drills-plus-10-minute-pyramid.zwo
7,GOOD ✓,5. Sunday - SST: 4x15 Varied,gc-coaching-virtual-group-training-phase-1,90.0,86.0,0.757,Anaerobic — 3×30s @ 120%,20.6,17.8,46.7,13.3,0.0,1.7,Z3,Anaerobic capacity / W' builder,week-5-5-sunday-sst-4x15-varied.zwo
7,GOOD ✓,4. Saturday - ME: SST OU 2x30 @65-75 RPM,gc-coaching-virtual-group-training-phase-1,90.0,96.0,0.8,Anaerobic — 3×30s @ 120%,20.6,6.7,35.6,35.6,0.0,1.7,Z3,Anaerobic capacity / W' builder,week-7-4-saturday-me-sst-ou-2x30-65-75-rpm.zwo
7,GOOD ✓,Building Base,gravel-grinder,90.0,72.0,0.693,Sweet Spot — 12min steady @ 89%,20.0,35.6,34.4,10.0,0.0,0.0,Z2,Sustained sub-threshold work,week-11-building-base.zwo
7,GOOD ✓,Aerobic Builds,gravel-grinder,90.0,75.2,0.708,Sweet Spot — 12min steady @ 89%,20.0,35.6,34.4,10.0,0.0,0.0,Z2,Sustained sub-threshold work,week-3-aerobic-builds.zwo
7,GOOD ✓,Honey Badger,momentum-cycling,90.0,87.6,0.764,Sweet Spot — 16min steady @ 90%,16.7,31.4,13.3,28.1,10.6,0.0,Z2,Sustained sub-threshold work,honey-badger.zwo
7,GOOD ✓,The Cannibal,momentum-cycling,90.0,101.1,0.821,Threshold — 50min steady @ 104%,26.7,16.1,0.0,0.0,46.1,11.1,Z5,Sustained threshold work,the-cannibal.zwo
7,GOOD ✓,War of Attrition,momentum-cycling,90.0,92.9,0.787,Anaerobic — 6×20s @ 110%,30.0,16.1,0.0,33.9,12.2,7.8,Z4,Anaerobic capacity / W' builder,war-of-attrition.zwo
7,GOOD ✓,Workout 3: Alpecin-Premier Tech Team Camp,new-workouts,90.0,68.7,0.677,Threshold — 10min steady @ 100%,38.9,16.7,33.3,0.0,11.1,0.0,Z1,Sustained threshold work,workout-3-alpecin-premier-tech-team-camp.zwo
7,GOOD ✓,3 Match Burn,one-of-a-kind,90.0,75.6,0.71,Threshold — 31min steady @ 103%,44.4,21.1,5.6,0.0,20.0,8.9,Z1,Sustained threshold work,3-match-burn.zwo
7,GOOD ✓,All Systems Check,paul-mack,90.0,75.2,0.708,Threshold — 36min steady @ 98%,53.9,3.3,2.2,23.3,13.3,3.9,Z1,Sustained threshold work,other-all-systems-check.zwo
7,GOOD ✓,Over Under Progression #17,paul-mack,90.0,100.1,0.817,Anaerobic — 4×60s @ 115%,18.9,20.7,2.8,43.1,0.4,14.1,Z4,Anaerobic capacity / W' builder,over-under-progression-over-under-progression-17.zwo
7,GOOD ✓,Over Under Progression #9,paul-mack,90.0,86.4,0.759,Anaerobic — 4×30s @ 110%,18.9,24.1,31.1,18.1,0.4,7.4,Z3,Anaerobic capacity / W' builder,over-under-progression-over-under-progression-9.zwo
7,GOOD ✓,Vo2 Progression #6,paul-mack,90.0,83.7,0.747,Anaerobic — 6×60s @ 120%,42.2,16.7,0.0,25.0,0.0,16.1,Z1,Anaerobic capacity / W' builder,vo2-progression-vo2-progression-6.zwo
7,GOOD ✓,FTP O/U - 5 Minutes,teamzf-direct-power-coaching-climbing-mission,90.0,78.2,0.722,Threshold — 40min steady @ 100%,55.6,0.0,0.0,22.2,0.0,22.2,Z1,Sustained threshold work,ftp-ou-5-minutes.zwo
7,GOOD ✓,FTP O/U,teamzf-direct-power-coaching-climbing-mission,90.0,70.0,0.683,Threshold — 40min steady @ 100%,55.6,0.0,0.0,22.2,0.0,22.2,Z1,Sustained threshold work,ftp-ou.zwo
7,GOOD ✓,Cucumber,threshold,90.0,95.8,0.799,Sweet Spot — 59min steady @ 92%,16.9,17.8,13.9,47.2,1.7,2.5,Z4,Sustained sub-threshold work,cucumber.zwo
7,GOOD ✓,Kirizuma,threshold,90.0,91.7,0.782,Anaerobic — 5×60s @ 110%,39.4,1.1,2.2,28.9,21.1,7.2,Z1,Anaerobic capacity / W' builder,kirizuma.zwo
7,GOOD ✓,Day 2,your-first-century,90.0,69.0,0.678,VO2max — 14min steady @ 109%,33.3,51.1,0.0,0.0,0.0,15.6,Z2,Sustained supra-threshold work,week-7-day-2.zwo
7,GOOD ✓,#44-DPC Z3+FTP Session 2,zf18-direct-power-coaching-phase-4,90.0,88.5,0.768,Sweet Spot — 50min steady @ 86%,22.2,0.0,66.7,11.1,0.0,0.0,Z3,Sustained sub-threshold work,week-1-44-dpc-z3-plusftp-session-2.zwo
7,GOOD ✓,VO2 Intermittent - Semi Finals,pro-development-2017,90.0,97.0,0.804,Sprint — 10×15s @ 240%,27.8,30.6,0.0,33.3,0.0,8.3,Z4,Neuromuscular power / sprint,semi-finals-vo2-intermittent-semi-finals.zwo
7,GOOD ✓,Extended Over Unders,best-of-coop-academy,89.0,85.2,0.758,Anaerobic — 3×30s @ 125%,28.7,33.7,0.0,0.0,20.2,17.4,Z2,Anaerobic capacity / W' builder,za-2017-extended-over-unders.zwo
7,GOOD ✓,Threshold Capacity,best-of-coop-academy,89.0,76.9,0.72,Sweet Spot — 1×15min @ 88%,43.8,16.9,0.0,16.9,11.2,11.2,Z1,,za-2017-threshold-capacity.zwo
7,GOOD ✓,Zone 3 with Sprints,best-of-coop-academy,89.0,69.4,0.684,Sprint — 4×15s @ 300%,53.9,16.9,28.1,0.0,0.0,1.1,Z1,Neuromuscular power / sprint,za-2017-zone-3-with-sprints.zwo
7,GOOD ✓,Dr. Octopus +1,human-power-performance,89.0,99.0,0.817,Threshold — 50min steady @ 98%,21.3,11.2,22.5,9.0,31.5,4.5,Z5,Sustained threshold work,classic-villains-dr-octopus-plus1.zwo
7,GOOD ✓,Master Blaster +1,human-power-performance,89.0,84.3,0.754,VO2max — 24min steady @ 108%,39.3,0.0,33.7,0.0,10.1,16.9,Z1,Sustained supra-threshold work,classic-villains-master-blaster-plus1.zwo
7,GOOD ✓,Session 23: Extra-Extended OUs,coop-academy,89.0,97.3,0.81,Threshold — 44min steady @ 104%,33.7,16.9,0.0,27.0,0.0,22.5,Z1,Sustained threshold work,month-3-session-23-extra-extended-ous.zwo
7,GOOD ✓,2. Zone 3 with Sprints,pro-development-2017,89.0,69.4,0.684,Sprint — 4×15s @ 300%,53.9,16.9,28.1,0.0,0.0,1.1,Z1,Neuromuscular power / sprint,month-1-2-zone-3-with-sprints.zwo
7,GOOD ✓,4. Threshold Capacity,pro-development-2017,89.0,76.9,0.72,Sweet Spot — 1×15min @ 88%,43.8,16.9,0.0,16.9,11.2,11.2,Z1,,month-1-4-threshold-capacity.zwo
7,GOOD ✓,7. Extended Over Unders,pro-development-2017,89.0,85.2,0.758,Anaerobic — 3×30s @ 125%,28.7,33.7,0.0,0.0,20.2,17.4,Z2,Anaerobic capacity / W' builder,month-1-7-extended-over-unders.zwo
7,GOOD ✓,Threshold Endurance,classics-climbing,88.8,108.9,0.858,Anaerobic — 3×90s @ 119%,11.3,18.0,17.5,18.0,25.9,9.3,Z5,Anaerobic capacity / W' builder,threshold-endurance.zwo
7,GOOD ✓,SST (Sweetspot) 2x15min@88% -90min,applied-training-science,88.2,70.4,0.692,Sweet Spot — 30min steady @ 89%,26.1,39.7,0.0,34.0,0.0,0.3,Z2,Sustained sub-threshold work,week-1-sst-sweetspot-2x15min88-90min.zwo
7,GOOD ✓,Vo2 Progression #1,paul-mack,88.1,75.1,0.715,Anaerobic — 10×15s @ 120%,44.4,17.0,0.0,30.1,0.0,8.5,Z1,Anaerobic capacity / W' builder,vo2-progression-vo2-progression-1.zwo
7,GOOD ✓,Session 3: Low Cadence Zone 3 Steps,coop-academy,88.0,76.7,0.723,Sweet Spot — 48min steady @ 88%,45.5,0.0,0.0,54.5,0.0,0.0,Z4,Sustained sub-threshold work,month-1-session-3-low-cadence-zone-3-steps.zwo
7,GOOD ✓,SST (Sweetspot) 2x20min@88% -75-120min,applied-training-science,88.0,75.0,0.715,Sweet Spot — 40min steady @ 88%,26.1,28.0,0.0,45.8,0.0,0.0,Z4,Sustained sub-threshold work,week-2-sst-sweetspot-2x20min88-75-120min.zwo
7,GOOD ✓,Over Under Progression #18,paul-mack,87.1,89.9,0.787,Anaerobic — 3×60s @ 115%,19.5,26.7,5.5,36.9,0.4,11.1,Z4,Anaerobic capacity / W' builder,over-under-progression-over-under-progression-18.zwo
7,GOOD ✓,Day 4 - 4x3min Vo2 increasing,2018-prl100-prep,87.0,55.6,0.619,VO2max — 12min steady @ 108%,67.8,16.1,2.3,0.0,0.0,13.8,Z1,Sustained supra-threshold work,week-10-day-4-4x3min-vo2-increasing.zwo
7,GOOD ✓,Day 6 - Intensive Aerobic x 4,2018-prl100-prep,87.0,87.3,0.776,Threshold — 44min steady @ 96%,31.0,16.1,2.3,25.3,25.3,0.0,Z1,Sustained threshold work,week-13-day-6-intensive-aerobic-x-4.zwo
7,GOOD ✓,Day 6 - Intensive Aerobic x 4,2018-prl100-prep,87.0,87.3,0.776,Threshold — 44min steady @ 96%,31.0,16.1,2.3,25.3,25.3,0.0,Z1,Sustained threshold work,week-14-day-6-intensive-aerobic-x-4.zwo
7,GOOD ✓,Threshold 2,federico-bassis,87.0,93.3,0.802,Anaerobic — 8×30s @ 110%,20.7,23.0,0.0,3.4,36.8,16.1,Z5,Anaerobic capacity / W' builder,threshold-2.zwo
7,GOOD ✓,Day 3 - Cadence and Heartrate,hunters-challenge,87.0,91.2,0.793,Sweet Spot — 45min steady @ 87%,0.0,41.4,58.6,0.0,0.0,0.0,Z3,Sustained sub-threshold work,week-1-day-3-cadence-and-heartrate.zwo
7,GOOD ✓,Intensive Aerobic x 4,threshold,87.0,87.3,0.776,Threshold — 44min steady @ 96%,31.0,16.1,2.3,25.3,25.3,0.0,Z1,Sustained threshold work,intensive-aerobic-x-4.zwo
7,GOOD ✓,Day 2 - Mitochondria #2,4wk-prl-prep,86.0,49.4,0.587,Anaerobic — 15×30s @ 113%,82.0,2.3,1.2,4.7,0.0,9.9,Z1,Anaerobic capacity / W' builder,week-1-day-2-mitochondria-2.zwo
7,GOOD ✓,Method,build-me-up,86.0,66.5,0.681,Sweet Spot — 12min steady @ 86%,28.5,34.9,35.5,0.6,0.6,0.0,Z3,Sustained sub-threshold work,week-5-method.zwo
7,GOOD ✓,Day 4 - Tempo,ftp-builder,86.0,69.4,0.696,Sweet Spot — 18min steady @ 88%,43.0,11.6,10.5,29.1,5.8,0.0,Z1,Sustained sub-threshold work,week-3-day-4-tempo.zwo
7,GOOD ✓,GC Coaching's PD + Pyramids,gc-coaching,86.0,66.5,0.681,Sweet Spot — 12min steady @ 86%,28.5,34.9,35.5,0.6,0.6,0.0,Z3,Sustained sub-threshold work,guided-workouts-gc-coachings-pd-plus-pyramids.zwo
7,GOOD ✓,2. Fatigue Fighter,rising-stars-2023,86.0,84.1,0.766,Threshold — 25min steady @ 98%,43.0,7.0,2.3,15.1,25.6,7.0,Z1,Sustained threshold work,longer-workouts-2-fatigue-fighter.zwo
7,GOOD ✓,Day 7 - Super Peaks Pyramid,hunters-challenge,85.5,87.4,0.783,Threshold — 26min steady @ 100%,0.0,69.0,11.7,12.9,0.0,6.4,Z2,Sustained threshold work,week-1-day-7-super-peaks-pyramid.zwo
7,GOOD ✓,Day 4 - Sub Threshold #4,2018-prl100-prep,85.0,83.3,0.767,Sweet Spot — 50min steady @ 90%,23.5,17.6,5.9,47.1,0.0,5.9,Z4,Sustained sub-threshold work,week-4-day-4-sub-threshold-4.zwo
7,GOOD ✓,Amalgam,60-90-minutes-to-burn,85.0,81.2,0.757,Anaerobic — 6×15s @ 110%,23.5,30.6,11.8,0.6,24.1,9.4,Z2,Anaerobic capacity / W' builder,amalgam.zwo
7,GOOD ✓,Amalgam,build-me-up,85.0,81.2,0.757,Anaerobic — 6×15s @ 110%,23.5,30.6,11.8,0.6,24.1,9.4,Z2,Anaerobic capacity / W' builder,week-3-amalgam.zwo
7,GOOD ✓,The Long Ride,endurance,85.0,86.4,0.781,Threshold — 16min steady @ 98%,8.2,56.5,0.0,25.9,9.4,0.0,Z2,Sustained threshold work,the-long-ride.zwo
7,GOOD ✓,3. The Long Ride,fondo,85.0,86.4,0.781,Threshold — 16min steady @ 98%,8.2,56.5,0.0,25.9,9.4,0.0,Z2,Sustained threshold work,week-2-3-the-long-ride.zwo
7,GOOD ✓,GC Coaching's Amalgam,gc-coaching,85.0,81.2,0.757,Anaerobic — 6×15s @ 110%,23.5,30.6,11.8,0.6,24.1,9.4,Z2,Anaerobic capacity / W' builder,guided-workouts-gc-coachings-amalgam.zwo
7,GOOD ✓,Chamois Abuse,gc-coaching,85.0,89.5,0.795,Anaerobic — 3×30s @ 115%,42.4,11.8,0.0,0.0,29.4,16.5,Z1,Anaerobic capacity / W' builder,racing-chamois-abuse.zwo
7,GOOD ✓,Workout 10,mountain-bike,85.0,71.2,0.709,Sweet Spot — 43min steady @ 94%,41.2,8.2,35.3,0.0,0.0,15.3,Z1,Sustained sub-threshold work,annika-langvad-series-workout-10.zwo
7,GOOD ✓,Sub Threshold #4,sweet-spot,85.0,83.3,0.767,Sweet Spot — 50min steady @ 90%,23.5,17.6,5.9,47.1,0.0,5.9,Z4,Sustained sub-threshold work,sub-threshold-4.zwo
7,GOOD ✓,"#32-DPC ""Sweetspot"" Session 2",zf18-direct-power-coaching-phase-3,85.0,74.3,0.724,Sweet Spot — 45min steady @ 90%,47.1,0.0,0.0,52.9,0.0,0.0,Z4,Sustained sub-threshold work,week-2-32-dpc-sweetspot-session-2.zwo
7,GOOD ✓,#84-DPC Z5 Intervals Set 3 Min,zf18-direct-power-coaching-phase-7,85.0,66.3,0.684,Anaerobic — 5×60s @ 115%,70.6,0.0,0.0,0.0,0.0,29.4,Z1,Anaerobic capacity / W' builder,week-3-84-dpc-z5-intervals-set-3-min.zwo
7,GOOD ✓,"#111-DPC ""Sweetspot"" Session",zf18-direct-power-coaching-phase-9,85.0,84.9,0.774,Sweet Spot — 60min steady @ 88%,29.4,0.0,0.0,70.6,0.0,0.0,Z4,Sustained sub-threshold work,week-4-111-dpc-sweetspot-session.zwo
7,GOOD ✓,Session 4: Split Zone 2/3,coop-academy,85.0,67.3,0.689,Sweet Spot — 20min steady @ 88%,41.2,35.3,0.0,23.5,0.0,0.0,Z1,Sustained sub-threshold work,month-1-session-4-split-zone-23.zwo
7,GOOD ✓,Session 27: MAP 30/30,coop-academy,85.0,86.0,0.779,Anaerobic — 20×30s @ 130%,11.8,64.7,0.0,0.0,0.0,23.5,Z2,Anaerobic capacity / W' builder,month-3-session-27-map-3030.zwo
7,GOOD ✓,AC 6 x :60 & SST 1 x 45 (1:24) 10' CD,cvr-world-cup-training,84.0,96.9,0.832,Anaerobic — 6×60s @ 135%,15.5,23.8,0.0,53.6,0.0,7.1,Z4,Anaerobic capacity / W' builder,ac-6-x-60-sst-1-x-45-124-10-cd.zwo
7,GOOD ✓,Lactate High 3,chris-ohearn,83.0,81.6,0.768,Sweet Spot — 39min steady @ 92%,6.0,47.0,0.0,47.0,0.0,0.0,Z2,Sustained sub-threshold work,lactate-high-3.zwo
7,GOOD ✓,Sweetspot (SST) 75-120min with 40min@88%,applied-training-science,83.0,74.5,0.734,Sweet Spot — 40min steady @ 88%,15.7,36.1,0.0,48.2,0.0,0.0,Z4,Sustained sub-threshold work,week-4-sweetspot-sst-75-120min-with-40min88.zwo
7,GOOD ✓,Day 2,10-12wk-ftp-builder,82.8,60.1,0.66,Sprint — 5×10s @ 200%,36.0,57.3,0.0,0.0,0.0,6.6,Z2,Neuromuscular power / sprint,week-3-day-2.zwo
7,GOOD ✓,Day 2,your-first-century,82.5,70.5,0.716,Anaerobic — 5×90s @ 200%,54.5,36.4,0.0,0.0,0.0,9.1,Z1,Anaerobic capacity / W' builder,week-8-day-2.zwo
7,GOOD ✓,Workout 16,endurance,82.0,76.3,0.747,Threshold — 17min steady @ 99%,22.0,32.9,24.4,14.6,0.0,6.1,Z2,Sustained threshold work,workout-16.zwo
7,GOOD ✓,Day 4 - Tempo,ftp-builder,82.0,66.8,0.699,Sweet Spot — 18min steady @ 88%,41.5,12.2,11.0,30.5,4.9,0.0,Z1,Sustained sub-threshold work,week-2-day-4-tempo.zwo
7,GOOD ✓,VO2: 5x3 + 2x10 SST,gc-coaching,82.0,79.1,0.761,Threshold — 40min steady @ 100%,43.3,7.3,2.4,26.8,0.0,20.1,Z1,Sustained threshold work,vo2max-vo2-5x3-plus-2x10-sst.zwo
7,GOOD ✓,Workout 16,mountain-bike,82.0,76.3,0.747,Threshold — 17min steady @ 99%,22.0,32.9,24.4,14.6,0.0,6.1,Z2,Sustained threshold work,annika-langvad-series-workout-16.zwo
7,GOOD ✓,Tempo,sweet-spot,82.0,66.8,0.699,Sweet Spot — 18min steady @ 88%,41.5,12.2,11.0,30.5,4.9,0.0,Z1,Sustained sub-threshold work,tempo.zwo
7,GOOD ✓,Session 16: Threshold Pushing #2,coop-academy,82.0,67.2,0.701,Threshold — 32min steady @ 100%,36.6,24.4,0.0,0.0,39.0,0.0,Z5,Sustained threshold work,month-2-session-16-threshold-pushing-2.zwo
7,GOOD ✓,6. All Out Burn,rising-stars-2023,82.0,81.2,0.771,Threshold — 41min steady @ 98%,42.7,4.9,2.4,26.8,12.8,10.4,Z1,Sustained threshold work,longer-workouts-6-all-out-burn.zwo
7,GOOD ✓,Day 5 - Explosive SST #3,2018-prl100-prep,81.5,78.5,0.76,Sweet Spot — 42min steady @ 92%,29.4,17.2,2.5,49.1,0.0,1.8,Z4,Sustained sub-threshold work,week-10-day-5-explosive-sst-3.zwo
7,GOOD ✓,Day 4 - Explosive SST #3,2018-prl100-prep,81.5,78.5,0.76,Sweet Spot — 42min steady @ 92%,29.4,17.2,2.5,49.1,0.0,1.8,Z4,Sustained sub-threshold work,week-9-day-4-explosive-sst-3.zwo
7,GOOD ✓,5. The Steady State,rising-stars-2023,81.0,61.5,0.675,Sweet Spot — 31min steady @ 90%,51.9,8.6,1.2,37.7,0.6,0.0,Z1,Sustained sub-threshold work,longer-workouts-5-the-steady-state.zwo
7,GOOD ✓,Day 3 - Vo2 climbing #1,4wk-prl-prep,80.0,72.0,0.735,Threshold — 26min steady @ 106%,42.5,25.0,0.0,0.0,6.2,26.2,Z1,Sustained threshold work,week-3-day-3-vo2-climbing-1.zwo
7,GOOD ✓,Day 6 - Climbing Sustained Threshold,4wk-prl-prep,80.0,82.4,0.786,Sweet Spot — 48min steady @ 91%,15.0,25.0,0.0,60.0,0.0,0.0,Z4,Sustained sub-threshold work,week-3-day-6-climbing-sustained-threshold.zwo
7,GOOD ✓,2x20 FTP Intervals,60-90-minutes-to-burn,80.0,86.0,0.803,Threshold — 40min steady @ 100%,12.5,37.5,0.0,0.0,50.0,0.0,Z5,Sustained threshold work,2x20-ftp-intervals.zwo
7,GOOD ✓,2x20 FTP Intervals,60-90-minutes-to-burn-legacy,80.0,86.0,0.803,Threshold — 40min steady @ 100%,12.5,37.5,0.0,0.0,50.0,0.0,Z5,Sustained threshold work,2x20-ftp-intervals.zwo
7,GOOD ✓,Threshold Pyramid High,chris-ohearn,80.0,68.9,0.719,Threshold — 25min steady @ 100%,31.2,37.5,0.0,0.0,31.2,0.0,Z2,Sustained threshold work,threshold-pyramid-high.zwo
7,GOOD ✓,Day 6: Variable Contracting Intervals,coaches-challenge,80.0,68.9,0.719,VO2max — 15min steady @ 110%,37.7,31.2,12.5,12.5,0.0,6.0,Z1,Sustained supra-threshold work,day-6-variable-contracting-intervals.zwo
7,GOOD ✓,Day 1 - Cadence drills,hunters-challenge,80.0,79.9,0.774,Sweet Spot — 20min steady @ 87%,0.0,50.0,50.0,0.0,0.0,0.0,Z2,Sustained sub-threshold work,week-3-day-1-cadence-drills.zwo
7,GOOD ✓,Day 7 - Stuck in the Rut,hunters-challenge,80.0,92.3,0.832,Anaerobic — 10×60s @ 114%,0.0,37.5,50.0,0.0,0.0,12.5,Z3,Anaerobic capacity / W' builder,week-3-day-7-stuck-in-the-rut.zwo
7,GOOD ✓,Chain Breaker,momentum-cycling,80.0,80.3,0.776,Threshold — 31min steady @ 101%,30.0,20.6,11.2,16.2,8.1,13.8,Z1,Sustained threshold work,chain-breaker.zwo
7,GOOD ✓,"#29-DPC ""Sweetspot"" Session 1",zf18-direct-power-coaching-phase-3,80.0,68.4,0.716,Sweet Spot — 40min steady @ 92%,50.0,0.0,0.0,50.0,0.0,0.0,Z1,Sustained sub-threshold work,week-1-29-dpc-sweetspot-session-1.zwo
7,GOOD ✓,"#35-DPC ""Sweetspot"" Session 3",zf18-direct-power-coaching-phase-3,80.0,77.4,0.762,Sweet Spot — 50min steady @ 90%,37.5,0.0,0.0,62.5,0.0,0.0,Z4,Sustained sub-threshold work,week-3-35-dpc-sweetspot-session-3.zwo
7,GOOD ✓,Day 2: Pernicious,coaches-challenge,79.8,71.6,0.734,Anaerobic — 3×30s @ 115%,44.8,0.0,0.0,40.1,10.0,5.0,Z1,Anaerobic capacity / W' builder,day-2-pernicious.zwo
7,GOOD ✓,Day 2 - Cruise 2 x 25min,2018-prl100-prep,79.0,87.2,0.814,Sweet Spot — 50min steady @ 94%,16.5,17.7,2.5,31.6,31.6,0.0,Z4,Sustained sub-threshold work,week-10-day-2-cruise-2-x-25min.zwo
7,GOOD ✓,Day 4 - Cruise 2 x 25min,2018-prl100-prep,79.0,87.2,0.814,Sweet Spot — 50min steady @ 94%,16.5,17.7,2.5,31.6,31.6,0.0,Z4,Sustained sub-threshold work,week-11-day-4-cruise-2-x-25min.zwo
7,GOOD ✓,Anaerobic Slide High,chris-ohearn,79.0,66.2,0.709,Anaerobic — 8×30s @ 140%,46.8,22.8,0.0,17.7,0.0,12.7,Z1,Anaerobic capacity / W' builder,anaerobic-slide-high.zwo
7,GOOD ✓,Stage 17,dig-deep-coaching-3-week-grand-tour,79.0,87.2,0.814,Threshold — 48min steady @ 95%,27.2,0.0,25.3,12.7,32.9,1.9,Z5,Sustained threshold work,stage-17.zwo
7,GOOD ✓,Dr. Octopus,human-power-performance,79.0,83.0,0.794,Threshold — 40min steady @ 97%,24.1,12.7,25.3,10.1,22.8,5.1,Z3,Sustained threshold work,classic-villains-dr-octopus.zwo
7,GOOD ✓,"#57-DPC ""Sweetspot"" Session 2",zf18-direct-power-coaching-phase-5,79.0,81.3,0.786,Sweet Spot — 54min steady @ 90%,31.6,0.0,0.0,68.4,0.0,0.0,Z4,Sustained sub-threshold work,week-2-57-dpc-sweetspot-session-2.zwo
7,GOOD ✓,Session 7: Threshold Pushing,coop-academy,79.0,62.7,0.69,Threshold — 24min steady @ 100%,44.3,25.3,0.0,0.0,30.4,0.0,Z1,Sustained threshold work,month-1-session-7-threshold-pushing.zwo
7,GOOD ✓,1. Explosive 30s,rising-stars-2023,79.0,59.1,0.67,Anaerobic — 3×20s @ 130%,43.0,26.6,27.8,1.3,0.0,1.3,Z1,Anaerobic capacity / W' builder,longer-workouts-1-explosive-30s.zwo
7,GOOD ✓,Anaerobic Slide Medium,chris-ohearn,78.5,61.2,0.684,Anaerobic — 8×25s @ 140%,51.2,22.9,0.0,14.0,0.0,11.9,Z1,Anaerobic capacity / W' builder,anaerobic-slide-medium.zwo
7,GOOD ✓,3x9' Progressive Climbing,aionathletics,78.0,50.9,0.626,Sweet Spot — 18min steady @ 90%,65.4,0.0,23.1,11.5,0.0,0.0,Z1,Sustained sub-threshold work,climbing-3x9-progressive-climbing.zwo
7,GOOD ✓,Gorby+,classics-climbing,78.0,86.3,0.815,Anaerobic — 4×40s @ 154%,25.6,29.9,0.0,10.3,2.6,31.6,Z6,Anaerobic capacity / W' builder,gorby-plus.zwo
7,GOOD ✓,Day 2 - Threshold Development,ftp-builder,78.0,77.3,0.771,Threshold — 28min steady @ 97%,29.5,12.8,0.0,25.6,32.1,0.0,Z5,Sustained threshold work,week-6-day-2-threshold-development.zwo
7,GOOD ✓,Hill Pyramid at Threshold,gravel-grinder,78.0,64.2,0.703,Threshold — 20min steady @ 100%,33.3,38.5,0.0,0.0,28.2,0.0,Z2,Sustained threshold work,week-6-hill-pyramid-at-threshold.zwo
7,GOOD ✓,Workout 4: Alpecin-Premier Tech Team Camp,new-workouts,78.0,48.2,0.609,Anaerobic — 16×30s @ 125%,64.1,25.6,0.0,0.0,0.0,10.3,Z1,Anaerobic capacity / W' builder,workout-4-alpecin-premier-tech-team-camp.zwo
7,GOOD ✓,Hill Pyramid At Threshold,threshold,78.0,64.2,0.703,Threshold — 20min steady @ 100%,33.3,38.5,0.0,0.0,28.2,0.0,Z2,Sustained threshold work,hill-pyramid-at-threshold.zwo
7,GOOD ✓,Lucy Gossage 12 Days,tri247com-pro-workouts,78.0,71.0,0.739,Anaerobic — 6×60s @ 110%,31.2,33.3,0.0,14.1,0.0,21.4,Z2,Anaerobic capacity / W' builder,lucy-gossage-12-days.zwo
7,GOOD ✓,BP Tuesday Kharboom,one-of-a-kind,77.3,106.0,0.907,VO2max — 47min steady @ 111%,20.2,15.0,9.9,9.1,17.6,28.3,Z6,Sustained supra-threshold work,bp-tuesday-kharboom.zwo
7,GOOD ✓,Day 6 - Tractor Pulls!,hunters-challenge,77.0,82.8,0.803,Anaerobic — 10×60s @ 114%,0.0,59.7,7.8,19.5,0.0,13.0,Z2,Anaerobic capacity / W' builder,week-1-day-6-tractor-pulls.zwo
7,GOOD ✓,Session 22: Extended Over Unders,coop-academy,77.0,77.3,0.776,Threshold — 32min steady @ 105%,39.0,19.5,0.0,23.4,3.9,14.3,Z1,Sustained threshold work,month-3-session-22-extended-over-unders.zwo
7,GOOD ✓,Day 6 - XX SST 2 x 20min,2018-prl100-prep,76.0,77.5,0.782,Sweet Spot — 40min steady @ 95%,26.3,18.4,2.6,39.5,0.0,13.2,Z4,Sustained sub-threshold work,week-11-day-6-xx-sst-2-x-20min.zwo
7,GOOD ✓,Day 6 - XX SST 2 x 20min,2018-prl100-prep,76.0,77.5,0.782,Sweet Spot — 40min steady @ 95%,26.3,18.4,2.6,39.5,0.0,13.2,Z4,Sustained sub-threshold work,week-12-day-6-xx-sst-2-x-20min.zwo
7,GOOD ✓,Day 4 - Sub Threshold #3,2018-prl100-prep,76.0,74.7,0.768,Sweet Spot — 45min steady @ 89%,21.1,19.7,0.0,59.2,0.0,0.0,Z4,Sustained sub-threshold work,week-3-day-4-sub-threshold-3.zwo
7,GOOD ✓,TT efforts,60-90-minutes-to-burn,76.0,66.9,0.727,Threshold — 30min steady @ 105%,56.6,3.9,0.0,0.0,39.5,0.0,Z1,Sustained threshold work,tt-efforts.zwo
7,GOOD ✓,Lionel Sanders Intervals,misc,76.0,65.5,0.719,Anaerobic — 5×60s @ 115%,55.3,10.5,0.0,0.0,0.0,34.2,Z1,Anaerobic capacity / W' builder,New_Workout.zwo
7,GOOD ✓,TT efforts,gcn,76.0,66.9,0.727,Threshold — 30min steady @ 105%,56.6,3.9,0.0,0.0,39.5,0.0,Z1,Sustained threshold work,flat-out-fast-tt-efforts.zwo
7,GOOD ✓,XX SST 2 x 20min,sweet-spot,76.0,77.5,0.782,Sweet Spot — 40min steady @ 95%,26.3,18.4,2.6,39.5,0.0,13.2,Z4,Sustained sub-threshold work,xx-sst-2-x-20min.zwo
7,GOOD ✓,Session 9: Extended Over Unders,coop-academy,76.0,69.7,0.742,VO2max — 26min steady @ 114%,65.8,0.0,0.0,0.0,23.7,10.5,Z1,Sustained supra-threshold work,month-1-session-9-extended-over-unders.zwo
7,GOOD ✓,Stage 10,dig-deep-coaching-3-week-grand-tour,75.7,78.1,0.787,Threshold — 48min steady @ 96%,34.4,0.0,15.9,27.8,18.5,3.5,Z1,Sustained threshold work,stage-10.zwo
7,GOOD ✓,Day 6 - Pyramid of Power,hunters-challenge,75.5,54.3,0.657,VO2max — 16min steady @ 111%,66.2,13.2,0.0,0.0,7.9,12.6,Z1,Sustained supra-threshold work,week-2-day-6-pyramid-of-power.zwo
7,GOOD ✓,Day 2 - Super Peaks Pyramid,hunters-challenge,75.5,85.4,0.824,VO2max — 26min steady @ 109%,0.0,66.2,6.6,15.9,0.0,11.3,Z2,Sustained supra-threshold work,week-3-day-2-super-peaks-pyramid.zwo
7,GOOD ✓,Endurance Stimulation,best-of-coop-academy,75.2,70.5,0.75,Sweet Spot — 25min steady @ 94%,25.4,8.0,49.2,0.9,10.6,6.0,Z3,Sustained sub-threshold work,za-2019-endurance-stimulation.zwo
7,GOOD ✓,Norseman workout: Imingfjell,climbing,75.0,59.3,0.689,Anaerobic — 4×60s @ 110%,55.6,10.7,5.3,10.7,10.7,7.1,Z1,Anaerobic capacity / W' builder,norseman-workout-imingfjell.zwo
7,GOOD ✓,Stage 15,dig-deep-coaching-3-week-grand-tour,75.0,80.8,0.804,Threshold — 38min steady @ 100%,31.3,2.7,16.0,32.0,13.3,4.7,Z4,Sustained threshold work,stage-15.zwo
7,GOOD ✓,#1 Find Your Rhythm - Long,fitness-tune-up,75.0,75.5,0.777,Sweet Spot — 44min steady @ 93%,24.0,17.0,0.0,48.0,8.0,3.0,Z4,Sustained sub-threshold work,long-1-find-your-rhythm-long.zwo
7,GOOD ✓,#6 Built to Last - Long,fitness-tune-up,75.0,78.8,0.794,Threshold — 44min steady @ 96%,31.0,10.0,8.0,38.7,0.0,12.3,Z4,Sustained threshold work,long-6-built-to-last-long.zwo
7,GOOD ✓,FRNKLN - January 31,franklin-bespoke,75.0,109.3,0.935,VO2max — 43min steady @ 110%,10.7,20.0,10.7,17.3,10.7,30.7,Z6,Sustained supra-threshold work,getting-fit-in-january-frnkln-january-31.zwo
7,GOOD ✓,4. Saturday - SST: Bursts,gc-coaching-virtual-group-training-phase-1,75.0,76.4,0.782,Anaerobic — 3×30s @ 120%,28.7,8.0,2.7,50.7,0.0,10.0,Z4,Anaerobic capacity / W' builder,week-5-4-saturday-sst-bursts.zwo
7,GOOD ✓,1. Tuesday - E/T/LT/A: Kitchen Sink (short),gc-coaching-virtual-group-training-phase-1,75.0,72.6,0.762,Anaerobic — 3×30s @ 120%,24.7,45.3,2.7,2.7,13.3,11.3,Z2,Anaerobic capacity / W' builder,week-7-1-tuesday-etlta-kitchen-sink-short.zwo
7,GOOD ✓,3. Thursday - Ladders,gc-coaching-virtual-group-training-phase-1,75.0,75.1,0.775,Anaerobic — 3×30s @ 120%,31.3,24.0,18.7,2.7,16.0,7.3,Z1,Anaerobic capacity / W' builder,week-7-3-thursday-ladders.zwo
7,GOOD ✓,Over the top,gravel-grinder,75.0,60.0,0.693,Threshold — 15min steady @ 98%,50.7,12.0,17.3,8.0,9.3,2.7,Z1,Sustained threshold work,week-3-over-the-top.zwo
7,GOOD ✓,Richard Stanard FTP Advancer,tri247com-pro-workouts,75.0,80.4,0.802,VO2max — 31min steady @ 117%,28.0,31.1,0.0,0.0,0.0,40.9,Z6,Sustained supra-threshold work,richard-stanard-ftp-advancer.zwo
7,GOOD ✓,"#08-DPC Early Season - ""Sweetspot"" Session 3",zf18-direct-power-coaching-phase-1,75.0,60.4,0.695,Sweet Spot — 34min steady @ 90%,54.7,0.0,0.0,45.3,0.0,0.0,Z1,Sustained sub-threshold work,week-3-08-dpc-early-season-sweetspot-session-3.zwo
7,GOOD ✓,"#11-DPC Early Season - ""Sweetspot"" Session 4",zf18-direct-power-coaching-phase-1,75.0,60.4,0.695,Sweet Spot — 34min steady @ 90%,54.7,0.0,0.0,45.3,0.0,0.0,Z1,Sustained sub-threshold work,week-4-11-dpc-early-season-sweetspot-session-4.zwo
7,GOOD ✓,"#19-DPC ""Sweetspot"" Session",zf18-direct-power-coaching-phase-2,75.0,60.4,0.695,Sweet Spot — 34min steady @ 90%,54.7,0.0,0.0,45.3,0.0,0.0,Z1,Sustained sub-threshold work,week-2-19-dpc-sweetspot-session.zwo
7,GOOD ✓,"#54-DPC ""Sweetspot"" Session 1",zf18-direct-power-coaching-phase-5,75.0,70.7,0.752,Sweet Spot — 45min steady @ 90%,40.0,0.0,0.0,60.0,0.0,0.0,Z4,Sustained sub-threshold work,week-1-54-dpc-sweetspot-session-1.zwo
7,GOOD ✓,ODChickenCyclingers - 30/30's,twelve-week-ftp-challenge,75.0,48.2,0.621,Anaerobic — 3×15s @ 120%,61.3,11.0,0.0,0.0,0.0,27.7,Z1,Anaerobic capacity / W' builder,vo2-max-community-3030s.zwo
7,GOOD ✓,#5 Under Control - Long,fitness-tune-up,74.7,70.9,0.755,Sweet Spot — 41min steady @ 91%,30.4,14.7,0.0,42.9,10.7,1.3,Z4,Sustained sub-threshold work,long-5-under-control-long.zwo
7,GOOD ✓,Power Repeats,derek-rushs-pain-cave-challenge,74.5,98.4,0.89,Anaerobic — 30×60s @ 150%,44.3,13.4,0.0,0.0,0.0,42.3,Z1,Anaerobic capacity / W' builder,power-repeats.zwo
7,GOOD ✓,Volcano Climb Forward,60-90-minutes-to-burn,74.2,88.3,0.845,Threshold — 50min steady @ 99%,20.7,10.8,33.7,8.1,2.7,24.0,Z3,Sustained threshold work,volcano-climb-forward.zwo
7,GOOD ✓,1. Volcano Climb Forward,z-racing,74.2,88.3,0.845,Threshold — 50min steady @ 99%,20.7,10.8,33.7,8.1,2.7,24.0,Z3,Sustained threshold work,week-4-1-volcano-climb-forward.zwo
7,GOOD ✓,1. Volcano Climb Forward,z-racing,74.2,88.3,0.845,Threshold — 50min steady @ 99%,20.7,10.8,33.7,8.1,2.7,24.0,Z3,Sustained threshold work,week-5-1-volcano-climb-forward.zwo
7,GOOD ✓,1. Volcano Climb Forward,competitive-race-prep,74.2,88.3,0.845,Threshold — 50min steady @ 99%,20.7,10.8,33.7,8.1,2.7,24.0,Z3,Sustained threshold work,week-4-1-volcano-climb-forward.zwo
7,GOOD ✓,1. Volcano Climb Forward,competitive-race-prep,74.2,88.3,0.845,Threshold — 50min steady @ 99%,20.7,10.8,33.7,8.1,2.7,24.0,Z3,Sustained threshold work,week-5-1-volcano-climb-forward.zwo
7,GOOD ✓,Day 2 - 6x3min Vo2 increasing,2018-prl100-prep,74.0,59.7,0.696,VO2max — 18min steady @ 110%,54.1,18.9,2.7,0.0,0.0,24.3,Z1,Sustained supra-threshold work,week-12-day-2-6x3min-vo2-increasing.zwo
7,GOOD ✓,Day 3 - Vo2 Max 3min & 2min,4wk-prl-prep,74.0,65.7,0.73,VO2max — 22min steady @ 109%,43.2,27.0,0.0,0.0,6.8,23.0,Z1,Sustained supra-threshold work,week-2-day-3-vo2-max-3min-2min.zwo
7,GOOD ✓,Stage 16,dig-deep-coaching-3-week-grand-tour,74.0,74.5,0.777,Sweet Spot — 44min steady @ 95%,39.9,0.0,13.5,24.3,20.3,2.0,Z1,Sustained sub-threshold work,stage-16.zwo
7,GOOD ✓,Day 4 - Threshold Development,ftp-builder,74.0,71.6,0.762,Threshold — 18min steady @ 99%,27.0,16.2,0.0,35.1,21.6,0.0,Z4,Sustained threshold work,week-6-day-4-threshold-development.zwo
7,GOOD ✓,Vo2 Max 3min & 2min,vo2-max,74.0,65.7,0.73,VO2max — 22min steady @ 109%,43.2,27.0,0.0,0.0,6.8,23.0,Z1,Sustained supra-threshold work,vo2-max-3min-2min.zwo
7,GOOD ✓,#59-DPC Attack Intervals - Set 3,zf18-direct-power-coaching-phase-5,74.0,75.2,0.781,VO2max — 34min steady @ 110%,47.3,6.8,0.0,0.0,43.2,2.7,Z1,Sustained supra-threshold work,week-3-59-dpc-attack-intervals-set-3.zwo
7,GOOD ✓,Lactate Med 3,chris-ohearn,73.8,70.4,0.757,Sweet Spot — 30min steady @ 95%,18.6,40.7,0.0,40.7,0.0,0.0,Z2,Sustained sub-threshold work,lactate-med-3.zwo
7,GOOD ✓,Stage 19,dig-deep-coaching-3-week-grand-tour,73.5,79.0,0.803,Sweet Spot — 46min steady @ 95%,29.9,2.7,4.1,51.7,9.5,2.0,Z4,Sustained sub-threshold work,stage-19.zwo
7,GOOD ✓,Workout 7,mountain-bike,73.5,74.3,0.779,Threshold — 38min steady @ 104%,38.1,9.5,0.0,0.0,49.0,3.4,Z5,Sustained threshold work,annika-langvad-series-workout-7.zwo
7,GOOD ✓,Day 2 - Threshold Development,ftp-builder,73.0,69.4,0.755,Threshold — 24min steady @ 96%,31.5,13.7,0.0,27.4,27.4,0.0,Z1,Sustained threshold work,week-5-day-2-threshold-development.zwo
7,GOOD ✓,Workout 13,mountain-bike,73.0,67.5,0.745,Threshold — 23min steady @ 103%,31.5,9.6,27.4,27.4,0.0,4.1,Z1,Sustained threshold work,annika-langvad-series-workout-13.zwo
7,GOOD ✓,Workout 5,mountain-bike,73.0,65.9,0.736,Sweet Spot — 37min steady @ 95%,39.7,9.6,0.0,35.6,13.7,1.4,Z1,Sustained sub-threshold work,annika-langvad-series-workout-5.zwo
7,GOOD ✓,Power Builder Series Week 2,tri247com-pro-workouts,73.0,59.8,0.701,Sweet Spot — 12min steady @ 88%,32.9,20.5,37.0,9.6,0.0,0.0,Z3,Sustained sub-threshold work,power-builder-series-week-2.zwo
7,GOOD ✓,Day 5 - Strength into FTP #1,2018-prl100-prep,72.2,65.9,0.74,Threshold — 29min steady @ 98%,38.8,20.8,0.0,3.1,37.4,0.0,Z1,Sustained threshold work,week-5-day-5-strength-into-ftp-1.zwo
7,GOOD ✓,Strength into FTP #1,climbing,72.2,65.9,0.74,Threshold — 29min steady @ 98%,38.8,20.8,0.0,3.1,37.4,0.0,Z1,Sustained threshold work,strength-into-ftp-1.zwo
7,GOOD ✓,Day 6 - Sub-Threshold #2,2018-prl100-prep,72.0,63.4,0.727,Sweet Spot — 30min steady @ 90%,30.6,20.8,6.9,41.7,0.0,0.0,Z4,Sustained sub-threshold work,week-2-day-6-sub-threshold-2.zwo
7,GOOD ✓,Strength Reloaded,best-of-coop-academy,72.0,66.8,0.746,Threshold — 29min steady @ 96%,36.1,19.4,31.9,4.2,0.0,8.3,Z1,Sustained threshold work,za-2018-strength-reloaded.zwo
7,GOOD ✓,Threshold Hill Ladder 6-5-4-3-2-1,gravel-grinder,72.0,61.5,0.716,Threshold — 25min steady @ 99%,40.3,19.4,5.6,2.8,31.9,0.0,Z1,Sustained threshold work,week-8-threshold-hill-ladder-6-5-4-3-2-1.zwo
7,GOOD ✓,Anaerobic Capacity Intervals for Allrounder Power Profile,individual-power-profile-dependent-workouts,72.0,64.8,0.735,Anaerobic — 16×60s @ 157%,75.7,0.0,0.0,0.0,2.1,22.2,Z1,Anaerobic capacity / W' builder,allrounder-anaerobic-capacity-intervals-for-allrounder-power-profile.zwo
7,GOOD ✓,Anaerobic Capacity Intervals for Puncheur Power Profile,individual-power-profile-dependent-workouts,72.0,67.7,0.751,Anaerobic — 16×60s @ 164%,75.7,0.0,0.0,0.0,2.1,22.2,Z1,Anaerobic capacity / W' builder,puncheur-anaerobic-capacity-intervals-for-puncheur-power-profile.zwo
7,GOOD ✓,Anaerobic Capacity Intervals for Time Trial Power Profile,individual-power-profile-dependent-workouts,72.0,60.3,0.709,Anaerobic — 16×60s @ 145%,75.7,0.0,0.0,0.0,2.1,22.2,Z1,Anaerobic capacity / W' builder,time-trialist-anaerobic-capacity-intervals-for-time-trial-power-profile.zwo
7,GOOD ✓,Sweet Spot Pyramid - 50min,sweet-spot,72.0,77.0,0.801,Sweet Spot — 50min steady @ 90%,16.7,13.9,0.0,69.4,0.0,0.0,Z4,Sustained sub-threshold work,sweet-spot-pyramid-50min.zwo
7,GOOD ✓,Anaerobic Endurance 6 x 60sec,tt-tuneup,72.0,57.1,0.69,Anaerobic — 6×60s @ 121%,61.1,16.7,0.0,4.2,0.0,18.1,Z1,Anaerobic capacity / W' builder,week-2-anaerobic-endurance-6-x-60sec.zwo
7,GOOD ✓,4. Sweet Spot Pyramid - 50min,z-racing,72.0,77.0,0.801,Sweet Spot — 50min steady @ 90%,16.7,13.9,0.0,69.4,0.0,0.0,Z4,Sustained sub-threshold work,week-4-4-sweet-spot-pyramid-50min.zwo
7,GOOD ✓,2. Strength Reloaded,pro-development-2018,72.0,66.8,0.746,Threshold — 29min steady @ 96%,36.1,19.4,31.9,4.2,0.0,8.3,Z1,Sustained threshold work,2-strength-reloaded.zwo
7,GOOD ✓,ODChickenCyclingers - SST 726,twelve-week-ftp-challenge,72.0,68.2,0.754,Sweet Spot — 44min steady @ 90%,29.2,8.3,1.4,58.3,2.8,0.0,Z4,Sustained sub-threshold work,sst-community-sst-726.zwo
7,GOOD ✓,4. Sweet Spot Pyramid - 50min,competitive-race-prep,72.0,77.0,0.801,Sweet Spot — 50min steady @ 90%,16.7,13.9,0.0,69.4,0.0,0.0,Z4,Sustained sub-threshold work,week-4-4-sweet-spot-pyramid-50min.zwo
7,GOOD ✓,Workout 14,mountain-bike,71.6,46.8,0.626,Anaerobic — 5×60s @ 121%,67.9,9.8,0.0,0.0,0.0,22.4,Z1,Anaerobic capacity / W' builder,annika-langvad-series-workout-14.zwo
7,GOOD ✓,Day 6 - Season Base #2,2018-prl100-prep,71.0,70.3,0.771,Threshold — 24min steady @ 98%,25.4,9.9,31.0,0.0,33.8,0.0,Z5,Sustained threshold work,week-3-day-6-season-base-2.zwo
7,GOOD ✓,Day 5 - AC Maintenance #4,2018-prl100-prep,71.0,67.8,0.757,Threshold — 26min steady @ 107%,42.3,21.1,14.1,0.0,0.0,22.5,Z1,Sustained threshold work,week-4-day-5-ac-maintenance-4.zwo
7,GOOD ✓,Day 6 - Season Base #2,2018-prl100-prep,71.0,70.3,0.771,Threshold — 24min steady @ 98%,25.4,9.9,31.0,0.0,33.8,0.0,Z5,Sustained threshold work,week-4-day-6-season-base-2.zwo
7,GOOD ✓,Day 6 - Tempo 1 x 45min,2018-prl100-prep,71.0,68.9,0.763,Sweet Spot — 45min steady @ 85%,14.1,19.7,66.2,0.0,0.0,0.0,Z3,Sustained sub-threshold work,week-8-day-6-tempo-1-x-45min.zwo
7,GOOD ✓,Day 6 - Tempo 1 x 45min,2018-prl100-prep,71.0,68.9,0.763,Sweet Spot — 45min steady @ 85%,14.1,19.7,66.2,0.0,0.0,0.0,Z3,Sustained sub-threshold work,week-9-day-6-tempo-1-x-45min.zwo
7,GOOD ✓,Day 2 - Mitochondria #4,4wk-prl-prep,71.0,46.5,0.627,Anaerobic — 20×30s @ 113%,74.6,2.8,1.4,5.6,0.0,15.5,Z1,Anaerobic capacity / W' builder,week-3-day-2-mitochondria-4.zwo
7,GOOD ✓,Threshold Pyramid Medium,chris-ohearn,71.0,58.1,0.701,Threshold — 20min steady @ 100%,29.6,42.3,0.0,0.0,28.2,0.0,Z2,Sustained threshold work,threshold-pyramid-medium.zwo
7,GOOD ✓,1. Varying Threshold,dirt-destroyer,71.0,62.4,0.726,Sweet Spot — 35min steady @ 94%,40.8,9.9,0.0,39.4,8.5,1.4,Z1,Sustained sub-threshold work,week-2-1-varying-threshold.zwo
7,GOOD ✓,1. Threshold Scatter,dirt-destroyer,71.0,60.2,0.713,Sweet Spot — 29min steady @ 92%,40.8,9.9,0.0,39.4,8.5,1.4,Z1,Sustained sub-threshold work,week-3-1-threshold-scatter.zwo
7,GOOD ✓,Classic 2x 20,gcn,71.0,77.6,0.81,Threshold — 40min steady @ 100%,32.4,11.3,0.0,0.0,56.3,0.0,Z5,Sustained threshold work,flat-out-fast-classic-2x-20.zwo
7,GOOD ✓,Varying Threshold,threshold,71.0,62.4,0.726,Sweet Spot — 35min steady @ 94%,40.8,9.9,0.0,39.4,8.5,1.4,Z1,Sustained sub-threshold work,varying-threshold.zwo
7,GOOD ✓,ODChickenCyclingers - SST 1533,twelve-week-ftp-challenge,71.0,72.0,0.78,Sweet Spot — 47min steady @ 90%,23.9,8.5,1.4,63.4,2.8,0.0,Z4,Sustained sub-threshold work,sst-community-sst-1533.zwo
7,GOOD ✓,Day 2 - Tempo climbing #1,4wk-prl-prep,70.5,73.9,0.793,Threshold — 30min steady @ 95%,14.2,21.3,21.3,21.3,21.3,0.7,Z2,Sustained threshold work,week-4-day-2-tempo-climbing-1.zwo
7,GOOD ✓,The Gorby Extreme,derek-rushs-pain-cave-challenge,70.5,81.5,0.833,VO2max — 32min steady @ 115%,41.1,14.2,0.0,0.0,0.0,44.7,Z6,Sustained supra-threshold work,the-gorby-extreme.zwo
7,GOOD ✓,SZRGWO 11.2,mattias-thyr-unstructured-workouts,70.5,89.8,0.874,Sprint — 3×12s @ 220%,27.0,4.3,0.0,0.0,59.6,9.1,Z5,Neuromuscular power / sprint,szrgwo-112.zwo
7,GOOD ✓,02. Power Push,rising-stars-2024,70.5,65.7,0.748,Sprint — 3×10s @ 220%,45.4,9.9,0.0,29.8,6.4,8.5,Z1,Neuromuscular power / sprint,02-power-push.zwo
7,GOOD ✓,4. Saturday - LT: Threshold Endurance (3x12's),gc-coaching-virtual-group-training-phase-1,70.3,59.4,0.712,Anaerobic — 3×30s @ 120%,30.6,51.2,2.8,2.8,8.5,4.0,Z2,Anaerobic capacity / W' builder,week-4-recovery-4-saturday-lt-threshold-endurance-3x12s.zwo
7,GOOD ✓,4. Saturday - LT: Threshold Endurance (3x12's),gc-coaching-virtual-group-training-phase-1,70.3,59.4,0.712,Anaerobic — 3×30s @ 120%,30.6,51.2,2.8,2.8,8.5,4.0,Z2,Anaerobic capacity / W' builder,week-8-recovery-4-saturday-lt-threshold-endurance-3x12s.zwo
7,GOOD ✓,Paul Shanley 70.3 Minutes,tri247com-pro-workouts,70.3,68.2,0.763,Threshold — 30min steady @ 108%,45.5,11.8,0.0,0.0,21.3,21.3,Z1,Sustained threshold work,paul-shanley-703-minutes.zwo
7,GOOD ✓,Day 6 - Season Base #3,2018-prl100-prep,70.0,76.4,0.809,Sweet Spot — 45min steady @ 92%,20.0,12.9,21.4,45.7,0.0,0.0,Z4,Sustained sub-threshold work,week-5-day-6-season-base-3.zwo
7,GOOD ✓,Day 6 - Season Base #3,2018-prl100-prep,70.0,76.4,0.809,Sweet Spot — 45min steady @ 92%,20.0,12.9,21.4,45.7,0.0,0.0,Z4,Sustained sub-threshold work,week-6-day-6-season-base-3.zwo
7,GOOD ✓,Day 2 - 15min varied tempo #2,2018-prl46-prep,70.0,58.0,0.705,Sprint — 4×10s @ 180%,44.0,4.3,21.4,28.6,0.0,1.7,Z1,Neuromuscular power / sprint,week-4-day-2-15min-varied-tempo-2.zwo
7,GOOD ✓,Day 5 - 6+1+3 #1,2018-prl46-prep,70.0,57.2,0.7,Sprint — 4×10s @ 181%,44.8,20.0,0.0,30.0,0.0,5.2,Z1,Neuromuscular power / sprint,week-5-day-5-6-plus1-plus3-1.zwo
7,GOOD ✓,The Egyptian,60-90-minutes-to-burn,70.0,63.9,0.74,Threshold — 15min steady @ 98%,22.9,32.9,22.9,17.1,0.0,4.3,Z2,Sustained threshold work,the-egyptian.zwo
7,GOOD ✓,Lionel Sanders Intervals,misc,70.0,66.5,0.755,Anaerobic — 5×60s @ 115%,38.6,24.3,0.0,0.0,25.7,11.4,Z1,Anaerobic capacity / W' builder,Lionel_Sanders_Intervals.zwo
7,GOOD ✓,Capacity Reloaded,best-of-coop-academy,70.0,70.4,0.777,Threshold — 38min steady @ 99%,41.4,4.3,31.4,0.0,0.0,22.9,Z1,Sustained threshold work,za-2018-capacity-reloaded.zwo
7,GOOD ✓,Over Ones,best-of-coop-academy,70.0,74.7,0.8,Anaerobic — 4×60s @ 120%,8.6,51.4,0.0,14.3,5.7,20.0,Z2,Anaerobic capacity / W' builder,za-2018-over-ones.zwo
7,GOOD ✓,Random lengths,climbing,70.0,78.1,0.818,Threshold — 18min steady @ 108%,30.0,11.4,17.1,1.7,5.1,34.6,Z6,Sustained threshold work,random-lengths.zwo
7,GOOD ✓,Vo2max,climbing,70.0,66.0,0.752,VO2max — 21min steady @ 113%,31.4,38.6,0.0,0.0,0.0,30.0,Z2,Sustained supra-threshold work,vo2max.zwo
7,GOOD ✓,Day 1 - Micro Bursts,crit-crusher,70.0,57.5,0.702,Sprint — 20×10s @ 200%,85.7,0.0,0.0,0.0,0.0,14.3,Z1,Neuromuscular power / sprint,week-5-day-1-micro-bursts.zwo
7,GOOD ✓,4. TT - Strength Reps - Set 2,cycleops-tt-challenge,70.0,42.8,0.606,Threshold — 20min steady @ 97%,71.4,0.0,0.0,27.6,0.0,1.0,Z1,Sustained threshold work,4-tt-strength-reps-set-2.zwo
7,GOOD ✓,4. The Egyptian,dirt-destroyer,70.0,63.9,0.74,Threshold — 15min steady @ 98%,22.9,32.9,22.9,17.1,0.0,4.3,Z2,Sustained threshold work,week-6-4-the-egyptian.zwo
7,GOOD ✓,Endurance 2,federico-bassis,70.0,70.1,0.775,Anaerobic — 12×10s @ 141%,12.9,21.4,48.6,14.3,0.0,2.9,Z3,Anaerobic capacity / W' builder,endurance-2.zwo
7,GOOD ✓,Middle threshold 3,federico-bassis,70.0,66.0,0.752,Sweet Spot — 15min steady @ 85%,7.1,28.6,64.3,0.0,0.0,0.0,Z3,Sustained sub-threshold work,middle-threshold-3.zwo
7,GOOD ✓,#2 Surge and Settle - Long,fitness-tune-up,70.0,69.9,0.774,Sweet Spot — 42min steady @ 93%,31.8,8.6,0.0,50.0,5.7,3.9,Z4,Sustained sub-threshold work,long-2-surge-and-settle-long.zwo
7,GOOD ✓,#3 Torque and Flow - Long,fitness-tune-up,70.0,73.6,0.794,Sweet Spot — 42min steady @ 92%,15.0,22.9,2.9,51.4,5.7,2.1,Z4,Sustained sub-threshold work,long-3-torque-and-flow-long.zwo
7,GOOD ✓,#4 Hold the Line - Long,fitness-tune-up,70.0,75.2,0.803,Threshold — 42min steady @ 95%,31.4,8.6,0.0,40.0,8.6,11.4,Z4,Sustained threshold work,long-4-hold-the-line-long.zwo
7,GOOD ✓,Day 4 - Tempo,ftp-builder,70.0,66.7,0.756,Sweet Spot — 35min steady @ 93%,28.6,14.3,0.0,37.1,20.0,0.0,Z4,Sustained sub-threshold work,week-4-day-4-tempo.zwo
7,GOOD ✓,3. Thursday - OU: 2x 5+1 LT + VO2,gc-coaching-virtual-group-training-phase-1,70.0,73.9,0.796,Anaerobic — 3×30s @ 120%,32.1,8.6,2.9,45.7,0.0,10.7,Z4,Anaerobic capacity / W' builder,week-5-3-thursday-ou-2x-5-plus1-lt-plus-vo2.zwo
7,GOOD ✓,Random lengths,gcn,70.0,78.1,0.818,Threshold — 18min steady @ 108%,30.0,11.4,17.1,1.7,5.1,34.6,Z6,Sustained threshold work,power-climbs-random-lengths.zwo
7,GOOD ✓,Vo2max,gcn,70.0,66.0,0.752,VO2max — 21min steady @ 113%,31.4,38.6,0.0,0.0,0.0,30.0,Z2,Sustained supra-threshold work,power-climbs-vo2max.zwo
7,GOOD ✓,SweetSpot w/ Bursts,gcn,70.0,72.4,0.788,Anaerobic — 18×20s @ 120%,32.9,4.3,0.0,54.3,0.0,8.6,Z4,Anaerobic capacity / W' builder,race-prep-sweetspot-w-bursts.zwo
7,GOOD ✓,Tempo w/ Bursts,gcn,70.0,62.9,0.734,Anaerobic — 18×20s @ 120%,32.9,4.3,54.3,0.0,0.0,8.6,Z3,Anaerobic capacity / W' builder,race-prep-tempo-w-bursts.zwo
7,GOOD ✓,5x6 Sweet Spot 1B,gravel-grinder,70.0,63.4,0.737,Sweet Spot — 31min steady @ 90%,14.3,40.5,15.5,15.5,14.3,0.0,Z2,Sustained sub-threshold work,week-1-5x6-sweet-spot-1b.zwo
7,GOOD ✓,Race Simulation,gravel-grinder,70.0,73.0,0.791,Threshold — 37min steady @ 98%,26.4,19.3,9.6,15.4,15.4,13.9,Z1,Sustained threshold work,week-5-race-simulation.zwo
7,GOOD ✓,Race Simulation,gravel-grinder,70.0,69.9,0.774,Threshold — 37min steady @ 98%,37.9,7.9,9.6,15.4,15.4,13.9,Z1,Sustained threshold work,week-9-race-simulation.zwo
7,GOOD ✓,Day 4 - Tractor Pulls!,hunters-challenge,70.0,95.3,0.904,Sprint — 10×30s @ 160%,0.0,28.6,50.0,7.1,0.0,14.3,Z3,Neuromuscular power / sprint,week-2-day-4-tractor-pulls.zwo
7,GOOD ✓,Tempo w/ Bursts,sprinting,70.0,62.9,0.734,Anaerobic — 18×20s @ 120%,32.9,4.3,54.3,0.0,0.0,8.6,Z3,Anaerobic capacity / W' builder,tempo-w-bursts.zwo
7,GOOD ✓,SweetSpot w/ Bursts,threshold,70.0,72.4,0.788,Anaerobic — 18×20s @ 120%,32.9,4.3,0.0,54.3,0.0,8.6,Z4,Anaerobic capacity / W' builder,sweetspot-w-bursts.zwo
7,GOOD ✓,Lionel Sanders Intervals,tri247com-pro-workouts,70.0,66.0,0.752,Anaerobic — 5×60s @ 115%,38.6,24.3,0.0,0.0,25.7,11.4,Z1,Anaerobic capacity / W' builder,lionel-sanders-intervals.zwo
7,GOOD ✓,Paul Shanley Pyramids,tri247com-pro-workouts,70.0,64.8,0.745,Anaerobic — 4×15s @ 140%,41.4,10.0,0.0,25.7,17.1,5.7,Z1,Anaerobic capacity / W' builder,paul-shanley-pyramids.zwo
7,GOOD ✓,#17-DPC 2x 20 Minute Zone 3 Intervals,zf18-direct-power-coaching-phase-2,70.0,57.2,0.7,Sweet Spot — 40min steady @ 85%,42.9,0.0,57.1,0.0,0.0,0.0,Z3,Sustained sub-threshold work,week-1-17-dpc-2x-20-minute-zone-3-intervals.zwo
7,GOOD ✓,#20-DPC 2x 20 Minute Zone 3 Intervals,zf18-direct-power-coaching-phase-2,70.0,57.2,0.7,Sweet Spot — 40min steady @ 85%,42.9,0.0,57.1,0.0,0.0,0.0,Z3,Sustained sub-threshold work,week-2-20-dpc-2x-20-minute-zone-3-intervals.zwo
7,GOOD ✓,#81-DPC Z5 Intervals Set 2 Min,zf18-direct-power-coaching-phase-7,70.0,53.5,0.677,Anaerobic — 5×60s @ 115%,71.4,0.0,0.0,0.0,0.0,28.6,Z1,Anaerobic capacity / W' builder,week-2-81-dpc-z5-intervals-set-2-min.zwo
7,GOOD ✓,Session 25: Attack Simulation,coop-academy,70.0,61.8,0.728,Anaerobic — 4×30s @ 120%,35.7,35.7,0.0,0.0,25.7,2.9,Z1,Anaerobic capacity / W' builder,month-3-session-25-attack-simulation.zwo
7,GOOD ✓,1. Over Ones,pro-development-2018,70.0,74.7,0.8,Anaerobic — 4×60s @ 120%,8.6,51.4,0.0,14.3,5.7,20.0,Z2,Anaerobic capacity / W' builder,1-over-ones.zwo
7,GOOD ✓,10. Capacity Reloaded,pro-development-2018,70.0,70.4,0.777,Threshold — 38min steady @ 99%,41.4,4.3,31.4,0.0,0.0,22.9,Z1,Sustained threshold work,10-capacity-reloaded.zwo
7,GOOD ✓,Power Builder Series Week 4,tri247com-pro-workouts,69.8,64.7,0.746,Sweet Spot — 21min steady @ 94%,15.8,33.0,21.5,18.6,7.9,3.2,Z2,Sustained sub-threshold work,power-builder-series-week-4.zwo
7,GOOD ✓,Modified 2/3,classics-climbing,69.7,67.1,0.76,Sprint — 4×10s @ 287%,14.4,50.2,20.1,14.4,0.0,1.0,Z2,Neuromuscular power / sprint,modified-23.zwo
7,GOOD ✓,1. Back to Basics,dirt-destroyer,69.0,57.6,0.708,Sweet Spot — 33min steady @ 91%,42.0,10.1,23.2,14.5,8.7,1.4,Z1,Sustained sub-threshold work,week-0-prep-1-back-to-basics.zwo
7,GOOD ✓,1. Back to Basics,dirt-destroyer,69.0,57.6,0.708,Sweet Spot — 33min steady @ 91%,42.0,10.1,23.2,14.5,8.7,1.4,Z1,Sustained sub-threshold work,week-1-1-back-to-basics.zwo
7,GOOD ✓,Back to Basics,endurance,69.0,57.6,0.708,Sweet Spot — 33min steady @ 91%,42.0,10.1,23.2,14.5,8.7,1.4,Z1,Sustained sub-threshold work,back-to-basics.zwo
7,GOOD ✓,VO2 & AC,gcn,69.0,66.8,0.762,VO2max — 20min steady @ 118%,44.9,26.1,0.0,0.0,0.0,29.0,Z1,Sustained supra-threshold work,flat-out-fast-vo2-ac.zwo
7,GOOD ✓,Workout 6,mountain-bike,69.0,60.8,0.727,Sprint — 8×30s @ 170%,71.0,10.1,0.0,0.0,0.0,18.8,Z1,Neuromuscular power / sprint,annika-langvad-series-workout-6.zwo
7,GOOD ✓,VO2 & AC,vo2-max,69.0,66.8,0.762,VO2max — 20min steady @ 118%,44.9,26.1,0.0,0.0,0.0,29.0,Z1,Sustained supra-threshold work,vo2-ac.zwo
7,GOOD ✓,#38 TT Strength Reps Set 4,zf19-spokes-personal-coaching-stage-4,68.7,51.7,0.672,Sweet Spot — 32min steady @ 90%,53.4,0.0,0.0,46.6,0.0,0.0,Z1,Sustained sub-threshold work,38-tt-strength-reps-set-4.zwo
7,GOOD ✓,Stage 9,dig-deep-coaching-3-week-grand-tour,68.2,63.0,0.744,Threshold — 29min steady @ 106%,55.7,0.0,1.5,16.1,14.9,11.8,Z1,Sustained threshold work,stage-9.zwo
7,GOOD ✓,Pacing #2,endurance,68.0,58.9,0.721,Sweet Spot — 17min steady @ 88%,22.1,29.4,36.8,10.3,0.0,1.5,Z3,Sustained sub-threshold work,pacing-2.zwo
7,GOOD ✓,12/8/4 Threshold,gravel-grinder,68.0,65.3,0.759,Threshold — 30min steady @ 98%,32.4,19.1,4.9,23.0,19.1,1.5,Z1,Sustained threshold work,week-9-1284-threshold.zwo
7,GOOD ✓,6. Pacing #2,singletrack-slayer,68.0,58.9,0.721,Sweet Spot — 17min steady @ 88%,22.1,29.4,36.8,10.3,0.0,1.5,Z3,Sustained sub-threshold work,week-3-6-pacing-2.zwo
7,GOOD ✓,Power Builder Series Week 3,tri247com-pro-workouts,68.0,63.7,0.75,Sweet Spot — 25min steady @ 91%,7.4,47.1,22.1,19.1,2.9,1.5,Z2,Sustained sub-threshold work,power-builder-series-week-3.zwo
7,GOOD ✓,30/30 Anaerobic #3,tt-tuneup,68.0,60.9,0.733,Sprint — 4×10s @ 200%,48.5,19.6,0.0,4.4,0.0,27.5,Z1,Neuromuscular power / sprint,week-3-3030-anaerobic-3.zwo
7,GOOD ✓,Day 2,10-12wk-ftp-builder,67.0,46.0,0.642,Sprint — 6×10s @ 200%,47.5,44.8,0.0,0.0,0.0,7.7,Z1,Neuromuscular power / sprint,week-2-skip-if-you-are-in-shape-day-2.zwo
7,GOOD ✓,Openers,60-90-minutes-to-burn,67.0,42.8,0.619,Anaerobic — 4×20s @ 120%,80.6,0.0,4.5,9.0,0.0,6.0,Z1,Anaerobic capacity / W' builder,openers.zwo
7,GOOD ✓,Endurance Building Blocks,endurance,67.0,50.4,0.672,Sweet Spot — 16min steady @ 87%,49.3,20.9,20.9,9.0,0.0,0.0,Z1,Sustained sub-threshold work,endurance-building-blocks.zwo
7,GOOD ✓,VO2 III - Is my bike okay?,gc-coaching,67.0,58.7,0.725,Anaerobic — 3×30s @ 115%,29.1,40.3,0.0,0.0,0.0,30.6,Z2,Anaerobic capacity / W' builder,vo2max-vo2-iii-is-my-bike-okay.zwo
7,GOOD ✓,Gearing,gcn,67.0,60.7,0.737,Sprint — 6×15s @ 300%,53.7,31.3,9.0,0.0,0.0,6.0,Z1,Neuromuscular power / sprint,sprints-gearing.zwo
7,GOOD ✓,Openers,gravel-grinder,67.0,42.8,0.619,Anaerobic — 4×20s @ 120%,80.6,0.0,4.5,9.0,0.0,6.0,Z1,Anaerobic capacity / W' builder,week-12-openers.zwo
7,GOOD ✓,Endurance building blocks,gravel-grinder,67.0,50.4,0.672,Sweet Spot — 16min steady @ 87%,49.3,20.9,20.9,9.0,0.0,0.0,Z1,Sustained sub-threshold work,week-2-endurance-building-blocks.zwo
7,GOOD ✓,Day 5 - Threshold and Vo2 Max!,hunters-challenge,67.0,71.6,0.801,Sweet Spot — 10min steady @ 87%,0.0,37.3,47.8,14.9,0.0,0.0,Z3,Sustained sub-threshold work,week-3-day-5-threshold-and-vo2-max.zwo
7,GOOD ✓,10 min cadence w/15 min z3,john-hunts-workouts,67.0,57.6,0.718,Sweet Spot — 15min steady @ 93%,9.0,68.7,0.0,22.4,0.0,0.0,Z2,Sustained sub-threshold work,10-min-cadence-w15-min-z3.zwo
7,GOOD ✓,Gearing,sprinting,67.0,60.7,0.737,Sprint — 6×15s @ 300%,53.7,31.3,9.0,0.0,0.0,6.0,Z1,Neuromuscular power / sprint,gearing.zwo
7,GOOD ✓,30/30 Anaerobic #4,tt-tuneup,67.0,59.0,0.727,Anaerobic — 20×30s @ 115%,52.2,14.9,0.0,3.0,0.0,29.9,Z1,Anaerobic capacity / W' builder,week-4-3030-anaerobic-4.zwo
7,GOOD ✓,Ramp it up to the X,tri247com-pro-workouts,66.8,68.6,0.785,Threshold — 28min steady @ 97%,24.0,21.0,27.0,13.5,0.0,14.6,Z3,Sustained threshold work,ramp-it-up-to-the-x.zwo
7,GOOD ✓,Inverse Sweet Spot w/ Bursts,gc-coaching,66.2,67.2,0.78,Anaerobic — 3×30s @ 115%,35.5,0.0,0.0,51.7,0.0,12.8,Z4,Anaerobic capacity / W' builder,sweet-spot-inverse-sweet-spot-w-bursts.zwo
7,GOOD ✓,Burst!,classics-climbing,66.0,81.7,0.862,Sprint — 6×15s @ 160%,0.0,57.6,0.0,18.2,0.0,24.2,Z2,Neuromuscular power / sprint,burst.zwo
7,GOOD ✓,Day 4 - Threshold Development,ftp-builder,66.0,62.4,0.753,Threshold — 13min steady @ 98%,25.8,18.2,18.2,21.2,16.7,0.0,Z1,Sustained threshold work,week-5-day-4-threshold-development.zwo
7,GOOD ✓,SweetSpot with bursts,gcn,66.0,65.6,0.772,Anaerobic — 15×20s @ 120%,31.8,4.5,7.6,48.5,0.0,7.6,Z4,Anaerobic capacity / W' builder,sprints-sweetspot-with-bursts.zwo
7,GOOD ✓,7. Threshold #2,singletrack-slayer,66.0,72.9,0.814,Sweet Spot — 19min steady @ 93%,29.8,4.5,4.5,18.2,42.4,0.5,Z5,Sustained sub-threshold work,week-2-7-threshold-2.zwo
7,GOOD ✓,Threshold #2,threshold,66.0,72.9,0.814,Sweet Spot — 19min steady @ 93%,29.8,4.5,4.5,18.2,42.4,0.5,Z5,Sustained sub-threshold work,threshold-2.zwo
7,GOOD ✓,Threshold Development,threshold,66.0,62.4,0.753,Threshold — 13min steady @ 98%,25.8,18.2,18.2,21.2,16.7,0.0,Z1,Sustained threshold work,threshold-development.zwo
7,GOOD ✓,ODChickenCyclingers - SST 626,twelve-week-ftp-challenge,66.0,60.2,0.74,Sweet Spot — 38min steady @ 90%,31.8,9.1,1.5,54.5,3.0,0.0,Z4,Sustained sub-threshold work,sst-community-sst-626.zwo
7,GOOD ✓,4. Fast Twitch HIIT,rising-stars-2023,65.7,61.2,0.748,Anaerobic — 10×30s @ 133%,10.7,62.9,3.0,1.5,0.0,21.8,Z2,Anaerobic capacity / W' builder,longer-workouts-4-fast-twitch-hiit.zwo
7,GOOD ✓,Day 5 - 20min Tempo w/15sec surge,4wk-prl-prep,65.0,67.8,0.791,Sweet Spot — 40min steady @ 91%,7.7,30.8,0.0,58.5,0.0,3.1,Z4,Sustained sub-threshold work,week-3-day-5-20min-tempo-w15sec-surge.zwo
7,GOOD ✓,Over The Top,60-90-minutes-to-burn,65.0,54.9,0.712,Threshold — 16min steady @ 98%,46.9,9.2,20.0,12.3,6.9,4.6,Z1,Sustained threshold work,over-the-top.zwo
7,GOOD ✓,"11. Minute Intervals into ""Sweetspot"" Set 3",cycleops-tt-challenge,65.0,44.7,0.642,Anaerobic — 3×60s @ 150%,64.6,0.0,0.0,30.8,0.0,4.6,Z1,Anaerobic capacity / W' builder,11-minute-intervals-into-sweetspot-set-3.zwo
7,GOOD ✓,Downright Bitter! (Sweet Spot),gc-coaching,65.0,60.1,0.745,Anaerobic — 3×30s @ 115%,36.2,0.0,49.2,0.0,12.3,2.3,Z3,Anaerobic capacity / W' builder,sweet-spot-downright-bitter-sweet-spot.zwo
7,GOOD ✓,2. Wednesday - T: 3x10 @65-75 RPM,gc-coaching-virtual-group-training-phase-1,65.0,49.7,0.677,Anaerobic — 3×30s @ 120%,36.2,55.4,3.1,3.1,0.0,2.3,Z2,Anaerobic capacity / W' builder,week-1-2-wednesday-t-3x10-65-75-rpm.zwo
7,GOOD ✓,3. Thursday - SST: Spade,gc-coaching-virtual-group-training-phase-1,65.0,60.1,0.745,Anaerobic — 3×30s @ 120%,33.1,9.2,21.5,33.8,0.0,2.3,Z4,Anaerobic capacity / W' builder,week-2-3-thursday-sst-spade.zwo
7,GOOD ✓,3. Thursday - SST: Potpourri,gc-coaching-virtual-group-training-phase-1,65.0,62.6,0.76,Anaerobic — 3×30s @ 120%,25.4,13.8,26.2,32.3,0.0,2.3,Z4,Anaerobic capacity / W' builder,week-3-3-thursday-sst-potpourri.zwo
7,GOOD ✓,1. Tuesday - SST: Downright Bitter,gc-coaching-virtual-group-training-phase-1,65.0,71.4,0.812,Anaerobic — 3×30s @ 120%,20.8,9.2,3.1,52.3,12.3,2.3,Z4,Anaerobic capacity / W' builder,week-6-1-tuesday-sst-downright-bitter.zwo
7,GOOD ✓,2. Wednesday - ME: 2x20 SST Ladders @65-75 RPM,gc-coaching-virtual-group-training-phase-1,65.0,65.1,0.775,Anaerobic — 3×30s @ 120%,20.8,9.2,40.0,27.7,0.0,2.3,Z3,Anaerobic capacity / W' builder,week-6-2-wednesday-me-2x20-sst-ladders-65-75-rpm.zwo
7,GOOD ✓,Tractor Pulls,gcn,65.0,67.3,0.788,Sprint — 12×30s @ 200%,32.3,49.2,0.0,0.0,9.2,9.2,Z2,Neuromuscular power / sprint,power-climbs-tractor-pulls.zwo
7,GOOD ✓,Over the Top,gravel-grinder,65.0,54.9,0.712,Threshold — 16min steady @ 98%,46.9,9.2,20.0,12.3,6.9,4.6,Z1,Sustained threshold work,week-10-over-the-top.zwo
7,GOOD ✓,Over the top,gravel-grinder,65.0,56.5,0.722,Threshold — 16min steady @ 98%,36.2,20.0,20.0,12.3,6.9,4.6,Z1,Sustained threshold work,week-7-over-the-top.zwo
7,GOOD ✓,HAL 9000 +1,human-power-performance,65.0,61.1,0.751,Threshold — 14min steady @ 105%,30.8,6.2,41.5,0.0,18.5,3.1,Z3,Sustained threshold work,classic-villains-hal-9000-plus1.zwo
7,GOOD ✓,Day 4 - Cadence drills,hunters-challenge,65.0,74.3,0.828,Anaerobic — 10×60s @ 114%,0.0,38.5,46.2,0.0,0.0,15.4,Z3,Anaerobic capacity / W' builder,week-1-day-4-cadence-drills.zwo
7,GOOD ✓,Day 5 - CrissCross Crushers,hunters-challenge,65.0,82.8,0.874,Sprint — 5×30s @ 160%,0.0,38.5,34.6,0.0,0.0,26.9,Z2,Neuromuscular power / sprint,week-2-day-5-crisscross-crushers.zwo
7,GOOD ✓,4x10 min threshold w/3 min rest,john-hunts-workouts,65.0,80.3,0.861,Threshold — 40min steady @ 104%,13.8,24.6,0.0,0.0,61.5,0.0,Z5,Sustained threshold work,4x10-min-threshold-w3-min-rest.zwo
7,GOOD ✓,Bottrill's Ramps to Max,tri247com-pro-workouts,65.0,68.8,0.797,Threshold — 40min steady @ 96%,22.3,15.4,23.1,0.0,36.9,2.3,Z5,Sustained threshold work,bottrills-ramps-to-max.zwo
7,GOOD ✓,Harry Wiltshire Grim Reaper,tri247com-pro-workouts,65.0,68.6,0.796,Sprint — 5×15s @ 175%,41.9,3.1,12.3,1.5,31.5,9.6,Z1,Neuromuscular power / sprint,harry-wiltshire-grim-reaper.zwo
7,GOOD ✓,The Small but Mighty!,tri247com-pro-workouts,65.0,59.0,0.738,Threshold — 33min steady @ 97%,49.6,0.0,15.4,12.3,11.5,11.2,Z1,Sustained threshold work,the-small-but-mighty.zwo
7,GOOD ✓,#30-DPC Zone 3 Ride + FTP - Session 1 - Shorter,zf18-direct-power-coaching-phase-3,65.0,49.5,0.676,Sweet Spot — 15min steady @ 88%,46.2,0.0,46.2,7.7,0.0,0.0,Z1,Sustained sub-threshold work,week-1-30-dpc-zone-3-ride-plus-ftp-session-1-shorter.zwo
7,GOOD ✓,#47-DPC Z3+FTP Session 3,zf18-direct-power-coaching-phase-4,65.0,61.6,0.754,Sweet Spot — 40min steady @ 90%,38.5,0.0,30.8,30.8,0.0,0.0,Z1,Sustained sub-threshold work,week-2-47-dpc-z3-plusftp-session-3.zwo
7,GOOD ✓,"#60-DPC ""Sweetspot"" Session 3",zf18-direct-power-coaching-phase-5,65.0,62.6,0.76,Sweet Spot — 40min steady @ 91%,38.5,0.0,0.0,58.5,0.0,3.1,Z4,Sustained sub-threshold work,week-3-60-dpc-sweetspot-session-3.zwo
7,GOOD ✓,Session 8: Over Unders,coop-academy,65.0,57.4,0.728,Anaerobic — 5×30s @ 115%,61.5,0.0,0.0,0.0,30.8,7.7,Z1,Anaerobic capacity / W' builder,month-1-session-8-over-unders.zwo
7,GOOD ✓,Session 12: Hill Reps,coop-academy,65.0,41.9,0.622,Sweet Spot — 20min steady @ 92%,38.5,30.8,0.0,30.8,0.0,0.0,Z1,Sustained sub-threshold work,month-2-session-12-hill-reps.zwo
7,GOOD ✓,05. Breakaway Blitz,rising-stars-2024,64.8,51.8,0.693,Sweet Spot — 24min steady @ 92%,49.4,13.9,21.6,7.3,4.6,3.1,Z1,Sustained sub-threshold work,05-breakaway-blitz.zwo
7,GOOD ✓,Workout 2,climbing,64.3,61.0,0.754,Sweet Spot — 34min steady @ 95%,38.9,7.8,15.5,15.5,15.5,6.7,Z1,Sustained sub-threshold work,workout-2.zwo
7,GOOD ✓,Workout 2,mountain-bike,64.3,61.0,0.754,Sweet Spot — 34min steady @ 95%,38.9,7.8,15.5,15.5,15.5,6.7,Z1,Sustained sub-threshold work,annika-langvad-series-workout-2.zwo
7,GOOD ✓,#36 TT Strength Reps Set 3,zf19-spokes-personal-coaching-stage-4,64.3,47.3,0.664,Sweet Spot — 28min steady @ 90%,56.5,0.0,0.0,43.5,0.0,0.0,Z1,Sustained sub-threshold work,36-tt-strength-reps-set-3.zwo
7,GOOD ✓,Day 7 - Anaerobic into Sweet Spot,4wk-prl-prep,64.0,62.1,0.763,Sweet Spot — 36min steady @ 93%,35.9,7.8,0.0,46.9,0.0,9.4,Z4,Sustained sub-threshold work,week-3-day-7-anaerobic-into-sweet-spot.zwo
7,GOOD ✓,Day 1: Minute Man,coaches-challenge,64.0,81.9,0.876,VO2max — 30min steady @ 116%,12.5,34.4,9.4,7.8,15.6,20.3,Z2,Sustained supra-threshold work,day-1-minute-man.zwo
7,GOOD ✓,Time Under Tension,gc-coaching,64.0,52.0,0.698,Anaerobic — 3×30s @ 115%,28.9,18.8,50.0,0.0,0.0,2.3,Z3,Anaerobic capacity / W' builder,strength-time-under-tension.zwo
7,GOOD ✓,1. Tuesday - SST: Pyramids (3x12),gc-coaching-virtual-group-training-phase-1,64.0,64.2,0.776,Anaerobic — 3×30s @ 120%,25.8,9.4,40.6,21.9,0.0,2.3,Z3,Anaerobic capacity / W' builder,week-2-1-tuesday-sst-pyramids-3x12.zwo
7,GOOD ✓,6. Three Three's,singletrack-slayer,64.0,48.5,0.674,Sprint — 4×10s @ 150%,36.5,18.8,28.1,7.8,0.0,8.9,Z1,Neuromuscular power / sprint,week-9-6-three-threes.zwo
7,GOOD ✓,Paul Lunn's Kona Quest,tri247com-pro-workouts,64.0,60.0,0.75,Threshold — 21min steady @ 106%,0.0,67.2,0.0,0.0,23.4,9.4,Z2,Sustained threshold work,paul-lunns-kona-quest.zwo
7,GOOD ✓,Short and Sweet(spot),tri247com-pro-workouts,64.0,57.2,0.732,Anaerobic — 3×15s @ 115%,38.7,20.3,0.0,23.4,14.1,3.5,Z1,Anaerobic capacity / W' builder,short-and-sweetspot.zwo
7,GOOD ✓,The Kitchen Sink,tri247com-pro-workouts,64.0,60.3,0.752,Sprint — 4×15s @ 160%,29.9,25.9,0.0,26.6,0.0,17.6,Z1,Neuromuscular power / sprint,the-kitchen-sink.zwo
7,GOOD ✓,Cruise Intervals #5,tt-tuneup,63.8,70.4,0.814,Threshold — 41min steady @ 96%,23.1,11.0,1.6,34.5,28.2,1.6,Z4,Sustained threshold work,week-7-cruise-intervals-5.zwo
7,GOOD ✓,1. Supra-Threshold #2,singletrack-slayer,63.7,60.5,0.755,Sprint — 4×10s @ 175%,47.6,4.7,0.0,3.1,0.0,44.5,Z1,Neuromuscular power / sprint,week-8-1-supra-threshold-2.zwo
7,GOOD ✓,SZRGWO 08.3,mattias-thyr-unstructured-workouts,63.5,64.9,0.783,Threshold — 22min steady @ 102%,42.5,0.0,0.0,52.0,0.0,5.5,Z4,Sustained threshold work,szrgwo-083.zwo
7,GOOD ✓,Hard Starts #2,60-90-minutes-to-burn,63.0,62.3,0.77,Anaerobic — 4×45s @ 140%,21.7,27.0,20.6,14.3,4.8,11.6,Z2,Anaerobic capacity / W' builder,hard-starts-2.zwo
7,GOOD ✓,Aktivitus Power & Endurance 11,aktivitus-14wk-power-endurance,63.0,68.0,0.805,Sprint — 10×30s @ 150%,28.6,22.2,0.0,30.2,9.5,9.5,Z4,Neuromuscular power / sprint,aktivitus-power-endurance-11.zwo
7,GOOD ✓,Aktivitus Power & Endurance 12,aktivitus-14wk-power-endurance,63.0,71.6,0.826,Sprint — 10×30s @ 170%,28.6,22.2,0.0,28.6,11.1,9.5,Z1,Neuromuscular power / sprint,aktivitus-power-endurance-12.zwo
7,GOOD ✓,Norseman workout: Geilo,climbing,63.0,58.7,0.748,Threshold — 14min steady @ 103%,18.5,38.1,19.0,14.8,0.0,9.5,Z2,Sustained threshold work,norseman-workout-geilo.zwo
7,GOOD ✓,Stage 11,dig-deep-coaching-3-week-grand-tour,63.0,72.9,0.833,Sweet Spot — 48min steady @ 93%,23.0,0.0,36.5,19.0,17.5,4.0,Z3,Sustained sub-threshold work,stage-11.zwo
7,GOOD ✓,Day 1 - Foundation,ftp-builder,63.0,50.4,0.693,Sweet Spot — 12min steady @ 88%,20.6,55.6,0.0,23.8,0.0,0.0,Z2,Sustained sub-threshold work,week-5-day-1-foundation.zwo
7,GOOD ✓,Day 1 - Foundation,ftp-builder,63.0,50.4,0.693,Sweet Spot — 12min steady @ 88%,20.6,55.6,0.0,23.8,0.0,0.0,Z2,Sustained sub-threshold work,week-6-day-1-foundation.zwo
7,GOOD ✓,Workout 1,mountain-bike,63.0,50.1,0.691,Sweet Spot — 15min steady @ 92%,33.3,23.8,33.3,0.0,9.5,0.0,Z1,Sustained sub-threshold work,annika-langvad-series-workout-1.zwo
7,GOOD ✓,Workout 4,mountain-bike,63.0,63.1,0.775,Threshold — 35min steady @ 98%,33.3,11.1,0.0,47.6,0.0,7.9,Z4,Sustained threshold work,annika-langvad-series-workout-4.zwo
7,GOOD ✓,3. Hard Starts #2,singletrack-slayer,63.0,62.3,0.77,Anaerobic — 4×45s @ 140%,21.7,27.0,20.6,14.3,4.8,11.6,Z2,Anaerobic capacity / W' builder,week-6-3-hard-starts-2.zwo
7,GOOD ✓,1. Supra-Threshold #1,singletrack-slayer,63.0,57.7,0.741,Sprint — 4×10s @ 175%,48.1,4.8,0.0,6.3,0.0,40.7,Z1,Neuromuscular power / sprint,week-7-1-supra-threshold-1.zwo
7,GOOD ✓,Supra-Threshold #1,threshold,63.0,57.7,0.741,Sprint — 4×10s @ 175%,48.1,4.8,0.0,6.3,0.0,40.7,Z1,Neuromuscular power / sprint,supra-threshold-1.zwo
7,GOOD ✓,Adam Bowden - The Surge,tri247com-pro-workouts,63.0,65.0,0.787,Anaerobic — 4×30s @ 120%,17.5,22.2,33.3,9.5,14.3,3.2,Z3,Anaerobic capacity / W' builder,adam-bowden-the-surge.zwo
7,GOOD ✓,Power Builder Series Week 1,tri247com-pro-workouts,63.0,53.4,0.713,Sweet Spot — 13min steady @ 90%,22.2,49.2,15.9,6.3,6.3,0.0,Z2,Sustained sub-threshold work,power-builder-series-week-1.zwo
7,GOOD ✓,Progressive 4x4's,tri247com-pro-workouts,63.0,66.4,0.795,Anaerobic — 4×15s @ 115%,27.0,15.9,25.4,0.0,15.9,15.9,Z1,Anaerobic capacity / W' builder,progressive-4x4s.zwo
7,GOOD ✓,Endurance #4,tt-tuneup,63.0,56.0,0.73,Sprint — 4×15s @ 150%,4.8,40.5,47.6,4.0,0.0,3.2,Z3,Neuromuscular power / sprint,week-7-endurance-4.zwo
7,GOOD ✓,Endurance #4,tt-tuneup,63.0,56.0,0.73,Sprint — 4×15s @ 150%,4.8,40.5,47.6,4.0,0.0,3.2,Z3,Neuromuscular power / sprint,week-8-endurance-4.zwo
7,GOOD ✓,Watopia Flat Forward,60-90-minutes-to-burn,62.8,69.9,0.817,Anaerobic — 4×10s @ 110%,16.7,14.3,43.0,14.3,0.5,11.1,Z3,Anaerobic capacity / W' builder,watopia-flat-forward.zwo
7,GOOD ✓,1. Watopia Flat Forward,z-racing,62.8,69.9,0.817,Anaerobic — 4×10s @ 110%,16.7,14.3,43.0,14.3,0.5,11.1,Z3,Anaerobic capacity / W' builder,week-1-1-watopia-flat-forward.zwo
7,GOOD ✓,1. Watopia Flat Forward,competitive-race-prep,62.8,69.9,0.817,Anaerobic — 4×10s @ 110%,16.7,14.3,43.0,14.3,0.5,11.1,Z3,Anaerobic capacity / W' builder,week-1-1-watopia-flat-forward.zwo
7,GOOD ✓,Aktivitus Power & Endurance 10,aktivitus-14wk-power-endurance,62.5,68.3,0.81,Sprint — 9×30s @ 170%,14.4,36.8,0.0,40.0,0.0,8.8,Z4,Neuromuscular power / sprint,aktivitus-power-endurance-10.zwo
7,GOOD ✓,May The Force Be With You,gc-coaching,62.5,66.0,0.796,Sprint — 10×15s @ 350%,29.6,64.0,0.0,0.0,0.0,6.4,Z2,Neuromuscular power / sprint,strength-may-the-force-be-with-you.zwo
7,GOOD ✓,Bex Rimmington Maximal Efforts,tri247com-pro-workouts,62.5,60.0,0.759,Threshold — 18min steady @ 104%,20.0,26.7,24.0,16.0,0.0,13.3,Z2,Sustained threshold work,bex-rimmington-maximal-efforts.zwo
7,GOOD ✓,Neuromuscular + AC #3,daily-fit,62.2,61.8,0.772,VO2max — 11min steady @ 123%,35.3,16.1,3.2,24.1,3.2,18.1,Z1,Sustained supra-threshold work,neuromuscular-plus-ac-3.zwo
7,GOOD ✓,Going up the zones,gravel-grinder,62.2,50.0,0.694,Sweet Spot — 18min steady @ 94%,45.4,22.5,17.7,0.0,9.6,4.8,Z1,Sustained sub-threshold work,week-5-going-up-the-zones.zwo
7,GOOD ✓,Neuromuscular + AC #3,tt-tuneup,62.2,61.8,0.772,VO2max — 11min steady @ 123%,35.3,16.1,3.2,24.1,3.2,18.1,Z1,Sustained supra-threshold work,week-8-neuromuscular-plus-ac-3.zwo
7,GOOD ✓,Ham Sandwich,30-60-minutes-to-burn,62.0,60.6,0.766,Anaerobic — 5×30s @ 130%,32.3,18.5,2.4,26.6,0.8,19.4,Z1,Anaerobic capacity / W' builder,ham-sandwich.zwo
7,GOOD ✓,Day 3 - Vo2 increase climb,4wk-prl-prep,62.0,67.1,0.806,Threshold — 30min steady @ 104%,27.4,24.2,0.0,8.1,0.0,40.3,Z6,Sustained threshold work,week-1-day-3-vo2-increase-climb.zwo
7,GOOD ✓,Aktivitus Power & Endurance 13,aktivitus-14wk-power-endurance,62.0,64.2,0.788,Anaerobic — 5×60s @ 140%,29.0,22.6,0.0,27.4,12.9,8.1,Z1,Anaerobic capacity / W' builder,aktivitus-power-endurance-13.zwo
7,GOOD ✓,Aktivitus Power & Endurance 14,aktivitus-14wk-power-endurance,62.0,64.2,0.788,Anaerobic — 5×60s @ 140%,29.0,22.6,0.0,27.4,12.9,8.1,Z1,Anaerobic capacity / W' builder,aktivitus-power-endurance-14.zwo
7,GOOD ✓,Aktivitus Power & Endurance 8,aktivitus-14wk-power-endurance,62.0,64.8,0.792,Sprint — 10×30s @ 170%,29.0,22.6,0.0,40.3,0.0,8.1,Z4,Neuromuscular power / sprint,aktivitus-power-endurance-8.zwo
7,GOOD ✓,Aktivitus Power & Endurance 9,aktivitus-14wk-power-endurance,62.0,66.8,0.804,Sprint — 10×30s @ 170%,29.0,22.6,0.0,35.5,4.8,8.1,Z4,Neuromuscular power / sprint,aktivitus-power-endurance-9.zwo
7,GOOD ✓,Strength Development,best-of-coop-academy,62.0,53.6,0.72,Sweet Spot — 11min steady @ 85%,27.4,6.5,64.5,1.6,0.0,0.0,Z3,Sustained sub-threshold work,za-2019-strength-development.zwo
7,GOOD ✓,Halvfems,build-me-up,62.0,56.9,0.742,Sweet Spot — 24min steady @ 90%,39.5,0.0,0.0,58.9,0.8,0.8,Z4,Sustained sub-threshold work,week-2-halvfems.zwo
7,GOOD ✓,Ham Sandwich,build-me-up,62.0,60.6,0.766,Anaerobic — 5×30s @ 130%,32.3,18.5,2.4,26.6,0.8,19.4,Z1,Anaerobic capacity / W' builder,week-3-ham-sandwich.zwo
7,GOOD ✓,AC + Sweet Spot #1,daily-fit,62.0,62.1,0.775,Sprint — 4×10s @ 200%,45.7,12.9,0.0,16.1,8.1,17.2,Z1,Neuromuscular power / sprint,ac-plus-sweet-spot-1.zwo
7,GOOD ✓,Day 2 - Intermittent,ftp-builder,62.0,52.4,0.712,Sweet Spot — 10min steady @ 88%,30.6,30.6,0.0,24.2,14.5,0.0,Z1,Sustained sub-threshold work,week-4-day-2-intermittent.zwo
7,GOOD ✓,VO2 II - OUUUCH!,gc-coaching,62.0,51.8,0.708,Anaerobic — 3×30s @ 115%,42.7,29.0,0.0,0.0,0.0,28.2,Z1,Anaerobic capacity / W' builder,vo2max-vo2-ii-ouuuch.zwo
7,GOOD ✓,4x10 min z4 w/2 min rest,john-hunts-workouts,62.0,79.7,0.878,Threshold — 40min steady @ 104%,9.7,25.8,0.0,0.0,64.5,0.0,Z5,Sustained threshold work,4x10-min-z4-w2-min-rest.zwo
7,GOOD ✓,3. Tempo #4,singletrack-slayer,62.0,56.1,0.737,Sweet Spot — 30min steady @ 88%,30.6,3.2,41.9,22.6,0.0,1.6,Z3,Sustained sub-threshold work,week-10-3-tempo-4.zwo
7,GOOD ✓,Halvfems,threshold,62.0,56.9,0.742,Sweet Spot — 24min steady @ 90%,39.5,0.0,0.0,58.9,0.8,0.8,Z4,Sustained sub-threshold work,halvfems.zwo
7,GOOD ✓,Intermittent,threshold,62.0,52.4,0.712,Sweet Spot — 10min steady @ 88%,30.6,30.6,0.0,24.2,14.5,0.0,Z1,Sustained sub-threshold work,intermittent.zwo
7,GOOD ✓,"Countdown - 4,3,2,1 !!!",tri247com-pro-workouts,62.0,62.7,0.779,Anaerobic — 3×20s @ 120%,25.8,8.1,25.8,19.4,12.9,8.1,Z1,Anaerobic capacity / W' builder,countdown-4321-.zwo
7,GOOD ✓,Matt Bottrill's Pace Variation,tri247com-pro-workouts,62.0,67.8,0.81,Threshold — 36min steady @ 98%,12.9,29.0,19.4,19.4,0.0,19.4,Z2,Sustained threshold work,matt-bottrills-pace-variation.zwo
7,GOOD ✓,Micro Burst Intervals 2,tri247com-pro-workouts,62.0,53.1,0.717,Sprint — 5×20s @ 150%,74.3,6.5,1.6,0.0,0.0,17.6,Z1,Neuromuscular power / sprint,micro-burst-intervals-2.zwo
7,GOOD ✓,The Sweet Ladder,tri247com-pro-workouts,62.0,59.4,0.758,Anaerobic — 3×20s @ 120%,32.3,12.9,12.9,25.8,12.9,3.2,Z1,Anaerobic capacity / W' builder,the-sweet-ladder.zwo
7,GOOD ✓,Tempo with 30sec spike #2,tt-tuneup,62.0,59.4,0.758,Sprint — 4×10s @ 200%,26.3,12.9,45.2,0.0,8.1,7.5,Z3,Neuromuscular power / sprint,week-5-tempo-with-30sec-spike-2.zwo
7,GOOD ✓,AC + Sweet Spot #1,tt-tuneup,62.0,62.1,0.775,Sprint — 4×10s @ 200%,45.7,12.9,0.0,16.1,8.1,17.2,Z1,Neuromuscular power / sprint,week-6-ac-plus-sweet-spot-1.zwo
7,GOOD ✓,AC + Sweet Spot #2,tt-tuneup,62.0,60.9,0.768,Sprint — 4×10s @ 200%,50.5,12.9,0.0,8.1,8.1,20.4,Z1,Neuromuscular power / sprint,week-7-ac-plus-sweet-spot-2.zwo
7,GOOD ✓,#56-DPC Attack Intervals - Set 2,zf18-direct-power-coaching-phase-5,62.0,55.2,0.731,VO2max — 22min steady @ 113%,56.5,8.1,0.0,0.0,32.3,3.2,Z1,Sustained supra-threshold work,week-2-56-dpc-attack-intervals-set-2.zwo
7,GOOD ✓,#35 Strength Reps Set 3,zf19-spokes-personal-coaching-stage-4,62.0,45.6,0.664,VO2max — 18min steady @ 110%,71.0,0.0,0.0,0.0,0.0,29.0,Z1,Sustained supra-threshold work,35-strength-reps-set-3.zwo
7,GOOD ✓,ODChickenCyclingers - SST 1233,twelve-week-ftp-challenge,62.0,60.0,0.762,Sweet Spot — 38min steady @ 90%,27.4,9.7,1.6,58.1,3.2,0.0,Z4,Sustained sub-threshold work,sst-community-sst-1233.zwo
7,GOOD ✓,Day 5 - Vo2 Max Declining 6min,2018-prl46-prep,61.5,65.6,0.8,Threshold — 28min steady @ 105%,29.3,24.4,0.0,0.0,46.3,0.0,Z5,Sustained threshold work,week-9-day-5-vo2-max-declining-6min-.zwo
7,GOOD ✓,TT#3 Dynamic TT Course Work,threshold,61.5,54.2,0.727,Sprint — 6×10s @ 163%,42.3,13.0,3.3,0.0,34.1,7.3,Z1,Neuromuscular power / sprint,tt3-dynamic-tt-course-work.zwo
7,GOOD ✓,TT#3 Dynamic TT Course Work,timetrials-specific,61.5,54.2,0.727,Sprint — 6×10s @ 163%,42.3,13.0,3.3,0.0,34.1,7.3,Z1,Neuromuscular power / sprint,tt3-dynamic-tt-course-work.zwo
7,GOOD ✓,#49-DPC TT - Strength Reps - Set 3,zf18-direct-power-coaching-phase-4,61.2,61.0,0.773,VO2max — 26min steady @ 110%,57.1,0.0,0.0,38.8,0.0,4.1,Z1,Sustained supra-threshold work,week-3-49-dpc-tt-strength-reps-set-3.zwo
7,GOOD ✓,Day 2 - Progressive 6min #3,2018-prl46-prep,61.0,47.1,0.681,Sweet Spot — 23min steady @ 90%,45.9,12.3,4.1,37.7,0.0,0.0,Z1,Sustained sub-threshold work,week-6-day-2-progressive-6min-3.zwo
7,GOOD ✓,Day 1 - Progressive 11's,4wk-ftp-booster,61.0,56.0,0.742,Sweet Spot — 32min steady @ 92%,41.0,3.3,19.7,19.7,13.1,3.3,Z1,Sustained sub-threshold work,week-3-day-1-progressive-11s.zwo
7,GOOD ✓,Day 1 - Progressive 11's #2,4wk-ftp-booster,61.0,56.7,0.747,Sweet Spot — 32min steady @ 93%,41.0,3.3,16.4,19.7,16.4,3.3,Z1,Sustained sub-threshold work,week-4-day-1-progressive-11s-2.zwo
7,GOOD ✓,10/8/4min Threshold,60-90-minutes-to-burn,61.0,60.0,0.768,Threshold — 28min steady @ 102%,44.3,9.8,5.5,1.1,31.1,8.2,Z1,Sustained threshold work,1084min-threshold.zwo
7,GOOD ✓,Gravel Grind,60-90-minutes-to-burn,61.0,46.5,0.676,Sprint — 4×10s @ 150%,56.3,4.9,29.5,8.2,0.0,1.1,Z1,Neuromuscular power / sprint,gravel-grind.zwo
7,GOOD ✓,Lactate Shuttle #1,60-90-minutes-to-burn,61.0,61.7,0.779,Threshold — 11min steady @ 101%,32.8,18.0,8.2,0.0,29.5,11.5,Z1,Sustained threshold work,lactate-shuttle-1.zwo
7,GOOD ✓,Capacity with Tempo,best-of-coop-academy,61.0,51.8,0.714,Sweet Spot — 11min steady @ 92%,47.5,13.1,1.6,16.4,0.0,21.3,Z1,Sustained sub-threshold work,za-2018-capacity-with-tempo.zwo
7,GOOD ✓,Half-Distance Power Development,best-of-coop-academy,61.0,56.7,0.747,Sweet Spot — 28min steady @ 90%,20.5,21.3,13.1,42.6,2.5,0.0,Z4,Sustained sub-threshold work,za-2019-half-distance-power-development.zwo
7,GOOD ✓,Bottom Bracket Destroyer (BBD),gc-coaching,61.0,53.1,0.723,Anaerobic — 3×30s @ 115%,30.3,59.0,0.0,0.0,0.0,10.7,Z2,Anaerobic capacity / W' builder,strength-bottom-bracket-destroyer-bbd.zwo
7,GOOD ✓,Hill Attacks,gcn,61.0,47.7,0.685,Anaerobic — 10×60s @ 140%,70.5,4.9,8.2,0.0,0.0,16.4,Z1,Anaerobic capacity / W' builder,power-climbs-hill-attacks.zwo
7,GOOD ✓,10/8/4 Threshold,gravel-grinder,61.0,60.0,0.768,Threshold — 28min steady @ 102%,44.3,9.8,5.5,1.1,31.1,8.2,Z1,Sustained threshold work,week-11-1084-threshold.zwo
7,GOOD ✓,2. Gravel Grind,singletrack-slayer,61.0,46.5,0.676,Sprint — 4×10s @ 150%,56.3,4.9,29.5,8.2,0.0,1.1,Z1,Neuromuscular power / sprint,week-4-2-gravel-grind.zwo
7,GOOD ✓,3. Lactate Shuttle #1,singletrack-slayer,61.0,61.7,0.779,Threshold — 11min steady @ 101%,32.8,18.0,8.2,0.0,29.5,11.5,Z1,Sustained threshold work,week-8-3-lactate-shuttle-1.zwo
7,GOOD ✓,#71-DPC Sweetspot Session 3,zf18-direct-power-coaching-phase-6,61.0,57.8,0.754,Sweet Spot — 36min steady @ 92%,41.0,0.0,0.0,49.2,9.8,0.0,Z4,Sustained sub-threshold work,week-3-71-dpc-sweetspot-session-3.zwo
7,GOOD ✓,3. Capacity with Tempo,pro-development-2018,61.0,51.8,0.714,Sweet Spot — 11min steady @ 92%,47.5,13.1,1.6,16.4,0.0,21.3,Z1,Sustained sub-threshold work,semi-finals-3-capacity-with-tempo.zwo
7,GOOD ✓,5. Climb On,training-camp-progression,60.8,63.2,0.79,Sweet Spot — 41min steady @ 88%,3.3,29.6,28.0,39.1,0.0,0.0,Z4,Sustained sub-threshold work,long-5-climb-on.zwo
7,GOOD ✓,The Rollercoaster,60-90-minutes-to-burn,60.7,49.0,0.696,Sweet Spot — 14min steady @ 93%,43.7,16.5,0.0,19.8,16.5,3.6,Z1,Sustained sub-threshold work,the-rollercoaster.zwo
7,GOOD ✓,2. The Rollercoaster,dirt-destroyer,60.7,49.0,0.696,Sweet Spot — 14min steady @ 93%,43.7,16.5,0.0,19.8,16.5,3.6,Z1,Sustained sub-threshold work,week-3-2-the-rollercoaster.zwo
7,GOOD ✓,Day 7 - Explosive Power,active-offseason,60.6,51.6,0.715,Sprint — 3×12s @ 200%,40.3,8.3,49.5,0.0,0.0,2.0,Z3,Neuromuscular power / sprint,week-8-day-7-explosive-power.zwo
7,GOOD ✓,Day 6 - Tempo Climbing,2018-prl46-prep,60.5,61.0,0.778,Sweet Spot — 26min steady @ 91%,8.3,24.8,46.3,11.6,8.3,0.8,Z3,Sustained sub-threshold work,week-10-day-6-tempo-climbing.zwo
7,GOOD ✓,FTP Development,best-of-coop-academy,60.5,56.1,0.746,Threshold — 26min steady @ 105%,39.7,14.9,3.3,0.0,30.6,11.6,Z1,Sustained threshold work,za-2019-ftp-development.zwo
7,GOOD ✓,Tempo Climbing #1,climbing,60.5,60.7,0.776,Threshold — 22min steady @ 96%,16.5,24.8,21.5,16.5,19.8,0.8,Z2,Sustained threshold work,tempo-climbing-1.zwo
7,GOOD ✓,Pre-race,federico-bassis,60.5,47.0,0.683,Anaerobic — 3×60s @ 118%,16.5,61.2,14.9,0.0,0.0,7.4,Z2,Anaerobic capacity / W' builder,pre-race.zwo
7,GOOD ✓,6. Tempo Climbing #1,l-etape-du-tour-training-club,60.5,60.7,0.776,Threshold — 22min steady @ 96%,16.5,24.8,21.5,16.5,19.8,0.8,Z2,Sustained threshold work,phase-4-6-tempo-climbing-1.zwo
7,GOOD ✓,"2. Position, Position!",singletrack-slayer,60.5,54.3,0.734,Sprint — 4×10s @ 175%,41.9,5.0,6.6,29.8,0.0,16.8,Z1,Neuromuscular power / sprint,week-9-2-position-position.zwo
7,GOOD ✓,Tempo Climbing,sweet-spot,60.5,61.0,0.778,Sweet Spot — 26min steady @ 91%,8.3,24.8,46.3,11.6,8.3,0.8,Z3,Sustained sub-threshold work,tempo-climbing.zwo
7,GOOD ✓,Race winning,60-90-minutes-to-burn,60.3,49.8,0.704,VO2max — 18min steady @ 113%,64.6,5.0,0.0,0.0,24.9,5.5,Z1,Sustained supra-threshold work,race-winning.zwo
7,GOOD ✓,Race winning,gcn,60.3,49.8,0.704,VO2max — 18min steady @ 113%,64.6,5.0,0.0,0.0,24.9,5.5,Z1,Sustained supra-threshold work,flat-out-fast-race-winning.zwo
7,GOOD ✓,Tractor Pulls,climbing,60.2,55.1,0.741,Sprint — 10×25s @ 200%,38.2,54.8,0.0,0.0,0.0,6.9,Z2,Neuromuscular power / sprint,tractor-pulls.zwo
7,GOOD ✓,LOAD-UPs!,gcn,60.2,57.4,0.756,Threshold — 26min steady @ 99%,31.5,24.9,0.0,24.9,16.6,2.1,Z1,Sustained threshold work,sprints-load-ups.zwo
7,GOOD ✓,Tractor Pulls,gcn,60.2,55.1,0.741,Sprint — 10×25s @ 200%,38.2,54.8,0.0,0.0,0.0,6.9,Z2,Neuromuscular power / sprint,sprints-tractor-pulls.zwo
7,GOOD ✓,LOAD-UPs!,sprinting,60.2,57.4,0.756,Threshold — 26min steady @ 99%,31.5,24.9,0.0,24.9,16.6,2.1,Z1,Sustained threshold work,load-ups.zwo
7,GOOD ✓,Hywel's Hurtbox Time Bomb,tri247com-pro-workouts,60.2,68.3,0.825,Threshold — 36min steady @ 103%,32.0,8.3,0.0,0.0,44.8,14.9,Z5,Sustained threshold work,hywels-hurtbox-time-bomb.zwo
7,GOOD ✓,Agility 1,federico-bassis,60.1,56.0,0.748,Sweet Spot — 14min steady @ 91%,25.1,16.6,38.3,5.0,11.7,3.3,Z3,Sustained sub-threshold work,agility-1.zwo
7,GOOD ✓,Day 2 - 15min varied tempo #2,2018-prl46-prep,60.0,54.3,0.737,Sprint — 4×10s @ 180%,27.2,13.3,25.0,33.3,0.0,1.1,Z4,Neuromuscular power / sprint,week-3-day-2-15min-varied-tempo-2.zwo
7,GOOD ✓,Day 6 - Sprints #1,2018-prl46-prep,60.0,32.3,0.568,Sprint — 4×10s @ 180%,77.2,13.3,0.0,8.3,0.0,1.1,Z1,Neuromuscular power / sprint,week-4-day-6-sprints-1.zwo
7,GOOD ✓,Day 2 - 15min varied tempo #3,2018-prl46-prep,60.0,59.0,0.768,Sprint — 4×10s @ 181%,26.4,13.3,25.0,31.7,0.0,3.6,Z4,Neuromuscular power / sprint,week-5-day-2-15min-varied-tempo-3.zwo
7,GOOD ✓,Day 6 - Vo2 Max Increase #1,2018-prl46-prep,60.0,65.9,0.812,Threshold — 30min steady @ 104%,28.3,21.7,0.0,8.3,0.0,41.7,Z6,Sustained threshold work,week-7-day-6-vo2-max-increase-1.zwo
7,GOOD ✓,Day 5 - Vo2 Max Climbing,2018-prl46-prep,60.0,54.0,0.735,Threshold — 20min steady @ 106%,46.7,20.0,0.0,0.0,8.3,25.0,Z1,Sustained threshold work,week-8-day-5-vo2-max-climbing.zwo
7,GOOD ✓,Twelve Spikes,2020-rapha-festive-500,60.0,44.0,0.663,Anaerobic — 4×20s @ 110%,26.7,66.1,0.0,0.0,3.3,3.9,Z2,Anaerobic capacity / W' builder,twelve-spikes.zwo
7,GOOD ✓,Spaded Sweetie,30-60-minutes-to-burn,60.0,59.4,0.771,Threshold — 28min steady @ 101%,41.2,6.2,4.2,14.2,25.8,8.3,Z1,Sustained threshold work,spaded-sweetie.zwo
7,GOOD ✓,Uphill Battle,30-60-minutes-to-burn,60.0,51.1,0.715,Anaerobic — 5×30s @ 130%,50.0,11.7,0.8,25.8,0.8,10.8,Z1,Anaerobic capacity / W' builder,uphill-battle.zwo
7,GOOD ✓,Day 2 - HIT 45sec #2,4wk-ftp-booster,60.0,51.6,0.718,Anaerobic — 6×45s @ 175%,30.0,45.8,0.0,16.7,0.0,7.5,Z2,Anaerobic capacity / W' builder,week-2-day-2-hit-45sec-2.zwo
7,GOOD ✓,Day 7 - Max Aerobic declining,4wk-ftp-booster,60.0,56.0,0.748,Threshold — 28min steady @ 97%,10.0,33.3,0.0,25.0,20.0,11.7,Z2,Sustained threshold work,week-2-day-7-max-aerobic-declining.zwo
7,GOOD ✓,Day 4 - Through the zones - flat,4wk-prl-prep,60.0,60.1,0.775,Sweet Spot — 35min steady @ 93%,33.3,8.3,0.0,45.0,10.0,3.3,Z4,Sustained sub-threshold work,week-4-day-4-through-the-zones-flat.zwo
7,GOOD ✓,Circus,60-90-minutes-to-burn,60.0,57.9,0.761,Sprint — 18×15s @ 150%,72.5,0.0,0.0,0.8,0.8,25.8,Z1,Neuromuscular power / sprint,circus.zwo
7,GOOD ✓,Geraint Thomas: GC Rider,60-90-minutes-to-burn,60.0,62.4,0.79,Anaerobic — 3×60s @ 110%,0.0,60.0,16.7,0.0,11.7,11.7,Z2,Anaerobic capacity / W' builder,geraint-thomas-gc-rider.zwo
7,GOOD ✓,Going Up The Zones,60-90-minutes-to-burn,60.0,51.8,0.72,Sweet Spot — 18min steady @ 95%,43.3,3.3,28.3,13.3,8.3,3.3,Z1,Sustained sub-threshold work,going-up-the-zones.zwo
7,GOOD ✓,Hang Ten,60-90-minutes-to-burn,60.0,54.5,0.738,Threshold — 15min steady @ 100%,16.7,25.0,33.3,16.7,0.0,8.3,Z3,Sustained threshold work,hang-ten.zwo
7,GOOD ✓,The McCarthy Special,60-90-minutes-to-burn,60.0,65.6,0.81,VO2max — 27min steady @ 112%,25.0,30.0,0.0,0.0,15.0,30.0,Z2,Sustained supra-threshold work,the-mccarthy-special.zwo
7,GOOD ✓,Thew,60-90-minutes-to-burn,60.0,58.4,0.764,VO2max — 14min steady @ 114%,37.5,30.0,0.0,0.8,0.8,30.8,Z1,Sustained supra-threshold work,thew.zwo
7,GOOD ✓,Explosive Power,90plus-minutes-to-burn,60.0,49.8,0.706,Sprint — 3×12s @ 200%,39.7,8.3,25.0,25.0,0.0,2.0,Z1,Neuromuscular power / sprint,explosive-power.zwo
7,GOOD ✓,Day 7 - Explosive Power,active-offseason,60.0,49.8,0.706,Sprint — 3×12s @ 200%,39.7,8.3,25.0,25.0,0.0,2.0,Z1,Neuromuscular power / sprint,week-12-day-7-explosive-power.zwo
7,GOOD ✓,Tempo Ride,ai-endurance,60.0,67.6,0.822,Sweet Spot — 40min steady @ 90%,0.0,33.3,0.0,66.7,0.0,0.0,Z4,Sustained sub-threshold work,bike-tempo-ride.zwo
7,GOOD ✓,Threshold Ride,ai-endurance,60.0,61.0,0.781,Threshold — 20min steady @ 106%,0.0,66.7,0.0,0.0,0.0,33.3,Z2,Sustained threshold work,bike-threshold-ride.zwo
7,GOOD ✓,VO2Max Ride,ai-endurance,60.0,53.4,0.731,VO2max — 10min steady @ 120%,0.0,83.3,0.0,0.0,0.0,16.7,Z2,Sustained supra-threshold work,bike-vo2max-ride.zwo
7,GOOD ✓,Max Aerobic,best-of-coop-academy,60.0,48.4,0.696,Threshold — 19min steady @ 106%,58.3,8.3,1.7,10.0,0.0,21.7,Z1,Sustained threshold work,za-2018-max-aerobic.zwo
7,GOOD ✓,Anaerobic Power Development,best-of-coop-academy,60.0,46.6,0.683,Sprint — 3×30s @ 190%,73.6,5.0,5.0,3.3,0.0,13.1,Z1,Neuromuscular power / sprint,za-2019-anaerobic-power-development.zwo
7,GOOD ✓,VO2max Long Intervals,best-of-coop-academy,60.0,55.4,0.744,Threshold — 18min steady @ 105%,32.5,33.3,0.0,0.0,24.2,10.0,Z2,Sustained threshold work,za-2020-vo2max-long-intervals.zwo
7,GOOD ✓,VO2max Short Intervals,best-of-coop-academy,60.0,57.0,0.755,Anaerobic — 5×15s @ 118%,42.9,28.3,0.0,0.0,0.0,28.7,Z1,Anaerobic capacity / W' builder,za-2020-vo2max-short-intervals.zwo
7,GOOD ✓,Attack and hold,bike-science,60.0,46.9,0.685,Threshold — 25min steady @ 98%,55.8,0.0,0.0,37.5,2.5,4.2,Z1,Sustained threshold work,attack-and-hold.zwo
7,GOOD ✓,Devedeset,build-me-up,60.0,50.3,0.709,Sweet Spot — 30min steady @ 90%,47.5,0.0,0.0,50.8,0.8,0.8,Z4,Sustained sub-threshold work,week-1-devedeset.zwo
7,GOOD ✓,Breakfast Returns,build-me-up,60.0,57.9,0.761,Anaerobic — 10×30s @ 130%,47.5,25.0,0.0,0.8,0.8,25.8,Z1,Anaerobic capacity / W' builder,week-11-breakfast-returns.zwo
7,GOOD ✓,Thew,build-me-up,60.0,58.4,0.764,VO2max — 14min steady @ 114%,37.5,30.0,0.0,0.8,0.8,30.8,Z1,Sustained supra-threshold work,week-11-thew.zwo
7,GOOD ✓,"What Goes Up, Must Come Down",build-me-up,60.0,64.2,0.801,Threshold — 35min steady @ 95%,28.3,13.3,0.0,28.3,30.0,0.0,Z5,Sustained threshold work,week-2-what-goes-up-must-come-down.zwo
7,GOOD ✓,Novanta,build-me-up,60.0,60.1,0.775,Sweet Spot — 10min steady @ 90%,30.8,0.0,0.0,67.5,0.8,0.8,Z4,Sustained sub-threshold work,week-3-novanta.zwo
7,GOOD ✓,C.A.,build-me-up,60.0,50.7,0.712,Anaerobic — 3×30s @ 110%,39.2,16.7,16.7,25.0,0.0,2.5,Z1,Anaerobic capacity / W' builder,week-6-ca.zwo
7,GOOD ✓,Uphill Battle,build-me-up,60.0,51.1,0.715,Anaerobic — 5×30s @ 130%,50.0,11.7,0.8,25.8,0.8,10.8,Z1,Anaerobic capacity / W' builder,week-6-uphill-battle.zwo
7,GOOD ✓,Spaded Sweetie,build-me-up,60.0,59.4,0.771,Threshold — 28min steady @ 101%,41.2,6.2,4.2,14.2,25.8,8.3,Z1,Sustained threshold work,week-7-spaded-sweetie.zwo
7,GOOD ✓,Hang Ten,build-me-up,60.0,54.5,0.738,Threshold — 15min steady @ 100%,16.7,25.0,33.3,16.7,0.0,8.3,Z3,Sustained threshold work,week-8-hang-ten.zwo
7,GOOD ✓,Circus,build-me-up,60.0,57.9,0.761,Sprint — 18×15s @ 150%,72.5,0.0,0.0,0.8,0.8,25.8,Z1,Neuromuscular power / sprint,week-9-circus.zwo
7,GOOD ✓,Malevolent,build-me-up,60.0,65.6,0.81,Sweet Spot — 43min steady @ 95%,28.7,0.0,0.0,57.9,0.8,12.5,Z4,Sustained sub-threshold work,week-9-malevolent.zwo
7,GOOD ✓,Hill Sprints,climbing,60.0,60.1,0.775,Sweet Spot — 33min steady @ 85%,33.9,5.0,55.0,0.0,0.0,6.1,Z3,Sustained sub-threshold work,hill-sprints.zwo
7,GOOD ✓,Norseman workout: Dyranut,climbing,60.0,50.6,0.711,Anaerobic — 3×30s @ 130%,25.0,53.3,0.0,0.0,0.0,21.7,Z2,Anaerobic capacity / W' builder,norseman-workout-dyranut.zwo
7,GOOD ✓,Norseman workout: Hardangervidda,climbing,60.0,57.8,0.76,Sweet Spot — 30min steady @ 94%,31.7,15.6,20.0,15.0,12.8,5.0,Z1,Sustained sub-threshold work,norseman-workout-hardangervidda.zwo
7,GOOD ✓,Norseman workout: Vasstulan,climbing,60.0,53.3,0.73,Threshold — 25min steady @ 97%,42.8,13.3,0.0,32.2,6.7,5.0,Z1,Sustained threshold work,norseman-workout-vasstulan.zwo
7,GOOD ✓,Steeper & Steeper,climbing,60.0,64.0,0.8,VO2max — 24min steady @ 113%,38.3,21.7,0.0,15.0,0.0,25.0,Z1,Sustained supra-threshold work,steeper-steeper.zwo
7,GOOD ✓,Sweetspot w/ steeps,climbing,60.0,65.0,0.806,Anaerobic — 12×45s @ 130%,36.7,5.0,0.0,43.3,0.0,15.0,Z4,Anaerobic capacity / W' builder,sweetspot-w-steeps.zwo
7,GOOD ✓,Day 1 - Micro Bursts,crit-crusher,60.0,54.2,0.736,Sprint — 20×10s @ 200%,83.3,0.0,0.0,0.0,0.0,16.7,Z1,Neuromuscular power / sprint,week-4-day-1-micro-bursts.zwo
7,GOOD ✓,Day 1 - Micro Bursts,crit-crusher,60.0,54.2,0.736,Sprint — 20×10s @ 200%,83.3,0.0,0.0,0.0,0.0,16.7,Z1,Neuromuscular power / sprint,week-6-day-1-micro-bursts.zwo
7,GOOD ✓,Day 1 - Micro Bursts,crit-crusher,60.0,54.2,0.736,Sprint — 20×10s @ 200%,83.3,0.0,0.0,0.0,0.0,16.7,Z1,Neuromuscular power / sprint,week-7-day-1-micro-bursts.zwo
7,GOOD ✓,Microbursts 3 x 10 x :15 (1:00) 10' WU/CD,cvr-world-cup-training,60.0,68.1,0.825,Sprint — 20×15s @ 150%,45.0,30.0,0.0,0.0,0.0,25.0,Z1,Neuromuscular power / sprint,microbursts-3-x-10-x-15-100-10-wucd.zwo
7,GOOD ✓,2. TT - Strength Reps - Set 1,cycleops-tt-challenge,60.0,32.6,0.571,Sweet Spot — 15min steady @ 94%,75.0,0.0,0.0,24.6,0.0,0.4,Z1,Sustained sub-threshold work,2-tt-strength-reps-set-1.zwo
7,GOOD ✓,"9. Minute Intervals into ""Sweetspot"" Set 2",cycleops-tt-challenge,60.0,38.2,0.618,Anaerobic — 3×60s @ 150%,70.0,0.0,0.0,25.0,0.0,5.0,Z1,Anaerobic capacity / W' builder,9-minute-intervals-into-sweetspot-set-2.zwo
7,GOOD ✓,HIT 45sec #2,daily-fit,60.0,51.6,0.718,Anaerobic — 6×45s @ 175%,30.0,45.8,0.0,16.7,0.0,7.5,Z2,Anaerobic capacity / W' builder,hit-45sec-2.zwo
7,GOOD ✓,Endurance #1,endurance,60.0,48.0,0.693,Anaerobic — 7×10s @ 130%,10.0,79.7,0.0,6.7,0.0,3.6,Z2,Anaerobic capacity / W' builder,endurance-1.zwo
7,GOOD ✓,Men's Team Workout,endurance,60.0,43.0,0.656,Sprint — 3×20s @ 150%,45.0,48.3,0.0,0.0,5.0,1.7,Z2,Neuromuscular power / sprint,mens-team-workout.zwo
7,GOOD ✓,Twelve Spikes,endurance,60.0,44.0,0.663,Anaerobic — 4×20s @ 110%,26.7,66.1,0.0,0.0,3.3,3.9,Z2,Anaerobic capacity / W' builder,twelve-spikes.zwo
7,GOOD ✓,Workout 3,endurance,60.0,58.2,0.763,Sweet Spot — 15min steady @ 95%,16.7,33.3,25.0,25.0,0.0,0.0,Z2,Sustained sub-threshold work,workout-3.zwo
7,GOOD ✓,Agility 2,federico-bassis,60.0,53.6,0.732,Sweet Spot — 21min steady @ 92%,8.3,48.3,25.0,15.0,0.0,3.3,Z2,Sustained sub-threshold work,agility-2.zwo
7,GOOD ✓,FRNKLN - January 10,franklin-bespoke,60.0,55.8,0.747,Sweet Spot — 36min steady @ 91%,40.0,0.0,40.0,0.0,13.3,6.7,Z1,Sustained sub-threshold work,getting-fit-in-january-frnkln-january-10.zwo
7,GOOD ✓,FRNKLN - January 14,franklin-bespoke,60.0,61.5,0.784,Sweet Spot — 38min steady @ 91%,15.8,21.7,0.0,60.0,0.0,2.5,Z4,Sustained sub-threshold work,getting-fit-in-january-frnkln-january-14.zwo
7,GOOD ✓,FRNKLN - January 15,franklin-bespoke,60.0,55.5,0.745,Anaerobic — 7×30s @ 120%,18.3,60.8,8.3,5.0,0.0,7.5,Z2,Anaerobic capacity / W' builder,getting-fit-in-january-frnkln-january-15.zwo
7,GOOD ✓,FRNKLN - January 23,franklin-bespoke,60.0,62.4,0.79,Threshold — 22min steady @ 103%,26.7,16.9,20.0,16.7,8.3,11.4,Z1,Sustained threshold work,getting-fit-in-january-frnkln-january-23.zwo
7,GOOD ✓,FRNKLN - January 29,franklin-bespoke,60.0,65.0,0.806,Anaerobic — 9×30s @ 120%,7.5,56.7,10.0,1.7,0.0,24.2,Z2,Anaerobic capacity / W' builder,getting-fit-in-january-frnkln-january-29.zwo
7,GOOD ✓,FRNKLN - January 9,franklin-bespoke,60.0,49.8,0.706,Sweet Spot — 23min steady @ 86%,0.0,61.7,35.0,3.3,0.0,0.0,Z2,Sustained sub-threshold work,getting-fit-in-january-frnkln-january-9.zwo
7,GOOD ✓,FRNKLN - 8th Feb,franklin-bespoke,60.0,59.0,0.768,VO2max — 13min steady @ 110%,0.0,57.8,20.0,0.0,6.7,15.6,Z2,Sustained supra-threshold work,specials-frnkln-8th-feb.zwo
7,GOOD ✓,WKG - W2W3,franklin-bespoke,60.0,60.1,0.775,Sweet Spot — 13min steady @ 93%,16.7,33.3,3.3,18.3,28.3,0.0,Z2,Sustained sub-threshold work,teamwkg-wkg-w2w3.zwo
7,GOOD ✓,WKG - W4W1,franklin-bespoke,60.0,62.7,0.792,Anaerobic — 4×30s @ 110%,21.7,21.5,28.3,6.7,1.2,20.6,Z3,Anaerobic capacity / W' builder,teamwkg-wkg-w4w1.zwo
7,GOOD ✓,Not So Sweet Spot,gc-coaching,60.0,55.2,0.743,Anaerobic — 3×30s @ 115%,32.5,15.0,0.0,40.0,10.0,2.5,Z4,Anaerobic capacity / W' builder,sweet-spot-not-so-sweet-spot.zwo
7,GOOD ✓,3. Thursday - SST: 4x6,gc-coaching-virtual-group-training-phase-1,60.0,52.7,0.726,Anaerobic — 3×30s @ 120%,40.8,10.0,3.3,43.3,0.0,2.5,Z4,Anaerobic capacity / W' builder,week-1-3-thursday-sst-4x6.zwo
7,GOOD ✓,2. Wednesday - D: High / Low Cadence,gc-coaching-virtual-group-training-phase-1,60.0,43.8,0.662,Anaerobic — 3×30s @ 120%,30.8,60.0,3.3,3.3,0.0,2.5,Z2,Anaerobic capacity / W' builder,week-4-recovery-2-wednesday-d-high-low-cadence.zwo
7,GOOD ✓,3. Thursday - SST: 5x6 Cadence Changes,gc-coaching-virtual-group-training-phase-1,60.0,54.3,0.737,Anaerobic — 3×30s @ 120%,30.8,18.3,20.0,28.3,0.0,2.5,Z1,Anaerobic capacity / W' builder,week-4-recovery-3-thursday-sst-5x6-cadence-changes.zwo
7,GOOD ✓,1. Tuesday - OU: Tempo / LT @60 RPM,gc-coaching-virtual-group-training-phase-1,60.0,57.8,0.76,Anaerobic — 3×30s @ 120%,35.8,10.0,3.3,33.3,15.0,2.5,Z1,Anaerobic capacity / W' builder,week-5-1-tuesday-ou-tempo-lt-60-rpm.zwo
7,GOOD ✓,2. Wednesday - ME: 40 minutes (4x10') @65-75 RPM,gc-coaching-virtual-group-training-phase-1,60.0,56.9,0.754,Anaerobic — 3×30s @ 120%,14.2,43.3,20.0,20.0,0.0,2.5,Z2,Anaerobic capacity / W' builder,week-5-2-wednesday-me-40-minutes-4x10-65-75-rpm.zwo
7,GOOD ✓,3. Thursday - OU: Over/Under/Over,gc-coaching-virtual-group-training-phase-1,60.0,57.5,0.758,Anaerobic — 3×30s @ 120%,47.5,10.0,3.3,3.3,26.7,9.2,Z1,Anaerobic capacity / W' builder,week-6-3-thursday-ou-overunderover.zwo
7,GOOD ✓,2. Wednesday - OU: 3/3/3 - Tempo/LT/Tempo,gc-coaching-virtual-group-training-phase-1,60.0,49.7,0.705,Anaerobic — 3×30s @ 120%,35.8,40.0,3.3,18.3,0.0,2.5,Z2,Anaerobic capacity / W' builder,week-7-2-wednesday-ou-333-tempolttempo.zwo
7,GOOD ✓,2. Wednesday - D: High / Low Cadence,gc-coaching-virtual-group-training-phase-1,60.0,43.8,0.662,Anaerobic — 3×30s @ 120%,30.8,60.0,3.3,3.3,0.0,2.5,Z2,Anaerobic capacity / W' builder,week-8-recovery-2-wednesday-d-high-low-cadence.zwo
7,GOOD ✓,3. Thursday - SST: 5x6 Cadence Changes,gc-coaching-virtual-group-training-phase-1,60.0,54.3,0.737,Anaerobic — 3×30s @ 120%,30.8,18.3,20.0,28.3,0.0,2.5,Z1,Anaerobic capacity / W' builder,week-8-recovery-3-thursday-sst-5x6-cadence-changes.zwo
7,GOOD ✓,Hill Sprints,gcn,60.0,60.1,0.775,Sweet Spot — 33min steady @ 85%,33.9,5.0,55.0,0.0,0.0,6.1,Z3,Sustained sub-threshold work,power-climbs-hill-sprints.zwo
7,GOOD ✓,Steeper & Steeper,gcn,60.0,64.0,0.8,VO2max — 24min steady @ 113%,38.3,21.7,0.0,15.0,0.0,25.0,Z1,Sustained supra-threshold work,power-climbs-steeper-steeper.zwo
7,GOOD ✓,Sweetspot w/ steeps,gcn,60.0,65.0,0.806,Anaerobic — 12×45s @ 130%,36.7,5.0,0.0,43.3,0.0,15.0,Z4,Anaerobic capacity / W' builder,power-climbs-sweetspot-w-steeps.zwo
7,GOOD ✓,Microbursts,gcn,60.0,58.1,0.762,Sprint — 20×15s @ 150%,70.0,5.0,0.0,0.0,0.0,25.0,Z1,Neuromuscular power / sprint,race-prep-microbursts.zwo
7,GOOD ✓,Microbursts,gcn,60.0,58.1,0.762,Sprint — 20×15s @ 150%,70.0,5.0,0.0,0.0,0.0,25.0,Z1,Neuromuscular power / sprint,sprints-microbursts.zwo
7,GOOD ✓,Power,gcn,60.0,55.8,0.747,Sprint — 10×20s @ 200%,31.1,55.0,8.3,0.0,0.0,5.6,Z2,Neuromuscular power / sprint,sprints-power.zwo
7,GOOD ✓,Sprint!,gcn,60.0,55.8,0.747,Sprint — 10×20s @ 200%,31.1,55.0,8.3,0.0,0.0,5.6,Z2,Neuromuscular power / sprint,sprints-sprint.zwo
7,GOOD ✓,Sweet spot Builds,gravel-grinder,60.0,54.9,0.741,Sweet Spot — 26min steady @ 92%,15.0,40.8,11.4,28.1,4.7,0.0,Z2,Sustained sub-threshold work,week-0-prep-sweet-spot-builds.zwo
7,GOOD ✓,Base builder ladder 1E,gravel-grinder,60.0,47.5,0.689,Sweet Spot — 14min steady @ 88%,46.7,11.7,30.0,11.7,0.0,0.0,Z1,Sustained sub-threshold work,week-1-base-builder-ladder-1e.zwo
7,GOOD ✓,2x(5x2) threshold fun,gravel-grinder,60.0,48.4,0.696,Sweet Spot — 10min steady @ 95%,60.0,0.0,12.2,5.6,22.2,0.0,Z1,Sustained sub-threshold work,week-3-2x5x2-threshold-fun.zwo
7,GOOD ✓,Sweet spot Builds,gravel-grinder,60.0,54.0,0.735,Sweet Spot — 26min steady @ 92%,20.8,35.0,11.4,28.1,4.7,0.0,Z2,Sustained sub-threshold work,week-4-sweet-spot-builds.zwo
7,GOOD ✓,8/6/4 Threshold,gravel-grinder,60.0,53.7,0.733,Threshold — 24min steady @ 98%,50.0,5.0,5.6,19.4,18.3,1.7,Z1,Sustained threshold work,week-6-864-threshold.zwo
7,GOOD ✓,Going up the zones,gravel-grinder,60.0,51.8,0.72,Sweet Spot — 18min steady @ 95%,43.3,3.3,28.3,13.3,8.3,3.3,Z1,Sustained sub-threshold work,week-7-going-up-the-zones.zwo
7,GOOD ✓,Turn up the AC (anaerobic capacity) (2x5x2),gravel-grinder,60.0,46.8,0.684,VO2max — 12min steady @ 120%,61.7,13.3,5.0,10.0,0.0,10.0,Z1,Sustained supra-threshold work,week-7-turn-up-the-ac-anaerobic-capacity-2x5x2.zwo
7,GOOD ✓,Day 2 - Micro bursts!,hunters-challenge,60.0,61.9,0.787,Sprint — 20×15s @ 150%,41.7,33.3,0.0,0.0,0.0,25.0,Z1,Neuromuscular power / sprint,week-1-day-2-micro-bursts.zwo
7,GOOD ✓,Day 4 - Microbursts,hunters-challenge,60.0,75.5,0.869,Sprint — 20×15s @ 160%,25.0,50.0,0.0,0.0,0.0,25.0,Z2,Neuromuscular power / sprint,week-3-day-4-microbursts.zwo
7,GOOD ✓,5. Mitochondria #1,l-etape-du-tour-training-club,60.0,52.7,0.726,Anaerobic — 10×60s @ 113%,20.0,53.3,1.7,6.7,0.0,18.3,Z2,Anaerobic capacity / W' builder,phase-1-5-mitochondria-1.zwo
7,GOOD ✓,2. Mitochondria #2,l-etape-du-tour-training-club,60.0,56.1,0.749,Anaerobic — 10×60s @ 113%,26.7,33.3,1.7,21.7,0.0,16.7,Z2,Anaerobic capacity / W' builder,phase-2-2-mitochondria-2.zwo
7,GOOD ✓,1. TT Steps,l-etape-du-tour-training-club,60.0,48.4,0.696,Threshold — 12min steady @ 100%,45.0,8.3,23.3,13.3,3.3,6.7,Z1,Sustained threshold work,phase-3-1-tt-steps-.zwo
7,GOOD ✓,The McCarthy Special,less-than-60-minutes-to-burn,60.0,65.6,0.81,VO2max — 27min steady @ 112%,25.0,30.0,0.0,0.0,15.0,30.0,Z2,Sustained supra-threshold work,the-mccarthy-special.zwo
7,GOOD ✓,SZRGWO 05.0,mattias-thyr-unstructured-workouts,60.0,68.7,0.829,Threshold — 16min steady @ 98%,30.8,0.0,3.3,24.2,35.0,6.7,Z5,Sustained threshold work,szrgwo-050.zwo
7,GOOD ✓,SZRGWO 05.1,mattias-thyr-unstructured-workouts,60.0,68.7,0.829,Threshold — 16min steady @ 98%,30.8,0.0,3.3,24.2,35.0,6.7,Z5,Sustained threshold work,szrgwo-051.zwo
7,GOOD ✓,SZRGWO 10.1,mattias-thyr-unstructured-workouts,60.0,82.4,0.908,VO2max — 20min steady @ 117%,17.5,0.0,20.8,28.3,26.7,6.7,Z4,Sustained supra-threshold work,szrgwo-101.zwo
7,GOOD ✓,SZRGWO 10.2,mattias-thyr-unstructured-workouts,60.0,82.4,0.908,VO2max — 20min steady @ 117%,17.5,0.0,20.8,28.3,26.7,6.7,Z4,Sustained supra-threshold work,szrgwo-102.zwo
7,GOOD ✓,SZRGWO 10.3,mattias-thyr-unstructured-workouts,60.0,86.3,0.929,VO2max — 18min steady @ 118%,10.0,0.0,20.8,40.0,23.3,5.8,Z4,Sustained supra-threshold work,szrgwo-103.zwo
7,GOOD ✓,Workout 3,mountain-bike,60.0,58.2,0.763,Sweet Spot — 15min steady @ 95%,16.7,33.3,25.0,25.0,0.0,0.0,Z2,Sustained sub-threshold work,annika-langvad-series-workout-3.zwo
7,GOOD ✓,Workout 1: Alpecin-Premier Tech Team Camp,new-workouts,60.0,49.6,0.704,Sweet Spot — 20min steady @ 90%,33.3,33.3,16.7,16.7,0.0,0.0,Z1,Sustained sub-threshold work,workout-1-alpecin-premier-tech-team-camp-.zwo
7,GOOD ✓,20-min Pre-Race + 3x Race Start,one-of-a-kind,60.0,65.9,0.812,Threshold — 30min steady @ 99%,15.1,30.7,3.3,34.2,2.5,14.2,Z4,Sustained threshold work,20-min-pre-race-plus-3x-race-start.zwo
7,GOOD ✓,Tower of Power Bridge 60 min,one-of-a-kind,60.0,65.8,0.811,Threshold — 31min steady @ 104%,35.0,6.7,6.7,10.0,30.0,11.7,Z1,Sustained threshold work,tower-of-power-bridge-60-min.zwo
7,GOOD ✓,Men's Team Workout,pro-training-camp,60.0,43.0,0.656,Sprint — 3×20s @ 150%,45.0,48.3,0.0,0.0,5.0,1.7,Z2,Neuromuscular power / sprint,mens-team-workout.zwo
7,GOOD ✓,Cameron Wurf: All-Rounder,pro-training-camp-ineos-grenadiers,60.0,52.6,0.725,Anaerobic — 3×60s @ 110%,23.3,21.7,40.0,10.0,0.0,5.0,Z3,Anaerobic capacity / W' builder,cameron-wurf-all-rounder-.zwo
7,GOOD ✓,Geraint Thomas: GC Rider,pro-training-camp-ineos-grenadiers,60.0,62.4,0.79,Anaerobic — 3×60s @ 110%,0.0,60.0,16.7,0.0,11.7,11.7,Z2,Anaerobic capacity / W' builder,geraint-thomas-gc-rider.zwo
7,GOOD ✓,A) Extensive Aerobic,charity-alpine-tt-plan,60.0,63.8,0.799,Sweet Spot — 36min steady @ 91%,13.3,21.7,5.0,60.0,0.0,0.0,Z4,Sustained sub-threshold work,week-2-a-extensive-aerobic.zwo
7,GOOD ✓,A) Extensive Aerobic,charity-alpine-tt-plan,60.0,63.8,0.799,Sweet Spot — 36min steady @ 91%,13.3,21.7,5.0,60.0,0.0,0.0,Z4,Sustained sub-threshold work,week-4-a-extensive-aerobic.zwo
7,GOOD ✓,C) 3x10 Decreasing,charity-endurance-challenge,60.0,49.3,0.702,Sweet Spot — 1×10min @ 90%,36.7,13.3,33.3,16.7,0.0,0.0,Z1,,week-1-c-3x10-decreasing.zwo
7,GOOD ✓,C) 3x10 Decreasing,charity-endurance-challenge,60.0,49.3,0.702,Sweet Spot — 1×10min @ 90%,36.7,13.3,33.3,16.7,0.0,0.0,Z1,,week-3-c-3x10-decreasing.zwo
7,GOOD ✓,B: E/T: Split Ride,charity-one-lap-tt-plan,60.0,51.1,0.715,Sweet Spot — 20min steady @ 85%,20.0,41.7,38.3,0.0,0.0,0.0,Z2,Sustained sub-threshold work,week-3-b-et-split-ride.zwo
7,GOOD ✓,LT/VO2: 5+2+2,charity-one-lap-tt-plan,60.0,60.1,0.775,Anaerobic — 3×30s @ 120%,34.2,10.0,3.3,36.7,0.0,15.8,Z4,Anaerobic capacity / W' builder,week-3-ltvo2-5-plus2-plus2.zwo
7,GOOD ✓,B: OU: 3/3/3 - Tempo/LT/Tempo Pyramids,charity-one-lap-tt-plan,60.0,49.7,0.705,Anaerobic — 3×30s @ 120%,35.8,40.0,3.3,18.3,0.0,2.5,Z2,Anaerobic capacity / W' builder,week-4-b-ou-333-tempolttempo-pyramids.zwo
7,GOOD ✓,B: Sweet Spot: SST: 2x10 + 5x1,charity-one-lap-tt-plan,60.0,55.8,0.747,Anaerobic — 3×30s @ 120%,39.2,10.0,3.3,36.7,0.0,10.8,Z1,Anaerobic capacity / W' builder,week-4-b-sweet-spot-sst-2x10-plus-5x1.zwo
7,GOOD ✓,2. Zone 2 #2,singletrack-slayer,60.0,43.4,0.659,Anaerobic — 4×10s @ 135%,13.9,65.0,8.3,0.0,0.0,12.8,Z2,Anaerobic capacity / W' builder,week-10-2-zone-2-2.zwo
7,GOOD ✓,1. Anaerobic,singletrack-slayer,60.0,53.7,0.733,Sprint — 4×10s @ 175%,58.9,5.0,8.3,0.0,13.3,14.4,Z1,Neuromuscular power / sprint,week-2-1-anaerobic.zwo
7,GOOD ✓,1. Zone 2 #2,singletrack-slayer,60.0,43.4,0.659,Anaerobic — 4×10s @ 135%,13.9,65.0,8.3,0.0,0.0,12.8,Z2,Anaerobic capacity / W' builder,week-3-1-zone-2-2.zwo
7,GOOD ✓,2. Zone 2 #2,singletrack-slayer,60.0,43.4,0.659,Anaerobic — 4×10s @ 135%,13.9,65.0,8.3,0.0,0.0,12.8,Z2,Anaerobic capacity / W' builder,week-5-2-zone-2-2.zwo
7,GOOD ✓,2. Zone 2 #2,singletrack-slayer,60.0,43.4,0.659,Anaerobic — 4×10s @ 135%,13.9,65.0,8.3,0.0,0.0,12.8,Z2,Anaerobic capacity / W' builder,week-7-2-zone-2-2.zwo
7,GOOD ✓,1. Zone 2 #2,singletrack-slayer,60.0,43.4,0.659,Anaerobic — 4×10s @ 135%,13.9,65.0,8.3,0.0,0.0,12.8,Z2,Anaerobic capacity / W' builder,week-9-1-zone-2-2.zwo
7,GOOD ✓,Power,sprinting,60.0,55.8,0.747,Sprint — 10×20s @ 200%,31.1,55.0,8.3,0.0,0.0,5.6,Z2,Neuromuscular power / sprint,power.zwo
7,GOOD ✓,Sprint!,sprinting,60.0,55.8,0.747,Sprint — 10×20s @ 200%,31.1,55.0,8.3,0.0,0.0,5.6,Z2,Neuromuscular power / sprint,sprint.zwo
7,GOOD ✓,15min varied tempo #2,sweet-spot,60.0,54.3,0.737,Sprint — 4×10s @ 180%,27.2,13.3,25.0,33.3,0.0,1.1,Z4,Neuromuscular power / sprint,15min-varied-tempo-2.zwo
7,GOOD ✓,Sweet Spot Builds,sweet-spot,60.0,54.0,0.735,Sweet Spot — 26min steady @ 92%,20.8,35.0,11.4,28.1,4.7,0.0,Z2,Sustained sub-threshold work,sweet-spot-builds.zwo
7,GOOD ✓,FTP O/U - Shorter,teamzf-direct-power-coaching-climbing-mission,60.0,56.2,0.75,Threshold — 30min steady @ 100%,50.0,0.0,0.0,25.0,0.0,25.0,Z1,Sustained threshold work,ftp-ou-shorter.zwo
7,GOOD ✓,Strength Reps - Set 2,teamzf-direct-power-coaching-climbing-mission,60.0,34.2,0.585,VO2max — 12min steady @ 110%,80.0,0.0,0.0,0.0,0.0,20.0,Z1,Sustained supra-threshold work,strength-reps-set-2.zwo
7,GOOD ✓,Strength Reps - Set 3,teamzf-direct-power-coaching-climbing-mission,60.0,41.0,0.64,VO2max — 18min steady @ 110%,70.0,0.0,0.0,0.0,0.0,30.0,Z1,Sustained supra-threshold work,strength-reps-set-3.zwo
7,GOOD ✓,Zone 3 Ride + Climb - Session 1,teamzf-direct-power-coaching-climbing-mission,60.0,52.7,0.726,Sweet Spot — 40min steady @ 87%,33.3,0.0,50.0,16.7,0.0,0.0,Z3,Sustained sub-threshold work,zone-3-ride-plus-climb-session-1.zwo
7,GOOD ✓,Zone 3 Ride + Climb - Session 2,teamzf-direct-power-coaching-climbing-mission,60.0,54.5,0.738,Sweet Spot — 40min steady @ 89%,33.3,0.0,50.0,0.0,16.7,0.0,Z3,Sustained sub-threshold work,zone-3-ride-plus-climb-session-2.zwo
7,GOOD ✓,Zone 3 Ride + Climb - Session 3,teamzf-direct-power-coaching-climbing-mission,60.0,56.9,0.754,Sweet Spot — 40min steady @ 91%,33.3,0.0,50.0,0.0,0.0,16.7,Z3,Sustained sub-threshold work,zone-3-ride-plus-climb-session-3.zwo
7,GOOD ✓,2x(5x2min) Threshold Fun,threshold,60.0,48.4,0.696,Sweet Spot — 10min steady @ 95%,60.0,0.0,12.2,5.6,22.2,0.0,Z1,Sustained sub-threshold work,2x5x2min-threshold-fun.zwo
7,GOOD ✓,8/6/4min Threshold,threshold,60.0,53.7,0.733,Threshold — 24min steady @ 98%,50.0,5.0,5.6,19.4,18.3,1.7,Z1,Sustained threshold work,864min-threshold.zwo
7,GOOD ✓,Cameron Wurf: All-Rounder,threshold,60.0,52.6,0.725,Anaerobic — 3×60s @ 110%,23.3,21.7,40.0,10.0,0.0,5.0,Z3,Anaerobic capacity / W' builder,cameron-wurf-all-rounder-.zwo
7,GOOD ✓,Devedeset,threshold,60.0,50.3,0.709,Sweet Spot — 30min steady @ 90%,47.5,0.0,0.0,50.8,0.8,0.8,Z4,Sustained sub-threshold work,devedeset.zwo
7,GOOD ✓,Malevolent,threshold,60.0,65.6,0.81,Sweet Spot — 43min steady @ 95%,28.7,0.0,0.0,57.9,0.8,12.5,Z4,Sustained sub-threshold work,malevolent.zwo
7,GOOD ✓,Novanta,threshold,60.0,60.1,0.775,Sweet Spot — 10min steady @ 90%,30.8,0.0,0.0,67.5,0.8,0.8,Z4,Sustained sub-threshold work,novanta.zwo
7,GOOD ✓,"What Goes Up, Must Come Down",threshold,60.0,64.2,0.801,Threshold — 35min steady @ 95%,28.3,13.3,0.0,28.3,30.0,0.0,Z5,Sustained threshold work,what-goes-up-must-come-down.zwo
7,GOOD ✓,60 Minutes of Jinx,tri247com-pro-workouts,60.0,61.9,0.787,Threshold — 29min steady @ 97%,13.3,35.0,13.3,11.7,25.0,1.7,Z2,Sustained threshold work,60-minutes-of-jinx.zwo
7,GOOD ✓,A bit (more) speed too,tri247com-pro-workouts,60.0,56.2,0.75,Sprint — 5×15s @ 175%,37.8,7.5,41.7,0.0,2.2,10.8,Z3,Neuromuscular power / sprint,a-bit-more-speed-too.zwo
7,GOOD ✓,A bit of speed too,tri247com-pro-workouts,60.0,53.7,0.733,Sprint — 4×30s @ 150%,37.8,23.3,5.0,23.3,1.7,8.9,Z1,Neuromuscular power / sprint,a-bit-of-speed-too.zwo
7,GOOD ✓,Chase To Race Your Dream,tri247com-pro-workouts,60.0,57.3,0.757,Anaerobic — 5×20s @ 121%,38.9,6.7,33.3,3.3,15.0,2.8,Z1,Anaerobic capacity / W' builder,chase-to-race-your-dream.zwo
7,GOOD ✓,Club Relays Madness,tri247com-pro-workouts,60.0,61.9,0.787,Threshold — 18min steady @ 101%,3.3,33.9,33.3,20.0,0.0,9.4,Z2,Sustained threshold work,club-relays-madness.zwo
7,GOOD ✓,Dare To Tri Workout,tri247com-pro-workouts,60.0,55.4,0.744,Threshold — 21min steady @ 98%,10.0,45.0,10.0,15.0,20.0,0.0,Z2,Sustained threshold work,dare-to-tri-workout.zwo
7,GOOD ✓,Debbie's Killer 7's,tri247com-pro-workouts,60.0,56.9,0.754,Anaerobic — 7×60s @ 125%,40.0,25.0,3.3,8.3,0.0,23.3,Z1,Anaerobic capacity / W' builder,debbies-killer-7s.zwo
7,GOOD ✓,Debbie's Killer Minutes,tri247com-pro-workouts,60.0,55.2,0.743,Anaerobic — 10×60s @ 120%,37.5,26.7,8.3,2.5,0.0,25.0,Z1,Anaerobic capacity / W' builder,debbies-killer-minutes.zwo
7,GOOD ✓,Debbie's Killer Sandwich,tri247com-pro-workouts,60.0,60.1,0.775,Anaerobic — 5×60s @ 120%,28.7,27.1,2.5,16.7,8.3,16.7,Z1,Anaerobic capacity / W' builder,debbies-killer-sandwich.zwo
7,GOOD ✓,Glasgow Revisited,tri247com-pro-workouts,60.0,58.5,0.765,Anaerobic — 5×20s @ 125%,17.5,32.2,0.0,43.3,0.0,6.9,Z4,Anaerobic capacity / W' builder,glasgow-revisited.zwo
7,GOOD ✓,Helen Jenkins - Breakaway!,tri247com-pro-workouts,60.0,60.8,0.78,Anaerobic — 3×60s @ 120%,38.3,16.7,0.0,25.0,10.0,10.0,Z1,Anaerobic capacity / W' builder,helen-jenkins-breakaway.zwo
7,GOOD ✓,Helen Jenkins' Power Hour,tri247com-pro-workouts,60.0,58.7,0.766,Threshold — 29min steady @ 97%,7.8,41.7,1.7,35.0,6.7,7.2,Z2,Sustained threshold work,helen-jenkins-power-hour.zwo
7,GOOD ✓,Hot Stuff,tri247com-pro-workouts,60.0,52.3,0.723,Anaerobic — 3×20s @ 110%,35.4,18.8,26.7,6.7,0.0,12.5,Z1,Anaerobic capacity / W' builder,hot-stuff.zwo
7,GOOD ✓,John Levison High Five,tri247com-pro-workouts,60.0,58.7,0.766,VO2max — 25min steady @ 109%,45.0,13.3,0.0,0.0,16.7,25.0,Z1,Sustained supra-threshold work,john-levison-high-five.zwo
7,GOOD ✓,John Levison - Russian Steps,tri247com-pro-workouts,60.0,57.9,0.761,VO2max — 22min steady @ 108%,33.3,30.0,0.0,0.0,16.7,20.0,Z1,Sustained supra-threshold work,john-levison-russian-steps.zwo
7,GOOD ✓,Karl Alexander - The  13:50,tri247com-pro-workouts,60.0,68.7,0.829,Threshold — 30min steady @ 107%,16.7,33.3,0.0,0.0,30.0,20.0,Z2,Sustained threshold work,karl-alexander-the-1350.zwo
7,GOOD ✓,Karl Alexander V0 2 the Max,tri247com-pro-workouts,60.0,64.6,0.804,VO2max — 24min steady @ 110%,0.0,60.0,0.0,0.0,20.0,20.0,Z2,Sustained supra-threshold work,karl-alexander-v0-2-the-max.zwo
7,GOOD ✓,Kyle Smith's Over/Unders,tri247com-pro-workouts,60.0,53.1,0.729,Sweet Spot — 1×8min @ 87%,25.0,41.7,28.3,1.7,1.7,1.7,Z2,,kyle-smiths-overunders.zwo
7,GOOD ✓,Lucy Gossage: Macro to Micro,tri247com-pro-workouts,60.0,61.9,0.787,Anaerobic — 3×25s @ 120%,32.5,31.2,11.7,0.0,0.0,24.6,Z1,Anaerobic capacity / W' builder,lucy-gossage-macro-to-micro.zwo
7,GOOD ✓,Lucy Gossage's New Year Set,tri247com-pro-workouts,60.0,61.6,0.785,Anaerobic — 3×15s @ 110%,20.8,20.4,22.5,22.5,0.0,13.8,Z3,Anaerobic capacity / W' builder,lucy-gossages-new-year-set.zwo
7,GOOD ✓,Matt Bottrill Lactic Builder,tri247com-pro-workouts,60.0,68.1,0.825,Anaerobic — 15×30s @ 125%,3.3,54.2,0.0,16.7,13.3,12.5,Z2,Anaerobic capacity / W' builder,matt-bottrill-lactic-builder.zwo
7,GOOD ✓,Micro Burst Intervals,tri247com-pro-workouts,60.0,51.4,0.717,Sprint — 8×30s @ 150%,58.9,21.1,1.7,0.0,0.0,18.3,Z1,Neuromuscular power / sprint,micro-burst-intervals.zwo
7,GOOD ✓,OTCF - Get Off That Couch!,tri247com-pro-workouts,60.0,55.5,0.745,Anaerobic — 6×60s @ 120%,59.2,0.0,0.0,0.0,25.0,15.8,Z1,Anaerobic capacity / W' builder,otcf-get-off-that-couch.zwo
7,GOOD ✓,Oxygenaddict's Triple Pyramid,tri247com-pro-workouts,60.0,57.9,0.761,Threshold — 27min steady @ 100%,44.6,8.3,0.0,2.1,45.0,0.0,Z5,Sustained threshold work,oxygenaddicts-triple-pyramid.zwo
7,GOOD ✓,Race Force ChainGang,tri247com-pro-workouts,60.0,63.8,0.799,Threshold — 15min steady @ 105%,26.7,21.7,0.0,3.3,40.0,8.3,Z5,Sustained threshold work,race-force-chaingang.zwo
7,GOOD ✓,Reece Barclay Mix Session,tri247com-pro-workouts,60.0,63.0,0.794,Anaerobic — 6×30s @ 119%,20.0,31.7,0.0,6.7,23.3,18.3,Z2,Anaerobic capacity / W' builder,reece-barclay-mix-session.zwo
7,GOOD ✓,Sam Begg - What Goes Up,tri247com-pro-workouts,60.0,69.2,0.832,Anaerobic — 4×60s @ 120%,0.0,43.3,23.3,0.0,16.7,16.7,Z2,Anaerobic capacity / W' builder,sam-begg-what-goes-up.zwo
7,GOOD ✓,Sid's Inverted Pyramids,tri247com-pro-workouts,60.0,55.8,0.747,Anaerobic — 5×30s @ 110%,30.8,20.0,15.0,20.0,10.0,4.2,Z1,Anaerobic capacity / W' builder,sids-inverted-pyramids.zwo
7,GOOD ✓,Sid's Pyramid Adventure,tri247com-pro-workouts,60.0,54.5,0.738,Anaerobic — 4×15s @ 110%,22.5,29.2,20.0,13.3,8.3,6.7,Z2,Anaerobic capacity / W' builder,sids-pyramid-adventure.zwo
7,GOOD ✓,Super Sam's Double Dozen,tri247com-pro-workouts,60.0,60.8,0.78,Anaerobic — 4×15s @ 120%,23.3,25.0,0.0,20.0,30.0,1.7,Z5,Anaerobic capacity / W' builder,super-sams-double-dozen.zwo
7,GOOD ✓,Sweetspot Sandwich,tri247com-pro-workouts,60.0,60.8,0.78,Anaerobic — 5×20s @ 120%,5.6,39.2,0.0,46.7,5.8,2.8,Z4,Anaerobic capacity / W' builder,sweetspot-sandwich.zwo
7,GOOD ✓,Sweetspot with a kick,tri247com-pro-workouts,60.0,59.0,0.768,Anaerobic — 3×15s @ 120%,10.0,32.1,41.7,8.3,0.0,7.9,Z3,Anaerobic capacity / W' builder,sweetspot-with-a-kick.zwo
7,GOOD ✓,The Dragon,tri247com-pro-workouts,60.0,60.4,0.777,Sprint — 5×15s @ 150%,19.6,28.9,20.0,11.1,0.0,20.4,Z2,Neuromuscular power / sprint,the-dragon.zwo
7,GOOD ✓,The Lockdown Roller,tri247com-pro-workouts,60.0,56.1,0.749,Sweet Spot — 16min steady @ 89%,24.2,6.7,60.0,0.0,9.2,0.0,Z3,Sustained sub-threshold work,the-lockdown-roller.zwo
7,GOOD ✓,The TT Blaster,tri247com-pro-workouts,60.0,58.8,0.767,Anaerobic — 6×30s @ 110%,21.7,33.3,0.0,26.7,13.3,5.0,Z2,Anaerobic capacity / W' builder,the-tt-blaster.zwo
7,GOOD ✓,Tim Don Comeback Workout,tri247com-pro-workouts,60.0,51.0,0.714,Sweet Spot — 20min steady @ 92%,15.0,46.7,15.0,15.0,8.3,0.0,Z2,Sustained sub-threshold work,tim-don-comeback-workout.zwo
7,GOOD ✓,Turning the Screw,tri247com-pro-workouts,60.0,64.3,0.802,Anaerobic — 4×40s @ 110%,24.4,26.7,0.0,0.0,40.0,8.9,Z5,Anaerobic capacity / W' builder,turning-the-screw.zwo
7,GOOD ✓,Endurance #1,tt-tuneup,60.0,48.0,0.693,Anaerobic — 7×10s @ 130%,10.0,79.7,0.0,6.7,0.0,3.6,Z2,Anaerobic capacity / W' builder,week-1-endurance-1.zwo
7,GOOD ✓,30/30 Anaerobic #2,tt-tuneup,60.0,52.3,0.723,Sprint — 4×10s @ 200%,43.3,27.2,0.0,8.3,0.0,21.1,Z1,Neuromuscular power / sprint,week-2-3030-anaerobic-2.zwo
7,GOOD ✓,Endurance #1,tt-tuneup,60.0,48.0,0.693,Anaerobic — 7×10s @ 130%,10.0,79.7,0.0,6.7,0.0,3.6,Z2,Anaerobic capacity / W' builder,week-2-endurance-1.zwo
7,GOOD ✓,Anaerobic Capacity Hills #2,tt-tuneup,60.0,49.7,0.705,VO2max — 10min steady @ 112%,13.3,68.3,1.7,6.7,0.0,10.0,Z2,Sustained supra-threshold work,week-4-anaerobic-capacity-hills-2.zwo
7,GOOD ✓,Anaerobic,vo2-max,60.0,53.7,0.733,Sprint — 4×10s @ 175%,58.9,5.0,8.3,0.0,13.3,14.4,Z1,Neuromuscular power / sprint,anaerobic.zwo
7,GOOD ✓,Breakfast Returns,vo2-max,60.0,57.9,0.761,Anaerobic — 10×30s @ 130%,47.5,25.0,0.0,0.8,0.8,25.8,Z1,Anaerobic capacity / W' builder,breakfast-returns.zwo
7,GOOD ✓,Microbursts,vo2-max,60.0,75.5,0.869,Sprint — 20×15s @ 160%,25.0,50.0,0.0,0.0,0.0,25.0,Z2,Neuromuscular power / sprint,microbursts.zwo
7,GOOD ✓,Day 3,your-first-century,60.0,64.3,0.802,Sweet Spot — 30min steady @ 88%,0.0,50.0,0.0,50.0,0.0,0.0,Z2,Sustained sub-threshold work,week-2-day-3.zwo
7,GOOD ✓,Day 1,your-first-century,60.0,64.3,0.802,Sweet Spot — 30min steady @ 88%,0.0,50.0,0.0,50.0,0.0,0.0,Z2,Sustained sub-threshold work,week-3-day-1.zwo
7,GOOD ✓,"#05-DPC Early Season - ""Sweetspot"" Session 2",zf18-direct-power-coaching-phase-1,60.0,45.3,0.673,Sweet Spot — 24min steady @ 90%,60.0,0.0,0.0,40.0,0.0,0.0,Z1,Sustained sub-threshold work,week-2-05-dpc-early-season-sweetspot-session-2.zwo
7,GOOD ✓,"#16-DPC ""Sweetspot"" Session",zf18-direct-power-coaching-phase-2,60.0,62.7,0.792,Sweet Spot — 40min steady @ 94%,33.3,0.0,0.0,50.0,16.7,0.0,Z4,Sustained sub-threshold work,week-1-16-dpc-sweetspot-session.zwo
7,GOOD ✓,"#22-DPC ""Sweetspot"" Session",zf18-direct-power-coaching-phase-2,60.0,50.1,0.708,Sweet Spot — 30min steady @ 90%,50.0,0.0,0.0,50.0,0.0,0.0,Z1,Sustained sub-threshold work,week-3-22-dpc-sweetspot-session.zwo
7,GOOD ✓,#33-DPC Zone 3 Ride + FTP - Session 2 - Shorter,zf18-direct-power-coaching-phase-3,60.0,53.9,0.734,Sweet Spot — 30min steady @ 88%,33.3,0.0,50.0,16.7,0.0,0.0,Z3,Sustained sub-threshold work,week-2-33-dpc-zone-3-ride-plus-ftp-session-2-shorter.zwo
7,GOOD ✓,#36-DPC Zone 3 Ride + FTP - Session 3 - Shorter,zf18-direct-power-coaching-phase-3,60.0,53.6,0.732,Sweet Spot — 30min steady @ 88%,33.3,0.0,50.0,16.7,0.0,0.0,Z3,Sustained sub-threshold work,week-3-36-dpc-zone-3-ride-plus-ftp-session-3-shorter.zwo
7,GOOD ✓,#46-DPC TT - Strength Reps - Set 2,zf18-direct-power-coaching-phase-4,60.0,52.9,0.727,Threshold — 25min steady @ 100%,58.3,0.0,0.0,39.6,0.0,2.1,Z1,Sustained threshold work,week-2-46-dpc-tt-strength-reps-set-2.zwo
7,GOOD ✓,"#80-DPC ""Sweetspot"" Session 2",zf18-direct-power-coaching-phase-7,60.0,47.9,0.692,Sweet Spot — 25min steady @ 95%,58.3,0.0,0.0,41.7,0.0,0.0,Z1,Sustained sub-threshold work,week-2-80-dpc-sweetspot-session-2.zwo
7,GOOD ✓,"#83-DPC ""Sweetspot"" Session 3",zf18-direct-power-coaching-phase-7,60.0,49.0,0.7,Threshold — 25min steady @ 97%,58.3,0.0,0.0,25.0,16.7,0.0,Z1,Sustained threshold work,week-3-83-dpc-sweetspot-session-3.zwo
7,GOOD ✓,#100-DPC 2x (4 x 2.5') FTP,zf18-direct-power-coaching-phase-9,60.0,46.1,0.679,Threshold — 20min steady @ 100%,66.7,0.0,0.0,0.0,33.3,0.0,Z1,Sustained threshold work,week-1-100-dpc-2x-4-x-25-ftp.zwo
7,GOOD ✓,#108-DPC Lords Of Power,zf18-direct-power-coaching-phase-9,60.0,58.1,0.762,Sweet Spot — 35min steady @ 94%,41.7,0.0,0.0,41.7,16.7,0.0,Z1,Sustained sub-threshold work,week-3-108-dpc-lords-of-power.zwo
7,GOOD ✓,6. Max Aerobic,pro-development-2018,60.0,48.4,0.696,Threshold — 19min steady @ 106%,58.3,8.3,1.7,10.0,0.0,21.7,Z1,Sustained threshold work,6-max-aerobic.zwo
7,GOOD ✓,2. Race Practice,talent-pipeline-2019,60.0,56.9,0.754,Threshold — 19min steady @ 99%,44.4,5.0,5.0,26.7,10.0,8.9,Z1,Sustained threshold work,2-race-practice.zwo
7,GOOD ✓,4. Anaerobic Power Development,talent-pipeline-2019,60.0,46.6,0.683,Sprint — 3×30s @ 190%,73.6,5.0,5.0,3.3,0.0,13.1,Z1,Neuromuscular power / sprint,4-anaerobic-power-development.zwo
7,GOOD ✓,5. Upper Threshold Blocks,elite-selection-2021,60.0,63.5,0.797,Threshold — 30min steady @ 100%,31.7,16.7,0.0,16.7,33.3,1.7,Z5,Sustained threshold work,5-upper-threshold-blocks.zwo
7,GOOD ✓,The Lockdown Roller 2,tri247com-pro-workouts,59.8,56.8,0.755,Sweet Spot — 24min steady @ 89%,25.9,6.7,45.2,16.3,5.9,0.0,Z3,Sustained sub-threshold work,the-lockdown-roller-2.zwo
7,GOOD ✓,3. Time Trial Simulation,talent-pipeline-2019,59.8,59.4,0.772,Threshold — 27min steady @ 97%,35.1,13.4,10.0,23.4,10.0,8.1,Z1,Sustained threshold work,semifinals-3-time-trial-simulation.zwo
7,GOOD ✓,Stage 14,dig-deep-coaching-3-week-grand-tour,59.5,59.3,0.773,Threshold — 24min steady @ 101%,39.5,8.4,11.8,28.6,2.9,8.8,Z1,Sustained threshold work,stage-14.zwo
7,GOOD ✓,Endurance Elevator,training-camp-foundation,59.5,59.7,0.776,Threshold — 22min steady @ 101%,48.7,0.0,0.0,5.0,39.5,6.7,Z1,Sustained threshold work,3.-endurance-endurance-elevator.zwo
7,GOOD ✓,2. Accelerations,singletrack-slayer,59.3,41.4,0.647,Sprint — 4×10s @ 175%,30.3,41.6,5.1,13.5,0.0,9.6,Z2,Neuromuscular power / sprint,week-1-2-accelerations.zwo
7,GOOD ✓,Accelerations,sprinting,59.3,41.4,0.647,Sprint — 4×10s @ 175%,30.3,41.6,5.1,13.5,0.0,9.6,Z2,Neuromuscular power / sprint,accelerations.zwo
7,GOOD ✓,Race Simulation,30-60-minutes-to-burn,59.2,60.5,0.783,Sprint — 4×10s @ 175%,25.9,8.4,15.2,10.1,24.1,16.3,Z1,Neuromuscular power / sprint,race-simulation.zwo
7,GOOD ✓,Day 6 - Tempo with accelerations #2,4wk-ftp-booster,59.2,56.4,0.756,Sweet Spot — 37min steady @ 90%,27.0,0.0,50.7,6.8,0.0,15.5,Z3,Sustained sub-threshold work,week-2-day-6-tempo-with-accelerations-2.zwo
7,GOOD ✓,5. Race Simulation,singletrack-slayer,59.2,60.5,0.783,Sprint — 4×10s @ 175%,25.9,8.4,15.2,10.1,24.1,16.3,Z1,Neuromuscular power / sprint,week-9-5-race-simulation.zwo
7,GOOD ✓,Day 2 - Season Base #1,2018-prl100-prep,59.0,61.4,0.79,Threshold — 18min steady @ 98%,20.3,8.5,33.9,3.4,30.5,3.4,Z3,Sustained threshold work,week-2-day-2-season-base-1.zwo
7,GOOD ✓,Day 2 - Progressive 11min Climb,2018-prl46-prep,59.0,55.6,0.752,Threshold — 15min steady @ 97%,18.6,25.4,30.5,20.3,5.1,0.0,Z3,Sustained threshold work,week-10-day-2-progressive-11min-climb.zwo
7,GOOD ✓,Day 2 - Climbing Threshold #2,2018-prl46-prep,59.0,68.6,0.835,Threshold — 32min steady @ 104%,20.3,25.4,0.0,0.0,54.2,0.0,Z5,Sustained threshold work,week-8-day-2-climbing-threshold-2.zwo
7,GOOD ✓,Day 5 - Climbing Sustained Threshold,4wk-prl-prep,59.0,68.6,0.835,Threshold — 32min steady @ 104%,20.3,25.4,0.0,0.0,54.2,0.0,Z5,Sustained threshold work,week-2-day-5-climbing-sustained-threshold.zwo
7,GOOD ✓,Day 7 - Progressive 11min Climb,4wk-prl-prep,59.0,55.6,0.752,Threshold — 15min steady @ 97%,18.6,25.4,30.5,20.3,5.1,0.0,Z3,Sustained threshold work,week-2-day-7-progressive-11min-climb.zwo
7,GOOD ✓,Aktivitus Power & Endurance 7,aktivitus-14wk-power-endurance,59.0,59.1,0.775,Anaerobic — 5×20s @ 140%,30.5,16.9,1.7,35.0,8.5,7.3,Z4,Anaerobic capacity / W' builder,aktivitus-power-endurance-7.zwo
7,GOOD ✓,Chase The Breakaway!,best-of-coop-academy,59.0,57.7,0.766,Threshold — 24min steady @ 104%,47.4,3.4,8.5,6.8,23.7,10.3,Z1,Sustained threshold work,za-2019-chase-the-breakaway.zwo
7,GOOD ✓,Lactate Low 3,chris-ohearn,59.0,51.5,0.724,Sweet Spot — 18min steady @ 95%,18.6,50.8,0.0,30.5,0.0,0.0,Z2,Sustained sub-threshold work,lactate-low-3.zwo
7,GOOD ✓,Power Pyramid v1,classics-climbing,59.0,81.1,0.908,Anaerobic — 3×40s @ 120%,0.0,25.4,10.2,49.2,3.4,11.9,Z4,Anaerobic capacity / W' builder,power-pyramid-v1.zwo
7,GOOD ✓,Progressive 11min Climb,climbing,59.0,55.6,0.752,Threshold — 15min steady @ 97%,18.6,25.4,30.5,20.3,5.1,0.0,Z3,Sustained threshold work,progressive-11min-climb.zwo
7,GOOD ✓,1. Depleting 20's,l-etape-du-tour-training-club,59.0,51.7,0.725,Sprint — 8×20s @ 160%,23.7,26.8,43.2,0.0,1.7,4.5,Z3,Neuromuscular power / sprint,phase-4-1-depleting-20s.zwo
7,GOOD ✓,6. Threshold #5,singletrack-slayer,59.0,60.4,0.784,Anaerobic — 5×15s @ 130%,33.3,8.5,0.0,44.5,5.1,8.6,Z4,Anaerobic capacity / W' builder,week-6-6-threshold-5.zwo
7,GOOD ✓,Season Base #1,threshold,59.0,61.4,0.79,Threshold — 18min steady @ 98%,20.3,8.5,33.9,3.4,30.5,3.4,Z3,Sustained threshold work,season-base-1.zwo
7,GOOD ✓,Anaerobic Endurance 4 x 60sec,tt-tuneup,59.0,45.9,0.683,Anaerobic — 4×60s @ 121%,54.2,23.7,0.0,6.8,0.0,15.3,Z1,Anaerobic capacity / W' builder,week-1-anaerobic-endurance-4-x-60sec.zwo
7,GOOD ✓,Anaerobic Endurance 4x60sec,vo2-max,59.0,45.9,0.683,Anaerobic — 4×60s @ 121%,54.2,23.7,0.0,6.8,0.0,15.3,Z1,Anaerobic capacity / W' builder,anaerobic-endurance-4x60sec.zwo
7,GOOD ✓,6. Chase The Breakaway!,talent-pipeline-2019,59.0,57.7,0.766,Threshold — 24min steady @ 104%,47.4,3.4,8.5,6.8,23.7,10.3,Z1,Sustained threshold work,6-chase-the-breakaway.zwo
7,GOOD ✓,03. Fatigue Factor,rising-stars-2024,59.0,44.0,0.669,Sweet Spot — 13min steady @ 94%,49.2,18.6,10.2,13.6,7.6,0.8,Z1,Sustained sub-threshold work,03-fatigue-factor.zwo
7,GOOD ✓,Following The Efforts,60-90-minutes-to-burn,58.7,47.0,0.693,Anaerobic — 6×20s @ 110%,50.6,0.0,38.4,0.0,0.0,11.1,Z1,Anaerobic capacity / W' builder,following-the-efforts.zwo
7,GOOD ✓,Sprints,gcn,58.7,68.0,0.834,Sweet Spot — 18min steady @ 85%,34.1,15.3,39.2,0.0,0.0,11.4,Z3,Sustained sub-threshold work,race-prep-sprints.zwo
7,GOOD ✓,Crit Sprint,gcn,58.7,68.0,0.834,Sweet Spot — 18min steady @ 85%,34.1,15.3,39.2,0.0,0.0,11.4,Z3,Sustained sub-threshold work,sprints-crit-sprint.zwo
7,GOOD ✓,Following the efforts 5A,gravel-grinder,58.7,47.0,0.693,Anaerobic — 6×20s @ 110%,50.6,0.0,38.4,0.0,0.0,11.1,Z1,Anaerobic capacity / W' builder,week-5-following-the-efforts-5a.zwo
7,GOOD ✓,Sprints,sprinting,58.7,68.0,0.834,Sweet Spot — 18min steady @ 85%,34.1,15.3,39.2,0.0,0.0,11.4,Z3,Sustained sub-threshold work,sprints.zwo
7,GOOD ✓,Macro to Micro,30-60-minutes-to-burn,58.5,57.8,0.77,Anaerobic — 3×30s @ 120%,45.3,20.5,10.3,0.0,0.0,23.9,Z1,Anaerobic capacity / W' builder,macro-to-micro.zwo
7,GOOD ✓,3. Macro to Micro,z-racing,58.5,57.8,0.77,Anaerobic — 3×30s @ 120%,45.3,20.5,10.3,0.0,0.0,23.9,Z1,Anaerobic capacity / W' builder,week-2-3-macro-to-micro.zwo
7,GOOD ✓,01. Pro Potential Prologue,rising-stars-2024,58.5,40.8,0.647,Sweet Spot — 11min steady @ 95%,41.9,39.3,0.0,18.8,0.0,0.0,Z1,Sustained sub-threshold work,01-pro-potential-prologue.zwo
7,GOOD ✓,3. Macro to Micro,competitive-race-prep,58.5,57.8,0.77,Anaerobic — 3×30s @ 120%,45.3,20.5,10.3,0.0,0.0,23.9,Z1,Anaerobic capacity / W' builder,week-2-3-macro-to-micro.zwo
7,GOOD ✓,20sec Power Duration,best-of-coop-academy,58.3,37.1,0.618,Anaerobic — 4×15s @ 115%,46.0,38.6,9.4,0.0,1.7,4.3,Z1,Anaerobic capacity / W' builder,za-2019-20sec-power-duration.zwo
7,GOOD ✓,3. 20sec Power Duration,talent-pipeline-2019,58.3,37.1,0.618,Anaerobic — 4×15s @ 115%,46.0,38.6,9.4,0.0,1.7,4.3,Z1,Anaerobic capacity / W' builder,3-20sec-power-duration.zwo
7,GOOD ✓,Day 4 - Progressive 6min #2,2018-prl46-prep,58.0,43.0,0.667,Sweet Spot — 17min steady @ 93%,44.8,21.6,4.3,29.3,0.0,0.0,Z1,Sustained sub-threshold work,week-5-day-4-progressive-6min-2.zwo
7,GOOD ✓,Day 5 - 40/20's #2,4wk-ftp-booster,58.0,52.8,0.739,Sprint — 4×10s @ 175%,56.9,5.2,0.0,8.6,0.0,29.3,Z1,Neuromuscular power / sprint,week-2-day-5-4020s-2.zwo
7,GOOD ✓,Progressive 6min #2,climbing,58.0,43.0,0.667,Sweet Spot — 17min steady @ 93%,44.8,21.6,4.3,29.3,0.0,0.0,Z1,Sustained sub-threshold work,progressive-6min-2.zwo
7,GOOD ✓,Day 5: 5-1 surges,coaches-challenge,58.0,56.3,0.763,Threshold — 24min steady @ 107%,34.5,24.1,0.0,0.0,34.5,6.9,Z1,Sustained threshold work,day-5-5-1-surges.zwo
7,GOOD ✓,Stage 4,dig-deep-coaching-3-week-grand-tour,58.0,40.0,0.643,Threshold — 22min steady @ 98%,47.4,0.0,22.4,15.5,5.2,9.5,Z1,Sustained threshold work,stage-4.zwo
7,GOOD ✓,4x4 Threshold,gravel-grinder,58.0,47.8,0.703,Threshold — 18min steady @ 101%,51.7,6.9,10.3,10.3,13.8,6.9,Z1,Sustained threshold work,week-10-4x4-threshold.zwo
7,GOOD ✓,4. Explosive Climb #2,l-etape-du-tour-training-club,58.0,54.5,0.751,Sprint — 3×15s @ 150%,25.9,14.7,51.7,5.2,0.0,2.6,Z3,Neuromuscular power / sprint,phase-4-4-explosive-climb-2.zwo
7,GOOD ✓,Sepp Kuss: Cadence Efforts,pro-training-camp,58.0,55.1,0.755,Anaerobic — 3×10s @ 125%,21.6,19.0,44.8,0.0,12.1,2.6,Z3,Anaerobic capacity / W' builder,sepp-kuss-cadence-efforts.zwo
7,GOOD ✓,6. Threshold #1,singletrack-slayer,58.0,55.4,0.757,Sprint — 4×10s @ 175%,42.0,5.2,8.6,17.2,25.9,1.1,Z1,Neuromuscular power / sprint,week-1-6-threshold-1.zwo
7,GOOD ✓,7. Threshold #3,singletrack-slayer,58.0,61.7,0.799,Sprint — 4×10s @ 175%,31.6,6.9,8.6,17.2,34.5,1.1,Z5,Neuromuscular power / sprint,week-3-7-threshold-3.zwo
7,GOOD ✓,6. Threshold #4,singletrack-slayer,58.0,51.4,0.729,Threshold — 27min steady @ 97%,48.3,3.4,8.6,25.9,0.0,13.8,Z1,Sustained threshold work,week-4-6-threshold-4.zwo
7,GOOD ✓,Sepp Kuss: Cadence Efforts,sweet-spot,58.0,55.1,0.755,Anaerobic — 3×10s @ 125%,21.6,19.0,44.8,0.0,12.1,2.6,Z3,Anaerobic capacity / W' builder,sepp-kuss-cadence-efforts.zwo
7,GOOD ✓,Threshold #1,threshold,58.0,55.4,0.757,Sprint — 4×10s @ 175%,42.0,5.2,8.6,17.2,25.9,1.1,Z1,Neuromuscular power / sprint,threshold-1.zwo
7,GOOD ✓,Power Intervals #3,tt-tuneup,58.0,63.3,0.809,VO2max — 10min steady @ 135%,44.8,17.2,3.4,0.0,3.4,31.0,Z1,Sustained supra-threshold work,week-7-power-intervals-3.zwo
7,GOOD ✓,#34 TT Strength Reps Set 2,zf19-spokes-personal-coaching-stage-4,58.0,41.5,0.655,Sweet Spot — 24min steady @ 90%,58.6,0.0,0.0,41.4,0.0,0.0,Z1,Sustained sub-threshold work,34-tt-strength-reps-set-2.zwo
7,GOOD ✓,04. FTP Overload,rising-stars-2024,58.0,58.5,0.778,Sweet Spot — 31min steady @ 93%,12.1,34.5,0.0,43.1,5.2,5.2,Z4,Sustained sub-threshold work,04-ftp-overload.zwo
7,GOOD ✓,3. Cadence in Control,training-camp-progression,58.0,54.7,0.752,Sweet Spot — 36min steady @ 87%,13.8,24.1,41.4,20.7,0.0,0.0,Z3,Sustained sub-threshold work,long-3-cadence-in-control.zwo
7,GOOD ✓,Cruise Intervals #6,tt-tuneup,57.8,64.6,0.819,Threshold — 35min steady @ 100%,25.5,12.1,1.7,23.1,32.3,5.2,Z5,Sustained threshold work,week-8-cruise-intervals-6.zwo
7,GOOD ✓,Day 4 - AC Maintenance #2,2018-prl100-prep,57.5,55.5,0.761,VO2max — 10min steady @ 121%,21.7,26.1,34.8,0.0,0.0,17.4,Z3,Sustained supra-threshold work,week-2-day-4-ac-maintenance-2.zwo
7,GOOD ✓,Step Test p/b HPTek,gp-lama,57.5,972.2,3.185,VO2max — 48min steady @ 375%,17.4,0.0,0.0,0.0,0.0,82.6,Z6,Sustained supra-threshold work,step-test-pb-hptek.zwo
7,GOOD ✓,#94-DPC 6x 5' FTP,zf18-direct-power-coaching-phase-8,57.5,48.2,0.709,Sweet Spot — 30min steady @ 90%,47.8,0.0,0.0,52.2,0.0,0.0,Z4,Sustained sub-threshold work,week-3-94-dpc-6x-5-ftp.zwo
7,GOOD ✓,2. The Endurance Groove,training-camp-progression,57.5,60.9,0.797,Sweet Spot — 40min steady @ 90%,13.0,17.4,17.4,34.8,17.4,0.0,Z4,Sustained sub-threshold work,long-2-the-endurance-groove.zwo
7,GOOD ✓,Day 4 - Tempo into Sprints #1,2018-prl100-prep,57.3,51.1,0.731,Sweet Spot — 24min steady @ 95%,32.3,26.2,34.9,0.0,0.0,6.7,Z3,Sustained sub-threshold work,week-5-day-4-tempo-into-sprints-1.zwo
7,GOOD ✓,Under Ones,best-of-coop-academy,57.3,45.1,0.687,Sprint — 12×10s @ 161%,31.4,52.3,3.5,0.0,3.5,9.3,Z2,Neuromuscular power / sprint,za-2018-under-ones.zwo
7,GOOD ✓,3. Under Ones,pro-development-2018,57.3,45.1,0.687,Sprint — 12×10s @ 161%,31.4,52.3,3.5,0.0,3.5,9.3,Z2,Neuromuscular power / sprint,3-under-ones.zwo
7,GOOD ✓,Watopia Hilly Reverse,30-60-minutes-to-burn,57.2,68.4,0.847,Anaerobic — 4×10s @ 110%,35.0,4.4,0.0,22.7,14.0,23.9,Z1,Anaerobic capacity / W' builder,watopia-hilly-reverse.zwo
7,GOOD ✓,Stage 6,dig-deep-coaching-3-week-grand-tour,57.2,45.4,0.69,VO2max — 15min steady @ 112%,46.3,8.7,19.2,6.1,7.9,11.8,Z1,Sustained supra-threshold work,stage-6.zwo
7,GOOD ✓,GC Coaching's Spaded Sweetie,gc-coaching,57.2,62.0,0.806,Threshold — 28min steady @ 101%,21.0,24.0,4.4,14.8,27.1,8.7,Z5,Sustained threshold work,guided-workouts-gc-coachings-spaded-sweetie.zwo
7,GOOD ✓,1. Watopia Hilly Reverse,z-racing,57.2,68.4,0.847,Anaerobic — 4×10s @ 110%,35.0,4.4,0.0,22.7,14.0,23.9,Z1,Anaerobic capacity / W' builder,week-3-1-watopia-hilly-reverse.zwo
7,GOOD ✓,1. Watopia Hilly Reverse,competitive-race-prep,57.2,68.4,0.847,Anaerobic — 4×10s @ 110%,35.0,4.4,0.0,22.7,14.0,23.9,Z1,Anaerobic capacity / W' builder,week-3-1-watopia-hilly-reverse.zwo
7,GOOD ✓,Day 2 - AC Maintenance #3,2018-prl100-prep,57.0,56.9,0.774,VO2max — 12min steady @ 121%,26.3,26.3,26.3,0.0,0.0,21.1,Z1,Sustained supra-threshold work,week-3-day-2-ac-maintenance-3.zwo
7,GOOD ✓,Day 2 - HIT 45sec #1,4wk-ftp-booster,57.0,47.4,0.706,Anaerobic — 6×45s @ 175%,31.6,48.2,0.0,12.3,0.0,7.9,Z2,Anaerobic capacity / W' builder,week-1-day-2-hit-45sec-1.zwo
7,GOOD ✓,Aktivitus Power & Endurance 5,aktivitus-14wk-power-endurance,57.0,62.6,0.812,Sprint — 20×10s @ 200%,42.1,17.5,0.0,0.0,21.1,19.3,Z1,Neuromuscular power / sprint,aktivitus-power-endurance-5.zwo
7,GOOD ✓,Long Climbs,climbing,57.0,54.0,0.754,Sprint — 4×10s @ 160%,35.7,5.3,10.5,47.4,0.0,1.2,Z4,Neuromuscular power / sprint,long-climbs.zwo
7,GOOD ✓,Stage 12,dig-deep-coaching-3-week-grand-tour,57.0,65.3,0.829,Threshold — 32min steady @ 98%,25.4,0.0,19.3,17.5,35.1,2.6,Z5,Sustained threshold work,stage-12.zwo
7,GOOD ✓,GC Coaching's Ham Sandwich,gc-coaching,57.0,53.4,0.75,Anaerobic — 5×30s @ 130%,30.7,20.2,2.6,28.9,0.9,16.7,Z1,Anaerobic capacity / W' builder,guided-workouts-gc-coachings-ham-sandwich.zwo
7,GOOD ✓,5. VO2max Descending,l-etape-du-tour-training-club,57.0,55.6,0.765,Sprint — 4×10s @ 170%,39.2,21.1,0.0,8.8,0.0,31.0,Z1,Neuromuscular power / sprint,phase-3-5-vo2max-descending.zwo
7,GOOD ✓,Akhenaton short,one-of-a-kind,57.0,63.1,0.815,Sweet Spot — 43min steady @ 91%,24.6,0.0,12.3,61.4,0.0,1.8,Z4,Sustained sub-threshold work,akhenaton-short.zwo
7,GOOD ✓,1. Long Climbs,singletrack-slayer,57.0,54.0,0.754,Sprint — 4×10s @ 160%,35.7,5.3,10.5,47.4,0.0,1.2,Z4,Neuromuscular power / sprint,week-5-1-long-climbs.zwo
7,GOOD ✓,3. Lactate Shuttle #2,singletrack-slayer,57.0,57.4,0.777,Threshold — 10min steady @ 99%,28.1,24.6,8.8,0.0,29.8,8.8,Z5,Sustained threshold work,week-9-3-lactate-shuttle-2.zwo
7,GOOD ✓,4. Explosive Power Into Z3,l-etape-du-tour-training-club,56.8,49.2,0.721,Sprint — 3×15s @ 170%,33.5,20.3,35.2,7.0,0.0,4.0,Z3,Neuromuscular power / sprint,phase-2-4-explosive-power-into-z3.zwo
7,GOOD ✓,Day 5 - 40/20's into Threshold,4wk-ftp-booster,56.7,52.4,0.745,Anaerobic — 4×40s @ 121%,46.5,4.4,4.4,35.3,0.0,9.4,Z1,Anaerobic capacity / W' builder,week-3-day-5-4020s-into-threshold.zwo
7,GOOD ✓,Watopia Hilly Forward,climbing,56.5,65.2,0.832,Anaerobic — 4×10s @ 110%,23.0,15.9,32.7,0.0,0.6,27.8,Z3,Anaerobic capacity / W' builder,watopia-hilly-forward.zwo
7,GOOD ✓,AC Intervals #1,tt-tuneup,56.5,48.8,0.72,Sprint — 4×10s @ 200%,57.2,14.2,0.0,0.0,8.8,19.8,Z1,Neuromuscular power / sprint,week-8-ac-intervals-1.zwo
7,GOOD ✓,AC Intervals #1,vo2-max,56.5,48.8,0.72,Sprint — 4×10s @ 200%,57.2,14.2,0.0,0.0,8.8,19.8,Z1,Neuromuscular power / sprint,ac-intervals-1.zwo
7,GOOD ✓,1. Watopia Hilly Forward,z-racing,56.5,65.2,0.832,Anaerobic — 4×10s @ 110%,23.0,15.9,32.7,0.0,0.6,27.8,Z3,Anaerobic capacity / W' builder,week-2-1-watopia-hilly-forward.zwo
7,GOOD ✓,1. Watopia Hilly Forward,competitive-race-prep,56.5,65.2,0.832,Anaerobic — 4×10s @ 110%,23.0,15.9,32.7,0.0,0.6,27.8,Z3,Anaerobic capacity / W' builder,week-2-1-watopia-hilly-forward.zwo
7,GOOD ✓,London Classique,30-60-minutes-to-burn,56.2,70.6,0.868,Threshold — 41min steady @ 97%,12.4,13.3,14.2,44.4,5.3,10.2,Z4,Sustained threshold work,london-classique.zwo
7,GOOD ✓,5. London Classique,z-racing,56.2,70.6,0.868,Threshold — 41min steady @ 97%,12.4,13.3,14.2,44.4,5.3,10.2,Z4,Sustained threshold work,week-2-5-london-classique.zwo
7,GOOD ✓,5. London Classique,competitive-race-prep,56.2,70.6,0.868,Threshold — 41min steady @ 97%,12.4,13.3,14.2,44.4,5.3,10.2,Z4,Sustained threshold work,week-2-5-london-classique.zwo
7,GOOD ✓,SZRGWO 07.3,mattias-thyr-unstructured-workouts,56.1,68.3,0.855,Threshold — 21min steady @ 101%,19.6,0.0,16.6,13.4,30.3,20.1,Z5,Sustained threshold work,szrgwo-073.zwo
7,GOOD ✓,Day 2 - Sub-Threshold #1,2018-prl100-prep,56.0,49.6,0.729,Sweet Spot — 25min steady @ 91%,28.6,26.8,0.0,35.7,8.9,0.0,Z4,Sustained sub-threshold work,week-1-day-2-sub-threshold-1.zwo
7,GOOD ✓,Day 2 - Pyramid Cadence Efforts,2018-prl46-prep,56.0,45.5,0.698,Sweet Spot — 12min steady @ 95%,25.0,53.6,0.0,21.4,0.0,0.0,Z2,Sustained sub-threshold work,week-9-day-2-pyramid-cadence-efforts.zwo
7,GOOD ✓,Pyramid Cadence Efforts,30-60-minutes-to-burn,56.0,45.5,0.698,Sweet Spot — 12min steady @ 95%,25.0,53.6,0.0,21.4,0.0,0.0,Z2,Sustained sub-threshold work,pyramid-cadence-efforts.zwo
7,GOOD ✓,GC Coaching's Uphill Battle,gc-coaching,56.0,51.1,0.74,Anaerobic — 5×30s @ 130%,46.4,12.5,0.9,27.7,0.9,11.6,Z1,Anaerobic capacity / W' builder,guided-workouts-gc-coachings-uphill-battle.zwo
7,GOOD ✓,Lama's 5x4min TT Intervals,gp-lama,56.0,47.0,0.71,VO2max — 20min steady @ 109%,64.3,0.0,0.0,0.0,7.1,28.6,Z1,Sustained supra-threshold work,lamas-5x4min-tt-intervals.zwo
7,GOOD ✓,4. Surge Protector,training-camp-progression,56.0,59.3,0.797,Sweet Spot — 36min steady @ 93%,14.3,21.4,16.1,40.2,0.0,8.0,Z4,Sustained sub-threshold work,long-4-surge-protector.zwo
7,GOOD ✓,ODChickenCyclingers - VO2max 445,twelve-week-ftp-challenge,56.0,53.8,0.759,VO2max — 22min steady @ 118%,48.2,10.7,1.8,0.0,3.6,35.7,Z1,Sustained supra-threshold work,vo2-max-community-vo2max-445.zwo
7,GOOD ✓,Stage 1,dig-deep-coaching-3-week-grand-tour,55.6,51.6,0.746,Threshold — 21min steady @ 102%,38.7,18.0,14.4,19.8,3.6,5.5,Z1,Sustained threshold work,stage-1.zwo
7,GOOD ✓,Primed FTP,best-of-coop-academy,55.5,50.9,0.742,Threshold — 22min steady @ 99%,54.1,0.0,0.0,10.8,32.4,2.7,Z1,Sustained threshold work,za-2020-primed-ftp.zwo
7,GOOD ✓,#69-DPC STME Intervals - Session 2,zf18-direct-power-coaching-phase-6,55.5,43.2,0.683,VO2max — 12min steady @ 120%,77.5,0.0,0.0,0.0,0.0,22.5,Z1,Sustained supra-threshold work,week-2-69-dpc-stme-intervals-session-2.zwo
7,GOOD ✓,5. Primed FTP,talent-pipeline-2020,55.5,50.9,0.742,Threshold — 22min steady @ 99%,54.1,0.0,0.0,10.8,32.4,2.7,Z1,Sustained threshold work,5-primed-ftp.zwo
7,GOOD ✓,SZRGWO 07.0,mattias-thyr-unstructured-workouts,55.2,70.7,0.877,Threshold — 32min steady @ 101%,14.5,0.0,26.6,18.1,27.2,13.6,Z5,Sustained threshold work,szrgwo-070.zwo
7,GOOD ✓,SZRGWO 07.1,mattias-thyr-unstructured-workouts,55.1,68.2,0.862,Threshold — 34min steady @ 100%,20.0,0.0,18.8,0.0,54.5,6.8,Z5,Sustained threshold work,szrgwo-071.zwo
7,GOOD ✓,SZRGWO 11.3,mattias-thyr-unstructured-workouts,55.1,67.0,0.854,Threshold — 34min steady @ 99%,20.0,0.0,18.8,36.3,18.2,6.8,Z4,Sustained threshold work,szrgwo-113.zwo
7,GOOD ✓,Day 5 - 40/20's into FTP #1,2018-prl100-prep,55.0,56.2,0.783,Threshold — 25min steady @ 100%,32.1,19.1,0.0,39.1,0.0,9.7,Z4,Sustained threshold work,week-6-day-5-4020s-into-ftp-1.zwo
7,GOOD ✓,Day 4 - Sprints #2,2018-prl46-prep,55.0,29.1,0.563,Sprint — 4×10s @ 181%,84.2,5.5,0.0,9.1,0.0,1.2,Z1,Neuromuscular power / sprint,week-6-day-4-sprints-2.zwo
7,GOOD ✓,Day 4 - Through the Zones #1,2018-prl46-prep,55.0,55.8,0.78,Sweet Spot — 30min steady @ 93%,18.2,27.3,0.0,40.0,10.9,3.6,Z4,Sustained sub-threshold work,week-8-day-4-through-the-zones-1.zwo
7,GOOD ✓,2x15 FTP Intervals,30-60-minutes-to-burn,55.0,61.0,0.816,Threshold — 30min steady @ 100%,0.0,45.5,0.0,0.0,54.5,0.0,Z5,Sustained threshold work,2x15-ftp-intervals.zwo
7,GOOD ✓,40/20's into FTP #1,30-60-minutes-to-burn,55.0,56.2,0.783,Threshold — 25min steady @ 100%,32.1,19.1,0.0,39.1,0.0,9.7,Z4,Sustained threshold work,4020s-into-ftp-1.zwo
7,GOOD ✓,The Kitchen Sink,30-60-minutes-to-burn,55.0,47.7,0.721,Sweet Spot — 15min steady @ 92%,29.1,28.2,20.0,15.5,5.5,1.8,Z1,Sustained sub-threshold work,the-kitchen-sink.zwo
7,GOOD ✓,Through the Zones #1,30-60-minutes-to-burn,55.0,55.8,0.78,Sweet Spot — 30min steady @ 93%,18.2,27.3,0.0,40.0,10.9,3.6,Z4,Sustained sub-threshold work,through-the-zones-1.zwo
7,GOOD ✓,Race Day,best-of-coop-academy,55.0,50.1,0.739,Threshold — 17min steady @ 105%,43.6,9.1,16.4,16.4,0.0,14.5,Z1,Sustained threshold work,za-2018-race-day.zwo
7,GOOD ✓,4 Minute Power,best-of-coop-academy,55.0,44.7,0.698,Sweet Spot — 17min steady @ 92%,38.2,27.3,21.8,3.6,0.0,9.1,Z1,Sustained sub-threshold work,za-2019-4-minute-power-.zwo
7,GOOD ✓,Aerobic Conditioning,best-of-coop-academy,55.0,53.1,0.761,Sweet Spot — 30min steady @ 92%,30.9,14.5,0.0,43.6,10.9,0.0,Z4,Sustained sub-threshold work,za-2022-aerobic-conditioning.zwo
7,GOOD ✓,Full-Distance Build,best-of-coop-academy,55.0,44.7,0.698,Threshold — 12min steady @ 96%,36.4,2.7,36.4,10.9,10.0,3.6,Z1,Sustained threshold work,za-2022-full-distance-build.zwo
7,GOOD ✓,Day 7: Hayman's Hustle 2017,coaches-challenge,55.0,65.6,0.846,Threshold — 35min steady @ 100%,23.6,10.9,1.8,36.4,3.6,23.6,Z4,Sustained threshold work,day-7-haymans-hustle-2017.zwo
7,GOOD ✓,Day 4 - Z6 Intervals,crit-crusher,55.0,45.4,0.704,Anaerobic — 10×30s @ 130%,45.5,36.4,0.0,0.0,0.0,18.2,Z1,Anaerobic capacity / W' builder,week-4-day-4-z6-intervals.zwo
7,GOOD ✓,Day 4 - Z6 Intervals,crit-crusher,55.0,42.6,0.682,Anaerobic — 10×30s @ 130%,63.6,18.2,0.0,0.0,0.0,18.2,Z1,Anaerobic capacity / W' builder,week-5-day-4-z6-intervals.zwo
7,GOOD ✓,Day 4 - Z6 Intervals,crit-crusher,55.0,42.6,0.682,Anaerobic — 10×30s @ 130%,63.6,18.2,0.0,0.0,0.0,18.2,Z1,Anaerobic capacity / W' builder,week-6-day-4-z6-intervals.zwo
7,GOOD ✓,"7. Minute Intervals into ""Sweetspot"" Set 1",cycleops-tt-challenge,55.0,31.8,0.589,Anaerobic — 3×60s @ 150%,76.4,0.0,0.0,18.2,0.0,5.5,Z1,Anaerobic capacity / W' builder,7-minute-intervals-into-sweetspot-set-1.zwo
7,GOOD ✓,Tom Pidcock: CX Champion,daily-fit,55.0,62.5,0.826,Anaerobic — 5×30s @ 140%,0.0,60.9,0.0,28.5,0.0,10.6,Z2,Anaerobic capacity / W' builder,tom-pidcock-cx-champion.zwo
7,GOOD ✓,1. 24 Shots to Fire,dirt-destroyer,55.0,48.8,0.73,Sprint — 8×30s @ 150%,63.6,12.7,0.0,0.0,0.0,23.6,Z1,Neuromuscular power / sprint,week-5-1-24-shots-to-fire.zwo
7,GOOD ✓,16. Power Party,fitness-jumpstart,55.0,58.8,0.801,Sprint — 3×20s @ 151%,43.2,14.5,2.3,1.8,16.4,21.8,Z1,Neuromuscular power / sprint,16-power-party.zwo
7,GOOD ✓,6x2 V02 (115)Trainer ChickenCycling 6B,gravel-grinder,55.0,44.3,0.695,Threshold — 18min steady @ 105%,61.8,5.5,10.9,0.0,0.0,21.8,Z1,Sustained threshold work,week-6-6x2-v02-115trainer-cc-6b.zwo
7,GOOD ✓,Seated Big Gear Sprints,gravel-grinder,55.0,41.9,0.676,VO2max — 10min steady @ 112%,60.0,14.5,7.3,7.3,0.0,10.9,Z1,Sustained supra-threshold work,week-8-seated-big-gear-sprints.zwo
7,GOOD ✓,z5 3 sets of 1min/1:30/2 min,john-hunts-workouts,55.0,39.7,0.658,VO2max — 14min steady @ 114%,64.5,10.9,0.0,0.0,0.0,24.5,Z1,Sustained supra-threshold work,z5-3-sets-of-1min1302-min.zwo
7,GOOD ✓,3. Explosive power into Z4,l-etape-du-tour-training-club,55.0,53.9,0.767,Sweet Spot — 25min steady @ 92%,27.3,23.6,0.0,43.6,0.0,5.5,Z4,Sustained sub-threshold work,phase-3-3-explosive-power-into-z4.zwo
7,GOOD ✓,2x15 FTP Intervals,less-than-60-minutes-to-burn,55.0,61.0,0.816,Threshold — 30min steady @ 100%,0.0,45.5,0.0,0.0,54.5,0.0,Z5,Sustained threshold work,2x15-ftp-intervals.zwo
7,GOOD ✓,Tom Pidcock: CX Champion,pro-training-camp-ineos-grenadiers,55.0,62.5,0.826,Anaerobic — 5×30s @ 140%,0.0,60.9,0.0,28.5,0.0,10.6,Z2,Anaerobic capacity / W' builder,tom-pidcock-cx-champion.zwo
7,GOOD ✓,EF Pro Cycling's Yellow Day Workout,sprinting,55.0,38.5,0.648,Anaerobic — 4×15s @ 115%,75.5,9.1,0.0,0.0,0.0,15.5,Z1,Anaerobic capacity / W' builder,ef-pro-cyclings-yellow-day-workout.zwo
7,GOOD ✓,EF Pro Cycling's Yellow Day Workout,whoop-workout-series,55.0,38.5,0.648,Anaerobic — 4×15s @ 115%,75.5,9.1,0.0,0.0,0.0,15.5,Z1,Anaerobic capacity / W' builder,yellow-day-ef-pro-cyclings-yellow-day-workout.zwo
7,GOOD ✓,#43-DPC TT - Strength Reps - Set 1,zf18-direct-power-coaching-phase-4,55.0,43.0,0.685,Threshold — 20min steady @ 97%,63.6,0.0,0.0,35.2,0.0,1.2,Z1,Sustained threshold work,week-1-43-dpc-tt-strength-reps-set-1.zwo
7,GOOD ✓,#68-DPC Sweetspot Session 2,zf18-direct-power-coaching-phase-6,55.0,49.7,0.736,Sweet Spot — 30min steady @ 92%,45.5,0.0,0.0,54.5,0.0,0.0,Z4,Sustained sub-threshold work,week-2-68-dpc-sweetspot-session-2.zwo
7,GOOD ✓,#78-DPC Z5 Intervals Set 1,zf18-direct-power-coaching-phase-7,55.0,40.7,0.666,Anaerobic — 5×60s @ 115%,72.7,0.0,0.0,0.0,0.0,27.3,Z1,Anaerobic capacity / W' builder,week-1-78-dpc-z5-intervals-set-1.zwo
7,GOOD ✓,#105-DPC 30' FTP,zf18-direct-power-coaching-phase-9,55.0,54.8,0.773,Threshold — 30min steady @ 100%,45.5,0.0,0.0,0.0,54.5,0.0,Z5,Sustained threshold work,week-2-105-dpc-30-ftp.zwo
7,GOOD ✓,9. Race Day,pro-development-2018,55.0,50.1,0.739,Threshold — 17min steady @ 105%,43.6,9.1,16.4,16.4,0.0,14.5,Z1,Sustained threshold work,9-race-day.zwo
7,GOOD ✓,1. Aerobic Conditioning,elite-selection-2022,55.0,53.1,0.761,Sweet Spot — 30min steady @ 92%,30.9,14.5,0.0,43.6,10.9,0.0,Z4,Sustained sub-threshold work,1-aerobic-conditioning.zwo
7,GOOD ✓,ODChickenCyclingers - VO2max 355,twelve-week-ftp-challenge,55.0,44.8,0.699,VO2max — 17min steady @ 117%,56.4,10.9,1.8,0.0,3.6,27.3,Z1,Sustained supra-threshold work,vo2-max-community-vo2max-355.zwo
7,GOOD ✓,Emporia Exertions,daily-fit,54.8,47.7,0.723,Sprint — 3×15s @ 170%,31.1,21.0,36.5,7.3,0.0,4.1,Z3,Neuromuscular power / sprint,emporia-exertions.zwo
7,GOOD ✓,Emporia Exertions,garmin-unbound-gravel-training-plan,54.8,47.7,0.723,Sprint — 3×15s @ 170%,31.1,21.0,36.5,7.3,0.0,4.1,Z3,Neuromuscular power / sprint,week-6-emporia-exertions.zwo
7,GOOD ✓,FTP Boost,best-of-coop-academy,54.5,53.3,0.766,Threshold — 22min steady @ 101%,38.5,18.3,0.0,22.0,16.5,4.6,Z1,Sustained threshold work,za-2021-ftp-boost.zwo
7,GOOD ✓,Stage 5,dig-deep-coaching-3-week-grand-tour,54.5,55.0,0.778,Threshold — 28min steady @ 98%,32.1,16.5,18.3,2.8,17.4,12.8,Z1,Sustained threshold work,stage-5.zwo
7,GOOD ✓,6. FTP Boost,elite-selection-2021,54.5,53.3,0.766,Threshold — 22min steady @ 101%,38.5,18.3,0.0,22.0,16.5,4.6,Z1,Sustained threshold work,6-ftp-boost.zwo
7,GOOD ✓,Jon's Mix,30-60-minutes-to-burn,54.3,52.2,0.759,Anaerobic — 3×60s @ 150%,34.0,22.1,0.0,36.8,0.0,7.1,Z4,Anaerobic capacity / W' builder,jons-mix.zwo
7,GOOD ✓,Jon's Mix,less-than-60-minutes-to-burn,54.3,52.2,0.759,Anaerobic — 3×60s @ 150%,34.0,22.1,0.0,36.8,0.0,7.1,Z4,Anaerobic capacity / W' builder,jons-mix.zwo
7,GOOD ✓,New York Grand Central Circuit,daily-fit,54.2,58.1,0.802,VO2max — 23min steady @ 109%,25.8,29.1,0.0,18.5,0.0,26.6,Z2,Sustained supra-threshold work,new-york-grand-central-circuit.zwo
7,GOOD ✓,4. New York Grand Central Circuit,z-racing,54.2,58.1,0.802,VO2max — 23min steady @ 109%,25.8,29.1,0.0,18.5,0.0,26.6,Z2,Sustained supra-threshold work,week-5-4-new-york-grand-central-circuit.zwo
7,GOOD ✓,4. New York Grand Central Circuit,competitive-race-prep,54.2,58.1,0.802,VO2max — 23min steady @ 109%,25.8,29.1,0.0,18.5,0.0,26.6,Z2,Sustained supra-threshold work,week-5-4-new-york-grand-central-circuit.zwo
7,GOOD ✓,Day 1 - HIT 80% FTP #2,4wk-ftp-booster,54.0,45.8,0.713,Sprint — 4×10s @ 175%,28.4,14.8,46.3,9.3,0.0,1.2,Z3,Neuromuscular power / sprint,week-2-day-1-hit-80-ftp-2.zwo
7,GOOD ✓,Day 1 - Cadence Into Over-Unders,active-offseason,54.0,37.8,0.648,Anaerobic — 6×30s @ 115%,55.6,27.8,0.0,11.1,0.0,5.6,Z1,Anaerobic capacity / W' builder,week-3-day-1-cadence-into-over-unders.zwo
7,GOOD ✓,6x2 VO2 Max,gravel-grinder,54.0,46.3,0.717,Threshold — 20min steady @ 106%,57.4,5.6,0.0,4.9,4.9,27.2,Z1,Sustained threshold work,week-3-6x2-vo2-max.zwo
7,GOOD ✓,7. Endurance With 30sec,l-etape-du-tour-training-club,54.0,41.9,0.682,Anaerobic — 6×30s @ 126%,16.7,63.9,9.3,4.6,0.0,5.6,Z2,Anaerobic capacity / W' builder,phase-2-7-endurance-with-30sec.zwo
7,GOOD ✓,Tempo with 30sec spike #1,tt-tuneup,54.0,49.6,0.742,Sprint — 4×10s @ 200%,30.2,14.8,38.9,0.0,9.3,6.8,Z3,Neuromuscular power / sprint,week-4-tempo-with-30sec-spike-1.zwo
7,GOOD ✓,#53-DPC Attack Intervals - Set 1,zf18-direct-power-coaching-phase-5,54.0,43.3,0.694,VO2max — 14min steady @ 118%,64.8,9.3,0.0,0.0,22.2,3.7,Z1,Sustained supra-threshold work,week-1-53-dpc-attack-intervals-set-1.zwo
7,GOOD ✓,Strength Surges,climbing,53.2,37.2,0.648,Threshold — 11min steady @ 96%,50.8,0.0,28.2,16.9,0.0,4.1,Z1,Sustained threshold work,strength-surges.zwo
7,GOOD ✓,4. Strength Surges,dirt-destroyer,53.2,37.2,0.648,Threshold — 11min steady @ 96%,50.8,0.0,28.2,16.9,0.0,4.1,Z1,Sustained threshold work,week-2-4-strength-surges.zwo
7,GOOD ✓,Day 5 - High Intensity/5min,2018-prl46-prep,53.0,57.2,0.805,VO2max — 23min steady @ 109%,28.3,28.3,0.0,12.6,18.9,11.9,Z1,Sustained supra-threshold work,week-10-day-5-high-intensity5min.zwo
7,GOOD ✓,Free Ride Sandwich,2020-rapha-festive-500,53.0,38.7,0.662,Sweet Spot — 20min steady @ 88%,47.2,15.1,0.0,37.7,0.0,0.0,Z1,Sustained sub-threshold work,free-ride-sandwich.zwo
7,GOOD ✓,Watopia Volcano Circuit,30-60-minutes-to-burn,53.0,67.3,0.873,Threshold — 37min steady @ 98%,9.4,18.2,0.0,45.3,11.3,15.7,Z4,Sustained threshold work,watopia-volcano-circuit.zwo
7,GOOD ✓,Climbing Adaption,climbing,53.0,49.6,0.749,Sprint — 4×10s @ 150%,27.0,11.3,52.8,0.0,0.0,8.8,Z3,Neuromuscular power / sprint,climbing-adaption.zwo
7,GOOD ✓,3. Seated Accelerations (RPM) - Strength Reps - Set 2,cycleops-tt-challenge,53.0,30.6,0.589,Sprint — 8×30s @ 200%,92.5,0.0,0.0,0.0,0.0,7.5,Z1,Neuromuscular power / sprint,3-seated-accelerations-rpm-strength-reps-set-2.zwo
7,GOOD ✓,Stage 3,dig-deep-coaching-3-week-grand-tour,53.0,57.0,0.803,Threshold — 20min steady @ 103%,27.4,0.0,39.6,1.9,22.6,8.5,Z3,Sustained threshold work,stage-3.zwo
7,GOOD ✓,FTP w/ Bursts,gcn,53.0,55.1,0.79,Anaerobic — 12×10s @ 130%,41.5,5.7,0.0,0.0,49.1,3.8,Z5,Anaerobic capacity / W' builder,race-prep-ftp-w-bursts.zwo
7,GOOD ✓,4. THU: Climbing Adaption,gcn-zero-to-hero-plan,53.0,49.6,0.749,Sprint — 4×10s @ 150%,27.0,11.3,52.8,0.0,0.0,8.8,Z3,Neuromuscular power / sprint,week-2-4-thu-climbing-adaption.zwo
7,GOOD ✓,SZRGWO 03.4,mattias-thyr-unstructured-workouts,53.0,65.9,0.864,Threshold — 41min steady @ 97%,22.6,0.0,11.3,37.7,28.3,0.0,Z4,Sustained threshold work,szrgwo-034.zwo
7,GOOD ✓,Free Ride Sandwich,sweet-spot,53.0,38.7,0.662,Sweet Spot — 20min steady @ 88%,47.2,15.1,0.0,37.7,0.0,0.0,Z1,Sustained sub-threshold work,free-ride-sandwich.zwo
7,GOOD ✓,FTP w/ Bursts,threshold,53.0,55.1,0.79,Anaerobic — 12×10s @ 130%,41.5,5.7,0.0,0.0,49.1,3.8,Z5,Anaerobic capacity / W' builder,ftp-w-bursts.zwo
7,GOOD ✓,High Intensity/5min,vo2-max,53.0,57.2,0.805,VO2max — 23min steady @ 109%,28.3,28.3,0.0,12.6,18.9,11.9,Z1,Sustained supra-threshold work,high-intensity5min.zwo
7,GOOD ✓,5. Watopia Volcano Circuit,z-racing,53.0,67.3,0.873,Threshold — 37min steady @ 98%,9.4,18.2,0.0,45.3,11.3,15.7,Z4,Sustained threshold work,week-1-5-watopia-volcano-circuit.zwo
7,GOOD ✓,#66-DPC STME Intervals - Session 1,zf18-direct-power-coaching-phase-6,53.0,38.2,0.658,VO2max — 10min steady @ 120%,81.1,0.0,0.0,0.0,0.0,18.9,Z1,Sustained supra-threshold work,week-1-66-dpc-stme-intervals-session-1.zwo
7,GOOD ✓,Attack the Bunch,training-camp-foundation,53.0,45.4,0.717,VO2max — 15min steady @ 125%,71.7,0.0,0.0,0.0,0.9,27.4,Z1,Sustained supra-threshold work,2.-attacking-attack-the-bunch.zwo
7,GOOD ✓,5. Watopia Volcano Circuit,competitive-race-prep,53.0,67.3,0.873,Threshold — 37min steady @ 98%,9.4,18.2,0.0,45.3,11.3,15.7,Z4,Sustained threshold work,week-1-5-watopia-volcano-circuit.zwo
7,GOOD ✓,Gentle Squeeze,climbing,52.7,53.4,0.78,Threshold — 13min steady @ 99%,24.7,11.4,28.5,17.1,11.4,7.0,Z3,Sustained threshold work,gentle-squeeze.zwo
7,GOOD ✓,2. TUE: Gentle Squeeze,gcn-zero-to-hero-plan,52.7,53.4,0.78,Threshold — 13min steady @ 99%,24.7,11.4,28.5,17.1,11.4,7.0,Z3,Sustained threshold work,week-3-2-tue-gentle-squeeze.zwo
7,GOOD ✓,#32 TT Strength Reps Set 1,zf19-spokes-personal-coaching-stage-4,52.7,36.2,0.642,Sweet Spot — 20min steady @ 90%,62.0,0.0,0.0,38.0,0.0,0.0,Z1,Sustained sub-threshold work,32-tt-strength-reps-set-1.zwo
7,GOOD ✓,SZRGWO 04.2,mattias-thyr-unstructured-workouts,52.5,66.1,0.869,Anaerobic — 5×70s @ 110%,31.1,0.0,3.8,27.6,0.0,37.5,Z6,Anaerobic capacity / W' builder,szrgwo-042.zwo
7,GOOD ✓,"#82-DPC ""I Hate Pav"" Intervals - Session 3",zf18-direct-power-coaching-phase-7,52.5,47.0,0.733,Sprint — 10×15s @ 175%,58.1,19.0,0.0,9.5,0.0,13.3,Z1,Neuromuscular power / sprint,week-3-82-dpc-i-hate-pav-intervals-session-3.zwo
7,GOOD ✓,4. THU: EPOC,gcn-zero-to-hero-plan,52.3,42.6,0.699,Sprint — 4×15s @ 165%,65.0,19.1,0.0,0.0,0.0,15.9,Z1,Neuromuscular power / sprint,week-6-race-specific-intensity-4-thu-epoc.zwo
7,GOOD ✓,EPOC,sprinting,52.3,42.6,0.699,Sprint — 4×15s @ 165%,65.0,19.1,0.0,0.0,0.0,15.9,Z1,Neuromuscular power / sprint,epoc.zwo
7,GOOD ✓,Day 6 - Tempo with accelerations #1,4wk-ftp-booster,52.2,49.7,0.756,Sweet Spot — 31min steady @ 91%,34.5,3.8,47.9,7.7,0.0,6.1,Z3,Sustained sub-threshold work,week-1-day-6-tempo-with-accelerations-1.zwo
7,GOOD ✓,Tempo with accelerations #1,sweet-spot,52.2,49.7,0.756,Sweet Spot — 31min steady @ 91%,34.5,3.8,47.9,7.7,0.0,6.1,Z3,Sustained sub-threshold work,tempo-with-accelerations-1.zwo
7,GOOD ✓,Day 1 - Endurance + 30/30's #1,2018-prl46-prep,52.0,39.7,0.677,Anaerobic — 6×30s @ 113%,28.8,43.3,16.3,0.0,0.0,11.5,Z2,Anaerobic capacity / W' builder,week-2-day-1-endurance-plus-3030s-1.zwo
7,GOOD ✓,Day 4 - Climbing Threshold #1,2018-prl46-prep,52.0,44.1,0.713,Sweet Spot — 20min steady @ 90%,23.1,38.5,0.0,38.5,0.0,0.0,Z2,Sustained sub-threshold work,week-7-day-4-climbing-threshold-1.zwo
7,GOOD ✓,Arise,30-60-minutes-to-burn,52.0,52.6,0.779,Anaerobic — 5×30s @ 120%,34.6,15.4,0.0,38.5,0.0,11.5,Z4,Anaerobic capacity / W' builder,arise.zwo
7,GOOD ✓,Day 1 - HIT 80% FTP #1,4wk-ftp-booster,52.0,42.0,0.696,Sprint — 4×10s @ 175%,27.6,13.5,38.5,9.6,0.0,10.9,Z3,Neuromuscular power / sprint,week-1-day-1-hit-80-ftp-1.zwo
7,GOOD ✓,Day 5 - Climbing Sustained Threshold,4wk-prl-prep,52.0,44.1,0.713,Sweet Spot — 20min steady @ 90%,23.1,38.5,0.0,38.5,0.0,0.0,Z2,Sustained sub-threshold work,week-1-day-5-climbing-sustained-threshold.zwo
7,GOOD ✓,The Carapaz,climbing,52.0,50.7,0.765,Sweet Spot — 30min steady @ 90%,25.0,15.4,46.2,0.0,7.7,5.8,Z3,Sustained sub-threshold work,the-carapaz.zwo
7,GOOD ✓,Lama's Sydney Harbour Bridge,gp-lama,52.0,52.2,0.776,Threshold — 14min steady @ 98%,26.9,11.5,11.5,30.8,3.8,15.4,Z4,Sustained threshold work,lamas-sydney-harbour-bridge.zwo
7,GOOD ✓,Day 7 - Pointy Pyramid,hunters-challenge,52.0,54.2,0.791,VO2max — 15min steady @ 112%,0.0,71.2,0.0,7.7,0.0,21.2,Z2,Sustained supra-threshold work,week-2-day-7-pointy-pyramid.zwo
7,GOOD ✓,The Carapaz,ineos-grenadiers-virtual-training-camp,52.0,50.7,0.765,Sweet Spot — 30min steady @ 90%,25.0,15.4,46.2,0.0,7.7,5.8,Z3,Sustained sub-threshold work,the-carapaz.zwo
7,GOOD ✓,3. 30/30 Anaerobic #1,l-etape-du-tour-training-club,52.0,47.3,0.739,Sprint — 4×10s @ 200%,23.1,50.6,0.0,9.6,0.0,16.7,Z2,Neuromuscular power / sprint,phase-1-3-3030-anaerobic-1.zwo
7,GOOD ✓,2. Escalating 3min VO2max,l-etape-du-tour-training-club,52.0,45.4,0.724,Threshold — 17min steady @ 105%,32.7,34.6,0.0,7.7,5.8,19.2,Z2,Sustained threshold work,phase-3-2-escalating-3min-vo2max.zwo
7,GOOD ✓,SZRGWO 06.1,mattias-thyr-unstructured-workouts,52.0,54.5,0.793,Threshold — 15min steady @ 98%,23.1,15.4,9.6,25.6,23.1,3.2,Z4,Sustained threshold work,szrgwo-061.zwo
7,GOOD ✓,INEOS Grenadiers: Anaerobic Capacity,pro-training-camp-ineos-grenadiers,52.0,45.3,0.723,Anaerobic — 10×20s @ 140%,42.9,38.5,0.0,3.8,1.9,12.8,Z1,Anaerobic capacity / W' builder,ineos-grenadiers-anaerobic-capacity.zwo
7,GOOD ✓,HIT 80% FTP #1,threshold,52.0,42.0,0.696,Sprint — 4×10s @ 175%,27.6,13.5,38.5,9.6,0.0,10.9,Z3,Neuromuscular power / sprint,hit-80-ftp-1.zwo
7,GOOD ✓,30/30 Anaerobic #1,tt-tuneup,52.0,43.4,0.708,Sprint — 4×10s @ 200%,42.3,31.4,0.0,9.6,0.0,16.7,Z1,Neuromuscular power / sprint,week-1-3030-anaerobic-1.zwo
7,GOOD ✓,30/30 Anaerobic #1,vo2-max,52.0,47.3,0.739,Sprint — 4×10s @ 200%,23.1,50.6,0.0,9.6,0.0,16.7,Z2,Neuromuscular power / sprint,3030-anaerobic-1.zwo
7,GOOD ✓,INEOS Grenadiers: Anaerobic Capacity,vo2-max,52.0,45.3,0.723,Anaerobic — 10×20s @ 140%,42.9,38.5,0.0,3.8,1.9,12.8,Z1,Anaerobic capacity / W' builder,ineos-grenadiers-anaerobic-capacity.zwo
7,GOOD ✓,3. Arise,z-racing,52.0,52.6,0.779,Anaerobic — 5×30s @ 120%,34.6,15.4,0.0,38.5,0.0,11.5,Z4,Anaerobic capacity / W' builder,week-3-3-arise.zwo
7,GOOD ✓,3. Boogie,z-racing,52.0,55.5,0.8,Anaerobic — 5×40s @ 120%,31.4,15.4,0.0,38.5,0.0,14.7,Z4,Anaerobic capacity / W' builder,week-4-3-boogie.zwo
7,GOOD ✓,3. Boogie,z-racing,52.0,55.5,0.8,Anaerobic — 5×40s @ 120%,31.4,15.4,0.0,38.5,0.0,14.7,Z4,Anaerobic capacity / W' builder,week-5-3-boogie.zwo
7,GOOD ✓,3. Arise,competitive-race-prep,52.0,52.6,0.779,Anaerobic — 5×30s @ 120%,34.6,15.4,0.0,38.5,0.0,11.5,Z4,Anaerobic capacity / W' builder,week-3-3-arise.zwo
7,GOOD ✓,3. Boogie,competitive-race-prep,52.0,55.5,0.8,Anaerobic — 5×40s @ 120%,31.4,15.4,0.0,38.5,0.0,14.7,Z4,Anaerobic capacity / W' builder,week-4-3-boogie.zwo
7,GOOD ✓,3. Boogie,competitive-race-prep,52.0,55.5,0.8,Anaerobic — 5×40s @ 120%,31.4,15.4,0.0,38.5,0.0,14.7,Z4,Anaerobic capacity / W' builder,week-5-3-boogie.zwo
7,GOOD ✓,#5 Under Control,fitness-tune-up,51.7,51.3,0.772,Sweet Spot — 29min steady @ 93%,27.1,17.4,0.0,40.6,13.5,1.3,Z4,Sustained sub-threshold work,short-5-under-control.zwo
7,GOOD ✓,Peak VO2 Intervals,best-of-coop-academy,51.5,48.5,0.752,VO2max — 16min steady @ 114%,46.6,19.4,0.0,14.6,0.0,19.4,Z1,Sustained supra-threshold work,za-2021-peak-vo2-intervals.zwo
7,GOOD ✓,2. Peak VO2 Intervals,elite-selection-2021,51.5,48.5,0.752,VO2max — 16min steady @ 114%,46.6,19.4,0.0,14.6,0.0,19.4,Z1,Sustained supra-threshold work,2-peak-vo2-intervals.zwo
7,GOOD ✓,SZRGWO 02.1,mattias-thyr-unstructured-workouts,51.1,65.0,0.874,Threshold — 37min steady @ 97%,5.9,21.5,0.0,70.5,0.0,2.1,Z4,Sustained threshold work,szrgwo-021.zwo
7,GOOD ✓,SZRGWO 02.2,mattias-thyr-unstructured-workouts,51.1,65.9,0.88,Threshold — 37min steady @ 98%,5.9,21.5,0.0,70.5,0.0,2.1,Z4,Sustained threshold work,szrgwo-022.zwo
7,GOOD ✓,1. Max O'clock,dirt-destroyer,51.0,34.5,0.637,Sprint — 8×20s @ 160%,68.6,13.7,0.0,0.0,0.0,17.6,Z1,Neuromuscular power / sprint,week-6-1-max-oclock.zwo
7,GOOD ✓,Turn up the AC (anaerobic capacity) (2x4x2),gravel-grinder,51.0,38.6,0.674,Sprint — 4×30s @ 160%,74.5,0.0,2.0,13.7,2.0,7.8,Z1,Neuromuscular power / sprint,week-4-turn-up-the-ac-anaerobic-capacity-2x4x2.zwo
7,GOOD ✓,SZRGWO 01.3,mattias-thyr-unstructured-workouts,51.0,56.7,0.817,Sweet Spot — 35min steady @ 93%,3.9,27.5,0.0,62.7,0.0,5.9,Z4,Sustained sub-threshold work,szrgwo-013.zwo
7,GOOD ✓,SZRGWO 01.4,mattias-thyr-unstructured-workouts,51.0,57.6,0.823,Sprint — 3×15s @ 175%,10.3,25.5,0.0,39.2,17.6,7.4,Z4,Neuromuscular power / sprint,szrgwo-014.zwo
7,GOOD ✓,Turn Up The AC (2x4x2min),vo2-max,51.0,38.6,0.674,Sprint — 4×30s @ 160%,74.5,0.0,2.0,13.7,2.0,7.8,Z1,Neuromuscular power / sprint,turn-up-the-ac-2x4x2min.zwo
7,GOOD ✓,#72-DPC STME Intervals - Session 3,zf18-direct-power-coaching-phase-6,51.0,40.7,0.692,VO2max — 10min steady @ 140%,80.4,0.0,0.0,0.0,0.0,19.6,Z1,Sustained supra-threshold work,week-3-72-dpc-stme-intervals-session-3.zwo
7,GOOD ✓,#33 Strength Reps Set 2,zf19-spokes-personal-coaching-stage-4,51.0,33.6,0.629,VO2max — 12min steady @ 110%,76.5,0.0,0.0,0.0,0.0,23.5,Z1,Sustained supra-threshold work,33-strength-reps-set-2.zwo
7,GOOD ✓,Day 5 - 40/20's #1,4wk-ftp-booster,50.8,40.2,0.689,Sprint — 4×10s @ 175%,63.3,5.9,0.0,9.8,0.0,21.0,Z1,Neuromuscular power / sprint,week-1-day-5-4020s-1.zwo
7,GOOD ✓,Day 6 - 40/20's #1,4wk-prl-prep,50.8,40.2,0.689,Sprint — 4×10s @ 175%,63.3,5.9,0.0,9.8,0.0,21.0,Z1,Neuromuscular power / sprint,week-1-day-6-4020s-1.zwo
7,GOOD ✓,#6 Built to Last,fitness-tune-up,50.8,52.1,0.785,Threshold — 28min steady @ 95%,29.6,14.3,8.9,32.5,0.0,14.8,Z4,Sustained threshold work,short-6-built-to-last.zwo
7,GOOD ✓,40/20's #1,vo2-max,50.8,40.2,0.689,Sprint — 4×10s @ 175%,63.3,5.9,0.0,9.8,0.0,21.0,Z1,Neuromuscular power / sprint,4020s-1.zwo
7,GOOD ✓,Day 2 - Progressive Over-Gear,active-offseason,50.5,39.0,0.681,Threshold — 14min steady @ 107%,57.4,13.9,0.0,8.9,0.0,19.8,Z1,Sustained threshold work,week-6-day-2-progressive-over-gear.zwo
7,GOOD ✓,SZRGWO 04.0,mattias-thyr-unstructured-workouts,50.5,61.1,0.852,Threshold — 38min steady @ 96%,19.8,5.9,0.0,71.3,0.0,3.0,Z4,Sustained threshold work,szrgwo-040.zwo
7,GOOD ✓,SZRGWO 04.1,mattias-thyr-unstructured-workouts,50.5,62.1,0.859,Threshold — 38min steady @ 97%,19.8,5.9,0.0,47.5,23.8,3.0,Z4,Sustained threshold work,szrgwo-041.zwo
7,GOOD ✓,Day 4 - Cruise Intervals #1,2018-prl46-prep,50.0,45.8,0.741,Sweet Spot — 18min steady @ 95%,20.0,34.0,10.0,24.0,12.0,0.0,Z2,Sustained sub-threshold work,week-3-day-4-cruise-intervals-1.zwo
7,GOOD ✓,Depleting Workout,best-of-coop-academy,50.0,45.9,0.742,Sweet Spot — 20min steady @ 92%,38.0,16.0,0.0,40.0,0.0,6.0,Z4,Sustained sub-threshold work,za-2022-depleting-workout.zwo
7,GOOD ✓,Step-Down Intervals,climbing,50.0,54.7,0.81,Threshold — 21min steady @ 95%,0.0,48.0,26.0,14.0,6.0,6.0,Z2,Sustained threshold work,step-down-intervals.zwo
7,GOOD ✓,12. Power Bookends,fitness-jumpstart,50.0,52.5,0.794,Threshold — 21min steady @ 105%,27.5,22.0,10.0,12.0,16.0,12.5,Z1,Sustained threshold work,12-power-bookends.zwo
7,GOOD ✓,#3 Torque and Flow,fitness-tune-up,50.0,50.2,0.776,Sweet Spot — 28min steady @ 92%,28.0,16.0,0.0,48.0,6.0,2.0,Z4,Sustained sub-threshold work,short-3-torque-and-flow.zwo
7,GOOD ✓,#4 Hold the Line,fitness-tune-up,50.0,51.6,0.787,Threshold — 28min steady @ 96%,36.0,9.0,0.0,34.0,9.0,12.0,Z1,Sustained threshold work,short-4-hold-the-line.zwo
7,GOOD ✓,2. Make A Break For It,fondo,50.0,46.1,0.744,Sweet Spot — 20min steady @ 93%,26.0,34.0,24.0,0.0,12.0,4.0,Z2,Sustained sub-threshold work,week-2-2-make-a-break-for-it.zwo
7,GOOD ✓,1. Step-Down Intervals,fondo,50.0,54.7,0.81,Threshold — 21min steady @ 95%,0.0,48.0,26.0,14.0,6.0,6.0,Z2,Sustained threshold work,week-3-1-step-down-intervals.zwo
7,GOOD ✓,2. Low-Cadence Intervals,fondo,50.0,43.3,0.721,Sweet Spot — 24min steady @ 91%,36.0,16.0,6.0,36.0,6.0,0.0,Z1,Sustained sub-threshold work,week-3-2-low-cadence-intervals.zwo
7,GOOD ✓,2. Make A Break For It,gran-fondo,50.0,46.1,0.744,Sweet Spot — 20min steady @ 93%,26.0,34.0,24.0,0.0,12.0,4.0,Z2,Sustained sub-threshold work,week-2-2-make-a-break-for-it.zwo
7,GOOD ✓,1. Step-Down Intervals,gran-fondo,50.0,54.7,0.81,Threshold — 21min steady @ 95%,0.0,48.0,26.0,14.0,6.0,6.0,Z2,Sustained threshold work,week-3-1-step-down-intervals.zwo
7,GOOD ✓,2. Low-Cadence Intervals,gran-fondo,50.0,43.3,0.721,Sweet Spot — 24min steady @ 91%,36.0,16.0,6.0,36.0,6.0,0.0,Z1,Sustained sub-threshold work,week-3-2-low-cadence-intervals.zwo
7,GOOD ✓,2. Tempo Accelerations,gran-fondo,50.0,47.5,0.755,Sweet Spot — 30min steady @ 91%,33.7,4.0,50.0,6.0,0.0,6.3,Z3,Sustained sub-threshold work,week-4-2-tempo-accelerations.zwo
7,GOOD ✓,1. Steady & Surges,gran-fondo,50.0,51.0,0.782,Sweet Spot — 22min steady @ 91%,4.0,52.0,28.0,12.0,0.0,4.0,Z2,Sustained sub-threshold work,week-7-1-steady-surges.zwo
7,GOOD ✓,2. 5x3min Progressive MAP (Max Aerobic),gran-fondo,50.0,36.0,0.657,VO2max — 15min steady @ 115%,50.0,20.0,0.0,0.0,6.0,24.0,Z1,Sustained supra-threshold work,week-7-2-5x3min-progressive-map-max-aerobic.zwo
7,GOOD ✓,SZRGWO 02.4,mattias-thyr-unstructured-workouts,50.0,61.1,0.856,Sweet Spot — 36min steady @ 95%,6.0,22.0,0.0,72.0,0.0,0.0,Z4,Sustained sub-threshold work,szrgwo-024.zwo
7,GOOD ✓,Tower of Power Bridge 50 min,one-of-a-kind,50.0,56.6,0.824,Threshold — 26min steady @ 105%,32.0,8.0,8.0,12.0,26.0,14.0,Z1,Sustained threshold work,tower-of-power-bridge-50-min.zwo
7,GOOD ✓,Make A Break For It,sprinting,50.0,46.1,0.744,Sweet Spot — 20min steady @ 93%,26.0,34.0,24.0,0.0,12.0,4.0,Z2,Sustained sub-threshold work,make-a-break-for-it.zwo
7,GOOD ✓,Low-Cadence Intervals,threshold,50.0,43.3,0.721,Sweet Spot — 24min steady @ 91%,36.0,16.0,6.0,36.0,6.0,0.0,Z1,Sustained sub-threshold work,low-cadence-intervals.zwo
7,GOOD ✓,Day 6,your-first-century,50.0,42.0,0.71,Sweet Spot — 30min steady @ 85%,40.0,0.0,60.0,0.0,0.0,0.0,Z3,Sustained sub-threshold work,week-5-day-6.zwo
7,GOOD ✓,Day 6,your-first-century,50.0,49.4,0.77,Sweet Spot — 30min steady @ 95%,40.0,0.0,0.0,60.0,0.0,0.0,Z4,Sustained sub-threshold work,week-6-day-6.zwo
7,GOOD ✓,Day 7,your-first-century,50.0,49.4,0.77,Sweet Spot — 30min steady @ 95%,40.0,0.0,0.0,60.0,0.0,0.0,Z4,Sustained sub-threshold work,week-8-day-7.zwo
7,GOOD ✓,Day 7,your-first-century,50.0,49.4,0.77,Sweet Spot — 30min steady @ 95%,40.0,0.0,0.0,60.0,0.0,0.0,Z4,Sustained sub-threshold work,week-9-day-7.zwo
7,GOOD ✓,#65-DPC Sweetspot Session 1,zf18-direct-power-coaching-phase-6,50.0,42.6,0.715,Sweet Spot — 25min steady @ 91%,50.0,0.0,0.0,50.0,0.0,0.0,Z1,Sustained sub-threshold work,week-1-65-dpc-sweetspot-session-1.zwo
7,GOOD ✓,"#77-DPC ""Sweetspot"" Session 1",zf18-direct-power-coaching-phase-7,50.0,39.1,0.685,Sweet Spot — 20min steady @ 95%,60.0,0.0,0.0,40.0,0.0,0.0,Z1,Sustained sub-threshold work,week-1-77-dpc-sweetspot-session-1.zwo
7,GOOD ✓,4. Depleting Workout,elite-selection-2022,50.0,45.9,0.742,Sweet Spot — 20min steady @ 92%,38.0,16.0,0.0,40.0,0.0,6.0,Z4,Sustained sub-threshold work,4-depleting-workout.zwo
7,GOOD ✓,EF Pro Cycling's Green Day Workout,climbing,49.5,40.9,0.704,Sweet Spot — 22min steady @ 95%,35.4,20.2,0.0,44.4,0.0,0.0,Z4,Sustained sub-threshold work,ef-pro-cyclings-green-day-workout.zwo
7,GOOD ✓,SZRGWO 02.1,mattias-thyr-unstructured-workouts,49.5,62.2,0.868,Threshold — 38min steady @ 96%,12.1,12.1,0.0,72.7,0.0,3.0,Z4,Sustained threshold work,szrgwo-021-.zwo
7,GOOD ✓,EF Pro Cycling's Green Day Workout,whoop-workout-series,49.5,40.9,0.704,Sweet Spot — 22min steady @ 95%,35.4,20.2,0.0,44.4,0.0,0.0,Z4,Sustained sub-threshold work,green-day-ef-pro-cyclings-green-day-workout.zwo
7,GOOD ✓,Climb Approach,climbing,49.2,43.4,0.727,Threshold — 19min steady @ 101%,41.8,20.3,0.0,20.3,10.2,7.4,Z1,Sustained threshold work,climb-approach.zwo
7,GOOD ✓,4. THU: Climb Approach,gcn-zero-to-hero-plan,49.2,43.4,0.727,Threshold — 19min steady @ 101%,41.8,20.3,0.0,20.3,10.2,7.4,Z1,Sustained threshold work,week-7-testing-week-4-thu-climb-approach.zwo
7,GOOD ✓,TT#4 Training for the 1st 5 min,30-60-minutes-to-burn,49.0,29.0,0.596,Threshold — 12min steady @ 100%,36.7,30.6,8.2,0.0,24.5,0.0,Z1,Sustained threshold work,tt4-training-for-the-1st-5-min.zwo
7,GOOD ✓,VO2 Over/Unders,best-of-coop-academy,49.0,46.4,0.754,Threshold — 18min steady @ 105%,34.7,26.5,0.0,18.4,0.0,20.4,Z1,Sustained threshold work,za-2021-vo2-overunders.zwo
7,GOOD ✓,1. 10x1min MAP (Max Aerobic),gran-fondo,49.0,36.2,0.666,Anaerobic — 10×60s @ 117%,79.6,0.0,0.0,0.0,0.0,20.4,Z1,Anaerobic capacity / W' builder,week-5-1-10x1min-map-max-aerobic.zwo
7,GOOD ✓,Keyser Soze,human-power-performance,49.0,40.9,0.708,Threshold — 12min steady @ 96%,34.7,0.0,40.8,20.4,4.1,0.0,Z3,Sustained threshold work,classic-villains-keyser-soze.zwo
7,GOOD ✓,SZRGWO 06.0,mattias-thyr-unstructured-workouts,49.0,58.2,0.844,Threshold — 12min steady @ 97%,16.3,16.3,5.1,23.8,36.7,1.7,Z5,Sustained threshold work,szrgwo-060.zwo
7,GOOD ✓,02. Endurance Escalator,spring-training-2024,49.0,49.6,0.779,Anaerobic — 3×60s @ 110%,14.3,24.5,49.0,0.0,0.0,12.2,Z3,Anaerobic capacity / W' builder,longer-workouts-02-endurance-escalator.zwo
7,GOOD ✓,TT#4 Training for the 1st 5 min,timetrials-specific,49.0,29.0,0.596,Threshold — 12min steady @ 100%,36.7,30.6,8.2,0.0,24.5,0.0,Z1,Sustained threshold work,tt4-training-for-the-1st-5-min.zwo
7,GOOD ✓,1. VO2 Over/Unders,elite-selection-2021,49.0,46.4,0.754,Threshold — 18min steady @ 105%,34.7,26.5,0.0,18.4,0.0,20.4,Z1,Sustained threshold work,1-vo2-overunders.zwo
7,GOOD ✓,5. The Steady State,rising-stars-2023,49.0,31.7,0.623,Sweet Spot — 11min steady @ 90%,61.2,14.3,2.0,21.4,1.0,0.0,Z1,Sustained sub-threshold work,shorter-workouts-5-the-steady-state.zwo
7,GOOD ✓,Push the Pain Barrier,best-of-coop-academy,48.5,38.9,0.694,Anaerobic — 5×30s @ 125%,60.8,16.5,0.0,0.0,0.0,22.7,Z1,Anaerobic capacity / W' builder,za-2022-push-the-pain-barrier.zwo
7,GOOD ✓,The Volcano,best-of-coop-academy,48.5,47.8,0.769,Threshold — 24min steady @ 100%,35.1,16.5,6.2,20.6,2.1,19.6,Z1,Sustained threshold work,za-2022-the-volcano.zwo
7,GOOD ✓,3. The Volcano,elite-selection-2022,48.5,47.8,0.769,Threshold — 24min steady @ 100%,35.1,16.5,6.2,20.6,2.1,19.6,Z1,Sustained threshold work,3-the-volcano.zwo
7,GOOD ✓,6. Push the Pain Barrier,elite-selection-2022,48.5,38.9,0.694,Anaerobic — 5×30s @ 125%,60.8,16.5,0.0,0.0,0.0,22.7,Z1,Anaerobic capacity / W' builder,6-push-the-pain-barrier.zwo
7,GOOD ✓,WKG - W2W1,franklin-bespoke,48.3,44.0,0.739,Anaerobic — 10×20s @ 125%,0.0,63.4,16.6,4.1,0.0,15.9,Z2,Anaerobic capacity / W' builder,teamwkg-wkg-w2w1.zwo
7,GOOD ✓,1. Threshold Development,talent-pipeline-2019,48.2,47.0,0.765,Sweet Spot — 23min steady @ 93%,27.3,18.7,6.2,39.4,6.2,2.1,Z4,Sustained sub-threshold work,1-threshold-development.zwo
7,GOOD ✓,Day 3 - Cruise Intervals #1,2018-prl46-prep,48.0,44.5,0.746,Sweet Spot — 18min steady @ 95%,20.8,31.2,10.4,25.0,12.5,0.0,Z2,Sustained sub-threshold work,week-2-day-3-cruise-intervals-1.zwo
7,GOOD ✓,The van Baarle,30-60-minutes-to-burn,48.0,27.1,0.582,Sprint — 5×15s @ 150%,66.1,12.5,0.0,6.2,6.2,8.9,Z1,Neuromuscular power / sprint,the-van-baarle.zwo
7,GOOD ✓,Day 1 - Threshold,active-offseason,48.0,39.3,0.701,Threshold — 15min steady @ 97%,43.8,14.6,0.0,20.8,20.8,0.0,Z1,Sustained threshold work,week-7-day-1-threshold.zwo
7,GOOD ✓,Lactate Tolerance,best-of-coop-academy,48.0,46.8,0.765,Anaerobic — 4×30s @ 130%,31.2,29.2,0.0,25.0,0.0,14.6,Z1,Anaerobic capacity / W' builder,za-2021-lactate-tolerance.zwo
7,GOOD ✓,Stage 20,dig-deep-coaching-3-week-grand-tour,48.0,55.0,0.829,Threshold — 34min steady @ 97%,30.2,0.0,0.0,52.1,12.5,5.2,Z4,Sustained threshold work,stage-20.zwo
7,GOOD ✓,The van Baarle,ineos-grenadiers-virtual-training-camp,48.0,27.1,0.582,Sprint — 5×15s @ 150%,66.1,12.5,0.0,6.2,6.2,8.9,Z1,Neuromuscular power / sprint,the-van-baarle.zwo
7,GOOD ✓,3. VO2 Max - 4x4 (40/20),pebble-pounder,48.0,39.9,0.706,Anaerobic — 4×40s @ 115%,45.8,28.1,0.0,0.0,3.1,22.9,Z1,Anaerobic capacity / W' builder,week-5-3-vo2-max-4x4-4020.zwo
7,GOOD ✓,03. Cadence and Cruise,spring-training-2024,48.0,45.0,0.75,Sweet Spot — 10min steady @ 91%,16.7,25.0,18.8,39.6,0.0,0.0,Z4,Sustained sub-threshold work,longer-workouts-03-cadence-and-cruise.zwo
7,GOOD ✓,VO2 Max - 4x4 (40/20),vo2-max,48.0,39.9,0.706,Anaerobic — 4×40s @ 115%,45.8,28.1,0.0,0.0,3.1,22.9,Z1,Anaerobic capacity / W' builder,vo2-max-4x4-4020.zwo
7,GOOD ✓,3. Lactate Tolerance,elite-selection-2021,48.0,46.8,0.765,Anaerobic — 4×30s @ 130%,31.2,29.2,0.0,25.0,0.0,14.6,Z1,Anaerobic capacity / W' builder,3-lactate-tolerance.zwo
7,GOOD ✓,2. TUE: At/Over/Under,gcn-zero-to-hero-plan,47.8,55.5,0.834,Threshold — 27min steady @ 99%,22.6,20.9,0.0,18.8,18.8,18.8,Z1,Sustained threshold work,week-6-race-specific-intensity-2-tue-atoverunder.zwo
7,GOOD ✓,At/Over/Under,threshold,47.8,55.5,0.834,Threshold — 27min steady @ 99%,22.6,20.9,0.0,18.8,18.8,18.8,Z1,Sustained threshold work,atoverunder.zwo
7,GOOD ✓,Stage 8,dig-deep-coaching-3-week-grand-tour,47.7,47.1,0.77,Threshold — 25min steady @ 100%,47.2,0.0,14.7,16.8,10.5,10.8,Z1,Sustained threshold work,stage-8.zwo
7,GOOD ✓,The Rowe,daily-fit,47.5,27.6,0.59,Anaerobic — 3×60s @ 115%,65.3,12.6,2.1,2.1,0.0,17.9,Z1,Anaerobic capacity / W' builder,the-rowe.zwo
7,GOOD ✓,The Rowe,ineos-grenadiers-virtual-training-camp,47.5,27.6,0.59,Anaerobic — 3×60s @ 115%,65.3,12.6,2.1,2.1,0.0,17.9,Z1,Anaerobic capacity / W' builder,the-rowe.zwo
7,GOOD ✓,Run Hill Repeats with Stryd,karen-parnell-chilitri,47.5,115.5,1.208,VO2max — 18min steady @ 129%,0.0,0.0,0.0,0.0,0.0,100.0,Z6,Sustained supra-threshold work,running-run-hill-repeats-with-stryd.zwo
7,GOOD ✓,The Thomas,climbing,47.2,41.1,0.722,Threshold — 19min steady @ 100%,43.6,16.9,0.0,21.2,11.6,6.7,Z1,Sustained threshold work,the-thomas.zwo
7,GOOD ✓,The Thomas,ineos-grenadiers-virtual-training-camp,47.2,41.1,0.722,Threshold — 19min steady @ 100%,43.6,16.9,0.0,21.2,11.6,6.7,Z1,Sustained threshold work,the-thomas.zwo
7,GOOD ✓,2. Microbursts 10-20-30,back-to-fitness,47.0,40.2,0.716,Sprint — 8×10s @ 150%,58.5,12.8,4.3,4.3,0.0,20.2,Z1,Neuromuscular power / sprint,week-12-2-microbursts-10-20-30.zwo
7,GOOD ✓,#1 Find Your Rhythm,fitness-tune-up,47.0,44.7,0.755,Threshold — 24min steady @ 95%,28.7,21.3,0.0,34.0,12.8,3.2,Z4,Sustained threshold work,short-1-find-your-rhythm.zwo
7,GOOD ✓,SZRGWO 03.1,mattias-thyr-unstructured-workouts,47.0,59.0,0.868,Sweet Spot — 36min steady @ 94%,0.0,23.4,12.8,63.8,0.0,0.0,Z4,Sustained sub-threshold work,szrgwo-031.zwo
7,GOOD ✓,SZRGWO 03.3,mattias-thyr-unstructured-workouts,47.0,54.2,0.832,Sweet Spot — 36min steady @ 94%,23.4,0.0,12.8,63.8,0.0,0.0,Z4,Sustained sub-threshold work,szrgwo-033.zwo
7,GOOD ✓,EPOC,one-of-a-kind,47.0,47.0,0.775,Sprint — 12×6s @ 150%,10.6,62.9,17.7,0.0,0.0,8.8,Z2,Neuromuscular power / sprint,epoc.zwo
7,GOOD ✓,Microbursts 10-20-30,sprinting,47.0,40.2,0.716,Sprint — 8×10s @ 150%,58.5,12.8,4.3,4.3,0.0,20.2,Z1,Neuromuscular power / sprint,microbursts-10-20-30.zwo
7,GOOD ✓,#45-DPC Strength Reps - Set 2,zf18-direct-power-coaching-phase-4,47.0,35.1,0.669,VO2max — 12min steady @ 110%,74.5,0.0,0.0,0.0,0.0,25.5,Z1,Sustained supra-threshold work,week-2-45-dpc-strength-reps-set-2.zwo
7,GOOD ✓,"#114-DPC ""Sweetspot"" Session",zf18-direct-power-coaching-phase-9,47.0,38.2,0.698,Sweet Spot — 20min steady @ 94%,57.4,0.0,0.0,42.6,0.0,0.0,Z1,Sustained sub-threshold work,week-5-114-dpc-sweetspot-session.zwo
7,GOOD ✓,ODChickenCyclingers - VO2max 335,twelve-week-ftp-challenge,47.0,44.1,0.75,VO2max — 17min steady @ 117%,48.9,12.8,2.1,0.0,4.3,31.9,Z1,Sustained supra-threshold work,vo2-max-community-vo2max-335.zwo
7,GOOD ✓,Lama's Blunt Knife Session,gp-lama,46.7,39.8,0.715,VO2max — 16min steady @ 111%,65.0,0.0,0.0,0.0,27.9,7.1,Z1,Sustained supra-threshold work,lamas-blunt-knife-session.zwo
7,GOOD ✓,Stage 21,dig-deep-coaching-3-week-grand-tour,46.6,47.5,0.782,Threshold — 21min steady @ 102%,32.2,23.6,10.7,23.6,4.3,5.5,Z1,Sustained threshold work,stage-21.zwo
7,GOOD ✓,"Over, Under and Beyond",30-60-minutes-to-burn,46.5,46.2,0.772,Anaerobic — 3×40s @ 110%,20.4,32.3,0.0,25.8,4.3,17.2,Z2,Anaerobic capacity / W' builder,over-under-and-beyond.zwo
7,GOOD ✓,"#79-DPC ""I Hate Pav"" Intervals - Session 2",zf18-direct-power-coaching-phase-7,46.5,43.7,0.751,Sprint — 9×15s @ 175%,46.8,21.5,0.0,21.5,0.0,10.2,Z1,Neuromuscular power / sprint,week-2-79-dpc-i-hate-pav-intervals-session-2.zwo
7,GOOD ✓,"Over, Under and Beyond",spring-conditioning,46.5,46.2,0.772,Anaerobic — 3×40s @ 110%,20.4,32.3,0.0,25.8,4.3,17.2,Z2,Anaerobic capacity / W' builder,over-under-and-beyond.zwo
7,GOOD ✓,Stage 2,dig-deep-coaching-3-week-grand-tour,45.7,39.1,0.717,Threshold — 15min steady @ 105%,51.5,4.4,15.3,2.2,16.4,10.2,Z1,Sustained threshold work,stage-2.zwo
7,GOOD ✓,Stage 7,dig-deep-coaching-3-week-grand-tour,45.6,46.0,0.778,VO2max — 18min steady @ 108%,42.8,17.6,6.6,11.0,15.4,6.8,Z1,Sustained supra-threshold work,stage-7.zwo
7,GOOD ✓,INEOS Grenadiers: All Rounder,30-60-minutes-to-burn,45.5,39.9,0.725,Anaerobic — 8×20s @ 140%,38.1,41.8,1.1,0.0,1.1,17.9,Z2,Anaerobic capacity / W' builder,ineos-grenadiers-all-rounder.zwo
7,GOOD ✓,Climb Time,fitness-jumpstart,45.5,47.2,0.789,VO2max — 16min steady @ 111%,38.8,13.6,11.4,9.2,0.0,27.1,Z1,Sustained supra-threshold work,climb-time.zwo
7,GOOD ✓,#2 Surge and Settle,fitness-tune-up,45.5,44.6,0.767,Sweet Spot — 25min steady @ 94%,31.7,13.2,0.0,41.8,6.6,6.8,Z4,Sustained sub-threshold work,short-2-surge-and-settle.zwo
7,GOOD ✓,SZRGWO 11.0,mattias-thyr-unstructured-workouts,45.5,58.6,0.879,Sprint — 4×30s @ 175%,17.6,14.3,16.5,30.8,13.2,7.7,Z4,Neuromuscular power / sprint,szrgwo-110.zwo
7,GOOD ✓,INEOS Grenadiers: All Rounder,pro-training-camp-ineos-grenadiers,45.5,39.9,0.725,Anaerobic — 8×20s @ 140%,38.1,41.8,1.1,0.0,1.1,17.9,Z2,Anaerobic capacity / W' builder,ineos-grenadiers-all-rounder.zwo
7,GOOD ✓,10. HIIT It Don't Quit It!,fitness-jumpstart,45.2,43.8,0.762,Anaerobic — 5×30s @ 115%,42.5,13.8,4.4,4.4,0.0,34.8,Z1,Anaerobic capacity / W' builder,10-hiit-it-dont-quit-it.zwo
7,GOOD ✓,15. Mix It Up,fitness-jumpstart,45.1,44.1,0.766,Sprint — 4×25s @ 150%,38.8,7.8,21.1,17.7,0.0,14.6,Z1,Neuromuscular power / sprint,15-mix-it-up.zwo
7,GOOD ✓,Chili Tri Spicy 45,tri247com-pro-workouts,45.1,55.4,0.858,Threshold — 23min steady @ 103%,18.8,4.8,24.8,25.2,0.0,26.4,Z6,Sustained threshold work,chili-tri-spicy-45.zwo
7,GOOD ✓,Day 5 - 15min Varied Tempo,2018-prl46-prep,45.0,40.5,0.735,Sprint — 4×10s @ 181%,14.1,40.0,0.0,44.4,0.0,1.5,Z4,Neuromuscular power / sprint,week-1-day-5-15min-varied-tempo.zwo
7,GOOD ✓,Day 6 - 15min Varied Tempo,2018-prl46-prep,45.0,40.5,0.735,Sprint — 4×10s @ 181%,14.1,40.0,0.0,44.4,0.0,1.5,Z4,Neuromuscular power / sprint,week-2-day-6-15min-varied-tempo.zwo
7,GOOD ✓,Short Sweet Spot Tune Up,30-60-minutes-to-burn,45.0,34.2,0.675,Sweet Spot — 13min steady @ 91%,41.1,28.9,10.0,18.9,1.1,0.0,Z1,Sustained sub-threshold work,short-sweet-spot-tune-up.zwo
7,GOOD ✓,1. Strength + Power,back-to-fitness,45.0,46.2,0.785,Anaerobic — 3×30s @ 110%,16.7,22.2,31.1,4.4,17.8,7.8,Z3,Anaerobic capacity / W' builder,week-11-1-strength-plus-power.zwo
7,GOOD ✓,1. Power + Endurance,back-to-fitness,45.0,40.3,0.733,Sprint — 4×30s @ 151%,31.1,42.2,8.9,6.7,0.0,11.1,Z2,Neuromuscular power / sprint,week-12-1-power-plus-endurance.zwo
7,GOOD ✓,Hill Attacks,climbing,45.0,37.8,0.71,VO2max — 12min steady @ 122%,68.9,2.2,11.1,0.0,0.0,17.8,Z1,Sustained supra-threshold work,hill-attacks.zwo
7,GOOD ✓,Strength + Power,climbing,45.0,46.2,0.785,Anaerobic — 3×30s @ 110%,16.7,22.2,31.1,4.4,17.8,7.8,Z3,Anaerobic capacity / W' builder,strength-plus-power.zwo
7,GOOD ✓,1. Seated Accelerations (RPM) - Strength Reps - Set 1,cycleops-tt-challenge,45.0,24.1,0.567,Sprint — 6×30s @ 200%,93.3,0.0,0.0,0.0,0.0,6.7,Z1,Neuromuscular power / sprint,1-seated-accelerations-rpm-strength-reps-set-1.zwo
7,GOOD ✓,Power + Endurance,daily-fit,45.0,40.3,0.733,Sprint — 4×30s @ 151%,31.1,42.2,8.9,6.7,0.0,11.1,Z2,Neuromuscular power / sprint,power-plus-endurance.zwo
7,GOOD ✓,VO2max 2,federico-bassis,45.0,31.9,0.652,Anaerobic — 4×30s @ 110%,60.0,22.2,0.0,0.0,0.0,17.8,Z1,Anaerobic capacity / W' builder,vo2max-2.zwo
7,GOOD ✓,02. Get In the Zone,fitness-jumpstart,45.0,42.0,0.748,Sweet Spot — 16min steady @ 91%,13.3,51.1,20.0,11.1,4.4,0.0,Z2,Sustained sub-threshold work,02-get-in-the-zone.zwo
7,GOOD ✓,04. 30-20-10-GO!,fitness-jumpstart,45.0,44.9,0.774,Threshold — 14min steady @ 99%,24.4,11.1,32.2,23.0,0.0,9.3,Z3,Sustained threshold work,04-30-20-10-go.zwo
7,GOOD ✓,07. Hustle and Flow,fitness-jumpstart,45.0,48.2,0.802,Threshold — 21min steady @ 99%,28.9,4.4,22.2,18.9,13.3,12.2,Z1,Sustained threshold work,07-hustle-and-flow.zwo
7,GOOD ✓,08. Build and Release,fitness-jumpstart,45.0,46.8,0.79,Anaerobic — 3×10s @ 110%,14.4,42.2,15.6,2.2,13.3,12.2,Z2,Anaerobic capacity / W' builder,08-build-and-release.zwo
7,GOOD ✓,Short Sweet Spot Tune Up,gravel-grinder,45.0,34.2,0.675,Sweet Spot — 13min steady @ 91%,41.1,28.9,10.0,18.9,1.1,0.0,Z1,Sustained sub-threshold work,week-12-short-sweet-spot-tune-up.zwo
7,GOOD ✓,SZRGWO 10.0,mattias-thyr-unstructured-workouts,45.0,61.4,0.905,VO2max — 12min steady @ 116%,13.3,0.0,22.2,36.7,22.2,5.6,Z4,Sustained supra-threshold work,szrgwo-100.zwo
7,GOOD ✓,1. SST Over / Under 2,pebble-pounder,45.0,49.3,0.811,Sweet Spot — 30min steady @ 92%,15.6,14.4,0.0,66.7,3.3,0.0,Z4,Sustained sub-threshold work,week-5-1-sst-over-under-2.zwo
7,GOOD ✓,Elia Viviani: Sprinter,pro-training-camp-ineos-grenadiers,45.0,32.7,0.66,Anaerobic — 3×15s @ 140%,61.1,24.4,0.0,0.0,0.0,14.4,Z1,Anaerobic capacity / W' builder,elia-viviani-sprinter.zwo
7,GOOD ✓,05. Endurance Ascent,spring-training-2024,45.0,46.6,0.788,Sweet Spot — 20min steady @ 87%,6.7,26.7,44.4,22.2,0.0,0.0,Z3,Sustained sub-threshold work,longer-workouts-05-endurance-ascent.zwo
7,GOOD ✓,Elia Viviani: Sprinter,sprinting,45.0,32.7,0.66,Anaerobic — 3×15s @ 140%,61.1,24.4,0.0,0.0,0.0,14.4,Z1,Anaerobic capacity / W' builder,elia-viviani-sprinter.zwo
7,GOOD ✓,"#02-DPC Early Season - ""Sweetspot"" Session 1",zf18-direct-power-coaching-phase-1,45.0,31.9,0.652,Sweet Spot — 16min steady @ 90%,64.4,0.0,0.0,35.6,0.0,0.0,Z1,Sustained sub-threshold work,week-1-02-dpc-early-season-sweetspot-session-1.zwo
7,GOOD ✓,#103-DPC 2x 10' FTP Z2,zf18-direct-power-coaching-phase-9,45.0,45.4,0.778,Threshold — 20min steady @ 100%,33.3,22.2,0.0,0.0,44.4,0.0,Z5,Sustained threshold work,week-2-103-dpc-2x-10-ftp-z2.zwo
7,GOOD ✓,#106-DPC O/U Ouchervals,zf18-direct-power-coaching-phase-9,45.0,35.4,0.687,Sprint — 4×15s @ 200%,66.7,0.0,4.4,8.9,13.3,6.7,Z1,Neuromuscular power / sprint,week-3-106-dpc-ou-ouchervals.zwo
7,GOOD ✓,2. Phosphate Sprints,talent-pipeline-2019,45.0,34.4,0.677,Sprint — 5×10s @ 200%,65.2,13.3,6.7,11.1,0.0,3.7,Z1,Neuromuscular power / sprint,semifinals-2-phosphate-sprints.zwo
7,GOOD ✓,6. All Out Burn,rising-stars-2023,45.0,37.4,0.706,Threshold — 14min steady @ 100%,55.6,8.9,4.4,13.3,7.8,10.0,Z1,Sustained threshold work,shorter-workouts-6-all-out-burn.zwo
7,GOOD ✓,Carlos Verona: Climber,climbing,44.7,38.1,0.715,Anaerobic — 4×40s @ 115%,47.8,20.1,0.0,0.0,0.0,32.1,Z1,Anaerobic capacity / W' builder,carlos-verona-climber.zwo
7,GOOD ✓,Carlos Verona: Climber,pro-training-camp-movistar,44.7,38.1,0.715,Anaerobic — 4×40s @ 115%,47.8,20.1,0.0,0.0,0.0,32.1,Z1,Anaerobic capacity / W' builder,carlos-verona-climber.zwo
7,GOOD ✓,Tanja Erath - FTP Booster,threshold,44.5,42.4,0.756,Threshold — 16min steady @ 98%,27.0,18.0,27.0,1.1,20.2,6.7,Z1,Sustained threshold work,tanja-erath-ftp-booster-.zwo
7,GOOD ✓,Tanja Erath - FTP Booster,voxwomen-tour-2021,44.5,42.4,0.756,Threshold — 16min steady @ 98%,27.0,18.0,27.0,1.1,20.2,6.7,Z1,Sustained threshold work,tanja-erath-ftp-booster.zwo
7,GOOD ✓,Day 1 - Cadence Into Over-Unders,active-offseason,44.0,35.7,0.698,Anaerobic — 6×30s @ 115%,34.1,45.5,0.0,13.6,0.0,6.8,Z2,Anaerobic capacity / W' builder,week-2-day-1-cadence-into-over-unders.zwo
7,GOOD ✓,Day 2 - Cadence Into Over-Unders,active-offseason,44.0,35.7,0.698,Anaerobic — 6×30s @ 115%,34.1,45.5,0.0,13.6,0.0,6.8,Z2,Anaerobic capacity / W' builder,week-7-day-2-cadence-into-over-unders.zwo
7,GOOD ✓,2. TUE: Time Trial Ramp,gcn-zero-to-hero-plan,44.0,41.1,0.749,Threshold — 20min steady @ 100%,31.4,22.7,0.0,18.2,22.7,4.9,Z1,Sustained threshold work,week-2-2-tue-time-trial-ramp.zwo
7,GOOD ✓,SZRGWO 07.2,mattias-thyr-unstructured-workouts,44.0,51.9,0.841,Threshold — 30min steady @ 97%,25.0,0.0,6.8,22.7,45.5,0.0,Z5,Sustained threshold work,szrgwo-072.zwo
7,GOOD ✓,Lauren Kitchen - HIT Intervals,sprinting,44.0,34.6,0.687,Anaerobic — 10×30s @ 120%,40.9,34.1,0.0,0.0,0.0,25.0,Z1,Anaerobic capacity / W' builder,lauren-kitchen-hit-intervals.zwo
7,GOOD ✓,Time Trial Ramp,threshold,44.0,41.1,0.749,Threshold — 20min steady @ 100%,31.4,22.7,0.0,18.2,22.7,4.9,Z1,Sustained threshold work,time-trial-ramp.zwo
7,GOOD ✓,Lauren Kitchen - HIT Intervals,voxwomen-tour-2021,44.0,34.6,0.687,Anaerobic — 10×30s @ 120%,40.9,34.1,0.0,0.0,0.0,25.0,Z1,Anaerobic capacity / W' builder,lauren-kitchen-hit-intervals.zwo
7,GOOD ✓,Stage 13,dig-deep-coaching-3-week-grand-tour,43.6,43.0,0.769,Threshold — 18min steady @ 104%,36.7,22.9,18.4,11.5,2.3,8.2,Z1,Sustained threshold work,stage-13.zwo
7,GOOD ✓,Ivan Garcia Cortina: Sprinter,pro-training-camp-movistar,43.3,38.1,0.726,Threshold — 13min steady @ 106%,25.4,43.8,0.0,0.0,23.1,7.7,Z2,Sustained threshold work,ivan-garcia-cortina-sprinter.zwo
7,GOOD ✓,Ivan Garcia Cortina: Sprinter,sprinting,43.3,38.1,0.726,Threshold — 13min steady @ 106%,25.4,43.8,0.0,0.0,23.1,7.7,Z2,Sustained threshold work,ivan-garcia-cortina-sprinter.zwo
7,GOOD ✓,1. Strength Endurance + REV for :15 seconds,back-to-fitness,43.0,36.6,0.715,Sweet Spot — 21min steady @ 86%,38.4,12.8,46.5,0.0,2.3,0.0,Z3,Sustained sub-threshold work,week-9-1-strength-endurance-plus-rev-for-15-seconds.zwo
7,GOOD ✓,Stage 18,dig-deep-coaching-3-week-grand-tour,43.0,41.5,0.761,Threshold — 18min steady @ 104%,50.0,0.0,9.3,9.3,16.3,15.1,Z1,Sustained threshold work,stage-18.zwo
7,GOOD ✓,HAL 9000,human-power-performance,43.0,36.3,0.712,Threshold — 10min steady @ 104%,39.5,23.3,14.0,0.0,20.9,2.3,Z1,Sustained threshold work,classic-villains-hal-9000.zwo
7,GOOD ✓,SZRGWO 01.0,mattias-thyr-unstructured-workouts,43.0,43.2,0.776,Sweet Spot — 26min steady @ 91%,4.7,34.9,23.3,25.6,11.6,0.0,Z2,Sustained sub-threshold work,szrgwo-010.zwo
7,GOOD ✓,SZRGWO 01.2,mattias-thyr-unstructured-workouts,43.0,46.8,0.808,Sweet Spot — 28min steady @ 93%,4.7,30.2,23.3,37.2,0.0,4.7,Z4,Sustained sub-threshold work,szrgwo-012.zwo
7,GOOD ✓,Strength Endurance + REV for :15 seconds,sweet-spot,43.0,36.6,0.715,Sweet Spot — 21min steady @ 86%,38.4,12.8,46.5,0.0,2.3,0.0,Z3,Sustained sub-threshold work,strength-endurance-plus-rev-for-15-seconds.zwo
7,GOOD ✓,Lionel Sanders' Green Day Workout,vo2-max,43.0,42.7,0.772,VO2max — 18min steady @ 115%,58.1,0.0,0.0,0.0,0.0,41.9,Z1,Sustained supra-threshold work,lionel-sanders-green-day-workout.zwo
7,GOOD ✓,Lionel Sanders' Green Day Bike Workout,whoop-workout-series,43.0,42.7,0.772,VO2max — 18min steady @ 115%,58.1,0.0,0.0,0.0,0.0,41.9,Z1,Sustained supra-threshold work,green-day-lionel-sanders-green-day-bike-workout.zwo
7,GOOD ✓,#58-DPC Strength Reps - Set 3,zf18-direct-power-coaching-phase-5,43.0,41.7,0.763,VO2max — 18min steady @ 110%,58.1,0.0,0.0,0.0,0.0,41.9,Z1,Sustained supra-threshold work,week-3-58-dpc-strength-reps-set-3.zwo
7,GOOD ✓,Day 3 - Pre-Race Day Spin,crit-crusher,42.5,28.5,0.634,Anaerobic — 3×30s @ 125%,61.2,11.8,11.8,11.8,0.0,3.5,Z1,Anaerobic capacity / W' builder,week-8-day-3-pre-race-day-spin.zwo
7,GOOD ✓,#48-DPC Strength Reps - Set 3,zf18-direct-power-coaching-phase-4,42.5,37.3,0.726,VO2max — 15min steady @ 110%,64.7,0.0,0.0,0.0,0.0,35.3,Z1,Sustained supra-threshold work,week-3-48-dpc-strength-reps-set-3.zwo
7,GOOD ✓,#55-DPC Strength Reps - Set 2,zf18-direct-power-coaching-phase-5,42.5,37.3,0.726,VO2max — 15min steady @ 110%,64.7,0.0,0.0,0.0,0.0,35.3,Z1,Sustained supra-threshold work,week-2-55-dpc-strength-reps-set-2.zwo
7,GOOD ✓,1. Fitness Builder,back-to-fitness,42.0,38.2,0.739,Threshold — 14min steady @ 99%,45.2,15.5,3.6,3.6,14.3,17.9,Z1,Sustained threshold work,week-7-1-fitness-builder.zwo
7,GOOD ✓,Fitness Builder,daily-fit,42.0,38.2,0.739,Threshold — 14min steady @ 99%,45.2,15.5,3.6,3.6,14.3,17.9,Z1,Sustained threshold work,fitness-builder.zwo
7,GOOD ✓,5. 130% of FTP Hangers,dirt-destroyer,42.0,27.2,0.623,VO2max — 10min steady @ 130%,76.2,0.0,0.0,0.0,0.0,23.8,Z1,Sustained supra-threshold work,week-6-5-130-of-ftp-hangers.zwo
7,GOOD ✓,Michael Matthews: Sprinter,pro-training-camp-team-bikeexchange-jayco,42.0,30.7,0.662,Sprint — 6×15s @ 150%,65.5,11.9,11.9,0.0,0.0,10.7,Z1,Neuromuscular power / sprint,michael-matthews-sprinter.zwo
7,GOOD ✓,Michael Matthews: Sprinter,sprinting,42.0,30.7,0.662,Sprint — 6×15s @ 150%,65.5,11.9,11.9,0.0,0.0,10.7,Z1,Neuromuscular power / sprint,michael-matthews-sprinter.zwo
7,GOOD ✓,130% of FTP Hangers,vo2-max,42.0,27.2,0.623,VO2max — 10min steady @ 130%,76.2,0.0,0.0,0.0,0.0,23.8,Z1,Sustained supra-threshold work,130-of-ftp-hangers.zwo
7,GOOD ✓,#52-DPC Strength Reps - Set 1,zf18-direct-power-coaching-phase-5,42.0,33.2,0.689,VO2max — 12min steady @ 110%,71.4,0.0,0.0,0.0,0.0,28.6,Z1,Sustained supra-threshold work,week-1-52-dpc-strength-reps-set-1.zwo
7,GOOD ✓,Fun is Staying Cool,fun-is-fast-2021,41.3,43.3,0.793,Anaerobic — 5×60s @ 118%,31.5,20.2,0.0,24.2,0.0,24.2,Z1,Anaerobic capacity / W' builder,fun-is-staying-cool.zwo
7,GOOD ✓,Fun is Staying Cool,threshold,41.3,43.3,0.793,Anaerobic — 5×60s @ 118%,31.5,20.2,0.0,24.2,0.0,24.2,Z1,Anaerobic capacity / W' builder,fun-is-staying-cool.zwo
7,GOOD ✓,20-40's,30-60-minutes-to-burn,41.0,31.7,0.681,Sprint — 5×20s @ 160%,71.5,12.2,0.0,0.0,0.0,16.3,Z1,Neuromuscular power / sprint,20-40s.zwo
7,GOOD ✓,2. 20-40's,back-to-fitness,41.0,31.7,0.681,Sprint — 5×20s @ 160%,71.5,12.2,0.0,0.0,0.0,16.3,Z1,Neuromuscular power / sprint,week-4-2-20-40s.zwo
7,GOOD ✓,Cruise Control,climbing,41.0,45.7,0.818,Sweet Spot — 30min steady @ 94%,19.5,7.3,29.3,29.3,0.0,14.6,Z3,Sustained sub-threshold work,cruise-control.zwo
7,GOOD ✓,Cruise Control,le-col-training-with-legends,41.0,45.7,0.818,Sweet Spot — 30min steady @ 94%,19.5,7.3,29.3,29.3,0.0,14.6,Z3,Sustained sub-threshold work,fabian-cancellara-cruise-control.zwo
7,GOOD ✓,"#107-DPC Minute Intervals into ""Sweetspot""",zf18-direct-power-coaching-phase-9,41.0,32.3,0.688,Sprint — 4×30s @ 150%,70.7,0.0,0.0,24.4,0.0,4.9,Z1,Neuromuscular power / sprint,week-3-107-dpc-minute-intervals-into-sweetspot.zwo
7,GOOD ✓,14. Through Highs and Lows,fitness-jumpstart,40.8,42.4,0.79,Anaerobic — 7×15s @ 141%,61.3,4.9,2.5,2.5,0.0,28.8,Z1,Anaerobic capacity / W' builder,14-through-highs-and-lows.zwo
7,GOOD ✓,1. Red Zone Repeats,training-camp-foundation,40.5,22.5,0.577,Sprint — 5×10s @ 150%,73.3,24.7,0.0,0.0,0.0,2.1,Z1,Neuromuscular power / sprint,2025-1-red-zone-repeats.zwo
7,GOOD ✓,13. ABC Easy as 1-2-3,baby-on-board,40.0,30.3,0.674,Sweet Spot — 10min steady @ 95%,54.4,8.1,12.5,12.5,12.5,0.0,Z1,Sustained sub-threshold work,13-abc-easy-as-1-2-3.zwo
7,GOOD ✓,06. Tabata Time,fitness-jumpstart,40.0,41.6,0.79,Anaerobic — 6×10s @ 110%,50.8,10.0,5.0,5.0,0.0,29.2,Z1,Anaerobic capacity / W' builder,06-tabata-time.zwo
7,GOOD ✓,09. Stayin' Alive,fitness-jumpstart,40.0,42.6,0.799,Anaerobic — 4×15s @ 125%,35.0,7.5,3.8,26.2,0.0,27.5,Z1,Anaerobic capacity / W' builder,09-stayin-alive.zwo
7,GOOD ✓,11. What Goes Up Must Come Down,fitness-jumpstart,40.0,42.7,0.8,Threshold — 20min steady @ 106%,43.8,5.0,2.5,17.5,10.0,21.2,Z1,Sustained threshold work,11-what-goes-up-must-come-down.zwo
7,GOOD ✓,13. Give and Take,fitness-jumpstart,40.0,44.8,0.82,Threshold — 18min steady @ 101%,36.2,5.0,12.5,7.5,15.0,23.8,Z1,Sustained threshold work,13-give-and-take.zwo
7,GOOD ✓,Rowing #6 TT,karen-parnell-chilitri,40.0,44.7,0.819,Sweet Spot — 30min steady @ 90%,0.0,25.0,0.0,75.0,0.0,0.0,Z4,Sustained sub-threshold work,rowing-rowing-6-tt.zwo
7,GOOD ✓,1. SST Over Under,pebble-pounder,40.0,42.8,0.801,Sweet Spot — 28min steady @ 91%,17.5,12.5,3.8,65.0,1.2,0.0,Z4,Sustained sub-threshold work,week-4-1-sst-over-under.zwo
7,GOOD ✓,#90-DPC 10' FTP,zf18-direct-power-coaching-phase-8,40.0,31.6,0.688,Threshold — 15min steady @ 100%,62.5,0.0,0.0,0.0,37.5,0.0,Z1,Sustained threshold work,week-1-90-dpc-10-ftp.zwo
7,GOOD ✓,#91-DPC 2x 5' FTP / Zone 2,zf18-direct-power-coaching-phase-8,40.0,31.6,0.688,Threshold — 10min steady @ 100%,50.0,25.0,0.0,0.0,25.0,0.0,Z1,Sustained threshold work,week-2-91-dpc-2x-5-ftp-zone-2.zwo
7,GOOD ✓,#93-DPC 10' FTP,zf18-direct-power-coaching-phase-8,40.0,37.5,0.75,Threshold — 20min steady @ 100%,50.0,0.0,0.0,0.0,50.0,0.0,Z1,Sustained threshold work,week-2-93-dpc-10-ftp.zwo
7,GOOD ✓,#96-DPC 5' FTP+,zf18-direct-power-coaching-phase-8,40.0,33.2,0.706,Threshold — 15min steady @ 105%,62.5,0.0,0.0,0.0,37.5,0.0,Z1,Sustained threshold work,week-3-96-dpc-5-ftp-plus.zwo
7,GOOD ✓,#102-DPC 2x 10' FTP (5 Min Recovery),zf18-direct-power-coaching-phase-9,40.0,37.5,0.75,Threshold — 20min steady @ 100%,50.0,0.0,0.0,0.0,50.0,0.0,Z1,Sustained threshold work,week-1-102-dpc-2x-10-ftp-5-min-recovery.zwo
7,GOOD ✓,"#112-DPC Minute Intervals into ""Sweetspot""",zf18-direct-power-coaching-phase-9,40.0,32.1,0.694,Threshold — 13min steady @ 99%,42.5,25.0,0.0,25.0,0.0,7.5,Z1,Sustained threshold work,week-5-112-dpc-minute-intervals-into-sweetspot.zwo
7,GOOD ✓,#113-DPC 30' FTP,zf18-direct-power-coaching-phase-9,40.0,36.3,0.738,Threshold — 20min steady @ 98%,50.0,0.0,0.0,25.0,25.0,0.0,Z1,Sustained threshold work,week-5-113-dpc-30-ftp.zwo
7,GOOD ✓,1. Aerobic Conditioning,elite-selection-2022,40.0,37.2,0.747,Sweet Spot — 20min steady @ 92%,30.0,20.0,0.0,40.0,10.0,0.0,Z4,Sustained sub-threshold work,short-workouts-1-aerobic-conditioning.zwo
7,GOOD ✓,Aerobic Rev Up,spring-conditioning,40.0,35.7,0.732,Sweet Spot — 12min steady @ 91%,30.0,20.0,35.0,5.0,10.0,0.0,Z3,Sustained sub-threshold work,aerobic-rev-up.zwo
7,GOOD ✓,Crit City Downtown Dolphin,daily-fit,39.8,40.4,0.78,VO2max — 16min steady @ 112%,35.1,23.0,0.0,8.4,8.4,25.1,Z1,Sustained supra-threshold work,crit-city-downtown-dolphin.zwo
7,GOOD ✓,5. Crit City Downtown Dolphin,z-racing,39.8,40.4,0.78,VO2max — 16min steady @ 112%,35.1,23.0,0.0,8.4,8.4,25.1,Z1,Sustained supra-threshold work,week-4-5-crit-city-downtown-dolphin.zwo
7,GOOD ✓,5. Crit City Downtown Dolphin,competitive-race-prep,39.8,40.4,0.78,VO2max — 16min steady @ 112%,35.1,23.0,0.0,8.4,8.4,25.1,Z1,Sustained supra-threshold work,week-4-5-crit-city-downtown-dolphin.zwo
7,GOOD ✓,Sarah Storey - Individual Pursuit,athlete-inspired,39.5,34.2,0.721,Sprint — 3×15s @ 150%,45.6,24.1,0.0,0.6,23.4,6.3,Z1,Neuromuscular power / sprint,sarah-storey-individual-pursuit.zwo
7,GOOD ✓,Sarah Storey - Individual Pursuit,daily-fit,39.5,34.2,0.721,Sprint — 3×15s @ 150%,45.6,24.1,0.0,0.6,23.4,6.3,Z1,Neuromuscular power / sprint,sarah-storey-individual-pursuit.zwo
7,GOOD ✓,01. Let's Get Moving,fitness-jumpstart,39.5,39.1,0.771,Sweet Spot — 18min steady @ 92%,10.1,39.2,7.6,31.6,11.4,0.0,Z2,Sustained sub-threshold work,01-lets-get-moving.zwo
7,GOOD ✓,Sir Chris Hoy - Keirin,athlete-inspired,39.4,31.4,0.691,Anaerobic — 3×15s @ 130%,53.1,18.4,7.6,7.6,0.0,13.3,Z1,Anaerobic capacity / W' builder,sir-chris-hoy-keirin.zwo
7,GOOD ✓,Sir Chris Hoy - Keirin,daily-fit,39.4,31.4,0.691,Anaerobic — 3×15s @ 130%,53.1,18.4,7.6,7.6,0.0,13.3,Z1,Anaerobic capacity / W' builder,sir-chris-hoy-keirin.zwo
7,GOOD ✓,Jesse Allen: Domestique,climbing,39.0,35.8,0.742,Anaerobic — 5×20s @ 110%,35.9,12.8,12.8,25.6,0.0,12.8,Z1,Anaerobic capacity / W' builder,jesse-allen-domestique.zwo
7,GOOD ✓,Men's Team Workout,daily-fit,39.0,30.1,0.681,Anaerobic — 5×30s @ 115%,38.5,38.5,2.6,0.0,14.1,6.4,Z1,Anaerobic capacity / W' builder,mens-team-workout.zwo
7,GOOD ✓,Day 1 - Cadence Crusher,hunters-challenge,39.0,37.7,0.762,Threshold — 12min steady @ 102%,0.0,67.9,0.0,21.8,3.8,6.4,Z2,Sustained threshold work,week-1-day-1-cadence-crusher.zwo
7,GOOD ✓,Men's Team Workout,pro-training-camp-movistar,39.0,30.1,0.681,Anaerobic — 5×30s @ 115%,38.5,38.5,2.6,0.0,14.1,6.4,Z1,Anaerobic capacity / W' builder,mens-team-workout.zwo
7,GOOD ✓,Jesse Allen: Domestique,pro-training-camp-team-bikeexchange-jayco,39.0,35.8,0.742,Anaerobic — 5×20s @ 110%,35.9,12.8,12.8,25.6,0.0,12.8,Z1,Anaerobic capacity / W' builder,jesse-allen-domestique.zwo
7,GOOD ✓,4. Surge Protector [Lite],training-camp-progression,39.0,38.0,0.765,Sweet Spot — 21min steady @ 94%,15.4,30.8,28.2,14.1,0.0,11.5,Z2,Sustained sub-threshold work,short-4-surge-protector-lite.zwo
7,GOOD ✓,Nelson Vails - Sprint,athlete-inspired,38.5,24.8,0.622,Sprint — 3×15s @ 150%,55.8,32.5,0.0,8.4,0.6,2.6,Z1,Neuromuscular power / sprint,nelson-vails-sprint.zwo
7,GOOD ✓,Nelson Vails - Sprint,sprinting,38.5,24.8,0.622,Sprint — 3×15s @ 150%,55.8,32.5,0.0,8.4,0.6,2.6,Z1,Neuromuscular power / sprint,nelson-vails-sprint.zwo
7,GOOD ✓,Paceline Work,30-60-minutes-to-burn,38.0,34.0,0.733,Sweet Spot — 10min steady @ 95%,21.1,43.4,0.0,26.3,3.9,5.3,Z2,Sustained sub-threshold work,paceline-work.zwo
7,GOOD ✓,2. Paceline Work,pebble-pounder,38.0,34.0,0.733,Sweet Spot — 10min steady @ 95%,21.1,43.4,0.0,26.3,3.9,5.3,Z2,Sustained sub-threshold work,week-3-2-paceline-work.zwo
7,GOOD ✓,"#76-DPC ""I Hate Pav"" Intervals - Session 1",zf18-direct-power-coaching-phase-7,38.0,31.7,0.708,Sprint — 8×15s @ 175%,50.0,26.3,0.0,13.2,0.0,10.5,Z1,Neuromuscular power / sprint,week-1-76-dpc-i-hate-pav-intervals-session-1.zwo
7,GOOD ✓,4. Fast Twitch HIIT,rising-stars-2023,37.3,35.5,0.755,Anaerobic — 5×30s @ 133%,13.4,56.7,5.4,2.7,0.0,21.9,Z2,Anaerobic capacity / W' builder,shorter-workouts-4-fast-twitch-hiit.zwo
7,GOOD ✓,2. Halvfems Lite,build-me-up-lite,37.0,33.4,0.736,Sweet Spot — 10min steady @ 90%,41.9,0.0,0.0,55.4,1.4,1.4,Z4,Sustained sub-threshold work,week-2-2-halvfems-lite.zwo
7,GOOD ✓,3. Cadence in Control [Lite],training-camp-progression,36.0,31.3,0.722,Sweet Spot — 18min steady @ 87%,11.1,38.9,33.3,16.7,0.0,0.0,Z2,Sustained sub-threshold work,short-3-cadence-in-control-lite.zwo
7,GOOD ✓,Up And Over,le-col-training-with-legends,35.5,40.1,0.823,Threshold — 20min steady @ 106%,43.7,0.0,0.0,0.0,42.3,14.1,Z1,Sustained threshold work,dame-sarah-storey-up-and-over.zwo
7,GOOD ✓,Up And Over,vo2-max,35.5,40.1,0.823,Threshold — 20min steady @ 106%,43.7,0.0,0.0,0.0,42.3,14.1,Z1,Sustained threshold work,up-and-over.zwo
7,GOOD ✓,Half Hour of Power,30-60-minutes-to-burn,35.0,32.7,0.749,VO2max — 12min steady @ 119%,60.5,4.3,1.4,1.4,0.0,32.4,Z1,Sustained supra-threshold work,half-hour-of-power.zwo
7,GOOD ✓,6. Push the Pain Barrier,elite-selection-2022,34.8,25.8,0.667,Anaerobic — 5×30s @ 125%,58.3,23.0,0.0,0.0,0.0,18.7,Z1,Anaerobic capacity / W' builder,short-workouts-6-push-the-pain-barrier.zwo
7,GOOD ✓,Attack the Bunch [Lite],training-camp-foundation,34.0,28.3,0.707,VO2max — 10min steady @ 120%,70.6,0.0,0.0,0.0,10.3,19.1,Z1,Sustained supra-threshold work,2.-attacking-attack-the-bunch-lite.zwo
7,GOOD ✓,3. The Volcano,elite-selection-2022,33.5,30.6,0.74,Threshold — 14min steady @ 99%,32.8,23.9,9.0,16.4,3.0,14.9,Z1,Sustained threshold work,short-workouts-3-the-volcano.zwo
7,GOOD ✓,Mariana Pajon - Force Development,athlete-inspired,33.0,27.0,0.701,Sweet Spot — 15min steady @ 85%,21.2,33.3,45.5,0.0,0.0,0.0,Z3,Sustained sub-threshold work,mariana-pajon-force-development.zwo
7,GOOD ✓,Mariana Pajon - Force Development,climbing,33.0,27.0,0.701,Sweet Spot — 15min steady @ 85%,21.2,33.3,45.5,0.0,0.0,0.0,Z3,Sustained sub-threshold work,mariana-pajon-force-development.zwo
7,GOOD ✓,5. Climb On [Lite],training-camp-progression,32.8,31.4,0.758,Sweet Spot — 20min steady @ 87%,6.1,33.6,44.3,16.0,0.0,0.0,Z3,Sustained sub-threshold work,short-5-climb-on-lite.zwo
7,GOOD ✓,2. The Endurance Groove [Lite],training-camp-progression,32.5,32.8,0.778,Sweet Spot — 20min steady @ 90%,7.7,30.8,15.4,30.8,15.4,0.0,Z2,Sustained sub-threshold work,short-2-the-endurance-groove-lite.zwo
7,GOOD ✓,Devedeset Lite,30-60-minutes-to-burn,32.0,27.7,0.721,Sweet Spot — 16min steady @ 90%,45.3,0.0,0.0,51.6,1.6,1.6,Z4,Sustained sub-threshold work,devedeset-lite.zwo
7,GOOD ✓,Georgia Simmerling - Team Pursuit,athlete-inspired,32.0,26.8,0.709,Anaerobic — 3×20s @ 130%,46.9,27.9,0.0,13.3,0.8,11.2,Z1,Anaerobic capacity / W' builder,georgia-simmerling-team-pursuit.zwo
7,GOOD ✓,2. Devedeset Lite,build-me-up-lite,32.0,27.7,0.721,Sweet Spot — 16min steady @ 90%,45.3,0.0,0.0,51.6,1.6,1.6,Z4,Sustained sub-threshold work,week-1-2-devedeset-lite.zwo
7,GOOD ✓,Georgia Simmerling - Team Pursuit,daily-fit,32.0,26.8,0.709,Anaerobic — 3×20s @ 130%,46.9,27.9,0.0,13.3,0.8,11.2,Z1,Anaerobic capacity / W' builder,georgia-simmerling-team-pursuit.zwo
7,GOOD ✓,Race Ready,le-col-training-with-legends,31.5,33.8,0.802,Threshold — 19min steady @ 100%,39.7,0.0,0.0,50.8,0.0,9.5,Z4,Sustained threshold work,kristin-armstrong-race-ready.zwo
7,GOOD ✓,Race Ready,threshold,31.5,33.8,0.802,Threshold — 19min steady @ 100%,39.7,0.0,0.0,50.8,0.0,9.5,Z4,Sustained threshold work,race-ready.zwo
7,GOOD ✓,1. Purple Unicorn Lite,build-me-up-lite,31.0,30.0,0.762,Sweet Spot — 18min steady @ 93%,37.1,0.0,40.3,1.6,12.9,8.1,Z3,Sustained sub-threshold work,week-4-1-purple-unicorn-lite.zwo
7,GOOD ✓,2 by 2,30-minutes-to-burn,30.0,31.8,0.797,VO2max — 10min steady @ 116%,6.7,60.0,0.0,0.0,6.7,26.7,Z2,Sustained supra-threshold work,2-by-2.zwo
7,GOOD ✓,Emily's Short Mix,30-minutes-to-burn,30.0,38.9,0.882,Threshold — 21min steady @ 98%,0.0,30.0,30.0,0.0,20.0,20.0,Z2,Sustained threshold work,emilys-short-mix.zwo
7,GOOD ✓,Lavender Unicorn,30-minutes-to-burn,30.0,32.7,0.809,Sweet Spot — 18min steady @ 94%,18.3,16.7,41.7,0.0,15.0,8.3,Z3,Sustained sub-threshold work,lavender-unicorn.zwo
7,GOOD ✓,Sevens,30-minutes-to-burn,30.0,25.8,0.718,Anaerobic — 7×30s @ 120%,30.0,46.7,0.0,0.0,0.0,23.3,Z2,Anaerobic capacity / W' builder,sevens.zwo
7,GOOD ✓,2. Lavender Unicorn,fast-track-fitness,30.0,32.7,0.809,Sweet Spot — 18min steady @ 94%,18.3,16.7,41.7,0.0,15.0,8.3,Z3,Sustained sub-threshold work,week-3-2-lavender-unicorn.zwo
7,GOOD ✓,Emily's Short Mix,fast-track-fitness,30.0,38.9,0.882,Threshold — 21min steady @ 98%,0.0,30.0,30.0,0.0,20.0,20.0,Z2,Sustained threshold work,week-4-emilys-short-mix.zwo
7,GOOD ✓,3. Final Sharpen,fondo,30.0,26.1,0.722,Anaerobic — 4×15s @ 115%,40.0,26.7,0.0,30.0,0.0,3.3,Z1,Anaerobic capacity / W' builder,week-4-3-final-sharpen.zwo
7,GOOD ✓,FRNKLN - January 19,franklin-bespoke,30.0,36.5,0.854,Anaerobic — 5×60s @ 110%,6.7,31.1,6.7,2.8,30.0,22.8,Z2,Anaerobic capacity / W' builder,getting-fit-in-january-frnkln-january-19.zwo
7,GOOD ✓,FRNKLN - January 26,franklin-bespoke,30.0,30.0,0.774,Anaerobic — 5×30s @ 120%,40.6,0.0,33.3,6.7,0.0,19.4,Z1,Anaerobic capacity / W' builder,getting-fit-in-january-frnkln-january-26.zwo
7,GOOD ✓,3. Final Sharpen,gran-fondo,30.0,26.1,0.722,Anaerobic — 4×15s @ 115%,40.0,26.7,0.0,30.0,0.0,3.3,Z1,Anaerobic capacity / W' builder,week-8-3-final-sharpen.zwo
7,GOOD ✓,Rowing #5 Pace Intervals,karen-parnell-chilitri,30.0,19.3,0.621,Sweet Spot — 10min steady @ 90%,66.7,0.0,0.0,33.3,0.0,0.0,Z1,Sustained sub-threshold work,rowing-rowing-5-pace-intervals.zwo
7,GOOD ✓,2 by 2,less-than-30-minutes-to-burn,30.0,31.8,0.797,VO2max — 10min steady @ 116%,6.7,60.0,0.0,0.0,6.7,26.7,Z2,Sustained supra-threshold work,2-by-2.zwo
7,GOOD ✓,Emily's Short Mix,less-than-30-minutes-to-burn,30.0,38.9,0.882,Threshold — 21min steady @ 98%,0.0,30.0,30.0,0.0,20.0,20.0,Z2,Sustained threshold work,emilys-short-mix.zwo
7,GOOD ✓,Lavender Unicorn,less-than-30-minutes-to-burn,30.0,32.7,0.809,Sweet Spot — 18min steady @ 94%,18.3,16.7,41.7,0.0,15.0,8.3,Z3,Sustained sub-threshold work,lavender-unicorn.zwo
7,GOOD ✓,Sevens,less-than-30-minutes-to-burn,30.0,25.8,0.718,Anaerobic — 7×30s @ 120%,30.0,46.7,0.0,0.0,0.0,23.3,Z2,Anaerobic capacity / W' builder,sevens.zwo
7,GOOD ✓,Tabata Time [Lite],new-workouts,30.0,25.8,0.719,Anaerobic — 6×10s @ 110%,58.9,13.3,6.7,0.0,0.0,21.1,Z1,Anaerobic capacity / W' builder,tabata-time-lite.zwo
7,GOOD ✓,1. Big Gear SST - 2 x 6,pebble-pounder,30.0,27.3,0.739,Sweet Spot — 12min steady @ 90%,13.3,41.7,0.0,40.0,5.0,0.0,Z2,Sustained sub-threshold work,week-1-1-big-gear-sst-2-x-6.zwo
7,GOOD ✓,D: VO2 Spin-ups,charity-one-lap-tt-plan,30.0,12.1,0.492,Anaerobic — 5×20s @ 125%,94.4,0.0,0.0,0.0,0.0,5.6,Z1,Anaerobic capacity / W' builder,week-4-d-vo2-spin-ups.zwo
7,GOOD ✓,02. Endurance Escalator [Lite],spring-training-2024,30.0,27.0,0.735,Anaerobic — 3×30s @ 110%,23.3,26.7,40.0,0.0,0.0,10.0,Z3,Anaerobic capacity / W' builder,shorter-workouts-02-endurance-escalator-lite.zwo
7,GOOD ✓,Final Sharpen,sprinting,30.0,26.1,0.722,Anaerobic — 4×15s @ 115%,40.0,26.7,0.0,30.0,0.0,3.3,Z1,Anaerobic capacity / W' builder,final-sharpen.zwo
7,GOOD ✓,4. Emily's Short Mix (101 Edition),indoor-cycling-fundamentals,30.0,38.9,0.882,Threshold — 21min steady @ 98%,0.0,30.0,30.0,0.0,20.0,20.0,Z2,Sustained threshold work,4-emilys-short-mix-101-edition.zwo
7,GOOD ✓,Jon's Short Mix,30-minutes-to-burn,29.5,31.1,0.795,Threshold — 10min steady @ 99%,27.1,30.5,0.0,33.9,0.0,8.5,Z4,Sustained threshold work,jons-short-mix.zwo
7,GOOD ✓,Jon's Short Mix,less-than-30-minutes-to-burn,29.5,31.1,0.795,Threshold — 10min steady @ 99%,27.1,30.5,0.0,33.9,0.0,8.5,Z4,Sustained threshold work,jons-short-mix.zwo
7,GOOD ✓,4. Depleting Workout,elite-selection-2022,29.5,24.9,0.712,Sweet Spot — 10min steady @ 92%,33.9,27.1,0.0,33.9,0.0,5.1,Z1,Sustained sub-threshold work,short-workouts-4-depleting-workout.zwo
7,GOOD ✓,Turn Up The Heat,daily-fit,29.0,30.1,0.789,Threshold — 16min steady @ 99%,34.5,6.9,3.4,34.5,3.4,17.2,Z1,Sustained threshold work,turn-up-the-heat.zwo
7,GOOD ✓,Turn Up The Heat,le-col-training-with-legends,29.0,30.1,0.789,Threshold — 16min steady @ 99%,34.5,6.9,3.4,34.5,3.4,17.2,Z1,Sustained threshold work,kristin-armstrong-turn-up-the-heat.zwo
7,GOOD ✓,Give and Take [Lite],new-workouts,29.0,30.4,0.793,Threshold — 12min steady @ 100%,39.7,6.9,10.3,6.9,17.2,19.0,Z1,Sustained threshold work,give-and-take-lite.zwo
7,GOOD ✓,05. Endurance Ascent [Lite],spring-training-2024,29.0,28.7,0.771,Sweet Spot — 12min steady @ 87%,10.3,27.6,41.4,20.7,0.0,0.0,Z3,Sustained sub-threshold work,shorter-workouts-05-endurance-ascent-lite.zwo
7,GOOD ✓,Lama's Tour of Bright ITT,gp-lama,28.5,32.4,0.826,Threshold — 17min steady @ 103%,38.9,0.0,0.0,8.8,45.3,7.0,Z5,Sustained threshold work,lamas-tour-of-bright-itt.zwo
7,GOOD ✓,Weekend Tune Up,30-minutes-to-burn,27.8,25.5,0.742,Sweet Spot — 11min steady @ 92%,18.0,32.4,21.6,25.2,0.0,2.7,Z2,Sustained sub-threshold work,weekend-tune-up.zwo
7,GOOD ✓,Weekend Tune Up,le-col-training-with-legends,27.8,25.5,0.742,Sweet Spot — 11min steady @ 92%,18.0,32.4,21.6,25.2,0.0,2.7,Z2,Sustained sub-threshold work,fabian-cancellara-weekend-tune-up.zwo
7,GOOD ✓,Resilience Ride,30-minutes-to-burn,27.0,25.9,0.759,Sweet Spot — 15min steady @ 90%,7.4,37.0,0.0,55.6,0.0,0.0,Z4,Sustained sub-threshold work,resilience-ride.zwo
7,GOOD ✓,Under Over,30-minutes-to-burn,27.0,30.2,0.819,Threshold — 18min steady @ 99%,33.3,0.0,0.0,0.0,66.7,0.0,Z5,Sustained threshold work,under-over.zwo
7,GOOD ✓,Under Over,le-col-training-with-legends,27.0,30.2,0.819,Threshold — 18min steady @ 99%,33.3,0.0,0.0,0.0,66.7,0.0,Z5,Sustained threshold work,kristin-armstrong-under-over.zwo
7,GOOD ✓,Build and Release [Lite],new-workouts,26.0,23.7,0.74,Anaerobic — 3×10s @ 110%,28.8,38.5,11.5,0.0,7.7,13.5,Z2,Anaerobic capacity / W' builder,build-and-release-lite.zwo
7,GOOD ✓,Calorie Crush,30-minutes-to-burn,25.0,28.2,0.823,Threshold — 12min steady @ 98%,0.0,46.7,13.3,13.3,20.0,6.7,Z2,Sustained threshold work,calorie-crush.zwo
7,GOOD ✓,Speed Surge,30-minutes-to-burn,25.0,16.5,0.63,Anaerobic — 10×30s @ 110%,60.0,20.0,0.0,0.0,0.0,20.0,Z1,Anaerobic capacity / W' builder,speed-surge.zwo
7,GOOD ✓,2. Calorie Crush,fast-track-fitness,25.0,28.2,0.823,Threshold — 12min steady @ 98%,0.0,46.7,13.3,13.3,20.0,6.7,Z2,Sustained threshold work,week-2-2-calorie-crush.zwo
7,GOOD ✓,Calorie Crush,less-than-30-minutes-to-burn,25.0,28.2,0.823,Threshold — 12min steady @ 98%,0.0,46.7,13.3,13.3,20.0,6.7,Z2,Sustained threshold work,calorie-crush.zwo
7,GOOD ✓,Fun Sprints and Fast Legs,le-col-training-with-legends,24.5,24.0,0.766,Threshold — 12min steady @ 103%,51.0,0.0,0.0,43.5,0.0,5.4,Z1,Sustained threshold work,sir-bradley-wiggins-fun-sprints-and-fast-legs.zwo
7,GOOD ✓,Fun Sprints and Fast Legs,sprinting,24.5,24.0,0.766,Threshold — 12min steady @ 103%,51.0,0.0,0.0,43.5,0.0,5.4,Z1,Sustained threshold work,fun-sprints-and-fast-legs.zwo
7,GOOD ✓,Wild Iris,30-minutes-to-burn,23.0,28.5,0.863,Threshold — 12min steady @ 98%,0.0,31.9,13.0,26.1,20.3,8.7,Z2,Sustained threshold work,wild-iris.zwo
7,GOOD ✓,Wild Iris,less-than-30-minutes-to-burn,23.0,28.5,0.863,Threshold — 12min steady @ 98%,0.0,31.9,13.0,26.1,20.3,8.7,Z2,Sustained threshold work,wild-iris.zwo
7,GOOD ✓,Stayin' Alive [Lite],new-workouts,22.0,20.3,0.744,Anaerobic — 4×15s @ 115%,40.9,13.6,6.8,18.2,0.0,20.5,Z1,Anaerobic capacity / W' builder,stayin-alive-lite.zwo
7,GOOD ✓,Fit & Fun,30-minutes-to-burn,21.8,22.4,0.784,Sweet Spot — 12min steady @ 89%,0.0,45.0,41.2,0.0,13.7,0.0,Z2,Sustained sub-threshold work,fit-fun.zwo
7,GOOD ✓,Fit & Fun,workout-tutorial,21.8,22.4,0.784,Sweet Spot — 12min steady @ 89%,0.0,45.0,41.2,0.0,13.7,0.0,Z2,Sustained sub-threshold work,fit-fun.zwo
7,GOOD ✓,At/Overs,30-minutes-to-burn,20.0,22.2,0.816,Threshold — 12min steady @ 103%,37.5,0.0,0.0,0.0,52.5,10.0,Z5,Sustained threshold work,atovers.zwo
7,GOOD ✓,Knife-edge,30-minutes-to-burn,20.0,22.2,0.817,Threshold — 12min steady @ 103%,37.5,0.0,0.0,20.0,20.0,22.5,Z1,Sustained threshold work,knife-edge.zwo
7,GOOD ✓,Vault,30-minutes-to-burn,20.0,21.5,0.804,Threshold — 12min steady @ 96%,12.5,25.0,0.0,50.0,0.0,12.5,Z4,Sustained threshold work,vault.zwo
7,GOOD ✓,At/Overs,less-than-30-minutes-to-burn,20.0,22.2,0.816,Threshold — 12min steady @ 103%,37.5,0.0,0.0,0.0,52.5,10.0,Z5,Sustained threshold work,atovers.zwo
7,GOOD ✓,Knife-edge,less-than-30-minutes-to-burn,20.0,22.2,0.817,Threshold — 12min steady @ 103%,37.5,0.0,0.0,20.0,20.0,22.5,Z1,Sustained threshold work,knife-edge.zwo
7,GOOD ✓,Vault,less-than-30-minutes-to-burn,20.0,21.5,0.804,Threshold — 12min steady @ 96%,12.5,25.0,0.0,50.0,0.0,12.5,Z4,Sustained threshold work,vault.zwo
6,MEDIUM,Day 14,vo2max-booster-program,133.0,105.2,0.689,VO2max,56.4,6.0,1.5,0.0,36.1,0.0,Z1,36.1% at threshold/VO2max,week-2-day-14.zwo
6,MEDIUM,Yellow Unicorn,90plus-minutes-to-burn,105.0,104.0,0.771,Threshold,25.2,19.0,37.1,0.5,17.6,0.5,Z3,17.6% at threshold/VO2max,yellow-unicorn.zwo
6,MEDIUM,Yellow Unicorn,build-me-up,105.0,104.0,0.771,Threshold,25.2,19.0,37.1,0.5,17.6,0.5,Z3,17.6% at threshold/VO2max,week-3-yellow-unicorn.zwo
6,MEDIUM,GC Coaching's Yellow Unicorn,gc-coaching,105.0,104.0,0.771,Threshold,25.2,19.0,37.1,0.5,17.6,0.5,Z3,17.6% at threshold/VO2max,guided-workouts-gc-coachings-yellow-unicorn.zwo
6,MEDIUM,4. Saturday - SST/OU: Yellow Unicorn (2' + 1'),gc-coaching-virtual-group-training-phase-1,105.0,101.6,0.762,Threshold,20.5,23.8,37.1,0.5,17.6,0.5,Z3,17.6% at threshold/VO2max,week-3-4-saturday-sstou-yellow-unicorn-2-plus-1.zwo
6,MEDIUM,Day 7,vo2max-booster-program,105.0,86.0,0.701,VO2max,52.4,7.6,1.9,0.0,38.1,0.0,Z1,38.1% at threshold/VO2max,week-1-day-7.zwo
6,MEDIUM,Session 13: Extended Zone 2-3,coop-academy,100.0,72.2,0.658,Endurance,30.0,40.0,30.0,0.0,0.0,0.0,Z2,70% in Z1/Z2,month-2-session-13-extended-zone-2-3.zwo
6,MEDIUM,TT#2 Core Workout,threshold,99.5,70.3,0.651,VO2max,49.2,8.0,2.0,0.0,27.1,13.6,Z1,27.1% at threshold/VO2max,tt2-core-workout.zwo
6,MEDIUM,TT#2 Core Workout,timetrials-specific,99.5,70.3,0.651,VO2max,49.2,8.0,2.0,0.0,27.1,13.6,Z1,27.1% at threshold/VO2max,tt2-core-workout.zwo
6,MEDIUM,Over Under Progression #6,paul-mack,98.1,104.4,0.799,Threshold,12.2,29.8,7.9,32.7,16.6,0.7,Z4,16.6% at threshold/VO2max,over-under-progression-over-under-progression-6.zwo
6,MEDIUM,Day 2,10-12wk-ftp-builder,93.0,82.8,0.731,Sweet Spot,24.7,23.7,21.5,30.1,0.0,0.0,Z4,30.1% in sweet spot zone,week-11-day-2.zwo
6,MEDIUM,Day 4,10-12wk-ftp-builder,93.0,78.8,0.713,Sweet Spot,31.2,18.3,28.0,22.6,0.0,0.0,Z1,22.6% in sweet spot zone,week-7-day-4.zwo
6,MEDIUM,Workout 9,mountain-bike,93.0,77.9,0.709,VO2max,46.2,7.5,0.0,0.0,45.2,1.1,Z1,45.2% at threshold/VO2max,annika-langvad-series-workout-9.zwo
6,MEDIUM,Workout 12,mountain-bike,92.0,89.0,0.762,VO2max,30.4,7.6,26.1,0.0,34.8,1.1,Z5,34.8% at threshold/VO2max,annika-langvad-series-workout-12.zwo
6,MEDIUM,Serrated,90plus-minutes-to-burn,90.0,99.4,0.814,Sweet Spot,32.2,5.6,3.3,33.3,11.1,14.4,Z4,33.3% in sweet spot zone,serrated.zwo
6,MEDIUM,Serrated,build-me-up,90.0,99.4,0.814,Sweet Spot,32.2,5.6,3.3,33.3,11.1,14.4,Z4,33.3% in sweet spot zone,week-10-serrated.zwo
6,MEDIUM,Building Climbs,climbing,90.0,61.1,0.638,Endurance,58.9,17.8,23.3,0.0,0.0,0.0,Z1,77% in Z1/Z2,building-climbs.zwo
6,MEDIUM,Building climbs 1D,gravel-grinder,90.0,61.1,0.638,Endurance,58.9,17.8,23.3,0.0,0.0,0.0,Z1,77% in Z1/Z2,week-1-building-climbs-1d.zwo
6,MEDIUM,Aerobic Flow,gravel-grinder,90.0,66.5,0.666,Endurance,30.0,44.4,25.6,0.0,0.0,0.0,Z2,74% in Z1/Z2,week-8-aerobic-flow.zwo
6,MEDIUM,Day 4,10-12wk-ftp-builder,88.0,74.6,0.713,Sweet Spot,26.1,36.4,2.3,35.2,0.0,0.0,Z2,35.2% in sweet spot zone,week-9-day-4.zwo
6,MEDIUM,Day 2,10-12wk-ftp-builder,86.0,66.3,0.68,Sweet Spot,34.9,32.6,2.3,30.2,0.0,0.0,Z1,30.2% in sweet spot zone,week-9-day-2.zwo
6,MEDIUM,Unders & Overs High,chris-ohearn,85.0,90.7,0.8,Anaerobic,17.6,35.3,0.0,23.5,0.0,23.5,Z2,23.5% above FTP,unders-overs-high.zwo
6,MEDIUM,Session 14: Hill Reps #2,coop-academy,85.0,55.2,0.624,Sweet Spot,41.2,23.5,0.0,35.3,0.0,0.0,Z1,35.3% in sweet spot zone,month-2-session-14-hill-reps-2.zwo
6,MEDIUM,TT#1 The Polish,threshold,81.5,69.2,0.714,Sweet Spot,36.8,9.8,2.5,39.3,1.2,10.4,Z4,39.3% in sweet spot zone,tt1-the-polish.zwo
6,MEDIUM,TT#1 The Polish,timetrials-specific,81.5,69.2,0.714,Sweet Spot,36.8,9.8,2.5,39.3,1.2,10.4,Z4,39.3% in sweet spot zone,tt1-the-polish.zwo
6,MEDIUM,Climbing Accellerations 2x15min,aionathletics,80.0,66.5,0.706,Sweet Spot,37.5,18.8,0.0,37.5,0.0,6.2,Z1,37.5% in sweet spot zone,climbing-climbing-accellerations-2x15min.zwo
6,MEDIUM,3:1 Over-Under Session - Semi Finals,best-of-coop-academy,80.0,71.1,0.73,VO2max,31.2,18.8,0.0,0.0,50.0,0.0,Z5,50.0% at threshold/VO2max,za-2017-31-over-under-session-semi-finals.zwo
6,MEDIUM,3:1 Over-Under Session - Semi Finals,pro-development-2017,80.0,71.1,0.73,VO2max,31.2,18.8,0.0,0.0,50.0,0.0,Z5,50.0% at threshold/VO2max,semi-finals-31-over-under-session-semi-finals.zwo
6,MEDIUM,Mat Hayman Paris-Roubaix,60-90-minutes-to-burn,75.5,81.3,0.804,Sweet Spot,26.5,6.6,26.5,31.8,0.0,8.6,Z4,31.8% in sweet spot zone,mat-hayman-paris-roubaix.zwo
6,MEDIUM,Mat Hayman Paris-Roubaix,60-90-minutes-to-burn-legacy,75.5,81.3,0.804,Sweet Spot,26.5,6.6,26.5,31.8,0.0,8.6,Z4,31.8% in sweet spot zone,mat-hayman-paris-roubaix.zwo
6,MEDIUM,Day 4 - Hill Reps,crit-crusher,75.0,49.6,0.63,Sweet Spot,66.7,0.0,0.0,33.3,0.0,0.0,Z1,33.3% in sweet spot zone,week-3-day-4-hill-reps.zwo
6,MEDIUM,Day 5 - Pirate pedaling,hunters-challenge,75.0,51.7,0.643,Endurance,26.7,46.7,26.7,0.0,0.0,0.0,Z2,73% in Z1/Z2,week-1-day-5-pirate-pedaling.zwo
6,MEDIUM,In & Out,momentum-cycling,75.0,59.2,0.688,Anaerobic,39.3,35.3,2.7,2.7,0.0,20.0,Z1,20.0% above FTP,in-out.zwo
6,MEDIUM,Seated & Standing,climbing,74.0,78.1,0.796,Sprint,31.1,28.4,6.8,0.0,0.0,33.8,Z6,33.8% above FTP,seated-standing.zwo
6,MEDIUM,Seated & Standing,gcn,74.0,78.1,0.796,Sprint,31.1,28.4,6.8,0.0,0.0,33.8,Z6,33.8% above FTP,power-climbs-seated-standing.zwo
6,MEDIUM,Time Trial,60-90-minutes-to-burn,73.0,67.0,0.742,VO2max,31.5,28.8,6.8,0.0,32.9,0.0,Z5,32.9% at threshold/VO2max,time-trial.zwo
6,MEDIUM,Time Trial,gcn,73.0,67.0,0.742,VO2max,31.5,28.8,6.8,0.0,32.9,0.0,Z5,32.9% at threshold/VO2max,flat-out-fast-time-trial.zwo
6,MEDIUM,Anaerobic High 3,chris-ohearn,71.0,66.4,0.749,Anaerobic,28.2,47.9,0.0,2.8,0.0,21.1,Z2,21.1% above FTP,anaerobic-high-3.zwo
6,MEDIUM,ODChickenCyclingers - SST 726,community-rides,71.0,64.4,0.738,Sweet Spot,28.2,8.5,1.4,59.2,2.8,0.0,Z4,59.2% in sweet spot zone,sst-community-rides-sst-726.zwo
6,MEDIUM,5. Interval 10x3',leandro-messineo-poison-dart-frog-intervals,70.5,63.1,0.733,VO2max,42.6,14.2,0.0,0.0,42.6,0.7,Z1,42.6% at threshold/VO2max,5-interval-10x3.zwo
6,MEDIUM,Day 4,10-12wk-ftp-builder,70.0,60.1,0.718,Sweet Spot,24.3,21.4,12.9,41.4,0.0,0.0,Z4,41.4% in sweet spot zone,week-2-skip-if-you-are-in-shape-day-4.zwo
6,MEDIUM,Finish Focus,60-90-minutes-to-burn,70.0,74.7,0.8,Sprint,31.4,25.7,0.0,0.0,0.0,42.9,Z6,42.9% above FTP,finish-focus.zwo
6,MEDIUM,Day 2 - Sub-Threshold Over-Gear,active-offseason,70.0,51.1,0.662,Sweet Spot,42.9,22.9,0.0,34.3,0.0,0.0,Z1,34.3% in sweet spot zone,week-5-day-2-sub-threshold-over-gear.zwo
6,MEDIUM,Day 6 - Endurance & FTP,active-offseason,70.0,48.7,0.646,VO2max,71.4,0.0,0.0,0.0,28.6,0.0,Z1,28.6% at threshold/VO2max,week-9-day-6-endurance-ftp.zwo
6,MEDIUM,Day 3 - Split 2/3,crit-crusher,70.0,48.5,0.645,Endurance,28.6,42.9,28.6,0.0,0.0,0.0,Z2,72% in Z1/Z2,week-1-day-3-split-23.zwo
6,MEDIUM,Day 3 - Split 2/3,crit-crusher,70.0,49.7,0.653,Endurance,28.6,42.9,28.6,0.0,0.0,0.0,Z2,72% in Z1/Z2,week-3-day-3-split-23.zwo
6,MEDIUM,Day 3 - Split 2/3,crit-crusher,70.0,49.7,0.653,Endurance,28.6,42.9,28.6,0.0,0.0,0.0,Z2,72% in Z1/Z2,week-4-day-3-split-23.zwo
6,MEDIUM,Race winning intervals,federico-bassis,70.0,68.1,0.764,Threshold,34.6,28.6,4.3,5.7,21.4,5.4,Z1,21.4% at threshold/VO2max,race-winning-intervals.zwo
6,MEDIUM,Finish Focus,gcn,70.0,74.7,0.8,Sprint,31.4,25.7,0.0,0.0,0.0,42.9,Z6,42.9% above FTP,flat-out-fast-finish-focus.zwo
6,MEDIUM,Norseman workout: Eidfjord,threshold,70.0,69.5,0.772,Sweet Spot,29.3,14.3,0.0,45.7,0.0,10.7,Z4,45.7% in sweet spot zone,norseman-workout-eidfjord.zwo
6,MEDIUM,Gill's Lactic Legs Challenge,tri247com-pro-workouts,70.0,74.7,0.8,VO2max,28.6,14.3,0.0,28.6,28.6,0.0,Z1,28.6% at threshold/VO2max,gills-lactic-legs-challenge.zwo
6,MEDIUM,Session 21: Over Under Session,coop-academy,70.0,70.8,0.779,Threshold,21.4,35.7,0.0,17.1,17.1,8.6,Z2,17.1% at threshold/VO2max,month-3-session-21-over-under-session.zwo
6,MEDIUM,Day 4 - Tempo,ftp-builder,67.0,56.6,0.712,Anaerobic,25.4,29.9,9.0,17.9,0.0,17.9,Z2,17.9% above FTP,week-1-day-4-tempo.zwo
6,MEDIUM,Lumpy Ramps,60-90-minutes-to-burn,66.2,59.3,0.733,Threshold,36.3,6.0,18.1,18.1,18.1,3.3,Z1,18.1% at threshold/VO2max,lumpy-ramps.zwo
6,MEDIUM,4. Lumpy Ramps,dirt-destroyer,66.2,59.3,0.733,Threshold,36.3,6.0,18.1,18.1,18.1,3.3,Z1,18.1% at threshold/VO2max,week-4-4-lumpy-ramps.zwo
6,MEDIUM,Day 5 - Race winning FTP efforts,hunters-challenge,66.0,78.0,0.842,VO2max,0.0,53.0,0.0,0.0,39.4,7.6,Z2,39.4% at threshold/VO2max,week-4-day-5-race-winning-ftp-efforts.zwo
6,MEDIUM,Middle threshold 2,federico-bassis,65.0,53.5,0.703,Anaerobic,7.7,64.1,7.7,0.0,5.1,15.4,Z2,15.4% above FTP,middle-threshold-2.zwo
6,MEDIUM,PWR - W1,franklin-bespoke,65.0,57.9,0.731,Sweet Spot,10.8,47.7,0.0,41.5,0.0,0.0,Z2,41.5% in sweet spot zone,pwr-pwr-w1.zwo
6,MEDIUM,ODChickenCyclingers - SST 626,community-rides,65.0,56.6,0.723,Sweet Spot,30.8,9.2,1.5,55.4,3.1,0.0,Z4,55.4% in sweet spot zone,sst-community-rides-sst-626.zwo
6,MEDIUM,Bottrill's Sweetspot Attack,tri247com-pro-workouts,65.0,60.0,0.744,Sweet Spot,35.4,15.4,0.0,36.9,12.3,0.0,Z4,36.9% in sweet spot zone,bottrills-sweetspot-attack.zwo
6,MEDIUM,Day 3,vo2max-booster-program,65.0,33.2,0.554,Sweet Spot,76.9,0.0,0.0,23.1,0.0,0.0,Z1,23.1% in sweet spot zone,week-1-day-3.zwo
6,MEDIUM,Session 15: 20/40 Hill Reps,coop-academy,65.0,44.7,0.642,VO2max,38.5,30.8,0.0,0.0,30.8,0.0,Z1,30.8% at threshold/VO2max,month-2-session-15-2040-hill-reps.zwo
6,MEDIUM,Rolling Hills #2,climbing,64.3,78.7,0.857,Threshold,7.8,25.6,7.8,31.1,15.5,12.2,Z4,15.5% at threshold/VO2max,rolling-hills-2.zwo
6,MEDIUM,3. Rolling Hills #2,singletrack-slayer,64.3,78.7,0.857,Threshold,7.8,25.6,7.8,31.1,15.5,12.2,Z4,15.5% at threshold/VO2max,week-3-3-rolling-hills-2.zwo
6,MEDIUM,6. Threshold #6,singletrack-slayer,64.0,66.4,0.789,VO2max,33.9,7.8,15.6,0.0,40.6,2.1,Z5,40.6% at threshold/VO2max,week-8-6-threshold-6.zwo
6,MEDIUM,Threshold #6,threshold,64.0,66.4,0.789,VO2max,33.9,7.8,15.6,0.0,40.6,2.1,Z5,40.6% at threshold/VO2max,threshold-6.zwo
6,MEDIUM,Sub Threshold #2,tt-tuneup,64.0,57.3,0.733,Sweet Spot,32.8,15.6,3.1,43.0,3.1,2.3,Z4,43.0% in sweet spot zone,week-5-sub-threshold-2.zwo
6,MEDIUM,Sweet Spot 15,tt-tuneup,63.0,53.7,0.715,Sweet Spot,42.9,11.1,1.6,30.2,12.7,1.6,Z1,30.2% in sweet spot zone,week-7-sweet-spot-15.zwo
6,MEDIUM,4. Sweet Spot Ramps - 42min,z-racing,63.0,65.9,0.792,Sweet Spot,11.1,22.2,0.0,66.7,0.0,0.0,Z4,66.7% in sweet spot zone,week-2-4-sweet-spot-ramps-42min.zwo
6,MEDIUM,4. Sweet Spot Ramps - 42min,competitive-race-prep,63.0,65.9,0.792,Sweet Spot,11.1,22.2,0.0,66.7,0.0,0.0,Z4,66.7% in sweet spot zone,week-2-4-sweet-spot-ramps-42min.zwo
6,MEDIUM,3. Interval 8x3',leandro-messineo-poison-dart-frog-intervals,62.5,53.7,0.718,VO2max,44.8,16.0,0.0,0.0,38.4,0.8,Z1,38.4% at threshold/VO2max,3-interval-8x3.zwo
6,MEDIUM,Random attacks,daily-fit,61.9,66.2,0.801,Sprint,33.9,12.9,12.9,1.9,0.0,38.3,Z6,38.3% above FTP,random-attacks.zwo
6,MEDIUM,Random attacks,gcn,61.9,66.2,0.801,Sprint,33.9,12.9,12.9,1.9,0.0,38.3,Z6,38.3% above FTP,race-prep-random-attacks.zwo
6,MEDIUM,Cruise Intervals #3,tt-tuneup,61.5,67.1,0.809,VO2max,16.3,19.5,0.0,32.5,29.3,2.4,Z4,29.3% at threshold/VO2max,week-5-cruise-intervals-3.zwo
6,MEDIUM,Long Tempo Climb #1,climbing,61.0,50.8,0.707,Threshold,45.9,3.3,26.2,6.6,16.4,1.6,Z1,16.4% at threshold/VO2max,long-tempo-climb-1.zwo
6,MEDIUM,1. Long Tempo Climb #1,singletrack-slayer,61.0,50.8,0.707,Threshold,45.9,3.3,26.2,6.6,16.4,1.6,Z1,16.4% at threshold/VO2max,week-0-prep-1-long-tempo-climb-1.zwo
6,MEDIUM,3. Long Tempo Climb #1,singletrack-slayer,61.0,50.8,0.707,Threshold,45.9,3.3,26.2,6.6,16.4,1.6,Z1,16.4% at threshold/VO2max,week-1-3-long-tempo-climb-1.zwo
6,MEDIUM,5. Low 60's,singletrack-slayer,61.0,55.4,0.738,Threshold,26.2,36.9,20.5,0.0,16.4,0.0,Z2,16.4% at threshold/VO2max,week-7-5-low-60s.zwo
6,MEDIUM,VO2max Development,best-of-coop-academy,60.5,56.0,0.745,Sprint,38.8,21.5,0.0,6.6,0.0,33.1,Z1,33.1% above FTP,za-2019-vo2max-development.zwo
6,MEDIUM,Cruise Intervals #2,tt-tuneup,60.5,61.8,0.783,Threshold,14.9,28.9,0.0,28.9,24.8,2.5,Z2,24.8% at threshold/VO2max,week-3-cruise-intervals-2.zwo
6,MEDIUM,Cruise Intervals #2,tt-tuneup,60.5,61.8,0.783,Threshold,14.9,28.9,0.0,28.9,24.8,2.5,Z2,24.8% at threshold/VO2max,week-4-cruise-intervals-2.zwo
6,MEDIUM,7. VO2max Development,talent-pipeline-2019,60.5,56.0,0.745,Sprint,38.8,21.5,0.0,6.6,0.0,33.1,Z1,33.1% above FTP,7-vo2max-development.zwo
6,MEDIUM,Day 5 - 5 x 5min 100rpm,2018-prl46-prep,60.0,49.0,0.7,Sweet Spot,34.4,25.0,5.0,33.3,0.0,2.2,Z1,33.3% in sweet spot zone,week-6-day-5-5-x-5min-100rpm.zwo
6,MEDIUM,Aerobic Power,best-of-coop-academy,60.0,51.0,0.714,Threshold,43.3,25.0,6.7,0.0,23.3,1.7,Z1,23.3% at threshold/VO2max,za-2020-aerobic-power.zwo
6,MEDIUM,Strength Endurance/Threshold Combo,best-of-coop-academy,60.0,54.5,0.738,Threshold,40.0,0.0,33.3,3.3,23.3,0.0,Z1,23.3% at threshold/VO2max,za-2021-strength-endurancethreshold-combo.zwo
6,MEDIUM,"2. Over-Under's, MTB Style",dirt-destroyer,60.0,48.7,0.698,Threshold,36.7,11.7,33.3,0.0,16.7,1.7,Z1,16.7% at threshold/VO2max,week-4-2-over-unders-mtb-style.zwo
6,MEDIUM,Endurance 1,federico-bassis,60.0,42.1,0.649,Threshold,53.3,16.7,3.3,10.0,16.7,0.0,Z1,16.7% at threshold/VO2max,endurance-1.zwo
6,MEDIUM,Lake Kahola Cadence Work,garmin-unbound-gravel-training-plan,60.0,49.8,0.706,Endurance,8.3,69.2,22.5,0.0,0.0,0.0,Z2,78% in Z1/Z2,week-2-lake-kahola-cadence-work.zwo
6,MEDIUM,2x(4x2) Threshold Fun 1A,gravel-grinder,60.0,48.7,0.698,Threshold,51.7,13.3,12.8,4.4,17.8,0.0,Z1,17.8% at threshold/VO2max,week-1-2x4x2-threshold-fun-1a.zwo
6,MEDIUM,5. Intensive Aerobic,l-etape-du-tour-training-club,60.0,51.1,0.715,Anaerobic,38.3,8.3,20.0,13.3,3.3,16.7,Z1,16.7% above FTP,phase-4-5-intensive-aerobic.zwo
6,MEDIUM,C) 90% FTP // 4x6' @75 RPM,charity-alpine-tt-plan,60.0,46.8,0.684,Sweet Spot,49.2,8.3,0.0,40.0,0.8,1.7,Z1,40.0% in sweet spot zone,week-1-c-90-ftp-4x6-75-rpm.zwo
6,MEDIUM,A: SST: Bookend Bursts (Increasing),charity-one-lap-tt-plan,60.0,60.4,0.777,Sweet Spot,30.0,8.3,5.0,51.7,0.0,5.0,Z4,51.7% in sweet spot zone,week-3-a-sst-bookend-bursts-increasing.zwo
6,MEDIUM,7. Long Tempo Climb #2,singletrack-slayer,60.0,53.6,0.732,Threshold,40.0,3.3,28.3,6.7,20.0,1.7,Z1,20.0% at threshold/VO2max,week-5-7-long-tempo-climb-2.zwo
6,MEDIUM,2x(4x2min) Threshold Fun,threshold,60.0,48.7,0.698,Threshold,51.7,13.3,12.8,4.4,17.8,0.0,Z1,17.8% at threshold/VO2max,2x4x2min-threshold-fun.zwo
6,MEDIUM,Lucy Charles over-unders,tri247com-pro-workouts,60.0,55.4,0.744,Anaerobic,38.3,16.7,0.0,25.0,3.3,16.7,Z1,16.7% above FTP,lucy-charles-over-unders.zwo
6,MEDIUM,Sam's VO2max Preload,tri247com-pro-workouts,60.0,59.6,0.772,Sprint,32.5,25.0,6.7,1.7,1.7,32.5,Z1,32.5% above FTP,sams-vo2max-preload.zwo
6,MEDIUM,The Tom Davis 4x4,tri247com-pro-workouts,60.0,51.7,0.719,VO2max,35.0,38.3,0.0,0.0,26.7,0.0,Z2,26.7% at threshold/VO2max,the-tom-davis-4x4-.zwo
6,MEDIUM,Day 4,vo2max-booster-program,60.0,30.0,0.548,Sweet Spot,80.0,0.0,0.0,20.0,0.0,0.0,Z1,20.0% in sweet spot zone,week-1-day-4.zwo
6,MEDIUM,Day 6,vo2max-booster-program,60.0,36.2,0.602,Threshold,66.7,13.3,3.3,0.0,16.7,0.0,Z1,16.7% at threshold/VO2max,week-1-day-6.zwo
6,MEDIUM,Day 11,vo2max-booster-program,60.0,32.9,0.574,Endurance,70.0,0.0,30.0,0.0,0.0,0.0,Z1,70% in Z1/Z2,week-2-day-11.zwo
6,MEDIUM,Day 8,vo2max-booster-program,60.0,33.1,0.575,Endurance,75.0,0.0,25.0,0.0,0.0,0.0,Z1,75% in Z1/Z2,week-2-day-8.zwo
6,MEDIUM,2. Bishop,z-racing,60.0,49.8,0.706,Endurance,8.3,69.2,22.5,0.0,0.0,0.0,Z2,78% in Z1/Z2,week-5-2-bishop.zwo
6,MEDIUM,2. Capacity into Sweet Spot,pro-development-2018,60.0,60.1,0.775,Anaerobic,17.8,30.0,35.0,1.7,0.0,15.6,Z3,15.6% above FTP,semi-finals-2-capacity-into-sweet-spot.zwo
6,MEDIUM,1. Aerobic Power,talent-pipeline-2020,60.0,51.0,0.714,Threshold,43.3,25.0,6.7,0.0,23.3,1.7,Z1,23.3% at threshold/VO2max,1-aerobic-power.zwo
6,MEDIUM,2. Bishop,competitive-race-prep,60.0,49.8,0.706,Endurance,8.3,69.2,22.5,0.0,0.0,0.0,Z2,78% in Z1/Z2,week-5-2-bishop.zwo
6,MEDIUM,Lactate Low 2,chris-ohearn,59.0,52.0,0.727,Sweet Spot,18.6,50.8,0.0,30.5,0.0,0.0,Z2,30.5% in sweet spot zone,lactate-low-2.zwo
6,MEDIUM,10min Ramps,l-etape-du-tour-training-club,59.0,53.6,0.738,Threshold,35.6,3.4,35.6,6.8,16.9,1.7,Z1,16.9% at threshold/VO2max,phase-3-10min-ramps.zwo
6,MEDIUM,SZRGWO 08.0,mattias-thyr-unstructured-workouts,59.0,64.0,0.807,Sweet Spot,24.9,0.0,15.4,50.8,0.0,8.9,Z4,50.8% in sweet spot zone,szrgwo-080.zwo
6,MEDIUM,Cruise Intervals #4,threshold,59.0,65.6,0.817,VO2max,23.7,11.9,1.7,6.8,54.2,1.7,Z5,54.2% at threshold/VO2max,cruise-intervals-4.zwo
6,MEDIUM,Cruise Intervals #4,tt-tuneup,59.0,65.6,0.817,VO2max,23.7,11.9,1.7,6.8,54.2,1.7,Z5,54.2% at threshold/VO2max,week-6-cruise-intervals-4.zwo
6,MEDIUM,Power Intervals #2,tt-tuneup,59.0,57.8,0.767,Anaerobic,27.1,33.9,16.9,0.0,3.4,18.6,Z2,18.6% above FTP,week-6-power-intervals-2.zwo
6,MEDIUM,Sweet Spot 20,tt-tuneup,59.0,53.7,0.739,Sweet Spot,35.6,11.9,1.7,40.7,8.5,1.7,Z4,40.7% in sweet spot zone,week-8-sweet-spot-20.zwo
6,MEDIUM,2. Explosive Climb #1,l-etape-du-tour-training-club,58.7,50.7,0.72,VO2max,45.7,11.9,0.0,13.6,25.6,3.1,Z1,25.6% at threshold/VO2max,phase-4-2-explosive-climb-1.zwo
6,MEDIUM,2. Interval 7x3',leandro-messineo-poison-dart-frog-intervals,58.5,48.7,0.707,VO2max,46.2,17.1,0.0,0.0,35.9,0.9,Z1,35.9% at threshold/VO2max,2-interval-7x3.zwo
6,MEDIUM,3. Hard Starts #1,singletrack-slayer,58.5,57.7,0.769,VO2max,40.5,8.5,5.1,0.0,41.0,4.8,Z5,41.0% at threshold/VO2max,week-5-3-hard-starts-1.zwo
6,MEDIUM,Hard Starts #1,threshold,58.5,57.7,0.769,VO2max,40.5,8.5,5.1,0.0,41.0,4.8,Z5,41.0% at threshold/VO2max,hard-starts-1.zwo
6,MEDIUM,Day 2,10-12wk-ftp-builder,58.0,44.6,0.679,Anaerobic,27.6,34.5,0.0,20.7,0.0,17.2,Z2,17.2% above FTP,week-4-day-2.zwo
6,MEDIUM,3. Sub-Threshold #2,l-etape-du-tour-training-club,58.0,58.2,0.776,Sweet Spot,15.5,23.3,5.2,56.0,0.0,0.0,Z4,56.0% in sweet spot zone,phase-2-3-sub-threshold-2.zwo
6,MEDIUM,2. Leg Speed #2,singletrack-slayer,58.0,52.6,0.738,Sweet Spot,13.8,43.1,17.2,25.9,0.0,0.0,Z2,25.9% in sweet spot zone,week-0-prep-2-leg-speed-2.zwo
6,MEDIUM,6. Leg Speed #2,singletrack-slayer,58.0,52.6,0.738,Sweet Spot,13.8,43.1,17.2,25.9,0.0,0.0,Z2,25.9% in sweet spot zone,week-2-6-leg-speed-2.zwo
6,MEDIUM,Leg Speed #2,sprinting,58.0,52.6,0.738,Sweet Spot,13.8,43.1,17.2,25.9,0.0,0.0,Z2,25.9% in sweet spot zone,leg-speed-2.zwo
6,MEDIUM,#104-DPC Zone 3-4 Zone 3-4 Climb Set 2,zf18-direct-power-coaching-phase-9,58.0,48.9,0.711,Anaerobic,43.1,0.0,34.5,0.0,1.7,20.7,Z1,20.7% above FTP,week-2-104-dpc-zone-3-4-zone-3-4-climb-set-2.zwo
6,MEDIUM,Triple 9's,derek-rushs-pain-cave-challenge,57.5,74.2,0.88,Sprint,33.0,17.4,0.0,0.0,0.0,49.6,Z6,49.6% above FTP,triple-9s.zwo
6,MEDIUM,Power Intervals #4,tt-tuneup,57.3,61.8,0.804,Sprint,45.3,17.4,3.5,0.0,3.5,30.2,Z1,30.2% above FTP,week-8-power-intervals-4.zwo
6,MEDIUM,Pulverize the Prairie,climbing,56.7,49.4,0.723,VO2max,43.8,12.4,0.0,14.1,26.5,3.2,Z1,26.5% at threshold/VO2max,pulverize-the-prairie.zwo
6,MEDIUM,Pulverize the Prairie,garmin-unbound-gravel-training-plan,56.7,49.4,0.723,VO2max,43.8,12.4,0.0,14.1,26.5,3.2,Z1,26.5% at threshold/VO2max,week-7-pulverize-the-prairie.zwo
6,MEDIUM,Day 3,your-first-century,56.7,60.6,0.801,Sweet Spot,0.0,52.9,0.0,44.1,2.9,0.0,Z2,44.1% in sweet spot zone,week-3-day-3.zwo
6,MEDIUM,Day 4 - Taper Intervals,crit-crusher,56.5,34.1,0.602,Threshold,81.4,0.0,0.0,0.0,18.6,0.0,Z1,18.6% at threshold/VO2max,week-7-day-4-taper-intervals.zwo
6,MEDIUM,Day 4 - 3 & 1's #2,2018-prl46-prep,56.0,54.3,0.763,VO2max,17.9,35.7,0.0,3.6,42.9,0.0,Z5,42.9% at threshold/VO2max,week-4-day-4-3-1s-2.zwo
6,MEDIUM,Two Timer,30-60-minutes-to-burn,56.0,47.6,0.714,Threshold,32.1,30.4,0.0,10.7,23.2,3.6,Z1,23.2% at threshold/VO2max,two-timer.zwo
6,MEDIUM,4. Two Timer,dirt-destroyer,56.0,47.6,0.714,Threshold,32.1,30.4,0.0,10.7,23.2,3.6,Z1,23.2% at threshold/VO2max,week-5-4-two-timer.zwo
6,MEDIUM,Power Intervals #1,tt-tuneup,56.0,54.3,0.763,Sprint,57.1,8.9,3.6,0.0,3.6,26.8,Z1,26.8% above FTP,week-5-power-intervals-1.zwo
6,MEDIUM,Power Intervals #1,vo2-max,56.0,54.3,0.763,Sprint,57.1,8.9,3.6,0.0,3.6,26.8,Z1,26.8% above FTP,power-intervals-1.zwo
6,MEDIUM,1. Ramp It Up!,training-camp-progression,56.0,53.3,0.756,Sweet Spot,21.4,21.4,0.0,57.1,0.0,0.0,Z4,57.1% in sweet spot zone,long-1-ramp-it-up.zwo
6,MEDIUM,Wild Starts,30-60-minutes-to-burn,55.0,54.9,0.774,Sweet Spot,30.9,14.5,0.0,50.5,0.0,4.1,Z4,50.5% in sweet spot zone,wild-starts.zwo
6,MEDIUM,Strength 2,federico-bassis,55.0,44.5,0.697,Sweet Spot,34.5,14.5,18.2,29.1,3.6,0.0,Z1,29.1% in sweet spot zone,strength-2.zwo
6,MEDIUM,4. THU: Sweet Spot,gcn-zero-to-hero-plan,55.0,49.8,0.737,Sweet Spot,40.0,3.6,1.8,43.6,9.1,1.8,Z4,43.6% in sweet spot zone,week-3-4-thu-sweet-spot.zwo
6,MEDIUM,Hard Start V02max 4min for Allrounder Power Profile,individual-power-profile-dependent-workouts,55.0,59.8,0.808,Sprint,53.6,0.0,0.0,0.0,2.7,43.6,Z1,43.6% above FTP,allrounder-hard-start-v02max-4min-for-allrounder-power-profile.zwo
6,MEDIUM,Hard Start V02max 4min for Puncheur Power Profile,individual-power-profile-dependent-workouts,55.0,61.8,0.821,Sprint,53.6,0.0,0.0,0.0,2.7,43.6,Z1,43.6% above FTP,puncheur-hard-start-v02max-4min-for-puncheur-power-profile.zwo
6,MEDIUM,Hard Start V02max 4min for Time Trial Power Profile,individual-power-profile-dependent-workouts,55.0,57.1,0.789,Sprint,53.6,0.0,0.0,0.0,2.7,43.6,Z1,43.6% above FTP,time-trialist-hard-start-v02max-4min-for-time-trial-power-profile.zwo
6,MEDIUM,1. Sub-Threshold #1,l-etape-du-tour-training-club,55.0,52.1,0.754,Sweet Spot,16.4,30.0,5.5,48.2,0.0,0.0,Z4,48.2% in sweet spot zone,phase-2-1-sub-threshold-1.zwo
6,MEDIUM,Sweet Spot 6,l-etape-du-tour-training-club,55.0,49.1,0.732,Sweet Spot,40.0,4.5,10.0,43.6,1.8,0.0,Z4,43.6% in sweet spot zone,phase-3-sweet-spot-6.zwo
6,MEDIUM,Sweet Spot Ramps - 30min,sweet-spot,55.0,53.5,0.764,Sweet Spot,12.7,32.7,0.0,54.5,0.0,0.0,Z4,54.5% in sweet spot zone,sweet-spot-ramps-30min.zwo
6,MEDIUM,Sweet Spot,sweet-spot,55.0,49.8,0.737,Sweet Spot,40.0,3.6,1.8,43.6,9.1,1.8,Z4,43.6% in sweet spot zone,sweet-spot.zwo
6,MEDIUM,Sub Threshold #1,tt-tuneup,55.0,50.2,0.74,Sweet Spot,29.1,18.2,3.6,43.6,3.6,1.8,Z4,43.6% in sweet spot zone,week-3-sub-threshold-1.zwo
6,MEDIUM,3. Wild Starts,z-racing,55.0,54.9,0.774,Sweet Spot,30.9,14.5,0.0,50.5,0.0,4.1,Z4,50.5% in sweet spot zone,week-1-3-wild-starts.zwo
6,MEDIUM,4. Sweet Spot Ramps - 30min,z-racing,55.0,53.5,0.764,Sweet Spot,12.7,32.7,0.0,54.5,0.0,0.0,Z4,54.5% in sweet spot zone,week-1-4-sweet-spot-ramps-30min.zwo
6,MEDIUM,1. Wild Starts,competitive-race-prep,55.0,54.9,0.774,Sweet Spot,30.9,14.5,0.0,50.5,0.0,4.1,Z4,50.5% in sweet spot zone,week-0-prep-1-wild-starts.zwo
6,MEDIUM,2. Sweet Spot Ramps - 30min,competitive-race-prep,55.0,53.5,0.764,Sweet Spot,12.7,32.7,0.0,54.5,0.0,0.0,Z4,54.5% in sweet spot zone,week-0-prep-2-sweet-spot-ramps-30min.zwo
6,MEDIUM,3. Wild Starts,competitive-race-prep,55.0,54.9,0.774,Sweet Spot,30.9,14.5,0.0,50.5,0.0,4.1,Z4,50.5% in sweet spot zone,week-1-3-wild-starts.zwo
6,MEDIUM,4. Sweet Spot Ramps - 30min,competitive-race-prep,55.0,53.5,0.764,Sweet Spot,12.7,32.7,0.0,54.5,0.0,0.0,Z4,54.5% in sweet spot zone,week-1-4-sweet-spot-ramps-30min.zwo
6,MEDIUM,Lactate Low 1,chris-ohearn,54.5,47.1,0.72,Sweet Spot,17.4,55.0,0.0,27.5,0.0,0.0,Z2,27.5% in sweet spot zone,lactate-low-1.zwo
6,MEDIUM,1. Interval 6x3',leandro-messineo-poison-dart-frog-intervals,54.5,44.0,0.696,VO2max,47.7,18.3,0.0,0.0,33.0,0.9,Z1,33.0% at threshold/VO2max,1-interval-6x3.zwo
6,MEDIUM,Cruise Intervals #1,threshold,54.5,53.2,0.765,Threshold,16.5,32.1,0.0,26.6,22.0,2.8,Z2,22.0% at threshold/VO2max,cruise-intervals-1.zwo
6,MEDIUM,Cruise Intervals #1,tt-tuneup,54.5,53.2,0.765,Threshold,16.5,32.1,0.0,26.6,22.0,2.8,Z2,22.0% at threshold/VO2max,week-1-cruise-intervals-1.zwo
6,MEDIUM,Cruise Intervals #1,tt-tuneup,54.5,53.2,0.765,Threshold,16.5,32.1,0.0,26.6,22.0,2.8,Z2,22.0% at threshold/VO2max,week-2-cruise-intervals-1.zwo
6,MEDIUM,Day 6 - Tempo #4,4wk-prl-prep,54.0,47.7,0.728,Threshold,24.1,15.7,41.7,0.0,18.5,0.0,Z3,18.5% at threshold/VO2max,week-2-day-6-tempo-4.zwo
6,MEDIUM,Anaerobic Capacity 1min & 2min,tt-tuneup,54.0,48.8,0.736,Sprint,40.7,25.9,0.0,7.4,0.0,25.9,Z1,25.9% above FTP,week-5-anaerobic-capacity-1min-2min.zwo
6,MEDIUM,Anaerobic Capacity 1min & 2min,vo2-max,54.0,48.8,0.736,Sprint,40.7,25.9,0.0,7.4,0.0,25.9,Z1,25.9% above FTP,anaerobic-capacity-1min-2min.zwo
6,MEDIUM,Day 6 - 3 & 1's #1,2018-prl46-prep,53.0,46.4,0.725,VO2max,28.3,34.0,0.0,3.8,34.0,0.0,Z2,34.0% at threshold/VO2max,week-3-day-6-3-1s-1.zwo
6,MEDIUM,FTP Short Blocks,best-of-coop-academy,53.0,51.3,0.762,VO2max,39.6,15.1,0.0,0.0,45.3,0.0,Z5,45.3% at threshold/VO2max,za-2022-ftp-short-blocks.zwo
6,MEDIUM,2. FTP Short Blocks,elite-selection-2022,53.0,51.3,0.762,VO2max,39.6,15.1,0.0,0.0,45.3,0.0,Z5,45.3% at threshold/VO2max,2-ftp-short-blocks.zwo
6,MEDIUM,4. 8min Rolling TT,l-etape-du-tour-training-club,52.5,53.1,0.779,Threshold,24.8,14.3,7.6,27.6,22.9,2.9,Z4,22.9% at threshold/VO2max,phase-3-4-8min-rolling-tt.zwo
6,MEDIUM,SST (Modified Short),classics-climbing,52.2,66.7,0.876,VO2max,0.0,19.2,0.0,38.3,42.2,0.3,Z5,42.2% at threshold/VO2max,sst-modified-short.zwo
6,MEDIUM,Anaerobic Capacity Into VO2,30-60-minutes-to-burn,52.0,57.4,0.814,Sprint,34.6,23.1,1.9,7.7,0.0,32.7,Z1,32.7% above FTP,anaerobic-capacity-into-vo2.zwo
6,MEDIUM,Ella Harris - Climbing Power,climbing,52.0,58.3,0.82,Sweet Spot,28.8,13.5,0.0,46.2,0.0,11.5,Z4,46.2% in sweet spot zone,ella-harris-climbing-power.zwo
6,MEDIUM,Workout 2: Alpecin-Premier Tech Team Camp,new-workouts,52.0,37.6,0.659,VO2max,69.2,0.0,0.0,0.0,30.8,0.0,Z1,30.8% at threshold/VO2max,workout-2-alpecin-premier-tech-team-camp.zwo
6,MEDIUM,06. Sweet Spot Summit,spring-training-2024,52.0,58.8,0.824,Sweet Spot,7.7,23.1,0.0,69.2,0.0,0.0,Z4,69.2% in sweet spot zone,longer-workouts-06-sweet-spot-summit.zwo
6,MEDIUM,Ella Harris - Climbing Power,voxwomen-tour-2021,52.0,58.3,0.82,Sweet Spot,28.8,13.5,0.0,46.2,0.0,11.5,Z4,46.2% in sweet spot zone,ella-harris-climbing-power.zwo
6,MEDIUM,#88-DPC 8 x 1' FTP,zf18-direct-power-coaching-phase-8,52.0,28.9,0.577,Threshold,84.6,0.0,0.0,0.0,15.4,0.0,Z1,15.4% at threshold/VO2max,week-1-88-dpc-8-x-1-ftp-.zwo
6,MEDIUM,1. Anaerobic Capacity Into VO2,talent-pipeline-2019,52.0,57.4,0.814,Sprint,34.6,23.1,1.9,7.7,0.0,32.7,Z1,32.7% above FTP,semifinals-1-anaerobic-capacity-into-vo2.zwo
6,MEDIUM,4. THU: Sweet Spot 2,gcn-zero-to-hero-plan,51.0,47.8,0.75,Threshold,37.3,3.9,2.0,39.2,15.7,2.0,Z4,15.7% at threshold/VO2max,week-5-recovery-4-thu-sweet-spot-2.zwo
6,MEDIUM,SST (Short),30-60-minutes-to-burn,50.0,62.8,0.868,VO2max,0.0,20.0,0.0,40.0,40.0,0.0,Z4,40.0% at threshold/VO2max,sst-short.zwo
6,MEDIUM,Stone Roller,climbing,50.0,57.0,0.827,Sweet Spot,26.0,14.0,0.0,48.0,0.0,12.0,Z4,48.0% in sweet spot zone,stone-roller.zwo
6,MEDIUM,The 'Grind' Finale,daily-fit,50.0,28.2,0.582,Sweet Spot,65.7,12.0,0.0,20.0,0.0,2.3,Z1,20.0% in sweet spot zone,the-grind-finale.zwo
6,MEDIUM,1. The 'Grind' Finale,dirt-destroyer,50.0,28.2,0.582,Sweet Spot,65.7,12.0,0.0,20.0,0.0,2.3,Z1,20.0% in sweet spot zone,week-4-1-the-grind-finale.zwo
6,MEDIUM,1. Long Tempo,fondo,50.0,49.3,0.769,Sweet Spot,26.0,14.0,0.0,60.0,0.0,0.0,Z4,60.0% in sweet spot zone,week-2-1-long-tempo.zwo
6,MEDIUM,1. Taper Time,fondo,50.0,42.5,0.714,Sweet Spot,30.0,29.0,18.0,20.0,0.0,3.0,Z1,20.0% in sweet spot zone,week-4-1-taper-time.zwo
6,MEDIUM,Stone Roller,garmin-unbound-gravel-training-plan,50.0,57.0,0.827,Sweet Spot,26.0,14.0,0.0,48.0,0.0,12.0,Z4,48.0% in sweet spot zone,week-7-stone-roller.zwo
6,MEDIUM,1. Long Tempo Intervals,gran-fondo,50.0,49.3,0.769,Sweet Spot,26.0,14.0,0.0,60.0,0.0,0.0,Z4,60.0% in sweet spot zone,week-2-1-long-tempo-intervals.zwo
6,MEDIUM,1. Progressive Ramps,gran-fondo,50.0,56.0,0.82,Anaerobic,20.0,8.0,10.0,24.0,20.0,18.0,Z4,18.0% above FTP,week-6-1-progressive-ramps.zwo
6,MEDIUM,1. Taper Time,gran-fondo,50.0,42.5,0.714,Sweet Spot,30.0,29.0,18.0,20.0,0.0,3.0,Z1,20.0% in sweet spot zone,week-8-1-taper-time.zwo
6,MEDIUM,The Ganna,ineos-grenadiers-virtual-training-camp,50.0,44.7,0.732,Sprint,54.0,16.0,0.0,0.0,0.0,30.0,Z1,30.0% above FTP,the-ganna.zwo
6,MEDIUM,SST (Short),less-than-60-minutes-to-burn,50.0,62.8,0.868,VO2max,0.0,20.0,0.0,40.0,40.0,0.0,Z4,40.0% at threshold/VO2max,sst-short.zwo
6,MEDIUM,Taper Time,sprinting,50.0,42.5,0.714,Sweet Spot,30.0,29.0,18.0,20.0,0.0,3.0,Z1,20.0% in sweet spot zone,taper-time.zwo
6,MEDIUM,Long Tempo,threshold,50.0,49.3,0.769,Sweet Spot,26.0,14.0,0.0,60.0,0.0,0.0,Z4,60.0% in sweet spot zone,long-tempo.zwo
6,MEDIUM,The Ganna,vo2-max,50.0,44.7,0.732,Sprint,54.0,16.0,0.0,0.0,0.0,30.0,Z1,30.0% above FTP,the-ganna.zwo
6,MEDIUM,Threshold Under/Overs,best-of-coop-academy,49.0,51.0,0.79,Threshold,28.6,20.4,0.0,24.5,24.5,2.0,Z1,24.5% at threshold/VO2max,za-2021-threshold-underovers.zwo
6,MEDIUM,4. THU: 3/3/2min VO2max,gcn-zero-to-hero-plan,49.0,36.8,0.671,Anaerobic,53.1,12.2,0.0,0.0,12.2,22.4,Z1,22.4% above FTP,week-4-4-thu-332min-vo2max.zwo
6,MEDIUM,Women's Team Workout,pro-training-camp-team-bikeexchange-jayco,49.0,45.4,0.746,Sweet Spot,28.6,10.2,30.6,30.6,0.0,0.0,Z3,30.6% in sweet spot zone,womens-team-workout.zwo
6,MEDIUM,3/3/2min VO2max,vo2-max,49.0,36.8,0.671,Anaerobic,53.1,12.2,0.0,0.0,12.2,22.4,Z1,22.4% above FTP,332min-vo2max.zwo
6,MEDIUM,4. Threshold Under/Overs,elite-selection-2021,49.0,51.0,0.79,Threshold,28.6,20.4,0.0,24.5,24.5,2.0,Z1,24.5% at threshold/VO2max,4-threshold-underovers.zwo
6,MEDIUM,Day 2 - Sub-threshold XX #1,4wk-ftp-booster,48.0,53.1,0.815,Sweet Spot,27.1,5.2,5.2,52.1,0.0,10.4,Z4,52.1% in sweet spot zone,week-3-day-2-sub-threshold-xx-1.zwo
6,MEDIUM,Day 6 - Threshold block #1,4wk-ftp-booster,48.0,44.6,0.747,Sweet Spot,38.9,8.3,8.3,41.7,0.0,2.8,Z4,41.7% in sweet spot zone,week-3-day-6-threshold-block-1-.zwo
6,MEDIUM,Day 4 - Sub-threshold XX #2,4wk-ftp-booster,48.0,53.3,0.816,Sweet Spot,27.1,5.2,5.2,50.0,0.0,12.5,Z4,50.0% in sweet spot zone,week-4-day-4-sub-threshold-xx-2.zwo
6,MEDIUM,Day 1 - Taper Intervals,crit-crusher,47.5,27.3,0.587,Threshold,84.2,0.0,0.0,0.0,15.8,0.0,Z1,15.8% at threshold/VO2max,week-8-day-1-taper-intervals.zwo
6,MEDIUM,Lama's LAMA LAMA LAMA Workout,gp-lama,47.0,46.8,0.773,Sprint,45.7,0.0,0.0,0.0,25.5,28.7,Z1,28.7% above FTP,lamas-lama-lama-lama-workout.zwo
6,MEDIUM,4. Surge to the Max,dirt-destroyer,46.5,25.2,0.57,Sprint,73.1,0.0,0.0,0.0,0.0,26.9,Z1,26.9% above FTP,week-1-4-surge-to-the-max.zwo
6,MEDIUM,Surge to the Max,sprinting,46.5,25.2,0.57,Sprint,73.1,0.0,0.0,0.0,0.0,26.9,Z1,26.9% above FTP,surge-to-the-max.zwo
6,MEDIUM,Pyramids,best-of-coop-academy,46.0,39.4,0.717,Anaerobic,52.2,17.4,0.0,15.2,0.0,15.2,Z1,15.2% above FTP,za-2022-pyramids.zwo
6,MEDIUM,5. Pyramids,elite-selection-2022,46.0,39.4,0.717,Anaerobic,52.2,17.4,0.0,15.2,0.0,15.2,Z1,15.2% above FTP,5-pyramids.zwo
6,MEDIUM,2. Strength Endurance + Sweet Spot,back-to-fitness,45.0,43.7,0.763,Sweet Spot,13.3,44.4,4.4,37.8,0.0,0.0,Z2,37.8% in sweet spot zone,week-10-2-strength-endurance-plus-sweet-spot.zwo
6,MEDIUM,Strength Endurance + Sweet Spot,climbing,45.0,43.7,0.763,Sweet Spot,13.3,44.4,4.4,37.8,0.0,0.0,Z2,37.8% in sweet spot zone,strength-endurance-plus-sweet-spot.zwo
6,MEDIUM,VO2 Blast,vo2-max,45.0,42.9,0.756,Anaerobic,0.0,73.3,0.0,0.0,4.4,22.2,Z2,22.2% above FTP,vo2-blast.zwo
6,MEDIUM,VO2 Blast,spring-conditioning,45.0,42.9,0.756,Anaerobic,0.0,73.3,0.0,0.0,4.4,22.2,Z2,22.2% above FTP,vo2-blast.zwo
6,MEDIUM,ATLAS,season-finale,45.0,30.1,0.634,Endurance,24.4,51.1,20.0,4.4,0.0,0.0,Z2,76% in Z1/Z2,atlas.zwo
6,MEDIUM,Pre-Race With Spin-Ups,30-60-minutes-to-burn,44.7,29.5,0.629,Endurance,44.8,53.7,0.0,0.0,0.0,1.5,Z2,98% in Z1/Z2,pre-race-with-spin-ups.zwo
6,MEDIUM,Pre Race Spin with Spin-Ups,gravel-grinder,44.7,29.5,0.629,Endurance,44.8,53.7,0.0,0.0,0.0,1.5,Z2,98% in Z1/Z2,week-12-pre-race-spin-with-spin-ups.zwo
6,MEDIUM,Day 5 - Active Recovery,ftp-builder,44.0,25.1,0.585,Endurance,72.7,27.3,0.0,0.0,0.0,0.0,Z1,100% in Z1/Z2,week-2-day-5-active-recovery.zwo
6,MEDIUM,ODChickenCyclingers - Spin Up Recovery,twelve-week-ftp-challenge,44.0,7.4,0.318,Endurance,100.0,0.0,0.0,0.0,0.0,0.0,Z1,100% in Z1/Z2,recovery-community-spin-up-recovery.zwo
6,MEDIUM,04. Power Surge,spring-training-2024,43.0,45.5,0.797,Sweet Spot,7.0,27.9,0.0,55.8,9.3,0.0,Z4,55.8% in sweet spot zone,longer-workouts-04-power-surge.zwo
6,MEDIUM,1. Explosive 30s,rising-stars-2023,42.7,26.1,0.606,Endurance,60.9,30.5,4.7,2.3,0.0,1.6,Z1,91% in Z1/Z2,shorter-workouts-1-explosive-30s.zwo
6,MEDIUM,Day 5 - Optional,10-12wk-ftp-builder,42.0,22.1,0.562,Endurance,83.3,16.7,0.0,0.0,0.0,0.0,Z1,100% in Z1/Z2,week-2-skip-if-you-are-in-shape-day-5-optional.zwo
6,MEDIUM,Hard Starts,climbing,42.0,40.4,0.76,Sweet Spot,19.0,30.2,0.0,46.4,0.0,4.4,Z4,46.4% in sweet spot zone,hard-starts.zwo
6,MEDIUM,Lawson Craddock: All-rounder,climbing,42.0,37.8,0.735,Sweet Spot,16.7,33.3,11.9,33.3,4.8,0.0,Z2,33.3% in sweet spot zone,lawson-craddock-all-rounder.zwo
6,MEDIUM,The Geoghegan Hart,ineos-grenadiers-virtual-training-camp,42.0,43.7,0.79,VO2max,31.0,19.0,0.0,0.0,47.6,2.4,Z5,47.6% at threshold/VO2max,the-geoghegan-hart.zwo
6,MEDIUM,2. Hard Starts,pebble-pounder,42.0,40.4,0.76,Sweet Spot,19.0,30.2,0.0,46.4,0.0,4.4,Z4,46.4% in sweet spot zone,week-5-2-hard-starts.zwo
6,MEDIUM,Lawson Craddock: All-rounder,pro-training-camp-team-bikeexchange-jayco,42.0,37.8,0.735,Sweet Spot,16.7,33.3,11.9,33.3,4.8,0.0,Z2,33.3% in sweet spot zone,lawson-craddock-all-rounder.zwo
6,MEDIUM,Teniel Campbell: All-rounder,pro-training-camp-team-bikeexchange-jayco,42.0,41.7,0.772,Sweet Spot,28.6,23.8,0.0,35.7,0.0,11.9,Z4,35.7% in sweet spot zone,teniel-campbell-all-rounder.zwo
6,MEDIUM,Teniel Campbell: All-rounder,sprinting,42.0,41.7,0.772,Sweet Spot,28.6,23.8,0.0,35.7,0.0,11.9,Z4,35.7% in sweet spot zone,teniel-campbell-all-rounder.zwo
6,MEDIUM,The Geoghegan Hart,threshold,42.0,43.7,0.79,VO2max,31.0,19.0,0.0,0.0,47.6,2.4,Z5,47.6% at threshold/VO2max,the-geoghegan-hart.zwo
6,MEDIUM,3. The Finisher,rising-stars-2023,42.0,30.5,0.66,Threshold,64.3,9.5,4.8,2.4,19.0,0.0,Z1,19.0% at threshold/VO2max,shorter-workouts-3-the-finisher.zwo
6,MEDIUM,The Pidcock,climbing,41.8,29.2,0.648,Anaerobic,65.9,19.2,0.0,0.0,0.0,15.0,Z1,15.0% above FTP,the-pidcock.zwo
6,MEDIUM,The Pidcock,ineos-grenadiers-virtual-training-camp,41.8,29.2,0.648,Anaerobic,65.9,19.2,0.0,0.0,0.0,15.0,Z1,15.0% above FTP,the-pidcock.zwo
6,MEDIUM,3. VO2 Max - 4x3 Ramps,pebble-pounder,41.0,37.6,0.742,Sprint,46.3,19.9,0.0,0.0,3.7,30.1,Z1,30.1% above FTP,week-3-3-vo2-max-4x3-ramps.zwo
6,MEDIUM,VO2 Max - 4x3 Ramps,vo2-max,41.0,37.6,0.742,Sprint,46.3,19.9,0.0,0.0,3.7,30.1,Z1,30.1% above FTP,vo2-max-4x3-ramps.zwo
6,MEDIUM,Nino Schurter - Punchy Climbs,athlete-inspired,40.5,40.9,0.778,Sweet Spot,32.1,12.3,0.0,44.4,0.0,11.1,Z4,44.4% in sweet spot zone,nino-schurter-punchy-climbs.zwo
6,MEDIUM,Nino Schurter - Punchy Climbs,climbing,40.5,40.9,0.778,Sweet Spot,32.1,12.3,0.0,44.4,0.0,11.1,Z4,44.4% in sweet spot zone,nino-schurter-punchy-climbs.zwo
6,MEDIUM,4. Flat Out Fast,training-camp-foundation,40.5,20.1,0.546,Endurance,79.0,17.3,0.0,0.0,3.7,0.0,Z1,96% in Z1/Z2,2025-4-flat-out-fast.zwo
6,MEDIUM,Grin And Bear It,30-60-minutes-to-burn,40.0,37.2,0.747,Sprint,42.5,12.5,5.0,2.5,12.5,25.0,Z1,25.0% above FTP,grin-and-bear-it.zwo
6,MEDIUM,Step By Step,30-60-minutes-to-burn,40.0,38.9,0.764,Sprint,46.2,12.5,0.0,1.2,1.2,38.8,Z1,38.8% above FTP,step-by-step.zwo
6,MEDIUM,1. Big Bear,baby-on-board,40.0,25.0,0.612,Anaerobic,69.4,0.0,13.1,0.0,0.0,17.5,Z1,17.5% above FTP,1-big-bear.zwo
6,MEDIUM,16. Mom-ology,baby-on-board,40.0,26.7,0.633,Endurance,56.9,28.1,10.0,5.0,0.0,0.0,Z1,85% in Z1/Z2,16-mom-ology.zwo
6,MEDIUM,19. Roller Coaster,baby-on-board,40.0,32.0,0.693,Endurance,31.9,38.1,30.0,0.0,0.0,0.0,Z2,70% in Z1/Z2,19-roller-coaster.zwo
6,MEDIUM,20. Pushing ALL the Buttons,baby-on-board,40.0,31.1,0.683,Threshold,65.2,8.1,0.0,0.0,15.8,10.8,Z1,15.8% at threshold/VO2max,20-pushing-all-the-buttons.zwo
6,MEDIUM,24. A Gentle Reminder,baby-on-board,40.0,33.4,0.708,Sweet Spot,31.9,38.1,0.0,30.0,0.0,0.0,Z2,30.0% in sweet spot zone,24-a-gentle-reminder.zwo
6,MEDIUM,5. Wide Awake,baby-on-board,40.0,25.1,0.613,Threshold,62.5,0.0,20.0,0.0,17.5,0.0,Z1,17.5% at threshold/VO2max,5-wide-awake.zwo
6,MEDIUM,6. The Wriggler,baby-on-board,40.0,22.0,0.575,Endurance,55.0,40.0,0.0,3.8,0.6,0.6,Z1,95% in Z1/Z2,6-the-wriggler.zwo
6,MEDIUM,1. Over Under's 12 + 10,back-to-fitness,40.0,39.2,0.767,Anaerobic,25.0,45.0,5.0,5.0,0.0,20.0,Z2,20.0% above FTP,week-10-1-over-unders-12-plus-10.zwo
6,MEDIUM,2. Novanta Lite,build-me-up-lite,40.0,38.2,0.757,Sweet Spot,36.2,0.0,0.0,61.3,1.2,1.2,Z4,61.3% in sweet spot zone,week-3-2-novanta-lite.zwo
6,MEDIUM,The Bernal,climbing,40.0,37.3,0.748,Threshold,32.5,20.0,0.0,30.0,15.0,2.5,Z1,15.0% at threshold/VO2max,the-bernal.zwo
6,MEDIUM,Day 2 - Z2 Cadence Changes,crit-crusher,40.0,22.0,0.575,Endurance,50.0,50.0,0.0,0.0,0.0,0.0,Z1,100% in Z1/Z2,week-7-day-2-z2-cadence-changes.zwo
6,MEDIUM,5. Russian Steps - Speed Style!,cycleops-tt-challenge,40.0,14.1,0.46,Endurance,80.0,20.0,0.0,0.0,0.0,0.0,Z1,100% in Z1/Z2,5-russian-steps-speed-style.zwo
6,MEDIUM,6. Tabata - Speed Style - Short,cycleops-tt-challenge,40.0,17.0,0.505,Endurance,80.0,20.0,0.0,0.0,0.0,0.0,Z1,100% in Z1/Z2,6-tabata-speed-style-short.zwo
6,MEDIUM,Over Under's 12 + 10,daily-fit,40.0,39.2,0.767,Anaerobic,25.0,45.0,5.0,5.0,0.0,20.0,Z2,20.0% above FTP,over-unders-12-plus-10.zwo
6,MEDIUM,03. Rainbow Pyramid,fitness-jumpstart,40.0,39.7,0.772,Anaerobic,33.8,32.5,10.0,7.5,0.0,16.2,Z1,16.2% above FTP,03-rainbow-pyramid.zwo
6,MEDIUM,Day 5 - Active Recovery,ftp-builder,40.0,26.9,0.635,Endurance,47.5,52.5,0.0,0.0,0.0,0.0,Z2,100% in Z1/Z2,week-4-day-5-active-recovery.zwo
6,MEDIUM,Day 5 - Active Recovery,ftp-builder,40.0,26.9,0.635,Endurance,47.5,52.5,0.0,0.0,0.0,0.0,Z2,100% in Z1/Z2,week-5-day-5-active-recovery.zwo
6,MEDIUM,The Bernal,ineos-grenadiers-virtual-training-camp,40.0,37.3,0.748,Threshold,32.5,20.0,0.0,30.0,15.0,2.5,Z1,15.0% at threshold/VO2max,the-bernal.zwo
6,MEDIUM,Grin And Bear It,less-than-60-minutes-to-burn,40.0,37.2,0.747,Sprint,42.5,12.5,5.0,2.5,12.5,25.0,Z1,25.0% above FTP,grin-and-bear-it.zwo
6,MEDIUM,Step By Step,less-than-60-minutes-to-burn,40.0,38.9,0.764,Sprint,46.2,12.5,0.0,1.2,1.2,38.8,Z1,38.8% above FTP,step-by-step.zwo
6,MEDIUM,1. Big Gear SST - 2x10,pebble-pounder,40.0,39.3,0.768,Sweet Spot,17.5,25.0,3.8,52.5,1.2,0.0,Z4,52.5% in sweet spot zone,week-3-1-big-gear-sst-2x10.zwo
6,MEDIUM,2. SST Bursts 10,pebble-pounder,40.0,45.2,0.823,Sweet Spot,17.5,16.2,0.0,50.0,3.8,12.5,Z4,50.0% in sweet spot zone,week-4-2-sst-bursts-10.zwo
6,MEDIUM,Day 13,vo2max-booster-program,40.0,19.7,0.544,Endurance,87.5,0.0,12.5,0.0,0.0,0.0,Z1,88% in Z1/Z2,week-2-day-13.zwo
6,MEDIUM,Lionel Sanders' Red Day Bike Workout,whoop-workout-series,40.0,16.7,0.5,Endurance,100.0,0.0,0.0,0.0,0.0,0.0,Z1,100% in Z1/Z2,red-day-lionel-sanders-red-day-bike-workout.zwo
6,MEDIUM,#13-DPC Russian Steps - Speed Style!,zf18-direct-power-coaching-phase-1,40.0,15.3,0.479,Endurance,80.0,20.0,0.0,0.0,0.0,0.0,Z1,100% in Z1/Z2,week-5-13-dpc-russian-steps-speed-style.zwo
6,MEDIUM,#25-DPC Russian Steps - Speed Style!,zf18-direct-power-coaching-phase-2,40.0,15.3,0.479,Endurance,80.0,20.0,0.0,0.0,0.0,0.0,Z1,100% in Z1/Z2,week-4-25-dpc-russian-steps-speed-style.zwo
6,MEDIUM,#37-DPC Russian Steps - Speed Style!,zf18-direct-power-coaching-phase-3,40.0,15.3,0.479,Endurance,80.0,20.0,0.0,0.0,0.0,0.0,Z1,100% in Z1/Z2,week-4-37-dpc-russian-steps-speed-style.zwo
6,MEDIUM,#50-DPC Russian Steps - Speed Style!,zf18-direct-power-coaching-phase-4,40.0,15.3,0.479,Endurance,80.0,20.0,0.0,0.0,0.0,0.0,Z1,100% in Z1/Z2,week-3-50-dpc-russian-steps-speed-style.zwo
6,MEDIUM,#61-DPC Russian Steps - Speed Style!,zf18-direct-power-coaching-phase-5,40.0,15.3,0.479,Endurance,80.0,20.0,0.0,0.0,0.0,0.0,Z1,100% in Z1/Z2,week-4-61-dpc-russian-steps-speed-style.zwo
6,MEDIUM,#73-DPC Russian Steps - Speed Style!,zf18-direct-power-coaching-phase-6,40.0,15.3,0.479,Endurance,80.0,20.0,0.0,0.0,0.0,0.0,Z1,100% in Z1/Z2,week-4-73-dpc-russian-steps-speed-style.zwo
6,MEDIUM,#85-DPC Russian Steps - Speed Style!,zf18-direct-power-coaching-phase-7,40.0,15.3,0.479,Endurance,80.0,20.0,0.0,0.0,0.0,0.0,Z1,100% in Z1/Z2,week-4-85-dpc-russian-steps-speed-style.zwo
6,MEDIUM,#97-DPC Russian Steps - Speed Style!,zf18-direct-power-coaching-phase-8,40.0,15.3,0.479,Endurance,80.0,20.0,0.0,0.0,0.0,0.0,Z1,100% in Z1/Z2,week-4-97-dpc-russian-steps-speed-style.zwo
6,MEDIUM,#109-DPC Russian Steps  Speed Style!,zf18-direct-power-coaching-phase-9,40.0,15.3,0.479,Endurance,80.0,20.0,0.0,0.0,0.0,0.0,Z1,100% in Z1/Z2,week-4-109-dpc-russian-steps-speed-style.zwo
6,MEDIUM,Week 3: Crit Power Test,coop-academy,40.0,21.1,0.562,Endurance,45.0,50.0,0.0,0.0,5.0,0.0,Z2,95% in Z1/Z2,month-5-semifinals-week-3-crit-power-test.zwo
6,MEDIUM,Anna van der Breggen - Road Race,30-60-minutes-to-burn,39.8,38.9,0.766,Anaerobic,30.2,45.3,0.0,0.0,0.0,24.5,Z2,24.5% above FTP,anna-van-der-breggen-road-race.zwo
6,MEDIUM,Anna van der Breggen - Road Race,athlete-inspired,39.8,38.9,0.766,Anaerobic,30.2,45.3,0.0,0.0,0.0,24.5,Z2,24.5% above FTP,anna-van-der-breggen-road-race.zwo
6,MEDIUM,2. Over Under's 4x 4min,back-to-fitness,39.5,39.3,0.773,Anaerobic,32.9,12.7,25.3,5.1,5.1,19.0,Z1,19.0% above FTP,week-8-2-over-unders-4x-4min.zwo
6,MEDIUM,Over Under's 4x 4min,daily-fit,39.5,39.3,0.773,Anaerobic,32.9,12.7,25.3,5.1,5.1,19.0,Z1,19.0% above FTP,over-unders-4x-4min.zwo
6,MEDIUM,1. It's all about the Foundation,back-to-fitness,39.0,41.5,0.799,Sweet Spot,19.2,17.3,3.8,50.0,0.0,9.6,Z4,50.0% in sweet spot zone,week-8-1-its-all-about-the-foundation.zwo
6,MEDIUM,2. Minute On Minute Off,back-to-fitness,39.0,37.8,0.763,Sprint,44.9,25.6,0.0,0.0,0.0,29.5,Z1,29.5% above FTP,week-9-2-minute-on-minute-off.zwo
6,MEDIUM,It's all about the Foundation,daily-fit,39.0,41.5,0.799,Sweet Spot,19.2,17.3,3.8,50.0,0.0,9.6,Z4,50.0% in sweet spot zone,its-all-about-the-foundation.zwo
6,MEDIUM,Minute On Minute Off,daily-fit,39.0,37.8,0.763,Sprint,44.9,25.6,0.0,0.0,0.0,29.5,Z1,29.5% above FTP,minute-on-minute-off.zwo
6,MEDIUM,Rowing #3 Stroke Rate,karen-parnell-chilitri,39.0,23.9,0.607,Endurance,38.5,41.0,20.5,0.0,0.0,0.0,Z2,80% in Z1/Z2,rowing-rowing-3-stroke-rate.zwo
6,MEDIUM,FTP Boosters,spring-conditioning,38.0,35.8,0.752,Sweet Spot,47.4,0.0,0.0,46.1,0.0,6.6,Z1,46.1% in sweet spot zone,ftp-boosters.zwo
6,MEDIUM,2. FTP Short Blocks,elite-selection-2022,37.0,33.1,0.733,VO2max,40.5,21.6,0.0,0.0,37.8,0.0,Z1,37.8% at threshold/VO2max,short-workouts-2-ftp-short-blocks.zwo
6,MEDIUM,The Swift,ineos-grenadiers-virtual-training-camp,36.2,19.0,0.561,Endurance,76.5,22.1,0.0,0.0,0.0,1.4,Z1,99% in Z1/Z2,the-swift.zwo
6,MEDIUM,The Swift,sprinting,36.2,19.0,0.561,Endurance,76.5,22.1,0.0,0.0,0.0,1.4,Z1,99% in Z1/Z2,the-swift.zwo
6,MEDIUM,No Nonsense,30-60-minutes-to-burn,36.0,32.4,0.735,Sweet Spot,36.1,13.9,0.0,50.0,0.0,0.0,Z4,50.0% in sweet spot zone,no-nonsense.zwo
6,MEDIUM,Day 6 - Endurance,active-offseason,36.0,15.0,0.5,Endurance,100.0,0.0,0.0,0.0,0.0,0.0,Z1,100% in Z1/Z2,week-6-day-6-endurance.zwo
6,MEDIUM,1. No Nonsense,back-to-fitness,36.0,32.4,0.735,Sweet Spot,36.1,13.9,0.0,50.0,0.0,0.0,Z4,50.0% in sweet spot zone,week-0-prep-1-no-nonsense.zwo
6,MEDIUM,1. No Nonsense,back-to-fitness,36.0,32.4,0.735,Sweet Spot,36.1,13.9,0.0,50.0,0.0,0.0,Z4,50.0% in sweet spot zone,week-3-1-no-nonsense.zwo
6,MEDIUM,Rowing #2 SR & Power,karen-parnell-chilitri,36.0,22.2,0.608,Endurance,38.9,44.4,16.7,0.0,0.0,0.0,Z2,83% in Z1/Z2,rowing-rowing-2-sr-power.zwo
6,MEDIUM,Up and Down,30-60-minutes-to-burn,35.0,29.5,0.711,Sweet Spot,42.9,14.3,0.0,42.9,0.0,0.0,Z1,42.9% in sweet spot zone,up-and-down.zwo
6,MEDIUM,2. Up and Down,back-to-fitness,35.0,29.5,0.711,Sweet Spot,42.9,14.3,0.0,42.9,0.0,0.0,Z1,42.9% in sweet spot zone,week-0-prep-2-up-and-down.zwo
6,MEDIUM,2. Up and Down,back-to-fitness,35.0,29.5,0.711,Sweet Spot,42.9,14.3,0.0,42.9,0.0,0.0,Z1,42.9% in sweet spot zone,week-3-2-up-and-down.zwo
6,MEDIUM,1. Red Unicorn Lite,build-me-up-lite,35.0,33.6,0.759,Threshold,27.1,8.6,42.9,1.4,18.6,1.4,Z3,18.6% at threshold/VO2max,week-1-1-red-unicorn-lite.zwo
6,MEDIUM,Free Ride,gravel-grinder,35.0,17.6,0.55,Endurance,100.0,0.0,0.0,0.0,0.0,0.0,Z1,100% in Z1/Z2,week-11-free-ride.zwo
6,MEDIUM,1. SST Bursts 8,pebble-pounder,35.0,38.0,0.807,Sweet Spot,20.0,18.6,0.0,45.7,4.3,11.4,Z4,45.7% in sweet spot zone,week-0-prep-1-sst-bursts-8.zwo
6,MEDIUM,2. Big Gear SST - 3x5,pebble-pounder,35.0,32.3,0.744,Sweet Spot,20.0,32.9,0.0,42.9,4.3,0.0,Z4,42.9% in sweet spot zone,week-0-prep-2-big-gear-sst-3x5.zwo
6,MEDIUM,1. SST Bursts 8,pebble-pounder,35.0,38.0,0.807,Sweet Spot,20.0,18.6,0.0,45.7,4.3,11.4,Z4,45.7% in sweet spot zone,week-2-1-sst-bursts-8.zwo
6,MEDIUM,2. Big Gear SST - 3x5,pebble-pounder,35.0,32.3,0.744,Sweet Spot,20.0,32.9,0.0,42.9,4.3,0.0,Z4,42.9% in sweet spot zone,week-2-2-big-gear-sst-3x5.zwo
6,MEDIUM,Big Gear SST - 3x5,sweet-spot,35.0,32.3,0.744,Sweet Spot,20.0,32.9,0.0,42.9,4.3,0.0,Z4,42.9% in sweet spot zone,big-gear-sst-3x5.zwo
6,MEDIUM,SST Bursts 8,sweet-spot,35.0,38.0,0.807,Sweet Spot,20.0,18.6,0.0,45.7,4.3,11.4,Z4,45.7% in sweet spot zone,sst-bursts-8.zwo
6,MEDIUM,Session 11: Cadence Training,coop-academy,35.0,15.8,0.521,Endurance,100.0,0.0,0.0,0.0,0.0,0.0,Z1,100% in Z1/Z2,month-2-session-11-cadence-training.zwo
6,MEDIUM,Sprint Test,training-camp-foundation,34.8,18.7,0.568,Endurance,49.6,46.0,0.0,0.0,1.4,2.9,Z1,96% in Z1/Z2,1.-sprinting-sprint-test.zwo
6,MEDIUM,HIIT The Tonniau,one-of-a-kind,34.0,30.7,0.736,Anaerobic,35.3,26.5,20.6,0.0,0.0,17.6,Z1,17.6% above FTP,hiit-the-tonniau.zwo
6,MEDIUM,5. Pyramids,elite-selection-2022,34.0,27.7,0.699,Sweet Spot,45.6,23.5,0.0,20.6,0.0,10.3,Z1,20.6% in sweet spot zone,short-workouts-5-pyramids.zwo
6,MEDIUM,Shark Week Workout - GPLama,gp-lama,33.5,32.0,0.757,VO2max,47.8,0.0,0.0,22.4,29.9,0.0,Z1,29.9% at threshold/VO2max,shark-week-workout-gplama.zwo
6,MEDIUM,Sara Martin: All-Rounder,pro-training-camp-movistar,33.5,19.6,0.593,Endurance,26.9,73.1,0.0,0.0,0.0,0.0,Z2,100% in Z1/Z2,sara-martin-all-rounder.zwo
6,MEDIUM,Endurance Elevator [Lite],training-camp-foundation,33.5,29.7,0.729,Sweet Spot,53.7,0.0,0.0,29.9,13.4,3.0,Z1,29.9% in sweet spot zone,3.-endurance-endurance-elevator-lite.zwo
6,MEDIUM,2. To The Max,back-to-fitness,33.0,16.2,0.542,Endurance,84.8,15.2,0.0,0.0,0.0,0.0,Z1,100% in Z1/Z2,week-6-2-to-the-max.zwo
6,MEDIUM,1. Yellow Unicorn Lite,build-me-up-lite,33.0,32.5,0.769,Threshold,31.8,0.0,45.5,1.5,19.7,1.5,Z3,19.7% at threshold/VO2max,week-3-1-yellow-unicorn-lite.zwo
6,MEDIUM,To The Max,daily-fit,33.0,16.2,0.542,Endurance,84.8,15.2,0.0,0.0,0.0,0.0,Z1,100% in Z1/Z2,to-the-max.zwo
6,MEDIUM,Rowing #4 Endurance,karen-parnell-chilitri,33.0,18.0,0.572,Endurance,39.4,60.6,0.0,0.0,0.0,0.0,Z2,100% in Z1/Z2,rowing-rowing-4-endurance.zwo
6,MEDIUM,1. Active Recovery,pebble-pounder,33.0,13.2,0.489,Endurance,93.9,6.1,0.0,0.0,0.0,0.0,Z1,100% in Z1/Z2,week-6-1-active-recovery.zwo
6,MEDIUM,Mend,recovery,33.0,13.2,0.489,Endurance,93.9,6.1,0.0,0.0,0.0,0.0,Z1,100% in Z1/Z2,mend.zwo
6,MEDIUM,4. Mend,z-racing,33.0,13.2,0.489,Endurance,93.9,6.1,0.0,0.0,0.0,0.0,Z1,100% in Z1/Z2,week-3-4-mend.zwo
6,MEDIUM,1. Mend,z-racing,33.0,13.2,0.489,Endurance,93.9,6.1,0.0,0.0,0.0,0.0,Z1,100% in Z1/Z2,week-6-1-mend.zwo
6,MEDIUM,4. Mend,competitive-race-prep,33.0,13.2,0.489,Endurance,93.9,6.1,0.0,0.0,0.0,0.0,Z1,100% in Z1/Z2,week-3-4-mend.zwo
6,MEDIUM,1. Mend,competitive-race-prep,33.0,13.2,0.489,Endurance,93.9,6.1,0.0,0.0,0.0,0.0,Z1,100% in Z1/Z2,week-6-1-mend.zwo
6,MEDIUM,Attacking Test,training-camp-foundation,32.5,17.3,0.565,Anaerobic,55.4,21.5,0.0,0.0,1.5,21.5,Z1,21.5% above FTP,2.-attacking-attacking-test.zwo
6,MEDIUM,1. Ramp It Up! [Lite],training-camp-progression,32.0,29.4,0.742,Sweet Spot,12.5,37.5,0.0,50.0,0.0,0.0,Z4,50.0% in sweet spot zone,short-1-ramp-it-up-lite.zwo
6,MEDIUM,Interval Power Play,30-60-minutes-to-burn,31.0,24.0,0.682,VO2max,48.4,19.4,0.0,0.0,32.3,0.0,Z1,32.3% at threshold/VO2max,interval-power-play.zwo
6,MEDIUM,Dusty Disposition,garmin-unbound-gravel-training-plan,31.0,12.6,0.493,Endurance,80.6,19.4,0.0,0.0,0.0,0.0,Z1,100% in Z1/Z2,week-8-dusty-disposition.zwo
6,MEDIUM,17. Mom Fever,baby-on-board,30.5,21.7,0.653,Endurance,38.5,33.6,23.0,4.9,0.0,0.0,Z1,72% in Z1/Z2,17-mom-fever.zwo
6,MEDIUM,Lactate Shuttle Short,30-minutes-to-burn,30.0,35.3,0.84,Sprint,6.7,53.3,0.0,0.0,0.0,40.0,Z2,40.0% above FTP,lactate-shuttle-short.zwo
6,MEDIUM,Renewal,30-minutes-to-burn,30.0,12.2,0.494,Endurance,80.0,20.0,0.0,0.0,0.0,0.0,Z1,100% in Z1/Z2,renewal.zwo
6,MEDIUM,Wave Rider,30-minutes-to-burn,30.0,34.4,0.829,Sweet Spot,6.7,26.7,0.0,63.3,0.0,3.3,Z4,63.3% in sweet spot zone,wave-rider.zwo
6,MEDIUM,Day 7 - Endurance,active-offseason,30.0,12.5,0.5,Endurance,100.0,0.0,0.0,0.0,0.0,0.0,Z1,100% in Z1/Z2,week-11-day-7-endurance.zwo
6,MEDIUM,Day 5 - Endurance,active-offseason,30.0,13.8,0.525,Endurance,100.0,0.0,0.0,0.0,0.0,0.0,Z1,100% in Z1/Z2,week-3-day-5-endurance.zwo
6,MEDIUM,Day 5 - Endurance,active-offseason,30.0,13.8,0.525,Endurance,100.0,0.0,0.0,0.0,0.0,0.0,Z1,100% in Z1/Z2,week-4-day-5-endurance.zwo
6,MEDIUM,10. Stop-Start,baby-on-board,30.0,18.1,0.602,VO2max,75.0,0.0,0.0,0.0,25.0,0.0,Z1,25.0% at threshold/VO2max,10-stop-start.zwo
6,MEDIUM,9. Sleepless,baby-on-board,30.0,17.3,0.588,Threshold,76.7,0.0,0.0,0.0,23.3,0.0,Z1,23.3% at threshold/VO2max,9-sleepless.zwo
6,MEDIUM,Pedaling Drills,build-me-up,30.0,13.9,0.527,Endurance,61.7,33.3,1.7,1.7,1.7,0.0,Z1,95% in Z1/Z2,week-1-pedaling-drills.zwo
6,MEDIUM,Pedaling Drills,build-me-up,30.0,13.9,0.527,Endurance,61.7,33.3,1.7,1.7,1.7,0.0,Z1,95% in Z1/Z2,week-12-pedaling-drills.zwo
6,MEDIUM,Renewal,build-me-up,30.0,12.2,0.494,Endurance,80.0,20.0,0.0,0.0,0.0,0.0,Z1,100% in Z1/Z2,week-12-renewal.zwo
6,MEDIUM,Pedaling Drills,build-me-up,30.0,13.9,0.527,Endurance,61.7,33.3,1.7,1.7,1.7,0.0,Z1,95% in Z1/Z2,week-4-pedaling-drills.zwo
6,MEDIUM,Pedaling Drills,build-me-up,30.0,13.9,0.527,Endurance,61.7,33.3,1.7,1.7,1.7,0.0,Z1,95% in Z1/Z2,week-8-pedaling-drills.zwo
6,MEDIUM,1. Wave Rider,fast-track-fitness,30.0,34.4,0.829,Sweet Spot,6.7,26.7,0.0,63.3,0.0,3.3,Z4,63.3% in sweet spot zone,week-4-1-wave-rider.zwo
6,MEDIUM,Free Ride,gravel-grinder,30.0,11.3,0.475,Endurance,100.0,0.0,0.0,0.0,0.0,0.0,Z1,100% in Z1/Z2,week-10-free-ride.zwo
6,MEDIUM,Lactate Shuttle Short,less-than-30-minutes-to-burn,30.0,35.3,0.84,Sprint,6.7,53.3,0.0,0.0,0.0,40.0,Z2,40.0% above FTP,lactate-shuttle-short.zwo
6,MEDIUM,Wave Rider,less-than-30-minutes-to-burn,30.0,34.4,0.829,Sweet Spot,6.7,26.7,0.0,63.3,0.0,3.3,Z4,63.3% in sweet spot zone,wave-rider.zwo
6,MEDIUM,2. SST Bursts 6,pebble-pounder,30.0,30.2,0.777,Sweet Spot,23.3,21.7,0.0,40.0,5.0,10.0,Z4,40.0% in sweet spot zone,week-1-2-sst-bursts-6.zwo
6,MEDIUM,2. Openers,pebble-pounder,30.0,22.0,0.664,Anaerobic,56.7,26.7,0.0,0.0,0.0,16.7,Z1,16.7% above FTP,week-6-2-openers.zwo
6,MEDIUM,Pedaling Drills,recovery,30.0,13.9,0.527,Endurance,61.7,33.3,1.7,1.7,1.7,0.0,Z1,95% in Z1/Z2,pedaling-drills.zwo
6,MEDIUM,LONG) SATURDAY OR SUNDAY: E: Endurance/Tempo Ride,charity-alpine-tt-plan,30.0,8.0,0.4,Endurance,100.0,0.0,0.0,0.0,0.0,0.0,Z1,100% in Z1/Z2,week-1-long-saturday-or-sunday-e-endurancetempo-ride.zwo
6,MEDIUM,LONG) SATURDAY OR SUNDAY: E: Endurance/Tempo Ride,charity-alpine-tt-plan,30.0,8.0,0.4,Endurance,100.0,0.0,0.0,0.0,0.0,0.0,Z1,100% in Z1/Z2,week-2-long-saturday-or-sunday-e-endurancetempo-ride.zwo
6,MEDIUM,LONG) SATURDAY OR SUNDAY: E: Endurance/Tempo Ride,charity-alpine-tt-plan,30.0,8.0,0.4,Endurance,100.0,0.0,0.0,0.0,0.0,0.0,Z1,100% in Z1/Z2,week-3-long-saturday-or-sunday-e-endurancetempo-ride.zwo
6,MEDIUM,LONG) SATURDAY OR SUNDAY: E: Endurance/Tempo Ride,charity-endurance-challenge,30.0,8.0,0.4,Endurance,100.0,0.0,0.0,0.0,0.0,0.0,Z1,100% in Z1/Z2,week-1-long-saturday-or-sunday-e-endurancetempo-ride.zwo
6,MEDIUM,LONG) SATURDAY OR SUNDAY: E: Endurance/Tempo Ride,charity-endurance-challenge,30.0,8.0,0.4,Endurance,100.0,0.0,0.0,0.0,0.0,0.0,Z1,100% in Z1/Z2,week-2-long-saturday-or-sunday-e-endurancetempo-ride.zwo
6,MEDIUM,LONG) SATURDAY OR SUNDAY: E: Endurance/Tempo Ride,charity-endurance-challenge,30.0,8.0,0.4,Endurance,100.0,0.0,0.0,0.0,0.0,0.0,Z1,100% in Z1/Z2,week-3-long-saturday-or-sunday-e-endurancetempo-ride.zwo
6,MEDIUM,B) Active Recovery,charity-endurance-challenge,30.0,15.1,0.55,Endurance,100.0,0.0,0.0,0.0,0.0,0.0,Z1,100% in Z1/Z2,week-4-b-active-recovery.zwo
6,MEDIUM,C) Active Recovery,charity-endurance-challenge,30.0,15.1,0.55,Endurance,100.0,0.0,0.0,0.0,0.0,0.0,Z1,100% in Z1/Z2,week-4-c-active-recovery.zwo
6,MEDIUM,SATURDAY OR SUNDAY: E: Endurance/Tempo Ride,charity-one-lap-tt-plan,30.0,8.0,0.4,Endurance,100.0,0.0,0.0,0.0,0.0,0.0,Z1,100% in Z1/Z2,week-1-saturday-or-sunday-e-endurancetempo-ride.zwo
6,MEDIUM,SATURDAY OR SUNDAY: E: Endurance/Tempo Ride,charity-one-lap-tt-plan,30.0,8.0,0.4,Endurance,100.0,0.0,0.0,0.0,0.0,0.0,Z1,100% in Z1/Z2,week-2-saturday-or-sunday-e-endurancetempo-ride.zwo
6,MEDIUM,SATURDAY OR SUNDAY: E: Endurance/Tempo Ride,charity-one-lap-tt-plan,30.0,8.0,0.4,Endurance,100.0,0.0,0.0,0.0,0.0,0.0,Z1,100% in Z1/Z2,week-3-saturday-or-sunday-e-endurancetempo-ride.zwo
6,MEDIUM,Day 5,vo2max-booster-program,30.0,14.7,0.542,Threshold,83.3,0.0,0.0,0.0,16.7,0.0,Z1,16.7% at threshold/VO2max,week-1-day-5.zwo
6,MEDIUM,2. Openers,z-racing,30.0,22.0,0.664,Anaerobic,56.7,26.7,0.0,0.0,0.0,16.7,Z1,16.7% above FTP,week-6-2-openers.zwo
6,MEDIUM,"#64-DPC ""I Hate Pav"" Intervals Session 1",zf18-direct-power-coaching-phase-6,30.0,24.8,0.704,Threshold,74.2,0.0,0.0,0.0,16.7,9.2,Z1,16.7% at threshold/VO2max,week-1-64-dpc-i-hate-pav-intervals-session-1.zwo
6,MEDIUM,Session 6: Zone 2 Cadence Changer,coop-academy,30.0,14.9,0.545,Endurance,100.0,0.0,0.0,0.0,0.0,0.0,Z1,100% in Z1/Z2,month-1-session-6-zone-2-cadence-changer.zwo
6,MEDIUM,2. Leg Openers,competitive-race-prep,30.0,22.0,0.664,Anaerobic,56.7,26.7,0.0,0.0,0.0,16.7,Z1,16.7% above FTP,week-6-2-leg-openers.zwo
6,MEDIUM,03. Cadence and Cruise [Lite],spring-training-2024,29.0,27.4,0.753,Sweet Spot,13.8,27.6,20.7,34.5,0.0,3.4,Z4,34.5% in sweet spot zone,shorter-workouts-03-cadence-and-cruise-lite.zwo
6,MEDIUM,FTP Boosters,le-col-training-with-legends,28.0,33.6,0.849,Sweet Spot,28.6,0.0,0.0,62.5,0.0,8.9,Z4,62.5% in sweet spot zone,sir-bradley-wiggins-ftp-boosters.zwo
6,MEDIUM,06. Sweet Spot Summit [Lite],spring-training-2024,28.0,28.2,0.777,Sweet Spot,14.3,28.6,0.0,57.1,0.0,0.0,Z4,57.1% in sweet spot zone,shorter-workouts-06-sweet-spot-summit-lite.zwo
6,MEDIUM,FTP Boosters,threshold,28.0,33.6,0.849,Sweet Spot,28.6,0.0,0.0,62.5,0.0,8.9,Z4,62.5% in sweet spot zone,ftp-boosters.zwo
6,MEDIUM,8.5 Minutes Of Pain,le-col-training-with-legends,26.5,23.0,0.721,Sprint,66.0,0.0,0.0,0.0,0.0,34.0,Z1,34.0% above FTP,dame-sarah-storey-85-minutes-of-pain.zwo
6,MEDIUM,8.5 Minutes Of Pain,vo2-max,26.5,23.0,0.721,Sprint,66.0,0.0,0.0,0.0,0.0,34.0,Z1,34.0% above FTP,85-minutes-of-pain.zwo
6,MEDIUM,Day 6 - Tempo 1 x 60min,2018-prl100-prep,26.0,16.2,0.612,Endurance,38.5,53.8,7.7,0.0,0.0,0.0,Z2,92% in Z1/Z2,week-10-day-6-tempo-1-x-60min.zwo
6,MEDIUM,04. Power Surge [Lite],spring-training-2024,26.0,26.0,0.774,Sweet Spot,11.5,30.8,0.0,46.2,11.5,0.0,Z4,46.2% in sweet spot zone,shorter-workouts-04-power-surge-lite.zwo
6,MEDIUM,Day 5 - Endurance,active-offseason,25.0,17.3,0.645,Endurance,40.0,60.0,0.0,0.0,0.0,0.0,Z2,100% in Z1/Z2,week-2-day-5-endurance.zwo
6,MEDIUM,Day 5 - Endurance,active-offseason,25.0,17.3,0.645,Endurance,40.0,60.0,0.0,0.0,0.0,0.0,Z2,100% in Z1/Z2,week-5-day-5-endurance.zwo
6,MEDIUM,Day 6 - Endurance,active-offseason,25.0,17.3,0.645,Endurance,40.0,60.0,0.0,0.0,0.0,0.0,Z2,100% in Z1/Z2,week-5-day-6-endurance.zwo
6,MEDIUM,TT warmup,one-of-a-kind,25.0,19.6,0.685,Anaerobic,66.0,6.0,6.0,6.0,0.0,16.0,Z1,16.0% above FTP,tt-warmup.zwo
6,MEDIUM,VO2 Surges,le-col-training-with-legends,24.0,23.2,0.762,Sprint,63.5,0.0,0.0,0.0,0.0,36.5,Z1,36.5% above FTP,dame-sarah-storey-vo2-surges.zwo
6,MEDIUM,VO2 Surges,vo2-max,24.0,23.2,0.762,Sprint,63.5,0.0,0.0,0.0,0.0,36.5,Z1,36.5% above FTP,vo2-surges.zwo
6,MEDIUM,1. Just The Basics,indoor-cycling-fundamentals,21.0,16.3,0.683,Endurance,9.5,61.9,28.6,0.0,0.0,0.0,Z2,71% in Z1/Z2,1-just-the-basics.zwo
6,MEDIUM,Day 1 - Endurance,active-offseason,20.0,17.5,0.725,Endurance,0.0,100.0,0.0,0.0,0.0,0.0,Z2,100% in Z1/Z2,week-1-day-1-endurance.zwo
6,MEDIUM,Endurance Ride 2 hours,ai-endurance,20.0,14.3,0.655,Endurance,0.0,100.0,0.0,0.0,0.0,0.0,Z2,100% in Z1/Z2,bike-endurance-ride-2-hours.zwo
6,MEDIUM,Rowing #1 Technique Drills,karen-parnell-chilitri,20.0,14.3,0.656,Endurance,9.2,80.8,10.0,0.0,0.0,0.0,Z2,90% in Z1/Z2,rowing-rowing-1-technique-drills.zwo
6,MEDIUM,Day 1,your-first-century,20.0,12.0,0.6,Endurance,0.0,100.0,0.0,0.0,0.0,0.0,Z2,100% in Z1/Z2,week-1-day-1.zwo
6,MEDIUM,Day 2,your-first-century,20.0,12.0,0.6,Endurance,0.0,100.0,0.0,0.0,0.0,0.0,Z2,100% in Z1/Z2,week-1-day-2.zwo
6,MEDIUM,Day 3,your-first-century,20.0,12.0,0.6,Endurance,0.0,100.0,0.0,0.0,0.0,0.0,Z2,100% in Z1/Z2,week-1-day-3.zwo
6,MEDIUM,Day 5,your-first-century,20.0,12.0,0.6,Endurance,0.0,100.0,0.0,0.0,0.0,0.0,Z2,100% in Z1/Z2,week-1-day-5.zwo
6,MEDIUM,Day 6,your-first-century,20.0,12.0,0.6,Endurance,0.0,100.0,0.0,0.0,0.0,0.0,Z2,100% in Z1/Z2,week-1-day-6.zwo
6,MEDIUM,Day 1,your-first-century,20.0,12.0,0.6,Endurance,0.0,100.0,0.0,0.0,0.0,0.0,Z2,100% in Z1/Z2,week-2-day-1.zwo
6,MEDIUM,Day 2,your-first-century,20.0,12.0,0.6,Endurance,0.0,100.0,0.0,0.0,0.0,0.0,Z2,100% in Z1/Z2,week-2-day-2.zwo
6,MEDIUM,Day 5,your-first-century,20.0,12.0,0.6,Endurance,0.0,100.0,0.0,0.0,0.0,0.0,Z2,100% in Z1/Z2,week-2-day-5.zwo
6,MEDIUM,Day 2,your-first-century,20.0,12.0,0.6,Endurance,0.0,100.0,0.0,0.0,0.0,0.0,Z2,100% in Z1/Z2,week-3-day-2.zwo
6,MEDIUM,Day 5,your-first-century,20.0,12.0,0.6,Endurance,0.0,100.0,0.0,0.0,0.0,0.0,Z2,100% in Z1/Z2,week-3-day-5.zwo
6,MEDIUM,Day 6,your-first-century,20.0,12.0,0.6,Endurance,0.0,100.0,0.0,0.0,0.0,0.0,Z2,100% in Z1/Z2,week-3-day-6.zwo
5,MEDIUM,Day 4,10-12wk-ftp-builder,95.0,75.2,0.689,Mixed,32.6,23.2,27.4,16.8,0.0,0.0,Z1,Multi-zone: Z4=16.8% Z5=0.0% Z6=0.0%,week-6-day-4.zwo
5,MEDIUM,Mishmash,90plus-minutes-to-burn,90.0,83.7,0.747,Mixed,14.4,50.0,22.2,8.9,4.4,0.0,Z2,Multi-zone: Z4=8.9% Z5=4.4% Z6=0.0%,mishmash.zwo
5,MEDIUM,Red Unicorn,90plus-minutes-to-burn,90.0,83.5,0.746,Mixed,20.6,34.4,30.0,0.6,13.9,0.6,Z2,Multi-zone: Z4=0.6% Z5=13.9% Z6=0.6%,red-unicorn.zwo
5,MEDIUM,Day 6 - FTP Test,active-offseason,90.0,53.3,0.596,Mixed,55.6,38.9,0.0,0.0,0.0,5.6,Z1,Multi-zone: Z4=0.0% Z5=0.0% Z6=5.6%,week-12-day-6-ftp-test.zwo
5,MEDIUM,Red Unicorn,build-me-up,90.0,83.5,0.746,Mixed,20.6,34.4,30.0,0.6,13.9,0.6,Z2,Multi-zone: Z4=0.6% Z5=13.9% Z6=0.6%,week-1-red-unicorn.zwo
5,MEDIUM,Mishmash,build-me-up,90.0,83.7,0.747,Mixed,14.4,50.0,22.2,8.9,4.4,0.0,Z2,Multi-zone: Z4=8.9% Z5=4.4% Z6=0.0%,week-2-mishmash.zwo
5,MEDIUM,GC Coaching's Mishmash,gc-coaching,90.0,83.7,0.747,Mixed,14.4,50.0,22.2,8.9,4.4,0.0,Z2,Multi-zone: Z4=8.9% Z5=4.4% Z6=0.0%,guided-workouts-gc-coachings-mishmash.zwo
5,MEDIUM,"4. Saturday - SST/OU: Red Unicorn (1' + 30"")",gc-coaching-virtual-group-training-phase-1,90.0,79.7,0.729,Mixed,27.2,27.8,30.0,0.6,13.9,0.6,Z3,Multi-zone: Z4=0.6% Z5=13.9% Z6=0.6%,week-1-4-saturday-sstou-red-unicorn-1-plus-30.zwo
5,MEDIUM,Day 4,10-12wk-ftp-builder,75.0,52.7,0.649,Mixed,37.3,46.7,8.0,8.0,0.0,0.0,Z2,Multi-zone: Z4=8.0% Z5=0.0% Z6=0.0%,week-1-skip-if-you-are-in-shape-day-4.zwo
5,MEDIUM,Day 4,10-12wk-ftp-builder,75.0,62.0,0.704,Mixed,28.0,22.7,34.7,14.7,0.0,0.0,Z3,Multi-zone: Z4=14.7% Z5=0.0% Z6=0.0%,week-8-day-4.zwo
5,MEDIUM,LIT medium optimized 75min,recreation-and-foundation,75.0,57.6,0.679,Mixed,16.7,75.3,2.7,0.0,2.7,2.7,Z2,Multi-zone: Z4=0.0% Z5=2.7% Z6=2.7%,lit-medium-optimized-75min.zwo
5,MEDIUM,Day 2 - Anaerobic Intensive x 4,2018-prl100-prep,74.0,39.0,0.562,Mixed,78.4,13.5,2.7,5.4,0.0,0.0,Z1,Multi-zone: Z4=5.4% Z5=0.0% Z6=0.0%,week-15-day-2-anaerobic-intensive-x-4-.zwo
5,MEDIUM,Day 7 - FTP Test,4wk-ftp-booster,73.0,41.8,0.586,Mixed,68.5,20.5,0.0,1.4,0.0,9.6,Z1,Multi-zone: Z4=1.4% Z5=0.0% Z6=9.6%,week-4-day-7-ftp-test.zwo
5,MEDIUM,FTP Test,build-me-up,73.0,41.8,0.586,Mixed,68.5,20.5,0.0,1.4,0.0,9.6,Z1,Multi-zone: Z4=1.4% Z5=0.0% Z6=9.6%,week-12-ftp-test.zwo
5,MEDIUM,FTP Test,ftp-tests-legacy,73.0,38.4,0.562,Mixed,89.0,0.0,1.4,0.0,1.4,8.2,Z1,Multi-zone: Z4=0.0% Z5=1.4% Z6=8.2%,ftp-test.zwo
5,MEDIUM,Session 2: Test Day Ride,coop-academy,73.0,41.8,0.586,Mixed,68.5,20.5,0.0,1.4,0.0,9.6,Z1,Multi-zone: Z4=1.4% Z5=0.0% Z6=9.6%,month-1-session-2-test-day-ride.zwo
5,MEDIUM,Session 20: Test Day Ride,coop-academy,73.0,41.8,0.586,Mixed,68.5,20.5,0.0,1.4,0.0,9.6,Z1,Multi-zone: Z4=1.4% Z5=0.0% Z6=9.6%,month-3-session-20-test-day-ride.zwo
5,MEDIUM,Aerobic 12's #2,tt-tuneup,71.0,58.3,0.702,Mixed,15.5,74.6,0.0,9.9,0.0,0.0,Z2,Multi-zone: Z4=9.9% Z5=0.0% Z6=0.0%,week-0-prep-aerobic-12s-2.zwo
5,MEDIUM,Aerobic 12's #2,tt-tuneup,71.0,58.3,0.702,Mixed,15.5,74.6,0.0,9.9,0.0,0.0,Z2,Multi-zone: Z4=9.9% Z5=0.0% Z6=0.0%,week-2-aerobic-12s-2.zwo
5,MEDIUM,Day 2,10-12wk-ftp-builder,70.0,51.3,0.663,Mixed,31.4,28.6,25.7,0.0,0.0,14.3,Z1,Multi-zone: Z4=0.0% Z5=0.0% Z6=14.3%,week-6-day-2.zwo
5,MEDIUM,Day 2 - Power Surges #2,2018-prl100-prep,70.0,50.7,0.659,Mixed,57.9,25.7,2.9,2.9,0.0,10.7,Z1,Multi-zone: Z4=2.9% Z5=0.0% Z6=10.7%,week-4-day-2-power-surges-2.zwo
5,MEDIUM,Day 6 - FTP Test,active-offseason,70.0,40.5,0.589,Mixed,57.1,35.7,0.0,0.0,7.1,0.0,Z1,Multi-zone: Z4=0.0% Z5=7.1% Z6=0.0%,week-8-day-6-ftp-test.zwo
5,MEDIUM,Day 2,10-12wk-ftp-builder,68.0,48.5,0.654,Mixed,36.8,25.0,27.9,10.3,0.0,0.0,Z1,Multi-zone: Z4=10.3% Z5=0.0% Z6=0.0%,week-12-day-2.zwo
5,MEDIUM,Endurance #3,endurance,66.3,52.8,0.691,Mixed,24.1,40.7,13.6,19.6,0.0,2.0,Z2,Multi-zone: Z4=19.6% Z5=0.0% Z6=2.0%,endurance-3.zwo
5,MEDIUM,Endurance #3,tt-tuneup,66.3,52.8,0.691,Mixed,24.1,40.7,13.6,19.6,0.0,2.0,Z2,Multi-zone: Z4=19.6% Z5=0.0% Z6=2.0%,week-5-endurance-3.zwo
5,MEDIUM,Endurance #3,tt-tuneup,66.3,52.8,0.691,Mixed,24.1,40.7,13.6,19.6,0.0,2.0,Z2,Multi-zone: Z4=19.6% Z5=0.0% Z6=2.0%,week-6-endurance-3.zwo
5,MEDIUM,3. The Long Ride,fondo,65.0,49.2,0.674,Mixed,26.2,46.2,20.0,0.0,6.2,1.5,Z2,Multi-zone: Z4=0.0% Z5=6.2% Z6=1.5%,week-1-3-the-long-ride.zwo
5,MEDIUM,Jenny Gowans Norse Steps,tri247com-pro-workouts,65.0,65.9,0.78,Mixed,9.2,40.8,19.2,19.2,0.0,11.5,Z2,Multi-zone: Z4=19.2% Z5=0.0% Z6=11.5%,jenny-gowans-norse-steps.zwo
5,MEDIUM,Anaerobic Resilience,best-of-coop-academy,63.8,41.0,0.621,Mixed,69.8,14.1,9.4,1.6,0.5,4.6,Z1,Multi-zone: Z4=1.6% Z5=0.5% Z6=4.6%,za-2020-anaerobic-resilience.zwo
5,MEDIUM,4. Anaerobic Resilience,talent-pipeline-2020,63.8,41.0,0.621,Mixed,69.8,14.1,9.4,1.6,0.5,4.6,Z1,Multi-zone: Z4=1.6% Z5=0.5% Z6=4.6%,4-anaerobic-resilience.zwo
5,MEDIUM,Day 2 - Pure Strength #2,2018-prl100-prep,63.5,48.8,0.679,Mixed,37.8,23.6,31.5,0.0,7.1,0.0,Z1,Multi-zone: Z4=0.0% Z5=7.1% Z6=0.0%,week-6-day-2-pure-strength-2.zwo
5,MEDIUM,Extensive Anaerobic 1min,best-of-coop-academy,63.0,46.4,0.665,Mixed,60.3,22.2,0.0,11.1,0.0,6.3,Z1,Multi-zone: Z4=11.1% Z5=0.0% Z6=6.3%,za-2018-extensive-anaerobic-1min.zwo
5,MEDIUM,1. Aerobic 12's #1,l-etape-du-tour-training-club,63.0,50.0,0.69,Mixed,25.4,62.7,0.0,11.9,0.0,0.0,Z2,Multi-zone: Z4=11.9% Z5=0.0% Z6=0.0%,phase-1-1-aerobic-12s-1.zwo
5,MEDIUM,Aerobic 12's #1,tt-tuneup,63.0,50.0,0.69,Mixed,25.4,62.7,0.0,11.9,0.0,0.0,Z2,Multi-zone: Z4=11.9% Z5=0.0% Z6=0.0%,week-1-aerobic-12s-1.zwo
5,MEDIUM,5. Extensive Anaerobic 1min,pro-development-2018,63.0,46.4,0.665,Mixed,60.3,22.2,0.0,11.1,0.0,6.3,Z1,Multi-zone: Z4=11.1% Z5=0.0% Z6=6.3%,5-extensive-anaerobic-1min.zwo
5,MEDIUM,4. 2 x 12min Test,pro-development-2018,63.0,37.5,0.598,Mixed,76.2,12.7,4.8,0.0,4.8,1.6,Z1,Multi-zone: Z4=0.0% Z5=4.8% Z6=1.6%,semi-finals-4-2-x-12min-test.zwo
5,MEDIUM,Endurance #2,endurance,62.5,47.6,0.676,Mixed,9.6,80.0,0.0,6.4,0.0,4.0,Z2,Multi-zone: Z4=6.4% Z5=0.0% Z6=4.0%,endurance-2.zwo
5,MEDIUM,Endurance #2,tt-tuneup,62.5,47.6,0.676,Mixed,9.6,80.0,0.0,6.4,0.0,4.0,Z2,Multi-zone: Z4=6.4% Z5=0.0% Z6=4.0%,week-0-prep-endurance-2.zwo
5,MEDIUM,Endurance #2,tt-tuneup,62.5,47.6,0.676,Mixed,9.6,80.0,0.0,6.4,0.0,4.0,Z2,Multi-zone: Z4=6.4% Z5=0.0% Z6=4.0%,week-3-endurance-2.zwo
5,MEDIUM,Endurance #2,tt-tuneup,62.5,47.6,0.676,Mixed,9.6,80.0,0.0,6.4,0.0,4.0,Z2,Multi-zone: Z4=6.4% Z5=0.0% Z6=4.0%,week-4-endurance-2.zwo
5,MEDIUM,Day 3,10-12wk-ftp-builder,62.0,43.7,0.65,Mixed,16.1,71.0,0.0,12.9,0.0,0.0,Z2,Multi-zone: Z4=12.9% Z5=0.0% Z6=0.0%,week-6-day-3.zwo
5,MEDIUM,Day 2,10-12wk-ftp-builder,60.0,39.9,0.632,Mixed,51.7,16.7,16.7,15.0,0.0,0.0,Z1,Multi-zone: Z4=15.0% Z5=0.0% Z6=0.0%,week-8-day-2.zwo
5,MEDIUM,Anaerobic Ride,ai-endurance,60.0,61.3,0.783,Mixed,0.0,93.3,0.0,0.0,0.0,6.7,Z2,Multi-zone: Z4=0.0% Z5=0.0% Z6=6.7%,bike-anaerobic-ride.zwo
5,MEDIUM,1min Power Duration,best-of-coop-academy,60.0,38.8,0.623,Mixed,45.8,38.3,6.7,0.0,7.5,1.7,Z1,Multi-zone: Z4=0.0% Z5=7.5% Z6=1.7%,za-2019-1min-power-duration.zwo
5,MEDIUM,Tine,build-me-up,60.0,45.0,0.671,Mixed,35.8,16.7,30.0,15.8,0.8,0.8,Z1,Multi-zone: Z4=15.8% Z5=0.8% Z6=0.8%,week-5-tine.zwo
5,MEDIUM,Anaerobic Capacity Hills #1,climbing,60.0,47.9,0.692,Mixed,13.3,70.0,1.7,6.7,0.0,8.3,Z2,Multi-zone: Z4=6.7% Z5=0.0% Z6=8.3%,anaerobic-capacity-hills-1.zwo
5,MEDIUM,Sprint B4 Sprint,gcn,60.0,46.5,0.682,Mixed,35.8,46.7,11.7,0.0,0.0,5.8,Z2,Multi-zone: Z4=0.0% Z5=0.0% Z6=5.8%,sprints-sprint-b4-sprint.zwo
5,MEDIUM,2. Strength Endurance Rotations #1,l-etape-du-tour-training-club,60.0,50.6,0.711,Mixed,28.3,53.3,1.7,15.0,0.0,1.7,Z2,Multi-zone: Z4=15.0% Z5=0.0% Z6=1.7%,phase-1-2-strength-endurance-rotations-1.zwo
5,MEDIUM,A) Powering Out of the Corners,charity-alpine-tt-plan,60.0,52.1,0.722,Mixed,16.7,54.2,21.7,0.0,0.0,7.5,Z2,Multi-zone: Z4=0.0% Z5=0.0% Z6=7.5%,week-1-a-powering-out-of-the-corners.zwo
5,MEDIUM,A) Powering Out of the Corners,charity-alpine-tt-plan,60.0,52.1,0.722,Mixed,16.7,54.2,21.7,0.0,0.0,7.5,Z2,Multi-zone: Z4=0.0% Z5=0.0% Z6=7.5%,week-3-a-powering-out-of-the-corners.zwo
5,MEDIUM,C) 2x20' w/ Bursts,charity-endurance-challenge,60.0,49.3,0.702,Mixed,16.7,76.7,0.0,0.0,0.0,6.7,Z2,Multi-zone: Z4=0.0% Z5=0.0% Z6=6.7%,week-2-c-2x20-w-bursts.zwo
5,MEDIUM,"A: 4 x Decreasing Time, Increasing Effort",charity-one-lap-tt-plan,60.0,43.8,0.662,Mixed,43.3,26.7,21.7,8.3,0.0,0.0,Z1,Multi-zone: Z4=8.3% Z5=0.0% Z6=0.0%,week-1-a-4-x-decreasing-time-increasing-effort.zwo
5,MEDIUM,A: Tempo: 3 x 12 Increasing Bursts (<130%),charity-one-lap-tt-plan,60.0,48.6,0.697,Mixed,30.0,62.5,0.0,0.0,2.5,5.0,Z2,Multi-zone: Z4=0.0% Z5=2.5% Z6=5.0%,week-2-a-tempo-3-x-12-increasing-bursts-130.zwo
5,MEDIUM,7. Spin up #3,singletrack-slayer,60.0,55.5,0.745,Mixed,28.3,11.7,40.0,5.0,3.3,11.7,Z3,Multi-zone: Z4=5.0% Z5=3.3% Z6=11.7%,week-6-7-spin-up-3.zwo
5,MEDIUM,Sprint B4 Sprint,sprinting,60.0,46.5,0.682,Mixed,35.8,46.7,11.7,0.0,0.0,5.8,Z2,Multi-zone: Z4=0.0% Z5=0.0% Z6=5.8%,sprint-b4-sprint.zwo
5,MEDIUM,Strength Reps - Set 1,teamzf-direct-power-coaching-climbing-mission,60.0,28.1,0.53,Mixed,90.0,0.0,0.0,0.0,0.0,10.0,Z1,Multi-zone: Z4=0.0% Z5=0.0% Z6=10.0%,strength-reps-set-1.zwo
5,MEDIUM,Tine,threshold,60.0,45.0,0.671,Mixed,35.8,16.7,30.0,15.8,0.8,0.8,Z1,Multi-zone: Z4=15.8% Z5=0.8% Z6=0.8%,tine.zwo
5,MEDIUM,Anaerobic Capacity Hills #1,tt-tuneup,60.0,47.9,0.692,Mixed,13.3,70.0,1.7,6.7,0.0,8.3,Z2,Multi-zone: Z4=6.7% Z5=0.0% Z6=8.3%,week-3-anaerobic-capacity-hills-1.zwo
5,MEDIUM,Day 1,vo2max-booster-program,60.0,38.6,0.621,Mixed,50.0,41.7,0.0,0.0,0.0,8.3,Z1,Multi-zone: Z4=0.0% Z5=0.0% Z6=8.3%,week-1-day-1.zwo
5,MEDIUM,Day 2,vo2max-booster-program,60.0,25.0,0.5,Mixed,91.7,0.0,0.0,0.0,8.3,0.0,Z1,Multi-zone: Z4=0.0% Z5=8.3% Z6=0.0%,week-1-day-2.zwo
5,MEDIUM,Day 12,vo2max-booster-program,60.0,34.2,0.585,Mixed,75.0,0.0,15.0,0.0,10.0,0.0,Z1,Multi-zone: Z4=0.0% Z5=10.0% Z6=0.0%,week-2-day-12.zwo
5,MEDIUM,5. 1min Power Duration,talent-pipeline-2019,60.0,38.8,0.623,Mixed,45.8,38.3,6.7,0.0,7.5,1.7,Z1,Multi-zone: Z4=0.0% Z5=7.5% Z6=1.7%,5-1min-power-duration.zwo
5,MEDIUM,Day 5 - Power Surges #1,2018-prl100-prep,59.0,40.8,0.644,Mixed,72.0,11.9,3.4,0.0,0.0,12.7,Z1,Multi-zone: Z4=0.0% Z5=0.0% Z6=12.7%,week-2-day-5-power-surges-1.zwo
5,MEDIUM,Day 6 - Strength Endurance #1,2018-prl46-prep,59.0,47.2,0.693,Mixed,27.1,27.1,33.9,6.8,0.0,5.1,Z3,Multi-zone: Z4=6.8% Z5=0.0% Z6=5.1%,week-5-day-6-strength-endurance-1.zwo
5,MEDIUM,Anaerobic Depletion,best-of-coop-academy,59.0,34.7,0.594,Mixed,88.1,0.0,0.0,6.8,0.0,5.1,Z1,Multi-zone: Z4=6.8% Z5=0.0% Z6=5.1%,za-2020-anaerobic-depletion.zwo
5,MEDIUM,Strength Endurance #1,climbing,59.0,47.2,0.693,Mixed,27.1,27.1,33.9,6.8,0.0,5.1,Z3,Multi-zone: Z4=6.8% Z5=0.0% Z6=5.1%,strength-endurance-1.zwo
5,MEDIUM,3. Speed Sprints,singletrack-slayer,59.0,39.9,0.637,Mixed,38.4,45.8,8.5,0.0,5.1,2.3,Z2,Multi-zone: Z4=0.0% Z5=5.1% Z6=2.3%,week-4-3-speed-sprints.zwo
5,MEDIUM,Power Surges #1,sprinting,59.0,40.8,0.644,Mixed,72.0,11.9,3.4,0.0,0.0,12.7,Z1,Multi-zone: Z4=0.0% Z5=0.0% Z6=12.7%,power-surges-1.zwo
5,MEDIUM,Speed Sprints,sprinting,59.0,39.9,0.637,Mixed,38.4,45.8,8.5,0.0,5.1,2.3,Z2,Multi-zone: Z4=0.0% Z5=5.1% Z6=2.3%,speed-sprints.zwo
5,MEDIUM,8. Anaerobic Depletion,talent-pipeline-2020,59.0,34.7,0.594,Mixed,88.1,0.0,0.0,6.8,0.0,5.1,Z1,Multi-zone: Z4=6.8% Z5=0.0% Z6=5.1%,8-anaerobic-depletion.zwo
5,MEDIUM,6. Alternative Sprints,talent-pipeline-2020,58.8,33.6,0.585,Mixed,72.0,17.0,0.0,3.4,5.9,1.7,Z1,Multi-zone: Z4=3.4% Z5=5.9% Z6=1.7%,6-alternative-sprints.zwo
5,MEDIUM,Day 5 - Endurance + 4x1min,2018-prl46-prep,58.0,30.7,0.564,Mixed,62.1,29.3,0.0,6.9,0.0,1.7,Z1,Multi-zone: Z4=6.9% Z5=0.0% Z6=1.7%,week-3-day-5-endurance-plus-4x1min.zwo
5,MEDIUM,3. FTP Test (20 min),pebble-pounder,58.0,37.9,0.626,Mixed,43.1,43.1,0.0,1.7,0.0,12.1,Z1,Multi-zone: Z4=1.7% Z5=0.0% Z6=12.1%,week-6-3-ftp-test-20-min.zwo
5,MEDIUM,5. Leg Speed #1,singletrack-slayer,58.0,50.8,0.725,Mixed,13.8,51.7,17.2,17.2,0.0,0.0,Z2,Multi-zone: Z4=17.2% Z5=0.0% Z6=0.0%,week-1-5-leg-speed-1.zwo
5,MEDIUM,Day 5 - Endurance + 4x1min,2018-prl46-prep,57.0,30.1,0.563,Mixed,63.2,28.1,0.0,7.0,0.0,1.8,Z1,Multi-zone: Z4=7.0% Z5=0.0% Z6=1.8%,week-4-day-5-endurance-plus-4x1min.zwo
5,MEDIUM,Day 5 - Endurance + 4x1min,2018-prl46-prep,57.0,30.1,0.563,Mixed,63.2,28.1,0.0,7.0,0.0,1.8,Z1,Multi-zone: Z4=7.0% Z5=0.0% Z6=1.8%,week-7-day-5-endurance-plus-4x1min.zwo
5,MEDIUM,4. Strength Tempo #1,l-etape-du-tour-training-club,56.5,50.5,0.732,Mixed,23.0,40.7,30.1,0.0,3.5,2.7,Z2,Multi-zone: Z4=0.0% Z5=3.5% Z6=2.7%,phase-1-4-strength-tempo-1.zwo
5,MEDIUM,8. 4min Power Duration,talent-pipeline-2019,56.5,37.9,0.634,Mixed,64.6,1.8,17.7,1.8,3.5,10.6,Z1,Multi-zone: Z4=1.8% Z5=3.5% Z6=10.6%,8-4min-power-duration.zwo
5,MEDIUM,Day 2 - 3min increasing VO2,2018-prl46-prep,56.0,39.3,0.649,Mixed,55.4,25.0,3.6,0.0,5.4,10.7,Z1,Multi-zone: Z4=0.0% Z5=5.4% Z6=10.7%,week-11-day-2-3min-increasing-vo2.zwo
5,MEDIUM,6. Strength Tempo #2,l-etape-du-tour-training-club,56.0,50.3,0.734,Mixed,23.2,38.4,32.1,0.0,3.6,2.7,Z2,Multi-zone: Z4=0.0% Z5=3.6% Z6=2.7%,phase-1-6-strength-tempo-2.zwo
5,MEDIUM,7. Intensive Aerobic,pro-development-2018,56.0,37.8,0.636,Mixed,42.9,33.9,7.1,8.9,5.4,1.8,Z1,Multi-zone: Z4=8.9% Z5=5.4% Z6=1.8%,7-intensive-aerobic.zwo
5,MEDIUM,Sprint Booster,training-camp-foundation,55.8,43.0,0.68,Mixed,30.4,60.9,0.0,0.0,0.9,7.8,Z2,Multi-zone: Z4=0.0% Z5=0.9% Z6=7.8%,1.-sprinting-sprint-booster.zwo
5,MEDIUM,Intensive Anaerobic,best-of-coop-academy,55.1,33.9,0.608,Mixed,74.1,18.2,1.8,1.8,0.0,4.1,Z1,Multi-zone: Z4=1.8% Z5=0.0% Z6=4.1%,za-2018-intensive-anaerobic.zwo
5,MEDIUM,4. Intensive Anaerobic,pro-development-2018,55.1,33.9,0.608,Mixed,74.1,18.2,1.8,1.8,0.0,4.1,Z1,Multi-zone: Z4=1.8% Z5=0.0% Z6=4.1%,4-intensive-anaerobic.zwo
5,MEDIUM,Day 3 - 10min Best effort!,4wk-ftp-booster,55.0,34.8,0.616,Mixed,72.1,0.0,7.3,18.2,0.0,2.4,Z1,Multi-zone: Z4=18.2% Z5=0.0% Z6=2.4%,week-4-day-3-10min-best-effort-.zwo
5,MEDIUM,Day 4 - Hill Reps,crit-crusher,55.0,32.5,0.595,Mixed,72.7,0.0,18.2,9.1,0.0,0.0,Z1,Multi-zone: Z4=9.1% Z5=0.0% Z6=0.0%,week-1-day-4-hill-reps.zwo
5,MEDIUM,Introductory Intervals,daily-fit,55.0,39.1,0.653,Mixed,43.6,21.8,25.5,9.1,0.0,0.0,Z1,Multi-zone: Z4=9.1% Z5=0.0% Z6=0.0%,introductory-intervals.zwo
5,MEDIUM,2. Introductory Intervals,fondo,55.0,39.1,0.653,Mixed,43.6,21.8,25.5,9.1,0.0,0.0,Z1,Multi-zone: Z4=9.1% Z5=0.0% Z6=0.0%,week-1-2-introductory-intervals.zwo
5,MEDIUM,2. Introductory Intervals,gran-fondo,55.0,39.1,0.653,Mixed,43.6,21.8,25.5,9.1,0.0,0.0,Z1,Multi-zone: Z4=9.1% Z5=0.0% Z6=0.0%,week-1-2-introductory-intervals.zwo
5,MEDIUM,LIT short optimized 55min,recreation-and-foundation,55.0,41.6,0.674,Mixed,21.8,72.7,0.0,0.0,2.7,2.7,Z2,Multi-zone: Z4=0.0% Z5=2.7% Z6=2.7%,lit-short-optimized-55min.zwo
5,MEDIUM,#34-DPC Seated Accelerations (RPM) - Strength Reps - Set 3,zf18-direct-power-coaching-phase-3,55.0,40.5,0.665,Mixed,90.9,0.0,0.0,0.0,0.0,9.1,Z1,Multi-zone: Z4=0.0% Z5=0.0% Z6=9.1%,week-3-34-dpc-seated-accelerations-rpm-strength-reps-set-3.zwo
5,MEDIUM,"#115-DPC Taper Session - 5x 30""",zf18-direct-power-coaching-phase-9,55.0,33.6,0.605,Mixed,73.6,5.5,11.8,3.6,0.0,5.5,Z1,Multi-zone: Z4=3.6% Z5=0.0% Z6=5.5%,week-6-115-dpc-taper-session-5x-30.zwo
5,MEDIUM,4. 2 x 8min Test,talent-pipeline-2019,55.0,31.9,0.59,Mixed,81.8,5.5,5.5,0.0,5.5,1.8,Z1,Multi-zone: Z4=0.0% Z5=5.5% Z6=1.8%,semifinals-4-2-x-8min-test.zwo
5,MEDIUM,Day 2 - Extensive Anaerobic x 6,2018-prl100-prep,54.5,34.5,0.616,Mixed,71.6,18.3,1.8,0.0,0.0,8.3,Z1,Multi-zone: Z4=0.0% Z5=0.0% Z6=8.3%,week-13-day-2-extensive-anaerobic-x-6.zwo
5,MEDIUM,Day 2 - Extensive Anaerobic #1,2018-prl46-prep,54.5,54.3,0.773,Mixed,3.7,82.6,0.0,0.0,0.0,13.8,Z2,Multi-zone: Z4=0.0% Z5=0.0% Z6=13.8%,week-7-day-2-extensive-anaerobic-1.zwo
5,MEDIUM,Extensive Anaerobic x 6,vo2-max,54.5,34.5,0.616,Mixed,71.6,18.3,1.8,0.0,0.0,8.3,Z1,Multi-zone: Z4=0.0% Z5=0.0% Z6=8.3%,extensive-anaerobic-x-6.zwo
5,MEDIUM,2. Sprint Profile,talent-pipeline-2020,54.2,30.2,0.578,Mixed,77.8,16.6,0.0,1.8,3.7,0.0,Z1,Multi-zone: Z4=1.8% Z5=3.7% Z6=0.0%,2-sprint-profile.zwo
5,MEDIUM,Day 4,10-12wk-ftp-builder,54.0,38.0,0.65,Mixed,22.2,48.1,22.2,3.7,3.7,0.0,Z2,Multi-zone: Z4=3.7% Z5=3.7% Z6=0.0%,week-4-day-4.zwo
5,MEDIUM,Day 1 - Anaerobic #2,2018-prl46-prep,54.0,51.6,0.757,Mixed,1.9,87.0,0.0,0.0,0.0,11.1,Z2,Multi-zone: Z4=0.0% Z5=0.0% Z6=11.1%,week-10-day-1-anaerobic-2.zwo
5,MEDIUM,Day 3 - Anaerobic #2,2018-prl46-prep,54.0,51.6,0.757,Mixed,1.9,87.0,0.0,0.0,0.0,11.1,Z2,Multi-zone: Z4=0.0% Z5=0.0% Z6=11.1%,week-12-day-3-anaerobic-2.zwo
5,MEDIUM,1. Low 30's,singletrack-slayer,54.0,38.0,0.65,Mixed,57.4,3.7,24.1,7.4,7.4,0.0,Z1,Multi-zone: Z4=7.4% Z5=7.4% Z6=0.0%,week-6-1-low-30s.zwo
5,MEDIUM,Day 2 - Endurance + 3x1min,2018-prl46-prep,53.0,28.5,0.568,Mixed,60.4,30.2,0.0,7.5,0.0,1.9,Z1,Multi-zone: Z4=7.5% Z5=0.0% Z6=1.9%,week-1-day-2-endurance-plus-3x1min.zwo
5,MEDIUM,Anaerobic Low 3,chris-ohearn,53.0,42.3,0.692,Mixed,28.3,56.6,0.0,3.8,0.0,11.3,Z2,Multi-zone: Z4=3.8% Z5=0.0% Z6=11.3%,anaerobic-low-3.zwo
5,MEDIUM,#31-DPC Seated Accelerations Strength Reps - Set 2,zf18-direct-power-coaching-phase-3,53.0,33.7,0.618,Mixed,92.5,0.0,0.0,0.0,0.0,7.5,Z1,Multi-zone: Z4=0.0% Z5=0.0% Z6=7.5%,week-2-31-dpc-seated-accelerations-strength-reps-set-2.zwo
5,MEDIUM,Day 4 - Anaerobic #1,2018-prl46-prep,52.8,49.9,0.753,Mixed,41.6,28.4,18.9,0.0,0.0,11.0,Z1,Multi-zone: Z4=0.0% Z5=0.0% Z6=11.0%,week-9-day-4-anaerobic-1.zwo
5,MEDIUM,2. TUE: FTP Test (20 min),gcn-zero-to-hero-plan,51.0,33.6,0.629,Mixed,49.0,35.3,0.0,2.0,0.0,13.7,Z1,Multi-zone: Z4=2.0% Z5=0.0% Z6=13.7%,week-1-initial-testing-2-tue-ftp-test-20-min.zwo
5,MEDIUM,2. TUE: FTP Test (20 min),gcn-zero-to-hero-plan,51.0,33.6,0.629,Mixed,49.0,35.3,0.0,2.0,0.0,13.7,Z1,Multi-zone: Z4=2.0% Z5=0.0% Z6=13.7%,week-7-testing-week-2-tue-ftp-test-20-min.zwo
5,MEDIUM,Day 1 - Pre-Training Plan,2018-prl100-prep,50.0,29.5,0.595,Mixed,70.0,10.0,8.0,6.0,0.0,6.0,Z1,Multi-zone: Z4=6.0% Z5=0.0% Z6=6.0%,week-1-day-1-pre-training-plan.zwo
5,MEDIUM,Day 1 - Pre-Training Plan,2018-prl46-prep,50.0,29.5,0.595,Mixed,70.0,10.0,8.0,6.0,0.0,6.0,Z1,Multi-zone: Z4=6.0% Z5=0.0% Z6=6.0%,week-1-day-1-pre-training-plan.zwo
5,MEDIUM,Welcome Workout,daily-fit,50.0,32.0,0.62,Mixed,60.0,20.0,8.0,6.0,0.0,6.0,Z1,Multi-zone: Z4=6.0% Z5=0.0% Z6=6.0%,welcome-workout.zwo
5,MEDIUM,Taper Steady,endurance,50.0,46.6,0.748,Mixed,0.0,60.0,30.0,0.0,10.0,0.0,Z2,Multi-zone: Z4=0.0% Z5=10.0% Z6=0.0%,taper-steady.zwo
5,MEDIUM,1. Welcome Workout,fondo,50.0,32.0,0.62,Mixed,60.0,20.0,8.0,6.0,0.0,6.0,Z1,Multi-zone: Z4=6.0% Z5=0.0% Z6=6.0%,week-1-1-welcome-workout.zwo
5,MEDIUM,2. Taper Steady,fondo,50.0,46.6,0.748,Mixed,0.0,60.0,30.0,0.0,10.0,0.0,Z2,Multi-zone: Z4=0.0% Z5=10.0% Z6=0.0%,week-4-2-taper-steady.zwo
5,MEDIUM,1. Welcome Workout,gran-fondo,50.0,32.0,0.62,Mixed,60.0,20.0,8.0,6.0,0.0,6.0,Z1,Multi-zone: Z4=6.0% Z5=0.0% Z6=6.0%,week-1-1-welcome-workout.zwo
5,MEDIUM,2. Taper Steady,gran-fondo,50.0,46.6,0.748,Mixed,0.0,60.0,30.0,0.0,10.0,0.0,Z2,Multi-zone: Z4=0.0% Z5=10.0% Z6=0.0%,week-8-2-taper-steady.zwo
5,MEDIUM,"2x(4x30"") BPA (best possible average)",gravel-grinder,49.0,29.1,0.597,Mixed,69.4,12.2,6.1,12.2,0.0,0.0,Z1,Multi-zone: Z4=12.2% Z5=0.0% Z6=0.0%,week-0-prep--2x4x30-bpa-best-possible-average.zwo
5,MEDIUM,"2x(4x30"") BPA (best possible average)",gravel-grinder,49.0,29.1,0.597,Mixed,69.4,12.2,6.1,12.2,0.0,0.0,Z1,Multi-zone: Z4=12.2% Z5=0.0% Z6=0.0%,week-2--2x4x30-bpa-best-possible-average.zwo
5,MEDIUM,Day 3 - Anaerobic #1,2018-prl100-prep,47.5,40.9,0.719,Mixed,2.1,90.5,0.0,0.0,0.0,7.4,Z2,Multi-zone: Z4=0.0% Z5=0.0% Z6=7.4%,week-16-day-3-anaerobic-1.zwo
5,MEDIUM,Formfinder Lockdown - 2. Tuesday,formfinder-lockdown,47.5,30.9,0.625,Mixed,64.5,12.6,6.3,2.1,0.0,14.4,Z1,Multi-zone: Z4=2.1% Z5=0.0% Z6=14.4%,formfinder-lockdown-2-tuesday.zwo
5,MEDIUM,Men's Team Workout,pro-training-camp-team-bikeexchange-jayco,46.0,37.8,0.702,Mixed,30.4,43.5,10.9,10.9,4.3,0.0,Z2,Multi-zone: Z4=10.9% Z5=4.3% Z6=0.0%,mens-team-workout.zwo
5,MEDIUM,#28-DPC Seated Accelerations (RPM) - Strength Reps - Set 1,zf18-direct-power-coaching-phase-3,46.0,25.7,0.579,Mixed,93.5,0.0,0.0,0.0,0.0,6.5,Z1,Multi-zone: Z4=0.0% Z5=0.0% Z6=6.5%,week-1-28-dpc-seated-accelerations-rpm-strength-reps-set-1.zwo
5,MEDIUM,#42-DPC Strength Reps - Set 1,zf18-direct-power-coaching-phase-4,46.0,27.6,0.6,Mixed,87.0,0.0,0.0,0.0,0.0,13.0,Z1,Multi-zone: Z4=0.0% Z5=0.0% Z6=13.0%,week-1-42-dpc-strength-reps-set-1.zwo
5,MEDIUM,Day 4 - FTP Test (short),2018-prl100-prep,45.0,25.8,0.587,Mixed,80.0,6.7,0.0,0.7,0.0,12.6,Z1,Multi-zone: Z4=0.7% Z5=0.0% Z6=12.6%,week-1-day-4-ftp-test-short.zwo
5,MEDIUM,Day 3 - FTP Test (short),2018-prl100-prep,45.0,25.8,0.587,Mixed,80.0,6.7,0.0,0.7,0.0,12.6,Z1,Multi-zone: Z4=0.7% Z5=0.0% Z6=12.6%,week-15-day-3-ftp-test-short.zwo
5,MEDIUM,Day 4 - FTP Test (short),2018-prl46-prep,45.0,25.8,0.587,Mixed,80.0,6.7,0.0,0.7,0.0,12.6,Z1,Multi-zone: Z4=0.7% Z5=0.0% Z6=12.6%,week-1-day-4-ftp-test-short.zwo
5,MEDIUM,Day 4 - FTP Test (short),2018-prl46-prep,45.0,25.8,0.587,Mixed,80.0,6.7,0.0,0.7,0.0,12.6,Z1,Multi-zone: Z4=0.7% Z5=0.0% Z6=12.6%,week-11-day-4-ftp-test-short.zwo
5,MEDIUM,2. Power + Climbing,back-to-fitness,45.0,42.3,0.751,Mixed,30.0,40.0,8.9,4.4,2.2,14.4,Z2,Multi-zone: Z4=4.4% Z5=2.2% Z6=14.4%,week-7-2-power-plus-climbing.zwo
5,MEDIUM,Power + Climbing,daily-fit,45.0,42.3,0.751,Mixed,30.0,40.0,8.9,4.4,2.2,14.4,Z2,Multi-zone: Z4=4.4% Z5=2.2% Z6=14.4%,power-plus-climbing.zwo
5,MEDIUM,FTP Test [Standard],ftp-tests,45.0,24.5,0.571,Mixed,86.7,0.0,0.7,0.0,0.7,11.9,Z1,Multi-zone: Z4=0.0% Z5=0.7% Z6=11.9%,ftp-test-standard.zwo
5,MEDIUM,FTP Test (shorter),ftp-tests-legacy,45.0,24.5,0.571,Mixed,86.7,0.0,0.7,0.0,0.7,11.9,Z1,Multi-zone: Z4=0.0% Z5=0.7% Z6=11.9%,ftp-test-shorter.zwo
5,MEDIUM,1. Tuesday - FTP Test (shorter),gc-coaching-virtual-group-training-phase-1,45.0,25.8,0.587,Mixed,80.0,6.7,0.0,0.7,0.0,12.6,Z1,Multi-zone: Z4=0.7% Z5=0.0% Z6=12.6%,week-1-1-tuesday-ftp-test-shorter.zwo
5,MEDIUM,High Cadence Bursting Block,gravel-grinder,45.0,22.7,0.55,Mixed,55.6,33.3,0.0,11.1,0.0,0.0,Z1,Multi-zone: Z4=11.1% Z5=0.0% Z6=0.0%,week-10-high-cadence-bursting-block.zwo
5,MEDIUM,High Cadence Bursting Block,gravel-grinder,45.0,25.5,0.583,Mixed,55.6,33.3,0.0,11.1,0.0,0.0,Z1,Multi-zone: Z4=11.1% Z5=0.0% Z6=0.0%,week-6-high-cadence-bursting-block.zwo
5,MEDIUM,#31 Strength Reps Set 1,zf19-spokes-personal-coaching-stage-4,45.0,24.0,0.566,Mixed,86.7,0.0,0.0,0.0,0.0,13.3,Z1,Multi-zone: Z4=0.0% Z5=0.0% Z6=13.3%,31-strength-reps-set-1.zwo
5,MEDIUM,JUNO,season-finale,45.0,30.1,0.633,Mixed,22.2,51.1,11.1,4.4,0.0,11.1,Z2,Multi-zone: Z4=4.4% Z5=0.0% Z6=11.1%,juno.zwo
5,MEDIUM,TITAN,season-finale,45.0,31.1,0.644,Mixed,38.9,50.0,3.3,2.8,2.2,2.8,Z2,Multi-zone: Z4=2.8% Z5=2.2% Z6=2.8%,titan.zwo
5,MEDIUM,2. Fatigue Fighter,rising-stars-2023,44.0,34.7,0.688,Mixed,56.8,9.1,4.5,11.4,13.6,4.5,Z1,Multi-zone: Z4=11.4% Z5=13.6% Z6=4.5%,shorter-workouts-2-fatigue-fighter.zwo
5,MEDIUM,The Wringer,30-60-minutes-to-burn,43.8,39.9,0.74,Mixed,68.0,18.3,0.0,0.0,0.0,13.7,Z1,Multi-zone: Z4=0.0% Z5=0.0% Z6=13.7%,the-wringer.zwo
5,MEDIUM,The Wringer,less-than-60-minutes-to-burn,43.8,39.9,0.74,Mixed,68.0,18.3,0.0,0.0,0.0,13.7,Z1,Multi-zone: Z4=0.0% Z5=0.0% Z6=13.7%,the-wringer.zwo
5,MEDIUM,2. Power Punches,training-camp-foundation,43.5,28.8,0.63,Mixed,59.8,18.4,6.9,11.5,3.4,0.0,Z1,Multi-zone: Z4=11.5% Z5=3.4% Z6=0.0%,2025-2-power-punches.zwo
5,MEDIUM,1. Spice of Life,back-to-fitness,41.0,34.2,0.707,Mixed,29.3,22.0,29.3,19.5,0.0,0.0,Z1,Multi-zone: Z4=19.5% Z5=0.0% Z6=0.0%,week-6-1-spice-of-life.zwo
5,MEDIUM,Spice of Life,daily-fit,41.0,34.2,0.707,Mixed,29.3,22.0,29.3,19.5,0.0,0.0,Z1,Multi-zone: Z4=19.5% Z5=0.0% Z6=0.0%,spice-of-life.zwo
5,MEDIUM,3. Climb Control,training-camp-foundation,41.0,21.4,0.56,Mixed,75.6,17.1,0.0,7.3,0.0,0.0,Z1,Multi-zone: Z4=7.3% Z5=0.0% Z6=0.0%,2025-3-climb-control.zwo
5,MEDIUM,The Kwiatkowski,ineos-grenadiers-virtual-training-camp,40.5,20.9,0.557,Mixed,61.3,19.8,9.1,2.5,0.0,7.4,Z1,Multi-zone: Z4=2.5% Z5=0.0% Z6=7.4%,the-kwiatkowski.zwo
5,MEDIUM,The Kwiatkowski,sprinting,40.5,20.9,0.557,Mixed,61.3,19.8,9.1,2.5,0.0,7.4,Z1,Multi-zone: Z4=2.5% Z5=0.0% Z6=7.4%,the-kwiatkowski.zwo
5,MEDIUM,14. Earning Your Mom Stripes,baby-on-board,40.0,32.7,0.7,Mixed,39.4,23.1,15.0,15.0,0.0,7.5,Z1,Multi-zone: Z4=15.0% Z5=0.0% Z6=7.5%,14-earning-your-mom-stripes.zwo
5,MEDIUM,4. Start-Stop,baby-on-board,40.0,20.0,0.548,Mixed,77.5,0.0,10.0,0.0,12.5,0.0,Z1,Multi-zone: Z4=0.0% Z5=12.5% Z6=0.0%,4-start-stop.zwo
5,MEDIUM,1. Rainbow,back-to-fitness,40.0,29.5,0.665,Mixed,50.0,25.0,10.0,7.5,5.0,2.5,Z1,Multi-zone: Z4=7.5% Z5=5.0% Z6=2.5%,week-5-1-rainbow.zwo
5,MEDIUM,Rainbow,daily-fit,40.0,29.5,0.665,Mixed,50.0,25.0,10.0,7.5,5.0,2.5,Z1,Multi-zone: Z4=7.5% Z5=5.0% Z6=2.5%,rainbow.zwo
5,MEDIUM,Day 2 - Taper Intervals,crit-crusher,38.5,20.4,0.564,Mixed,88.3,0.0,0.0,0.0,11.7,0.0,Z1,Multi-zone: Z4=0.0% Z5=11.7% Z6=0.0%,week-8-day-2-taper-intervals.zwo
5,MEDIUM,"#67-DPC ""I Hate Pav"" Intervals Session 2",zf18-direct-power-coaching-phase-6,35.8,27.8,0.683,Mixed,58.7,19.6,0.0,14.0,0.0,7.7,Z1,Multi-zone: Z4=14.0% Z5=0.0% Z6=7.7%,week-2-67-dpc-i-hate-pav-intervals-session-2.zwo
5,MEDIUM,Pre-Training Plan,30-60-minutes-to-burn,35.0,23.5,0.635,Mixed,57.1,14.3,11.4,8.6,0.0,8.6,Z1,Multi-zone: Z4=8.6% Z5=0.0% Z6=8.6%,pre-training-plan.zwo
5,MEDIUM,22. Manic Moments,baby-on-board,35.0,25.7,0.664,Mixed,48.1,25.7,11.4,5.7,4.3,4.8,Z1,Multi-zone: Z4=5.7% Z5=4.3% Z6=4.8%,22-manic-moments.zwo
5,MEDIUM,Zone Benchmarking,build-me-up,35.0,23.5,0.635,Mixed,57.1,14.3,11.4,8.6,0.0,8.6,Z1,Multi-zone: Z4=8.6% Z5=0.0% Z6=8.6%,week-0-prep-zone-benchmarking.zwo
5,MEDIUM,Pre-Training Plan,less-than-60-minutes-to-burn,35.0,23.5,0.635,Mixed,57.1,14.3,11.4,8.6,0.0,8.6,Z1,Multi-zone: Z4=8.6% Z5=0.0% Z6=8.6%,pre-training-plan.zwo
5,MEDIUM,"#70-DPC ""I Hate Pav"" Intervals Session 3",zf18-direct-power-coaching-phase-6,35.0,29.9,0.716,Mixed,62.9,10.0,0.0,14.3,0.0,12.9,Z1,Multi-zone: Z4=14.3% Z5=0.0% Z6=12.9%,week-3-70-dpc-i-hate-pav-intervals-session-3.zwo
5,MEDIUM,Cafe Ride,endurance,34.0,23.9,0.649,Mixed,20.6,58.8,5.9,14.7,0.0,0.0,Z2,Multi-zone: Z4=14.7% Z5=0.0% Z6=0.0%,cafe-ride.zwo
5,MEDIUM,Cafe Ride,ineos-grenadiers-virtual-training-camp,34.0,23.9,0.649,Mixed,20.6,58.8,5.9,14.7,0.0,0.0,Z2,Multi-zone: Z4=14.7% Z5=0.0% Z6=0.0%,cafe-ride.zwo
5,MEDIUM,1. Slow Motion,back-to-fitness,33.0,25.3,0.678,Mixed,48.5,30.3,0.0,12.1,0.0,9.1,Z1,Multi-zone: Z4=12.1% Z5=0.0% Z6=9.1%,week-2-1-slow-motion.zwo
5,MEDIUM,Slow Motion,daily-fit,33.0,25.3,0.678,Mixed,48.5,30.3,0.0,12.1,0.0,9.1,Z1,Multi-zone: Z4=12.1% Z5=0.0% Z6=9.1%,slow-motion.zwo
5,MEDIUM,Anna Meares - Team Sprint,athlete-inspired,32.2,19.2,0.598,Mixed,60.5,22.5,0.0,0.0,10.1,7.0,Z1,Multi-zone: Z4=0.0% Z5=10.1% Z6=7.0%,anna-meares-team-sprint.zwo
5,MEDIUM,Anna Meares - Team Sprint,sprinting,32.2,19.2,0.598,Mixed,60.5,22.5,0.0,0.0,10.1,7.0,Z1,Multi-zone: Z4=0.0% Z5=10.1% Z6=7.0%,anna-meares-team-sprint.zwo
5,MEDIUM,30-20-10-GO! [Lite],new-workouts,32.0,28.7,0.734,Mixed,28.1,18.8,29.7,15.6,0.0,7.8,Z3,Multi-zone: Z4=15.6% Z5=0.0% Z6=7.8%,30-20-10-go-lite.zwo
5,MEDIUM,2. Basics,back-to-fitness,31.0,23.8,0.678,Mixed,61.3,16.1,0.0,16.1,0.0,6.5,Z1,Multi-zone: Z4=16.1% Z5=0.0% Z6=6.5%,week-1-2-basics.zwo
5,MEDIUM,Basics,daily-fit,31.0,23.8,0.678,Mixed,61.3,16.1,0.0,16.1,0.0,6.5,Z1,Multi-zone: Z4=16.1% Z5=0.0% Z6=6.5%,basics.zwo
5,MEDIUM,Off Road Optimizer,garmin-unbound-gravel-training-plan,31.0,21.8,0.65,Mixed,58.1,12.9,12.9,0.0,9.7,6.5,Z1,Multi-zone: Z4=0.0% Z5=9.7% Z6=6.5%,week-8-off-road-optimizer.zwo
5,MEDIUM,Zone Benchmarking,30-60-minutes-to-burn,30.0,22.2,0.666,Mixed,50.0,16.7,13.3,10.0,0.0,10.0,Z1,Multi-zone: Z4=10.0% Z5=0.0% Z6=10.0%,zone-benchmarking.zwo
5,MEDIUM,Alpha,30-minutes-to-burn,30.0,21.6,0.658,Mixed,56.7,13.3,13.3,0.0,10.0,6.7,Z1,Multi-zone: Z4=0.0% Z5=10.0% Z6=6.7%,alpha.zwo
5,MEDIUM,Expand,30-minutes-to-burn,30.0,27.6,0.743,Mixed,10.8,76.7,0.0,0.0,0.0,12.5,Z2,Multi-zone: Z4=0.0% Z5=0.0% Z6=12.5%,expand.zwo
5,MEDIUM,15. Organized Chaos,baby-on-board,30.0,23.5,0.686,Mixed,44.4,21.7,10.0,5.8,12.5,5.6,Z1,Multi-zone: Z4=5.8% Z5=12.5% Z6=5.6%,15-organized-chaos.zwo
5,MEDIUM,18. Peek-a-Boo,baby-on-board,30.0,23.5,0.685,Mixed,42.5,34.2,15.6,0.0,0.0,7.8,Z1,Multi-zone: Z4=0.0% Z5=0.0% Z6=7.8%,18-peek-a-boo.zwo
5,MEDIUM,23. Mothership,baby-on-board,30.0,21.6,0.657,Mixed,42.5,37.5,13.3,0.0,6.7,0.0,Z1,Multi-zone: Z4=0.0% Z5=6.7% Z6=0.0%,23-mothership.zwo
5,MEDIUM,7. Baby Bear,baby-on-board,30.0,17.5,0.592,Mixed,70.8,17.5,0.0,0.0,0.0,11.7,Z1,Multi-zone: Z4=0.0% Z5=0.0% Z6=11.7%,7-baby-bear.zwo
5,MEDIUM,Zone Benchmarking,build-me-up,30.0,22.2,0.666,Mixed,50.0,16.7,13.3,10.0,0.0,10.0,Z1,Multi-zone: Z4=10.0% Z5=0.0% Z6=10.0%,week-1-zone-benchmarking.zwo
5,MEDIUM,Alpha,build-me-up,30.0,21.6,0.658,Mixed,56.7,13.3,13.3,0.0,10.0,6.7,Z1,Multi-zone: Z4=0.0% Z5=10.0% Z6=6.7%,week-12-alpha.zwo
5,MEDIUM,Expand,less-than-30-minutes-to-burn,30.0,27.6,0.743,Mixed,10.8,76.7,0.0,0.0,0.0,12.5,Z2,Multi-zone: Z4=0.0% Z5=0.0% Z6=12.5%,expand.zwo
5,MEDIUM,A) Leg Openers - Do this the day before the WBR ride,charity-endurance-challenge,30.0,21.8,0.66,Mixed,56.7,13.3,13.3,0.0,10.0,6.7,Z1,Multi-zone: Z4=0.0% Z5=10.0% Z6=6.7%,week-4-a-leg-openers-do-this-the-day-before-the-wbr-ride.zwo
5,MEDIUM,2. Understanding Threshold,indoor-cycling-fundamentals,30.0,24.2,0.695,Mixed,53.3,10.0,10.0,10.0,6.7,10.0,Z1,Multi-zone: Z4=10.0% Z5=6.7% Z6=10.0%,2-understanding-threshold.zwo
5,MEDIUM,3. Jon's Short Mix (101 Edition),indoor-cycling-fundamentals,29.5,26.7,0.737,Mixed,27.1,30.5,33.9,0.0,0.0,8.5,Z3,Multi-zone: Z4=0.0% Z5=0.0% Z6=8.5%,3-jons-short-mix-101-edition.zwo
5,MEDIUM,Sprint Booster [Lite],training-camp-foundation,29.5,23.7,0.694,Mixed,37.3,50.8,0.0,0.0,1.7,10.2,Z2,Multi-zone: Z4=0.0% Z5=1.7% Z6=10.2%,1.-sprinting-sprint-booster-lite.zwo
5,MEDIUM,Flash Burn,30-minutes-to-burn,27.0,26.5,0.767,Mixed,0.0,58.0,24.7,9.9,4.9,2.5,Z2,Multi-zone: Z4=9.9% Z5=4.9% Z6=2.5%,flash-burn.zwo
5,MEDIUM,1. Flash Burn,fast-track-fitness,27.0,26.5,0.767,Mixed,0.0,58.0,24.7,9.9,4.9,2.5,Z2,Multi-zone: Z4=9.9% Z5=4.9% Z6=2.5%,week-3-1-flash-burn.zwo
5,MEDIUM,Flash Burn,less-than-30-minutes-to-burn,27.0,26.5,0.767,Mixed,0.0,58.0,24.7,9.9,4.9,2.5,Z2,Multi-zone: Z4=9.9% Z5=4.9% Z6=2.5%,flash-burn.zwo
5,MEDIUM,GPLAMA - ULTIMATE WARM UP,gp-lama,26.0,18.8,0.659,Mixed,62.2,0.0,30.8,0.0,3.8,3.2,Z1,Multi-zone: Z4=0.0% Z5=3.8% Z6=3.2%,gplama-ultimate-warm-up.zwo
5,MEDIUM,Anaerobic Blasts,le-col-training-with-legends,26.0,24.1,0.746,Mixed,88.5,0.0,0.0,0.0,0.0,11.5,Z1,Multi-zone: Z4=0.0% Z5=0.0% Z6=11.5%,fabian-cancellara-anaerobic-blasts.zwo
5,MEDIUM,Anaerobic Blasts,vo2-max,26.0,24.1,0.746,Mixed,88.5,0.0,0.0,0.0,0.0,11.5,Z1,Multi-zone: Z4=0.0% Z5=0.0% Z6=11.5%,anaerobic-blasts.zwo
5,MEDIUM,Ignite,30-minutes-to-burn,25.0,21.7,0.721,Mixed,64.0,24.0,0.0,0.0,0.0,12.0,Z1,Multi-zone: Z4=0.0% Z5=0.0% Z6=12.0%,ignite.zwo
5,MEDIUM,Day 6 - Endurance,active-offseason,25.0,10.4,0.5,Recovery,100.0,0.0,0.0,0.0,0.0,0.0,Z1,Short easy session,week-7-day-6-endurance.zwo
5,MEDIUM,Day 10,vo2max-booster-program,25.0,10.4,0.5,Recovery,90.0,0.0,0.0,0.0,10.0,0.0,Z1,Short easy session,week-2-day-10.zwo
5,MEDIUM,Day 2,your-first-century,25.0,9.8,0.485,Recovery,100.0,0.0,0.0,0.0,0.0,0.0,Z1,Short easy session,week-4-day-2.zwo
5,MEDIUM,Day 5,your-first-century,25.0,10.4,0.5,Recovery,100.0,0.0,0.0,0.0,0.0,0.0,Z1,Short easy session,week-4-day-5.zwo
5,MEDIUM,Performance,30-minutes-to-burn,24.0,16.5,0.642,Mixed,52.1,25.0,8.3,8.3,0.0,6.2,Z1,Multi-zone: Z4=8.3% Z5=0.0% Z6=6.2%,performance.zwo
5,MEDIUM,Performance,workout-tutorial,24.0,16.5,0.642,Mixed,52.1,25.0,8.3,8.3,0.0,6.2,Z1,Multi-zone: Z4=8.3% Z5=0.0% Z6=6.2%,performance.zwo
5,MEDIUM,3. Unstructured Structure - Free Ride,dirt-destroyer,21.0,11.0,0.56,Recovery,61.9,33.3,0.0,0.0,0.0,4.8,Z1,Short easy session,week-1-3-unstructured-structure-free-ride.zwo
5,MEDIUM,3. Unstructured Structure - Free Ride,dirt-destroyer,21.0,11.0,0.56,Recovery,61.9,33.3,0.0,0.0,0.0,4.8,Z1,Short easy session,week-2-3-unstructured-structure-free-ride.zwo
5,MEDIUM,3. Unstructured Structure - Free Ride,dirt-destroyer,21.0,11.0,0.56,Recovery,61.9,33.3,0.0,0.0,0.0,4.8,Z1,Short easy session,week-3-3-unstructured-structure-free-ride.zwo
5,MEDIUM,3. Unstructured Structure - Free Ride,dirt-destroyer,21.0,11.0,0.56,Recovery,61.9,33.3,0.0,0.0,0.0,4.8,Z1,Short easy session,week-4-3-unstructured-structure-free-ride.zwo
5,MEDIUM,3. Unstructured Structure - Free Ride,dirt-destroyer,21.0,11.0,0.56,Recovery,61.9,33.3,0.0,0.0,0.0,4.8,Z1,Short easy session,week-5-3-unstructured-structure-free-ride.zwo
5,MEDIUM,3. Unstructured Structure - Free Ride,dirt-destroyer,21.0,11.0,0.56,Recovery,61.9,33.3,0.0,0.0,0.0,4.8,Z1,Short easy session,week-6-3-unstructured-structure-free-ride.zwo
5,MEDIUM,Race Day!,30-minutes-to-burn,20.3,15.7,0.68,Mixed,43.3,29.5,9.8,4.9,9.8,2.6,Z1,Multi-zone: Z4=4.9% Z5=9.8% Z6=2.6%,race-day.zwo
5,MEDIUM,6. SAT or SUN: Race Day!,gcn-zero-to-hero-plan,20.3,15.7,0.68,Mixed,43.3,29.5,9.8,4.9,9.8,2.6,Z1,Multi-zone: Z4=4.9% Z5=9.8% Z6=2.6%,week-1-initial-testing-6-sat-or-sun-race-day.zwo
5,MEDIUM,6. SAT or SUN: Race Day!,gcn-zero-to-hero-plan,20.3,15.7,0.68,Mixed,43.3,29.5,9.8,4.9,9.8,2.6,Z1,Multi-zone: Z4=4.9% Z5=9.8% Z6=2.6%,week-2-6-sat-or-sun-race-day.zwo
5,MEDIUM,6. SAT or SUN: Race Day!,gcn-zero-to-hero-plan,20.3,15.7,0.68,Mixed,43.3,29.5,9.8,4.9,9.8,2.6,Z1,Multi-zone: Z4=4.9% Z5=9.8% Z6=2.6%,week-3-6-sat-or-sun-race-day.zwo
5,MEDIUM,6. SAT or SUN: Race Day!,gcn-zero-to-hero-plan,20.3,15.7,0.68,Mixed,43.3,29.5,9.8,4.9,9.8,2.6,Z1,Multi-zone: Z4=4.9% Z5=9.8% Z6=2.6%,week-4-6-sat-or-sun-race-day.zwo
5,MEDIUM,6. SAT or SUN: Race Day!,gcn-zero-to-hero-plan,20.3,15.7,0.68,Mixed,43.3,29.5,9.8,4.9,9.8,2.6,Z1,Multi-zone: Z4=4.9% Z5=9.8% Z6=2.6%,week-5-recovery-6-sat-or-sun-race-day.zwo
5,MEDIUM,6. SAT or SUN: Race Day!,gcn-zero-to-hero-plan,20.3,15.7,0.68,Mixed,43.3,29.5,9.8,4.9,9.8,2.6,Z1,Multi-zone: Z4=4.9% Z5=9.8% Z6=2.6%,week-6-race-specific-intensity-6-sat-or-sun-race-day.zwo
5,MEDIUM,6. SAT or SUN: Race Day!,gcn-zero-to-hero-plan,20.3,15.7,0.68,Mixed,43.3,29.5,9.8,4.9,9.8,2.6,Z1,Multi-zone: Z4=4.9% Z5=9.8% Z6=2.6%,week-7-testing-week-6-sat-or-sun-race-day.zwo
5,MEDIUM,INEOS Pre-Race Warm-up,30-minutes-to-burn,20.0,13.3,0.632,Mixed,58.5,20.0,10.0,0.0,7.5,4.0,Z1,Multi-zone: Z4=0.0% Z5=7.5% Z6=4.0%,ineos-pre-race-warm-up.zwo
5,MEDIUM,Miracle,30-minutes-to-burn,20.0,16.3,0.7,Mixed,42.5,25.0,0.0,10.0,10.0,12.5,Z1,Multi-zone: Z4=10.0% Z5=10.0% Z6=12.5%,miracle.zwo
5,MEDIUM,Twenty Torch,30-minutes-to-burn,20.0,20.2,0.778,Mixed,0.0,62.5,18.8,15.0,0.0,3.8,Z2,Multi-zone: Z4=15.0% Z5=0.0% Z6=3.8%,twenty-torch.zwo
5,MEDIUM,Day 5 - Endurance,active-offseason,20.0,11.0,0.575,Recovery,50.0,50.0,0.0,0.0,0.0,0.0,Z1,Short easy session,week-1-day-5-endurance.zwo
5,MEDIUM,Day 1 - Endurance,active-offseason,20.0,8.3,0.5,Recovery,100.0,0.0,0.0,0.0,0.0,0.0,Z1,Short easy session,week-10-day-1-endurance.zwo
5,MEDIUM,Day 5 - Endurance,active-offseason,20.0,5.9,0.422,Recovery,100.0,0.0,0.0,0.0,0.0,0.0,Z1,Short easy session,week-8-day-5-endurance.zwo
5,MEDIUM,Day 3 - Endurance,active-offseason,20.0,8.3,0.5,Recovery,100.0,0.0,0.0,0.0,0.0,0.0,Z1,Short easy session,week-9-day-3-endurance.zwo
5,MEDIUM,Day 7 - Endurance,active-offseason,20.0,7.3,0.468,Recovery,100.0,0.0,0.0,0.0,0.0,0.0,Z1,Short easy session,week-9-day-7-endurance.zwo
5,MEDIUM,1. Twenty Torch,fast-track-fitness,20.0,20.2,0.778,Mixed,0.0,62.5,18.8,15.0,0.0,3.8,Z2,Multi-zone: Z4=15.0% Z5=0.0% Z6=3.8%,week-2-1-twenty-torch.zwo
5,MEDIUM,Free Ride,gravel-grinder,20.0,10.1,0.55,Recovery,100.0,0.0,0.0,0.0,0.0,0.0,Z1,Short easy session,week-2-free-ride.zwo
5,MEDIUM,Free Ride,gravel-grinder,20.0,9.2,0.525,Recovery,100.0,0.0,0.0,0.0,0.0,0.0,Z1,Short easy session,week-5-free-ride.zwo
5,MEDIUM,Free Ride,gravel-grinder,20.0,10.1,0.55,Recovery,100.0,0.0,0.0,0.0,0.0,0.0,Z1,Short easy session,week-7-free-ride.zwo
5,MEDIUM,INEOS Pre-Race Warm-up,ineos-grenadiers-virtual-training-camp,20.0,13.3,0.632,Mixed,58.5,20.0,10.0,0.0,7.5,4.0,Z1,Multi-zone: Z4=0.0% Z5=7.5% Z6=4.0%,ineos-pre-race-warm-up.zwo
5,MEDIUM,Miracle,less-than-30-minutes-to-burn,20.0,16.3,0.7,Mixed,42.5,25.0,0.0,10.0,10.0,12.5,Z1,Multi-zone: Z4=10.0% Z5=10.0% Z6=12.5%,miracle.zwo
5,MEDIUM,Twenty Torch,less-than-30-minutes-to-burn,20.0,20.2,0.778,Mixed,0.0,62.5,18.8,15.0,0.0,3.8,Z2,Multi-zone: Z4=15.0% Z5=0.0% Z6=3.8%,twenty-torch.zwo
5,MEDIUM,Day 2,your-first-century,20.0,8.3,0.5,Recovery,100.0,0.0,0.0,0.0,0.0,0.0,Z1,Short easy session,week-5-day-2.zwo
5,MEDIUM,Day 5,your-first-century,20.0,8.3,0.5,Recovery,100.0,0.0,0.0,0.0,0.0,0.0,Z1,Short easy session,week-5-day-5.zwo
5,MEDIUM,Day 3,your-first-century,20.0,8.3,0.5,Recovery,100.0,0.0,0.0,0.0,0.0,0.0,Z1,Short easy session,week-7-day-3.zwo
5,MEDIUM,Day 6,your-first-century,20.0,6.9,0.455,Recovery,100.0,0.0,0.0,0.0,0.0,0.0,Z1,Short easy session,week-7-day-6.zwo
5,MEDIUM,Day 3,your-first-century,20.0,8.3,0.5,Recovery,100.0,0.0,0.0,0.0,0.0,0.0,Z1,Short easy session,week-8-day-3.zwo
5,MEDIUM,Day 6,your-first-century,20.0,6.8,0.45,Recovery,100.0,0.0,0.0,0.0,0.0,0.0,Z1,Short easy session,week-8-day-6.zwo
5,MEDIUM,Day 6,your-first-century,20.0,6.8,0.45,Recovery,100.0,0.0,0.0,0.0,0.0,0.0,Z1,Short easy session,week-9-day-6.zwo
5,MEDIUM,GC Coaching Warm-up,gc-coaching,15.0,8.0,0.565,Recovery,90.0,0.0,0.0,0.0,0.0,10.0,Z1,Short easy session,warm-up-gc-coaching-warm-up.zwo
5,MEDIUM,Day 7 - Ride London,4wk-prl-prep,10.0,4.2,0.5,Recovery,100.0,0.0,0.0,0.0,0.0,0.0,Z1,Short easy session,week-4-day-7-ride-london.zwo
5,MEDIUM,FTP Ramp Test [Lite],ftp-tests,8.0,3.3,0.5,Recovery,100.0,0.0,0.0,0.0,0.0,0.0,Z1,Short easy session,ftp-ramp-test-lite.zwo
5,MEDIUM,Ramp Test Lite,ftp-tests-legacy,8.0,3.3,0.5,Recovery,100.0,0.0,0.0,0.0,0.0,0.0,Z1,Short easy session,ramp-test-lite.zwo
5,MEDIUM,Ramp Test,build-me-up,5.0,2.1,0.5,Recovery,100.0,0.0,0.0,0.0,0.0,0.0,Z1,Short easy session,week-0-prep-ramp-test.zwo
5,MEDIUM,FTP Ramp Test,ftp-tests,5.0,2.1,0.5,Recovery,100.0,0.0,0.0,0.0,0.0,0.0,Z1,Short easy session,ftp-ramp-test.zwo
5,MEDIUM,Ramp Test,ftp-tests-legacy,5.0,2.1,0.5,Recovery,100.0,0.0,0.0,0.0,0.0,0.0,Z1,Short easy session,ramp-test.zwo
4,LOW,Formfinder Lockdown - 5. Friday,formfinder-lockdown,121.0,96.6,0.692,Mixed,13.2,52.6,30.9,0.0,0.0,3.3,Z2,No clear training stimulus,formfinder-lockdown-5-friday.zwo
4,LOW,Day 1,your-first-century,105.0,89.0,0.713,Tempo,23.8,38.1,38.1,0.0,0.0,0.0,Z2,⚠ 38.1% in Z3 grey zone,week-5-day-1.zwo
4,LOW,Formfinder Lockdown - 7. Sunday,formfinder-lockdown,96.0,78.8,0.702,Tempo,37.5,10.4,43.8,1.0,5.2,2.1,Z3,⚠ 43.8% in Z3 grey zone,formfinder-lockdown-7-sunday.zwo
4,LOW,Presto,momentum-cycling,90.0,76.3,0.713,Mixed,6.7,60.6,31.1,0.0,1.7,0.0,Z2,No clear training stimulus,presto.zwo
4,LOW,Day 3,your-first-century,90.0,74.3,0.704,Tempo,27.8,33.3,38.9,0.0,0.0,0.0,Z3,⚠ 38.9% in Z3 grey zone,week-4-day-3.zwo
4,LOW,Week 2: Split Zone 2/3,coop-academy,80.0,53.8,0.635,Tempo,50.0,12.5,37.5,0.0,0.0,0.0,Z1,⚠ 37.5% in Z3 grey zone,month-4-semifinals-week-2-split-zone-23.zwo
4,LOW,Day 2,10-12wk-ftp-builder,76.0,53.7,0.651,Tempo,32.9,26.3,40.8,0.0,0.0,0.0,Z3,⚠ 40.8% in Z3 grey zone,week-7-day-2.zwo
4,LOW,Day 3 - Pirate pedaling,hunters-challenge,75.0,53.8,0.656,Tempo,26.7,33.3,40.0,0.0,0.0,0.0,Z3,⚠ 40.0% in Z3 grey zone,week-3-day-3-pirate-pedaling.zwo
4,LOW,Yo-Yo Ma,momentum-cycling,75.0,54.0,0.657,Mixed,26.7,37.3,32.0,2.7,1.3,0.0,Z2,No clear training stimulus,yo-yo-ma.zwo
4,LOW,Day 3,10-12wk-ftp-builder,70.0,51.4,0.664,Tempo,14.3,50.0,35.7,0.0,0.0,0.0,Z2,⚠ 35.7% in Z3 grey zone,week-7-day-3.zwo
4,LOW,Aerobic Threshold Development,best-of-coop-academy,70.0,61.7,0.727,Tempo,11.4,52.9,35.7,0.0,0.0,0.0,Z2,⚠ 35.7% in Z3 grey zone,za-2020-aerobic-threshold-development.zwo
4,LOW,Day 3 - Spiked Tempo,4wk-ftp-booster,67.0,64.0,0.757,Tempo,23.9,0.0,41.8,23.9,0.0,10.4,Z3,⚠ 41.8% in Z3 grey zone,week-3-day-3-spiked-tempo.zwo
4,LOW,Lesley Levison - Spiked Tempo,tri247com-pro-workouts,67.0,64.0,0.757,Tempo,23.9,0.0,41.8,23.9,0.0,10.4,Z3,⚠ 41.8% in Z3 grey zone,lesley-levison-spiked-tempo.zwo
4,LOW,"Over-unders, over-ATS",gravel-grinder,66.0,57.2,0.721,Tempo,22.7,27.3,36.4,0.0,13.6,0.0,Z3,⚠ 36.4% in Z3 grey zone,week-2-over-unders-over-ats.zwo
4,LOW,Over Unders,gravel-grinder,66.0,57.0,0.72,Tempo,40.9,9.1,36.4,0.0,0.0,13.6,Z1,⚠ 36.4% in Z3 grey zone,week-9-over-unders.zwo
4,LOW,Over-Unders & Over-ATS,threshold,66.0,57.2,0.721,Tempo,22.7,27.3,36.4,0.0,13.6,0.0,Z3,⚠ 36.4% in Z3 grey zone,over-unders-over-ats.zwo
4,LOW,Day 3 - Split 2/3,crit-crusher,65.0,47.3,0.661,Mixed,23.1,46.2,30.8,0.0,0.0,0.0,Z2,No clear training stimulus,week-2-day-3-split-23.zwo
4,LOW,Day 4 - Hill Reps,crit-crusher,65.0,40.0,0.608,Mixed,69.2,0.0,30.8,0.0,0.0,0.0,Z1,No clear training stimulus,week-2-day-4-hill-reps.zwo
4,LOW,Day 3 - Strength Endurance,crit-crusher,65.0,45.6,0.649,Mixed,38.5,30.8,30.8,0.0,0.0,0.0,Z1,No clear training stimulus,week-5-day-3-strength-endurance.zwo
4,LOW,Day 3 - Strength Endurance,crit-crusher,65.0,45.6,0.649,Mixed,38.5,30.8,30.8,0.0,0.0,0.0,Z1,No clear training stimulus,week-6-day-3-strength-endurance.zwo
4,LOW,Day 3 - Strength Endurance,crit-crusher,65.0,45.6,0.649,Mixed,38.5,30.8,30.8,0.0,0.0,0.0,Z1,No clear training stimulus,week-7-day-3-strength-endurance.zwo
4,LOW,Week 1: ChickenCycling Zone 3 Leg Work,coop-academy,65.0,48.1,0.666,Tempo,38.5,15.4,46.2,0.0,0.0,0.0,Z3,⚠ 46.2% in Z3 grey zone,month-4-semifinals-week-1-coop-zone-3-leg-work.zwo
4,LOW,Day 6 - Strength Endurance #3,2018-prl46-prep,64.0,54.2,0.713,Tempo,25.0,17.2,46.9,6.2,0.0,4.7,Z3,⚠ 46.9% in Z3 grey zone,week-6-day-6-strength-endurance-3.zwo
4,LOW,"#95-DPC Ride plus 30 Set 3"" Sprints",zf18-direct-power-coaching-phase-8,64.0,71.2,0.817,Tempo,46.9,0.0,40.6,0.0,0.0,12.5,Z1,⚠ 40.6% in Z3 grey zone,week-3-95-dpc-ride-plus-30-set-3-sprints.zwo
4,LOW,Cadence Bursts,endurance,63.0,52.9,0.71,Tempo,36.5,4.8,47.6,0.0,11.1,0.0,Z3,⚠ 47.6% in Z3 grey zone,cadence-bursts.zwo
4,LOW,Cadence Bursts,gcn,63.0,52.9,0.71,Tempo,36.5,4.8,47.6,0.0,11.1,0.0,Z3,⚠ 47.6% in Z3 grey zone,race-prep-cadence-bursts.zwo
4,LOW,Day 2 - Pure Strength #1,2018-prl100-prep,62.0,46.7,0.672,Mixed,38.7,24.2,32.3,0.0,4.8,0.0,Z1,No clear training stimulus,week-5-day-2-pure-strength-1.zwo
4,LOW,Pure Strength #1,climbing,62.0,46.7,0.672,Mixed,38.7,24.2,32.3,0.0,4.8,0.0,Z1,No clear training stimulus,pure-strength-1.zwo
4,LOW,65rpm Strength Ramps,climbing,61.0,43.4,0.653,Tempo,37.7,11.5,49.2,0.0,0.0,1.6,Z3,⚠ 49.2% in Z3 grey zone,65rpm-strength-ramps.zwo
4,LOW,2. 65rpm Strength Ramps,dirt-destroyer,61.0,43.4,0.653,Tempo,37.7,11.5,49.2,0.0,0.0,1.6,Z3,⚠ 49.2% in Z3 grey zone,week-0-prep-2-65rpm-strength-ramps.zwo
4,LOW,2. 70rpm Strength Ramps,dirt-destroyer,61.0,43.4,0.653,Tempo,37.7,11.5,49.2,0.0,0.0,1.6,Z3,⚠ 49.2% in Z3 grey zone,week-1-2-70rpm-strength-ramps.zwo
4,LOW,2. 65rpm Strength Ramps,dirt-destroyer,61.0,43.4,0.653,Tempo,37.7,11.5,49.2,0.0,0.0,1.6,Z3,⚠ 49.2% in Z3 grey zone,week-2-2-65rpm-strength-ramps.zwo
4,LOW,The Joker,human-power-performance,61.0,53.3,0.724,Tempo,16.4,19.7,49.2,9.8,4.9,0.0,Z3,⚠ 49.2% in Z3 grey zone,classic-villains-the-joker.zwo
4,LOW,Giza,60-90-minutes-to-burn,60.0,50.4,0.71,Tempo,30.8,26.7,40.0,0.8,0.8,0.8,Z3,⚠ 40.0% in Z3 grey zone,giza.zwo
4,LOW,Potpourri,60-90-minutes-to-burn,60.0,55.5,0.745,Tempo,35.8,0.0,35.0,27.5,0.8,0.8,Z1,⚠ 35.0% in Z3 grey zone,potpourri.zwo
4,LOW,Sneaky,60-90-minutes-to-burn,60.0,49.6,0.704,Tempo,30.0,16.7,40.0,12.5,0.0,0.8,Z3,⚠ 40.0% in Z3 grey zone,sneaky.zwo
4,LOW,FTP Gains,best-of-coop-academy,60.0,48.2,0.694,Tempo,41.7,5.6,43.3,0.0,2.8,6.7,Z3,⚠ 43.3% in Z3 grey zone,za-2022-ftp-gains.zwo
4,LOW,Potpourri,build-me-up,60.0,55.5,0.745,Tempo,35.8,0.0,35.0,27.5,0.8,0.8,Z1,⚠ 35.0% in Z3 grey zone,week-10-potpourri.zwo
4,LOW,Sneaky,build-me-up,60.0,49.6,0.704,Tempo,30.0,16.7,40.0,12.5,0.0,0.8,Z3,⚠ 40.0% in Z3 grey zone,week-4-sneaky.zwo
4,LOW,Giza,build-me-up,60.0,50.4,0.71,Tempo,30.8,26.7,40.0,0.8,0.8,0.8,Z3,⚠ 40.0% in Z3 grey zone,week-7-giza.zwo
4,LOW,High Torque Hills,climbing,60.0,53.4,0.731,Tempo,38.3,3.3,35.0,13.3,0.0,10.0,Z1,⚠ 35.0% in Z3 grey zone,high-torque-hills.zwo
4,LOW,Fast pedaling,endurance,60.0,36.0,0.6,Mixed,66.7,0.0,33.3,0.0,0.0,0.0,Z1,No clear training stimulus,fast-pedaling.zwo
4,LOW,Fast pedaling,gcn,60.0,36.0,0.6,Mixed,66.7,0.0,33.3,0.0,0.0,0.0,Z1,No clear training stimulus,race-prep-fast-pedaling.zwo
4,LOW,Following the efforts,gravel-grinder,60.0,51.3,0.716,Tempo,46.7,0.0,40.0,0.0,0.0,13.3,Z1,⚠ 40.0% in Z3 grey zone,week-11-following-the-efforts.zwo
4,LOW,B: Tempo: 8 x 3 min @Tempo + 1 min @Threshold,charity-one-lap-tt-plan,60.0,48.3,0.695,Tempo,30.0,16.7,40.0,13.3,0.0,0.0,Z3,⚠ 40.0% in Z3 grey zone,week-1-b-tempo-8-x-3-min-tempo-plus-1-min-threshold.zwo
4,LOW,A: Over/Unders: OU: 3 x 4 Decreasing,charity-one-lap-tt-plan,60.0,55.8,0.747,Tempo,19.2,21.7,44.6,3.3,5.0,6.2,Z3,⚠ 44.6% in Z3 grey zone,week-4-a-overunders-ou-3-x-4-decreasing.zwo
4,LOW,3. High Torque Hills,singletrack-slayer,60.0,53.4,0.731,Tempo,38.3,3.3,35.0,13.3,0.0,10.0,Z1,⚠ 35.0% in Z3 grey zone,week-2-3-high-torque-hills.zwo
4,LOW,4. Spin up #2,singletrack-slayer,59.0,54.1,0.742,Tempo,28.8,11.9,40.7,5.1,3.4,10.2,Z3,⚠ 40.7% in Z3 grey zone,week-5-4-spin-up-2.zwo
4,LOW,4. Rolling Hills #3,singletrack-slayer,58.5,47.5,0.698,Tempo,0.0,59.0,36.8,4.3,0.0,0.0,Z2,⚠ 36.8% in Z3 grey zone,week-4-4-rolling-hills-3.zwo
4,LOW,Day 2,10-12wk-ftp-builder,58.0,39.2,0.637,Tempo,36.2,25.9,37.9,0.0,0.0,0.0,Z3,⚠ 37.9% in Z3 grey zone,week-5-day-2.zwo
4,LOW,Goin' for Gravel,climbing,58.0,48.2,0.706,Tempo,27.6,17.2,41.4,12.9,0.0,0.9,Z3,⚠ 41.4% in Z3 grey zone,goin-for-gravel.zwo
4,LOW,Goin' for Gravel,garmin-unbound-gravel-training-plan,58.0,48.2,0.706,Tempo,27.6,17.2,41.4,12.9,0.0,0.9,Z3,⚠ 41.4% in Z3 grey zone,week-5-goin-for-gravel.zwo
4,LOW,"#92-DPC Ride plus 30 Set 2"" Sprints",zf18-direct-power-coaching-phase-8,58.0,58.1,0.775,Tempo,51.7,0.0,37.9,0.0,0.0,10.3,Z1,⚠ 37.9% in Z3 grey zone,week-2-92-dpc-ride-plus-30-set-2-sprints.zwo
4,LOW,Day 6 - AC Maintenance #1,2018-prl100-prep,57.8,54.6,0.753,Tempo,16.9,26.0,43.3,0.0,0.0,13.9,Z3,⚠ 43.3% in Z3 grey zone,week-1-day-6-ac-maintenance-1.zwo
4,LOW,AC Maintenance #1,vo2-max,57.8,54.6,0.753,Tempo,16.9,26.0,43.3,0.0,0.0,13.9,Z3,⚠ 43.3% in Z3 grey zone,ac-maintenance-1.zwo
4,LOW,Spin Up #1,daily-fit,56.0,49.6,0.729,Tempo,30.4,12.5,42.9,5.4,1.8,7.1,Z3,⚠ 42.9% in Z3 grey zone,spin-up-1.zwo
4,LOW,Rolling Hills #1,endurance,56.0,45.0,0.694,Mixed,0.0,61.6,33.9,4.5,0.0,0.0,Z2,No clear training stimulus,rolling-hills-1.zwo
4,LOW,7. Rolling Hills #1,singletrack-slayer,56.0,45.0,0.694,Mixed,0.0,61.6,33.9,4.5,0.0,0.0,Z2,No clear training stimulus,week-1-7-rolling-hills-1.zwo
4,LOW,2. Spin Up #1,singletrack-slayer,56.0,49.6,0.729,Tempo,30.4,12.5,42.9,5.4,1.8,7.1,Z3,⚠ 42.9% in Z3 grey zone,week-2-2-spin-up-1.zwo
4,LOW,#01-DPC Spin Ups,zf18-direct-power-coaching-phase-1,56.0,36.9,0.629,Tempo,57.1,0.0,42.9,0.0,0.0,0.0,Z1,⚠ 42.9% in Z3 grey zone,week-1-01-dpc-spin-ups.zwo
4,LOW,#14-DPC Spin Ups,zf18-direct-power-coaching-phase-1,56.0,36.9,0.629,Tempo,57.1,0.0,42.9,0.0,0.0,0.0,Z1,⚠ 42.9% in Z3 grey zone,week-5-14-dpc-spin-ups.zwo
4,LOW,#26-DPC Spin Ups,zf18-direct-power-coaching-phase-2,56.0,36.9,0.629,Tempo,57.1,0.0,42.9,0.0,0.0,0.0,Z1,⚠ 42.9% in Z3 grey zone,week-4-26-dpc-spin-ups.zwo
4,LOW,#38-DPC Spin Ups,zf18-direct-power-coaching-phase-3,56.0,36.9,0.629,Tempo,57.1,0.0,42.9,0.0,0.0,0.0,Z1,⚠ 42.9% in Z3 grey zone,week-4-38-dpc-spin-ups.zwo
4,LOW,#51-DPC Spin Ups,zf18-direct-power-coaching-phase-4,56.0,36.9,0.629,Tempo,57.1,0.0,42.9,0.0,0.0,0.0,Z1,⚠ 42.9% in Z3 grey zone,week-4-51-dpc-spin-ups.zwo
4,LOW,#62-DPC Spin Ups,zf18-direct-power-coaching-phase-5,56.0,36.9,0.629,Tempo,57.1,0.0,42.9,0.0,0.0,0.0,Z1,⚠ 42.9% in Z3 grey zone,week-4-62-dpc-spin-ups.zwo
4,LOW,#74-DPC Spin Ups,zf18-direct-power-coaching-phase-6,56.0,34.8,0.611,Tempo,57.1,0.0,42.9,0.0,0.0,0.0,Z1,⚠ 42.9% in Z3 grey zone,week-4-74-dpc-spin-ups.zwo
4,LOW,#86-DPC Spin Ups,zf18-direct-power-coaching-phase-7,56.0,36.9,0.629,Tempo,57.1,0.0,42.9,0.0,0.0,0.0,Z1,⚠ 42.9% in Z3 grey zone,week-4-86-dpc-spin-ups.zwo
4,LOW,#98-DPC Spin Ups,zf18-direct-power-coaching-phase-8,56.0,36.9,0.629,Tempo,57.1,0.0,42.9,0.0,0.0,0.0,Z1,⚠ 42.9% in Z3 grey zone,week-4-98-dpc-spin-ups.zwo
4,LOW,#110-DPC Spin Ups,zf18-direct-power-coaching-phase-9,56.0,36.9,0.629,Tempo,57.1,0.0,42.9,0.0,0.0,0.0,Z1,⚠ 42.9% in Z3 grey zone,week-4-110-dpc-spin-ups.zwo
4,LOW,5. Descending Tempo #1,l-etape-du-tour-training-club,55.0,46.3,0.711,Tempo,36.4,12.7,36.4,12.7,0.0,1.8,Z1,⚠ 36.4% in Z3 grey zone,phase-2-5-descending-tempo-1.zwo
4,LOW,2004,2020-rapha-festive-500,50.5,46.0,0.739,Tempo,24.8,15.8,39.6,11.9,5.9,2.0,Z3,⚠ 39.6% in Z3 grey zone,2004.zwo
4,LOW,2004,30-60-minutes-to-burn,50.5,46.0,0.739,Tempo,24.8,15.8,39.6,11.9,5.9,2.0,Z3,⚠ 39.6% in Z3 grey zone,2004.zwo
4,LOW,1. Tempo To Sprints,gran-fondo,50.0,44.4,0.73,Tempo,42.3,5.0,45.0,0.0,0.0,7.7,Z3,⚠ 45.0% in Z3 grey zone,week-4-1-tempo-to-sprints.zwo
4,LOW,Women's Team Workout,pro-training-camp-movistar,47.3,33.2,0.649,Tempo,36.6,21.1,42.3,0.0,0.0,0.0,Z3,⚠ 42.3% in Z3 grey zone,womens-team-workout.zwo
4,LOW,Women's Team Recovery Ride,pro-training-camp,45.0,40.6,0.736,Tempo,0.0,64.4,35.6,0.0,0.0,0.0,Z2,⚠ 35.6% in Z3 grey zone,womens-team-recovery-ride.zwo
4,LOW,Women's Team Recovery Ride,recovery,45.0,40.6,0.736,Tempo,0.0,64.4,35.6,0.0,0.0,0.0,Z2,⚠ 35.6% in Z3 grey zone,womens-team-recovery-ride.zwo
4,LOW,Hairpin Wizard,30-60-minutes-to-burn,44.0,38.1,0.721,Tempo,15.9,29.5,47.7,0.0,0.0,6.8,Z3,⚠ 47.7% in Z3 grey zone,hairpin-wizard.zwo
4,LOW,Fun is Flying Uphill,fun-is-fast-2021,44.0,38.1,0.721,Tempo,15.9,29.5,47.7,0.0,0.0,6.8,Z3,⚠ 47.7% in Z3 grey zone,fun-is-flying-uphill.zwo
4,LOW,Hairpin Wizard,spring-conditioning,44.0,38.1,0.721,Tempo,15.9,29.5,47.7,0.0,0.0,6.8,Z3,⚠ 47.7% in Z3 grey zone,hairpin-wizard.zwo
4,LOW,"#89-DPC Ride plus 30 Set 1"" Sprints Set 1",zf18-direct-power-coaching-phase-8,42.0,42.3,0.777,Tempo,47.6,0.0,42.9,0.0,0.0,9.5,Z1,⚠ 42.9% in Z3 grey zone,week-1-89-dpc-ride-plus-30-set-1-sprints-set-1.zwo
4,LOW,#101-DPC Zone 3-4 Ride - Hilly - Low RPM,zf18-direct-power-coaching-phase-9,42.0,32.3,0.679,Tempo,47.6,0.0,47.6,0.0,2.4,2.4,Z1,⚠ 47.6% in Z3 grey zone,week-1-101-dpc-zone-3-4-ride-hilly-low-rpm.zwo
4,LOW,1. Strength Builder,back-to-fitness,41.0,30.5,0.668,Tempo,39.0,12.2,48.8,0.0,0.0,0.0,Z3,⚠ 48.8% in Z3 grey zone,week-4-1-strength-builder.zwo
4,LOW,2. Touch of Egypt,back-to-fitness,41.0,31.6,0.68,Tempo,39.0,12.2,48.8,0.0,0.0,0.0,Z3,⚠ 48.8% in Z3 grey zone,week-5-2-touch-of-egypt.zwo
4,LOW,Strength Builder,daily-fit,41.0,30.5,0.668,Tempo,39.0,12.2,48.8,0.0,0.0,0.0,Z3,⚠ 48.8% in Z3 grey zone,strength-builder.zwo
4,LOW,Touch of Egypt,daily-fit,41.0,31.6,0.68,Tempo,39.0,12.2,48.8,0.0,0.0,0.0,Z3,⚠ 48.8% in Z3 grey zone,touch-of-egypt.zwo
4,LOW,2. Double Trouble,baby-on-board,40.0,21.5,0.568,Tempo,65.0,0.0,35.0,0.0,0.0,0.0,Z1,⚠ 35.0% in Z3 grey zone,2-double-trouble.zwo
4,LOW,3. Five Bumps Down,baby-on-board,40.0,26.5,0.63,Tempo,62.5,0.0,37.5,0.0,0.0,0.0,Z1,⚠ 37.5% in Z3 grey zone,3-five-bumps-down.zwo
4,LOW,Elevate and Escalate,30-60-minutes-to-burn,35.0,33.3,0.756,Tempo,0.0,42.9,42.9,14.3,0.0,0.0,Z2,⚠ 42.9% in Z3 grey zone,elevate-and-escalate.zwo
4,LOW,Orange Unicorn Lite,30-60-minutes-to-burn,31.5,29.3,0.747,Tempo,38.1,0.0,47.6,1.6,11.1,1.6,Z3,⚠ 47.6% in Z3 grey zone,orange-unicorn-lite.zwo
4,LOW,1. Orange Unicorn Lite,build-me-up-lite,31.5,29.3,0.747,Tempo,38.1,0.0,47.6,1.6,11.1,1.6,Z3,⚠ 47.6% in Z3 grey zone,week-2-1-orange-unicorn-lite.zwo
4,LOW,11. Strength Baby,baby-on-board,31.0,18.4,0.597,Tempo,61.3,0.0,38.7,0.0,0.0,0.0,Z1,⚠ 38.7% in Z3 grey zone,11-strength-baby.zwo
4,LOW,12. Tantrum,baby-on-board,30.0,18.8,0.614,Tempo,56.7,0.0,40.0,0.0,0.0,3.3,Z1,⚠ 40.0% in Z3 grey zone,12-tantrum.zwo
4,LOW,21. Beep! Beep! Beep!,baby-on-board,30.0,22.8,0.676,Tempo,40.8,12.5,40.0,0.0,6.7,0.0,Z1,⚠ 40.0% in Z3 grey zone,21-beep-beep-beep.zwo
4,LOW,8. Five Bumps,baby-on-board,30.0,18.8,0.614,Mixed,66.7,0.0,33.3,0.0,0.0,0.0,Z1,No clear training stimulus,8-five-bumps.zwo
4,LOW,2. Sneaky Lite,build-me-up-lite,27.0,22.4,0.706,Tempo,40.7,0.0,44.4,14.8,0.0,0.0,Z3,⚠ 44.4% in Z3 grey zone,week-4-2-sneaky-lite.zwo
4,LOW,Terrain Toner,30-minutes-to-burn,26.0,20.5,0.688,Mixed,0.0,69.2,30.8,0.0,0.0,0.0,Z2,No clear training stimulus,terrain-toner.zwo
4,LOW,Heat Wave,30-minutes-to-burn,19.2,21.5,0.821,Threshold,0.0,45.2,0.0,39.1,15.7,0.0,Z2,15.7% at threshold/VO2max | Short (19.2min),heat-wave.zwo
4,LOW,Lunar Light,30-minutes-to-burn,19.2,22.5,0.838,Threshold,0.0,34.3,23.9,21.0,20.8,0.0,Z2,20.8% at threshold/VO2max | Short (19.2min),lunar-light.zwo
4,LOW,Heat Wave,less-than-30-minutes-to-burn,19.2,21.5,0.821,Threshold,0.0,45.2,0.0,39.1,15.7,0.0,Z2,15.7% at threshold/VO2max | Short (19.2min),heat-wave.zwo
4,LOW,Lunar Light,less-than-30-minutes-to-burn,19.2,22.5,0.838,Threshold,0.0,34.3,23.9,21.0,20.8,0.0,Z2,20.8% at threshold/VO2max | Short (19.2min),lunar-light.zwo
4,LOW,Instant Inferno,30-minutes-to-burn,18.0,20.1,0.819,Sweet Spot,0.0,38.9,25.0,25.0,11.1,0.0,Z2,25.0% in sweet spot zone | Short (18.0min),instant-inferno.zwo
4,LOW,2. Instant Inferno,fast-track-fitness,18.0,20.1,0.819,Sweet Spot,0.0,38.9,25.0,25.0,11.1,0.0,Z2,25.0% in sweet spot zone | Short (18.0min),week-1-2-instant-inferno.zwo
4,LOW,Instant Inferno,less-than-30-minutes-to-burn,18.0,20.1,0.819,Sweet Spot,0.0,38.9,25.0,25.0,11.1,0.0,Z2,25.0% in sweet spot zone | Short (18.0min),instant-inferno.zwo
4,LOW,Brisk Burn,30-minutes-to-burn,16.0,16.9,0.796,Sweet Spot,0.0,56.2,12.5,21.9,6.2,3.1,Z2,21.9% in sweet spot zone | Short (16.0min),brisk-burn.zwo
4,LOW,Micro Wave,30-minutes-to-burn,16.0,19.8,0.861,Anaerobic,0.0,12.5,59.4,0.0,12.5,15.6,Z3,15.6% above FTP | Short (16.0min),micro-wave.zwo
4,LOW,1. Brisk Burn,fast-track-fitness,16.0,16.9,0.796,Sweet Spot,0.0,56.2,12.5,21.9,6.2,3.1,Z2,21.9% in sweet spot zone | Short (16.0min),week-1-1-brisk-burn.zwo
4,LOW,Brisk Burn,less-than-30-minutes-to-burn,16.0,16.9,0.796,Sweet Spot,0.0,56.2,12.5,21.9,6.2,3.1,Z2,21.9% in sweet spot zone | Short (16.0min),brisk-burn.zwo
4,LOW,Micro Wave,less-than-30-minutes-to-burn,16.0,19.8,0.861,Anaerobic,0.0,12.5,59.4,0.0,12.5,15.6,Z3,15.6% above FTP | Short (16.0min),micro-wave.zwo
4,LOW,Make It Sting,30-minutes-to-burn,15.5,15.6,0.778,Anaerobic,44.1,38.7,0.0,0.0,0.0,17.2,Z1,17.2% above FTP | Short (15.5min),make-it-sting.zwo
4,LOW,Aerobic High,chris-ohearn,15.0,9.8,0.625,Endurance,0.0,100.0,0.0,0.0,0.0,0.0,Z2,100% in Z1/Z2 | Short (15.0min),aerobic-high.zwo
4,LOW,Aerobic Medium,chris-ohearn,15.0,9.8,0.625,Endurance,0.0,100.0,0.0,0.0,0.0,0.0,Z2,100% in Z1/Z2 | Short (15.0min),aerobic-medium.zwo
3,LOW,4. The Long Ride - 6x20min Tempo,gran-fondo,195.0,145.5,0.669,Tempo,33.8,3.6,61.5,1.0,0.0,0.0,Z3,"⚠ 61.5% in Z3 grey zone | ⚠ Excessive Z3 — too hard for easy, too easy for hard",week-7-4-the-long-ride-6x20min-tempo.zwo
3,LOW,Workout 11,mountain-bike,101.0,78.3,0.682,Tempo,32.7,6.9,59.4,0.0,0.0,1.0,Z3,"⚠ 59.4% in Z3 grey zone | ⚠ Excessive Z3 — too hard for easy, too easy for hard",annika-langvad-series-workout-11.zwo
3,LOW,#23-DPC 3x 20 Minute Zone 3 Intervals,zf18-direct-power-coaching-phase-2,100.0,77.1,0.68,Tempo,40.0,0.0,60.0,0.0,0.0,0.0,Z3,"⚠ 60.0% in Z3 grey zone | ⚠ Excessive Z3 — too hard for easy, too easy for hard",week-3-23-dpc-3x-20-minute-zone-3-intervals.zwo
3,LOW,Orange Unicorn,90plus-minutes-to-burn,90.0,92.7,0.786,Tempo,28.3,0.0,56.7,0.6,13.9,0.6,Z3,"⚠ 56.7% in Z3 grey zone | ⚠ Excessive Z3 — too hard for easy, too easy for hard",orange-unicorn.zwo
3,LOW,Orange Unicorn,build-me-up,90.0,92.7,0.786,Tempo,28.3,0.0,56.7,0.6,13.9,0.6,Z3,"⚠ 56.7% in Z3 grey zone | ⚠ Excessive Z3 — too hard for easy, too easy for hard",week-2-orange-unicorn.zwo
3,LOW,GC Coaching's Orange Unicorn,gc-coaching,90.0,92.7,0.786,Tempo,28.3,0.0,56.7,0.6,13.9,0.6,Z3,"⚠ 56.7% in Z3 grey zone | ⚠ Excessive Z3 — too hard for easy, too easy for hard",guided-workouts-gc-coachings-orange-unicorn.zwo
3,LOW,"4. Saturday - SST/OU: Orange Unicorn (2' + 30"")",gc-coaching-virtual-group-training-phase-1,90.0,91.5,0.781,Tempo,22.8,5.6,56.7,0.6,13.9,0.6,Z3,"⚠ 56.7% in Z3 grey zone | ⚠ Excessive Z3 — too hard for easy, too easy for hard",week-2-4-saturday-sstou-orange-unicorn-2-plus-30.zwo
3,LOW,Formfinder Lockdown - 4. Thursday,formfinder-lockdown,88.0,73.1,0.706,Tempo,36.4,0.0,61.7,0.0,0.0,1.9,Z3,"⚠ 61.7% in Z3 grey zone | ⚠ Excessive Z3 — too hard for easy, too easy for hard",formfinder-lockdown-4-thursday.zwo
3,LOW,Week 3: Strength Builder,coop-academy,83.0,67.2,0.697,Tempo,30.1,12.0,57.8,0.0,0.0,0.0,Z3,"⚠ 57.8% in Z3 grey zone | ⚠ Excessive Z3 — too hard for easy, too easy for hard",month-4-semifinals-week-3-strength-builder.zwo
3,LOW,Day 3 - Z2-Z4 Step Ups,active-offseason,80.0,77.4,0.762,Tempo,25.0,0.0,75.0,0.0,0.0,0.0,Z3,"⚠ 75.0% in Z3 grey zone | ⚠ Excessive Z3 — too hard for easy, too easy for hard",week-11-day-3-z2-z4-step-ups.zwo
3,LOW,5. Saw Legs,dirt-destroyer,77.0,62.5,0.698,Tempo,29.9,9.1,58.4,0.0,0.0,2.6,Z3,"⚠ 58.4% in Z3 grey zone | ⚠ Excessive Z3 — too hard for easy, too easy for hard",week-4-5-saw-legs.zwo
3,LOW,5. Really Saw Legs,dirt-destroyer,77.0,65.1,0.712,Tempo,29.9,9.1,58.4,0.0,0.0,2.6,Z3,"⚠ 58.4% in Z3 grey zone | ⚠ Excessive Z3 — too hard for easy, too easy for hard",week-5-5-really-saw-legs.zwo
3,LOW,Saw Legs,endurance,77.0,62.5,0.698,Tempo,29.9,9.1,58.4,0.0,0.0,2.6,Z3,"⚠ 58.4% in Z3 grey zone | ⚠ Excessive Z3 — too hard for easy, too easy for hard",saw-legs.zwo
3,LOW,FRNKLN - January 24,franklin-bespoke,75.0,67.5,0.735,Tempo,8.7,26.7,64.0,0.0,0.0,0.7,Z3,"⚠ 64.0% in Z3 grey zone | ⚠ Excessive Z3 — too hard for easy, too easy for hard",getting-fit-in-january-frnkln-january-24.zwo
3,LOW,Rolling Roads,2020-rapha-festive-500,70.5,59.9,0.714,Tempo,24.1,11.3,63.8,0.0,0.0,0.7,Z3,"⚠ 63.8% in Z3 grey zone | ⚠ Excessive Z3 — too hard for easy, too easy for hard",rolling-roads.zwo
3,LOW,Rolling Roads,sweet-spot,70.5,59.9,0.714,Tempo,24.1,11.3,63.8,0.0,0.0,0.7,Z3,"⚠ 63.8% in Z3 grey zone | ⚠ Excessive Z3 — too hard for easy, too easy for hard",rolling-roads.zwo
3,LOW,Tempo 15min / Target RPM #3,sweet-spot,69.0,65.4,0.754,Tempo,17.4,10.1,66.7,4.3,0.0,1.4,Z3,"⚠ 66.7% in Z3 grey zone | ⚠ Excessive Z3 — too hard for easy, too easy for hard",tempo-15min-target-rpm-3.zwo
3,LOW,Tempo 15min / Target rpm #3,tt-tuneup,69.0,65.4,0.754,Tempo,17.4,10.1,66.7,4.3,0.0,1.4,Z3,"⚠ 66.7% in Z3 grey zone | ⚠ Excessive Z3 — too hard for easy, too easy for hard",week-0-prep-tempo-15min-target-rpm-3.zwo
3,LOW,Tempo 15min / Target rpm #3,tt-tuneup,69.0,65.4,0.754,Tempo,17.4,10.1,66.7,4.3,0.0,1.4,Z3,"⚠ 66.7% in Z3 grey zone | ⚠ Excessive Z3 — too hard for easy, too easy for hard",week-3-tempo-15min-target-rpm-3.zwo
3,LOW,Tempo 15min / Target rpm #3,tt-tuneup,69.0,65.4,0.754,Tempo,17.4,10.1,66.7,4.3,0.0,1.4,Z3,"⚠ 66.7% in Z3 grey zone | ⚠ Excessive Z3 — too hard for easy, too easy for hard",week-4-tempo-15min-target-rpm-3.zwo
3,LOW,Tempo 20min / Target rpm #2,tt-tuneup,66.0,61.4,0.747,Tempo,19.7,10.6,62.1,6.1,0.0,1.5,Z3,"⚠ 62.1% in Z3 grey zone | ⚠ Excessive Z3 — too hard for easy, too easy for hard",week-2-tempo-20min-target-rpm-2.zwo
3,LOW,Endurance Strength Development,best-of-coop-academy,65.0,56.3,0.721,Tempo,30.3,12.3,57.4,0.0,0.0,0.0,Z3,"⚠ 57.4% in Z3 grey zone | ⚠ Excessive Z3 — too hard for easy, too easy for hard",za-2020-endurance-strength-development.zwo
3,LOW,Workout 5: Alpecin-Premier Tech Team Camp,new-workouts,65.0,50.4,0.682,Tempo,38.5,0.0,61.5,0.0,0.0,0.0,Z3,"⚠ 61.5% in Z3 grey zone | ⚠ Excessive Z3 — too hard for easy, too easy for hard",workout-5-alpecin-premier-tech-team-camp.zwo
3,LOW,7. Tempo-Surges #2,singletrack-slayer,64.0,57.6,0.735,Tempo,31.2,9.4,50.0,3.1,0.0,6.2,Z3,"⚠ 50.0% in Z3 grey zone | ⚠ Excessive Z3 — too hard for easy, too easy for hard",week-7-7-tempo-surges-2.zwo
3,LOW,Day 5 - Neuromuscular Power #1,2018-prl100-prep,62.5,62.2,0.773,Tempo,9.6,8.0,72.0,3.2,0.0,7.2,Z3,"⚠ 72.0% in Z3 grey zone | ⚠ Excessive Z3 — too hard for easy, too easy for hard",week-1-day-5-neuromuscular-power-1.zwo
3,LOW,Day 5 - Neuromuscular Power #1,2018-prl100-prep,62.5,62.2,0.773,Tempo,9.6,8.0,72.0,3.2,0.0,7.2,Z3,"⚠ 72.0% in Z3 grey zone | ⚠ Excessive Z3 — too hard for easy, too easy for hard",week-3-day-5-neuromuscular-power-1.zwo
3,LOW,Neuromuscular Power #1,climbing,62.5,62.2,0.773,Tempo,9.6,8.0,72.0,3.2,0.0,7.2,Z3,"⚠ 72.0% in Z3 grey zone | ⚠ Excessive Z3 — too hard for easy, too easy for hard",neuromuscular-power-1.zwo
3,LOW,4. Tempo #3,singletrack-slayer,62.0,61.4,0.771,Tempo,11.3,11.3,67.7,9.7,0.0,0.0,Z3,"⚠ 67.7% in Z3 grey zone | ⚠ Excessive Z3 — too hard for easy, too easy for hard",week-8-4-tempo-3.zwo
3,LOW,Day 3 - Tempo into Sprints,4wk-ftp-booster,61.3,56.4,0.743,Tempo,36.7,4.1,53.0,0.0,0.0,6.2,Z3,"⚠ 53.0% in Z3 grey zone | ⚠ Excessive Z3 — too hard for easy, too easy for hard",week-1-day-3-tempo-into-sprints.zwo
3,LOW,7. Tempo-Surges #3,singletrack-slayer,61.3,64.4,0.794,Tempo,13.0,12.2,59.5,6.5,0.0,8.7,Z3,"⚠ 59.5% in Z3 grey zone | ⚠ Excessive Z3 — too hard for easy, too easy for hard",week-8-7-tempo-surges-3.zwo
3,LOW,Tempo into Sprints,sprinting,61.3,56.4,0.743,Tempo,36.7,4.1,53.0,0.0,0.0,6.2,Z3,"⚠ 53.0% in Z3 grey zone | ⚠ Excessive Z3 — too hard for easy, too easy for hard",tempo-into-sprints.zwo
3,LOW,Day 4 - Tempo into Vo2 Max #1,2018-prl100-prep,60.0,59.1,0.769,Tempo,20.0,17.5,50.0,2.5,0.0,10.0,Z3,"⚠ 50.0% in Z3 grey zone | ⚠ Excessive Z3 — too hard for easy, too easy for hard",week-6-day-4-tempo-into-vo2-max-1.zwo
3,LOW,Attack!,60-90-minutes-to-burn,60.0,50.1,0.708,Tempo,40.8,0.0,54.2,0.8,0.8,3.3,Z3,"⚠ 54.2% in Z3 grey zone | ⚠ Excessive Z3 — too hard for easy, too easy for hard",attack.zwo
3,LOW,Full-Distance Specific,best-of-coop-academy,60.0,52.1,0.722,Tempo,31.7,0.0,56.7,0.0,11.7,0.0,Z3,"⚠ 56.7% in Z3 grey zone | ⚠ Excessive Z3 — too hard for easy, too easy for hard",za-2021-full-distance-specific.zwo
3,LOW,Attack!,build-me-up,60.0,50.1,0.708,Tempo,40.8,0.0,54.2,0.8,0.8,3.3,Z3,"⚠ 54.2% in Z3 grey zone | ⚠ Excessive Z3 — too hard for easy, too easy for hard",week-6-attack.zwo
3,LOW,FRNKLN - January 8,franklin-bespoke,60.0,48.2,0.694,Tempo,26.7,13.3,60.0,0.0,0.0,0.0,Z3,"⚠ 60.0% in Z3 grey zone | ⚠ Excessive Z3 — too hard for easy, too easy for hard",getting-fit-in-january-frnkln-january-8.zwo
3,LOW,Dirty Teeth Drills,garmin-unbound-gravel-training-plan,60.0,51.8,0.72,Tempo,31.7,0.0,56.7,0.0,11.7,0.0,Z3,"⚠ 56.7% in Z3 grey zone | ⚠ Excessive Z3 — too hard for easy, too easy for hard",week-5-dirty-teeth-drills.zwo
3,LOW,6. Zone 3 Volume,l-etape-du-tour-training-club,60.0,54.8,0.74,Tempo,21.7,15.0,61.7,0.0,0.0,1.7,Z3,"⚠ 61.7% in Z3 grey zone | ⚠ Excessive Z3 — too hard for easy, too easy for hard",phase-2-6-zone-3-volume.zwo
3,LOW,Zone 2 endurance,rachel-ruby-zambrano,60.0,69.4,0.833,Tempo,0.0,0.0,66.7,33.3,0.0,0.0,Z3,"⚠ 66.7% in Z3 grey zone | ⚠ Excessive Z3 — too hard for easy, too easy for hard",run-workouts-zone-2-endurance.zwo
3,LOW,B) Climbing Efforts w/ Standing,charity-alpine-tt-plan,60.0,51.0,0.714,Tempo,15.0,21.7,63.3,0.0,0.0,0.0,Z3,"⚠ 63.3% in Z3 grey zone | ⚠ Excessive Z3 — too hard for easy, too easy for hard",week-3-b-climbing-efforts-w-standing.zwo
3,LOW,B) Climbing Efforts w/ Standing,charity-alpine-tt-plan,60.0,51.0,0.714,Tempo,15.0,21.7,63.3,0.0,0.0,0.0,Z3,"⚠ 63.3% in Z3 grey zone | ⚠ Excessive Z3 — too hard for easy, too easy for hard",week-4-b-climbing-efforts-w-standing.zwo
3,LOW,4. Tempo #2,singletrack-slayer,60.0,49.1,0.701,Tempo,33.3,10.0,53.3,3.3,0.0,0.0,Z3,"⚠ 53.3% in Z3 grey zone | ⚠ Excessive Z3 — too hard for easy, too easy for hard",week-7-4-tempo-2.zwo
3,LOW,Dirty Teeth Drills,sweet-spot,60.0,51.8,0.72,Tempo,31.7,0.0,56.7,0.0,11.7,0.0,Z3,"⚠ 56.7% in Z3 grey zone | ⚠ Excessive Z3 — too hard for easy, too easy for hard",dirty-teeth-drills.zwo
3,LOW,Tempo into VO2 Max #1,sweet-spot,60.0,59.1,0.769,Tempo,20.0,17.5,50.0,2.5,0.0,10.0,Z3,"⚠ 50.0% in Z3 grey zone | ⚠ Excessive Z3 — too hard for easy, too easy for hard",tempo-into-vo2-max-1.zwo
3,LOW,6. Tempo-Surges #1,singletrack-slayer,59.3,48.0,0.697,Tempo,40.4,3.4,50.6,3.4,0.0,2.2,Z3,"⚠ 50.6% in Z3 grey zone | ⚠ Excessive Z3 — too hard for easy, too easy for hard",week-5-6-tempo-surges-1.zwo
3,LOW,Pounding Sand,garmin-unbound-gravel-training-plan,58.0,47.8,0.703,Tempo,31.0,10.3,55.2,3.4,0.0,0.0,Z3,"⚠ 55.2% in Z3 grey zone | ⚠ Excessive Z3 — too hard for easy, too easy for hard",week-3-pounding-sand.zwo
3,LOW,7. Steady Climbing,l-etape-du-tour-training-club,58.0,53.1,0.741,Tempo,29.3,8.6,55.2,5.2,0.0,1.7,Z3,"⚠ 55.2% in Z3 grey zone | ⚠ Excessive Z3 — too hard for easy, too easy for hard",phase-4-7-steady-climbing.zwo
3,LOW,5. Tempo #1,singletrack-slayer,58.0,45.2,0.684,Tempo,41.4,3.4,51.7,3.4,0.0,0.0,Z3,"⚠ 51.7% in Z3 grey zone | ⚠ Excessive Z3 — too hard for easy, too easy for hard",week-2-5-tempo-1.zwo
3,LOW,Pounding Sand,sweet-spot,58.0,47.8,0.703,Tempo,31.0,10.3,55.2,3.4,0.0,0.0,Z3,"⚠ 55.2% in Z3 grey zone | ⚠ Excessive Z3 — too hard for easy, too easy for hard",pounding-sand.zwo
3,LOW,Tempo #1,sweet-spot,58.0,45.2,0.684,Tempo,41.4,3.4,51.7,3.4,0.0,0.0,Z3,"⚠ 51.7% in Z3 grey zone | ⚠ Excessive Z3 — too hard for easy, too easy for hard",tempo-1.zwo
3,LOW,Texaco Hill Tempo,garmin-unbound-gravel-training-plan,56.0,43.8,0.685,Tempo,39.3,3.6,53.6,3.6,0.0,0.0,Z3,"⚠ 53.6% in Z3 grey zone | ⚠ Excessive Z3 — too hard for easy, too easy for hard",week-2-texaco-hill-tempo.zwo
3,LOW,Texaco Hill Tempo,sweet-spot,56.0,43.8,0.685,Tempo,39.3,3.6,53.6,3.6,0.0,0.0,Z3,"⚠ 53.6% in Z3 grey zone | ⚠ Excessive Z3 — too hard for easy, too easy for hard",texaco-hill-tempo.zwo
3,LOW,Tempo 15min / Target rpm #1,tt-tuneup,56.0,50.1,0.733,Tempo,23.2,12.5,55.4,7.1,0.0,1.8,Z3,"⚠ 55.4% in Z3 grey zone | ⚠ Excessive Z3 — too hard for easy, too easy for hard",week-1-tempo-15min-target-rpm-1.zwo
3,LOW,Recipe for Grit,garmin-unbound-gravel-training-plan,54.0,47.6,0.727,Tempo,29.6,3.7,57.4,7.4,0.0,1.9,Z3,"⚠ 57.4% in Z3 grey zone | ⚠ Excessive Z3 — too hard for easy, too easy for hard",week-3-recipe-for-grit.zwo
3,LOW,Recipe for Grit,sweet-spot,54.0,47.6,0.727,Tempo,29.6,3.7,57.4,7.4,0.0,1.9,Z3,"⚠ 57.4% in Z3 grey zone | ⚠ Excessive Z3 — too hard for easy, too easy for hard",recipe-for-grit.zwo
3,LOW,Aerobic Sustainability,endurance,50.0,45.9,0.742,Tempo,12.0,16.0,63.0,9.0,0.0,0.0,Z3,"⚠ 63.0% in Z3 grey zone | ⚠ Excessive Z3 — too hard for easy, too easy for hard",aerobic-sustainability.zwo
3,LOW,2. TUE: Aerobic Sustainability,gcn-zero-to-hero-plan,50.0,45.9,0.742,Tempo,12.0,16.0,63.0,9.0,0.0,0.0,Z3,"⚠ 63.0% in Z3 grey zone | ⚠ Excessive Z3 — too hard for easy, too easy for hard",week-4-2-tue-aerobic-sustainability.zwo
3,LOW,01. Sweet Spot Foundation,spring-training-2024,48.0,44.3,0.744,Tempo,12.5,25.0,62.5,0.0,0.0,0.0,Z3,"⚠ 62.5% in Z3 grey zone | ⚠ Excessive Z3 — too hard for easy, too easy for hard",longer-workouts-01-sweet-spot-foundation.zwo
3,LOW,4. THU: Tempo Torque,gcn-zero-to-hero-plan,47.0,43.4,0.744,Tempo,17.0,14.9,66.0,0.0,0.0,2.1,Z3,"⚠ 66.0% in Z3 grey zone | ⚠ Excessive Z3 — too hard for easy, too easy for hard",week-1-initial-testing-4-thu-tempo-torque.zwo
3,LOW,Darth Vader,human-power-performance,45.3,43.8,0.761,Tempo,26.5,0.0,66.2,0.0,0.0,7.4,Z3,"⚠ 66.2% in Z3 grey zone | ⚠ Excessive Z3 — too hard for easy, too easy for hard",classic-villains-darth-vader.zwo
3,LOW,Negative Split Run,rachel-ruby-zambrano,40.0,46.9,0.839,Tempo,0.0,0.0,50.0,50.0,0.0,0.0,Z3,"⚠ 50.0% in Z3 grey zone | ⚠ Excessive Z3 — too hard for easy, too easy for hard",run-workouts-negative-split-run.zwo
3,LOW,#116-DPC 20' Z3,zf18-direct-power-coaching-phase-9,38.0,27.4,0.658,Tempo,47.4,0.0,52.6,0.0,0.0,0.0,Z3,"⚠ 52.6% in Z3 grey zone | ⚠ Excessive Z3 — too hard for easy, too easy for hard",week-6-116-dpc-20-z3.zwo
3,LOW,01. Sweet Spot Foundation [Lite],spring-training-2024,29.0,24.3,0.709,Tempo,20.7,27.6,51.7,0.0,0.0,0.0,Z3,"⚠ 51.7% in Z3 grey zone | ⚠ Excessive Z3 — too hard for easy, too easy for hard",shorter-workouts-01-sweet-spot-foundation-lite.zwo
3,LOW,Ultimate Warm Up,30-minutes-to-burn,16.0,13.5,0.712,Mixed,31.2,25.0,12.5,12.5,12.5,6.2,Z1,Multi-zone: Z4=12.5% Z5=12.5% Z6=6.2% | Short (16.0min),ultimate-warm-up.zwo
3,LOW,Ultimate Warm Up,le-col-training-with-legends,16.0,13.5,0.712,Mixed,31.2,25.0,12.5,12.5,12.5,6.2,Z1,Multi-zone: Z4=12.5% Z5=12.5% Z6=6.2% | Short (16.0min),sir-bradley-wiggins-ultimate-warm-up.zwo
3,LOW,Control The Burn,30-minutes-to-burn,15.3,16.2,0.797,Mixed,0.0,46.2,26.1,16.3,3.3,8.2,Z2,Multi-zone: Z4=16.3% Z5=3.3% Z6=8.2% | Short (15.3min),control-the-burn.zwo
3,LOW,Control The Burn,less-than-30-minutes-to-burn,15.3,16.2,0.797,Mixed,0.0,46.2,26.1,16.3,3.3,8.2,Z2,Multi-zone: Z4=16.3% Z5=3.3% Z6=8.2% | Short (15.3min),control-the-burn.zwo
